sample_id,graph_id,target_node,target_role,target_index,context_index,context_id,core_type,core_id,dvfs_level,frequency_ghz,voltage_v,local_target_node_index,y_exec_us_raw,Q50_pred_us,Q90_pred_us,Q95_pred_us,Q99_pred_us,scenario_active_core_count,active_core_count_zscore,criticality,Qhat_base_us,q_conf_us,C_e_us,y_exec_us_original_context_NOT_GROUND_TRUTH_for_this_scenario,uncertainty_spread_us
test_id_test_id_000008_00,test_id_000008,7,source_like,0,0,test_id_000008_t0_c0,big,big_1,1,1.4,0.98,6,70442.24,68050.765625,81887.109375,85786.828125,95349.625,16,16.54112116655836,HI,85786.828125,15665.78125,101452.609375,70442.2421875,27298.859375
test_id_test_id_000008_01,test_id_000008,7,source_like,0,1,test_id_000008_t0_c1,little,little_0,1,0.9,0.86,6,159207.81,156919.96875,174451.96875,179670.0,191944.90625,16,16.54112116655836,HI,179670.0,15665.78125,195335.78125,159207.8125,35024.9375
test_id_test_id_000008_02,test_id_000008,7,source_like,0,2,test_id_000008_t0_c2,big,big_0,2,1.8,1.06,6,54589.582,52872.3125,65969.171875,69766.46875,78853.0625,16,16.54112116655836,HI,69766.46875,15665.78125,85432.25,54589.58203125,25980.75
test_id_test_id_000008_03,test_id_000008,7,source_like,0,3,test_id_000008_t0_c3,little,little_1,2,1.2,0.93,6,113274.22,109480.15625,124629.6875,128874.84375,139427.65625,16,16.54112116655836,HI,128874.84375,15665.78125,144540.625,113274.21875,29947.5
test_id_test_id_000008_04,test_id_000008,7,source_like,0,4,test_id_000008_t0_c4,big,big_1,3,2.2,1.15,6,42978.164,43223.5625,55911.171875,59672.578125,68504.625,16,16.54112116655836,HI,59672.578125,15665.78125,75338.359375,42978.1640625,25281.0625
test_id_test_id_000008_05,test_id_000008,7,source_like,0,5,test_id_000008_t0_c5,little,little_1,3,1.5,1.0,6,101568.36,91335.78125,106000.703125,110016.34375,120110.359375,16,16.54112116655836,HI,110016.34375,15665.78125,125682.125,101568.359375,28774.578125
test_id_test_id_000008_06,test_id_000008,7,source_like,0,6,test_id_000008_t0_c6,big,big_1,0,1.0,0.9,6,86958.97,87240.984375,101945.234375,106063.421875,116316.984375,16,16.54112116655836,HI,106063.421875,15665.78125,121729.203125,86958.96875,29076.0
test_id_test_id_000008_07,test_id_000008,65,sink_like,1,0,test_id_000008_t1_c0,little,little_1,1,0.9,0.86,64,480436.7,472953.0625,512916.1875,524377.3125,547473.375,16,16.54112116655836,HI,524377.3125,15665.78125,540043.09375,480436.6875,74520.3125
test_id_test_id_000008_08,test_id_000008,65,sink_like,1,1,test_id_000008_t1_c1,big,big_0,2,1.8,1.06,64,184915.81,191763.296875,210945.71875,216703.25,229906.53125,16,16.54112116655836,HI,216703.25,15665.78125,232369.03125,184915.8125,38143.234375
test_id_test_id_000008_09,test_id_000008,65,sink_like,1,2,test_id_000008_t1_c2,little,little_1,2,1.2,0.93,64,285244.62,297031.8125,322719.53125,330089.09375,346560.03125,16,16.54112116655836,HI,330089.09375,15665.78125,345754.875,285244.625,49528.21875
test_id_test_id_000008_10,test_id_000008,65,sink_like,1,3,test_id_000008_t1_c3,big,big_0,3,2.2,1.15,64,137987.05,158163.1875,175367.1875,180396.984375,192282.5625,16,16.54112116655836,HI,180396.984375,15665.78125,196062.765625,137987.046875,34119.375
test_id_test_id_000008_11,test_id_000008,65,sink_like,1,4,test_id_000008_t1_c4,little,little_1,3,1.5,1.0,64,308756.97,327318.28125,355370.25,363346.125,381013.0,16,16.54112116655836,HI,363346.125,15665.78125,379011.90625,308756.96875,53694.71875
test_id_test_id_000008_12,test_id_000008,65,sink_like,1,5,test_id_000008_t1_c5,big,big_1,0,1.0,0.9,64,302246.25,310141.53125,336804.25,344405.5,361366.5,16,16.54112116655836,HI,344405.5,15665.78125,360071.28125,302246.25,51224.96875
test_id_test_id_000008_13,test_id_000008,65,sink_like,1,6,test_id_000008_t1_c6,little,little_0,0,0.6,0.8,64,591964.4,604476.125,653036.9375,667438.8125,692809.25,16,16.54112116655836,HI,667438.8125,15665.78125,683104.59375,591964.375,88333.125
test_id_test_id_000008_14,test_id_000008,66,middle,2,0,test_id_000008_t2_c0,big,big_1,2,1.8,1.06,65,223297.97,227541.265625,248853.25,255227.984375,269623.84375,16,16.54112116655836,HI,255227.984375,15665.78125,270893.765625,223297.96875,42082.578125
test_id_test_id_000008_15,test_id_000008,66,middle,2,1,test_id_000008_t2_c1,little,little_0,2,1.2,0.93,65,430506.66,415468.375,450864.625,460915.25,482140.3125,16,16.54112116655836,HI,460915.25,15665.78125,476581.03125,430506.65625,66671.9375
test_id_test_id_000008_16,test_id_000008,66,middle,2,2,test_id_000008_t2_c2,big,big_1,3,2.2,1.15,65,171414.8,186745.703125,205701.03125,211389.53125,224481.125,16,16.54112116655836,HI,211389.53125,15665.78125,227055.3125,171414.796875,37735.421875
test_id_test_id_000008_17,test_id_000008,66,middle,2,3,test_id_000008_t2_c3,little,little_0,3,1.5,1.0,65,265097.97,270283.65625,294191.0625,301160.3125,316793.625,16,16.54112116655836,HI,301160.3125,15665.78125,316826.09375,265097.96875,46509.96875
test_id_test_id_000008_18,test_id_000008,66,middle,2,4,test_id_000008_t2_c4,big,big_1,0,1.0,0.9,65,354123.5,346480.34375,375933.46875,384253.71875,402594.46875,16,16.54112116655836,HI,384253.71875,15665.78125,399919.5,354123.5,56114.125
test_id_test_id_000008_19,test_id_000008,66,middle,2,5,test_id_000008_t2_c5,little,little_1,0,0.6,0.8,65,592268.2,591784.5625,639114.375,653046.0,678009.4375,16,16.54112116655836,HI,653046.0,15665.78125,668711.78125,592268.1875,86224.875
test_id_test_id_000008_20,test_id_000008,66,middle,2,6,test_id_000008_t2_c6,big,big_1,1,1.4,0.98,65,282639.0,272142.84375,296167.53125,303154.4375,318821.34375,16,16.54112116655836,HI,303154.4375,15665.78125,318820.21875,282639.0,46678.5
test_id_test_id_000008_21,test_id_000008,23,high_degree,3,0,test_id_000008_t3_c0,little,little_0,2,1.2,0.93,22,209186.8,222761.46875,243712.6875,249968.5625,264131.9375,16,16.54112116655836,HI,249968.5625,15665.78125,265634.34375,209186.796875,41370.46875
test_id_test_id_000008_22,test_id_000008,23,high_degree,3,1,test_id_000008_t3_c1,big,big_1,3,2.2,1.15,22,119814.84,124594.046875,140097.515625,144429.71875,155115.65625,16,16.54112116655836,HI,144429.71875,15665.78125,160095.5,119814.84375,30521.609375
test_id_test_id_000008_23,test_id_000008,23,high_degree,3,2,test_id_000008_t3_c2,little,little_0,3,1.5,1.0,22,219821.97,220336.0625,241074.9375,247252.21875,261259.484375,16,16.54112116655836,HI,247252.21875,15665.78125,262918.0,219821.96875,40923.421875
test_id_test_id_000008_24,test_id_000008,23,high_degree,3,3,test_id_000008_t3_c3,big,big_1,0,1.0,0.9,22,282324.5,273952.5625,297999.8125,304943.625,320557.09375,16,16.54112116655836,HI,304943.625,15665.78125,320609.40625,282324.5,46604.53125
test_id_test_id_000008_25,test_id_000008,23,high_degree,3,4,test_id_000008_t3_c4,little,little_1,0,0.6,0.8,22,466692.97,477178.4375,515210.1875,525913.0,547428.875,16,16.54112116655836,HI,525913.0,15665.78125,541578.78125,466692.96875,70250.4375
test_id_test_id_000008_26,test_id_000008,23,high_degree,3,5,test_id_000008_t3_c5,big,big_1,1,1.4,0.98,22,161772.53,169784.0625,187638.53125,192932.6875,205280.5625,16,16.54112116655836,HI,192932.6875,15665.78125,208598.46875,161772.53125,35496.5
test_id_test_id_000008_27,test_id_000008,23,high_degree,3,6,test_id_000008_t3_c6,little,little_1,1,0.9,0.86,22,362704.0,345274.6875,374579.46875,382860.8125,401111.1875,16,16.54112116655836,HI,382860.8125,15665.78125,398526.59375,362704.0,55836.5
test_id_test_id_000008_28,test_id_000008,79,communication_heavy,4,0,test_id_000008_t4_c0,big,big_1,3,2.2,1.15,78,245524.11,255799.265625,278790.5625,285551.5625,300747.21875,16,16.54112116655836,HI,285551.5625,15665.78125,301217.34375,245524.109375,44947.953125
test_id_test_id_000008_29,test_id_000008,79,communication_heavy,4,1,test_id_000008_t4_c1,little,little_1,3,1.5,1.0,78,469560.47,431588.5625,468401.71875,478873.9375,500736.875,16,16.54112116655836,HI,478873.9375,15665.78125,494539.71875,469560.46875,69148.3125
test_id_test_id_000008_30,test_id_000008,79,communication_heavy,4,2,test_id_000008_t4_c2,big,big_1,0,1.0,0.9,78,498484.72,476379.125,516612.0625,528159.125,551345.75,16,16.54112116655836,HI,528159.125,15665.78125,543824.90625,498484.71875,74966.625
test_id_test_id_000008_31,test_id_000008,79,communication_heavy,4,3,test_id_000008_t4_c3,little,little_0,0,0.6,0.8,78,836958.8,737242.5,798382.5,816956.875,848448.125,16,16.54112116655836,HI,816956.875,15665.78125,832622.65625,836958.8125,111205.625
test_id_test_id_000008_32,test_id_000008,79,communication_heavy,4,4,test_id_000008_t4_c4,big,big_0,1,1.4,0.98,78,500006.78,446066.0,484068.125,494912.78125,517283.96875,16,16.54112116655836,HI,494912.78125,15665.78125,510578.5625,500006.78125,71217.96875
test_id_test_id_000008_33,test_id_000008,79,communication_heavy,4,5,test_id_000008_t4_c5,little,little_1,1,0.9,0.86,78,751929.5,658241.0,714451.5,731433.6875,761153.1875,16,16.54112116655836,HI,731433.6875,15665.78125,747099.46875,751929.5,102912.1875
test_id_test_id_000008_34,test_id_000008,79,communication_heavy,4,6,test_id_000008_t4_c6,big,big_1,2,1.8,1.06,78,375351.1,334424.6875,362963.0,371044.8125,388943.15625,16,16.54112116655836,HI,371044.8125,15665.78125,386710.59375,375351.09375,54518.46875
test_id_test_id_000008_35,test_id_000008,17,random,5,0,test_id_000008_t5_c0,little,little_0,3,1.5,1.0,16,103270.19,107326.375,122291.8125,126423.59375,136771.515625,16,16.54112116655836,HI,126423.59375,15665.78125,142089.375,103270.1875,29445.140625
test_id_test_id_000008_36,test_id_000008,17,random,5,1,test_id_000008_t5_c1,big,big_0,0,1.0,0.9,16,123728.664,135035.40625,151294.28125,156023.765625,167431.140625,16,16.54112116655836,HI,156023.765625,15665.78125,171689.546875,123728.6640625,32395.734375
test_id_test_id_000008_37,test_id_000008,17,random,5,2,test_id_000008_t5_c2,little,little_0,0,0.6,0.8,16,274085.12,273725.15625,298574.0,305729.09375,322121.0,16,16.54112116655836,HI,305729.09375,15665.78125,321394.875,274085.125,48395.84375
test_id_test_id_000008_38,test_id_000008,17,random,5,3,test_id_000008_t5_c3,big,big_0,1,1.4,0.98,16,106979.34,111343.0,126585.921875,130816.703125,141369.8125,16,16.54112116655836,HI,130816.703125,15665.78125,146482.484375,106979.34375,30026.8125
test_id_test_id_000008_39,test_id_000008,17,random,5,4,test_id_000008_t5_c4,little,little_1,1,0.9,0.86,16,177246.38,185621.28125,204584.8125,210302.9375,223455.640625,16,16.54112116655836,HI,210302.9375,15665.78125,225968.71875,177246.375,37834.359375
test_id_test_id_000008_40,test_id_000008,17,random,5,5,test_id_000008_t5_c5,big,big_1,2,1.8,1.06,16,82254.74,80302.125,94543.0,98476.640625,108297.953125,16,16.54112116655836,HI,98476.640625,15665.78125,114142.421875,82254.7421875,27995.828125
test_id_test_id_000008_41,test_id_000008,17,random,5,6,test_id_000008_t5_c6,little,little_0,2,1.2,0.93,16,135978.0,138023.828125,154201.015625,158864.09375,170106.40625,16,16.54112116655836,HI,158864.09375,15665.78125,174529.875,135978.0,32082.578125
test_id_test_id_000028_00,test_id_000028,2,source_like,0,0,test_id_000028_t0_c0,big,big_1,2,1.8,1.06,1,27038.959,31992.765625,44445.03125,48286.875,57056.65625,16,16.54112116655836,LO,48286.875,0.0,48286.875,27038.958984375,25063.890625
test_id_test_id_000028_01,test_id_000028,2,source_like,0,1,test_id_000028_t0_c1,little,little_1,2,1.2,0.93,1,67333.8,71651.78125,85758.96875,89734.109375,99505.6875,16,16.54112116655836,LO,89734.109375,0.0,89734.109375,67333.796875,27853.90625
test_id_test_id_000028_02,test_id_000028,2,source_like,0,2,test_id_000028_t0_c2,big,big_0,3,2.2,1.15,1,23742.514,28979.171875,41424.921875,45309.4375,54101.28125,16,16.54112116655836,LO,45309.4375,0.0,45309.4375,23742.513671875,25122.109375
test_id_test_id_000028_03,test_id_000028,2,source_like,0,3,test_id_000028_t0_c3,little,little_1,3,1.5,1.0,1,50391.758,57682.015625,71053.234375,74898.859375,84168.140625,16,16.54112116655836,LO,74898.859375,0.0,74898.859375,50391.7578125,26486.125
test_id_test_id_000028_04,test_id_000028,2,source_like,0,4,test_id_000028_t0_c4,big,big_0,0,1.0,0.9,1,53916.734,58002.21875,71525.8125,75450.796875,84881.140625,16,16.54112116655836,LO,75450.796875,0.0,75450.796875,53916.734375,26878.921875
test_id_test_id_000028_05,test_id_000028,2,source_like,0,5,test_id_000028_t0_c5,little,little_1,0,0.6,0.8,1,131024.27,135270.25,152186.625,157220.40625,169239.390625,16,16.54112116655836,LO,157220.40625,0.0,157220.40625,131024.2734375,33969.140625
test_id_test_id_000028_06,test_id_000028,2,source_like,0,6,test_id_000028_t0_c6,big,big_0,1,1.4,0.98,1,40917.723,46121.859375,59080.625,62956.15625,72066.609375,16,16.54112116655836,LO,62956.15625,0.0,62956.15625,40917.72265625,25944.75
test_id_test_id_000028_07,test_id_000028,59,sink_like,1,0,test_id_000028_t1_c0,little,little_1,2,1.2,0.93,58,350510.44,366996.6875,398119.3125,406892.875,426046.46875,16,16.54112116655836,LO,406892.875,0.0,406892.875,350510.4375,59049.78125
test_id_test_id_000028_08,test_id_000028,59,sink_like,1,1,test_id_000028_t1_c1,big,big_1,3,2.2,1.15,58,222945.66,233260.53125,254944.765625,261417.765625,276021.9375,16,16.54112116655836,LO,261417.765625,0.0,261417.765625,222945.65625,42761.40625
test_id_test_id_000028_09,test_id_000028,59,sink_like,1,2,test_id_000028_t1_c2,little,little_0,3,1.5,1.0,58,368660.47,369572.75,401049.65625,409941.4375,429302.0625,16,16.54112116655836,LO,409941.4375,0.0,409941.4375,368660.46875,59729.3125
test_id_test_id_000028_10,test_id_000028,59,sink_like,1,3,test_id_000028_t1_c3,big,big_1,0,1.0,0.9,58,416803.62,392696.46875,425995.40625,435393.8125,455603.5,16,16.54112116655836,LO,435393.8125,0.0,435393.8125,416803.625,62907.03125
test_id_test_id_000028_11,test_id_000028,59,sink_like,1,4,test_id_000028_t1_c4,little,little_0,0,0.6,0.8,58,838226.25,803178.0625,872537.9375,893110.625,930052.875,16,16.54112116655836,LO,893110.625,0.0,893110.625,838226.25,126874.8125
test_id_test_id_000028_12,test_id_000028,59,sink_like,1,5,test_id_000028_t1_c5,big,big_0,1,1.4,0.98,58,256777.38,278243.6875,302651.71875,309721.03125,325569.90625,16,16.54112116655836,LO,309721.03125,0.0,309721.03125,256777.375,47326.21875
test_id_test_id_000028_13,test_id_000028,59,sink_like,1,6,test_id_000028_t1_c6,little,little_1,1,0.9,0.86,58,529181.4,522827.6875,566806.625,579599.0,604196.125,16,16.54112116655836,LO,579599.0,0.0,579599.0,529181.375,81368.4375
test_id_test_id_000028_14,test_id_000028,33,middle,2,0,test_id_000028_t2_c0,big,big_0,3,2.2,1.15,32,118596.56,126154.765625,141741.78125,146107.5625,156852.671875,16,16.54112116655836,LO,146107.5625,0.0,146107.5625,118596.5625,30697.90625
test_id_test_id_000028_15,test_id_000028,33,middle,2,1,test_id_000028_t2_c1,little,little_1,3,1.5,1.0,32,252601.58,241698.546875,263716.6875,270215.09375,284867.46875,16,16.54112116655836,LO,270215.09375,0.0,270215.09375,252601.578125,43168.921875
test_id_test_id_000028_16,test_id_000028,33,middle,2,2,test_id_000028_t2_c2,big,big_0,0,1.0,0.9,32,239575.17,234803.046875,256460.703125,262882.28125,277393.875,16,16.54112116655836,LO,262882.28125,0.0,262882.28125,239575.171875,42590.828125
test_id_test_id_000028_17,test_id_000028,33,middle,2,3,test_id_000028_t2_c3,little,little_1,0,0.6,0.8,32,528200.44,515250.3125,556064.6875,567672.625,590096.5,16,16.54112116655836,LO,567672.625,0.0,567672.625,528200.4375,74846.1875
test_id_test_id_000028_18,test_id_000028,33,middle,2,4,test_id_000028_t2_c4,big,big_0,1,1.4,0.98,32,195658.6,204173.8125,224031.4375,229986.515625,243561.640625,16,16.54112116655836,LO,229986.515625,0.0,229986.515625,195658.59375,39387.828125
test_id_test_id_000028_19,test_id_000028,33,middle,2,5,test_id_000028_t2_c5,little,little_1,1,0.9,0.86,32,348932.62,338967.34375,367661.625,375764.59375,393678.34375,16,16.54112116655836,LO,375764.59375,0.0,375764.59375,348932.625,54711.0
test_id_test_id_000028_20,test_id_000028,33,middle,2,6,test_id_000028_t2_c6,big,big_0,2,1.8,1.06,32,134338.89,140096.78125,156302.125,160935.140625,172125.5625,16,16.54112116655836,LO,160935.140625,0.0,160935.140625,134338.890625,32028.78125
test_id_test_id_000028_21,test_id_000028,5,high_degree,3,0,test_id_000028_t3_c0,little,little_1,3,1.5,1.0,4,202953.7,219514.609375,240114.671875,246225.40625,260107.734375,16,16.54112116655836,LO,246225.40625,0.0,246225.40625,202953.703125,40593.125
test_id_test_id_000028_22,test_id_000028,5,high_degree,3,1,test_id_000028_t3_c1,big,big_0,0,1.0,0.9,4,239920.45,231722.1875,253082.59375,259390.6875,273679.34375,16,16.54112116655836,LO,259390.6875,0.0,259390.6875,239920.453125,41957.15625
test_id_test_id_000028_23,test_id_000028,5,high_degree,3,2,test_id_000028_t3_c2,little,little_1,0,0.6,0.8,4,332741.12,391870.21875,423936.625,432850.78125,452186.15625,16,16.54112116655836,LO,432850.78125,0.0,432850.78125,332741.125,60315.9375
test_id_test_id_000028_24,test_id_000028,5,high_degree,3,3,test_id_000028_t3_c3,big,big_1,1,1.4,0.98,4,168963.83,174232.125,192309.875,197681.75,210168.578125,16,16.54112116655836,LO,197681.75,0.0,197681.75,168963.828125,35936.453125
test_id_test_id_000028_25,test_id_000028,5,high_degree,3,4,test_id_000028_t3_c4,little,little_1,1,0.9,0.86,4,231543.4,256143.875,279020.09375,285689.71875,300741.875,16,16.54112116655836,LO,285689.71875,0.0,285689.71875,231543.40625,44598.0
test_id_test_id_000028_26,test_id_000028,5,high_degree,3,5,test_id_000028_t3_c5,big,big_1,2,1.8,1.06,4,161761.61,167044.78125,184724.671875,189937.4375,202143.8125,16,16.54112116655836,LO,189937.4375,0.0,189937.4375,161761.609375,35099.03125
test_id_test_id_000028_27,test_id_000028,5,high_degree,3,6,test_id_000028_t3_c6,little,little_0,2,1.2,0.93,4,231348.98,240986.9375,262926.59375,269382.65625,283968.78125,16,16.54112116655836,LO,269382.65625,0.0,269382.65625,231348.984375,42981.84375
test_id_test_id_000028_28,test_id_000028,51,communication_heavy,4,0,test_id_000028_t4_c0,big,big_0,0,1.0,0.9,50,559509.44,534053.875,579130.375,592316.375,617398.25,16,16.54112116655836,LO,592316.375,0.0,592316.375,559509.4375,83344.375
test_id_test_id_000028_29,test_id_000028,51,communication_heavy,4,1,test_id_000028_t4_c1,little,little_1,0,0.6,0.8,50,960533.06,897921.4375,979264.25,1001326.0625,1048354.6875,16,16.54112116655836,LO,1001326.0625,0.0,1001326.0625,960533.0625,150433.25
test_id_test_id_000028_30,test_id_000028,51,communication_heavy,4,2,test_id_000028_t4_c2,big,big_0,1,1.4,0.98,50,353634.0,373809.8125,405486.03125,414397.0625,433797.75,16,16.54112116655836,LO,414397.0625,0.0,414397.0625,353634.0,59987.9375
test_id_test_id_000028_31,test_id_000028,51,communication_heavy,4,3,test_id_000028_t4_c3,little,little_0,1,0.9,0.86,50,669014.3,633561.375,687059.875,703121.875,731485.375,16,16.54112116655836,LO,703121.875,0.0,703121.875,669014.3125,97924.0
test_id_test_id_000028_32,test_id_000028,51,communication_heavy,4,4,test_id_000028_t4_c4,big,big_1,2,1.8,1.06,50,386634.34,367418.6875,398699.65625,407523.8125,426781.5625,16,16.54112116655836,LO,407523.8125,0.0,407523.8125,386634.34375,59362.875
test_id_test_id_000028_33,test_id_000028,51,communication_heavy,4,5,test_id_000028_t4_c5,little,little_0,2,1.2,0.93,50,505799.53,469533.1875,509388.1875,520814.53125,543926.5,16,16.54112116655836,LO,520814.53125,0.0,520814.53125,505799.53125,74393.3125
test_id_test_id_000028_34,test_id_000028,51,communication_heavy,4,6,test_id_000028_t4_c6,big,big_0,3,2.2,1.15,50,297372.4,305805.90625,332200.40625,339752.0,356607.8125,16,16.54112116655836,LO,339752.0,0.0,339752.0,297372.40625,50801.90625
test_id_test_id_000028_35,test_id_000028,4,random,5,0,test_id_000028_t5_c0,little,little_0,0,0.6,0.8,3,380343.8,358987.46875,388229.5,396171.25,413975.59375,16,16.54112116655836,LO,396171.25,0.0,396171.25,380343.8125,54988.125
test_id_test_id_000028_36,test_id_000028,4,random,5,1,test_id_000028_t5_c1,big,big_0,1,1.4,0.98,3,125351.14,129310.71875,145087.59375,149538.28125,160436.03125,16,16.54112116655836,LO,149538.28125,0.0,149538.28125,125351.140625,31125.3125
test_id_test_id_000028_37,test_id_000028,4,random,5,2,test_id_000028_t5_c2,little,little_0,1,0.9,0.86,3,270288.12,245974.71875,268141.8125,274610.0625,289254.59375,16,16.54112116655836,LO,274610.0625,0.0,274610.0625,270288.125,43279.875
test_id_test_id_000028_38,test_id_000028,4,random,5,3,test_id_000028_t5_c3,big,big_1,2,1.8,1.06,3,112127.31,112583.453125,127769.40625,131939.71875,142375.875,16,16.54112116655836,LO,131939.71875,0.0,131939.71875,112127.3125,29792.421875
test_id_test_id_000028_39,test_id_000028,4,random,5,4,test_id_000028_t5_c4,little,little_0,2,1.2,0.93,3,182142.36,179180.90625,197613.359375,203155.4375,215938.828125,16,16.54112116655836,LO,203155.4375,0.0,203155.4375,182142.359375,36757.921875
test_id_test_id_000028_40,test_id_000028,4,random,5,5,test_id_000028_t5_c5,big,big_1,3,2.2,1.15,3,73315.336,71304.5625,85098.875,88940.8125,98464.828125,16,16.54112116655836,LO,88940.8125,0.0,88940.8125,73315.3359375,27160.265625
test_id_test_id_000028_41,test_id_000028,4,random,5,6,test_id_000028_t5_c6,little,little_0,3,1.5,1.0,3,140200.61,141446.390625,157731.359375,162409.1875,173669.71875,16,16.54112116655836,LO,162409.1875,0.0,162409.1875,140200.609375,32223.328125
test_id_test_id_000099_00,test_id_000099,1,source_like,0,0,test_id_000099_t0_c0,little,little_0,0,0.6,0.8,0,133284.88,126560.546875,142798.46875,147556.34375,159038.8125,16,16.54112116655836,HI,147556.34375,15665.78125,163222.125,133284.875,32478.265625
test_id_test_id_000099_01,test_id_000099,1,source_like,0,1,test_id_000099_t0_c1,big,big_1,1,1.4,0.98,0,50333.73,47416.59375,60404.390625,64266.1875,73374.046875,16,16.54112116655836,HI,64266.1875,15665.78125,79931.96875,50333.73046875,25957.453125
test_id_test_id_000099_02,test_id_000099,1,source_like,0,2,test_id_000099_t0_c2,little,little_0,1,0.9,0.86,0,90471.35,88301.96875,102971.515625,107096.234375,117369.453125,16,16.54112116655836,HI,107096.234375,15665.78125,122762.015625,90471.3515625,29067.484375
test_id_test_id_000099_03,test_id_000099,1,source_like,0,3,test_id_000099_t0_c3,big,big_0,2,1.8,1.06,0,39719.402,34293.734375,46839.25,50719.96875,59624.234375,16,16.54112116655836,HI,50719.96875,15665.78125,66385.75,39719.40234375,25330.5
test_id_test_id_000099_04,test_id_000099,1,source_like,0,4,test_id_000099_t0_c4,little,little_0,2,1.2,0.93,0,72783.18,69818.671875,83846.984375,87810.859375,97529.515625,16,16.54112116655836,HI,87810.859375,15665.78125,103476.640625,72783.1796875,27710.84375
test_id_test_id_000099_05,test_id_000099,1,source_like,0,5,test_id_000099_t0_c5,big,big_0,3,2.2,1.15,0,26612.852,28419.53125,40836.21875,44710.875,53473.890625,16,16.54112116655836,HI,44710.875,15665.78125,60376.65625,26612.8515625,25054.359375
test_id_test_id_000099_06,test_id_000099,1,source_like,0,6,test_id_000099_t0_c6,little,little_0,3,1.5,1.0,0,61860.625,58963.03125,72443.65625,76310.15625,85637.6875,16,16.54112116655836,HI,76310.15625,15665.78125,91975.9375,61860.625,26674.65625
test_id_test_id_000099_07,test_id_000099,7,sink_like,1,0,test_id_000099_t1_c0,big,big_1,1,1.4,0.98,6,183482.77,184193.03125,202939.875,208552.40625,221491.96875,16,16.54112116655836,HI,208552.40625,15665.78125,224218.1875,183482.765625,37298.9375
test_id_test_id_000099_08,test_id_000099,7,sink_like,1,1,test_id_000099_t1_c1,little,little_0,1,0.9,0.86,6,322420.88,323325.0625,350829.0625,358621.71875,375943.375,16,16.54112116655836,HI,358621.71875,15665.78125,374287.5,322420.875,52618.3125
test_id_test_id_000099_09,test_id_000099,7,sink_like,1,2,test_id_000099_t1_c2,big,big_1,2,1.8,1.06,6,126874.97,130050.625,145783.9375,150233.0625,161110.46875,16,16.54112116655836,HI,150233.0625,15665.78125,165898.84375,126874.96875,31059.84375
test_id_test_id_000099_10,test_id_000099,7,sink_like,1,3,test_id_000099_t1_c3,little,little_0,2,1.2,0.93,6,239830.88,242544.671875,264691.4375,271238.40625,286003.9375,16,16.54112116655836,HI,271238.40625,15665.78125,286904.1875,239830.875,43459.265625
test_id_test_id_000099_11,test_id_000099,7,sink_like,1,4,test_id_000099_t1_c4,big,big_1,3,2.2,1.15,6,137230.58,145312.765625,161879.5625,166634.65625,178054.53125,16,16.54112116655836,HI,166634.65625,15665.78125,182300.4375,137230.578125,32741.765625
test_id_test_id_000099_12,test_id_000099,7,sink_like,1,5,test_id_000099_t1_c5,little,little_0,3,1.5,1.0,6,221797.98,219418.1875,240151.59375,246339.625,260374.484375,16,16.54112116655836,HI,246339.625,15665.78125,262005.40625,221797.984375,40956.296875
test_id_test_id_000099_13,test_id_000099,7,sink_like,1,6,test_id_000099_t1_c6,big,big_1,0,1.0,0.9,6,218022.64,215243.59375,235901.015625,242128.734375,256243.328125,16,16.54112116655836,HI,242128.734375,15665.78125,257794.515625,218022.640625,40999.734375
test_id_test_id_000099_14,test_id_000099,103,middle,2,0,test_id_000099_t2_c0,little,little_1,1,0.9,0.86,102,197923.11,197270.546875,216818.96875,222701.15625,236160.640625,16,16.54112116655836,HI,222701.15625,15665.78125,238366.9375,197923.109375,38890.09375
test_id_test_id_000099_15,test_id_000099,103,middle,2,1,test_id_000099_t2_c1,big,big_1,2,1.8,1.06,102,88012.87,92110.4375,106714.921875,110722.78125,120804.859375,16,16.54112116655836,HI,110722.78125,15665.78125,126388.5625,88012.8671875,28694.421875
test_id_test_id_000099_16,test_id_000099,103,middle,2,2,test_id_000099_t2_c2,little,little_1,2,1.2,0.93,102,162176.4,163511.921875,180977.109375,186139.703125,198249.3125,16,16.54112116655836,HI,186139.703125,15665.78125,201805.484375,162176.40625,34737.390625
test_id_test_id_000099_17,test_id_000099,103,middle,2,3,test_id_000099_t2_c3,big,big_0,3,2.2,1.15,102,80361.83,76235.0625,90285.515625,94180.921875,103875.890625,16,16.54112116655836,HI,94180.921875,15665.78125,109846.703125,80361.828125,27640.828125
test_id_test_id_000099_18,test_id_000099,103,middle,2,4,test_id_000099_t2_c4,little,little_1,3,1.5,1.0,102,120396.02,122137.59375,137582.75,141907.9375,152585.875,16,16.54112116655836,HI,141907.9375,15665.78125,157573.71875,120396.0234375,30448.28125
test_id_test_id_000099_19,test_id_000099,103,middle,2,5,test_id_000099_t2_c5,big,big_1,0,1.0,0.9,102,140806.08,140978.1875,157526.5,162375.265625,173981.78125,16,16.54112116655836,HI,162375.265625,15665.78125,178041.046875,140806.078125,33003.59375
test_id_test_id_000099_20,test_id_000099,103,middle,2,6,test_id_000099_t2_c6,little,little_1,0,0.6,0.8,102,246474.77,265449.5,289910.8125,297065.28125,313404.0,16,16.54112116655836,HI,297065.28125,15665.78125,312731.0625,246474.765625,47954.5
test_id_test_id_000099_21,test_id_000099,11,high_degree,3,0,test_id_000099_t3_c0,big,big_1,2,1.8,1.06,10,136856.05,151948.65625,168827.78125,173722.78125,185375.78125,16,16.54112116655836,HI,173722.78125,15665.78125,189388.5625,136856.046875,33427.125
test_id_test_id_000099_22,test_id_000099,11,high_degree,3,1,test_id_000099_t3_c1,little,little_1,2,1.2,0.93,10,199045.28,207695.4375,227731.6875,233735.234375,247402.28125,16,16.54112116655836,HI,233735.234375,15665.78125,249401.015625,199045.28125,39706.84375
test_id_test_id_000099_23,test_id_000099,11,high_degree,3,2,test_id_000099_t3_c2,big,big_1,3,2.2,1.15,10,113073.39,132997.640625,148951.0625,153436.34375,164398.40625,16,16.54112116655836,HI,153436.34375,15665.78125,169102.125,113073.390625,31400.765625
test_id_test_id_000099_24,test_id_000099,11,high_degree,3,3,test_id_000099_t3_c3,little,little_0,3,1.5,1.0,10,176332.36,186510.375,205267.578125,210857.78125,223749.84375,16,16.54112116655836,HI,210857.78125,15665.78125,226523.5625,176332.359375,37239.46875
test_id_test_id_000099_25,test_id_000099,11,high_degree,3,4,test_id_000099_t3_c4,big,big_1,0,1.0,0.9,10,181687.5,197543.53125,217127.125,223049.578125,236563.46875,16,16.54112116655836,HI,223049.578125,15665.78125,238715.359375,181687.5,39019.9375
test_id_test_id_000099_26,test_id_000099,11,high_degree,3,5,test_id_000099_t3_c5,little,little_1,0,0.6,0.8,10,421904.6,408423.875,441366.71875,450469.6875,470004.375,16,16.54112116655836,HI,450469.6875,15665.78125,466135.46875,421904.59375,61580.5
test_id_test_id_000099_27,test_id_000099,11,high_degree,3,6,test_id_000099_t3_c6,big,big_1,1,1.4,0.98,10,142957.31,147771.59375,164390.3125,169205.34375,180708.53125,16,16.54112116655836,HI,169205.34375,15665.78125,184871.125,142957.3125,32936.9375
test_id_test_id_000099_28,test_id_000099,73,communication_heavy,4,0,test_id_000099_t4_c0,little,little_0,2,1.2,0.93,72,373228.84,345476.9375,374893.71875,383217.46875,401550.0,16,16.54112116655836,HI,383217.46875,15665.78125,398883.25,373228.84375,56073.0625
test_id_test_id_000099_29,test_id_000099,73,communication_heavy,4,1,test_id_000099_t4_c1,big,big_0,3,2.2,1.15,72,139802.7,146729.875,163345.125,168137.8125,179615.96875,16,16.54112116655836,HI,168137.8125,15665.78125,183803.59375,139802.703125,32886.09375
test_id_test_id_000099_30,test_id_000099,73,communication_heavy,4,2,test_id_000099_t4_c2,little,little_1,3,1.5,1.0,72,283103.25,267184.28125,290886.6875,297805.0625,313330.53125,16,16.54112116655836,HI,297805.0625,15665.78125,313470.84375,283103.25,46146.25
test_id_test_id_000099_31,test_id_000099,73,communication_heavy,4,3,test_id_000099_t4_c3,big,big_1,0,1.0,0.9,72,309210.53,300239.34375,326169.625,333588.40625,350179.46875,16,16.54112116655836,HI,333588.40625,15665.78125,349254.1875,309210.53125,49940.125
test_id_test_id_000099_32,test_id_000099,73,communication_heavy,4,4,test_id_000099_t4_c4,little,little_1,0,0.6,0.8,72,686008.3,614350.125,663534.875,678112.5,703704.8125,16,16.54112116655836,HI,678112.5,15665.78125,693778.28125,686008.3125,89354.6875
test_id_test_id_000099_33,test_id_000099,73,communication_heavy,4,5,test_id_000099_t4_c5,big,big_0,1,1.4,0.98,72,213283.61,213706.90625,234255.6875,240441.046875,254469.71875,16,16.54112116655836,HI,240441.046875,15665.78125,256106.828125,213283.609375,40762.8125
test_id_test_id_000099_34,test_id_000099,73,communication_heavy,4,6,test_id_000099_t4_c6,little,little_1,1,0.9,0.86,72,542756.44,495009.5625,536789.875,548833.8125,572645.5625,16,16.54112116655836,HI,548833.8125,15665.78125,564499.59375,542756.4375,77636.0
test_id_test_id_000099_35,test_id_000099,137,random,5,0,test_id_000099_t5_c0,big,big_1,3,2.2,1.15,136,86972.93,94745.84375,109378.453125,113383.890625,123477.40625,16,16.54112116655836,HI,113383.890625,15665.78125,129049.671875,86972.9296875,28731.5625
test_id_test_id_000099_36,test_id_000099,137,random,5,1,test_id_000099_t5_c1,little,little_1,3,1.5,1.0,136,134446.14,148675.640625,165327.9375,170153.0625,181671.96875,16,16.54112116655836,HI,170153.0625,15665.78125,185818.84375,134446.140625,32996.328125
test_id_test_id_000099_37,test_id_000099,137,random,5,2,test_id_000099_t5_c2,big,big_1,0,1.0,0.9,136,141327.89,162275.9375,179927.34375,185217.625,197581.78125,16,16.54112116655836,HI,185217.625,15665.78125,200883.40625,141327.890625,35305.84375
test_id_test_id_000099_38,test_id_000099,137,random,5,3,test_id_000099_t5_c3,little,little_0,0,0.6,0.8,136,338234.44,345221.9375,373668.9375,381440.0,398988.625,16,16.54112116655836,HI,381440.0,15665.78125,397105.78125,338234.4375,53766.6875
test_id_test_id_000099_39,test_id_000099,137,random,5,4,test_id_000099_t5_c4,big,big_1,1,1.4,0.98,136,127757.305,135303.140625,151367.390625,155949.625,167070.09375,16,16.54112116655836,HI,155949.625,15665.78125,171615.40625,127757.3046875,31766.953125
test_id_test_id_000099_40,test_id_000099,137,random,5,5,test_id_000099_t5_c5,little,little_1,1,0.9,0.86,136,256469.39,264358.875,287724.1875,294476.625,309731.59375,16,16.54112116655836,HI,294476.625,15665.78125,310142.40625,256469.390625,45372.71875
test_id_test_id_000099_41,test_id_000099,137,random,5,6,test_id_000099_t5_c6,big,big_1,2,1.8,1.06,136,102297.44,112538.078125,127703.671875,131888.015625,142342.0625,16,16.54112116655836,HI,131888.015625,15665.78125,147553.796875,102297.4375,29803.984375
test_id_test_id_000131_00,test_id_000131,1,source_like,0,0,test_id_000131_t0_c0,little,little_0,0,0.6,0.8,0,278465.62,262639.1875,286909.25,293946.3125,310090.96875,16,16.54112116655836,LO,293946.3125,0.0,293946.3125,278465.625,47451.78125
test_id_test_id_000131_01,test_id_000131,1,source_like,0,1,test_id_000131_t0_c1,big,big_1,1,1.4,0.98,0,89371.41,83614.84375,98055.546875,102007.90625,111904.078125,16,16.54112116655836,LO,102007.90625,0.0,102007.90625,89371.40625,28289.234375
test_id_test_id_000131_02,test_id_000131,1,source_like,0,2,test_id_000131_t0_c2,little,little_0,1,0.9,0.86,0,172972.36,176287.90625,194994.84375,200701.15625,213820.71875,16,16.54112116655836,LO,200701.15625,0.0,200701.15625,172972.359375,37532.8125
test_id_test_id_000131_03,test_id_000131,1,source_like,0,3,test_id_000131_t0_c3,big,big_0,2,1.8,1.06,0,64943.78,67213.515625,80955.734375,84785.375,94192.625,16,16.54112116655836,LO,84785.375,0.0,84785.375,64943.78125,26979.109375
test_id_test_id_000131_04,test_id_000131,1,source_like,0,4,test_id_000131_t0_c4,little,little_0,2,1.2,0.93,0,140003.53,134925.625,150998.296875,155645.25,166852.6875,16,16.54112116655836,LO,155645.25,0.0,155645.25,140003.53125,31927.0625
test_id_test_id_000131_05,test_id_000131,1,source_like,0,5,test_id_000131_t0_c5,big,big_0,3,2.2,1.15,0,52130.49,53533.484375,66632.890625,70400.828125,79441.640625,16,16.54112116655836,LO,70400.828125,0.0,70400.828125,52130.48828125,25908.15625
test_id_test_id_000131_06,test_id_000131,1,source_like,0,6,test_id_000131_t0_c6,little,little_0,3,1.5,1.0,0,114006.2,110765.578125,125849.515625,130010.125,140412.40625,16,16.54112116655836,LO,130010.125,0.0,130010.125,114006.203125,29646.828125
test_id_test_id_000131_07,test_id_000131,23,sink_like,1,0,test_id_000131_t1_c0,big,big_1,1,1.4,0.98,22,215223.0,210518.953125,230687.5,236713.859375,250425.09375,16,16.54112116655836,LO,236713.859375,0.0,236713.859375,215223.0,39906.140625
test_id_test_id_000131_08,test_id_000131,23,sink_like,1,1,test_id_000131_t1_c1,little,little_1,1,0.9,0.86,22,376549.78,367973.125,399226.84375,408051.03125,427288.75,16,16.54112116655836,LO,408051.03125,0.0,408051.03125,376549.78125,59315.625
test_id_test_id_000131_09,test_id_000131,23,sink_like,1,2,test_id_000131_t1_c2,big,big_0,2,1.8,1.06,22,137688.9,152530.546875,169327.21875,174198.21875,185790.5,16,16.54112116655836,LO,174198.21875,0.0,174198.21875,137688.90625,33259.953125
test_id_test_id_000131_10,test_id_000131,23,sink_like,1,3,test_id_000131_t1_c3,little,little_1,2,1.2,0.93,22,288831.75,284139.84375,308912.875,316048.90625,332044.21875,16,16.54112116655836,LO,316048.90625,0.0,316048.90625,288831.75,47904.375
test_id_test_id_000131_11,test_id_000131,23,sink_like,1,4,test_id_000131_t1_c4,big,big_0,3,2.2,1.15,22,182959.53,184951.234375,203730.734375,209352.125,222305.09375,16,16.54112116655836,LO,209352.125,0.0,209352.125,182959.53125,37353.859375
test_id_test_id_000131_12,test_id_000131,23,sink_like,1,5,test_id_000131_t1_c5,little,little_1,3,1.5,1.0,22,214458.84,219324.984375,239930.359375,246043.890625,259936.0,16,16.54112116655836,LO,246043.890625,0.0,246043.890625,214458.84375,40611.015625
test_id_test_id_000131_13,test_id_000131,23,sink_like,1,6,test_id_000131_t1_c6,big,big_0,0,1.0,0.9,22,287562.16,267057.375,290660.125,297503.09375,312907.28125,16,16.54112116655836,LO,297503.09375,0.0,297503.09375,287562.15625,45849.90625
test_id_test_id_000131_14,test_id_000131,96,middle,2,0,test_id_000131_t2_c0,little,little_1,1,0.9,0.86,95,299366.53,284605.84375,309299.21875,316389.0,332308.5625,16,16.54112116655836,LO,316389.0,0.0,316389.0,299366.53125,47702.71875
test_id_test_id_000131_15,test_id_000131,96,middle,2,1,test_id_000131_t2_c1,big,big_1,2,1.8,1.06,95,118685.9,119324.5625,134610.640625,138867.421875,149424.25,16,16.54112116655836,LO,138867.421875,0.0,138867.421875,118685.8984375,30099.6875
test_id_test_id_000131_16,test_id_000131,96,middle,2,2,test_id_000131_t2_c2,little,little_0,2,1.2,0.93,95,243879.92,249613.671875,272079.90625,278662.4375,293506.125,16,16.54112116655836,LO,278662.4375,0.0,278662.4375,243879.921875,43892.453125
test_id_test_id_000131_17,test_id_000131,96,middle,2,3,test_id_000131_t2_c3,big,big_1,3,2.2,1.15,95,95304.58,97662.0,112263.375,116272.609375,126378.015625,16,16.54112116655836,LO,116272.609375,0.0,116272.609375,95304.578125,28716.015625
test_id_test_id_000131_18,test_id_000131,96,middle,2,4,test_id_000131_t2_c4,little,little_0,3,1.5,1.0,95,186679.67,188961.140625,207909.15625,213573.53125,226603.46875,16,16.54112116655836,LO,213573.53125,0.0,213573.53125,186679.671875,37642.328125
test_id_test_id_000131_19,test_id_000131,96,middle,2,5,test_id_000131_t2_c5,big,big_0,0,1.0,0.9,95,231280.83,224889.5625,245894.390625,252136.375,266287.21875,16,16.54112116655836,LO,252136.375,0.0,252136.375,231280.828125,41397.65625
test_id_test_id_000131_20,test_id_000131,96,middle,2,6,test_id_000131_t2_c6,little,little_1,0,0.6,0.8,95,413380.97,434782.4375,469517.0,479159.75,499379.9375,16,16.54112116655836,LO,479159.75,0.0,479159.75,413380.96875,64597.5
test_id_test_id_000131_21,test_id_000131,20,high_degree,3,0,test_id_000131_t3_c0,big,big_1,2,1.8,1.06,19,173468.7,180282.34375,198753.65625,204260.09375,217001.0,16,16.54112116655836,LO,204260.09375,0.0,204260.09375,173468.703125,36718.65625
test_id_test_id_000131_22,test_id_000131,20,high_degree,3,1,test_id_000131_t3_c1,little,little_0,2,1.2,0.93,19,410819.3,380779.5625,413182.65625,422343.96875,442149.40625,16,16.54112116655836,LO,422343.96875,0.0,422343.96875,410819.3125,61369.84375
test_id_test_id_000131_23,test_id_000131,20,high_degree,3,2,test_id_000131_t3_c2,big,big_0,3,2.2,1.15,19,194552.06,187504.046875,206468.34375,212155.46875,225236.96875,16,16.54112116655836,LO,212155.46875,0.0,212155.46875,194552.0625,37732.921875
test_id_test_id_000131_24,test_id_000131,20,high_degree,3,3,test_id_000131_t3_c3,little,little_1,3,1.5,1.0,19,322793.97,304631.375,330923.65625,338453.4375,355237.5625,16,16.54112116655836,LO,338453.4375,0.0,338453.4375,322793.96875,50606.1875
test_id_test_id_000131_25,test_id_000131,20,high_degree,3,4,test_id_000131_t3_c4,big,big_1,0,1.0,0.9,19,313459.62,304682.96875,330920.09375,338414.53125,355160.15625,16,16.54112116655836,LO,338414.53125,0.0,338414.53125,313459.625,50477.1875
test_id_test_id_000131_26,test_id_000131,20,high_degree,3,5,test_id_000131_t3_c5,little,little_1,0,0.6,0.8,19,596355.3,584053.1875,630884.875,644639.6875,669418.875,16,16.54112116655836,LO,644639.6875,0.0,644639.6875,596355.3125,85365.6875
test_id_test_id_000131_27,test_id_000131,20,high_degree,3,6,test_id_000131_t3_c6,big,big_1,1,1.4,0.98,19,290282.4,269632.15625,293465.25,300395.96875,315949.78125,16,16.54112116655836,LO,300395.96875,0.0,300395.96875,290282.40625,46317.625
test_id_test_id_000131_28,test_id_000131,202,communication_heavy,4,0,test_id_000131_t4_c0,little,little_0,2,1.2,0.93,201,650700.3,552804.6875,600564.125,614734.625,641333.0,16,16.54112116655836,LO,614734.625,0.0,614734.625,650700.3125,88528.3125
test_id_test_id_000131_29,test_id_000131,202,communication_heavy,4,1,test_id_000131_t4_c1,big,big_0,3,2.2,1.15,201,282160.25,249731.09375,272381.0,279073.40625,294130.0,16,16.54112116655836,LO,279073.40625,0.0,279073.40625,282160.25,44398.90625
test_id_test_id_000131_30,test_id_000131,202,communication_heavy,4,2,test_id_000131_t4_c2,little,little_0,3,1.5,1.0,201,465714.9,404084.8125,438572.875,448343.375,469155.15625,16,16.54112116655836,LO,448343.375,0.0,448343.375,465714.90625,65070.34375
test_id_test_id_000131_31,test_id_000131,202,communication_heavy,4,3,test_id_000131_t4_c3,big,big_0,0,1.0,0.9,201,401464.72,391338.03125,424456.625,433788.96875,453889.21875,16,16.54112116655836,LO,433788.96875,0.0,433788.96875,401464.71875,62551.1875
test_id_test_id_000131_32,test_id_000131,202,communication_heavy,4,4,test_id_000131_t4_c4,little,little_0,0,0.6,0.8,201,973737.6,866825.75,944203.875,965888.3125,1009185.25,16,16.54112116655836,LO,965888.3125,0.0,965888.3125,973737.625,142359.5
test_id_test_id_000131_33,test_id_000131,202,communication_heavy,4,5,test_id_000131_t4_c5,big,big_0,1,1.4,0.98,201,337583.84,310260.375,336915.84375,344519.8125,361473.21875,16,16.54112116655836,LO,344519.8125,0.0,344519.8125,337583.84375,51212.84375
test_id_test_id_000131_34,test_id_000131,202,communication_heavy,4,6,test_id_000131_t4_c6,little,little_0,1,0.9,0.86,201,537824.94,500867.875,542831.875,554918.0625,578679.8125,16,16.54112116655836,LO,554918.0625,0.0,554918.0625,537824.9375,77811.9375
test_id_test_id_000131_35,test_id_000131,52,random,5,0,test_id_000131_t5_c0,big,big_0,3,2.2,1.15,51,106479.11,115744.796875,130975.890625,135172.390625,145642.171875,16,16.54112116655836,LO,135172.390625,0.0,135172.390625,106479.109375,29897.375
test_id_test_id_000131_36,test_id_000131,52,random,5,1,test_id_000131_t5_c1,little,little_1,3,1.5,1.0,51,123541.31,150799.875,167457.8125,172276.5625,183774.71875,16,16.54112116655836,LO,172276.5625,0.0,172276.5625,123541.3125,32974.84375
test_id_test_id_000131_37,test_id_000131,52,random,5,2,test_id_000131_t5_c2,big,big_0,0,1.0,0.9,51,215493.69,209463.8125,229521.390625,235502.296875,249139.390625,16,16.54112116655836,LO,235502.296875,0.0,235502.296875,215493.6875,39675.578125
test_id_test_id_000131_38,test_id_000131,52,random,5,3,test_id_000131_t5_c3,little,little_1,0,0.6,0.8,51,322264.38,333884.9375,362195.71875,370159.25,387943.6875,16,16.54112116655836,LO,370159.25,0.0,370159.25,322264.375,54058.75
test_id_test_id_000131_39,test_id_000131,52,random,5,4,test_id_000131_t5_c4,big,big_0,1,1.4,0.98,51,169647.4,181844.921875,200354.625,205890.25,218672.5625,16,16.54112116655836,LO,205890.25,0.0,205890.25,169647.40625,36827.640625
test_id_test_id_000131_40,test_id_000131,52,random,5,5,test_id_000131_t5_c5,little,little_1,1,0.9,0.86,51,216902.6,228019.953125,249131.78125,255356.015625,269497.28125,16,16.54112116655836,LO,255356.015625,0.0,255356.015625,216902.59375,41477.328125
test_id_test_id_000131_41,test_id_000131,52,random,5,6,test_id_000131_t5_c6,big,big_0,2,1.8,1.06,51,113668.305,124275.890625,139765.15625,144096.6875,154779.9375,16,16.54112116655836,LO,144096.6875,0.0,144096.6875,113668.3046875,30504.046875
test_id_test_id_000150_00,test_id_000150,1,source_like,0,0,test_id_000150_t0_c0,big,big_1,2,1.8,1.06,0,20048.045,21508.1875,34245.359375,38426.109375,47659.5,16,16.54112116655836,HI,38426.109375,15665.78125,54091.890625,20048.044921875,26151.3125
test_id_test_id_000150_01,test_id_000150,1,source_like,0,1,test_id_000150_t0_c1,little,little_0,2,1.2,0.93,0,42588.01,49184.21875,62425.203125,66387.296875,75713.84375,16,16.54112116655836,HI,66387.296875,15665.78125,82053.078125,42588.01171875,26529.625
test_id_test_id_000150_02,test_id_000150,1,source_like,0,2,test_id_000150_t0_c2,big,big_1,3,2.2,1.15,0,19034.576,21590.0,34523.015625,38811.265625,48257.109375,16,16.54112116655836,HI,38811.265625,15665.78125,54477.046875,19034.576171875,26667.109375
test_id_test_id_000150_03,test_id_000150,1,source_like,0,3,test_id_000150_t0_c3,little,little_1,3,1.5,1.0,0,32422.738,35645.359375,48216.15625,52116.765625,61107.015625,16,16.54112116655836,HI,52116.765625,15665.78125,67782.546875,32422.73828125,25461.65625
test_id_test_id_000150_04,test_id_000150,1,source_like,0,4,test_id_000150_t0_c4,big,big_0,0,1.0,0.9,0,36400.41,37135.96875,49856.4375,53833.765625,63000.65625,16,16.54112116655836,HI,53833.765625,15665.78125,69499.546875,36400.41015625,25864.6875
test_id_test_id_000150_05,test_id_000150,1,source_like,0,5,test_id_000150_t0_c5,little,little_0,0,0.6,0.8,0,68380.766,79685.921875,94294.765625,98512.09375,108886.28125,16,16.54112116655836,HI,98512.09375,15665.78125,114177.875,68380.765625,29200.359375
test_id_test_id_000150_06,test_id_000150,1,source_like,0,6,test_id_000150_t0_c6,big,big_1,1,1.4,0.98,0,22122.502,22622.375,35128.578125,39164.453125,48150.46875,16,16.54112116655836,HI,39164.453125,15665.78125,54830.234375,22122.501953125,25528.09375
test_id_test_id_000150_07,test_id_000150,57,sink_like,1,0,test_id_000150_t1_c0,little,little_1,2,1.2,0.93,56,168968.84,160269.5625,177560.578125,182664.15625,194668.890625,16,16.54112116655836,HI,182664.15625,15665.78125,198329.9375,168968.84375,34399.328125
test_id_test_id_000150_08,test_id_000150,57,sink_like,1,1,test_id_000150_t1_c1,big,big_1,3,2.2,1.15,56,67327.56,65568.703125,79164.75,82992.84375,92385.90625,16,16.54112116655836,HI,82992.84375,15665.78125,98658.625,67327.5625,26817.203125
test_id_test_id_000150_09,test_id_000150,57,sink_like,1,2,test_id_000150_t1_c2,little,little_0,3,1.5,1.0,56,138830.69,140490.96875,156686.125,161316.0625,172498.90625,16,16.54112116655836,HI,161316.0625,15665.78125,176981.84375,138830.6875,32007.9375
test_id_test_id_000150_10,test_id_000150,57,sink_like,1,3,test_id_000150_t1_c3,big,big_1,0,1.0,0.9,56,127737.336,123312.1875,139119.546875,143663.1875,154761.0,16,16.54112116655836,HI,143663.1875,15665.78125,159328.96875,127737.3359375,31448.8125
test_id_test_id_000150_11,test_id_000150,57,sink_like,1,4,test_id_000150_t1_c4,little,little_0,0,0.6,0.8,56,285076.3,292478.09375,318114.4375,325293.90625,341866.34375,16,16.54112116655836,HI,325293.90625,15665.78125,340959.6875,285076.3125,49388.25
test_id_test_id_000150_12,test_id_000150,57,sink_like,1,5,test_id_000150_t1_c5,big,big_0,1,1.4,0.98,56,102205.35,102190.671875,117123.75,121254.578125,131609.890625,16,16.54112116655836,HI,121254.578125,15665.78125,136920.359375,102205.3515625,29419.21875
test_id_test_id_000150_13,test_id_000150,57,sink_like,1,6,test_id_000150_t1_c6,little,little_0,1,0.9,0.86,56,192874.11,189823.6875,209233.484375,215147.5,228675.796875,16,16.54112116655836,HI,215147.5,15665.78125,230813.28125,192874.109375,38852.109375
test_id_test_id_000150_14,test_id_000150,51,middle,2,0,test_id_000150_t2_c0,big,big_1,3,2.2,1.15,50,51400.918,55326.53125,68479.265625,72262.921875,81381.25,16,16.54112116655836,HI,72262.921875,15665.78125,87928.703125,51400.91796875,26054.71875
test_id_test_id_000150_15,test_id_000150,51,middle,2,1,test_id_000150_t2_c1,little,little_0,3,1.5,1.0,50,99550.77,103193.671875,118066.34375,122190.046875,132521.0,16,16.54112116655836,HI,122190.046875,15665.78125,137855.828125,99550.7734375,29327.328125
test_id_test_id_000150_16,test_id_000150,51,middle,2,2,test_id_000150_t2_c2,big,big_0,0,1.0,0.9,50,113417.82,117257.453125,132932.5625,137441.5625,148502.875,16,16.54112116655836,HI,137441.5625,15665.78125,153107.34375,113417.8203125,31245.421875
test_id_test_id_000150_17,test_id_000150,51,middle,2,3,test_id_000150_t2_c3,little,little_0,0,0.6,0.8,50,226988.05,247200.5,270778.75,277809.0,293819.90625,16,16.54112116655836,HI,277809.0,15665.78125,293474.78125,226988.046875,46619.40625
test_id_test_id_000150_18,test_id_000150,51,middle,2,4,test_id_000150_t2_c4,big,big_0,1,1.4,0.98,50,89936.91,88341.421875,102914.953125,106980.125,117138.96875,16,16.54112116655836,HI,106980.125,15665.78125,122645.90625,89936.90625,28797.546875
test_id_test_id_000150_19,test_id_000150,51,middle,2,5,test_id_000150_t2_c5,little,little_1,1,0.9,0.86,50,185976.83,179856.21875,198583.59375,204236.765625,217292.328125,16,16.54112116655836,HI,204236.765625,15665.78125,219902.546875,185976.828125,37436.109375
test_id_test_id_000150_20,test_id_000150,51,middle,2,6,test_id_000150_t2_c6,big,big_1,2,1.8,1.06,50,67372.59,67419.375,81118.96875,84991.46875,94503.546875,16,16.54112116655836,HI,84991.46875,15665.78125,100657.25,67372.59375,27084.171875
test_id_test_id_000150_21,test_id_000150,84,communication_heavy,3,0,test_id_000150_t3_c0,little,little_0,3,1.5,1.0,83,199838.45,213731.1875,233983.40625,239998.84375,253694.3125,16,16.54112116655836,HI,239998.84375,15665.78125,255664.625,199838.453125,39963.125
test_id_test_id_000150_22,test_id_000150,84,communication_heavy,3,1,test_id_000150_t3_c1,big,big_0,0,1.0,0.9,83,222285.28,211350.890625,231528.234375,237548.265625,251254.59375,16,16.54112116655836,HI,237548.265625,15665.78125,253214.046875,222285.28125,39903.703125
test_id_test_id_000150_23,test_id_000150,84,communication_heavy,3,2,test_id_000150_t3_c2,little,little_1,0,0.6,0.8,83,456056.7,442735.34375,479278.625,489615.125,511020.125,16,16.54112116655836,HI,489615.125,15665.78125,505280.90625,456056.6875,68284.78125
test_id_test_id_000150_24,test_id_000150,84,communication_heavy,3,3,test_id_000150_t3_c3,big,big_0,1,1.4,0.98,83,141240.72,151976.1875,168753.78125,173631.8125,185234.453125,16,16.54112116655836,HI,173631.8125,15665.78125,189297.59375,141240.71875,33258.265625
test_id_test_id_000150_25,test_id_000150,84,communication_heavy,3,4,test_id_000150_t3_c4,little,little_1,1,0.9,0.86,83,293694.28,289852.71875,314972.96875,322168.875,338318.875,16,16.54112116655836,HI,322168.875,15665.78125,337834.65625,293694.28125,48466.15625
test_id_test_id_000150_26,test_id_000150,84,communication_heavy,3,5,test_id_000150_t3_c5,big,big_1,2,1.8,1.06,83,136730.84,150334.8125,167063.859375,171907.09375,183457.84375,16,16.54112116655836,HI,171907.09375,15665.78125,187572.875,136730.84375,33123.03125
test_id_test_id_000150_27,test_id_000150,84,communication_heavy,3,6,test_id_000150_t3_c6,little,little_0,2,1.2,0.93,83,203801.31,206146.78125,225939.4375,231823.21875,245268.3125,16,16.54112116655836,HI,231823.21875,15665.78125,247489.0,203801.3125,39121.53125
test_id_test_id_000150_28,test_id_000150,25,random,4,0,test_id_000150_t4_c0,big,big_1,0,1.0,0.9,24,150186.42,163606.515625,181220.921875,186476.65625,198772.1875,16,16.54112116655836,HI,186476.65625,15665.78125,202142.4375,150186.421875,35165.671875
test_id_test_id_000150_29,test_id_000150,25,random,4,1,test_id_000150_t4_c1,little,little_1,0,0.6,0.8,24,359161.94,340043.4375,367781.5,375241.5,392258.4375,16,16.54112116655836,HI,375241.5,15665.78125,390907.28125,359161.9375,52215.0
test_id_test_id_000150_30,test_id_000150,25,random,4,2,test_id_000150_t4_c2,big,big_1,1,1.4,0.98,24,102772.195,113061.328125,128252.421875,132464.59375,142966.0625,16,16.54112116655836,HI,132464.59375,15665.78125,148130.375,102772.1953125,29904.734375
test_id_test_id_000150_31,test_id_000150,25,random,4,3,test_id_000150_t4_c3,little,little_0,1,0.9,0.86,24,217148.48,210532.34375,230899.71875,237052.015625,251018.375,16,16.54112116655836,HI,237052.015625,15665.78125,252717.796875,217148.484375,40486.03125
test_id_test_id_000150_32,test_id_000150,25,random,4,4,test_id_000150_t4_c4,big,big_1,2,1.8,1.06,24,80641.805,88366.578125,102804.734375,106766.4375,116731.40625,16,16.54112116655836,HI,106766.4375,15665.78125,122432.21875,80641.8046875,28364.828125
test_id_test_id_000150_33,test_id_000150,25,random,4,5,test_id_000150_t4_c5,little,little_0,2,1.2,0.93,24,183197.08,188604.0625,207401.21875,213005.84375,225913.390625,16,16.54112116655836,HI,213005.84375,15665.78125,228671.625,183197.078125,37309.328125
test_id_test_id_000150_34,test_id_000150,25,random,4,6,test_id_000150_t4_c6,big,big_0,3,2.2,1.15,24,65134.047,69974.53125,83741.84375,87580.953125,97073.359375,16,16.54112116655836,HI,87580.953125,15665.78125,103246.734375,65134.046875,27098.828125
test_id_test_id_000150_35,test_id_000150,2,diverse_fill_1,5,0,test_id_000150_t5_c0,little,little_0,0,0.6,0.8,1,336569.4,337349.90625,365384.8125,373108.65625,390530.53125,16,16.54112116655836,HI,373108.65625,15665.78125,388774.4375,336569.40625,53180.625
test_id_test_id_000150_36,test_id_000150,2,diverse_fill_1,5,1,test_id_000150_t5_c1,big,big_1,1,1.4,0.98,1,121595.92,121909.453125,137366.46875,141681.9375,152346.78125,16,16.54112116655836,HI,141681.9375,15665.78125,157347.71875,121595.921875,30437.328125
test_id_test_id_000150_37,test_id_000150,2,diverse_fill_1,5,2,test_id_000150_t5_c2,little,little_1,1,0.9,0.86,1,259233.14,252224.484375,274700.375,281212.15625,295948.96875,16,16.54112116655836,HI,281212.15625,15665.78125,296877.9375,259233.140625,43724.484375
test_id_test_id_000150_38,test_id_000150,2,diverse_fill_1,5,3,test_id_000150_t5_c3,big,big_0,2,1.8,1.06,1,85773.836,87453.3125,101825.125,105771.640625,115697.125,16,16.54112116655836,HI,105771.640625,15665.78125,121437.421875,85773.8359375,28243.8125
test_id_test_id_000150_39,test_id_000150,2,diverse_fill_1,5,4,test_id_000150_t5_c4,little,little_0,2,1.2,0.93,1,186869.73,182214.71875,200644.65625,206148.75,218847.671875,16,16.54112116655836,HI,206148.75,15665.78125,221814.53125,186869.734375,36632.953125
test_id_test_id_000150_40,test_id_000150,2,diverse_fill_1,5,5,test_id_000150_t5_c5,big,big_1,3,2.2,1.15,1,82551.6,79173.9375,93309.65625,97203.125,106938.9375,16,16.54112116655836,HI,97203.125,15665.78125,112868.90625,82551.6015625,27765.0
test_id_test_id_000150_41,test_id_000150,2,diverse_fill_1,5,6,test_id_000150_t5_c6,little,little_1,3,1.5,1.0,1,172767.4,166000.5,183433.015625,188541.0,200536.796875,16,16.54112116655836,HI,188541.0,15665.78125,204206.78125,172767.40625,34536.296875
test_id_test_id_000168_00,test_id_000168,24,source_like,0,0,test_id_000168_t0_c0,big,big_0,0,1.0,0.9,23,103481.42,106246.921875,121432.609375,125728.546875,136379.40625,16,16.54112116655836,LO,125728.546875,0.0,125728.546875,103481.421875,30132.484375
test_id_test_id_000168_01,test_id_000168,24,source_like,0,1,test_id_000168_t0_c1,little,little_0,0,0.6,0.8,23,278526.5,289532.96875,314744.9375,321702.3125,337843.71875,16,16.54112116655836,LO,321702.3125,0.0,321702.3125,278526.5,48310.75
test_id_test_id_000168_02,test_id_000168,24,source_like,0,2,test_id_000168_t0_c2,big,big_0,1,1.4,0.98,23,76495.66,80336.109375,94612.171875,98574.03125,108447.453125,16,16.54112116655836,LO,98574.03125,0.0,98574.03125,76495.65625,28111.34375
test_id_test_id_000168_03,test_id_000168,24,source_like,0,3,test_id_000168_t0_c3,little,little_1,1,0.9,0.86,23,178071.56,179089.421875,197945.90625,203682.421875,216862.703125,16,16.54112116655836,LO,203682.421875,0.0,203682.421875,178071.5625,37773.28125
test_id_test_id_000168_04,test_id_000168,24,source_like,0,4,test_id_000168_t0_c4,big,big_0,2,1.8,1.06,23,60466.027,63365.546875,76913.796875,80743.34375,90091.5625,16,16.54112116655836,LO,80743.34375,0.0,80743.34375,60466.02734375,26726.015625
test_id_test_id_000168_05,test_id_000168,24,source_like,0,5,test_id_000168_t0_c5,little,little_0,2,1.2,0.93,23,134058.11,136030.546875,152117.03125,156767.109375,167972.9375,16,16.54112116655836,LO,156767.109375,0.0,156767.109375,134058.109375,31942.390625
test_id_test_id_000168_06,test_id_000168,24,source_like,0,6,test_id_000168_t0_c6,big,big_1,3,2.2,1.15,23,52322.46,52788.828125,65863.09375,69637.90625,78682.265625,16,16.54112116655836,LO,69637.90625,0.0,69637.90625,52322.4609375,25893.4375
test_id_test_id_000168_07,test_id_000168,282,sink_like,1,0,test_id_000168_t1_c0,little,little_1,0,0.6,0.8,281,447969.7,431300.375,465843.78125,475428.3125,495557.625,16,16.54112116655836,LO,475428.3125,0.0,475428.3125,447969.6875,64257.25
test_id_test_id_000168_08,test_id_000168,282,sink_like,1,1,test_id_000168_t1_c1,big,big_0,1,1.4,0.98,281,159543.25,165457.15625,183101.90625,188323.5625,200546.71875,16,16.54112116655836,LO,188323.5625,0.0,188323.5625,159543.25,35089.5625
test_id_test_id_000168_09,test_id_000168,282,sink_like,1,2,test_id_000168_t1_c2,little,little_1,1,0.9,0.86,281,270259.7,261414.4375,284586.3125,291316.03125,306492.09375,16,16.54112116655836,LO,291316.03125,0.0,291316.03125,270259.6875,45077.65625
test_id_test_id_000168_10,test_id_000168,282,sink_like,1,3,test_id_000168_t1_c3,big,big_1,2,1.8,1.06,281,139203.53,141995.4375,158335.90625,163011.78125,174283.125,16,16.54112116655836,LO,163011.78125,0.0,163011.78125,139203.53125,32287.6875
test_id_test_id_000168_11,test_id_000168,282,sink_like,1,4,test_id_000168_t1_c4,little,little_1,2,1.2,0.93,281,176417.0,194670.734375,213959.5,219760.25,233027.34375,16,16.54112116655836,LO,219760.25,0.0,219760.25,176417.0,38356.609375
test_id_test_id_000168_12,test_id_000168,282,sink_like,1,5,test_id_000168_t1_c5,big,big_0,3,2.2,1.15,281,96362.65,101535.484375,116235.8125,120275.453125,130445.3125,16,16.54112116655836,LO,120275.453125,0.0,120275.453125,96362.6484375,28909.828125
test_id_test_id_000168_13,test_id_000168,282,sink_like,1,6,test_id_000168_t1_c6,little,little_1,3,1.5,1.0,281,182164.17,187562.65625,206394.625,212016.625,224963.40625,16,16.54112116655836,LO,212016.625,0.0,212016.625,182164.171875,37400.75
test_id_test_id_000168_14,test_id_000168,229,middle,2,0,test_id_000168_t2_c0,big,big_0,1,1.4,0.98,228,306896.97,321994.34375,349545.96875,357373.75,374777.1875,16,16.54112116655836,LO,357373.75,0.0,357373.75,306896.96875,52782.84375
test_id_test_id_000168_15,test_id_000168,229,middle,2,1,test_id_000168_t2_c1,little,little_1,1,0.9,0.86,228,570467.94,549035.125,595098.625,608597.0,633934.5625,16,16.54112116655836,LO,608597.0,0.0,608597.0,570467.9375,84899.4375
test_id_test_id_000168_16,test_id_000168,229,middle,2,2,test_id_000168_t2_c2,big,big_1,2,1.8,1.06,228,299877.2,309730.59375,336395.5625,344008.15625,360980.625,16,16.54112116655836,LO,344008.15625,0.0,344008.15625,299877.1875,51250.03125
test_id_test_id_000168_17,test_id_000168,229,middle,2,3,test_id_000168_t2_c3,little,little_1,2,1.2,0.93,228,401471.66,392663.75,425930.4375,435313.84375,455488.625,16,16.54112116655836,LO,435313.84375,0.0,435313.84375,401471.65625,62824.875
test_id_test_id_000168_18,test_id_000168,229,middle,2,4,test_id_000168_t2_c4,big,big_1,3,2.2,1.15,228,263641.28,261444.203125,284811.59375,291660.5625,307046.40625,16,16.54112116655836,LO,291660.5625,0.0,291660.5625,263641.28125,45602.203125
test_id_test_id_000168_19,test_id_000168,229,middle,2,5,test_id_000168_t2_c5,little,little_0,3,1.5,1.0,228,357196.28,358792.25,389328.28125,397953.5625,416844.1875,16,16.54112116655836,LO,397953.5625,0.0,397953.5625,357196.28125,58051.9375
test_id_test_id_000168_20,test_id_000168,229,middle,2,6,test_id_000168_t2_c6,big,big_1,0,1.0,0.9,228,309477.75,343275.84375,372417.34375,380644.5625,398826.59375,16,16.54112116655836,LO,380644.5625,0.0,380644.5625,309477.75,55550.75
test_id_test_id_000168_21,test_id_000168,221,communication_heavy,3,0,test_id_000168_t3_c0,little,little_0,1,0.9,0.86,220,588785.44,567539.875,615020.5,629009.0,654825.1875,16,16.54112116655836,LO,629009.0,0.0,629009.0,588785.4375,87285.3125
test_id_test_id_000168_22,test_id_000168,221,communication_heavy,3,1,test_id_000168_t3_c1,big,big_1,2,1.8,1.06,220,319038.56,323710.9375,351425.46875,359299.0,376791.375,16,16.54112116655836,LO,359299.0,0.0,359299.0,319038.5625,53080.4375
test_id_test_id_000168_23,test_id_000168,221,communication_heavy,3,2,test_id_000168_t3_c2,little,little_0,2,1.2,0.93,220,577038.06,541305.9375,587732.5625,601423.9375,627349.125,16,16.54112116655836,LO,601423.9375,0.0,601423.9375,577038.0625,86043.1875
test_id_test_id_000168_24,test_id_000168,221,communication_heavy,3,3,test_id_000168_t3_c3,big,big_0,3,2.2,1.15,220,287560.1,284067.78125,308917.5625,316103.15625,332198.65625,16,16.54112116655836,LO,316103.15625,0.0,316103.15625,287560.09375,48130.875
test_id_test_id_000168_25,test_id_000168,221,communication_heavy,3,4,test_id_000168_t3_c4,little,little_0,3,1.5,1.0,220,402424.16,391841.0625,425167.3125,434579.625,454811.4375,16,16.54112116655836,LO,434579.625,0.0,434579.625,402424.15625,62970.375
test_id_test_id_000168_26,test_id_000168,221,communication_heavy,3,5,test_id_000168_t3_c5,big,big_1,0,1.0,0.9,220,351568.66,387745.40625,420514.6875,429739.125,449661.125,16,16.54112116655836,LO,429739.125,0.0,429739.125,351568.65625,61915.71875
test_id_test_id_000168_27,test_id_000168,221,communication_heavy,3,6,test_id_000168_t3_c6,little,little_0,0,0.6,0.8,220,787891.44,764575.625,828695.625,848077.75,881376.625,16,16.54112116655836,LO,848077.75,0.0,848077.75,787891.4375,116801.0
test_id_test_id_000168_28,test_id_000168,80,random,4,0,test_id_000168_t4_c0,big,big_1,2,1.8,1.06,79,60008.87,68179.71875,81944.640625,85803.375,95295.6875,16,16.54112116655836,LO,85803.375,0.0,85803.375,60008.87109375,27115.96875
test_id_test_id_000168_29,test_id_000168,80,random,4,1,test_id_000168_t4_c1,little,little_0,2,1.2,0.93,79,143145.2,139621.34375,155974.4375,160755.75,172186.875,16,16.54112116655836,LO,160755.75,0.0,160755.75,143145.203125,32565.53125
test_id_test_id_000168_30,test_id_000168,80,random,4,2,test_id_000168_t4_c2,big,big_0,3,2.2,1.15,79,52779.9,54878.640625,68062.75,71855.765625,80977.75,16,16.54112116655836,LO,71855.765625,0.0,71855.765625,52779.8984375,26099.109375
test_id_test_id_000168_31,test_id_000168,80,random,4,3,test_id_000168_t4_c3,little,little_1,3,1.5,1.0,79,123000.81,115007.171875,130232.328125,134480.953125,145025.28125,16,16.54112116655836,LO,134480.953125,0.0,134480.953125,123000.8125,30018.109375
test_id_test_id_000168_32,test_id_000168,80,random,4,4,test_id_000168_t4_c4,big,big_1,0,1.0,0.9,79,119854.48,117232.9375,132657.828125,137050.78125,147854.28125,16,16.54112116655836,LO,137050.78125,0.0,137050.78125,119854.4765625,30621.34375
test_id_test_id_000168_33,test_id_000168,80,random,4,5,test_id_000168_t4_c5,little,little_1,0,0.6,0.8,79,312839.94,298454.40625,324150.59375,331201.125,347527.09375,16,16.54112116655836,LO,331201.125,0.0,331201.125,312839.9375,49072.6875
test_id_test_id_000168_34,test_id_000168,80,random,4,6,test_id_000168_t4_c6,big,big_1,1,1.4,0.98,79,84232.1,83639.515625,98003.078125,101993.71875,111960.28125,16,16.54112116655836,LO,101993.71875,0.0,101993.71875,84232.1015625,28320.765625
test_id_test_id_000168_35,test_id_000168,47,diverse_fill_1,5,0,test_id_000168_t5_c0,little,little_1,2,1.2,0.93,46,98953.43,90004.765625,104674.90625,108758.0625,118963.125,16,16.54112116655836,LO,108758.0625,0.0,108758.0625,98953.4296875,28958.359375
test_id_test_id_000168_36,test_id_000168,47,diverse_fill_1,5,1,test_id_000168_t5_c1,big,big_1,3,2.2,1.15,46,33168.832,36131.109375,48641.984375,52437.84375,61195.5,16,16.54112116655836,LO,52437.84375,0.0,52437.84375,33168.83203125,25064.390625
test_id_test_id_000168_37,test_id_000168,47,diverse_fill_1,5,2,test_id_000168_t5_c2,little,little_1,3,1.5,1.0,46,77508.4,75002.5625,89165.546875,93103.953125,102854.125,16,16.54112116655836,LO,93103.953125,0.0,93103.953125,77508.3984375,27851.5625
test_id_test_id_000168_38,test_id_000168,47,diverse_fill_1,5,3,test_id_000168_t5_c3,big,big_1,0,1.0,0.9,46,72011.42,74175.265625,88414.59375,92428.9375,102319.625,16,16.54112116655836,LO,92428.9375,0.0,92428.9375,72011.421875,28144.359375
test_id_test_id_000168_39,test_id_000168,47,diverse_fill_1,5,4,test_id_000168_t5_c4,little,little_1,0,0.6,0.8,46,209370.55,182943.53125,202884.65625,209013.203125,223089.046875,16,16.54112116655836,LO,209013.203125,0.0,209013.203125,209370.546875,40145.515625
test_id_test_id_000168_40,test_id_000168,47,diverse_fill_1,5,5,test_id_000168_t5_c5,big,big_0,1,1.4,0.98,46,61832.543,63070.15625,76793.046875,80692.546875,90155.78125,16,16.54112116655836,LO,80692.546875,0.0,80692.546875,61832.54296875,27085.625
test_id_test_id_000168_41,test_id_000168,47,diverse_fill_1,5,6,test_id_000168_t5_c6,little,little_0,1,0.9,0.86,46,130499.336,121267.71875,137020.171875,141552.90625,152625.875,16,16.54112116655836,LO,141552.90625,0.0,141552.90625,130499.3359375,31358.15625
test_id_test_id_000190_00,test_id_000190,35,source_like,0,0,test_id_000190_t0_c0,little,little_0,0,0.6,0.8,34,294125.03,289019.375,314286.4375,321311.125,337556.9375,16,16.54112116655836,HI,321311.125,15665.78125,336976.90625,294125.03125,48537.5625
test_id_test_id_000190_01,test_id_000190,35,source_like,0,1,test_id_000190_t0_c1,big,big_1,1,1.4,0.98,34,94348.914,88581.890625,103120.8125,107115.640625,117144.0625,16,16.54112116655836,HI,107115.640625,15665.78125,122781.421875,94348.9140625,28562.171875
test_id_test_id_000190_02,test_id_000190,35,source_like,0,2,test_id_000190_t0_c2,little,little_1,1,0.9,0.86,34,197133.64,193080.125,212494.90625,218353.140625,231751.171875,16,16.54112116655836,HI,218353.140625,15665.78125,234018.921875,197133.640625,38671.046875
test_id_test_id_000190_03,test_id_000190,35,source_like,0,3,test_id_000190_t0_c3,big,big_1,2,1.8,1.06,34,64174.13,64374.609375,77954.0,81792.546875,91179.6875,16,16.54112116655836,HI,81792.546875,15665.78125,97458.328125,64174.12890625,26805.078125
test_id_test_id_000190_04,test_id_000190,35,source_like,0,4,test_id_000190_t0_c4,little,little_1,2,1.2,0.93,34,155761.11,148624.453125,165236.78125,170086.34375,181623.0,16,16.54112116655836,HI,170086.34375,15665.78125,185752.125,155761.109375,32998.546875
test_id_test_id_000190_05,test_id_000190,35,source_like,0,5,test_id_000190_t0_c5,big,big_1,3,2.2,1.15,34,54861.02,53192.84375,66277.5,70050.46875,79100.640625,16,16.54112116655836,HI,70050.46875,15665.78125,85716.25,54861.01953125,25907.796875
test_id_test_id_000190_06,test_id_000190,35,source_like,0,6,test_id_000190_t0_c6,little,little_1,3,1.5,1.0,34,124244.36,119404.328125,134737.59375,139019.046875,149614.5,16,16.54112116655836,HI,139019.046875,15665.78125,154684.828125,124244.359375,30210.171875
test_id_test_id_000190_07,test_id_000190,282,sink_like,1,0,test_id_000190_t1_c0,big,big_1,1,1.4,0.98,281,505927.22,451501.96875,489816.6875,500739.65625,523190.0,16,16.54112116655836,HI,500739.65625,15665.78125,516405.4375,505927.21875,71688.03125
test_id_test_id_000190_08,test_id_000190,282,sink_like,1,1,test_id_000190_t1_c1,little,little_0,1,0.9,0.86,281,755130.75,704875.625,766000.375,784502.75,816792.3125,16,16.54112116655836,HI,784502.75,15665.78125,800168.53125,755130.75,111916.6875
test_id_test_id_000190_09,test_id_000190,282,sink_like,1,2,test_id_000190_t1_c2,big,big_1,2,1.8,1.06,281,407980.25,400601.34375,434683.5625,444307.9375,464896.6875,16,16.54112116655836,HI,444307.9375,15665.78125,459973.71875,407980.25,64295.34375
test_id_test_id_000190_10,test_id_000190,282,sink_like,1,3,test_id_000190_t1_c3,little,little_1,2,1.2,0.93,281,512377.06,479428.3125,520135.6875,531839.75,555305.75,16,16.54112116655836,HI,531839.75,15665.78125,547505.53125,512377.0625,75877.4375
test_id_test_id_000190_11,test_id_000190,282,sink_like,1,4,test_id_000190_t1_c4,big,big_0,3,2.2,1.15,281,413741.62,378515.5625,410860.3125,420001.3125,439813.65625,16,16.54112116655836,HI,420001.3125,15665.78125,435667.09375,413741.625,61298.09375
test_id_test_id_000190_12,test_id_000190,282,sink_like,1,5,test_id_000190_t1_c5,little,little_0,3,1.5,1.0,281,611294.1,536013.125,582451.875,596178.3125,622329.125,16,16.54112116655836,HI,596178.3125,15665.78125,611844.09375,611294.125,86316.0
test_id_test_id_000190_13,test_id_000190,282,sink_like,1,6,test_id_000190_t1_c6,big,big_0,0,1.0,0.9,281,580364.9,538400.25,583733.125,597019.625,622152.75,16,16.54112116655836,HI,597019.625,15665.78125,612685.40625,580364.875,83752.5
test_id_test_id_000190_14,test_id_000190,204,middle,2,0,test_id_000190_t2_c0,little,little_1,1,0.9,0.86,203,519179.06,515736.59375,558903.3125,571393.0,595596.5,16,16.54112116655836,HI,571393.0,15665.78125,587058.78125,519179.0625,79859.90625
test_id_test_id_000190_15,test_id_000190,204,middle,2,1,test_id_000190_t2_c1,big,big_0,2,1.8,1.06,203,280645.62,294197.6875,319710.5625,327044.96875,343439.84375,16,16.54112116655836,HI,327044.96875,15665.78125,342710.75,280645.625,49242.15625
test_id_test_id_000190_16,test_id_000190,204,middle,2,2,test_id_000190_t2_c2,little,little_1,2,1.2,0.93,203,565592.8,523425.9375,568219.25,581339.3125,606578.625,16,16.54112116655836,HI,581339.3125,15665.78125,597005.09375,565592.8125,83152.6875
test_id_test_id_000190_17,test_id_000190,204,middle,2,3,test_id_000190_t2_c3,big,big_0,3,2.2,1.15,203,240553.84,243683.390625,265913.0,272492.875,287312.03125,16,16.54112116655836,HI,272492.875,15665.78125,288158.65625,240553.84375,43628.640625
test_id_test_id_000190_18,test_id_000190,204,middle,2,4,test_id_000190_t2_c4,little,little_1,3,1.5,1.0,203,499232.6,474925.84375,515764.5625,527568.75,551289.4375,16,16.54112116655836,HI,527568.75,15665.78125,543234.53125,499232.59375,76363.59375
test_id_test_id_000190_19,test_id_000190,204,middle,2,5,test_id_000190_t2_c5,big,big_0,0,1.0,0.9,203,434556.8,440997.6875,478263.875,488854.6875,510810.5,16,16.54112116655836,HI,488854.6875,15665.78125,504520.46875,434556.8125,69812.8125
test_id_test_id_000190_20,test_id_000190,204,middle,2,6,test_id_000190_t2_c6,little,little_0,0,0.6,0.8,203,798060.94,786737.25,853444.6875,873413.75,908414.4375,16,16.54112116655836,HI,873413.75,15665.78125,889079.53125,798060.9375,121677.1875
test_id_test_id_000190_21,test_id_000190,211,random,3,0,test_id_000190_t3_c0,big,big_0,2,1.8,1.06,210,166436.61,186492.8125,205305.40625,210927.65625,223876.75,16,16.54112116655836,HI,210927.65625,15665.78125,226593.4375,166436.609375,37383.9375
test_id_test_id_000190_22,test_id_000190,211,random,3,1,test_id_000190_t3_c1,little,little_0,2,1.2,0.93,210,351894.25,374855.53125,406795.75,415825.875,435420.8125,16,16.54112116655836,HI,415825.875,15665.78125,431491.65625,351894.25,60565.28125
test_id_test_id_000190_23,test_id_000190,211,random,3,2,test_id_000190_t3_c2,big,big_1,3,2.2,1.15,210,175035.0,184445.1875,203190.578125,208797.484375,221724.25,16,16.54112116655836,HI,208797.484375,15665.78125,224463.265625,175035.0,37279.0625
test_id_test_id_000190_24,test_id_000190,211,random,3,3,test_id_000190_t3_c3,little,little_1,3,1.5,1.0,210,201351.52,236036.84375,257671.5625,264057.875,278492.15625,16,16.54112116655836,HI,264057.875,15665.78125,279723.65625,201351.515625,42455.3125
test_id_test_id_000190_25,test_id_000190,211,random,3,4,test_id_000190_t3_c4,big,big_1,0,1.0,0.9,210,316014.47,321275.71875,348794.28125,356613.46875,374004.1875,16,16.54112116655836,HI,356613.46875,15665.78125,372279.25,316014.46875,52728.46875
test_id_test_id_000190_26,test_id_000190,211,random,3,5,test_id_000190_t3_c5,little,little_0,0,0.6,0.8,210,485865.75,532642.5625,575858.75,588348.5,612041.8125,16,16.54112116655836,HI,588348.5,15665.78125,604014.28125,485865.75,79399.25
test_id_test_id_000190_27,test_id_000190,211,random,3,6,test_id_000190_t3_c6,big,big_1,1,1.4,0.98,210,210380.11,226239.28125,247362.65625,253647.65625,267868.375,16,16.54112116655836,HI,253647.65625,15665.78125,269313.4375,210380.109375,41629.09375
test_id_test_id_000190_28,test_id_000190,52,diverse_fill_1,4,0,test_id_000190_t4_c0,little,little_1,2,1.2,0.93,51,103009.77,97815.734375,112664.84375,116789.984375,127116.734375,16,16.54112116655836,HI,116789.984375,15665.78125,132455.765625,103009.7734375,29301.0
test_id_test_id_000190_29,test_id_000190,52,diverse_fill_1,4,1,test_id_000190_t4_c1,big,big_1,3,2.2,1.15,51,37634.65,42827.8125,55531.78125,59321.328125,68205.65625,16,16.54112116655836,HI,59321.328125,15665.78125,74987.109375,37634.6484375,25377.84375
test_id_test_id_000190_30,test_id_000190,52,diverse_fill_1,4,2,test_id_000190_t4_c2,little,little_1,3,1.5,1.0,51,81878.5,78561.75,92821.03125,96778.296875,106617.46875,16,16.54112116655836,HI,96778.296875,15665.78125,112444.078125,81878.5,28055.71875
test_id_test_id_000190_31,test_id_000190,52,diverse_fill_1,4,3,test_id_000190_t4_c3,big,big_0,0,1.0,0.9,51,79222.305,80628.671875,95112.546875,99169.171875,109235.796875,16,16.54112116655836,HI,99169.171875,15665.78125,114834.953125,79222.3046875,28607.125
test_id_test_id_000190_32,test_id_000190,52,diverse_fill_1,4,4,test_id_000190_t4_c4,little,little_1,0,0.6,0.8,51,201017.23,186958.4375,207044.125,213226.1875,227348.515625,16,16.54112116655836,HI,213226.1875,15665.78125,228891.96875,201017.234375,40390.078125
test_id_test_id_000190_33,test_id_000190,52,diverse_fill_1,4,5,test_id_000190_t4_c5,big,big_0,1,1.4,0.98,51,57127.97,58306.890625,71698.53125,75553.109375,84854.484375,16,16.54112116655836,HI,75553.109375,15665.78125,91218.890625,57127.96875,26547.59375
test_id_test_id_000190_34,test_id_000190,52,diverse_fill_1,4,6,test_id_000190_t4_c6,little,little_0,1,0.9,0.86,51,137455.42,134464.46875,150817.953125,155589.484375,167073.015625,16,16.54112116655836,HI,155589.484375,15665.78125,171255.265625,137455.421875,32608.546875
test_id_test_id_000190_35,test_id_000190,101,diverse_fill_2,5,0,test_id_000190_t5_c0,big,big_0,3,2.2,1.15,100,35989.25,38453.78125,51035.84375,54841.8125,63672.0625,16,16.54112116655836,HI,54841.8125,15665.78125,70507.59375,35989.25,25218.28125
test_id_test_id_000190_36,test_id_000190,101,diverse_fill_2,5,1,test_id_000190_t5_c1,little,little_1,3,1.5,1.0,100,76247.93,72954.78125,87000.21875,90926.890625,100624.390625,16,16.54112116655836,HI,90926.890625,15665.78125,106592.671875,76247.9296875,27669.609375
test_id_test_id_000190_37,test_id_000190,101,diverse_fill_2,5,2,test_id_000190_t5_c2,big,big_1,0,1.0,0.9,100,71749.2,70636.28125,84708.09375,88704.828125,98503.921875,16,16.54112116655836,HI,88704.828125,15665.78125,104370.609375,71749.203125,27867.640625
test_id_test_id_000190_38,test_id_000190,101,diverse_fill_2,5,3,test_id_000190_t5_c3,little,little_1,0,0.6,0.8,100,189530.69,177751.09375,197237.375,203211.34375,216948.359375,16,16.54112116655836,HI,203211.34375,15665.78125,218877.125,189530.6875,39197.265625
test_id_test_id_000190_39,test_id_000190,101,diverse_fill_2,5,4,test_id_000190_t5_c4,big,big_1,1,1.4,0.98,100,54134.527,57295.46875,70687.21875,74563.25,83886.71875,16,16.54112116655836,HI,74563.25,15665.78125,90229.03125,54134.52734375,26591.25
test_id_test_id_000190_40,test_id_000190,101,diverse_fill_2,5,5,test_id_000190_t5_c5,little,little_0,1,0.9,0.86,100,124172.71,122283.484375,138067.03125,142610.03125,153695.96875,16,16.54112116655836,HI,142610.03125,15665.78125,158275.8125,124172.7109375,31412.484375
test_id_test_id_000190_41,test_id_000190,101,diverse_fill_2,5,6,test_id_000190_t5_c6,big,big_0,2,1.8,1.06,100,44649.867,47262.65625,60193.234375,64020.59375,73059.0,16,16.54112116655836,HI,64020.59375,15665.78125,79686.375,44649.8671875,25796.34375
test_id_test_id_000204_00,test_id_000204,2,source_like,0,0,test_id_000204_t0_c0,big,big_0,3,2.2,1.15,1,49809.92,53242.15625,66335.484375,70107.109375,79151.515625,16,16.54112116655836,LO,70107.109375,0.0,70107.109375,49809.921875,25909.359375
test_id_test_id_000204_01,test_id_000204,2,source_like,0,1,test_id_000204_t0_c1,little,little_1,3,1.5,1.0,1,121076.66,115282.125,130476.921875,134682.234375,145159.0625,16,16.54112116655836,LO,134682.234375,0.0,134682.234375,121076.65625,29876.9375
test_id_test_id_000204_02,test_id_000204,2,source_like,0,2,test_id_000204_t0_c2,big,big_1,0,1.0,0.9,1,104984.93,110585.78125,125806.46875,130105.375,140755.640625,16,16.54112116655836,LO,130105.375,0.0,130105.375,104984.9296875,30169.859375
test_id_test_id_000204_03,test_id_000204,2,source_like,0,3,test_id_000204_t0_c3,little,little_0,0,0.6,0.8,1,279971.28,256265.234375,280245.96875,287274.46875,303379.9375,16,16.54112116655836,LO,287274.46875,0.0,287274.46875,279971.28125,47114.703125
test_id_test_id_000204_04,test_id_000204,2,source_like,0,4,test_id_000204_t0_c4,big,big_1,1,1.4,0.98,1,79008.84,80005.5,94278.59375,98241.125,108108.65625,16,16.54112116655836,LO,98241.125,0.0,98241.125,79008.84375,28103.15625
test_id_test_id_000204_05,test_id_000204,2,source_like,0,5,test_id_000204_t0_c5,little,little_1,1,0.9,0.86,1,185866.02,186969.875,206067.09375,211822.65625,225039.328125,16,16.54112116655836,LO,211822.65625,0.0,211822.65625,185866.015625,38069.453125
test_id_test_id_000204_06,test_id_000204,2,source_like,0,6,test_id_000204_t0_c6,big,big_0,2,1.8,1.06,1,62126.74,65623.59375,79286.921875,83116.125,92497.765625,16,16.54112116655836,LO,83116.125,0.0,83116.125,62126.73828125,26874.171875
test_id_test_id_000204_07,test_id_000204,11,sink_like,1,0,test_id_000204_t1_c0,little,little_1,3,1.5,1.0,10,133624.17,134270.75,150221.8125,154753.3125,165776.09375,16,16.54112116655836,LO,154753.3125,0.0,154753.3125,133624.171875,31505.34375
test_id_test_id_000204_08,test_id_000204,11,sink_like,1,1,test_id_000204_t1_c1,big,big_1,0,1.0,0.9,10,112855.22,119772.640625,135334.5,139756.578125,150627.421875,16,16.54112116655836,LO,139756.578125,0.0,139756.578125,112855.21875,30854.78125
test_id_test_id_000204_09,test_id_000204,11,sink_like,1,2,test_id_000204_t1_c2,little,little_0,0,0.6,0.8,10,255438.19,263209.5,287503.125,294618.5625,310837.4375,16,16.54112116655836,LO,294618.5625,0.0,294618.5625,255438.1875,47627.9375
test_id_test_id_000204_10,test_id_000204,11,sink_like,1,3,test_id_000204_t1_c3,big,big_0,1,1.4,0.98,10,109393.73,119840.375,135333.78125,139682.296875,150425.40625,16,16.54112116655836,LO,139682.296875,0.0,139682.296875,109393.7265625,30585.03125
test_id_test_id_000204_11,test_id_000204,11,sink_like,1,4,test_id_000204_t1_c4,little,little_1,1,0.9,0.86,10,188548.12,191701.75,210955.796875,216753.25,230052.9375,16,16.54112116655836,LO,216753.25,0.0,216753.25,188548.125,38351.1875
test_id_test_id_000204_12,test_id_000204,11,sink_like,1,5,test_id_000204_t1_c5,big,big_1,2,1.8,1.06,10,95666.54,98777.640625,113618.4375,117692.65625,127935.859375,16,16.54112116655836,LO,117692.65625,0.0,117692.65625,95666.5390625,29158.21875
test_id_test_id_000204_13,test_id_000204,11,sink_like,1,6,test_id_000204_t1_c6,little,little_0,2,1.2,0.93,10,140804.8,146394.84375,162975.8125,167802.03125,179321.375,16,16.54112116655836,LO,167802.03125,0.0,167802.03125,140804.796875,32926.53125
test_id_test_id_000204_14,test_id_000204,231,middle,2,0,test_id_000204_t2_c0,big,big_1,0,1.0,0.9,230,229882.39,237761.65625,259656.75,266155.09375,280822.59375,16,16.54112116655836,LO,266155.09375,0.0,266155.09375,229882.390625,43060.9375
test_id_test_id_000204_15,test_id_000204,231,middle,2,1,test_id_000204_t2_c1,little,little_1,0,0.6,0.8,230,532059.3,517918.4375,559007.375,570699.375,593279.875,16,16.54112116655836,LO,570699.375,0.0,570699.375,532059.3125,75361.4375
test_id_test_id_000204_16,test_id_000204,231,middle,2,2,test_id_000204_t2_c2,big,big_1,1,1.4,0.98,230,200789.56,205043.78125,224957.53125,230928.0,244536.125,16,16.54112116655836,LO,230928.0,0.0,230928.0,200789.5625,39492.34375
test_id_test_id_000204_17,test_id_000204,231,middle,2,3,test_id_000204_t2_c3,little,little_0,1,0.9,0.86,230,393851.6,399771.65625,433445.1875,442943.21875,463262.25,16,16.54112116655836,LO,442943.21875,0.0,442943.21875,393851.59375,63490.59375
test_id_test_id_000204_18,test_id_000204,231,middle,2,4,test_id_000204_t2_c4,big,big_0,2,1.8,1.06,230,138199.64,147259.078125,163852.15625,168643.734375,180109.4375,16,16.54112116655836,LO,168643.734375,0.0,168643.734375,138199.640625,32850.359375
test_id_test_id_000204_19,test_id_000204,231,middle,2,5,test_id_000204_t2_c5,little,little_0,2,1.2,0.93,230,314303.44,320565.71875,348026.125,355842.0625,373195.9375,16,16.54112116655836,LO,355842.0625,0.0,355842.0625,314303.4375,52630.21875
test_id_test_id_000204_20,test_id_000204,231,middle,2,6,test_id_000204_t2_c6,big,big_0,3,2.2,1.15,230,132724.7,150419.625,167255.375,172120.390625,183731.4375,16,16.54112116655836,LO,172120.390625,0.0,172120.390625,132724.703125,33311.8125
test_id_test_id_000204_21,test_id_000204,130,high_degree,3,0,test_id_000204_t3_c0,little,little_1,0,0.6,0.8,129,416451.94,426536.65625,460788.96875,470302.125,490410.71875,16,16.54112116655836,LO,470302.125,0.0,470302.125,416451.9375,63874.0625
test_id_test_id_000204_22,test_id_000204,130,high_degree,3,1,test_id_000204_t3_c1,big,big_1,1,1.4,0.98,129,157321.78,156893.15625,174027.15625,179045.5625,190905.65625,16,16.54112116655836,LO,179045.5625,0.0,179045.5625,157321.78125,34012.5
test_id_test_id_000204_23,test_id_000204,130,high_degree,3,2,test_id_000204_t3_c2,little,little_1,1,0.9,0.86,129,310993.78,309909.09375,336428.625,343975.0625,360819.21875,16,16.54112116655836,LO,343975.0625,0.0,343975.0625,310993.78125,50910.125
test_id_test_id_000204_24,test_id_000204,130,high_degree,3,3,test_id_000204_t3_c3,big,big_0,2,1.8,1.06,129,164627.83,158555.09375,175806.9375,180851.25,192765.90625,16,16.54112116655836,LO,180851.25,0.0,180851.25,164627.828125,34210.8125
test_id_test_id_000204_25,test_id_000204,130,high_degree,3,4,test_id_000204_t3_c4,little,little_0,2,1.2,0.93,129,269109.16,259529.875,282655.40625,289402.1875,304587.4375,16,16.54112116655836,LO,289402.1875,0.0,289402.1875,269109.15625,45057.5625
test_id_test_id_000204_26,test_id_000204,130,high_degree,3,5,test_id_000204_t3_c5,big,big_1,3,2.2,1.15,129,119435.734,118986.890625,134315.015625,138567.546875,149127.75,16,16.54112116655836,LO,138567.546875,0.0,138567.546875,119435.734375,30140.859375
test_id_test_id_000204_27,test_id_000204,130,high_degree,3,6,test_id_000204_t3_c6,little,little_0,3,1.5,1.0,129,233102.48,218072.1875,238644.890625,244765.984375,258667.84375,16,16.54112116655836,LO,244765.984375,0.0,244765.984375,233102.484375,40595.65625
test_id_test_id_000204_28,test_id_000204,153,communication_heavy,4,0,test_id_000204_t4_c0,big,big_1,1,1.4,0.98,152,286123.12,266578.78125,290259.34375,297172.84375,312694.5,16,16.54112116655836,LO,297172.84375,0.0,297172.84375,286123.125,46115.71875
test_id_test_id_000204_29,test_id_000204,153,communication_heavy,4,1,test_id_000204_t4_c1,little,little_0,1,0.9,0.86,152,536009.06,516093.5,559494.75,572068.125,596463.375,16,16.54112116655836,LO,572068.125,0.0,572068.125,536009.0625,80369.875
test_id_test_id_000204_30,test_id_000204,153,communication_heavy,4,2,test_id_000204_t4_c2,big,big_1,2,1.8,1.06,152,267707.5,255709.84375,278733.59375,285508.0,300733.46875,16,16.54112116655836,LO,285508.0,0.0,285508.0,267707.5,45023.625
test_id_test_id_000204_31,test_id_000204,153,communication_heavy,4,3,test_id_000204_t4_c3,little,little_1,2,1.2,0.93,152,412486.62,385319.90625,418032.4375,427263.8125,447198.46875,16,16.54112116655836,LO,427263.8125,0.0,427263.8125,412486.625,61878.5625
test_id_test_id_000204_32,test_id_000204,153,communication_heavy,4,4,test_id_000204_t4_c4,big,big_0,3,2.2,1.15,152,162818.25,182058.9375,200752.15625,206354.5,219286.46875,16,16.54112116655836,LO,206354.5,0.0,206354.5,162818.25,37227.53125
test_id_test_id_000204_33,test_id_000204,153,communication_heavy,4,5,test_id_000204_t4_c5,little,little_0,3,1.5,1.0,152,306154.0,311990.375,338821.4375,346482.5,363550.75,16,16.54112116655836,LO,346482.5,0.0,346482.5,306154.0,51560.375
test_id_test_id_000204_34,test_id_000204,153,communication_heavy,4,6,test_id_000204_t4_c6,big,big_1,0,1.0,0.9,152,424090.56,396218.21875,429895.5,439413.75,459821.65625,16,16.54112116655836,LO,439413.75,0.0,439413.75,424090.5625,63603.4375
test_id_test_id_000204_35,test_id_000204,370,random,5,0,test_id_000204_t5_c0,little,little_0,1,0.9,0.86,369,277954.78,265840.84375,289262.03125,296046.34375,311329.90625,16,16.54112116655836,LO,296046.34375,0.0,296046.34375,277954.78125,45489.0625
test_id_test_id_000204_36,test_id_000204,370,random,5,1,test_id_000204_t5_c1,big,big_1,2,1.8,1.06,369,126569.03,123352.875,138832.296875,143167.296875,153860.5,16,16.54112116655836,LO,143167.296875,0.0,143167.296875,126569.03125,30507.625
test_id_test_id_000204_37,test_id_000204,370,random,5,2,test_id_000204_t5_c2,little,little_0,2,1.2,0.93,369,237472.88,223759.125,244772.859375,251047.03125,265247.90625,16,16.54112116655836,LO,251047.03125,0.0,251047.03125,237472.875,41488.78125
test_id_test_id_000204_38,test_id_000204,370,random,5,3,test_id_000204_t5_c3,big,big_0,3,2.2,1.15,369,112053.95,110214.796875,125262.859375,129411.890625,139797.140625,16,16.54112116655836,LO,129411.890625,0.0,129411.890625,112053.953125,29582.34375
test_id_test_id_000204_39,test_id_000204,370,random,5,4,test_id_000204_t5_c4,little,little_1,3,1.5,1.0,369,197329.33,192646.03125,211822.6875,217563.875,230738.078125,16,16.54112116655836,LO,217563.875,0.0,217563.875,197329.328125,38092.046875
test_id_test_id_000204_40,test_id_000204,370,random,5,5,test_id_000204_t5_c5,big,big_0,0,1.0,0.9,369,230474.31,221406.5625,242256.546875,248474.6875,262581.625,16,16.54112116655836,LO,248474.6875,0.0,248474.6875,230474.3125,41175.0625
test_id_test_id_000204_41,test_id_000204,370,random,5,6,test_id_000204_t5_c6,little,little_1,0,0.6,0.8,369,452836.2,441411.78125,476289.1875,485926.5,506029.96875,16,16.54112116655836,LO,485926.5,0.0,485926.5,452836.1875,64618.1875
test_id_test_id_000219_00,test_id_000219,88,source_like,0,0,test_id_000219_t0_c0,little,little_1,1,0.9,0.86,87,107812.54,100122.0625,115153.609375,119409.5,129992.21875,16,16.54112116655836,HI,119409.5,15665.78125,135075.28125,107812.5390625,29870.15625
test_id_test_id_000219_01,test_id_000219,88,source_like,0,1,test_id_000219_t0_c1,big,big_0,2,1.8,1.06,87,33506.438,37077.125,49638.859375,53467.96875,62319.484375,16,16.54112116655836,HI,53467.96875,15665.78125,69133.75,33506.4375,25242.359375
test_id_test_id_000219_02,test_id_000219,88,source_like,0,2,test_id_000219_t0_c2,little,little_1,2,1.2,0.93,87,80899.38,78351.34375,92723.28125,96749.25,106725.359375,16,16.54112116655836,HI,96749.25,15665.78125,112415.03125,80899.3828125,28374.015625
test_id_test_id_000219_03,test_id_000219,88,source_like,0,3,test_id_000219_t0_c3,big,big_0,3,2.2,1.15,87,30048.166,31174.84375,43641.28125,47508.578125,56314.109375,16,16.54112116655836,HI,47508.578125,15665.78125,63174.359375,30048.166015625,25139.265625
test_id_test_id_000219_04,test_id_000219,88,source_like,0,4,test_id_000219_t0_c4,little,little_0,3,1.5,1.0,87,59239.59,60266.375,73754.109375,77616.40625,86968.296875,16,16.54112116655836,HI,77616.40625,15665.78125,93282.1875,59239.58984375,26701.921875
test_id_test_id_000219_05,test_id_000219,88,source_like,0,5,test_id_000219_t0_c5,big,big_0,0,1.0,0.9,87,67530.33,66165.5625,80162.296875,84148.671875,93841.828125,16,16.54112116655836,HI,84148.671875,15665.78125,99814.453125,67530.328125,27676.265625
test_id_test_id_000219_06,test_id_000219,88,source_like,0,6,test_id_000219_t0_c6,little,little_0,0,0.6,0.8,87,138090.95,136600.953125,153284.40625,158200.65625,169937.4375,16,16.54112116655836,HI,158200.65625,15665.78125,173866.4375,138090.953125,33336.484375
test_id_test_id_000219_07,test_id_000219,458,sink_like,1,0,test_id_000219_t1_c0,big,big_0,2,1.8,1.06,457,429072.72,411889.5625,446981.8125,456915.8125,477987.75,16,16.54112116655836,HI,456915.8125,15665.78125,472581.59375,429072.71875,66098.1875
test_id_test_id_000219_08,test_id_000219,458,sink_like,1,1,test_id_000219_t1_c1,little,little_0,2,1.2,0.93,457,501662.2,489339.03125,530925.5625,542924.25,566766.125,16,16.54112116655836,HI,542924.25,15665.78125,558590.03125,501662.1875,77427.09375
test_id_test_id_000219_09,test_id_000219,458,sink_like,1,2,test_id_000219_t1_c2,big,big_1,3,2.2,1.15,457,286194.78,279121.5,303595.78125,310689.6875,326580.46875,16,16.54112116655836,HI,310689.6875,15665.78125,326355.46875,286194.78125,47458.96875
test_id_test_id_000219_10,test_id_000219,458,sink_like,1,3,test_id_000219_t1_c3,little,little_1,3,1.5,1.0,457,564987.44,516527.03125,561102.875,574172.0,599501.0,16,16.54112116655836,HI,574172.0,15665.78125,589837.78125,564987.4375,82973.96875
test_id_test_id_000219_11,test_id_000219,458,sink_like,1,4,test_id_000219_t1_c4,big,big_1,0,1.0,0.9,457,529020.7,521904.53125,565860.125,578658.5,603277.0,16,16.54112116655836,HI,578658.5,15665.78125,594324.28125,529020.6875,81372.46875
test_id_test_id_000219_12,test_id_000219,458,sink_like,1,5,test_id_000219_t1_c5,little,little_0,0,0.6,0.8,457,1095613.6,927708.75,1013857.8125,1036494.5625,1088363.0,16,16.54112116655836,HI,1036494.5625,15665.78125,1052160.34375,1095613.625,160654.25
test_id_test_id_000219_13,test_id_000219,458,sink_like,1,6,test_id_000219_t1_c6,big,big_0,1,1.4,0.98,457,632583.3,577722.25,627634.5,642567.25,670012.3125,16,16.54112116655836,HI,642567.25,15665.78125,658233.03125,632583.3125,92290.0625
test_id_test_id_000219_14,test_id_000219,316,middle,2,0,test_id_000219_t2_c0,little,little_0,2,1.2,0.93,315,527007.7,495768.90625,537962.5625,550174.0,574286.5,16,16.54112116655836,HI,550174.0,15665.78125,565839.78125,527007.6875,78517.59375
test_id_test_id_000219_15,test_id_000219,316,middle,2,1,test_id_000219_t2_c1,big,big_1,3,2.2,1.15,315,266546.62,277055.8125,301399.40625,308463.78125,324301.0,16,16.54112116655836,HI,308463.78125,15665.78125,324129.5625,266546.625,47245.1875
test_id_test_id_000219_16,test_id_000219,316,middle,2,2,test_id_000219_t2_c2,little,little_1,3,1.5,1.0,315,349926.34,374167.46875,405924.6875,414873.0,434329.5,16,16.54112116655836,HI,414873.0,15665.78125,430538.78125,349926.34375,60162.03125
test_id_test_id_000219_17,test_id_000219,316,middle,2,3,test_id_000219_t2_c3,big,big_1,0,1.0,0.9,315,608314.25,566546.0,614367.5,628525.3125,654638.8125,16,16.54112116655836,HI,628525.3125,15665.78125,644191.09375,608314.25,88092.8125
test_id_test_id_000219_18,test_id_000219,316,middle,2,4,test_id_000219_t2_c4,little,little_1,0,0.6,0.8,315,1049926.5,1046290.5625,1151415.875,1177418.5,1254122.375,16,16.54112116655836,HI,1177418.5,15665.78125,1193084.28125,1049926.5,207831.8125
test_id_test_id_000219_19,test_id_000219,316,middle,2,5,test_id_000219_t2_c5,big,big_1,1,1.4,0.98,315,396339.28,390636.46875,423721.59375,433035.8125,453112.21875,16,16.54112116655836,HI,433035.8125,15665.78125,448701.59375,396339.28125,62475.75
test_id_test_id_000219_20,test_id_000219,316,middle,2,6,test_id_000219_t2_c6,little,little_1,1,0.9,0.86,315,724925.75,696064.75,756278.8125,774506.375,806294.25,16,16.54112116655836,HI,774506.375,15665.78125,790172.15625,724925.75,110229.5
test_id_test_id_000219_21,test_id_000219,421,communication_heavy,3,0,test_id_000219_t3_c0,big,big_1,3,2.2,1.15,420,293439.44,274002.0,298149.375,305169.8125,320910.375,16,16.54112116655836,HI,305169.8125,15665.78125,320835.59375,293439.4375,46908.375
test_id_test_id_000219_22,test_id_000219,421,communication_heavy,3,1,test_id_000219_t3_c1,little,little_1,3,1.5,1.0,420,422876.12,408459.375,443192.1875,453017.25,473899.9375,16,16.54112116655836,HI,453017.25,15665.78125,468683.03125,422876.125,65440.5625
test_id_test_id_000219_23,test_id_000219,421,communication_heavy,3,2,test_id_000219_t3_c2,big,big_1,0,1.0,0.9,420,443687.6,429184.4375,465446.3125,475720.875,497235.0625,16,16.54112116655836,HI,475720.875,15665.78125,491386.65625,443687.59375,68050.625
test_id_test_id_000219_24,test_id_000219,421,communication_heavy,3,3,test_id_000219_t3_c3,little,little_0,0,0.6,0.8,420,693949.94,699595.25,757112.875,774642.8125,804184.875,16,16.54112116655836,HI,774642.8125,15665.78125,790308.59375,693949.9375,104589.625
test_id_test_id_000219_25,test_id_000219,421,communication_heavy,3,4,test_id_000219_t3_c4,big,big_0,1,1.4,0.98,420,525145.94,476919.375,517572.65625,529284.75,552781.3125,16,16.54112116655836,HI,529284.75,15665.78125,544950.53125,525145.9375,75861.9375
test_id_test_id_000219_26,test_id_000219,421,communication_heavy,3,5,test_id_000219_t3_c5,little,little_0,1,0.9,0.86,420,671573.0,640762.125,695088.25,711456.875,740224.0,16,16.54112116655836,HI,711456.875,15665.78125,727122.65625,671573.0,99461.875
test_id_test_id_000219_27,test_id_000219,421,communication_heavy,3,6,test_id_000219_t3_c6,big,big_1,2,1.8,1.06,420,413565.1,358708.9375,389214.5625,397819.625,416688.96875,16,16.54112116655836,HI,397819.625,15665.78125,413485.40625,413565.09375,57980.03125
test_id_test_id_000219_28,test_id_000219,61,random,4,0,test_id_000219_t4_c0,little,little_0,3,1.5,1.0,60,106458.65,106288.5625,121274.046875,125415.0625,135777.109375,16,16.54112116655836,HI,125415.0625,15665.78125,141080.84375,106458.6484375,29488.546875
test_id_test_id_000219_29,test_id_000219,61,random,4,1,test_id_000219_t4_c1,big,big_0,0,1.0,0.9,60,107782.76,103852.25,118961.25,123218.78125,133799.1875,16,16.54112116655836,HI,123218.78125,15665.78125,138884.5625,107782.7578125,29946.9375
test_id_test_id_000219_30,test_id_000219,61,random,4,2,test_id_000219_t4_c2,little,little_1,0,0.6,0.8,60,291199.47,276775.6875,301544.5,308541.1875,324675.59375,16,16.54112116655836,HI,308541.1875,15665.78125,324206.96875,291199.46875,47899.90625
test_id_test_id_000219_31,test_id_000219,61,random,4,3,test_id_000219_t4_c3,big,big_0,1,1.4,0.98,60,78581.03,83532.3125,97961.265625,101922.453125,111835.265625,16,16.54112116655836,HI,101922.453125,15665.78125,117588.234375,78581.03125,28302.953125
test_id_test_id_000219_32,test_id_000219,61,random,4,4,test_id_000219_t4_c4,little,little_0,1,0.9,0.86,60,188796.88,179687.328125,198477.953125,204163.25,217250.65625,16,16.54112116655836,HI,204163.25,15665.78125,219829.03125,188796.875,37563.328125
test_id_test_id_000219_33,test_id_000219,61,random,4,5,test_id_000219_t4_c5,big,big_1,2,1.8,1.06,60,62268.79,60766.703125,74181.875,77990.328125,87248.859375,16,16.54112116655836,HI,77990.328125,15665.78125,93656.109375,62268.7890625,26482.15625
test_id_test_id_000219_34,test_id_000219,61,random,4,6,test_id_000219_t4_c6,little,little_1,2,1.2,0.93,60,143321.2,135339.421875,151355.3125,155967.609375,167108.734375,16,16.54112116655836,HI,155967.609375,15665.78125,171633.390625,143321.203125,31769.3125
test_id_test_id_000219_35,test_id_000219,336,diverse_fill_1,5,0,test_id_000219_t5_c0,big,big_0,0,1.0,0.9,335,331895.7,360582.8125,391250.125,399912.625,418877.0,16,16.54112116655836,HI,399912.625,15665.78125,415578.40625,331895.6875,58294.1875
test_id_test_id_000219_36,test_id_000219,336,diverse_fill_1,5,1,test_id_000219_t5_c1,little,little_0,0,0.6,0.8,335,489201.0,567315.0,612936.25,626271.75,650645.5,16,16.54112116655836,HI,626271.75,15665.78125,641937.53125,489201.0,83330.5
test_id_test_id_000219_37,test_id_000219,336,diverse_fill_1,5,2,test_id_000219_t5_c2,big,big_1,1,1.4,0.98,335,225467.83,262565.4375,285928.03125,292743.96875,308062.125,16,16.54112116655836,HI,292743.96875,15665.78125,308409.75,225467.828125,45496.6875
test_id_test_id_000219_38,test_id_000219,336,diverse_fill_1,5,3,test_id_000219_t5_c3,little,little_0,1,0.9,0.86,335,442316.22,509811.84375,552931.25,565445.75,589802.8125,16,16.54112116655836,HI,565445.75,15665.78125,581111.53125,442316.21875,79990.96875
test_id_test_id_000219_39,test_id_000219,336,diverse_fill_1,5,4,test_id_000219_t5_c4,big,big_0,2,1.8,1.06,335,180496.48,219833.15625,240635.53125,246859.53125,260956.46875,16,16.54112116655836,HI,246859.53125,15665.78125,262525.3125,180496.484375,41123.3125
test_id_test_id_000219_40,test_id_000219,336,diverse_fill_1,5,5,test_id_000219_t5_c5,little,little_0,2,1.2,0.93,335,221864.53,279189.65625,303619.03125,310683.09375,326525.5625,16,16.54112116655836,HI,310683.09375,15665.78125,326348.875,221864.53125,47335.90625
test_id_test_id_000219_41,test_id_000219,336,diverse_fill_1,5,6,test_id_000219_t5_c6,big,big_1,3,2.2,1.15,335,142137.67,180536.375,199053.1875,204579.453125,217359.75,16,16.54112116655836,HI,204579.453125,15665.78125,220245.234375,142137.671875,36823.375
test_id_test_id_000233_00,test_id_000233,2,source_like,0,0,test_id_000233_t0_c0,little,little_0,1,0.9,0.86,1,78184.445,76589.328125,91182.375,95336.109375,105546.25,16,16.54112116655836,LO,95336.109375,0.0,95336.109375,78184.4453125,28956.921875
test_id_test_id_000233_01,test_id_000233,2,source_like,0,1,test_id_000233_t0_c1,big,big_1,2,1.8,1.06,1,24603.604,26623.453125,39091.265625,43044.796875,51938.421875,16,16.54112116655836,LO,43044.796875,0.0,43044.796875,24603.603515625,25314.96875
test_id_test_id_000233_02,test_id_000233,2,source_like,0,2,test_id_000233_t0_c2,little,little_0,2,1.2,0.93,1,57954.87,60666.5625,74372.90625,78326.5625,87854.953125,16,16.54112116655836,LO,78326.5625,0.0,78326.5625,57954.87109375,27188.390625
test_id_test_id_000233_03,test_id_000233,2,source_like,0,3,test_id_000233_t0_c3,big,big_1,3,2.2,1.15,1,21195.574,24228.390625,36725.21875,40724.140625,49659.234375,16,16.54112116655836,LO,40724.140625,0.0,40724.140625,21195.57421875,25430.84375
test_id_test_id_000233_04,test_id_000233,2,source_like,0,4,test_id_000233_t0_c4,little,little_1,3,1.5,1.0,1,42607.605,42540.4375,55239.46875,59053.921875,67994.640625,16,16.54112116655836,LO,59053.921875,0.0,59053.921875,42607.60546875,25454.203125
test_id_test_id_000233_05,test_id_000233,2,source_like,0,5,test_id_000233_t0_c5,big,big_0,0,1.0,0.9,1,45656.56,49080.171875,62281.125,66229.265625,75533.609375,16,16.54112116655836,LO,66229.265625,0.0,66229.265625,45656.55859375,26453.4375
test_id_test_id_000233_06,test_id_000233,2,source_like,0,6,test_id_000233_t0_c6,little,little_0,0,0.6,0.8,1,108345.01,107422.5,122894.953125,127356.375,138328.125,16,16.54112116655836,LO,127356.375,0.0,127356.375,108345.0078125,30905.625
test_id_test_id_000233_07,test_id_000233,4,sink_like,1,0,test_id_000233_t1_c0,big,big_1,2,1.8,1.06,3,169236.7,170833.90625,188862.5625,194219.78125,206702.1875,16,16.54112116655836,LO,194219.78125,0.0,194219.78125,169236.703125,35868.28125
test_id_test_id_000233_08,test_id_000233,4,sink_like,1,1,test_id_000233_t1_c1,little,little_1,2,1.2,0.93,3,322893.78,301587.09375,327591.3125,335033.59375,351651.03125,16,16.54112116655836,LO,335033.59375,0.0,335033.59375,322893.78125,50063.9375
test_id_test_id_000233_09,test_id_000233,4,sink_like,1,2,test_id_000233_t1_c2,big,big_0,3,2.2,1.15,3,154713.2,148656.953125,165470.625,170333.28125,181952.40625,16,16.54112116655836,LO,170333.28125,0.0,170333.28125,154713.203125,33295.453125
test_id_test_id_000233_10,test_id_000233,4,sink_like,1,3,test_id_000233_t1_c3,little,little_1,3,1.5,1.0,3,247653.83,236501.8125,258340.5,264842.375,279499.84375,16,16.54112116655836,LO,264842.375,0.0,264842.375,247653.828125,42998.03125
test_id_test_id_000233_11,test_id_000233,4,sink_like,1,4,test_id_000233_t1_c4,big,big_1,0,1.0,0.9,3,314973.6,294735.59375,320278.125,327597.71875,343982.125,16,16.54112116655836,LO,327597.71875,0.0,327597.71875,314973.59375,49246.53125
test_id_test_id_000233_12,test_id_000233,4,sink_like,1,5,test_id_000233_t1_c5,little,little_0,0,0.6,0.8,3,519492.38,524376.4375,565815.25,577609.875,600274.25,16,16.54112116655836,LO,577609.875,0.0,577609.875,519492.375,75897.8125
test_id_test_id_000233_13,test_id_000233,4,sink_like,1,6,test_id_000233_t1_c6,big,big_1,1,1.4,0.98,3,233772.86,215205.46875,235815.6875,242011.140625,256060.09375,16,16.54112116655836,LO,242011.140625,0.0,242011.140625,233772.859375,40854.625
test_id_test_id_000233_14,test_id_000233,60,middle,2,0,test_id_000233_t2_c0,little,little_1,2,1.2,0.93,59,127734.8,134418.671875,150495.203125,155117.984375,166310.84375,16,16.54112116655836,LO,155117.984375,0.0,155117.984375,127734.796875,31892.171875
test_id_test_id_000233_15,test_id_000233,60,middle,2,1,test_id_000233_t2_c1,big,big_0,3,2.2,1.15,59,66017.26,67260.125,80963.984375,84826.171875,94310.8125,16,16.54112116655836,LO,84826.171875,0.0,84826.171875,66017.2578125,27050.6875
test_id_test_id_000233_16,test_id_000233,60,middle,2,2,test_id_000233_t2_c2,little,little_1,3,1.5,1.0,59,87648.875,99327.15625,114078.96875,118151.5625,128380.5625,16,16.54112116655836,LO,118151.5625,0.0,118151.5625,87648.875,29053.40625
test_id_test_id_000233_17,test_id_000233,60,middle,2,3,test_id_000233_t2_c3,big,big_0,0,1.0,0.9,59,131684.64,141224.9375,157922.1875,162846.71875,174620.40625,16,16.54112116655836,LO,162846.71875,0.0,162846.71875,131684.640625,33395.46875
test_id_test_id_000233_18,test_id_000233,60,middle,2,4,test_id_000233_t2_c4,little,little_0,0,0.6,0.8,59,243323.83,255692.0625,279738.78125,286828.0625,303028.8125,16,16.54112116655836,LO,286828.0625,0.0,286828.0625,243323.828125,47336.75
test_id_test_id_000233_19,test_id_000233,60,middle,2,5,test_id_000233_t2_c5,big,big_1,1,1.4,0.98,59,92550.14,94487.984375,109258.96875,113361.046875,123636.96875,16,16.54112116655836,LO,113361.046875,0.0,113361.046875,92550.140625,29148.984375
test_id_test_id_000233_20,test_id_000233,60,middle,2,6,test_id_000233_t2_c6,little,little_1,1,0.9,0.86,59,180721.42,190015.078125,209309.4375,215132.109375,228508.3125,16,16.54112116655836,LO,215132.109375,0.0,215132.109375,180721.421875,38493.234375
test_id_test_id_000233_21,test_id_000233,68,high_degree,3,0,test_id_000233_t3_c0,big,big_1,3,2.2,1.15,67,111255.47,122325.421875,137744.1875,142039.65625,152666.0,16,16.54112116655836,LO,142039.65625,0.0,142039.65625,111255.46875,30340.578125
test_id_test_id_000233_22,test_id_000233,68,high_degree,3,1,test_id_000233_t3_c1,little,little_0,3,1.5,1.0,67,185216.03,195847.15625,215180.1875,220961.15625,234211.578125,16,16.54112116655836,LO,220961.15625,0.0,220961.15625,185216.03125,38364.421875
test_id_test_id_000233_23,test_id_000233,68,high_degree,3,2,test_id_000233_t3_c2,big,big_1,0,1.0,0.9,67,270868.5,254717.390625,277505.40625,284151.3125,299145.90625,16,16.54112116655836,LO,284151.3125,0.0,284151.3125,270868.5,44428.515625
test_id_test_id_000233_24,test_id_000233,68,high_degree,3,3,test_id_000233_t3_c3,little,little_1,0,0.6,0.8,67,421271.72,448015.21875,484072.75,494170.375,515062.46875,16,16.54112116655836,LO,494170.375,0.0,494170.375,421271.71875,67047.25
test_id_test_id_000233_25,test_id_000233,68,high_degree,3,4,test_id_000233_t3_c4,big,big_0,1,1.4,0.98,67,198451.6,200443.9375,220086.203125,225981.9375,239440.46875,16,16.54112116655836,LO,225981.9375,0.0,225981.9375,198451.59375,38996.53125
test_id_test_id_000233_26,test_id_000233,68,high_degree,3,5,test_id_000233_t3_c5,little,little_0,1,0.9,0.86,67,328015.88,321531.46875,348968.09375,356755.375,374075.03125,16,16.54112116655836,LO,356755.375,0.0,356755.375,328015.875,52543.5625
test_id_test_id_000233_27,test_id_000233,68,high_degree,3,6,test_id_000233_t3_c6,big,big_0,2,1.8,1.06,67,138364.9,145903.5,162408.1875,167156.5,178546.0,16,16.54112116655836,LO,167156.5,0.0,167156.5,138364.90625,32642.5
test_id_test_id_000233_28,test_id_000233,85,communication_heavy,4,0,test_id_000233_t4_c0,little,little_1,3,1.5,1.0,84,328793.28,316742.75,343919.875,351666.6875,368900.03125,16,16.54112116655836,LO,351666.6875,0.0,351666.6875,328793.28125,52157.28125
test_id_test_id_000233_29,test_id_000233,85,communication_heavy,4,1,test_id_000233_t4_c1,big,big_0,0,1.0,0.9,84,460184.66,445321.0625,483178.0,493973.4375,516261.03125,16,16.54112116655836,LO,493973.4375,0.0,493973.4375,460184.65625,70939.96875
test_id_test_id_000233_30,test_id_000233,85,communication_heavy,4,2,test_id_000233_t4_c2,little,little_1,0,0.6,0.8,84,580100.6,592694.125,640387.5,654459.125,679681.375,16,16.54112116655836,LO,654459.125,0.0,654459.125,580100.625,86987.25
test_id_test_id_000233_31,test_id_000233,85,communication_heavy,4,3,test_id_000233_t4_c3,big,big_1,1,1.4,0.98,84,369638.0,349461.21875,379269.4375,387696.875,406234.375,16,16.54112116655836,LO,387696.875,0.0,387696.875,369638.0,56773.15625
test_id_test_id_000233_32,test_id_000233,85,communication_heavy,4,4,test_id_000233_t4_c4,little,little_0,1,0.9,0.86,84,550295.3,519714.4375,563325.75,575968.375,600391.4375,16,16.54112116655836,LO,575968.375,0.0,575968.375,550295.3125,80677.0
test_id_test_id_000233_33,test_id_000233,85,communication_heavy,4,5,test_id_000233_t4_c5,big,big_0,2,1.8,1.06,84,259350.83,245307.09375,267682.28125,274308.3125,289220.34375,16,16.54112116655836,LO,274308.3125,0.0,274308.3125,259350.828125,43913.25
test_id_test_id_000233_34,test_id_000233,85,communication_heavy,4,6,test_id_000233_t4_c6,little,little_1,2,1.2,0.93,84,427471.8,405322.8125,439730.125,449459.5625,470187.375,16,16.54112116655836,LO,449459.5625,0.0,449459.5625,427471.8125,64864.5625
test_id_test_id_000233_35,test_id_000233,28,random,5,0,test_id_000233_t5_c0,big,big_1,0,1.0,0.9,27,131930.08,129149.078125,145249.75,149934.03125,161272.3125,16,16.54112116655836,LO,149934.03125,0.0,149934.03125,131930.078125,32123.234375
test_id_test_id_000233_36,test_id_000233,28,random,5,1,test_id_000233_t5_c1,little,little_0,0,0.6,0.8,27,342463.47,292733.90625,318020.625,325022.5625,341300.125,16,16.54112116655836,LO,325022.5625,0.0,325022.5625,342463.46875,48566.21875
test_id_test_id_000233_37,test_id_000233,28,random,5,2,test_id_000233_t5_c2,big,big_1,1,1.4,0.98,27,105622.766,99094.015625,113916.734375,117999.734375,128256.890625,16,16.54112116655836,LO,117999.734375,0.0,117999.734375,105622.765625,29162.875
test_id_test_id_000233_38,test_id_000233,28,random,5,3,test_id_000233_t5_c3,little,little_1,1,0.9,0.86,27,233619.55,233562.0,255090.296875,261404.8125,275761.125,16,16.54112116655836,LO,261404.8125,0.0,261404.8125,233619.546875,42199.125
test_id_test_id_000233_39,test_id_000233,28,random,5,4,test_id_000233_t5_c4,big,big_0,2,1.8,1.06,27,81326.76,80421.59375,94650.375,98573.53125,108379.40625,16,16.54112116655836,LO,98573.53125,0.0,98573.53125,81326.7578125,27957.8125
test_id_test_id_000233_40,test_id_000233,28,random,5,5,test_id_000233_t5_c5,little,little_1,2,1.2,0.93,27,188728.62,168691.6875,186469.65625,191765.21875,204105.9375,16,16.54112116655836,LO,191765.21875,0.0,191765.21875,188728.625,35414.25
test_id_test_id_000233_41,test_id_000233,28,random,5,6,test_id_000233_t5_c6,big,big_0,3,2.2,1.15,27,66252.664,63224.03125,76745.015625,80561.703125,89888.5625,16,16.54112116655836,LO,80561.703125,0.0,80561.703125,66252.6640625,26664.53125
test_id_test_id_000241_00,test_id_000241,19,source_like,0,0,test_id_000241_t0_c0,little,little_1,1,0.9,0.86,18,207198.47,196623.84375,216310.375,222264.015625,235850.71875,16,16.54112116655836,HI,222264.015625,15665.78125,237929.796875,207198.46875,39226.875
test_id_test_id_000241_01,test_id_000241,19,source_like,0,1,test_id_000241_t0_c1,big,big_1,2,1.8,1.06,18,70092.336,72884.4375,86848.3125,90732.78125,100353.96875,16,16.54112116655836,HI,90732.78125,15665.78125,106398.5625,70092.3359375,27469.53125
test_id_test_id_000241_02,test_id_000241,19,source_like,0,2,test_id_000241_t0_c2,little,little_1,2,1.2,0.93,18,149538.62,147495.0625,164238.28125,169176.046875,180876.71875,16,16.54112116655836,HI,169176.046875,15665.78125,184841.828125,149538.625,33381.65625
test_id_test_id_000241_03,test_id_000241,19,source_like,0,3,test_id_000241_t0_c3,big,big_0,3,2.2,1.15,18,54407.742,56806.65625,70081.109375,73885.859375,83068.40625,16,16.54112116655836,HI,73885.859375,15665.78125,89551.640625,54407.7421875,26261.75
test_id_test_id_000241_04,test_id_000241,19,source_like,0,4,test_id_000241_t0_c4,little,little_1,3,1.5,1.0,18,123333.14,122912.359375,138357.4375,142686.9375,153361.625,16,16.54112116655836,HI,142686.9375,15665.78125,158352.71875,123333.140625,30449.265625
test_id_test_id_000241_05,test_id_000241,19,source_like,0,5,test_id_000241_t0_c5,big,big_0,0,1.0,0.9,18,109539.15,116917.5625,132496.5,136975.890625,147943.5625,16,16.54112116655836,HI,136975.890625,15665.78125,152641.671875,109539.1484375,31026.0
test_id_test_id_000241_06,test_id_000241,19,source_like,0,6,test_id_000241_t0_c6,little,little_0,0,0.6,0.8,18,291733.8,280364.53125,305199.25,312173.5,328328.46875,16,16.54112116655836,HI,312173.5,15665.78125,327839.28125,291733.8125,47963.9375
test_id_test_id_000241_07,test_id_000241,439,sink_like,1,0,test_id_000241_t1_c0,big,big_1,2,1.8,1.06,438,142247.95,156089.4375,173154.75,178130.375,189914.84375,16,16.54112116655836,HI,178130.375,15665.78125,193796.15625,142247.953125,33825.40625
test_id_test_id_000241_08,test_id_000241,439,sink_like,1,1,test_id_000241_t1_c1,little,little_0,2,1.2,0.93,438,192191.28,224071.625,244997.875,251212.96875,265299.15625,16,16.54112116655836,HI,251212.96875,15665.78125,266878.75,192191.28125,41227.53125
test_id_test_id_000241_09,test_id_000241,439,sink_like,1,2,test_id_000241_t1_c2,big,big_0,3,2.2,1.15,438,140106.75,149071.125,165797.0625,170618.71875,182146.0625,16,16.54112116655836,HI,170618.71875,15665.78125,186284.5,140106.75,33074.9375
test_id_test_id_000241_10,test_id_000241,439,sink_like,1,3,test_id_000241_t1_c3,little,little_1,3,1.5,1.0,438,210521.62,225648.984375,246667.046875,252904.6875,267033.0625,16,16.54112116655836,HI,252904.6875,15665.78125,268570.46875,210521.625,41384.078125
test_id_test_id_000241_11,test_id_000241,439,sink_like,1,4,test_id_000241_t1_c4,big,big_1,0,1.0,0.9,438,234715.39,261595.8125,284822.71875,291571.84375,306780.3125,16,16.54112116655836,HI,291571.84375,15665.78125,307237.625,234715.390625,45184.5
test_id_test_id_000241_12,test_id_000241,439,sink_like,1,5,test_id_000241_t1_c5,little,little_0,0,0.6,0.8,438,382694.06,444220.9375,480064.0,490101.5625,510921.375,16,16.54112116655836,HI,490101.5625,15665.78125,505767.34375,382694.0625,66700.4375
test_id_test_id_000241_13,test_id_000241,439,sink_like,1,6,test_id_000241_t1_c6,big,big_1,1,1.4,0.98,438,175730.44,191483.40625,210582.8125,216309.515625,229446.296875,16,16.54112116655836,HI,216309.515625,15665.78125,231975.296875,175730.4375,37962.890625
test_id_test_id_000241_14,test_id_000241,186,middle,2,0,test_id_000241_t2_c0,little,little_1,2,1.2,0.93,185,314438.0,336184.96875,364897.0625,373040.65625,391029.8125,16,16.54112116655836,HI,373040.65625,15665.78125,388706.4375,314438.0,54844.84375
test_id_test_id_000241_15,test_id_000241,186,middle,2,1,test_id_000241_t2_c1,big,big_1,3,2.2,1.15,185,140706.17,155278.03125,172332.671875,177296.828125,189070.34375,16,16.54112116655836,HI,177296.828125,15665.78125,192962.609375,140706.171875,33792.3125
test_id_test_id_000241_16,test_id_000241,186,middle,2,2,test_id_000241_t2_c2,little,little_1,3,1.5,1.0,185,223374.1,241796.03125,263826.78125,270328.65625,284989.53125,16,16.54112116655836,HI,270328.65625,15665.78125,285994.4375,223374.09375,43193.5
test_id_test_id_000241_17,test_id_000241,186,middle,2,3,test_id_000241_t2_c3,big,big_1,0,1.0,0.9,185,297904.66,272945.78125,296962.75,303915.15625,319542.625,16,16.54112116655836,HI,303915.15625,15665.78125,319580.9375,297904.65625,46596.84375
test_id_test_id_000241_18,test_id_000241,186,middle,2,4,test_id_000241_t2_c4,little,little_1,0,0.6,0.8,185,402313.12,449333.71875,485737.1875,495956.53125,517104.1875,16,16.54112116655836,HI,495956.53125,15665.78125,511622.3125,402313.125,67770.46875
test_id_test_id_000241_19,test_id_000241,186,middle,2,5,test_id_000241_t2_c5,big,big_1,1,1.4,0.98,185,170008.69,195813.5,215205.25,221025.953125,234344.9375,16,16.54112116655836,HI,221025.953125,15665.78125,236691.734375,170008.6875,38531.4375
test_id_test_id_000241_20,test_id_000241,186,middle,2,6,test_id_000241_t2_c6,little,little_1,1,0.9,0.86,185,422658.7,412717.78125,447594.0625,457457.875,478357.28125,16,16.54112116655836,HI,457457.875,15665.78125,473123.65625,422658.6875,65639.5
test_id_test_id_000241_21,test_id_000241,280,high_degree,3,0,test_id_000241_t3_c0,big,big_0,3,2.2,1.15,279,252749.14,247848.609375,270331.28125,276969.875,291910.21875,16,16.54112116655836,HI,276969.875,15665.78125,292635.65625,252749.140625,44061.609375
test_id_test_id_000241_22,test_id_000241,280,high_degree,3,1,test_id_000241_t3_c1,little,little_1,3,1.5,1.0,279,441944.56,433104.09375,470071.4375,480600.125,502542.4375,16,16.54112116655836,HI,480600.125,15665.78125,496265.90625,441944.5625,69438.34375
test_id_test_id_000241_23,test_id_000241,280,high_degree,3,2,test_id_000241_t3_c2,big,big_0,0,1.0,0.9,279,500664.1,493858.15625,535598.625,547650.75,571456.25,16,16.54112116655836,HI,547650.75,15665.78125,563316.53125,500664.09375,77598.09375
test_id_test_id_000241_24,test_id_000241,280,high_degree,3,3,test_id_000241_t3_c3,little,little_0,0,0.6,0.8,279,878132.9,814538.3125,884638.125,905271.625,942700.0,16,16.54112116655836,HI,905271.625,15665.78125,920937.40625,878132.875,128161.6875
test_id_test_id_000241_25,test_id_000241,280,high_degree,3,4,test_id_000241_t3_c4,big,big_0,1,1.4,0.98,279,299310.16,304408.25,330619.125,338113.46875,354840.25,16,16.54112116655836,HI,338113.46875,15665.78125,353779.25,299310.15625,50432.0
test_id_test_id_000241_26,test_id_000241,280,high_degree,3,5,test_id_000241_t3_c5,little,little_0,1,0.9,0.86,279,741897.75,683596.4375,742546.375,760390.625,791531.5,16,16.54112116655836,HI,760390.625,15665.78125,776056.40625,741897.75,107935.0625
test_id_test_id_000241_27,test_id_000241,280,high_degree,3,6,test_id_000241_t3_c6,big,big_1,2,1.8,1.06,279,292516.44,296354.34375,322019.78125,329390.46875,345860.71875,16,16.54112116655836,HI,329390.46875,15665.78125,345056.25,292516.4375,49506.375
test_id_test_id_000241_28,test_id_000241,377,communication_heavy,4,0,test_id_000241_t4_c0,little,little_1,3,1.5,1.0,376,448009.0,430572.125,467260.78125,477690.375,499483.5,16,16.54112116655836,HI,477690.375,15665.78125,493356.15625,448009.0,68911.375
test_id_test_id_000241_29,test_id_000241,377,communication_heavy,4,1,test_id_000241_t4_c1,big,big_0,0,1.0,0.9,376,438930.88,456743.5,495304.375,506303.0,528794.1875,16,16.54112116655836,HI,506303.0,15665.78125,521968.78125,438930.875,72050.6875
test_id_test_id_000241_30,test_id_000241,377,communication_heavy,4,2,test_id_000241_t4_c2,little,little_1,0,0.6,0.8,376,939589.44,852415.9375,927336.875,948705.0,989943.0625,16,16.54112116655836,HI,948705.0,15665.78125,964370.78125,939589.4375,137527.125
test_id_test_id_000241_31,test_id_000241,377,communication_heavy,4,3,test_id_000241_t4_c3,big,big_1,1,1.4,0.98,376,448429.56,429771.0,466261.09375,476615.0,498278.40625,16,16.54112116655836,HI,476615.0,15665.78125,492280.78125,448429.5625,68507.40625
test_id_test_id_000241_32,test_id_000241,377,communication_heavy,4,4,test_id_000241_t4_c4,little,little_1,1,0.9,0.86,376,693654.44,722465.75,785812.625,804945.375,838545.875,16,16.54112116655836,HI,804945.375,15665.78125,820611.15625,693654.4375,116080.125
test_id_test_id_000241_33,test_id_000241,377,communication_heavy,4,5,test_id_000241_t4_c5,big,big_0,2,1.8,1.06,376,413369.97,394939.46875,428595.09375,438107.21875,458517.5,16,16.54112116655836,HI,438107.21875,15665.78125,453773.0,413369.96875,63578.03125
test_id_test_id_000241_34,test_id_000241,377,communication_heavy,4,6,test_id_000241_t4_c6,little,little_1,2,1.2,0.93,376,488505.3,463188.96875,502508.375,513762.125,536645.5,16,16.54112116655836,HI,513762.125,15665.78125,529427.90625,488505.3125,73456.53125
test_id_test_id_000241_35,test_id_000241,308,random,5,0,test_id_000241_t5_c0,big,big_0,0,1.0,0.9,307,185519.78,201824.53125,221606.09375,227574.484375,241169.21875,16,16.54112116655836,HI,227574.484375,15665.78125,243240.265625,185519.78125,39344.6875
test_id_test_id_000241_36,test_id_000241,308,random,5,1,test_id_000241_t5_c1,little,little_1,0,0.6,0.8,307,394544.38,443962.90625,479253.21875,489047.375,509392.9375,16,16.54112116655836,HI,489047.375,15665.78125,504713.15625,394544.375,65430.03125
test_id_test_id_000241_37,test_id_000241,308,random,5,2,test_id_000241_t5_c2,big,big_1,1,1.4,0.98,307,133023.1,151821.375,168655.65625,173559.171875,185213.96875,16,16.54112116655836,HI,173559.171875,15665.78125,189224.953125,133023.09375,33392.59375
test_id_test_id_000241_38,test_id_000241,308,random,5,3,test_id_000241_t5_c3,little,little_0,1,0.9,0.86,307,317932.28,332914.4375,361259.6875,369287.65625,387064.875,16,16.54112116655836,HI,369287.65625,15665.78125,384953.4375,317932.28125,54150.4375
test_id_test_id_000241_39,test_id_000241,308,random,5,4,test_id_000241_t5_c4,big,big_0,2,1.8,1.06,307,110408.62,127986.84375,143617.65625,148014.6875,158804.734375,16,16.54112116655836,HI,148014.6875,15665.78125,163680.46875,110408.6171875,30817.890625
test_id_test_id_000241_40,test_id_000241,308,random,5,5,test_id_000241_t5_c5,little,little_1,2,1.2,0.93,307,220901.95,245828.46875,268077.34375,274613.6875,289361.15625,16,16.54112116655836,HI,274613.6875,15665.78125,290279.46875,220901.953125,43532.6875
test_id_test_id_000241_41,test_id_000241,308,random,5,6,test_id_000241_t5_c6,big,big_1,3,2.2,1.15,307,99072.195,115159.796875,130327.453125,134521.765625,144979.84375,16,16.54112116655836,HI,134521.765625,15665.78125,150187.546875,99072.1953125,29820.046875
test_id_test_id_000254_00,test_id_000254,49,source_like,0,0,test_id_000254_t0_c0,big,big_0,1,1.4,0.98,48,66635.336,67985.890625,81871.15625,85776.09375,95342.953125,16,16.54112116655836,LO,85776.09375,0.0,85776.09375,66635.3359375,27357.0625
test_id_test_id_000254_01,test_id_000254,49,source_like,0,1,test_id_000254_t0_c1,little,little_0,1,0.9,0.86,48,148489.19,136600.96875,153040.78125,157852.96875,169391.40625,16,16.54112116655836,LO,157852.96875,0.0,157852.96875,148489.1875,32790.4375
test_id_test_id_000254_02,test_id_000254,49,source_like,0,2,test_id_000254_t0_c2,big,big_1,2,1.8,1.06,48,51152.668,48560.046875,61503.359375,65305.890625,74320.71875,16,16.54112116655836,LO,65305.890625,0.0,65305.890625,51152.66796875,25760.671875
test_id_test_id_000254_03,test_id_000254,49,source_like,0,3,test_id_000254_t0_c3,little,little_0,2,1.2,0.93,48,109715.7,101906.765625,116873.5625,121052.625,131483.9375,16,16.54112116655836,LO,121052.625,0.0,121052.625,109715.703125,29577.171875
test_id_test_id_000254_04,test_id_000254,49,source_like,0,4,test_id_000254_t0_c4,big,big_0,3,2.2,1.15,48,43814.81,43665.578125,56410.859375,60202.6875,69105.328125,16,16.54112116655836,LO,60202.6875,0.0,60202.6875,43814.80859375,25439.75
test_id_test_id_000254_05,test_id_000254,49,source_like,0,5,test_id_000254_t0_c5,little,little_1,3,1.5,1.0,48,86809.62,82700.71875,97093.296875,101074.109375,111013.15625,16,16.54112116655836,LO,101074.109375,0.0,101074.109375,86809.6171875,28312.4375
test_id_test_id_000254_06,test_id_000254,49,source_like,0,6,test_id_000254_t0_c6,big,big_1,0,1.0,0.9,48,95178.25,84181.875,98756.984375,102837.953125,112993.640625,16,16.54112116655836,LO,102837.953125,0.0,102837.953125,95178.25,28811.765625
test_id_test_id_000254_07,test_id_000254,273,sink_like,1,0,test_id_000254_t1_c0,little,little_0,1,0.9,0.86,272,417192.7,421360.5625,456914.96875,466982.5,488171.8125,16,16.54112116655836,LO,466982.5,0.0,466982.5,417192.6875,66811.25
test_id_test_id_000254_08,test_id_000254,273,sink_like,1,1,test_id_000254_t1_c1,big,big_0,2,1.8,1.06,272,168742.05,190228.59375,209332.15625,215066.8125,228226.5625,16,16.54112116655836,LO,215066.8125,0.0,215066.8125,168742.046875,37997.96875
test_id_test_id_000254_09,test_id_000254,273,sink_like,1,2,test_id_000254_t1_c2,little,little_1,2,1.2,0.93,272,267530.94,276242.0625,300488.6875,307512.21875,323266.8125,16,16.54112116655836,LO,307512.21875,0.0,307512.21875,267530.9375,47024.75
test_id_test_id_000254_10,test_id_000254,273,sink_like,1,3,test_id_000254_t1_c3,big,big_0,3,2.2,1.15,272,127448.19,149013.59375,165752.1875,170584.875,182132.9375,16,16.54112116655836,LO,170584.875,0.0,170584.875,127448.1875,33119.34375
test_id_test_id_000254_11,test_id_000254,273,sink_like,1,4,test_id_000254_t1_c4,little,little_0,3,1.5,1.0,272,244019.58,261128.046875,284389.34375,291189.53125,306462.875,16,16.54112116655836,LO,291189.53125,0.0,291189.53125,244019.578125,45334.828125
test_id_test_id_000254_12,test_id_000254,273,sink_like,1,5,test_id_000254_t1_c5,big,big_0,0,1.0,0.9,272,218136.9,230775.96875,252242.5625,258639.0,273089.28125,16,16.54112116655836,LO,258639.0,0.0,258639.0,218136.90625,42313.3125
test_id_test_id_000254_13,test_id_000254,273,sink_like,1,6,test_id_000254_t1_c6,little,little_0,0,0.6,0.8,272,429121.94,495936.375,535489.0,546679.375,568802.25,16,16.54112116655836,LO,546679.375,0.0,546679.375,429121.9375,72865.875
test_id_test_id_000254_14,test_id_000254,166,middle,2,0,test_id_000254_t2_c0,big,big_1,2,1.8,1.06,165,224800.94,228220.296875,249598.40625,255997.265625,270441.59375,16,16.54112116655836,LO,255997.265625,0.0,255997.265625,224800.9375,42221.296875
test_id_test_id_000254_15,test_id_000254,166,middle,2,1,test_id_000254_t2_c1,little,little_0,2,1.2,0.93,165,392271.4,396916.53125,430592.375,440104.78125,460489.75,16,16.54112116655836,LO,440104.78125,0.0,440104.78125,392271.40625,63573.21875
test_id_test_id_000254_16,test_id_000254,166,middle,2,2,test_id_000254_t2_c2,big,big_0,3,2.2,1.15,165,187357.28,209813.40625,230164.90625,236309.03125,250258.625,16,16.54112116655836,LO,236309.03125,0.0,236309.03125,187357.28125,40445.21875
test_id_test_id_000254_17,test_id_000254,166,middle,2,3,test_id_000254_t2_c3,little,little_0,3,1.5,1.0,165,297354.53,293481.40625,318955.15625,326287.5625,342680.5625,16,16.54112116655836,LO,326287.5625,0.0,326287.5625,297354.53125,49199.15625
test_id_test_id_000254_18,test_id_000254,166,middle,2,4,test_id_000254_t2_c4,big,big_1,0,1.0,0.9,165,327404.97,358901.125,389330.53125,397907.9375,416722.625,16,16.54112116655836,LO,397907.9375,0.0,397907.9375,327404.96875,57821.5
test_id_test_id_000254_19,test_id_000254,166,middle,2,5,test_id_000254_t2_c5,little,little_0,0,0.6,0.8,165,776783.75,752357.875,815253.8125,834307.9375,866839.9375,16,16.54112116655836,LO,834307.9375,0.0,834307.9375,776783.75,114482.0625
test_id_test_id_000254_20,test_id_000254,166,middle,2,6,test_id_000254_t2_c6,big,big_0,1,1.4,0.98,165,257179.14,265595.1875,289205.9375,296102.71875,311584.75,16,16.54112116655836,LO,296102.71875,0.0,296102.71875,257179.140625,45989.5625
test_id_test_id_000254_21,test_id_000254,178,communication_heavy,3,0,test_id_000254_t3_c0,little,little_1,2,1.2,0.93,177,300150.2,341746.4375,370818.5,379042.0625,397195.46875,16,16.54112116655836,LO,379042.0625,0.0,379042.0625,300150.1875,55449.03125
test_id_test_id_000254_22,test_id_000254,178,communication_heavy,3,1,test_id_000254_t3_c1,big,big_0,3,2.2,1.15,177,137754.44,166683.84375,184407.953125,189644.75,201901.9375,16,16.54112116655836,LO,189644.75,0.0,189644.75,137754.4375,35218.09375
test_id_test_id_000254_23,test_id_000254,178,communication_heavy,3,2,test_id_000254_t3_c2,little,little_0,3,1.5,1.0,177,303470.38,324475.28125,352287.21875,360198.875,377747.6875,16,16.54112116655836,LO,360198.875,0.0,360198.875,303470.375,53272.40625
test_id_test_id_000254_24,test_id_000254,178,communication_heavy,3,3,test_id_000254_t3_c3,big,big_0,0,1.0,0.9,177,311418.0,331014.125,359241.28125,367239.21875,384977.90625,16,16.54112116655836,LO,367239.21875,0.0,367239.21875,311418.0,53963.78125
test_id_test_id_000254_25,test_id_000254,178,communication_heavy,3,4,test_id_000254_t3_c4,little,little_0,0,0.6,0.8,177,530413.0,619393.625,669368.875,684286.25,710323.6875,16,16.54112116655836,LO,684286.25,0.0,684286.25,530413.0,90930.0625
test_id_test_id_000254_26,test_id_000254,178,communication_heavy,3,5,test_id_000254_t3_c5,big,big_0,1,1.4,0.98,177,278011.12,286041.65625,311015.5625,318219.1875,334340.5,16,16.54112116655836,LO,318219.1875,0.0,318219.1875,278011.125,48298.84375
test_id_test_id_000254_27,test_id_000254,178,communication_heavy,3,6,test_id_000254_t3_c6,little,little_1,1,0.9,0.86,177,388636.28,425630.40625,461307.5625,471370.4375,492542.0625,16,16.54112116655836,LO,471370.4375,0.0,471370.4375,388636.28125,66911.65625
test_id_test_id_000254_28,test_id_000254,243,random,4,0,test_id_000254_t4_c0,big,big_0,3,2.2,1.15,242,72088.266,75073.421875,89099.71875,92983.953125,102641.765625,16,16.54112116655836,LO,92983.953125,0.0,92983.953125,72088.265625,27568.34375
test_id_test_id_000254_29,test_id_000254,243,random,4,1,test_id_000254_t4_c1,little,little_0,3,1.5,1.0,242,141542.73,139777.90625,155976.375,160609.875,171801.578125,16,16.54112116655836,LO,160609.875,0.0,160609.875,141542.734375,32023.671875
test_id_test_id_000254_30,test_id_000254,243,random,4,2,test_id_000254_t4_c2,big,big_1,0,1.0,0.9,242,142982.27,141256.828125,157865.15625,162750.6875,174426.296875,16,16.54112116655836,LO,162750.6875,0.0,162750.6875,142982.265625,33169.46875
test_id_test_id_000254_31,test_id_000254,243,random,4,3,test_id_000254_t4_c3,little,little_0,0,0.6,0.8,242,331384.94,312166.28125,338082.4375,345046.625,361263.09375,16,16.54112116655836,LO,345046.625,0.0,345046.625,331384.9375,49096.8125
test_id_test_id_000254_32,test_id_000254,243,random,4,4,test_id_000254_t4_c4,big,big_0,1,1.4,0.98,242,99559.27,100247.078125,115071.21875,119171.984375,129458.78125,16,16.54112116655836,LO,119171.984375,0.0,119171.984375,99559.2734375,29211.703125
test_id_test_id_000254_33,test_id_000254,243,random,4,5,test_id_000254_t4_c5,little,little_0,1,0.9,0.86,242,228325.92,206123.703125,226444.796875,232626.25,246665.890625,16,16.54112116655836,LO,232626.25,0.0,232626.25,228325.921875,40542.1875
test_id_test_id_000254_34,test_id_000254,243,random,4,6,test_id_000254_t4_c6,big,big_1,2,1.8,1.06,242,86415.83,84763.125,99105.34375,103052.65625,112955.734375,16,16.54112116655836,LO,103052.65625,0.0,103052.65625,86415.828125,28192.609375
test_id_test_id_000254_35,test_id_000254,101,diverse_fill_1,5,0,test_id_000254_t5_c0,little,little_0,3,1.5,1.0,100,188653.64,183855.625,202488.71875,208044.5625,220872.921875,16,16.54112116655836,LO,208044.5625,0.0,208044.5625,188653.640625,37017.296875
test_id_test_id_000254_36,test_id_000254,101,diverse_fill_1,5,1,test_id_000254_t5_c1,big,big_0,0,1.0,0.9,100,179339.4,186124.28125,205182.015625,210983.34375,224271.21875,16,16.54112116655836,LO,210983.34375,0.0,210983.34375,179339.40625,38146.9375
test_id_test_id_000254_37,test_id_000254,101,diverse_fill_1,5,2,test_id_000254_t5_c2,little,little_1,0,0.6,0.8,100,431445.3,415819.90625,448429.71875,457275.3125,476203.46875,16,16.54112116655836,LO,457275.3125,0.0,457275.3125,431445.3125,60383.5625
test_id_test_id_000254_38,test_id_000254,101,diverse_fill_1,5,3,test_id_000254_t5_c3,big,big_0,1,1.4,0.98,100,129823.766,142497.5625,158887.96875,163614.109375,174969.8125,16,16.54112116655836,LO,163614.109375,0.0,163614.109375,129823.765625,32472.25
test_id_test_id_000254_39,test_id_000254,101,diverse_fill_1,5,4,test_id_000254_t5_c4,little,little_0,1,0.9,0.86,100,271525.34,244786.03125,266950.875,273460.5625,288172.5,16,16.54112116655836,LO,273460.5625,0.0,273460.5625,271525.34375,43386.46875
test_id_test_id_000254_40,test_id_000254,101,diverse_fill_1,5,5,test_id_000254_t5_c5,big,big_0,2,1.8,1.06,100,108969.84,112845.3125,127926.375,132112.328125,142551.84375,16,16.54112116655836,LO,132112.328125,0.0,132112.328125,108969.84375,29706.53125
test_id_test_id_000254_41,test_id_000254,101,diverse_fill_1,5,6,test_id_000254_t5_c6,little,little_0,2,1.2,0.93,100,201561.28,200596.390625,220297.15625,226241.390625,239781.25,16,16.54112116655836,LO,226241.390625,0.0,226241.390625,201561.28125,39184.859375
test_id_test_id_000341_00,test_id_000341,91,source_like,0,0,test_id_000341_t0_c0,big,big_1,2,1.8,1.06,90,76337.8,67264.53125,80969.859375,84833.03125,94323.5625,16,16.54112116655836,HI,84833.03125,15665.78125,100498.8125,76337.796875,27059.03125
test_id_test_id_000341_01,test_id_000341,91,source_like,0,1,test_id_000341_t0_c1,little,little_0,2,1.2,0.93,90,156344.28,147625.671875,164334.0,169250.90625,180909.9375,16,16.54112116655836,HI,169250.90625,15665.78125,184916.6875,156344.28125,33284.265625
test_id_test_id_000341_02,test_id_000341,91,source_like,0,2,test_id_000341_t0_c2,big,big_1,3,2.2,1.15,90,57114.4,54696.625,67867.21875,71657.671875,80772.578125,16,16.54112116655836,HI,71657.671875,15665.78125,87323.453125,57114.3984375,26075.953125
test_id_test_id_000341_03,test_id_000341,91,source_like,0,3,test_id_000341_t0_c3,little,little_0,3,1.5,1.0,90,130506.555,121430.828125,136842.6875,141162.546875,151823.796875,16,16.54112116655836,HI,141162.546875,15665.78125,156828.328125,130506.5546875,30392.96875
test_id_test_id_000341_04,test_id_000341,91,source_like,0,4,test_id_000341_t0_c4,big,big_1,0,1.0,0.9,90,128182.18,123700.53125,139330.015625,143806.578125,154743.375,16,16.54112116655836,HI,143806.578125,15665.78125,159472.359375,128182.1796875,31042.84375
test_id_test_id_000341_05,test_id_000341,91,source_like,0,5,test_id_000341_t0_c5,little,little_0,0,0.6,0.8,90,314290.25,303711.8125,329443.59375,336413.875,352601.46875,16,16.54112116655836,HI,336413.875,15665.78125,352079.65625,314290.25,48889.65625
test_id_test_id_000341_06,test_id_000341,91,source_like,0,6,test_id_000341_t0_c6,big,big_0,1,1.4,0.98,90,89436.57,90226.375,104787.34375,108810.5,118903.109375,16,16.54112116655836,HI,108810.5,15665.78125,124476.28125,89436.5703125,28676.734375
test_id_test_id_000341_07,test_id_000341,269,sink_like,1,0,test_id_000341_t1_c0,little,little_0,2,1.2,0.93,268,279191.06,337196.1875,365938.84375,374081.3125,392079.0,16,16.54112116655836,HI,374081.3125,15665.78125,389747.09375,279191.0625,54882.8125
test_id_test_id_000341_08,test_id_000341,269,sink_like,1,1,test_id_000341_t1_c1,big,big_0,3,2.2,1.15,268,153294.95,180436.3125,199009.84375,204565.03125,217403.4375,16,16.54112116655836,HI,204565.03125,15665.78125,220230.8125,153294.953125,36967.125
test_id_test_id_000341_09,test_id_000341,269,sink_like,1,2,test_id_000341_t1_c2,little,little_1,3,1.5,1.0,268,214187.22,263302.5625,286714.1875,293552.96875,308910.8125,16,16.54112116655836,HI,293552.96875,15665.78125,309218.75,214187.21875,45608.25
test_id_test_id_000341_10,test_id_000341,269,sink_like,1,3,test_id_000341_t1_c3,big,big_1,0,1.0,0.9,268,230938.84,282477.25,307173.8125,314299.625,330287.78125,16,16.54112116655836,HI,314299.625,15665.78125,329965.40625,230938.84375,47810.53125
test_id_test_id_000341_11,test_id_000341,269,sink_like,1,4,test_id_000341_t1_c4,little,little_0,0,0.6,0.8,268,470810.28,576633.75,622820.25,636342.375,660857.0,16,16.54112116655836,HI,636342.375,15665.78125,652008.15625,470810.28125,84223.25
test_id_test_id_000341_12,test_id_000341,269,sink_like,1,5,test_id_000341_t1_c5,big,big_0,1,1.4,0.98,268,238647.56,263566.6875,287018.1875,293861.875,309234.1875,16,16.54112116655836,HI,293861.875,15665.78125,309527.65625,238647.5625,45667.5
test_id_test_id_000341_13,test_id_000341,269,sink_like,1,6,test_id_000341_t1_c6,little,little_0,1,0.9,0.86,268,250907.98,341582.3125,370475.125,378627.5,396645.25,16,16.54112116655836,HI,378627.5,15665.78125,394293.28125,250907.984375,55062.9375
test_id_test_id_000341_14,test_id_000341,149,middle,2,0,test_id_000341_t2_c0,big,big_0,3,2.2,1.15,148,157648.52,157881.375,175129.9375,180173.015625,192093.34375,16,16.54112116655836,HI,180173.015625,15665.78125,195838.796875,157648.515625,34211.96875
test_id_test_id_000341_15,test_id_000341,149,middle,2,1,test_id_000341_t2_c1,little,little_0,3,1.5,1.0,148,227386.89,222448.5,243300.765625,249497.84375,263553.59375,16,16.54112116655836,HI,249497.84375,15665.78125,265163.625,227386.890625,41105.09375
test_id_test_id_000341_16,test_id_000341,149,middle,2,2,test_id_000341_t2_c2,big,big_1,0,1.0,0.9,148,232748.31,224086.34375,245134.65625,251416.921875,265643.03125,16,16.54112116655836,HI,251416.921875,15665.78125,267082.703125,232748.3125,41556.6875
test_id_test_id_000341_17,test_id_000341,149,middle,2,3,test_id_000341_t2_c3,little,little_1,0,0.6,0.8,148,385742.7,439935.6875,474863.46875,484534.3125,504731.0625,16,16.54112116655836,HI,484534.3125,15665.78125,500200.09375,385742.6875,64795.375
test_id_test_id_000341_18,test_id_000341,149,middle,2,4,test_id_000341_t2_c4,big,big_0,1,1.4,0.98,148,151597.67,168549.46875,186344.53125,191620.875,203939.59375,16,16.54112116655836,HI,191620.875,15665.78125,207286.65625,151597.671875,35390.125
test_id_test_id_000341_19,test_id_000341,149,middle,2,5,test_id_000341_t2_c5,little,little_0,1,0.9,0.86,148,321852.56,335784.78125,364291.625,372354.0,390199.4375,16,16.54112116655836,HI,372354.0,15665.78125,388019.78125,321852.5625,54414.65625
test_id_test_id_000341_20,test_id_000341,149,middle,2,6,test_id_000341_t2_c6,big,big_0,2,1.8,1.06,148,151883.2,159799.515625,177110.5625,182190.0,194163.703125,16,16.54112116655836,HI,182190.0,15665.78125,197855.78125,151883.203125,34364.1875
test_id_test_id_000341_21,test_id_000341,309,communication_heavy,3,0,test_id_000341_t3_c0,little,little_0,3,1.5,1.0,308,352453.06,364249.375,395321.75,404108.09375,423285.25,16,16.54112116655836,HI,404108.09375,15665.78125,419773.875,352453.0625,59035.875
test_id_test_id_000341_22,test_id_000341,309,communication_heavy,3,1,test_id_000341_t3_c1,big,big_1,0,1.0,0.9,308,350210.44,385537.21875,418202.6875,427415.5625,447317.65625,16,16.54112116655836,HI,427415.5625,15665.78125,443081.34375,350210.4375,61780.4375
test_id_test_id_000341_23,test_id_000341,309,communication_heavy,3,2,test_id_000341_t3_c2,little,little_1,0,0.6,0.8,308,716731.25,726286.75,785854.5,803980.8125,834444.875,16,16.54112116655836,HI,803980.8125,15665.78125,819646.59375,716731.25,108158.125
test_id_test_id_000341_24,test_id_000341,309,communication_heavy,3,3,test_id_000341_t3_c3,big,big_0,1,1.4,0.98,308,251068.58,276107.28125,300393.4375,307441.78125,323244.5,16,16.54112116655836,HI,307441.78125,15665.78125,323107.5625,251068.578125,47137.21875
test_id_test_id_000341_25,test_id_000341,309,communication_heavy,3,4,test_id_000341_t3_c4,little,little_1,1,0.9,0.86,308,461573.6,497719.9375,539291.625,551228.375,574794.375,16,16.54112116655836,HI,551228.375,15665.78125,566894.15625,461573.59375,77074.4375
test_id_test_id_000341_26,test_id_000341,309,communication_heavy,3,5,test_id_000341_t3_c5,big,big_1,2,1.8,1.06,308,174380.31,203938.46875,223902.1875,229916.640625,243611.90625,16,16.54112116655836,HI,229916.640625,15665.78125,245582.421875,174380.3125,39673.4375
test_id_test_id_000341_27,test_id_000341,309,communication_heavy,3,6,test_id_000341_t3_c6,little,little_1,2,1.2,0.93,308,389514.72,417053.84375,452492.4375,462540.71875,483755.59375,16,16.54112116655836,HI,462540.71875,15665.78125,478206.5,389514.71875,66701.75
test_id_test_id_000341_28,test_id_000341,191,random,4,0,test_id_000341_t4_c0,big,big_1,0,1.0,0.9,190,86789.41,85504.484375,100186.765625,104350.109375,114678.9375,16,16.54112116655836,HI,104350.109375,15665.78125,120015.890625,86789.40625,29174.453125
test_id_test_id_000341_29,test_id_000341,191,random,4,1,test_id_000341_t4_c1,little,little_1,0,0.6,0.8,190,217838.56,205673.125,227096.5625,233696.875,248724.296875,16,16.54112116655836,HI,233696.875,15665.78125,249362.65625,217838.5625,43051.171875
test_id_test_id_000341_30,test_id_000341,191,random,4,2,test_id_000341_t4_c2,big,big_0,1,1.4,0.98,190,58552.83,62569.78125,76202.203125,80130.15625,89660.984375,16,16.54112116655836,HI,80130.15625,15665.78125,95795.9375,58552.828125,27091.203125
test_id_test_id_000341_31,test_id_000341,191,random,4,3,test_id_000341_t4_c3,little,little_1,1,0.9,0.86,190,137513.55,127771.265625,143858.21875,148537.3125,159857.09375,16,16.54112116655836,HI,148537.3125,15665.78125,164203.09375,137513.546875,32085.828125
test_id_test_id_000341_32,test_id_000341,191,random,4,4,test_id_000341_t4_c4,big,big_1,2,1.8,1.06,190,46883.668,47937.453125,60896.015625,64726.90625,73790.15625,16,16.54112116655836,HI,64726.90625,15665.78125,80392.6875,46883.66796875,25852.703125
test_id_test_id_000341_33,test_id_000341,191,random,4,5,test_id_000341_t4_c5,little,little_0,2,1.2,0.93,190,101786.24,98301.609375,113171.28125,117323.875,127702.171875,16,16.54112116655836,HI,117323.875,15665.78125,132989.65625,101786.2421875,29400.5625
test_id_test_id_000341_34,test_id_000341,191,random,4,6,test_id_000341_t4_c6,big,big_0,3,2.2,1.15,190,41988.465,43649.078125,56460.15625,60299.125,69300.890625,16,16.54112116655836,HI,60299.125,15665.78125,75964.90625,41988.46484375,25651.8125
test_id_test_id_000341_35,test_id_000341,87,diverse_fill_1,5,0,test_id_000341_t5_c0,little,little_0,0,0.6,0.8,86,108807.445,100438.421875,115770.140625,120227.03125,131199.84375,16,16.54112116655836,HI,120227.03125,15665.78125,135892.8125,108807.4453125,30761.421875
test_id_test_id_000341_36,test_id_000341,87,diverse_fill_1,5,1,test_id_000341_t5_c1,big,big_1,1,1.4,0.98,86,35095.824,34128.3125,46766.875,50735.875,59823.46875,16,16.54112116655836,HI,50735.875,15665.78125,66401.65625,35095.82421875,25695.15625
test_id_test_id_000341_37,test_id_000341,87,diverse_fill_1,5,2,test_id_000341_t5_c2,little,little_1,1,0.9,0.86,86,72605.79,70697.796875,84880.859375,88937.359375,98855.9375,16,16.54112116655836,HI,88937.359375,15665.78125,104603.140625,72605.7890625,28158.140625
test_id_test_id_000341_38,test_id_000341,87,diverse_fill_1,5,3,test_id_000341_t5_c3,big,big_0,2,1.8,1.06,86,27650.936,29361.171875,41906.453125,45895.5625,54940.1875,16,16.54112116655836,HI,45895.5625,15665.78125,61561.34375,27650.935546875,25579.015625
test_id_test_id_000341_39,test_id_000341,87,diverse_fill_1,5,4,test_id_000341_t5_c4,little,little_1,2,1.2,0.93,86,55430.676,55117.703125,68513.09375,72425.28125,81767.875,16,16.54112116655836,HI,72425.28125,15665.78125,88091.0625,55430.67578125,26650.171875
test_id_test_id_000341_40,test_id_000341,87,diverse_fill_1,5,5,test_id_000341_t5_c5,big,big_1,3,2.2,1.15,86,20943.707,21058.125,33680.421875,37778.5,46830.125,16,16.54112116655836,HI,37778.5,15665.78125,53444.28125,20943.70703125,25772.0
test_id_test_id_000341_41,test_id_000341,87,diverse_fill_1,5,6,test_id_000341_t5_c6,little,little_1,3,1.5,1.0,86,40810.305,38852.8125,51427.921875,55250.671875,64140.90625,16,16.54112116655836,HI,55250.671875,15665.78125,70916.453125,40810.3046875,25288.09375
test_id_test_id_000343_00,test_id_000343,11,source_like,0,0,test_id_000343_t0_c0,big,big_0,3,2.2,1.15,10,45744.33,47747.53125,60612.859375,64380.125,73310.1875,16,16.54112116655836,LO,64380.125,0.0,64380.125,45744.328125,25562.65625
test_id_test_id_000343_01,test_id_000343,11,source_like,0,1,test_id_000343_t0_c1,little,little_0,3,1.5,1.0,10,100045.52,95695.28125,110441.140625,114497.5625,124686.609375,16,16.54112116655836,LO,114497.5625,0.0,114497.5625,100045.5234375,28991.328125
test_id_test_id_000343_02,test_id_000343,11,source_like,0,2,test_id_000343_t0_c2,big,big_1,0,1.0,0.9,10,97579.66,93611.671875,108465.4375,112618.859375,122984.953125,16,16.54112116655836,LO,112618.859375,0.0,112618.859375,97579.65625,29373.28125
test_id_test_id_000343_03,test_id_000343,11,source_like,0,3,test_id_000343_t0_c3,little,little_1,0,0.6,0.8,10,258539.3,240572.4375,263867.0,270813.40625,286654.90625,16,16.54112116655836,LO,270813.40625,0.0,270813.40625,258539.296875,46082.46875
test_id_test_id_000343_04,test_id_000343,11,source_like,0,4,test_id_000343_t0_c4,big,big_1,1,1.4,0.98,10,69334.79,72267.90625,86269.265625,90177.34375,99825.515625,16,16.54112116655836,LO,90177.34375,0.0,90177.34375,69334.7890625,27557.609375
test_id_test_id_000343_05,test_id_000343,11,source_like,0,5,test_id_000343_t0_c5,little,little_1,1,0.9,0.86,10,171685.38,168703.28125,186811.28125,192223.03125,204838.4375,16,16.54112116655836,LO,192223.03125,0.0,192223.03125,171685.375,36135.15625
test_id_test_id_000343_06,test_id_000343,11,source_like,0,6,test_id_000343_t0_c6,big,big_1,2,1.8,1.06,10,54842.45,57457.171875,70750.0,74556.203125,83746.25,16,16.54112116655836,LO,74556.203125,0.0,74556.203125,54842.44921875,26289.078125
test_id_test_id_000343_07,test_id_000343,466,sink_like,1,0,test_id_000343_t1_c0,little,little_1,3,1.5,1.0,465,320357.2,324021.25,351806.9375,359713.28125,377255.90625,16,16.54112116655836,LO,359713.28125,0.0,359713.28125,320357.1875,53234.65625
test_id_test_id_000343_08,test_id_000343,466,sink_like,1,1,test_id_000343_t1_c1,big,big_1,0,1.0,0.9,465,340517.2,331188.65625,359425.28125,367424.28125,385163.75,16,16.54112116655836,LO,367424.28125,0.0,367424.28125,340517.1875,53975.09375
test_id_test_id_000343_09,test_id_000343,466,sink_like,1,2,test_id_000343_t1_c2,little,little_0,0,0.6,0.8,465,635758.8,671627.75,725845.125,742244.8125,769961.875,16,16.54112116655836,LO,742244.8125,0.0,742244.8125,635758.8125,98334.125
test_id_test_id_000343_10,test_id_000343,466,sink_like,1,3,test_id_000343_t1_c3,big,big_0,1,1.4,0.98,465,243823.81,249240.296875,271832.28125,278498.3125,293498.65625,16,16.54112116655836,LO,278498.3125,0.0,278498.3125,243823.8125,44258.359375
test_id_test_id_000343_11,test_id_000343,466,sink_like,1,4,test_id_000343_t1_c4,little,little_0,1,0.9,0.86,465,426443.5,456996.71875,495187.34375,506021.53125,528239.0,16,16.54112116655836,LO,506021.53125,0.0,506021.53125,426443.5,71242.28125
test_id_test_id_000343_12,test_id_000343,466,sink_like,1,5,test_id_000343_t1_c5,big,big_0,2,1.8,1.06,465,176926.52,195291.765625,214759.09375,220623.703125,234036.125,16,16.54112116655836,LO,220623.703125,0.0,220623.703125,176926.515625,38744.359375
test_id_test_id_000343_13,test_id_000343,466,sink_like,1,6,test_id_000343_t1_c6,little,little_0,2,1.2,0.93,465,441935.03,415451.0625,450875.0625,460937.75,482185.0,16,16.54112116655836,LO,460937.75,0.0,460937.75,441935.03125,66733.9375
test_id_test_id_000343_14,test_id_000343,241,middle,2,0,test_id_000343_t2_c0,big,big_1,0,1.0,0.9,240,194781.52,196607.96875,216052.34375,221911.8125,235301.203125,16,16.54112116655836,LO,221911.8125,0.0,221911.8125,194781.515625,38693.234375
test_id_test_id_000343_15,test_id_000343,241,middle,2,1,test_id_000343_t2_c1,little,little_0,0,0.6,0.8,240,357569.47,390173.59375,421597.625,430196.71875,448954.59375,16,16.54112116655836,LO,430196.71875,0.0,430196.71875,357569.46875,58781.0
test_id_test_id_000343_16,test_id_000343,241,middle,2,2,test_id_000343_t2_c2,big,big_1,1,1.4,0.98,240,121658.64,139919.359375,156094.40625,160734.828125,171929.984375,16,16.54112116655836,LO,160734.828125,0.0,160734.828125,121658.640625,32010.625
test_id_test_id_000343_17,test_id_000343,241,middle,2,3,test_id_000343_t2_c3,little,little_1,1,0.9,0.86,240,266833.12,267234.0625,290797.09375,297615.28125,312986.96875,16,16.54112116655836,LO,297615.28125,0.0,297615.28125,266833.125,45752.90625
test_id_test_id_000343_18,test_id_000343,241,middle,2,4,test_id_000343_t2_c4,big,big_0,2,1.8,1.06,240,135839.88,148606.109375,165288.25,170107.6875,181626.03125,16,16.54112116655836,LO,170107.6875,0.0,170107.6875,135839.875,33019.921875
test_id_test_id_000343_19,test_id_000343,241,middle,2,5,test_id_000343_t2_c5,little,little_1,2,1.2,0.93,240,237101.53,227409.796875,248529.390625,254785.6875,268962.625,16,16.54112116655836,LO,254785.6875,0.0,254785.6875,237101.53125,41552.828125
test_id_test_id_000343_20,test_id_000343,241,middle,2,6,test_id_000343_t2_c6,big,big_1,3,2.2,1.15,240,122800.625,128402.171875,144127.53125,148526.1875,159337.046875,16,16.54112116655836,LO,148526.1875,0.0,148526.1875,122800.625,30934.875
test_id_test_id_000343_21,test_id_000343,155,high_degree,3,0,test_id_000343_t3_c0,little,little_1,0,0.6,0.8,154,1027821.44,867917.625,944915.375,966524.0,1009556.1875,16,16.54112116655836,LO,966524.0,0.0,966524.0,1027821.4375,141638.5625
test_id_test_id_000343_22,test_id_000343,155,high_degree,3,1,test_id_000343_t3_c1,big,big_0,1,1.4,0.98,154,404023.03,380170.78125,412384.125,421449.375,441114.75,16,16.54112116655836,LO,421449.375,0.0,421449.375,404023.03125,60943.96875
test_id_test_id_000343_23,test_id_000343,155,high_degree,3,2,test_id_000343_t3_c2,little,little_1,1,0.9,0.86,154,539231.94,513041.5,555953.0625,568349.75,592446.1875,16,16.54112116655836,LO,568349.75,0.0,568349.75,539231.9375,79404.6875
test_id_test_id_000343_24,test_id_000343,155,high_degree,3,3,test_id_000343_t3_c3,big,big_1,2,1.8,1.06,154,332757.97,342024.0625,371166.71875,379405.9375,397603.3125,16,16.54112116655836,LO,379405.9375,0.0,379405.9375,332757.96875,55579.25
test_id_test_id_000343_25,test_id_000343,155,high_degree,3,4,test_id_000343_t3_c4,little,little_1,2,1.2,0.93,154,606328.9,549753.75,596885.3125,610817.0625,637015.25,16,16.54112116655836,LO,610817.0625,0.0,610817.0625,606328.875,87261.5
test_id_test_id_000343_26,test_id_000343,155,high_degree,3,5,test_id_000343_t3_c5,big,big_0,3,2.2,1.15,154,338290.38,312395.1875,339278.46875,346949.875,364045.25,16,16.54112116655836,LO,346949.875,0.0,346949.875,338290.375,51650.0625
test_id_test_id_000343_27,test_id_000343,155,high_degree,3,6,test_id_000343_t3_c6,little,little_0,3,1.5,1.0,154,398519.06,396579.6875,430270.125,439778.6875,460166.125,16,16.54112116655836,LO,439778.6875,0.0,439778.6875,398519.0625,63586.4375
test_id_test_id_000343_28,test_id_000343,143,communication_heavy,4,0,test_id_000343_t4_c0,big,big_0,1,1.4,0.98,142,486032.06,461549.4375,500834.25,512084.875,534993.8125,16,16.54112116655836,LO,512084.875,0.0,512084.875,486032.0625,73444.375
test_id_test_id_000343_29,test_id_000343,143,communication_heavy,4,1,test_id_000343_t4_c1,little,little_1,1,0.9,0.86,142,687678.5,651637.75,706953.5,723636.9375,752841.625,16,16.54112116655836,LO,723636.9375,0.0,723636.9375,687678.5,101203.875
test_id_test_id_000343_30,test_id_000343,143,communication_heavy,4,2,test_id_000343_t4_c2,big,big_0,2,1.8,1.06,142,447232.84,416594.625,452190.8125,462295.1875,483633.03125,16,16.54112116655836,LO,462295.1875,0.0,462295.1875,447232.84375,67038.40625
test_id_test_id_000343_31,test_id_000343,143,communication_heavy,4,3,test_id_000343_t4_c3,little,little_1,2,1.2,0.93,142,588765.8,566292.125,614950.0,629416.5,656265.25,16,16.54112116655836,LO,629416.5,0.0,629416.5,588765.8125,89973.125
test_id_test_id_000343_32,test_id_000343,143,communication_heavy,4,4,test_id_000343_t4_c4,big,big_0,3,2.2,1.15,142,254698.9,261905.703125,285258.9375,292096.03125,307453.1875,16,16.54112116655836,LO,292096.03125,0.0,292096.03125,254698.90625,45547.484375
test_id_test_id_000343_33,test_id_000343,143,communication_heavy,4,5,test_id_000343_t4_c5,little,little_0,3,1.5,1.0,142,479702.78,453543.9375,492289.0,503374.96875,526106.25,16,16.54112116655836,LO,503374.96875,0.0,503374.96875,479702.78125,72562.3125
test_id_test_id_000343_34,test_id_000343,143,communication_heavy,4,6,test_id_000343_t4_c6,big,big_1,0,1.0,0.9,142,382076.6,407378.9375,441728.375,451405.5,472037.125,16,16.54112116655836,LO,451405.5,0.0,451405.5,382076.59375,64658.1875
test_id_test_id_000343_35,test_id_000343,293,random,5,0,test_id_000343_t5_c0,little,little_0,1,0.9,0.86,292,340445.94,336306.34375,364777.0,372818.21875,390611.71875,16,16.54112116655836,LO,372818.21875,0.0,372818.21875,340445.9375,54305.375
test_id_test_id_000343_36,test_id_000343,293,random,5,1,test_id_000343_t5_c1,big,big_0,2,1.8,1.06,292,156885.28,164487.296875,182086.84375,187272.375,199437.921875,16,16.54112116655836,LO,187272.375,0.0,187272.375,156885.28125,34950.625
test_id_test_id_000343_37,test_id_000343,293,random,5,2,test_id_000343_t5_c2,little,little_1,2,1.2,0.93,292,217108.62,232309.640625,253867.546875,260288.96875,274785.59375,16,16.54112116655836,LO,260288.96875,0.0,260288.96875,217108.625,42475.953125
test_id_test_id_000343_38,test_id_000343,293,random,5,3,test_id_000343_t5_c3,big,big_1,3,2.2,1.15,292,149211.33,145958.78125,162550.03125,167316.46875,178754.140625,16,16.54112116655836,LO,167316.46875,0.0,167316.46875,149211.328125,32795.359375
test_id_test_id_000343_39,test_id_000343,293,random,5,4,test_id_000343_t5_c4,little,little_0,3,1.5,1.0,292,233087.25,224299.65625,245294.515625,251546.328125,265701.6875,16,16.54112116655836,LO,251546.328125,0.0,251546.328125,233087.25,41402.03125
test_id_test_id_000343_40,test_id_000343,293,random,5,5,test_id_000343_t5_c5,big,big_0,0,1.0,0.9,292,234308.69,231587.40625,253052.890625,259430.78125,273849.625,16,16.54112116655836,LO,259430.78125,0.0,259430.78125,234308.6875,42262.21875
test_id_test_id_000343_41,test_id_000343,293,random,5,6,test_id_000343_t5_c6,little,little_0,0,0.6,0.8,292,509571.06,499721.625,539270.25,550449.5625,572426.75,16,16.54112116655836,LO,550449.5625,0.0,550449.5625,509571.0625,72705.125
test_id_test_id_000386_00,test_id_000386,14,source_like,0,0,test_id_000386_t0_c0,little,little_0,1,0.9,0.86,13,173220.88,171904.140625,190370.34375,195973.765625,208912.4375,16,16.54112116655836,HI,195973.765625,15665.78125,211639.546875,173220.875,37008.296875
test_id_test_id_000386_01,test_id_000386,14,source_like,0,1,test_id_000386_t0_c1,big,big_0,2,1.8,1.06,13,60034.34,60447.65625,73865.25,77681.5625,86949.234375,16,16.54112116655836,HI,77681.5625,15665.78125,93347.34375,60034.33984375,26501.578125
test_id_test_id_000386_02,test_id_000386,14,source_like,0,2,test_id_000386_t0_c2,little,little_0,2,1.2,0.93,13,131659.03,133988.109375,149926.40625,154502.21875,165584.15625,16,16.54112116655836,HI,154502.21875,15665.78125,170168.0,131659.03125,31596.046875
test_id_test_id_000386_03,test_id_000386,14,source_like,0,3,test_id_000386_t0_c3,big,big_1,3,2.2,1.15,13,48259.793,48863.71875,61766.25,65526.875,74466.390625,16,16.54112116655836,HI,65526.875,15665.78125,81192.65625,48259.79296875,25602.671875
test_id_test_id_000386_04,test_id_000386,14,source_like,0,4,test_id_000386_t0_c4,little,little_1,3,1.5,1.0,13,109022.836,105170.5,120125.234375,124247.890625,134581.859375,16,16.54112116655836,HI,124247.890625,15665.78125,139913.671875,109022.8359375,29411.359375
test_id_test_id_000386_05,test_id_000386,14,source_like,0,5,test_id_000386_t0_c5,big,big_1,0,1.0,0.9,13,111983.77,106831.484375,121916.265625,126154.953125,136703.921875,16,16.54112116655836,HI,126154.953125,15665.78125,141820.734375,111983.7734375,29872.4375
test_id_test_id_000386_06,test_id_000386,14,source_like,0,6,test_id_000386_t0_c6,little,little_0,0,0.6,0.8,13,258441.33,259832.71875,283980.84375,290989.875,307080.21875,16,16.54112116655836,HI,290989.875,15665.78125,306655.65625,258441.328125,47247.5
test_id_test_id_000386_07,test_id_000386,287,sink_like,1,0,test_id_000386_t1_c0,big,big_1,2,1.8,1.06,286,204053.88,225850.0,247106.359375,253482.09375,267876.5625,16,16.54112116655836,HI,253482.09375,15665.78125,269147.875,204053.875,42026.5625
test_id_test_id_000386_08,test_id_000386,287,sink_like,1,1,test_id_000386_t1_c1,little,little_1,2,1.2,0.93,286,339672.1,364535.96875,395476.8125,404206.0,423278.65625,16,16.54112116655836,HI,404206.0,15665.78125,419871.78125,339672.09375,58742.6875
test_id_test_id_000386_09,test_id_000386,287,sink_like,1,2,test_id_000386_t1_c2,big,big_0,3,2.2,1.15,286,194367.12,200340.4375,220153.953125,226141.34375,239789.890625,16,16.54112116655836,HI,226141.34375,15665.78125,241807.125,194367.125,39449.453125
test_id_test_id_000386_10,test_id_000386,287,sink_like,1,3,test_id_000386_t1_c3,little,little_1,3,1.5,1.0,286,262529.5,283792.03125,308597.4375,315772.1875,331834.78125,16,16.54112116655836,HI,315772.1875,15665.78125,331437.96875,262529.5,48042.75
test_id_test_id_000386_11,test_id_000386,287,sink_like,1,4,test_id_000386_t1_c4,big,big_1,0,1.0,0.9,286,294630.25,309876.5625,336496.21875,344085.875,361026.6875,16,16.54112116655836,HI,344085.875,15665.78125,359751.65625,294630.25,51150.125
test_id_test_id_000386_12,test_id_000386,287,sink_like,1,5,test_id_000386_t1_c5,little,little_0,0,0.6,0.8,286,545145.5,577273.375,623511.6875,637054.4375,661633.25,16,16.54112116655836,HI,637054.4375,15665.78125,652720.21875,545145.5,84359.875
test_id_test_id_000386_13,test_id_000386,287,sink_like,1,6,test_id_000386_t1_c6,big,big_1,1,1.4,0.98,286,300082.88,295803.71875,321466.84375,328833.6875,345298.625,16,16.54112116655836,HI,328833.6875,15665.78125,344499.46875,300082.875,49494.90625
test_id_test_id_000386_14,test_id_000386,167,middle,2,0,test_id_000386_t2_c0,little,little_0,2,1.2,0.93,166,193603.19,212905.640625,233214.578125,239279.484375,253071.53125,16,16.54112116655836,HI,239279.484375,15665.78125,254945.265625,193603.1875,40165.890625
test_id_test_id_000386_15,test_id_000386,167,middle,2,1,test_id_000386_t2_c1,big,big_1,3,2.2,1.15,166,112620.27,109970.46875,124973.625,129099.078125,139439.5625,16,16.54112116655836,HI,129099.078125,15665.78125,144764.859375,112620.2734375,29469.09375
test_id_test_id_000386_16,test_id_000386,167,middle,2,2,test_id_000386_t2_c2,little,little_1,3,1.5,1.0,166,166521.78,171477.140625,189349.25,194634.96875,206966.0625,16,16.54112116655836,HI,194634.96875,15665.78125,210300.75,166521.78125,35488.921875
test_id_test_id_000386_17,test_id_000386,167,middle,2,3,test_id_000386_t2_c3,big,big_1,0,1.0,0.9,166,263830.47,237800.234375,259487.8125,265858.0625,280284.75,16,16.54112116655836,HI,265858.0625,15665.78125,281523.84375,263830.46875,42484.515625
test_id_test_id_000386_18,test_id_000386,167,middle,2,4,test_id_000386_t2_c4,little,little_0,0,0.6,0.8,166,393974.97,391332.0625,422868.625,431506.53125,450327.0625,16,16.54112116655836,HI,431506.53125,15665.78125,447172.3125,393974.96875,58995.0
test_id_test_id_000386_19,test_id_000386,167,middle,2,5,test_id_000386_t2_c5,big,big_0,1,1.4,0.98,166,185113.75,184517.78125,203237.671875,208850.09375,221776.421875,16,16.54112116655836,HI,208850.09375,15665.78125,224515.875,185113.75,37258.640625
test_id_test_id_000386_20,test_id_000386,167,middle,2,6,test_id_000386_t2_c6,little,little_0,1,0.9,0.86,166,271967.3,254159.375,276908.5625,283539.625,298521.25,16,16.54112116655836,HI,283539.625,15665.78125,299205.40625,271967.3125,44361.875
test_id_test_id_000386_21,test_id_000386,237,high_degree,3,0,test_id_000386_t3_c0,big,big_0,3,2.2,1.15,236,159253.23,157368.84375,174610.609375,179643.375,191550.515625,16,16.54112116655836,HI,179643.375,15665.78125,195309.15625,159253.234375,34181.671875
test_id_test_id_000386_22,test_id_000386,237,high_degree,3,1,test_id_000386_t3_c1,little,little_0,3,1.5,1.0,236,275239.5,242613.34375,264760.125,271314.59375,286078.21875,16,16.54112116655836,HI,271314.59375,15665.78125,286980.375,275239.5,43464.875
test_id_test_id_000386_23,test_id_000386,237,high_degree,3,2,test_id_000386_t3_c2,big,big_0,0,1.0,0.9,236,286952.25,274012.46875,298104.84375,305077.6875,320745.59375,16,16.54112116655836,HI,305077.6875,15665.78125,320743.46875,286952.25,46733.125
test_id_test_id_000386_24,test_id_000386,237,high_degree,3,3,test_id_000386_t3_c3,little,little_1,0,0.6,0.8,236,521185.97,518356.625,559509.0,571213.625,593842.75,16,16.54112116655836,HI,571213.625,15665.78125,586879.40625,521185.96875,75486.125
test_id_test_id_000386_25,test_id_000386,237,high_degree,3,4,test_id_000386_t3_c4,big,big_0,1,1.4,0.98,236,235476.0,222499.921875,243440.0,249694.578125,263852.28125,16,16.54112116655836,HI,249694.578125,15665.78125,265360.359375,235476.0,41352.359375
test_id_test_id_000386_26,test_id_000386,237,high_degree,3,5,test_id_000386_t3_c5,little,little_0,1,0.9,0.86,236,351767.56,354910.78125,384787.0625,393187.9375,411650.8125,16,16.54112116655836,HI,393187.9375,15665.78125,408853.71875,351767.5625,56740.03125
test_id_test_id_000386_27,test_id_000386,237,high_degree,3,6,test_id_000386_t3_c6,big,big_0,2,1.8,1.06,236,186304.23,180787.375,199353.671875,204902.5625,217724.875,16,16.54112116655836,HI,204902.5625,15665.78125,220568.34375,186304.234375,36937.5
test_id_test_id_000386_28,test_id_000386,191,random,4,0,test_id_000386_t4_c0,little,little_0,3,1.5,1.0,190,194193.39,189921.78125,209026.34375,214775.734375,227955.953125,16,16.54112116655836,HI,214775.734375,15665.78125,230441.515625,194193.390625,38034.171875
test_id_test_id_000386_29,test_id_000386,191,random,4,1,test_id_000386_t4_c1,big,big_0,0,1.0,0.9,190,200170.72,208315.0625,228562.375,234685.9375,248586.671875,16,16.54112116655836,HI,234685.9375,15665.78125,250351.71875,200170.71875,40271.609375
test_id_test_id_000386_30,test_id_000386,191,random,4,2,test_id_000386_t4_c2,little,little_1,0,0.6,0.8,190,497474.84,454492.09375,490406.375,500384.5,520933.0625,16,16.54112116655836,HI,500384.5,15665.78125,516050.28125,497474.84375,66440.96875
test_id_test_id_000386_31,test_id_000386,191,random,4,3,test_id_000386_t4_c3,big,big_1,1,1.4,0.98,190,153327.44,151134.90625,168019.875,172943.90625,184645.71875,16,16.54112116655836,HI,172943.90625,15665.78125,188609.6875,153327.4375,33510.8125
test_id_test_id_000386_32,test_id_000386,191,random,4,4,test_id_000386_t4_c4,little,little_1,1,0.9,0.86,190,336227.6,302340.0,328168.3125,335511.28125,351941.15625,16,16.54112116655836,HI,335511.28125,15665.78125,351177.0625,336227.59375,49601.15625
test_id_test_id_000386_33,test_id_000386,191,random,4,5,test_id_000386_t4_c5,big,big_1,2,1.8,1.06,190,127220.55,139790.859375,156039.65625,160677.5625,171888.234375,16,16.54112116655836,HI,160677.5625,15665.78125,176343.34375,127220.546875,32097.375
test_id_test_id_000386_34,test_id_000386,191,random,4,6,test_id_000386_t4_c6,little,little_0,2,1.2,0.93,190,276298.4,252499.0625,275096.28125,281697.40625,296576.53125,16,16.54112116655836,HI,281697.40625,15665.78125,297363.1875,276298.40625,44077.46875
test_id_test_id_000386_35,test_id_000386,165,diverse_fill_1,5,0,test_id_000386_t5_c0,big,big_0,0,1.0,0.9,164,130305.61,121628.21875,137468.578125,142051.453125,153240.578125,16,16.54112116655836,HI,142051.453125,15665.78125,157717.234375,130305.609375,31612.359375
test_id_test_id_000386_36,test_id_000386,165,diverse_fill_1,5,1,test_id_000386_t5_c1,little,little_1,0,0.6,0.8,164,220935.78,237775.09375,261237.796875,268371.53125,284598.96875,16,16.54112116655836,HI,268371.53125,15665.78125,284037.3125,220935.78125,46823.875
test_id_test_id_000386_37,test_id_000386,165,diverse_fill_1,5,2,test_id_000386_t5_c2,big,big_1,1,1.4,0.98,164,104565.6,98593.203125,113534.484375,117706.28125,128135.296875,16,16.54112116655836,HI,117706.28125,15665.78125,133372.0625,104565.6015625,29542.09375
test_id_test_id_000386_38,test_id_000386,165,diverse_fill_1,5,3,test_id_000386_t5_c3,little,little_0,1,0.9,0.86,164,145239.36,164836.53125,182971.90625,188467.953125,201238.75,16,16.54112116655836,HI,188467.953125,15665.78125,204133.734375,145239.359375,36402.21875
test_id_test_id_000386_39,test_id_000386,165,diverse_fill_1,5,4,test_id_000386_t5_c4,big,big_1,2,1.8,1.06,164,71898.99,70101.359375,83926.90625,87829.6875,97445.734375,16,16.54112116655836,HI,87829.6875,15665.78125,103495.46875,71898.9921875,27344.375
test_id_test_id_000386_40,test_id_000386,165,diverse_fill_1,5,5,test_id_000386_t5_c5,little,little_1,2,1.2,0.93,164,138603.12,134332.359375,150434.71875,155082.40625,166317.953125,16,16.54112116655836,HI,155082.40625,15665.78125,170748.1875,138603.125,31985.59375
test_id_test_id_000386_41,test_id_000386,165,diverse_fill_1,5,6,test_id_000386_t5_c6,big,big_1,3,2.2,1.15,164,66467.836,61100.859375,74534.359375,78371.625,87704.453125,16,16.54112116655836,HI,78371.625,15665.78125,94037.40625,66467.8359375,26603.59375
test_id_test_id_000423_00,test_id_000423,6,source_like,0,0,test_id_000423_t0_c0,big,big_1,3,2.2,1.15,5,33975.176,38807.03125,51427.640625,55250.46875,64121.515625,16,16.54112116655836,LO,55250.46875,0.0,55250.46875,33975.17578125,25314.484375
test_id_test_id_000423_01,test_id_000423,6,source_like,0,1,test_id_000423_t0_c1,little,little_1,3,1.5,1.0,5,76732.484,73922.53125,88038.484375,91969.546875,101689.109375,16,16.54112116655836,LO,91969.546875,0.0,91969.546875,76732.484375,27766.578125
test_id_test_id_000423_02,test_id_000423,6,source_like,0,2,test_id_000423_t0_c2,big,big_1,0,1.0,0.9,5,72634.46,71450.984375,85563.984375,89567.046875,99392.15625,16,16.54112116655836,LO,89567.046875,0.0,89567.046875,72634.4609375,27941.171875
test_id_test_id_000423_03,test_id_000423,6,source_like,0,3,test_id_000423_t0_c3,little,little_1,0,0.6,0.8,5,197486.45,174886.53125,194205.671875,200122.1875,213756.640625,16,16.54112116655836,LO,200122.1875,0.0,200122.1875,197486.453125,38870.109375
test_id_test_id_000423_04,test_id_000423,6,source_like,0,4,test_id_000423_t0_c4,big,big_0,1,1.4,0.98,5,52328.29,54294.390625,67530.296875,71378.953125,80591.484375,16,16.54112116655836,LO,71378.953125,0.0,71378.953125,52328.2890625,26297.09375
test_id_test_id_000423_05,test_id_000423,6,source_like,0,5,test_id_000423_t0_c5,little,little_1,1,0.9,0.86,5,130898.51,123517.6875,139444.21875,144051.03125,155274.71875,16,16.54112116655836,LO,144051.03125,0.0,144051.03125,130898.5078125,31757.03125
test_id_test_id_000423_06,test_id_000423,6,source_like,0,6,test_id_000423_t0_c6,big,big_1,2,1.8,1.06,5,39880.805,40930.8125,53570.46875,57354.046875,66184.34375,16,16.54112116655836,LO,57354.046875,0.0,57354.046875,39880.8046875,25253.53125
test_id_test_id_000423_07,test_id_000423,72,sink_like,1,0,test_id_000423_t1_c0,little,little_0,3,1.5,1.0,71,410547.84,419766.15625,455557.84375,465719.09375,487118.5,16,16.54112116655836,LO,465719.09375,0.0,465719.09375,410547.84375,67352.34375
test_id_test_id_000423_08,test_id_000423,72,sink_like,1,1,test_id_000423_t1_c1,big,big_0,0,1.0,0.9,71,365726.47,376936.0625,408854.125,417841.625,437377.1875,16,16.54112116655836,LO,417841.625,0.0,417841.625,365726.46875,60441.125
test_id_test_id_000423_09,test_id_000423,72,sink_like,1,2,test_id_000423_t1_c2,little,little_0,0,0.6,0.8,71,735948.94,721198.25,781330.4375,799704.375,830756.875,16,16.54112116655836,LO,799704.375,0.0,799704.375,735948.9375,109558.625
test_id_test_id_000423_10,test_id_000423,72,sink_like,1,3,test_id_000423_t1_c3,big,big_0,1,1.4,0.98,71,345174.66,367288.625,398460.3125,407242.375,426425.125,16,16.54112116655836,LO,407242.375,0.0,407242.375,345174.65625,59136.5
test_id_test_id_000423_11,test_id_000423,72,sink_like,1,4,test_id_000423_t1_c4,little,little_1,1,0.9,0.86,71,589850.94,635082.3125,689021.25,705280.5625,733929.5625,16,16.54112116655836,LO,705280.5625,0.0,705280.5625,589850.9375,98847.25
test_id_test_id_000423_12,test_id_000423,72,sink_like,1,5,test_id_000423_t1_c5,big,big_1,2,1.8,1.06,71,220166.89,256629.640625,279624.0,286365.96875,301518.0625,16,16.54112116655836,LO,286365.96875,0.0,286365.96875,220166.890625,44888.421875
test_id_test_id_000423_13,test_id_000423,72,sink_like,1,6,test_id_000423_t1_c6,little,little_0,2,1.2,0.93,71,458960.78,455099.21875,493794.03125,504857.125,527497.6875,16,16.54112116655836,LO,504857.125,0.0,504857.125,458960.78125,72398.46875
test_id_test_id_000423_14,test_id_000423,247,middle,2,0,test_id_000423_t2_c0,big,big_1,0,1.0,0.9,246,366487.25,364475.9375,395478.71875,404240.15625,423366.09375,16,16.54112116655836,LO,404240.15625,0.0,404240.15625,366487.25,58890.15625
test_id_test_id_000423_15,test_id_000423,247,middle,2,1,test_id_000423_t2_c1,little,little_1,0,0.6,0.8,246,649147.4,631161.625,681613.875,696671.8125,722677.9375,16,16.54112116655836,LO,696671.8125,0.0,696671.8125,649147.375,91516.3125
test_id_test_id_000423_16,test_id_000423,247,middle,2,2,test_id_000423_t2_c2,big,big_0,1,1.4,0.98,246,203718.64,211448.9375,231802.921875,237914.234375,251796.84375,16,16.54112116655836,LO,237914.234375,0.0,237914.234375,203718.640625,40347.90625
test_id_test_id_000423_17,test_id_000423,247,middle,2,3,test_id_000423_t2_c3,little,little_1,1,0.9,0.86,246,420545.0,438124.90625,474793.625,485160.6875,506748.875,16,16.54112116655836,LO,485160.6875,0.0,485160.6875,420545.0,68623.96875
test_id_test_id_000423_18,test_id_000423,247,middle,2,4,test_id_000423_t2_c4,big,big_0,2,1.8,1.06,246,211396.75,207785.0,227925.203125,233979.15625,247748.921875,16,16.54112116655836,LO,233979.15625,0.0,233979.15625,211396.75,39963.921875
test_id_test_id_000423_19,test_id_000423,247,middle,2,5,test_id_000423_t2_c5,little,little_0,2,1.2,0.93,246,327231.3,333050.71875,361421.75,369462.25,387265.15625,16,16.54112116655836,LO,369462.25,0.0,369462.25,327231.3125,54214.4375
test_id_test_id_000423_20,test_id_000423,247,middle,2,6,test_id_000423_t2_c6,big,big_0,3,2.2,1.15,246,182434.48,190182.34375,209308.25,215049.359375,228234.28125,16,16.54112116655836,LO,215049.359375,0.0,215049.359375,182434.484375,38051.9375
test_id_test_id_000423_21,test_id_000423,34,high_degree,3,0,test_id_000423_t3_c0,little,little_0,0,0.6,0.8,33,433192.62,406267.0625,439408.875,448631.5625,468400.6875,16,16.54112116655836,LO,448631.5625,0.0,448631.5625,433192.625,62133.625
test_id_test_id_000423_22,test_id_000423,34,high_degree,3,1,test_id_000423_t3_c1,big,big_1,1,1.4,0.98,33,199876.39,189061.9375,208005.015625,213681.09375,226722.109375,16,16.54112116655836,LO,213681.09375,0.0,213681.09375,199876.390625,37660.171875
test_id_test_id_000423_23,test_id_000423,34,high_degree,3,2,test_id_000423_t3_c2,little,little_1,1,0.9,0.86,33,304542.72,285732.46875,310546.0625,317669.125,333662.46875,16,16.54112116655836,LO,317669.125,0.0,317669.125,304542.71875,47930.0
test_id_test_id_000423_24,test_id_000423,34,high_degree,3,3,test_id_000423_t3_c3,big,big_1,2,1.8,1.06,33,169427.67,157420.78125,174547.6875,179548.90625,191378.21875,16,16.54112116655836,LO,179548.90625,0.0,179548.90625,169427.671875,33957.4375
test_id_test_id_000423_25,test_id_000423,34,high_degree,3,4,test_id_000423_t3_c4,little,little_1,2,1.2,0.93,33,298252.94,273812.84375,297861.0625,304812.6875,320427.40625,16,16.54112116655836,LO,304812.6875,0.0,304812.6875,298252.9375,46614.5625
test_id_test_id_000423_26,test_id_000423,34,high_degree,3,5,test_id_000423_t3_c5,big,big_1,3,2.2,1.15,33,127732.74,116613.140625,131780.640625,135974.765625,146426.625,16,16.54112116655836,LO,135974.765625,0.0,135974.765625,127732.7421875,29813.484375
test_id_test_id_000423_27,test_id_000423,34,high_degree,3,6,test_id_000423_t3_c6,little,little_0,3,1.5,1.0,33,191217.77,187120.109375,205841.734375,211406.3125,224247.671875,16,16.54112116655836,LO,211406.3125,0.0,211406.3125,191217.765625,37127.5625
test_id_test_id_000423_28,test_id_000423,71,communication_heavy,4,0,test_id_000423_t4_c0,big,big_1,1,1.4,0.98,70,494077.4,454374.6875,492868.03125,503833.84375,526338.8125,16,16.54112116655836,LO,503833.84375,0.0,503833.84375,494077.40625,71964.125
test_id_test_id_000423_29,test_id_000423,71,communication_heavy,4,1,test_id_000423_t4_c1,little,little_0,1,0.9,0.86,70,1052498.8,965229.625,1064462.0,1089004.25,1152662.125,16,16.54112116655836,LO,1089004.25,0.0,1089004.25,1052498.75,187432.5
test_id_test_id_000423_30,test_id_000423,71,communication_heavy,4,2,test_id_000423_t4_c2,big,big_1,2,1.8,1.06,70,493411.16,451318.9375,489929.4375,500975.6875,523662.34375,16,16.54112116655836,LO,500975.6875,0.0,500975.6875,493411.15625,72343.40625
test_id_test_id_000423_31,test_id_000423,71,communication_heavy,4,3,test_id_000423_t4_c3,little,little_0,2,1.2,0.93,70,793532.75,694130.75,756630.125,775709.375,809520.0,16,16.54112116655836,LO,775709.375,0.0,775709.375,793532.75,115389.25
test_id_test_id_000423_32,test_id_000423,71,communication_heavy,4,4,test_id_000423_t4_c4,big,big_1,3,2.2,1.15,70,494007.7,433611.84375,471029.125,481737.65625,504012.5625,16,16.54112116655836,LO,481737.65625,0.0,481737.65625,494007.6875,70400.71875
test_id_test_id_000423_33,test_id_000423,71,communication_heavy,4,5,test_id_000423_t4_c5,little,little_1,3,1.5,1.0,70,616464.7,588926.0,640689.625,656298.875,684920.25,16,16.54112116655836,LO,656298.875,0.0,656298.875,616464.6875,95994.25
test_id_test_id_000423_34,test_id_000423,71,communication_heavy,4,6,test_id_000423_t4_c6,big,big_0,0,1.0,0.9,70,675644.7,604574.0625,655714.5,671046.375,698530.625,16,16.54112116655836,LO,671046.375,0.0,671046.375,675644.6875,93956.5625
test_id_test_id_000423_35,test_id_000423,45,random,5,0,test_id_000423_t5_c0,little,little_1,1,0.9,0.86,44,359294.53,354352.6875,384355.75,392820.84375,411409.1875,16,16.54112116655836,LO,392820.84375,0.0,392820.84375,359294.53125,57056.5
test_id_test_id_000423_36,test_id_000423,45,random,5,1,test_id_000423_t5_c1,big,big_0,2,1.8,1.06,44,186412.8,181725.03125,200280.84375,205816.765625,218610.265625,16,16.54112116655836,LO,205816.765625,0.0,205816.765625,186412.796875,36885.234375
test_id_test_id_000423_37,test_id_000423,45,random,5,2,test_id_000423_t5_c2,little,little_1,2,1.2,0.93,44,245060.28,243294.984375,265412.875,271929.375,286629.9375,16,16.54112116655836,LO,271929.375,0.0,271929.375,245060.28125,43334.953125
test_id_test_id_000423_38,test_id_000423,45,random,5,3,test_id_000423_t5_c3,big,big_0,3,2.2,1.15,44,132961.58,139554.84375,155718.296875,160325.984375,171474.8125,16,16.54112116655836,LO,160325.984375,0.0,160325.984375,132961.578125,31919.96875
test_id_test_id_000423_39,test_id_000423,45,random,5,4,test_id_000423_t5_c4,little,little_0,3,1.5,1.0,44,233815.08,220262.8125,240977.53125,247137.921875,261119.484375,16,16.54112116655836,LO,247137.921875,0.0,247137.921875,233815.078125,40856.671875
test_id_test_id_000423_40,test_id_000423,45,random,5,5,test_id_000423_t5_c5,big,big_0,0,1.0,0.9,44,286480.7,252802.75,275506.03125,282149.03125,297128.28125,16,16.54112116655836,LO,282149.03125,0.0,282149.03125,286480.6875,44325.53125
test_id_test_id_000423_41,test_id_000423,45,random,5,6,test_id_000423_t5_c6,little,little_1,0,0.6,0.8,44,569964.56,515026.5625,556099.25,567818.125,590435.4375,16,16.54112116655836,LO,567818.125,0.0,567818.125,569964.5625,75408.875
test_id_test_id_000438_00,test_id_000438,7,source_like,0,0,test_id_000438_t0_c0,little,little_1,0,0.6,0.8,6,207463.53,193579.5,214162.59375,220506.46875,234960.28125,16,16.54112116655836,HI,220506.46875,15665.78125,236172.25,207463.53125,41380.78125
test_id_test_id_000438_01,test_id_000438,7,source_like,0,1,test_id_000438_t0_c1,big,big_1,1,1.4,0.98,6,68489.81,65437.984375,79200.3125,83091.46875,92586.890625,16,16.54112116655836,HI,83091.46875,15665.78125,98757.25,68489.8125,27148.90625
test_id_test_id_000438_02,test_id_000438,7,source_like,0,2,test_id_000438_t0_c2,little,little_1,1,0.9,0.86,6,145093.62,139237.234375,155843.4375,160714.84375,172371.578125,16,16.54112116655836,HI,160714.84375,15665.78125,176380.625,145093.625,33134.34375
test_id_test_id_000438_03,test_id_000438,7,source_like,0,3,test_id_000438_t0_c3,big,big_1,2,1.8,1.06,6,47100.4,46624.671875,59470.53125,63257.046875,72203.0625,16,16.54112116655836,HI,63257.046875,15665.78125,78922.828125,47100.3984375,25578.390625
test_id_test_id_000438_04,test_id_000438,7,source_like,0,4,test_id_000438_t0_c4,little,little_1,2,1.2,0.93,6,106394.586,101766.6875,116728.296875,120901.28125,131324.5625,16,16.54112116655836,HI,120901.28125,15665.78125,136567.0625,106394.5859375,29557.875
test_id_test_id_000438_05,test_id_000438,7,source_like,0,5,test_id_000438_t0_c5,big,big_0,3,2.2,1.15,6,38742.9,40293.34375,52896.40625,56668.8125,65465.078125,16,16.54112116655836,HI,56668.8125,15665.78125,72334.59375,38742.8984375,25171.734375
test_id_test_id_000438_06,test_id_000438,7,source_like,0,6,test_id_000438_t0_c6,little,little_1,3,1.5,1.0,6,87559.02,84337.640625,98827.140625,102806.4375,112764.890625,16,16.54112116655836,HI,102806.4375,15665.78125,118472.21875,87559.0234375,28427.25
test_id_test_id_000438_07,test_id_000438,150,sink_like,1,0,test_id_000438_t1_c0,big,big_0,1,1.4,0.98,149,300470.97,310343.5625,337016.25,344626.78125,361592.21875,16,16.54112116655836,HI,344626.78125,15665.78125,360292.5625,300470.96875,51248.65625
test_id_test_id_000438_08,test_id_000438,150,sink_like,1,1,test_id_000438_t1_c1,little,little_0,1,0.9,0.86,149,538748.9,538466.25,583450.8125,596552.6875,621417.4375,16,16.54112116655836,HI,596552.6875,15665.78125,612218.46875,538748.875,82951.1875
test_id_test_id_000438_09,test_id_000438,150,sink_like,1,2,test_id_000438_t1_c2,big,big_1,2,1.8,1.06,149,224969.66,241617.03125,263765.59375,270339.21875,285139.875,16,16.54112116655836,HI,270339.21875,15665.78125,286005.0,224969.65625,43522.84375
test_id_test_id_000438_10,test_id_000438,150,sink_like,1,3,test_id_000438_t1_c3,little,little_1,2,1.2,0.93,149,390382.12,411565.53125,446437.1875,456297.5625,477217.96875,16,16.54112116655836,HI,456297.5625,15665.78125,471963.34375,390382.125,65652.4375
test_id_test_id_000438_11,test_id_000438,150,sink_like,1,4,test_id_000438_t1_c4,big,big_1,3,2.2,1.15,149,217725.8,226389.34375,247641.296875,254005.0,268385.0,16,16.54112116655836,HI,254005.0,15665.78125,269670.78125,217725.796875,41995.65625
test_id_test_id_000438_12,test_id_000438,150,sink_like,1,5,test_id_000438_t1_c5,little,little_0,3,1.5,1.0,149,368559.88,346212.1875,375702.09375,384042.59375,402418.09375,16,16.54112116655836,HI,384042.59375,15665.78125,399708.375,368559.875,56205.90625
test_id_test_id_000438_13,test_id_000438,150,sink_like,1,6,test_id_000438_t1_c6,big,big_0,0,1.0,0.9,149,486769.06,460501.5,499544.71875,510711.34375,533468.0,16,16.54112116655836,HI,510711.34375,15665.78125,526377.125,486769.0625,72966.5
test_id_test_id_000438_14,test_id_000438,131,middle,2,0,test_id_000438_t2_c0,little,little_0,1,0.9,0.86,130,456672.1,481268.90625,521565.8125,533090.875,556187.75,16,16.54112116655836,HI,533090.875,15665.78125,548756.65625,456672.09375,74918.84375
test_id_test_id_000438_15,test_id_000438,131,middle,2,1,test_id_000438_t2_c1,big,big_0,2,1.8,1.06,130,288646.16,289392.59375,314617.0,321886.875,338147.125,16,16.54112116655836,HI,321886.875,15665.78125,337552.65625,288646.15625,48754.53125
test_id_test_id_000438_16,test_id_000438,131,middle,2,2,test_id_000438_t2_c2,little,little_1,2,1.2,0.93,130,343333.75,389632.96875,422656.6875,431972.84375,452037.4375,16,16.54112116655836,HI,431972.84375,15665.78125,447638.625,343333.75,62404.46875
test_id_test_id_000438_17,test_id_000438,131,middle,2,3,test_id_000438_t2_c3,big,big_1,3,2.2,1.15,130,193787.62,220882.3125,241848.109375,248149.6875,262404.75,16,16.54112116655836,HI,248149.6875,15665.78125,263815.46875,193787.625,41522.4375
test_id_test_id_000438_18,test_id_000438,131,middle,2,4,test_id_000438_t2_c4,little,little_1,3,1.5,1.0,130,363015.88,371309.875,402945.125,411882.96875,431323.9375,16,16.54112116655836,HI,411882.96875,15665.78125,427548.75,363015.875,60014.0625
test_id_test_id_000438_19,test_id_000438,131,middle,2,5,test_id_000438_t2_c5,big,big_1,0,1.0,0.9,130,290743.53,315811.71875,342838.375,350525.6875,367661.875,16,16.54112116655836,HI,350525.6875,15665.78125,366191.46875,290743.53125,51850.15625
test_id_test_id_000438_20,test_id_000438,131,middle,2,6,test_id_000438_t2_c6,little,little_1,0,0.6,0.8,130,666655.5,692711.5,749505.625,766811.1875,795945.5625,16,16.54112116655836,HI,766811.1875,15665.78125,782476.96875,666655.5,103234.0625
test_id_test_id_000438_21,test_id_000438,124,communication_heavy,3,0,test_id_000438_t3_c0,big,big_1,2,1.8,1.06,123,247978.62,248455.4375,271009.625,277673.4375,292660.71875,16,16.54112116655836,HI,277673.4375,15665.78125,293339.21875,247978.625,44205.28125
test_id_test_id_000438_22,test_id_000438,124,communication_heavy,3,1,test_id_000438_t3_c1,little,little_1,2,1.2,0.93,123,400492.4,408126.125,442784.75,452592.46875,473439.78125,16,16.54112116655836,HI,452592.46875,15665.78125,468258.25,400492.40625,65313.65625
test_id_test_id_000438_23,test_id_000438,124,communication_heavy,3,2,test_id_000438_t3_c2,big,big_0,3,2.2,1.15,123,191478.06,198425.21875,218043.921875,223949.375,237438.6875,16,16.54112116655836,HI,223949.375,15665.78125,239615.15625,191478.0625,39013.46875
test_id_test_id_000438_24,test_id_000438,124,communication_heavy,3,3,test_id_000438_t3_c3,little,little_0,3,1.5,1.0,123,338198.3,334856.03125,363447.9375,371555.09375,389486.90625,16,16.54112116655836,HI,371555.09375,15665.78125,387220.875,338198.3125,54630.875
test_id_test_id_000438_25,test_id_000438,124,communication_heavy,3,4,test_id_000438_t3_c4,big,big_1,0,1.0,0.9,123,318831.38,334085.3125,362512.90625,370555.5,388386.8125,16,16.54112116655836,HI,370555.5,15665.78125,386221.28125,318831.375,54301.5
test_id_test_id_000438_26,test_id_000438,124,communication_heavy,3,5,test_id_000438_t3_c5,little,little_1,0,0.6,0.8,123,754895.2,747243.875,809905.625,828940.5625,861389.1875,16,16.54112116655836,HI,828940.5625,15665.78125,844606.34375,754895.1875,114145.3125
test_id_test_id_000438_27,test_id_000438,124,communication_heavy,3,6,test_id_000438_t3_c6,big,big_1,1,1.4,0.98,123,366040.0,347549.4375,377168.375,385539.75,403978.875,16,16.54112116655836,HI,385539.75,15665.78125,401205.53125,366040.0,56429.4375
test_id_test_id_000438_28,test_id_000438,5,random,4,0,test_id_000438_t4_c0,little,little_1,2,1.2,0.93,4,123507.96,136310.671875,152409.703125,157061.90625,168273.90625,16,16.54112116655836,HI,157061.90625,15665.78125,172727.6875,123507.9609375,31963.234375
test_id_test_id_000438_29,test_id_000438,5,random,4,1,test_id_000438_t4_c1,big,big_0,3,2.2,1.15,4,52870.8,54910.34375,68094.53125,71882.96875,80992.8125,16,16.54112116655836,HI,71882.96875,15665.78125,87548.75,52870.80078125,26082.46875
test_id_test_id_000438_30,test_id_000438,5,random,4,2,test_id_000438_t4_c2,little,little_0,3,1.5,1.0,4,109387.21,108640.046875,123674.96875,127835.953125,138235.0,16,16.54112116655836,HI,127835.953125,15665.78125,143501.734375,109387.2109375,29594.953125
test_id_test_id_000438_31,test_id_000438,5,random,4,3,test_id_000438_t4_c3,big,big_1,0,1.0,0.9,4,106929.63,109317.0625,124535.546875,128838.484375,139500.53125,16,16.54112116655836,HI,128838.484375,15665.78125,144504.265625,106929.6328125,30183.46875
test_id_test_id_000438_32,test_id_000438,5,random,4,4,test_id_000438_t4_c4,little,little_1,0,0.6,0.8,4,254364.69,256346.890625,280345.78125,287361.375,303460.0,16,16.54112116655836,HI,287361.375,15665.78125,303027.15625,254364.6875,47113.109375
test_id_test_id_000438_33,test_id_000438,5,random,4,5,test_id_000438_t4_c5,big,big_0,1,1.4,0.98,4,77524.95,81722.328125,96055.328125,100020.25,109917.546875,16,16.54112116655836,HI,100020.25,15665.78125,115686.03125,77524.953125,28195.21875
test_id_test_id_000438_34,test_id_000438,5,random,4,6,test_id_000438_t4_c6,little,little_1,1,0.9,0.86,4,187656.03,186699.8125,205847.3125,211620.703125,224883.90625,16,16.54112116655836,HI,211620.703125,15665.78125,227286.484375,187656.03125,38184.09375
test_id_test_id_000438_35,test_id_000438,105,diverse_fill_1,5,0,test_id_000438_t5_c0,big,big_0,3,2.2,1.15,104,56131.68,55571.5625,68780.84375,72597.796875,81784.59375,16,16.54112116655836,HI,72597.796875,15665.78125,88263.578125,56131.6796875,26213.03125
test_id_test_id_000438_36,test_id_000438,105,diverse_fill_1,5,1,test_id_000438_t5_c1,little,little_1,3,1.5,1.0,104,110412.6,110518.75,125654.703125,129859.171875,140352.046875,16,16.54112116655836,HI,129859.171875,15665.78125,145524.953125,110412.6015625,29833.296875
test_id_test_id_000438_37,test_id_000438,105,diverse_fill_1,5,2,test_id_000438_t5_c2,big,big_0,0,1.0,0.9,104,112906.62,113882.203125,129468.296875,133938.1875,144941.96875,16,16.54112116655836,HI,133938.1875,15665.78125,149603.96875,112906.6171875,31059.765625
test_id_test_id_000438_38,test_id_000438,105,diverse_fill_1,5,3,test_id_000438_t5_c3,little,little_0,0,0.6,0.8,104,237403.4,246443.296875,270113.8125,277156.875,293248.71875,16,16.54112116655836,HI,277156.875,15665.78125,292822.65625,237403.40625,46805.421875
test_id_test_id_000438_39,test_id_000438,105,diverse_fill_1,5,4,test_id_000438_t5_c4,big,big_0,1,1.4,0.98,104,89106.46,89475.59375,104154.9375,108258.203125,118504.75,16,16.54112116655836,HI,108258.203125,15665.78125,123923.984375,89106.4609375,29029.15625
test_id_test_id_000438_40,test_id_000438,105,diverse_fill_1,5,5,test_id_000438_t5_c5,little,little_0,1,0.9,0.86,104,133105.33,152499.515625,169905.78125,175105.90625,187345.84375,16,16.54112116655836,HI,175105.90625,15665.78125,190771.6875,133105.328125,34846.328125
test_id_test_id_000438_41,test_id_000438,105,diverse_fill_1,5,6,test_id_000438_t5_c6,big,big_0,2,1.8,1.06,104,64779.977,66530.28125,80235.78125,84127.203125,93658.734375,16,16.54112116655836,HI,84127.203125,15665.78125,99792.984375,64779.9765625,27128.453125
test_id_test_id_000448_00,test_id_000448,1,source_like,0,0,test_id_000448_t0_c0,big,big_0,2,1.8,1.06,0,52551.504,55660.109375,68849.109375,72642.90625,81779.3125,16,16.54112116655836,LO,72642.90625,0.0,72642.90625,52551.50390625,26119.203125
test_id_test_id_000448_01,test_id_000448,1,source_like,0,1,test_id_000448_t0_c1,little,little_1,2,1.2,0.93,0,122313.24,126541.703125,142218.140625,146688.0,157601.875,16,16.54112116655836,LO,146688.0,0.0,146688.0,122313.2421875,31060.171875
test_id_test_id_000448_02,test_id_000448,1,source_like,0,2,test_id_000448_t0_c2,big,big_0,3,2.2,1.15,0,48897.86,48747.65625,61647.015625,65409.5625,74349.515625,16,16.54112116655836,LO,65409.5625,0.0,65409.5625,48897.859375,25601.859375
test_id_test_id_000448_03,test_id_000448,1,source_like,0,3,test_id_000448_t0_c3,little,little_0,3,1.5,1.0,0,102497.875,101828.984375,116718.953125,120810.21875,131085.359375,16,16.54112116655836,LO,120810.21875,0.0,120810.21875,102497.875,29256.375
test_id_test_id_000448_04,test_id_000448,1,source_like,0,4,test_id_000448_t0_c4,big,big_0,0,1.0,0.9,0,94511.78,97981.1875,112960.859375,117166.84375,127647.859375,16,16.54112116655836,LO,117166.84375,0.0,117166.84375,94511.78125,29666.671875
test_id_test_id_000448_05,test_id_000448,1,source_like,0,5,test_id_000448_t0_c5,little,little_1,0,0.6,0.8,0,258147.62,256918.921875,280961.0625,287981.34375,304052.15625,16,16.54112116655836,LO,287981.34375,0.0,287981.34375,258147.625,47133.234375
test_id_test_id_000448_06,test_id_000448,1,source_like,0,6,test_id_000448_t0_c6,big,big_1,1,1.4,0.98,0,81642.19,79220.84375,93516.0,97454.671875,107267.8125,16,16.54112116655836,LO,97454.671875,0.0,97454.671875,81642.1875,28046.96875
test_id_test_id_000448_07,test_id_000448,50,sink_like,1,0,test_id_000448_t1_c0,little,little_0,2,1.2,0.93,49,224372.64,243433.5625,265485.875,271954.0,286566.71875,16,16.54112116655836,LO,271954.0,0.0,271954.0,224372.640625,43133.15625
test_id_test_id_000448_08,test_id_000448,50,sink_like,1,1,test_id_000448_t1_c1,big,big_1,3,2.2,1.15,49,99875.016,117344.609375,132538.6875,136750.109375,147227.0,16,16.54112116655836,LO,136750.109375,0.0,136750.109375,99875.015625,29882.390625
test_id_test_id_000448_09,test_id_000448,50,sink_like,1,2,test_id_000448_t1_c2,little,little_0,3,1.5,1.0,49,166003.55,194470.0,213605.84375,219301.28125,232383.875,16,16.54112116655836,LO,219301.28125,0.0,219301.28125,166003.546875,37913.875
test_id_test_id_000448_10,test_id_000448,50,sink_like,1,3,test_id_000448_t1_c3,big,big_1,0,1.0,0.9,49,222060.22,231990.171875,253359.96875,259666.65625,273952.875,16,16.54112116655836,LO,259666.65625,0.0,259666.65625,222060.21875,41962.703125
test_id_test_id_000448_11,test_id_000448,50,sink_like,1,4,test_id_000448_t1_c4,little,little_1,0,0.6,0.8,49,434706.06,438203.0,474488.875,484755.1875,506106.125,16,16.54112116655836,LO,484755.1875,0.0,484755.1875,434706.0625,67903.125
test_id_test_id_000448_12,test_id_000448,50,sink_like,1,5,test_id_000448_t1_c5,big,big_0,1,1.4,0.98,49,133786.67,156860.390625,173895.03125,178870.359375,190641.921875,16,16.54112116655836,LO,178870.359375,0.0,178870.359375,133786.671875,33781.53125
test_id_test_id_000448_13,test_id_000448,50,sink_like,1,6,test_id_000448_t1_c6,little,little_1,1,0.9,0.86,49,293988.66,302141.09375,328165.9375,335594.375,352210.375,16,16.54112116655836,LO,335594.375,0.0,335594.375,293988.65625,50069.28125
test_id_test_id_000448_14,test_id_000448,26,middle,2,0,test_id_000448_t2_c0,big,big_1,3,2.2,1.15,25,68855.2,68699.390625,82451.171875,86301.796875,95791.46875,16,16.54112116655836,LO,86301.796875,0.0,86301.796875,68855.203125,27092.078125
test_id_test_id_000448_15,test_id_000448,26,middle,2,1,test_id_000448_t2_c1,little,little_0,3,1.5,1.0,25,116055.73,119511.609375,134885.09375,139185.421875,149825.84375,16,16.54112116655836,LO,139185.421875,0.0,139185.421875,116055.7265625,30314.234375
test_id_test_id_000448_16,test_id_000448,26,middle,2,2,test_id_000448_t2_c2,big,big_0,0,1.0,0.9,25,128732.53,128242.75,144296.09375,148952.046875,160250.3125,16,16.54112116655836,LO,148952.046875,0.0,148952.046875,128732.53125,32007.5625
test_id_test_id_000448_17,test_id_000448,26,middle,2,3,test_id_000448_t2_c3,little,little_1,0,0.6,0.8,25,304388.8,313351.75,339949.40625,347225.75,363998.15625,16,16.54112116655836,LO,347225.75,0.0,347225.75,304388.8125,50646.40625
test_id_test_id_000448_18,test_id_000448,26,middle,2,4,test_id_000448_t2_c4,big,big_0,1,1.4,0.98,25,90304.12,90907.1875,105474.484375,109507.921875,119624.359375,16,16.54112116655836,LO,109507.921875,0.0,109507.921875,90304.1171875,28717.171875
test_id_test_id_000448_19,test_id_000448,26,middle,2,5,test_id_000448_t2_c5,little,little_1,1,0.9,0.86,25,216761.67,206559.375,226725.15625,232786.265625,246612.375,16,16.54112116655836,LO,232786.265625,0.0,232786.265625,216761.671875,40053.0
test_id_test_id_000448_20,test_id_000448,26,middle,2,6,test_id_000448_t2_c6,big,big_0,2,1.8,1.06,25,81905.016,81735.09375,96003.890625,99945.46875,109802.28125,16,16.54112116655836,LO,99945.46875,0.0,99945.46875,81905.015625,28067.1875
test_id_test_id_000448_21,test_id_000448,33,high_degree,3,0,test_id_000448_t3_c0,little,little_0,3,1.5,1.0,32,100215.414,102797.0625,117730.953125,121864.765625,132224.203125,16,16.54112116655836,LO,121864.765625,0.0,121864.765625,100215.4140625,29427.140625
test_id_test_id_000448_22,test_id_000448,33,high_degree,3,1,test_id_000448_t3_c1,big,big_1,0,1.0,0.9,32,96208.9,101035.140625,116170.84375,120465.796875,131134.484375,16,16.54112116655836,LO,120465.796875,0.0,120465.796875,96208.8984375,30099.34375
test_id_test_id_000448_23,test_id_000448,33,high_degree,3,2,test_id_000448_t3_c2,little,little_0,0,0.6,0.8,32,183405.72,208936.703125,230631.46875,237361.0,252628.359375,16,16.54112116655836,LO,237361.0,0.0,237361.0,183405.71875,43691.65625
test_id_test_id_000448_24,test_id_000448,33,high_degree,3,3,test_id_000448_t3_c3,big,big_1,1,1.4,0.98,32,73863.06,74717.734375,88821.0625,92802.6875,102640.65625,16,16.54112116655836,LO,92802.6875,0.0,92802.6875,73863.0625,27922.921875
test_id_test_id_000448_25,test_id_000448,33,high_degree,3,4,test_id_000448_t3_c4,little,little_1,1,0.9,0.86,32,143149.66,146013.03125,163015.5,168064.0,180029.671875,16,16.54112116655836,LO,168064.0,0.0,168064.0,143149.65625,34016.640625
test_id_test_id_000448_26,test_id_000448,33,high_degree,3,5,test_id_000448_t3_c5,big,big_1,2,1.8,1.06,32,68060.84,65670.0625,79362.125,83266.734375,92809.890625,16,16.54112116655836,LO,83266.734375,0.0,83266.734375,68060.84375,27139.828125
test_id_test_id_000448_27,test_id_000448,33,high_degree,3,6,test_id_000448_t3_c6,little,little_1,2,1.2,0.93,32,120089.78,115070.296875,130397.578125,134718.359375,145407.65625,16,16.54112116655836,LO,134718.359375,0.0,134718.359375,120089.78125,30337.359375
test_id_test_id_000448_28,test_id_000448,51,communication_heavy,4,0,test_id_000448_t4_c0,big,big_1,0,1.0,0.9,50,317438.78,329783.125,357900.4375,365867.65625,383551.0625,16,16.54112116655836,LO,365867.65625,0.0,365867.65625,317438.78125,53767.9375
test_id_test_id_000448_29,test_id_000448,51,communication_heavy,4,1,test_id_000448_t4_c1,little,little_1,0,0.6,0.8,50,681169.0,667497.5,721523.6875,737866.5,765557.6875,16,16.54112116655836,LO,737866.5,0.0,737866.5,681169.0,98060.1875
test_id_test_id_000448_30,test_id_000448,51,communication_heavy,4,2,test_id_000448_t4_c2,big,big_0,1,1.4,0.98,50,264098.8,265436.4375,289029.03125,295917.84375,311384.125,16,16.54112116655836,LO,295917.84375,0.0,295917.84375,264098.8125,45947.6875
test_id_test_id_000448_31,test_id_000448,51,communication_heavy,4,3,test_id_000448_t4_c3,little,little_1,1,0.9,0.86,50,443723.78,469010.75,508306.8125,519509.9375,542217.625,16,16.54112116655836,LO,519509.9375,0.0,519509.9375,443723.78125,73206.875
test_id_test_id_000448_32,test_id_000448,51,communication_heavy,4,4,test_id_000448_t4_c4,big,big_1,2,1.8,1.06,50,191261.3,196396.15625,215911.6875,221786.90625,235218.8125,16,16.54112116655836,LO,221786.90625,0.0,221786.90625,191261.296875,38822.65625
test_id_test_id_000448_33,test_id_000448,51,communication_heavy,4,5,test_id_000448_t4_c5,little,little_0,2,1.2,0.93,50,444824.97,414283.0,449574.03125,459591.75,480767.3125,16,16.54112116655836,LO,459591.75,0.0,459591.75,444824.96875,66484.3125
test_id_test_id_000448_34,test_id_000448,51,communication_heavy,4,6,test_id_000448_t4_c6,big,big_1,3,2.2,1.15,50,154800.02,172646.71875,190729.171875,196101.28125,208606.59375,16,16.54112116655836,LO,196101.28125,0.0,196101.28125,154800.015625,35959.875
test_id_test_id_000448_35,test_id_000448,15,random,5,0,test_id_000448_t5_c0,little,little_1,0,0.6,0.8,14,382986.88,401756.75,434212.3125,443162.5625,462475.0625,16,16.54112116655836,LO,443162.5625,0.0,443162.5625,382986.875,60718.3125
test_id_test_id_000448_36,test_id_000448,15,random,5,1,test_id_000448_t5_c1,big,big_1,1,1.4,0.98,14,180085.34,181946.4375,200528.59375,206091.3125,218929.6875,16,16.54112116655836,LO,206091.3125,0.0,206091.3125,180085.34375,36983.25
test_id_test_id_000448_37,test_id_000448,15,random,5,2,test_id_000448_t5_c2,little,little_1,1,0.9,0.86,14,253198.55,251126.125,273700.125,280298.21875,295206.03125,16,16.54112116655836,LO,280298.21875,0.0,280298.21875,253198.546875,44079.90625
test_id_test_id_000448_38,test_id_000448,15,random,5,3,test_id_000448_t5_c3,big,big_0,2,1.8,1.06,14,134215.69,135095.03125,151083.203125,155619.640625,166651.65625,16,16.54112116655836,LO,155619.640625,0.0,155619.640625,134215.6875,31556.625
test_id_test_id_000448_39,test_id_000448,15,random,5,4,test_id_000448_t5_c4,little,little_1,2,1.2,0.93,14,265112.75,239483.203125,261335.25,267768.28125,282310.25,16,16.54112116655836,LO,267768.28125,0.0,267768.28125,265112.75,42827.046875
test_id_test_id_000448_40,test_id_000448,15,random,5,5,test_id_000448_t5_c5,big,big_1,3,2.2,1.15,14,148754.84,138381.234375,154584.59375,159178.8125,170323.5625,16,16.54112116655836,LO,159178.8125,0.0,159178.8125,148754.84375,31942.328125
test_id_test_id_000448_41,test_id_000448,15,random,5,6,test_id_000448_t5_c6,little,little_0,3,1.5,1.0,14,163785.75,174281.3125,192329.125,197677.953125,210126.5,16,16.54112116655836,LO,197677.953125,0.0,197677.953125,163785.75,35845.1875
test_id_test_id_000465_00,test_id_000465,1,source_like,0,0,test_id_000465_t0_c0,big,big_0,0,1.0,0.9,0,93209.75,96510.046875,111433.171875,115598.921875,126004.109375,16,16.54112116655836,HI,115598.921875,15665.78125,131264.703125,93209.75,29494.0625
test_id_test_id_000465_01,test_id_000465,1,source_like,0,1,test_id_000465_t0_c1,little,little_0,0,0.6,0.8,0,244472.83,246757.84375,270304.875,277276.34375,293188.96875,16,16.54112116655836,HI,277276.34375,15665.78125,292942.125,244472.828125,46431.125
test_id_test_id_000465_02,test_id_000465,1,source_like,0,2,test_id_000465_t0_c2,big,big_1,1,1.4,0.98,0,70025.0,74670.109375,88757.171875,92664.890625,102349.75,16,16.54112116655836,HI,92664.890625,15665.78125,108330.671875,70025.0,27679.640625
test_id_test_id_000465_03,test_id_000465,1,source_like,0,3,test_id_000465_t0_c3,little,little_1,1,0.9,0.86,0,153348.34,162901.6875,180737.1875,186092.53125,198580.1875,16,16.54112116655836,HI,186092.53125,15665.78125,201758.3125,153348.34375,35678.5
test_id_test_id_000465_04,test_id_000465,1,source_like,0,4,test_id_000465_t0_c4,big,big_1,2,1.8,1.06,0,55268.848,56504.796875,69730.625,73519.53125,82658.25,16,16.54112116655836,HI,73519.53125,15665.78125,89185.3125,55268.84765625,26153.453125
test_id_test_id_000465_05,test_id_000465,1,source_like,0,5,test_id_000465_t0_c5,little,little_0,2,1.2,0.93,0,131748.81,126374.453125,141941.5,146343.5625,157142.1875,16,16.54112116655836,HI,146343.5625,15665.78125,162009.34375,131748.8125,30767.734375
test_id_test_id_000465_06,test_id_000465,1,source_like,0,6,test_id_000465_t0_c6,big,big_0,3,2.2,1.15,0,46013.953,49396.828125,62312.46875,66073.140625,75023.25,16,16.54112116655836,HI,66073.140625,15665.78125,81738.921875,46013.953125,25626.421875
test_id_test_id_000465_07,test_id_000465,6,sink_like,1,0,test_id_000465_t1_c0,little,little_0,0,0.6,0.8,5,285603.16,285520.75,310793.0625,317953.0625,334432.8125,16,16.54112116655836,HI,317953.0625,15665.78125,333618.84375,285603.15625,48912.0625
test_id_test_id_000465_08,test_id_000465,6,sink_like,1,1,test_id_000465_t1_c1,big,big_1,1,1.4,0.98,5,128335.43,121713.203125,137260.125,141626.375,152399.28125,16,16.54112116655836,HI,141626.375,15665.78125,157292.15625,128335.4296875,30686.078125
test_id_test_id_000465_09,test_id_000465,6,sink_like,1,2,test_id_000465_t1_c2,little,little_1,1,0.9,0.86,5,180645.64,188995.140625,208355.0625,214257.828125,227760.890625,16,16.54112116655836,HI,214257.828125,15665.78125,229923.609375,180645.640625,38765.75
test_id_test_id_000465_10,test_id_000465,6,sink_like,1,3,test_id_000465_t1_c3,big,big_0,2,1.8,1.06,5,88268.93,84109.03125,98406.109375,102352.09375,112243.234375,16,16.54112116655836,HI,102352.09375,15665.78125,118017.875,88268.9296875,28134.203125
test_id_test_id_000465_11,test_id_000465,6,sink_like,1,4,test_id_000465_t1_c4,little,little_1,2,1.2,0.93,5,169519.81,167084.78125,184761.9375,190007.21875,202267.09375,16,16.54112116655836,HI,190007.21875,15665.78125,205673.0,169519.8125,35182.3125
test_id_test_id_000465_12,test_id_000465,6,sink_like,1,5,test_id_000465_t1_c5,big,big_1,3,2.2,1.15,5,72689.016,71639.390625,85473.09375,89331.75,98888.25,16,16.54112116655836,HI,89331.75,15665.78125,104997.53125,72689.015625,27248.859375
test_id_test_id_000465_13,test_id_000465,6,sink_like,1,6,test_id_000465_t1_c6,little,little_1,3,1.5,1.0,5,145512.36,140387.25,156616.0,161262.3125,172479.0625,16,16.54112116655836,HI,161262.3125,15665.78125,176928.09375,145512.359375,32091.8125
test_id_test_id_000465_14,test_id_000465,120,middle,2,0,test_id_000465_t2_c0,big,big_0,1,1.4,0.98,119,122411.37,139912.171875,156161.96875,160817.59375,172055.75,16,16.54112116655836,HI,160817.59375,15665.78125,176483.375,122411.3671875,32143.578125
test_id_test_id_000465_15,test_id_000465,120,middle,2,1,test_id_000465_t2_c1,little,little_0,1,0.9,0.86,119,219104.62,227505.8125,248656.84375,254926.53125,269144.84375,16,16.54112116655836,HI,254926.53125,15665.78125,270592.3125,219104.625,41639.03125
test_id_test_id_000465_16,test_id_000465,120,middle,2,2,test_id_000465_t2_c2,big,big_0,2,1.8,1.06,119,81951.23,90455.1875,104855.125,108813.203125,118783.59375,16,16.54112116655836,HI,108813.203125,15665.78125,124478.984375,81951.2265625,28328.40625
test_id_test_id_000465_17,test_id_000465,120,middle,2,3,test_id_000465_t2_c3,little,little_1,2,1.2,0.93,119,186784.23,194685.3125,213896.46875,219644.0625,232819.390625,16,16.54112116655836,HI,219644.0625,15665.78125,235309.84375,186784.234375,38134.078125
test_id_test_id_000465_18,test_id_000465,120,middle,2,4,test_id_000465_t2_c4,big,big_1,3,2.2,1.15,119,82299.85,90940.75,105443.296875,109408.484375,119401.890625,16,16.54112116655836,HI,109408.484375,15665.78125,125074.265625,82299.8515625,28461.140625
test_id_test_id_000465_19,test_id_000465,120,middle,2,5,test_id_000465_t2_c5,little,little_1,3,1.5,1.0,119,174649.3,176898.4375,195071.328125,200459.71875,212977.03125,16,16.54112116655836,HI,200459.71875,15665.78125,216125.5,174649.296875,36078.59375
test_id_test_id_000465_20,test_id_000465,120,middle,2,6,test_id_000465_t2_c6,big,big_0,0,1.0,0.9,119,150348.2,164860.09375,182575.75,187873.6875,200240.46875,16,16.54112116655836,HI,187873.6875,15665.78125,203539.46875,150348.203125,35380.375
test_id_test_id_000465_21,test_id_000465,33,high_degree,3,0,test_id_000465_t3_c0,little,little_1,1,0.9,0.86,32,267204.88,261418.21875,284587.71875,291295.875,306450.125,16,16.54112116655836,HI,291295.875,15665.78125,306961.65625,267204.875,45031.90625
test_id_test_id_000465_22,test_id_000465,33,high_degree,3,1,test_id_000465_t3_c1,big,big_1,2,1.8,1.06,32,92746.52,102443.96875,117214.703125,121275.171875,131487.6875,16,16.54112116655836,HI,121275.171875,15665.78125,136940.953125,92746.5234375,29043.71875
test_id_test_id_000465_23,test_id_000465,33,high_degree,3,2,test_id_000465_t3_c2,little,little_0,2,1.2,0.93,32,188215.78,198632.3125,218083.671875,223897.296875,237209.171875,16,16.54112116655836,HI,223897.296875,15665.78125,239563.078125,188215.78125,38576.859375
test_id_test_id_000465_24,test_id_000465,33,high_degree,3,3,test_id_000465_t3_c3,big,big_1,3,2.2,1.15,32,104363.85,108959.671875,124025.90625,128152.515625,138508.90625,16,16.54112116655836,HI,128152.515625,15665.78125,143818.296875,104363.8515625,29549.234375
test_id_test_id_000465_25,test_id_000465,33,high_degree,3,4,test_id_000465_t3_c4,little,little_1,3,1.5,1.0,32,144770.45,159707.09375,176920.84375,181961.6875,193857.625,16,16.54112116655836,HI,181961.6875,15665.78125,197627.46875,144770.453125,34150.53125
test_id_test_id_000465_26,test_id_000465,33,high_degree,3,5,test_id_000465_t3_c5,big,big_1,0,1.0,0.9,32,149259.77,166487.46875,184295.46875,189625.71875,202053.125,16,16.54112116655836,HI,189625.71875,15665.78125,205291.5,149259.765625,35565.65625
test_id_test_id_000465_27,test_id_000465,33,high_degree,3,6,test_id_000465_t3_c6,little,little_0,0,0.6,0.8,32,318987.9,326293.28125,353948.28125,361665.5,379093.0625,16,16.54112116655836,HI,361665.5,15665.78125,377331.28125,318987.90625,52799.78125
test_id_test_id_000465_28,test_id_000465,209,communication_heavy,4,0,test_id_000465_t4_c0,big,big_0,2,1.8,1.06,208,175529.25,199788.4375,219508.734375,225450.8125,239009.09375,16,16.54112116655836,HI,225450.8125,15665.78125,241116.59375,175529.25,39220.65625
test_id_test_id_000465_29,test_id_000465,209,communication_heavy,4,1,test_id_000465_t4_c1,little,little_1,2,1.2,0.93,208,295103.66,323267.0,350919.21875,358777.40625,376232.3125,16,16.54112116655836,HI,358777.40625,15665.78125,374443.1875,295103.65625,52965.3125
test_id_test_id_000465_30,test_id_000465,209,communication_heavy,4,2,test_id_000465_t4_c2,big,big_0,3,2.2,1.15,208,153625.36,177586.96875,196029.0625,201535.0625,214294.46875,16,16.54112116655836,HI,201535.0625,15665.78125,217200.84375,153625.359375,36707.5
test_id_test_id_000465_31,test_id_000465,209,communication_heavy,4,3,test_id_000465_t4_c3,little,little_0,3,1.5,1.0,208,229933.61,247636.15625,270131.71875,276779.875,291743.28125,16,16.54112116655836,HI,276779.875,15665.78125,292445.65625,229933.609375,44107.125
test_id_test_id_000465_32,test_id_000465,209,communication_heavy,4,4,test_id_000465_t4_c4,big,big_0,0,1.0,0.9,208,274200.56,293831.0625,319305.1875,326613.15625,342978.3125,16,16.54112116655836,HI,326613.15625,15665.78125,342278.9375,274200.5625,49147.25
test_id_test_id_000465_33,test_id_000465,209,communication_heavy,4,5,test_id_000465_t4_c5,little,little_1,0,0.6,0.8,208,626838.0,637193.375,688133.375,703339.375,729527.5625,16,16.54112116655836,HI,703339.375,15665.78125,719005.15625,626838.0,92334.1875
test_id_test_id_000465_34,test_id_000465,209,communication_heavy,4,6,test_id_000465_t4_c6,big,big_0,1,1.4,0.98,208,194826.47,214500.59375,235074.921875,241260.390625,255289.421875,16,16.54112116655836,HI,241260.390625,15665.78125,256926.171875,194826.46875,40788.828125
test_id_test_id_000465_35,test_id_000465,154,random,5,0,test_id_000465_t5_c0,little,little_1,2,1.2,0.93,153,280539.06,279687.34375,304185.25,311272.75,327162.875,16,16.54112116655836,HI,311272.75,15665.78125,326938.53125,280539.0625,47475.53125
test_id_test_id_000465_36,test_id_000465,154,random,5,1,test_id_000465_t5_c1,big,big_1,3,2.2,1.15,153,152351.0,160194.59375,177618.21875,182724.90625,194768.1875,16,16.54112116655836,HI,182724.90625,15665.78125,198390.6875,152351.0,34573.59375
test_id_test_id_000465_37,test_id_000465,154,random,5,2,test_id_000465_t5_c2,little,little_0,3,1.5,1.0,153,238681.48,237066.3125,258913.40625,265406.8125,280050.4375,16,16.54112116655836,HI,265406.8125,15665.78125,281072.59375,238681.484375,42984.125
test_id_test_id_000465_38,test_id_000465,154,random,5,3,test_id_000465_t5_c3,big,big_0,0,1.0,0.9,153,277971.75,276067.5625,300321.53125,307338.1875,323098.4375,16,16.54112116655836,HI,307338.1875,15665.78125,323003.96875,277971.75,47030.875
test_id_test_id_000465_39,test_id_000465,154,random,5,4,test_id_000465_t5_c4,little,little_0,0,0.6,0.8,153,561974.9,550088.125,593538.9375,606038.5,629357.5,16,16.54112116655836,HI,606038.5,15665.78125,621704.28125,561974.875,79269.375
test_id_test_id_000465_40,test_id_000465,154,random,5,5,test_id_000465_t5_c5,big,big_1,1,1.4,0.98,153,190096.94,206189.46875,226268.296875,232311.90625,246065.6875,16,16.54112116655836,HI,232311.90625,15665.78125,247977.6875,190096.9375,39876.21875
test_id_test_id_000465_41,test_id_000465,154,random,5,6,test_id_000465_t5_c6,little,little_1,1,0.9,0.86,153,474647.38,447035.84375,484714.40625,495435.28125,517548.1875,16,16.54112116655836,HI,495435.28125,15665.78125,511101.0625,474647.375,70512.34375
test_id_test_id_000474_00,test_id_000474,5,source_like,0,0,test_id_000474_t0_c0,big,big_0,0,1.0,0.9,4,58498.402,57859.84375,71332.4375,75241.859375,84643.78125,16,16.54112116655836,LO,75241.859375,0.0,75241.859375,58498.40234375,26783.9375
test_id_test_id_000474_01,test_id_000474,5,source_like,0,1,test_id_000474_t0_c1,little,little_1,0,0.6,0.8,4,150723.66,138070.609375,155064.234375,160121.0,172162.0625,16,16.54112116655836,LO,160121.0,0.0,160121.0,150723.65625,34091.453125
test_id_test_id_000474_02,test_id_000474,5,source_like,0,2,test_id_000474_t0_c2,big,big_0,1,1.4,0.98,4,41841.586,41507.484375,54230.96875,58062.609375,67002.4375,16,16.54112116655836,LO,58062.609375,0.0,58062.609375,41841.5859375,25494.953125
test_id_test_id_000474_03,test_id_000474,5,source_like,0,3,test_id_000474_t0_c3,little,little_0,1,0.9,0.86,4,102689.39,96782.265625,111802.625,116065.15625,126663.40625,16,16.54112116655836,LO,116065.15625,0.0,116065.15625,102689.390625,29881.140625
test_id_test_id_000474_04,test_id_000474,5,source_like,0,4,test_id_000474_t0_c4,big,big_0,2,1.8,1.06,4,36488.977,40047.625,52763.359375,56629.640625,65612.4375,16,16.54112116655836,LO,56629.640625,0.0,56629.640625,36488.9765625,25564.8125
test_id_test_id_000474_05,test_id_000474,5,source_like,0,5,test_id_000474_t0_c5,little,little_1,2,1.2,0.93,4,80667.04,74891.375,89104.421875,93099.03125,102961.671875,16,16.54112116655836,LO,93099.03125,0.0,93099.03125,80667.0390625,28070.296875
test_id_test_id_000474_06,test_id_000474,5,source_like,0,6,test_id_000474_t0_c6,big,big_0,3,2.2,1.15,4,26360.643,30767.53125,43250.765625,47133.703125,55962.171875,16,16.54112116655836,LO,47133.703125,0.0,47133.703125,26360.642578125,25194.640625
test_id_test_id_000474_07,test_id_000474,74,sink_like,1,0,test_id_000474_t1_c0,little,little_0,0,0.6,0.8,73,596474.2,580680.625,626979.5625,640541.875,664941.125,16,16.54112116655836,LO,640541.875,0.0,640541.875,596474.1875,84260.5
test_id_test_id_000474_08,test_id_000474,74,sink_like,1,1,test_id_000474_t1_c1,big,big_1,1,1.4,0.98,73,214904.16,226967.53125,248171.171875,254491.0625,268779.75,16,16.54112116655836,LO,254491.0625,0.0,254491.0625,214904.15625,41812.21875
test_id_test_id_000474_09,test_id_000474,74,sink_like,1,2,test_id_000474_t1_c2,little,little_1,1,0.9,0.86,73,322906.44,330193.375,358227.0,366159.21875,383757.09375,16,16.54112116655836,LO,366159.21875,0.0,366159.21875,322906.4375,53563.71875
test_id_test_id_000474_10,test_id_000474,74,sink_like,1,3,test_id_000474_t1_c3,big,big_1,2,1.8,1.06,73,155213.55,173203.1875,191291.453125,196665.1875,209164.015625,16,16.54112116655836,LO,196665.1875,0.0,196665.1875,155213.546875,35960.828125
test_id_test_id_000474_11,test_id_000474,74,sink_like,1,4,test_id_000474_t1_c4,little,little_0,2,1.2,0.93,73,305094.56,313271.875,340164.0625,347831.6875,364903.71875,16,16.54112116655836,LO,347831.6875,0.0,347831.6875,305094.5625,51631.84375
test_id_test_id_000474_12,test_id_000474,74,sink_like,1,5,test_id_000474_t1_c5,big,big_1,3,2.2,1.15,73,183329.44,194207.8125,213572.140625,219397.71875,232732.75,16,16.54112116655836,LO,219397.71875,0.0,219397.71875,183329.4375,38524.9375
test_id_test_id_000474_13,test_id_000474,74,sink_like,1,6,test_id_000474_t1_c6,little,little_1,3,1.5,1.0,73,217586.45,223893.109375,244892.140625,251151.4375,265324.0,16,16.54112116655836,LO,251151.4375,0.0,251151.4375,217586.453125,41430.890625
test_id_test_id_000474_14,test_id_000474,56,middle,2,0,test_id_000474_t2_c0,big,big_1,1,1.4,0.98,55,294637.0,263687.1875,287115.40625,293940.25,309279.84375,16,16.54112116655836,LO,293940.25,0.0,293940.25,294637.0,45592.65625
test_id_test_id_000474_15,test_id_000474,56,middle,2,1,test_id_000474_t2_c1,little,little_1,1,0.9,0.86,55,395286.0,390960.3125,423977.09375,433284.28125,453323.125,16,16.54112116655836,LO,433284.28125,0.0,433284.28125,395286.0,62362.8125
test_id_test_id_000474_16,test_id_000474,56,middle,2,2,test_id_000474_t2_c2,big,big_0,2,1.8,1.06,55,196698.33,199289.671875,218887.546875,224770.578125,238208.84375,16,16.54112116655836,LO,224770.578125,0.0,224770.578125,196698.328125,38919.171875
test_id_test_id_000474_17,test_id_000474,56,middle,2,3,test_id_000474_t2_c3,little,little_0,2,1.2,0.93,55,310793.7,329246.53125,357380.28125,365365.4375,383063.28125,16,16.54112116655836,LO,365365.4375,0.0,365365.4375,310793.6875,53816.75
test_id_test_id_000474_18,test_id_000474,56,middle,2,4,test_id_000474_t2_c4,big,big_1,3,2.2,1.15,55,178586.89,181281.59375,199850.1875,205396.171875,218211.6875,16,16.54112116655836,LO,205396.171875,0.0,205396.171875,178586.890625,36930.09375
test_id_test_id_000474_19,test_id_000474,56,middle,2,5,test_id_000474_t2_c5,little,little_0,3,1.5,1.0,55,227843.47,243870.640625,266011.0625,272530.28125,287233.21875,16,16.54112116655836,LO,272530.28125,0.0,272530.28125,227843.46875,43362.578125
test_id_test_id_000474_20,test_id_000474,56,middle,2,6,test_id_000474_t2_c6,big,big_1,0,1.0,0.9,55,377040.1,349602.25,379396.5625,387822.875,406361.25,16,16.54112116655836,LO,387822.875,0.0,387822.875,377040.09375,56759.0
test_id_test_id_000474_21,test_id_000474,94,communication_heavy,3,0,test_id_000474_t3_c0,little,little_0,1,0.9,0.86,93,491184.28,487902.625,528885.75,540656.375,564068.9375,16,16.54112116655836,LO,540656.375,0.0,540656.375,491184.28125,76166.3125
test_id_test_id_000474_22,test_id_000474,94,communication_heavy,3,1,test_id_000474_t3_c1,big,big_1,2,1.8,1.06,93,360875.34,330496.0625,358752.84375,366767.28125,384534.71875,16,16.54112116655836,LO,366767.28125,0.0,366767.28125,360875.34375,54038.65625
test_id_test_id_000474_23,test_id_000474,94,communication_heavy,3,2,test_id_000474_t3_c2,little,little_1,2,1.2,0.93,93,440959.53,417726.96875,453170.0625,463207.5,484400.5,16,16.54112116655836,LO,463207.5,0.0,463207.5,440959.53125,66673.53125
test_id_test_id_000474_24,test_id_000474,94,communication_heavy,3,3,test_id_000474_t3_c3,big,big_1,3,2.2,1.15,93,264094.03,255568.015625,278580.8125,285354.8125,300580.0625,16,16.54112116655836,LO,285354.8125,0.0,285354.8125,264094.03125,45012.046875
test_id_test_id_000474_25,test_id_000474,94,communication_heavy,3,4,test_id_000474_t3_c4,little,little_1,3,1.5,1.0,93,474111.4,432809.5,469826.9375,480383.375,502375.875,16,16.54112116655836,LO,480383.375,0.0,480383.375,474111.40625,69566.375
test_id_test_id_000474_26,test_id_000474,94,communication_heavy,3,5,test_id_000474_t3_c5,big,big_1,0,1.0,0.9,93,382074.16,384483.0,417027.4375,426195.40625,446028.1875,16,16.54112116655836,LO,426195.40625,0.0,426195.40625,382074.15625,61545.1875
test_id_test_id_000474_27,test_id_000474,94,communication_heavy,3,6,test_id_000474_t3_c6,little,little_0,0,0.6,0.8,93,771604.7,720463.1875,780144.125,798374.6875,829073.9375,16,16.54112116655836,LO,798374.6875,0.0,798374.6875,771604.6875,108610.75
test_id_test_id_000474_28,test_id_000474,23,random,4,0,test_id_000474_t4_c0,big,big_0,2,1.8,1.06,22,123334.61,122350.8125,137928.921875,142275.6875,153019.53125,16,16.54112116655836,LO,142275.6875,0.0,142275.6875,123334.609375,30668.71875
test_id_test_id_000474_29,test_id_000474,23,random,4,1,test_id_000474_t4_c1,little,little_1,2,1.2,0.93,22,166468.61,173615.703125,191734.71875,197152.46875,209724.921875,16,16.54112116655836,LO,197152.46875,0.0,197152.46875,166468.609375,36109.21875
test_id_test_id_000474_30,test_id_000474,23,random,4,2,test_id_000474_t4_c2,big,big_1,3,2.2,1.15,22,79147.805,78144.984375,92193.25,96082.3125,105795.78125,16,16.54112116655836,LO,96082.3125,0.0,96082.3125,79147.8046875,27650.796875
test_id_test_id_000474_31,test_id_000474,23,random,4,3,test_id_000474_t4_c3,little,little_1,3,1.5,1.0,22,127273.586,133732.46875,149634.4375,154162.25,165171.96875,16,16.54112116655836,LO,154162.25,0.0,154162.25,127273.5859375,31439.5
test_id_test_id_000474_32,test_id_000474,23,random,4,4,test_id_000474_t4_c4,big,big_0,0,1.0,0.9,22,185741.38,173205.21875,191538.5,197091.96875,209943.4375,16,16.54112116655836,LO,197091.96875,0.0,197091.96875,185741.375,36738.21875
test_id_test_id_000474_33,test_id_000474,23,random,4,5,test_id_000474_t4_c5,little,little_1,0,0.6,0.8,22,351160.97,344616.34375,372826.96875,380449.40625,397712.0,16,16.54112116655836,LO,380449.40625,0.0,380449.40625,351160.96875,53095.65625
test_id_test_id_000474_34,test_id_000474,23,random,4,6,test_id_000474_t4_c6,big,big_1,1,1.4,0.98,22,127963.68,124086.46875,139694.0625,144105.8125,154944.171875,16,16.54112116655836,LO,144105.8125,0.0,144105.8125,127963.6796875,30857.703125
test_id_test_id_000474_35,test_id_000474,18,diverse_fill_1,5,0,test_id_000474_t5_c0,little,little_0,2,1.2,0.93,17,249482.75,253312.703125,276083.90625,282767.75,297810.03125,16,16.54112116655836,LO,282767.75,0.0,282767.75,249482.75,44497.328125
test_id_test_id_000474_36,test_id_000474,18,diverse_fill_1,5,1,test_id_000474_t5_c1,big,big_0,3,2.2,1.15,17,139033.44,140959.390625,157279.71875,161935.265625,173179.875,16,16.54112116655836,LO,161935.265625,0.0,161935.265625,139033.4375,32220.484375
test_id_test_id_000474_37,test_id_000474,18,diverse_fill_1,5,2,test_id_000474_t5_c2,little,little_0,3,1.5,1.0,17,213143.12,211975.09375,232294.453125,238380.046875,252209.375,16,16.54112116655836,LO,238380.046875,0.0,238380.046875,213143.125,40234.28125
test_id_test_id_000474_38,test_id_000474,18,diverse_fill_1,5,3,test_id_000474_t5_c3,big,big_1,0,1.0,0.9,17,243698.38,265270.65625,288744.90625,295557.625,310896.96875,16,16.54112116655836,LO,295557.625,0.0,295557.625,243698.375,45626.3125
test_id_test_id_000474_39,test_id_000474,18,diverse_fill_1,5,4,test_id_000474_t5_c4,little,little_0,0,0.6,0.8,17,533193.44,516620.9375,557465.75,569080.25,591474.375,16,16.54112116655836,LO,569080.25,0.0,569080.25,533193.4375,74853.4375
test_id_test_id_000474_40,test_id_000474,18,diverse_fill_1,5,5,test_id_000474_t5_c5,big,big_0,1,1.4,0.98,17,153288.88,163276.09375,180786.21875,185953.796875,198076.9375,16,16.54112116655836,LO,185953.796875,0.0,185953.796875,153288.875,34800.84375
test_id_test_id_000474_41,test_id_000474,18,diverse_fill_1,5,6,test_id_000474_t5_c6,little,little_0,1,0.9,0.86,17,350248.16,346558.90625,375861.1875,384126.8125,402339.46875,16,16.54112116655836,LO,384126.8125,0.0,384126.8125,350248.15625,55780.5625
test_id_test_id_000477_00,test_id_000477,2,source_like,0,0,test_id_000477_t0_c0,big,big_1,2,1.8,1.06,1,56409.785,65002.125,78662.671875,82481.234375,91821.984375,16,16.54112116655836,HI,82481.234375,15665.78125,98147.015625,56409.78515625,26819.859375
test_id_test_id_000477_01,test_id_000477,2,source_like,0,1,test_id_000477_t0_c1,little,little_1,2,1.2,0.93,1,130550.41,123442.453125,138979.65625,143382.046875,154189.4375,16,16.54112116655836,HI,143382.046875,15665.78125,159047.828125,130550.40625,30746.984375
test_id_test_id_000477_02,test_id_000477,2,source_like,0,2,test_id_000477_t0_c2,big,big_0,3,2.2,1.15,1,42679.85,46877.953125,59689.59375,63444.1875,72332.90625,16,16.54112116655836,HI,63444.1875,15665.78125,79109.96875,42679.8515625,25454.953125
test_id_test_id_000477_03,test_id_000477,2,source_like,0,3,test_id_000477_t0_c3,little,little_0,3,1.5,1.0,1,98859.15,95298.640625,110043.25,114101.28125,124289.109375,16,16.54112116655836,HI,114101.28125,15665.78125,129767.0625,98859.1484375,28990.46875
test_id_test_id_000477_04,test_id_000477,2,source_like,0,4,test_id_000477_t0_c4,big,big_1,0,1.0,0.9,1,96444.52,95364.296875,110257.828125,114425.671875,124827.0625,16,16.54112116655836,HI,114425.671875,15665.78125,130091.453125,96444.5234375,29462.765625
test_id_test_id_000477_05,test_id_000477,2,source_like,0,5,test_id_000477_t0_c5,little,little_1,0,0.6,0.8,1,240645.14,250737.25,274509.96875,281499.5,297492.28125,16,16.54112116655836,HI,281499.5,15665.78125,297165.28125,240645.140625,46755.03125
test_id_test_id_000477_06,test_id_000477,2,source_like,0,6,test_id_000477_t0_c6,big,big_1,1,1.4,0.98,1,68177.51,72793.109375,86818.90625,90727.390625,100383.484375,16,16.54112116655836,HI,90727.390625,15665.78125,106393.171875,68177.5078125,27590.375
test_id_test_id_000477_07,test_id_000477,72,sink_like,1,0,test_id_000477_t1_c0,little,little_1,2,1.2,0.93,71,377412.22,376492.53125,408457.46875,417475.40625,437047.71875,16,16.54112116655836,HI,417475.40625,15665.78125,433141.1875,377412.21875,60555.1875
test_id_test_id_000477_08,test_id_000477,72,sink_like,1,1,test_id_000477_t1_c1,big,big_0,3,2.2,1.15,71,162923.6,171119.859375,189137.46875,194486.25,206951.9375,16,16.54112116655836,HI,194486.25,15665.78125,210152.03125,162923.59375,35832.078125
test_id_test_id_000477_09,test_id_000477,72,sink_like,1,2,test_id_000477_t1_c2,little,little_1,3,1.5,1.0,71,302483.75,316564.40625,343763.90625,351520.65625,368767.71875,16,16.54112116655836,HI,351520.65625,15665.78125,367186.4375,302483.75,52203.3125
test_id_test_id_000477_10,test_id_000477,72,sink_like,1,3,test_id_000477_t1_c3,big,big_1,0,1.0,0.9,71,269511.2,287779.28125,312833.65625,320048.53125,336218.1875,16,16.54112116655836,HI,320048.53125,15665.78125,335714.3125,269511.1875,48438.90625
test_id_test_id_000477_11,test_id_000477,72,sink_like,1,4,test_id_000477_t1_c4,little,little_1,0,0.6,0.8,71,567566.56,601445.75,649683.125,663952.0,689275.4375,16,16.54112116655836,HI,663952.0,15665.78125,679617.78125,567566.5625,87829.6875
test_id_test_id_000477_12,test_id_000477,72,sink_like,1,5,test_id_000477_t1_c5,big,big_0,1,1.4,0.98,71,272736.53,283272.78125,308045.6875,315201.3125,331227.375,16,16.54112116655836,HI,315201.3125,15665.78125,330867.09375,272736.53125,47954.59375
test_id_test_id_000477_13,test_id_000477,72,sink_like,1,6,test_id_000477_t1_c6,little,little_0,1,0.9,0.86,71,461218.3,464058.25,502969.5,514050.125,536611.875,16,16.54112116655836,HI,514050.125,15665.78125,529715.90625,461218.3125,72553.625
test_id_test_id_000477_14,test_id_000477,227,middle,2,0,test_id_000477_t2_c0,big,big_1,3,2.2,1.15,226,110463.7,120934.234375,136256.234375,140518.296875,151082.28125,16,16.54112116655836,HI,140518.296875,15665.78125,156184.078125,110463.703125,30148.046875
test_id_test_id_000477_15,test_id_000477,227,middle,2,1,test_id_000477_t2_c1,little,little_1,3,1.5,1.0,226,207725.52,220902.671875,241582.28125,247711.4375,261631.5,16,16.54112116655836,HI,247711.4375,15665.78125,263377.21875,207725.515625,40728.828125
test_id_test_id_000477_16,test_id_000477,227,middle,2,2,test_id_000477_t2_c2,big,big_0,0,1.0,0.9,226,218480.19,228066.84375,249234.671875,255503.09375,269710.40625,16,16.54112116655836,HI,255503.09375,15665.78125,271168.875,218480.1875,41643.5625
test_id_test_id_000477_17,test_id_000477,227,middle,2,3,test_id_000477_t2_c3,little,little_1,0,0.6,0.8,226,455001.06,445246.46875,481277.9375,491378.625,512279.9375,16,16.54112116655836,HI,491378.625,15665.78125,507044.40625,455001.0625,67033.46875
test_id_test_id_000477_18,test_id_000477,227,middle,2,4,test_id_000477_t2_c4,big,big_1,1,1.4,0.98,226,164047.1,188167.765625,207042.5,212690.078125,225680.328125,16,16.54112116655836,HI,212690.078125,15665.78125,228355.859375,164047.09375,37512.5625
test_id_test_id_000477_19,test_id_000477,227,middle,2,5,test_id_000477_t2_c5,little,little_1,1,0.9,0.86,226,276951.16,288468.0,313472.1875,320638.78125,336730.03125,16,16.54112116655836,HI,320638.78125,15665.78125,336304.5625,276951.15625,48262.03125
test_id_test_id_000477_20,test_id_000477,227,middle,2,6,test_id_000477_t2_c6,big,big_0,2,1.8,1.06,226,114463.164,129546.90625,145186.5625,149593.21875,160390.890625,16,16.54112116655836,HI,149593.21875,15665.78125,165259.0,114463.1640625,30843.984375
test_id_test_id_000477_21,test_id_000477,137,high_degree,3,0,test_id_000477_t3_c0,little,little_0,3,1.5,1.0,136,334166.0,348896.15625,378591.6875,386984.3125,405454.03125,16,16.54112116655836,HI,386984.3125,15665.78125,402650.09375,334166.0,56557.875
test_id_test_id_000477_22,test_id_000477,137,high_degree,3,1,test_id_000477_t3_c1,big,big_1,0,1.0,0.9,136,381087.3,394510.25,427886.8125,437293.625,457513.0,16,16.54112116655836,HI,437293.625,15665.78125,452959.40625,381087.3125,63002.75
test_id_test_id_000477_23,test_id_000477,137,high_degree,3,2,test_id_000477_t3_c2,little,little_0,0,0.6,0.8,136,733049.06,747212.0,809499.4375,828424.5625,860588.0,16,16.54112116655836,HI,828424.5625,15665.78125,844090.34375,733049.0625,113376.0
test_id_test_id_000477_24,test_id_000477,137,high_degree,3,3,test_id_000477_t3_c3,big,big_1,1,1.4,0.98,136,315432.2,345189.96875,374578.0,382880.46875,401194.28125,16,16.54112116655836,HI,382880.46875,15665.78125,398546.25,315432.1875,56004.3125
test_id_test_id_000477_25,test_id_000477,137,high_degree,3,4,test_id_000477_t3_c4,little,little_1,1,0.9,0.86,136,447666.3,480093.5625,520287.6875,531777.5,554829.75,16,16.54112116655836,HI,531777.5,15665.78125,547443.28125,447666.3125,74736.1875
test_id_test_id_000477_26,test_id_000477,137,high_degree,3,5,test_id_000477_t3_c5,big,big_1,2,1.8,1.06,136,277936.25,307010.6875,333479.34375,341045.375,357920.28125,16,16.54112116655836,HI,341045.375,15665.78125,356711.15625,277936.25,50909.59375
test_id_test_id_000477_27,test_id_000477,137,high_degree,3,6,test_id_000477_t3_c6,little,little_1,2,1.2,0.93,136,454796.3,441370.4375,478915.03125,489616.8125,511773.75,16,16.54112116655836,HI,489616.8125,15665.78125,505282.59375,454796.3125,70403.3125
test_id_test_id_000477_28,test_id_000477,201,communication_heavy,4,0,test_id_000477_t4_c0,big,big_0,0,1.0,0.9,200,380342.25,387591.40625,420380.03125,429615.125,449557.8125,16,16.54112116655836,HI,429615.125,15665.78125,445280.90625,380342.25,61966.40625
test_id_test_id_000477_29,test_id_000477,201,communication_heavy,4,1,test_id_000477_t4_c1,little,little_1,0,0.6,0.8,200,847123.94,768216.625,833132.4375,852757.5,886619.6875,16,16.54112116655836,HI,852757.5,15665.78125,868423.28125,847123.9375,118403.0625
test_id_test_id_000477_30,test_id_000477,201,communication_heavy,4,2,test_id_000477_t4_c2,big,big_1,1,1.4,0.98,200,443348.25,405306.375,439739.625,449474.0,470223.0625,16,16.54112116655836,HI,449474.0,15665.78125,465139.78125,443348.25,64916.6875
test_id_test_id_000477_31,test_id_000477,201,communication_heavy,4,3,test_id_000477_t4_c3,little,little_1,1,0.9,0.86,200,510960.28,516472.625,559831.375,572404.5625,596729.5625,16,16.54112116655836,HI,572404.5625,15665.78125,588070.34375,510960.28125,80256.9375
test_id_test_id_000477_32,test_id_000477,201,communication_heavy,4,4,test_id_000477_t4_c4,big,big_0,2,1.8,1.06,200,325991.06,299808.65625,325723.25,333152.375,349746.3125,16,16.54112116655836,HI,333152.375,15665.78125,348818.15625,325991.0625,49937.65625
test_id_test_id_000477_33,test_id_000477,201,communication_heavy,4,5,test_id_000477_t4_c5,little,little_1,2,1.2,0.93,200,534429.5,481781.0625,522850.1875,534698.875,558371.5,16,16.54112116655836,HI,534698.875,15665.78125,550364.65625,534429.5,76590.4375
test_id_test_id_000477_34,test_id_000477,201,communication_heavy,4,6,test_id_000477_t4_c6,big,big_1,3,2.2,1.15,200,306921.28,280291.3125,304870.4375,311990.71875,327946.3125,16,16.54112116655836,HI,311990.71875,15665.78125,327656.5,306921.28125,47655.0
test_id_test_id_000477_35,test_id_000477,398,random,5,0,test_id_000477_t5_c0,little,little_1,0,0.6,0.8,397,533814.9,524863.8125,566100.125,577829.125,600259.5,16,16.54112116655836,HI,577829.125,15665.78125,593494.90625,533814.875,75395.6875
test_id_test_id_000477_36,test_id_000477,398,random,5,1,test_id_000477_t5_c1,big,big_1,1,1.4,0.98,397,196027.64,188535.4375,207574.25,213290.09375,226425.734375,16,16.54112116655836,HI,213290.09375,15665.78125,228955.875,196027.640625,37890.296875
test_id_test_id_000477_37,test_id_000477,398,random,5,2,test_id_000477_t5_c2,little,little_1,1,0.9,0.86,397,394304.16,388500.84375,421263.8125,430501.0625,450401.9375,16,16.54112116655836,HI,430501.0625,15665.78125,446166.84375,394304.15625,61901.09375
test_id_test_id_000477_38,test_id_000477,398,random,5,3,test_id_000477_t5_c3,big,big_1,2,1.8,1.06,397,164336.16,159311.1875,176638.34375,181717.53125,193699.875,16,16.54112116655836,HI,181717.53125,15665.78125,197383.3125,164336.15625,34388.6875
test_id_test_id_000477_39,test_id_000477,398,random,5,4,test_id_000477_t5_c4,little,little_1,2,1.2,0.93,397,254838.33,254337.6875,277200.71875,283912.96875,299015.375,16,16.54112116655836,HI,283912.96875,15665.78125,299578.75,254838.328125,44677.6875
test_id_test_id_000477_40,test_id_000477,398,random,5,5,test_id_000477_t5_c5,big,big_1,3,2.2,1.15,397,132829.95,130637.734375,146487.328125,150958.9375,161894.4375,16,16.54112116655836,HI,150958.9375,15665.78125,166624.71875,132829.953125,31256.703125
test_id_test_id_000477_41,test_id_000477,398,random,5,6,test_id_000477_t5_c6,little,little_1,3,1.5,1.0,397,223361.58,228538.609375,249843.375,256191.71875,270541.5,16,16.54112116655836,HI,256191.71875,15665.78125,271857.5,223361.578125,42002.890625
test_id_test_id_000523_00,test_id_000523,4,source_like,0,0,test_id_000523_t0_c0,little,little_0,1,0.9,0.86,3,192726.23,182602.125,201472.375,207161.4375,220257.0,16,16.54112116655836,LO,207161.4375,0.0,207161.4375,192726.234375,37654.875
test_id_test_id_000523_01,test_id_000523,4,source_like,0,1,test_id_000523_t0_c1,big,big_1,2,1.8,1.06,3,60315.758,60357.625,73758.40625,77567.53125,86820.109375,16,16.54112116655836,LO,77567.53125,0.0,77567.53125,60315.7578125,26462.484375
test_id_test_id_000523_02,test_id_000523,4,source_like,0,2,test_id_000523_t0_c2,little,little_0,2,1.2,0.93,3,136711.34,133481.875,149467.265625,154074.375,165212.4375,16,16.54112116655836,LO,154074.375,0.0,154074.375,136711.34375,31730.5625
test_id_test_id_000523_03,test_id_000523,4,source_like,0,3,test_id_000523_t0_c3,big,big_0,3,2.2,1.15,3,46265.79,48969.953125,61859.0625,65610.953125,74536.703125,16,16.54112116655836,LO,65610.953125,0.0,65610.953125,46265.7890625,25566.75
test_id_test_id_000523_04,test_id_000523,4,source_like,0,4,test_id_000523_t0_c4,little,little_1,3,1.5,1.0,3,112786.61,107968.75,122978.03125,127112.765625,137468.828125,16,16.54112116655836,LO,127112.765625,0.0,127112.765625,112786.609375,29500.078125
test_id_test_id_000523_05,test_id_000523,4,source_like,0,5,test_id_000523_t0_c5,big,big_1,0,1.0,0.9,3,114417.36,110191.78125,125338.984375,129589.859375,140160.140625,16,16.54112116655836,LO,129589.859375,0.0,129589.859375,114417.359375,29968.359375
test_id_test_id_000523_06,test_id_000523,4,source_like,0,6,test_id_000523_t0_c6,little,little_0,0,0.6,0.8,3,286819.06,269099.59375,293598.375,300603.125,316742.09375,16,16.54112116655836,LO,300603.125,0.0,300603.125,286819.0625,47642.5
test_id_test_id_000523_07,test_id_000523,250,sink_like,1,0,test_id_000523_t1_c0,big,big_1,2,1.8,1.06,249,538047.2,511182.6875,555367.75,568319.625,593503.625,16,16.54112116655836,LO,568319.625,0.0,568319.625,538047.1875,82320.9375
test_id_test_id_000523_08,test_id_000523,250,sink_like,1,1,test_id_000523_t1_c1,little,little_1,2,1.2,0.93,249,869145.1,765512.375,837350.25,858881.0625,898481.875,16,16.54112116655836,LO,858881.0625,0.0,858881.0625,869145.125,132969.5
test_id_test_id_000523_09,test_id_000523,250,sink_like,1,2,test_id_000523_t1_c2,big,big_1,3,2.2,1.15,249,293551.16,306769.71875,333203.15625,340762.1875,357625.03125,16,16.54112116655836,LO,340762.1875,0.0,340762.1875,293551.15625,50855.3125
test_id_test_id_000523_10,test_id_000523,250,sink_like,1,3,test_id_000523_t1_c3,little,little_0,3,1.5,1.0,249,579527.4,546586.125,593977.25,608025.75,634587.75,16,16.54112116655836,LO,608025.75,0.0,608025.75,579527.375,88001.625
test_id_test_id_000523_11,test_id_000523,250,sink_like,1,4,test_id_000523_t1_c4,big,big_1,0,1.0,0.9,249,872685.3,758860.0,827097.5,847600.75,884313.25,16,16.54112116655836,LO,847600.75,0.0,847600.75,872685.3125,125453.25
test_id_test_id_000523_12,test_id_000523,250,sink_like,1,5,test_id_000523_t1_c5,little,little_1,0,0.6,0.8,249,1271198.4,1108696.0,1222799.75,1252261.625,1345741.0,16,16.54112116655836,LO,1252261.625,0.0,1252261.625,1271198.375,237045.0
test_id_test_id_000523_13,test_id_000523,250,sink_like,1,6,test_id_000523_t1_c6,big,big_0,1,1.4,0.98,249,587666.2,541485.5,587782.375,601429.625,627254.875,16,16.54112116655836,LO,601429.625,0.0,601429.625,587666.1875,85769.375
test_id_test_id_000523_14,test_id_000523,218,middle,2,0,test_id_000523_t2_c0,little,little_0,2,1.2,0.93,217,200272.05,174027.9375,192045.0,197400.40625,209849.546875,16,16.54112116655836,LO,197400.40625,0.0,197400.40625,200272.046875,35821.609375
test_id_test_id_000523_15,test_id_000523,218,middle,2,1,test_id_000523_t2_c1,big,big_1,3,2.2,1.15,217,89084.555,75526.390625,89536.96875,93418.015625,103075.703125,16,16.54112116655836,LO,93418.015625,0.0,93418.015625,89084.5546875,27549.3125
test_id_test_id_000523_16,test_id_000523,218,middle,2,2,test_id_000523_t2_c2,little,little_0,3,1.5,1.0,217,145913.72,133944.640625,149862.1875,154377.21875,165366.984375,16,16.54112116655836,LO,154377.21875,0.0,154377.21875,145913.71875,31422.34375
test_id_test_id_000523_17,test_id_000523,218,middle,2,3,test_id_000523_t2_c3,big,big_1,0,1.0,0.9,217,177668.22,158691.59375,176065.21875,181238.5,193386.125,16,16.54112116655836,LO,181238.5,0.0,181238.5,177668.21875,34694.53125
test_id_test_id_000523_18,test_id_000523,218,middle,2,4,test_id_000523_t2_c4,little,little_0,0,0.6,0.8,217,274568.9,287398.40625,312688.5,319840.28125,336268.96875,16,16.54112116655836,LO,319840.28125,0.0,319840.28125,274568.90625,48870.5625
test_id_test_id_000523_19,test_id_000523,218,middle,2,5,test_id_000523_t2_c5,big,big_1,1,1.4,0.98,217,126220.5,106564.21875,121551.421875,125697.671875,136077.3125,16,16.54112116655836,LO,125697.671875,0.0,125697.671875,126220.5,29513.09375
test_id_test_id_000523_20,test_id_000523,218,middle,2,6,test_id_000523_t2_c6,little,little_0,1,0.9,0.86,217,250511.55,227414.109375,248431.4375,254613.46875,268670.21875,16,16.54112116655836,LO,254613.46875,0.0,254613.46875,250511.546875,41256.109375
test_id_test_id_000523_21,test_id_000523,16,high_degree,3,0,test_id_000523_t3_c0,big,big_0,3,2.2,1.15,15,240072.64,244437.671875,266765.0,273383.03125,288284.53125,16,16.54112116655836,LO,273383.03125,0.0,273383.03125,240072.640625,43846.859375
test_id_test_id_000523_22,test_id_000523,16,high_degree,3,1,test_id_000523_t3_c1,little,little_1,3,1.5,1.0,15,327638.53,331512.8125,359799.3125,367820.5625,385592.40625,16,16.54112116655836,LO,367820.5625,0.0,367820.5625,327638.53125,54079.59375
test_id_test_id_000523_23,test_id_000523,16,high_degree,3,2,test_id_000523_t3_c2,big,big_0,0,1.0,0.9,15,404490.38,403688.15625,437816.65625,447443.28125,468004.90625,16,16.54112116655836,LO,447443.28125,0.0,447443.28125,404490.375,64316.75
test_id_test_id_000523_24,test_id_000523,16,high_degree,3,3,test_id_000523_t3_c3,little,little_0,0,0.6,0.8,15,915401.25,895320.25,976783.6875,998922.375,1045980.4375,16,16.54112116655836,LO,998922.375,0.0,998922.375,915401.25,150660.1875
test_id_test_id_000523_25,test_id_000523,16,high_degree,3,4,test_id_000523_t3_c4,big,big_1,1,1.4,0.98,15,339402.06,356782.59375,387104.5,395657.34375,414429.5,16,16.54112116655836,LO,395657.34375,0.0,395657.34375,339402.0625,57646.90625
test_id_test_id_000523_26,test_id_000523,16,high_degree,3,5,test_id_000523_t3_c5,little,little_1,1,0.9,0.86,15,629688.2,586202.25,635370.75,649937.8125,676460.125,16,16.54112116655836,LO,649937.8125,0.0,649937.8125,629688.1875,90257.875
test_id_test_id_000523_27,test_id_000523,16,high_degree,3,6,test_id_000523_t3_c6,big,big_0,2,1.8,1.06,15,299430.38,285202.21875,310109.125,317305.53125,333412.4375,16,16.54112116655836,LO,317305.53125,0.0,317305.53125,299430.375,48210.21875
test_id_test_id_000523_28,test_id_000523,167,random,4,0,test_id_000523_t4_c0,little,little_0,3,1.5,1.0,166,158866.25,157312.96875,174393.625,179375.59375,191167.75,16,16.54112116655836,LO,179375.59375,0.0,179375.59375,158866.25,33854.78125
test_id_test_id_000523_29,test_id_000523,167,random,4,1,test_id_000523_t4_c1,big,big_0,0,1.0,0.9,166,141589.31,141876.0625,158437.171875,163292.328125,174895.0,16,16.54112116655836,LO,163292.328125,0.0,163292.328125,141589.3125,33018.9375
test_id_test_id_000523_30,test_id_000523,167,random,4,2,test_id_000523_t4_c2,little,little_0,0,0.6,0.8,166,358927.3,329559.9375,356794.53125,364171.5,381058.53125,16,16.54112116655836,LO,364171.5,0.0,364171.5,358927.3125,51498.59375
test_id_test_id_000523_31,test_id_000523,167,random,4,3,test_id_000523_t4_c3,big,big_1,1,1.4,0.98,166,111435.56,107884.234375,122883.953125,127042.46875,137441.8125,16,16.54112116655836,LO,127042.46875,0.0,127042.46875,111435.5625,29557.578125
test_id_test_id_000523_32,test_id_000523,167,random,4,4,test_id_000523_t4_c4,little,little_0,1,0.9,0.86,166,242182.6,237008.421875,258649.390625,264991.84375,279382.90625,16,16.54112116655836,LO,264991.84375,0.0,264991.84375,242182.59375,42374.484375
test_id_test_id_000523_33,test_id_000523,167,random,4,5,test_id_000523_t4_c5,big,big_1,2,1.8,1.06,166,81860.305,83889.328125,98144.515625,102074.5,111933.859375,16,16.54112116655836,LO,102074.5,0.0,102074.5,81860.3046875,28044.53125
test_id_test_id_000523_34,test_id_000523,167,random,4,6,test_id_000523_t4_c6,little,little_0,2,1.2,0.93,166,171216.94,172489.71875,190516.0,195900.65625,208403.96875,16,16.54112116655836,LO,195900.65625,0.0,195900.65625,171216.9375,35914.25
test_id_test_id_000523_35,test_id_000523,333,diverse_fill_1,5,0,test_id_000523_t5_c0,big,big_0,0,1.0,0.9,332,192035.44,190450.5,209607.09375,215396.09375,228660.96875,16,16.54112116655836,LO,215396.09375,0.0,215396.09375,192035.4375,38210.46875
test_id_test_id_000523_36,test_id_000523,333,diverse_fill_1,5,1,test_id_000523_t5_c1,little,little_1,0,0.6,0.8,332,373078.3,377209.03125,407312.90625,415437.65625,433441.5,16,16.54112116655836,LO,415437.65625,0.0,415437.65625,373078.3125,56232.46875
test_id_test_id_000523_37,test_id_000523,333,diverse_fill_1,5,2,test_id_000523_t5_c2,big,big_1,1,1.4,0.98,332,121576.16,126520.484375,142130.953125,146536.125,157344.5,16,16.54112116655836,LO,146536.125,0.0,146536.125,121576.15625,30824.015625
test_id_test_id_000523_38,test_id_000523,333,diverse_fill_1,5,3,test_id_000523_t5_c3,little,little_1,1,0.9,0.86,332,274767.25,282431.96875,306980.4375,314020.3125,329859.84375,16,16.54112116655836,LO,314020.3125,0.0,314020.3125,274767.25,47427.875
test_id_test_id_000523_39,test_id_000523,333,diverse_fill_1,5,4,test_id_000523_t5_c4,big,big_0,2,1.8,1.06,332,99653.57,102217.890625,116966.09375,121024.5,131231.703125,16,16.54112116655836,LO,121024.5,0.0,121024.5,99653.5703125,29013.8125
test_id_test_id_000523_40,test_id_000523,333,diverse_fill_1,5,5,test_id_000523_t5_c5,little,little_0,2,1.2,0.93,332,219131.48,211781.34375,232035.796875,238090.9375,251863.015625,16,16.54112116655836,LO,238090.9375,0.0,238090.9375,219131.484375,40081.671875
test_id_test_id_000523_41,test_id_000523,333,diverse_fill_1,5,6,test_id_000523_t5_c6,big,big_1,3,2.2,1.15,332,95588.46,96700.765625,111368.75,115380.34375,125494.765625,16,16.54112116655836,LO,115380.34375,0.0,115380.34375,95588.4609375,28794.0
test_id_test_id_000558_00,test_id_000558,119,source_like,0,0,test_id_000558_t0_c0,big,big_0,3,2.2,1.15,118,65484.133,64932.578125,78583.15625,82427.671875,91840.609375,16,16.54112116655836,HI,82427.671875,15665.78125,98093.453125,65484.1328125,26908.03125
test_id_test_id_000558_01,test_id_000558,119,source_like,0,1,test_id_000558_t0_c1,little,little_1,3,1.5,1.0,118,123475.14,125195.8125,140812.375,145238.75,156072.5,16,16.54112116655836,HI,145238.75,15665.78125,160904.53125,123475.140625,30876.6875
test_id_test_id_000558_02,test_id_000558,119,source_like,0,2,test_id_000558_t0_c2,big,big_1,0,1.0,0.9,118,133814.38,132846.9375,148813.125,153422.96875,164568.5625,16,16.54112116655836,HI,153422.96875,15665.78125,169088.75,133814.375,31721.625
test_id_test_id_000558_03,test_id_000558,119,source_like,0,3,test_id_000558_t0_c3,little,little_0,0,0.6,0.8,118,349578.06,311471.40625,337754.03125,344906.15625,361404.625,16,16.54112116655836,HI,344906.15625,15665.78125,360571.9375,349578.0625,49933.21875
test_id_test_id_000558_04,test_id_000558,119,source_like,0,4,test_id_000558_t0_c4,big,big_0,1,1.4,0.98,118,94183.445,94702.015625,109367.5625,113418.125,123586.8125,16,16.54112116655836,HI,113418.125,15665.78125,129083.90625,94183.4453125,28884.796875
test_id_test_id_000558_05,test_id_000558,119,source_like,0,5,test_id_000558_t0_c5,little,little_1,1,0.9,0.86,118,212383.38,201823.09375,221721.5,227733.90625,241412.109375,16,16.54112116655836,HI,227733.90625,15665.78125,243399.6875,212383.375,39589.015625
test_id_test_id_000558_06,test_id_000558,119,source_like,0,6,test_id_000558_t0_c6,big,big_0,2,1.8,1.06,118,71263.17,74441.34375,88455.96875,92351.640625,102021.015625,16,16.54112116655836,HI,92351.640625,15665.78125,108017.421875,71263.171875,27579.671875
test_id_test_id_000558_07,test_id_000558,443,sink_like,1,0,test_id_000558_t1_c0,little,little_0,3,1.5,1.0,442,446832.8,443279.28125,481253.75,492117.53125,514557.09375,16,16.54112116655836,HI,492117.53125,15665.78125,507783.3125,446832.8125,71277.8125
test_id_test_id_000558_08,test_id_000558,443,sink_like,1,1,test_id_000558_t1_c1,big,big_0,0,1.0,0.9,442,472397.06,467947.5,507517.25,518849.125,541785.625,16,16.54112116655836,HI,518849.125,15665.78125,534514.90625,472397.0625,73838.125
test_id_test_id_000558_09,test_id_000558,443,sink_like,1,2,test_id_000558_t1_c2,little,little_1,0,0.6,0.8,442,916154.8,880722.6875,959738.9375,981589.875,1026418.875,16,16.54112116655836,HI,981589.875,15665.78125,997255.65625,916154.8125,145696.1875
test_id_test_id_000558_10,test_id_000558,443,sink_like,1,3,test_id_000558_t1_c3,big,big_1,1,1.4,0.98,442,282746.12,312398.71875,339201.84375,346841.78125,363866.25,16,16.54112116655836,HI,346841.78125,15665.78125,362507.5625,282746.125,51467.53125
test_id_test_id_000558_11,test_id_000558,443,sink_like,1,4,test_id_000558_t1_c4,little,little_0,1,0.9,0.86,442,543641.8,515903.1875,558941.75,571372.875,595476.0625,16,16.54112116655836,HI,571372.875,15665.78125,587038.65625,543641.8125,79572.875
test_id_test_id_000558_12,test_id_000558,443,sink_like,1,5,test_id_000558_t1_c5,big,big_1,2,1.8,1.06,442,275705.44,288166.625,313274.15625,320516.25,336718.90625,16,16.54112116655836,HI,320516.25,15665.78125,336182.03125,275705.4375,48552.28125
test_id_test_id_000558_13,test_id_000558,443,sink_like,1,6,test_id_000558_t1_c6,little,little_1,2,1.2,0.93,442,424172.25,421182.34375,456856.125,466956.75,488234.78125,16,16.54112116655836,HI,466956.75,15665.78125,482622.53125,424172.25,67052.4375
test_id_test_id_000558_14,test_id_000558,424,middle,2,0,test_id_000558_t2_c0,big,big_1,0,1.0,0.9,423,322720.3,345426.53125,374810.8125,383112.46875,401434.0625,16,16.54112116655836,HI,383112.46875,15665.78125,398778.25,322720.3125,56007.53125
test_id_test_id_000558_15,test_id_000558,424,middle,2,1,test_id_000558_t2_c1,little,little_0,0,0.6,0.8,423,574888.56,604993.9375,654153.25,668815.5,694667.875,16,16.54112116655836,HI,668815.5,15665.78125,684481.28125,574888.5625,89673.9375
test_id_test_id_000558_16,test_id_000558,424,middle,2,2,test_id_000558_t2_c2,big,big_0,1,1.4,0.98,423,299825.0,316531.625,343696.15625,351428.5625,368642.46875,16,16.54112116655836,HI,351428.5625,15665.78125,367094.34375,299825.0,52110.84375
test_id_test_id_000558_17,test_id_000558,424,middle,2,3,test_id_000558_t2_c3,little,little_0,1,0.9,0.86,423,512339.44,530185.5,574935.125,588007.375,612958.1875,16,16.54112116655836,HI,588007.375,15665.78125,603673.15625,512339.4375,82772.6875
test_id_test_id_000558_18,test_id_000558,424,middle,2,4,test_id_000558_t2_c4,big,big_1,2,1.8,1.06,423,209206.28,236429.875,258232.25,264708.5625,279312.8125,16,16.54112116655836,HI,264708.5625,15665.78125,280374.34375,209206.28125,42882.9375
test_id_test_id_000558_19,test_id_000558,424,middle,2,5,test_id_000558_t2_c5,little,little_0,2,1.2,0.93,423,360343.22,413094.625,448255.75,458223.75,479327.1875,16,16.54112116655836,HI,458223.75,15665.78125,473889.53125,360343.21875,66232.5625
test_id_test_id_000558_20,test_id_000558,424,middle,2,6,test_id_000558_t2_c6,big,big_0,3,2.2,1.15,423,133767.81,168914.46875,186651.65625,191886.640625,204127.71875,16,16.54112116655836,HI,191886.640625,15665.78125,207552.421875,133767.8125,35213.25
test_id_test_id_000558_21,test_id_000558,440,communication_heavy,3,0,test_id_000558_t3_c0,little,little_0,0,0.6,0.8,439,894077.94,790921.1875,858359.125,878507.6875,914020.4375,16,16.54112116655836,HI,878507.6875,15665.78125,894173.46875,894077.9375,123099.25
test_id_test_id_000558_22,test_id_000558,440,communication_heavy,3,1,test_id_000558_t3_c1,big,big_0,1,1.4,0.98,439,306125.06,313583.46875,340489.71875,348155.21875,365235.28125,16,16.54112116655836,HI,348155.21875,15665.78125,363821.0,306125.0625,51651.8125
test_id_test_id_000558_23,test_id_000558,440,communication_heavy,3,2,test_id_000558_t3_c2,little,little_1,1,0.9,0.86,439,509123.84,532618.25,577234.5625,590224.375,614998.8125,16,16.54112116655836,HI,590224.375,15665.78125,605890.15625,509123.84375,82380.5625
test_id_test_id_000558_24,test_id_000558,440,communication_heavy,3,3,test_id_000558_t3_c3,big,big_1,2,1.8,1.06,439,298511.34,297518.75,323297.125,330696.0,347231.15625,16,16.54112116655836,HI,330696.0,15665.78125,346361.78125,298511.34375,49712.40625
test_id_test_id_000558_25,test_id_000558,440,communication_heavy,3,4,test_id_000558_t3_c4,little,little_0,2,1.2,0.93,439,419968.72,425289.34375,461394.4375,471636.75,493133.0,16,16.54112116655836,HI,471636.75,15665.78125,487302.53125,419968.71875,67843.65625
test_id_test_id_000558_26,test_id_000558,440,communication_heavy,3,5,test_id_000558_t3_c5,big,big_0,3,2.2,1.15,439,243813.05,245457.859375,267857.84375,274496.78125,289439.4375,16,16.54112116655836,HI,274496.78125,15665.78125,290162.5625,243813.046875,43981.578125
test_id_test_id_000558_27,test_id_000558,440,communication_heavy,3,6,test_id_000558_t3_c6,little,little_1,3,1.5,1.0,439,283288.72,303799.875,329983.78125,337480.25,354212.3125,16,16.54112116655836,HI,337480.25,15665.78125,353146.03125,283288.71875,50412.4375
test_id_test_id_000558_28,test_id_000558,414,random,4,0,test_id_000558_t4_c0,big,big_1,1,1.4,0.98,413,130077.01,147822.4375,164414.96875,169226.4375,180717.75,16,16.54112116655836,HI,169226.4375,15665.78125,184892.21875,130077.0078125,32895.3125
test_id_test_id_000558_29,test_id_000558,414,random,4,1,test_id_000558_t4_c1,little,little_0,1,0.9,0.86,413,251683.42,268525.0625,292181.1875,299021.90625,314440.65625,16,16.54112116655836,HI,299021.90625,15665.78125,314687.6875,251683.421875,45915.59375
test_id_test_id_000558_30,test_id_000558,414,random,4,2,test_id_000558_t4_c2,big,big_0,2,1.8,1.06,413,134736.44,146304.328125,162851.328125,167622.421875,179053.5,16,16.54112116655836,HI,167622.421875,15665.78125,183288.203125,134736.4375,32749.171875
test_id_test_id_000558_31,test_id_000558,414,random,4,3,test_id_000558_t4_c3,little,little_1,2,1.2,0.93,413,248899.33,251701.265625,274299.21875,280902.875,295798.8125,16,16.54112116655836,HI,280902.875,15665.78125,296568.65625,248899.328125,44097.546875
test_id_test_id_000558_32,test_id_000558,414,random,4,4,test_id_000558_t4_c4,big,big_0,3,2.2,1.15,413,128012.77,142889.65625,159304.109375,163994.0625,175299.546875,16,16.54112116655836,HI,163994.0625,15665.78125,179659.84375,128012.7734375,32409.890625
test_id_test_id_000558_33,test_id_000558,414,random,4,5,test_id_000558_t4_c5,little,little_1,3,1.5,1.0,413,185260.06,204423.84375,224203.875,230108.28125,243589.03125,16,16.54112116655836,HI,230108.28125,15665.78125,245774.0625,185260.0625,39165.1875
test_id_test_id_000558_34,test_id_000558,414,random,4,6,test_id_000558_t4_c6,big,big_1,0,1.0,0.9,413,163301.06,191378.796875,210541.421875,216319.234375,229555.40625,16,16.54112116655836,HI,216319.234375,15665.78125,231985.015625,163301.0625,38176.609375
test_id_test_id_000558_35,test_id_000558,106,diverse_fill_1,5,0,test_id_000558_t5_c0,little,little_0,1,0.9,0.86,105,160339.0,150112.15625,167283.375,172385.734375,184431.296875,16,16.54112116655836,HI,172385.734375,15665.78125,188051.515625,160339.0,34319.140625
test_id_test_id_000558_36,test_id_000558,106,diverse_fill_1,5,1,test_id_000558_t5_c1,big,big_1,2,1.8,1.06,105,54738.805,51485.03125,64517.421875,68307.859375,77356.171875,16,16.54112116655836,HI,68307.859375,15665.78125,83973.640625,54738.8046875,25871.140625
test_id_test_id_000558_37,test_id_000558,106,diverse_fill_1,5,2,test_id_000558_t5_c2,little,little_1,2,1.2,0.93,105,110865.484,110684.640625,125870.890625,130135.5625,140720.640625,16,16.54112116655836,HI,130135.5625,15665.78125,145801.34375,110865.484375,30036.0
test_id_test_id_000558_38,test_id_000558,106,diverse_fill_1,5,3,test_id_000558_t5_c3,big,big_0,3,2.2,1.15,105,45225.09,46554.3125,59389.203125,63168.921875,72102.671875,16,16.54112116655836,HI,63168.921875,15665.78125,78834.703125,45225.08984375,25548.359375
test_id_test_id_000558_39,test_id_000558,106,diverse_fill_1,5,4,test_id_000558_t5_c4,little,little_1,3,1.5,1.0,105,99221.41,90633.9375,105273.03125,109287.765625,119372.75,16,16.54112116655836,HI,109287.765625,15665.78125,124953.546875,99221.40625,28738.8125
test_id_test_id_000558_40,test_id_000558,106,diverse_fill_1,5,5,test_id_000558_t5_c5,big,big_1,0,1.0,0.9,105,92031.83,91927.71875,106717.390625,110842.6875,121153.578125,16,16.54112116655836,HI,110842.6875,15665.78125,126508.46875,92031.828125,29225.859375
test_id_test_id_000558_41,test_id_000558,106,diverse_fill_1,5,6,test_id_000558_t5_c6,little,little_0,0,0.6,0.8,105,231304.81,210085.46875,231770.3125,238449.34375,253597.359375,16,16.54112116655836,HI,238449.34375,15665.78125,254115.125,231304.8125,43511.890625
test_id_test_id_000564_00,test_id_000564,5,source_like,0,0,test_id_000564_t0_c0,big,big_0,0,1.0,0.9,4,35743.27,36884.984375,49566.421875,53526.5625,62659.09375,16,16.54112116655836,LO,53526.5625,0.0,53526.5625,35743.26953125,25774.109375
test_id_test_id_000564_01,test_id_000564,5,source_like,0,1,test_id_000564_t0_c1,little,little_1,0,0.6,0.8,4,70484.42,82347.0625,96952.625,101164.671875,111552.65625,16,16.54112116655836,LO,101164.671875,0.0,101164.671875,70484.421875,29205.59375
test_id_test_id_000564_02,test_id_000564,5,source_like,0,2,test_id_000564_t0_c2,big,big_1,1,1.4,0.98,4,30068.65,27110.546875,39783.046875,43890.421875,53121.625,16,16.54112116655836,LO,43890.421875,0.0,43890.421875,30068.650390625,26011.078125
test_id_test_id_000564_03,test_id_000564,5,source_like,0,3,test_id_000564_t0_c3,little,little_0,1,0.9,0.86,4,62979.766,66100.21875,80516.4375,84730.078125,94858.421875,16,16.54112116655836,LO,84730.078125,0.0,84730.078125,62979.765625,28758.203125
test_id_test_id_000564_04,test_id_000564,5,source_like,0,4,test_id_000564_t0_c4,big,big_1,2,1.8,1.06,4,24948.402,20942.796875,33761.375,37990.421875,47303.25,16,16.54112116655836,LO,37990.421875,0.0,37990.421875,24948.40234375,26360.453125
test_id_test_id_000564_05,test_id_000564,5,source_like,0,5,test_id_000564_t0_c5,little,little_1,2,1.2,0.93,4,43903.105,47169.8125,60201.078125,64113.890625,73324.046875,16,16.54112116655836,LO,64113.890625,0.0,64113.890625,43903.10546875,26154.234375
test_id_test_id_000564_06,test_id_000564,5,source_like,0,6,test_id_000564_t0_c6,big,big_0,3,2.2,1.15,4,15752.646,18997.453125,31731.875,35909.78125,45066.0,16,16.54112116655836,LO,35909.78125,0.0,35909.78125,15752.646484375,26068.546875
test_id_test_id_000564_07,test_id_000564,244,sink_like,1,0,test_id_000564_t1_c0,little,little_1,0,0.6,0.8,243,264118.94,275438.4375,300366.25,307543.5625,323978.90625,16,16.54112116655836,LO,307543.5625,0.0,307543.5625,264118.9375,48540.46875
test_id_test_id_000564_08,test_id_000564,244,sink_like,1,1,test_id_000564_t1_c1,big,big_1,1,1.4,0.98,243,90906.85,98092.171875,112857.796875,116955.0,127226.4375,16,16.54112116655836,LO,116955.0,0.0,116955.0,90906.8515625,29134.265625
test_id_test_id_000564_09,test_id_000564,244,sink_like,1,2,test_id_000564_t1_c2,little,little_0,1,0.9,0.86,243,202016.81,212499.625,232907.046875,238994.9375,252873.78125,16,16.54112116655836,LO,238994.9375,0.0,238994.9375,202016.8125,40374.15625
test_id_test_id_000564_10,test_id_000564,244,sink_like,1,3,test_id_000564_t1_c3,big,big_0,2,1.8,1.06,243,76599.16,82898.546875,97148.390625,101099.578125,110986.828125,16,16.54112116655836,LO,101099.578125,0.0,101099.578125,76599.15625,28088.28125
test_id_test_id_000564_11,test_id_000564,244,sink_like,1,4,test_id_000564_t1_c4,little,little_1,2,1.2,0.93,243,135116.38,149836.8125,166646.0,171569.203125,183266.21875,16,16.54112116655836,LO,171569.203125,0.0,171569.203125,135116.375,33429.40625
test_id_test_id_000564_12,test_id_000564,244,sink_like,1,5,test_id_000564_t1_c5,big,big_1,3,2.2,1.15,243,76749.91,74720.5,88676.03125,92566.453125,102231.484375,16,16.54112116655836,LO,92566.453125,0.0,92566.453125,76749.90625,27510.984375
test_id_test_id_000564_13,test_id_000564,244,sink_like,1,6,test_id_000564_t1_c6,little,little_1,3,1.5,1.0,243,132602.75,140900.03125,157197.5,161881.15625,173166.625,16,16.54112116655836,LO,161881.15625,0.0,161881.15625,132602.75,32266.59375
test_id_test_id_000564_14,test_id_000564,120,middle,2,0,test_id_000564_t2_c0,big,big_1,1,1.4,0.98,119,112068.82,120451.3125,135796.296875,140105.84375,150748.953125,16,16.54112116655836,LO,140105.84375,0.0,140105.84375,112068.8203125,30297.640625
test_id_test_id_000564_15,test_id_000564,120,middle,2,1,test_id_000564_t2_c1,little,little_0,1,0.9,0.86,119,232345.25,240060.609375,262008.6875,268469.96875,283098.34375,16,16.54112116655836,LO,268469.96875,0.0,268469.96875,232345.25,43037.734375
test_id_test_id_000564_16,test_id_000564,120,middle,2,2,test_id_000564_t2_c2,big,big_1,2,1.8,1.06,119,125994.89,129343.15625,145113.046875,149557.390625,160442.578125,16,16.54112116655836,LO,149557.390625,0.0,149557.390625,125994.890625,31099.421875
test_id_test_id_000564_17,test_id_000564,120,middle,2,3,test_id_000564_t2_c3,little,little_1,2,1.2,0.93,119,195185.86,201925.96875,221657.25,227581.390625,241100.78125,16,16.54112116655836,LO,227581.390625,0.0,227581.390625,195185.859375,39174.8125
test_id_test_id_000564_18,test_id_000564,120,middle,2,4,test_id_000564_t2_c4,big,big_0,3,2.2,1.15,119,126882.01,117704.21875,133073.453125,137320.625,147889.015625,16,16.54112116655836,LO,137320.625,0.0,137320.625,126882.0078125,30184.796875
test_id_test_id_000564_19,test_id_000564,120,middle,2,5,test_id_000564_t2_c5,little,little_0,3,1.5,1.0,119,181239.23,170175.84375,188022.890625,193307.21875,205640.109375,16,16.54112116655836,LO,193307.21875,0.0,193307.21875,181239.234375,35464.265625
test_id_test_id_000564_20,test_id_000564,120,middle,2,6,test_id_000564_t2_c6,big,big_1,0,1.0,0.9,119,166293.19,177020.21875,195489.625,201077.0,213970.28125,16,16.54112116655836,LO,201077.0,0.0,201077.0,166293.1875,36950.0625
test_id_test_id_000564_21,test_id_000564,113,high_degree,3,0,test_id_000564_t3_c0,little,little_0,1,0.9,0.86,112,404551.03,391885.0625,425060.4375,434430.78125,454558.96875,16,16.54112116655836,LO,434430.78125,0.0,434430.78125,404551.03125,62673.90625
test_id_test_id_000564_22,test_id_000564,113,high_degree,3,1,test_id_000564_t3_c1,big,big_1,2,1.8,1.06,112,149784.34,163062.21875,180559.65625,185705.34375,197795.5,16,16.54112116655836,LO,185705.34375,0.0,185705.34375,149784.34375,34733.28125
test_id_test_id_000564_23,test_id_000564,113,high_degree,3,2,test_id_000564_t3_c2,little,little_0,2,1.2,0.93,112,261610.88,267902.6875,291584.4375,298471.6875,313940.71875,16,16.54112116655836,LO,298471.6875,0.0,298471.6875,261610.875,46038.03125
test_id_test_id_000564_24,test_id_000564,113,high_degree,3,3,test_id_000564_t3_c3,big,big_0,3,2.2,1.15,112,138467.45,152151.109375,169060.625,173958.59375,185620.59375,16,16.54112116655836,LO,173958.59375,0.0,173958.59375,138467.453125,33469.484375
test_id_test_id_000564_25,test_id_000564,113,high_degree,3,4,test_id_000564_t3_c4,little,little_1,3,1.5,1.0,112,212578.66,208666.84375,228772.25,234792.15625,248493.71875,16,16.54112116655836,LO,234792.15625,0.0,234792.15625,212578.65625,39826.875
test_id_test_id_000564_26,test_id_000564,113,high_degree,3,5,test_id_000564_t3_c5,big,big_0,0,1.0,0.9,112,251456.8,255473.96875,278346.71875,285028.75,300089.6875,16,16.54112116655836,LO,285028.75,0.0,285028.75,251456.796875,44615.71875
test_id_test_id_000564_27,test_id_000564,113,high_degree,3,6,test_id_000564_t3_c6,little,little_0,0,0.6,0.8,112,413415.25,434154.78125,469248.59375,479058.875,499645.375,16,16.54112116655836,LO,479058.875,0.0,479058.875,413415.25,65490.59375
test_id_test_id_000564_28,test_id_000564,43,random,4,0,test_id_000564_t4_c0,big,big_1,2,1.8,1.06,42,62656.105,59180.3125,72539.609375,76365.78125,85636.8125,16,16.54112116655836,LO,76365.78125,0.0,76365.78125,62656.10546875,26456.5
test_id_test_id_000564_29,test_id_000564,43,random,4,1,test_id_000564_t4_c1,little,little_1,2,1.2,0.93,42,143102.45,125828.15625,141546.1875,146032.875,156993.9375,16,16.54112116655836,LO,146032.875,0.0,146032.875,143102.453125,31165.78125
test_id_test_id_000564_30,test_id_000564,43,random,4,2,test_id_000564_t4_c2,big,big_0,3,2.2,1.15,42,51274.56,52996.90625,66090.0,69887.765625,78987.546875,16,16.54112116655836,LO,69887.765625,0.0,69887.765625,51274.55859375,25990.640625
test_id_test_id_000564_31,test_id_000564,43,random,4,3,test_id_000564_t4_c3,little,little_1,3,1.5,1.0,42,118171.586,104087.390625,119032.609375,123153.875,133491.0625,16,16.54112116655836,LO,123153.875,0.0,123153.875,118171.5859375,29403.671875
test_id_test_id_000564_32,test_id_000564,43,random,4,4,test_id_000564_t4_c4,big,big_0,0,1.0,0.9,42,115419.414,109506.921875,124842.953125,129205.875,140003.6875,16,16.54112116655836,LO,129205.875,0.0,129205.875,115419.4140625,30496.765625
test_id_test_id_000564_33,test_id_000564,43,random,4,5,test_id_000564_t4_c5,little,little_0,0,0.6,0.8,42,275157.1,255776.5625,279950.375,287062.8125,303359.0,16,16.54112116655836,LO,287062.8125,0.0,287062.8125,275157.09375,47582.4375
test_id_test_id_000564_34,test_id_000564,43,random,4,6,test_id_000564_t4_c6,big,big_0,1,1.4,0.98,42,84815.69,79155.8125,93410.65625,97404.328125,107326.703125,16,16.54112116655836,LO,97404.328125,0.0,97404.328125,84815.6875,28170.890625
test_id_test_id_000564_35,test_id_000564,20,diverse_fill_1,5,0,test_id_000564_t5_c0,little,little_1,2,1.2,0.93,19,86249.586,88051.96875,102671.296875,106744.765625,116916.890625,16,16.54112116655836,LO,106744.765625,0.0,106744.765625,86249.5859375,28864.921875
test_id_test_id_000564_36,test_id_000564,20,diverse_fill_1,5,1,test_id_000564_t5_c1,big,big_1,3,2.2,1.15,19,29864.662,36003.765625,48547.953125,52366.75,61166.90625,16,16.54112116655836,LO,52366.75,0.0,52366.75,29864.662109375,25163.140625
test_id_test_id_000564_37,test_id_000564,20,diverse_fill_1,5,2,test_id_000564_t5_c2,little,little_0,3,1.5,1.0,19,64430.816,69094.765625,82965.984375,86870.328125,96462.65625,16,16.54112116655836,LO,86870.328125,0.0,86870.328125,64430.81640625,27367.890625
test_id_test_id_000564_38,test_id_000564,20,diverse_fill_1,5,3,test_id_000564_t5_c3,big,big_0,0,1.0,0.9,19,72530.7,74101.625,88365.484375,92380.953125,102272.46875,16,16.54112116655836,LO,92380.953125,0.0,92380.953125,72530.703125,28170.84375
test_id_test_id_000564_39,test_id_000564,20,diverse_fill_1,5,4,test_id_000564_t5_c4,little,little_0,0,0.6,0.8,19,161819.05,165928.78125,184585.171875,190269.65625,203443.84375,16,16.54112116655836,LO,190269.65625,0.0,190269.65625,161819.046875,37515.0625
test_id_test_id_000564_40,test_id_000564,20,diverse_fill_1,5,5,test_id_000564_t5_c5,big,big_0,1,1.4,0.98,19,52036.97,61420.703125,75066.984375,78966.578125,88401.203125,16,16.54112116655836,LO,78966.578125,0.0,78966.578125,52036.96875,26980.5
test_id_test_id_000564_41,test_id_000564,20,diverse_fill_1,5,6,test_id_000564_t5_c6,little,little_1,1,0.9,0.86,19,117268.3,117456.046875,133126.34375,137633.3125,148687.84375,16,16.54112116655836,LO,137633.3125,0.0,137633.3125,117268.296875,31231.796875
test_id_test_id_000581_00,test_id_000581,5,source_like,0,0,test_id_000581_t0_c0,big,big_1,0,1.0,0.9,4,75409.11,75564.40625,89875.078125,93905.984375,103850.453125,16,16.54112116655836,HI,93905.984375,15665.78125,109571.765625,75409.109375,28286.046875
test_id_test_id_000581_01,test_id_000581,5,source_like,0,1,test_id_000581_t0_c1,little,little_0,0,0.6,0.8,4,185659.47,181465.59375,201224.28125,207293.125,221219.375,16,16.54112116655836,HI,207293.125,15665.78125,222958.90625,185659.46875,39753.78125
test_id_test_id_000581_02,test_id_000581,5,source_like,0,2,test_id_000581_t0_c2,big,big_1,1,1.4,0.98,4,52402.938,56261.75,69580.5,73430.4375,82681.453125,16,16.54112116655836,HI,73430.4375,15665.78125,89096.21875,52402.9375,26419.703125
test_id_test_id_000581_03,test_id_000581,5,source_like,0,3,test_id_000581_t0_c3,little,little_1,1,0.9,0.86,4,131443.36,126725.421875,142782.796875,147440.21875,158746.59375,16,16.54112116655836,HI,147440.21875,15665.78125,163106.0,131443.359375,32021.171875
test_id_test_id_000581_04,test_id_000581,5,source_like,0,4,test_id_000581_t0_c4,big,big_1,2,1.8,1.06,4,43194.445,45291.546875,58134.078125,61950.8125,70929.84375,16,16.54112116655836,HI,61950.8125,15665.78125,77616.59375,43194.4453125,25638.296875
test_id_test_id_000581_05,test_id_000581,5,source_like,0,5,test_id_000581_t0_c5,little,little_0,2,1.2,0.93,4,102253.89,94239.1875,109041.390625,113153.703125,123453.78125,16,16.54112116655836,HI,113153.703125,15665.78125,128819.484375,102253.890625,29214.59375
test_id_test_id_000581_06,test_id_000581,5,source_like,0,6,test_id_000581_t0_c6,big,big_1,3,2.2,1.15,4,33339.965,36883.59375,49405.734375,53193.40625,61948.890625,16,16.54112116655836,HI,53193.40625,15665.78125,68859.1875,33339.96484375,25065.296875
test_id_test_id_000581_07,test_id_000581,41,sink_like,1,0,test_id_000581_t1_c0,little,little_1,0,0.6,0.8,40,424760.97,436915.25,472098.75,481925.625,502489.0625,16,16.54112116655836,HI,481925.625,15665.78125,497591.40625,424760.96875,65573.8125
test_id_test_id_000581_08,test_id_000581,41,sink_like,1,1,test_id_000581_t1_c1,big,big_0,1,1.4,0.98,40,155567.48,160272.9375,177588.875,182679.421875,194663.84375,16,16.54112116655836,HI,182679.421875,15665.78125,198345.203125,155567.484375,34390.90625
test_id_test_id_000581_09,test_id_000581,41,sink_like,1,2,test_id_000581_t1_c2,little,little_1,1,0.9,0.86,40,340636.2,322872.625,350352.4375,358143.625,375462.25,16,16.54112116655836,HI,358143.625,15665.78125,373809.40625,340636.1875,52589.625
test_id_test_id_000581_10,test_id_000581,41,sink_like,1,3,test_id_000581_t1_c3,big,big_1,2,1.8,1.06,40,171169.12,168814.078125,186658.03125,191936.8125,204267.03125,16,16.54112116655836,HI,191936.8125,15665.78125,207602.59375,171169.125,35452.953125
test_id_test_id_000581_11,test_id_000581,41,sink_like,1,4,test_id_000581_t1_c4,little,little_1,2,1.2,0.93,40,229960.61,240739.375,262725.46875,269220.46875,283872.75,16,16.54112116655836,HI,269220.46875,15665.78125,284886.25,229960.609375,43133.375
test_id_test_id_000581_12,test_id_000581,41,sink_like,1,5,test_id_000581_t1_c5,big,big_1,3,2.2,1.15,40,130507.98,126439.640625,142052.484375,146426.03125,157185.71875,16,16.54112116655836,HI,146426.03125,15665.78125,162091.8125,130507.9765625,30746.078125
test_id_test_id_000581_13,test_id_000581,41,sink_like,1,6,test_id_000581_t1_c6,little,little_0,3,1.5,1.0,40,258202.56,248050.953125,270421.96875,276990.03125,291787.21875,16,16.54112116655836,HI,276990.03125,15665.78125,292655.8125,258202.5625,43736.265625
test_id_test_id_000581_14,test_id_000581,55,middle,2,0,test_id_000581_t2_c0,big,big_0,1,1.4,0.98,54,155236.47,166348.734375,183997.21875,189216.40625,201430.046875,16,16.54112116655836,HI,189216.40625,15665.78125,204882.1875,155236.46875,35081.3125
test_id_test_id_000581_15,test_id_000581,55,middle,2,1,test_id_000581_t2_c1,little,little_0,1,0.9,0.86,54,223581.66,242278.578125,264323.71875,270806.6875,285466.6875,16,16.54112116655836,HI,270806.6875,15665.78125,286472.46875,223581.65625,43188.109375
test_id_test_id_000581_16,test_id_000581,55,middle,2,2,test_id_000581_t2_c2,big,big_1,2,1.8,1.06,54,120671.54,129349.109375,145031.9375,149446.375,160265.875,16,16.54112116655836,HI,149446.375,15665.78125,165112.15625,120671.5390625,30916.765625
test_id_test_id_000581_17,test_id_000581,55,middle,2,3,test_id_000581_t2_c3,little,little_1,2,1.2,0.93,54,250690.5,255902.640625,278758.875,285425.875,300450.75,16,16.54112116655836,HI,285425.875,15665.78125,301091.65625,250690.5,44548.109375
test_id_test_id_000581_18,test_id_000581,55,middle,2,4,test_id_000581_t2_c4,big,big_0,3,2.2,1.15,54,109626.01,111885.25,126928.4375,131071.890625,141441.703125,16,16.54112116655836,HI,131071.890625,15665.78125,146737.671875,109626.0078125,29556.453125
test_id_test_id_000581_19,test_id_000581,55,middle,2,5,test_id_000581_t2_c5,little,little_1,3,1.5,1.0,54,207542.72,203180.25,222875.34375,228750.171875,242175.359375,16,16.54112116655836,HI,228750.171875,15665.78125,244415.953125,207542.71875,38995.109375
test_id_test_id_000581_20,test_id_000581,55,middle,2,6,test_id_000581_t2_c6,big,big_0,0,1.0,0.9,54,241431.56,227038.78125,248134.75,254383.96875,268553.4375,16,16.54112116655836,HI,254383.96875,15665.78125,270049.75,241431.5625,41514.65625
test_id_test_id_000581_21,test_id_000581,33,high_degree,3,0,test_id_000581_t3_c0,little,little_1,1,0.9,0.86,32,221902.66,221167.25,242066.8125,248306.375,262463.96875,16,16.54112116655836,HI,248306.375,15665.78125,263972.15625,221902.65625,41296.71875
test_id_test_id_000581_22,test_id_000581,33,high_degree,3,1,test_id_000581_t3_c1,big,big_0,2,1.8,1.06,32,121422.336,123256.21875,138811.375,143144.171875,153852.0,16,16.54112116655836,HI,143144.171875,15665.78125,158809.953125,121422.3359375,30595.78125
test_id_test_id_000581_23,test_id_000581,33,high_degree,3,2,test_id_000581_t3_c2,little,little_0,2,1.2,0.93,32,202747.6,203229.9375,222932.453125,228817.671875,242261.46875,16,16.54112116655836,HI,228817.671875,15665.78125,244483.453125,202747.59375,39031.53125
test_id_test_id_000581_24,test_id_000581,33,high_degree,3,3,test_id_000581_t3_c3,big,big_1,3,2.2,1.15,32,83662.055,83604.46875,97826.390625,101739.78125,111566.984375,16,16.54112116655836,HI,101739.78125,15665.78125,117405.5625,83662.0546875,27962.515625
test_id_test_id_000581_25,test_id_000581,33,high_degree,3,4,test_id_000581_t3_c4,little,little_1,3,1.5,1.0,32,137600.38,144831.03125,161249.75,165980.4375,177331.578125,16,16.54112116655836,HI,165980.4375,15665.78125,181646.21875,137600.375,32500.546875
test_id_test_id_000581_26,test_id_000581,33,high_degree,3,5,test_id_000581_t3_c5,big,big_0,0,1.0,0.9,32,188859.28,177840.46875,196317.703125,201897.03125,214777.59375,16,16.54112116655836,HI,201897.03125,15665.78125,217562.8125,188859.28125,36937.125
test_id_test_id_000581_27,test_id_000581,33,high_degree,3,6,test_id_000581_t3_c6,little,little_0,0,0.6,0.8,32,325033.56,343214.5625,371448.09375,379137.375,396529.59375,16,16.54112116655836,HI,379137.375,15665.78125,394803.15625,325033.5625,53315.03125
test_id_test_id_000581_28,test_id_000581,92,communication_heavy,4,0,test_id_000581_t4_c0,big,big_1,2,1.8,1.06,91,181357.1,187030.25,205980.75,211669.140625,224749.21875,16,16.54112116655836,HI,211669.140625,15665.78125,227334.921875,181357.09375,37718.96875
test_id_test_id_000581_29,test_id_000581,92,communication_heavy,4,1,test_id_000581_t4_c1,little,little_0,2,1.2,0.93,91,329466.5,351919.4375,381813.53125,390257.0625,408815.125,16,16.54112116655836,HI,390257.0625,15665.78125,405922.84375,329466.5,56895.6875
test_id_test_id_000581_30,test_id_000581,92,communication_heavy,4,2,test_id_000581_t4_c2,big,big_1,3,2.2,1.15,91,193065.7,195016.625,214492.5,220366.09375,233799.625,16,16.54112116655836,HI,220366.09375,15665.78125,236031.875,193065.703125,38783.0
test_id_test_id_000581_31,test_id_000581,92,communication_heavy,4,3,test_id_000581_t4_c3,little,little_0,3,1.5,1.0,91,256368.62,270222.8125,294130.25,301099.9375,316732.59375,16,16.54112116655836,HI,301099.9375,15665.78125,316765.71875,256368.625,46509.78125
test_id_test_id_000581_32,test_id_000581,92,communication_heavy,4,4,test_id_000581_t4_c4,big,big_1,0,1.0,0.9,91,336559.2,330301.28125,358483.65625,366471.03125,384189.875,16,16.54112116655836,HI,366471.03125,15665.78125,382136.8125,336559.1875,53888.59375
test_id_test_id_000581_33,test_id_000581,92,communication_heavy,4,5,test_id_000581_t4_c5,little,little_1,0,0.6,0.8,91,672650.25,665747.0,719528.5,735790.875,763309.0,16,16.54112116655836,HI,735790.875,15665.78125,751456.65625,672650.25,97562.0
test_id_test_id_000581_34,test_id_000581,92,communication_heavy,4,6,test_id_000581_t4_c6,big,big_0,1,1.4,0.98,91,249737.08,239152.4375,261136.953125,267663.125,282371.9375,16,16.54112116655836,HI,267663.125,15665.78125,283328.90625,249737.078125,43219.5
test_id_test_id_000581_35,test_id_000581,34,random,5,0,test_id_000581_t5_c0,little,little_1,2,1.2,0.93,33,180559.23,172701.40625,190752.90625,196143.4375,208667.609375,16,16.54112116655836,HI,196143.4375,15665.78125,211809.21875,180559.234375,35966.203125
test_id_test_id_000581_36,test_id_000581,34,random,5,1,test_id_000581_t5_c1,big,big_1,3,2.2,1.15,33,93644.71,80501.984375,94705.1875,98625.265625,108427.53125,16,16.54112116655836,HI,98625.265625,15665.78125,114291.046875,93644.7109375,27925.546875
test_id_test_id_000581_37,test_id_000581,34,random,5,2,test_id_000581_t5_c2,little,little_0,3,1.5,1.0,33,132536.4,134248.5625,150207.8125,154751.15625,165794.734375,16,16.54112116655836,HI,154751.15625,15665.78125,170416.9375,132536.40625,31546.171875
test_id_test_id_000581_38,test_id_000581,34,random,5,3,test_id_000581_t5_c3,big,big_1,0,1.0,0.9,33,127543.99,136909.515625,153300.859375,158090.3125,169599.21875,16,16.54112116655836,HI,158090.3125,15665.78125,173756.09375,127543.9921875,32689.703125
test_id_test_id_000581_39,test_id_000581,34,random,5,4,test_id_000581_t5_c4,little,little_0,0,0.6,0.8,33,357876.4,338855.0625,366784.625,374325.6875,391492.90625,16,16.54112116655836,HI,374325.6875,15665.78125,389991.46875,357876.40625,52637.84375
test_id_test_id_000581_40,test_id_000581,34,random,5,5,test_id_000581_t5_c5,big,big_0,1,1.4,0.98,33,106247.65,102682.328125,117546.234375,121667.0625,131994.0625,16,16.54112116655836,HI,121667.0625,15665.78125,137332.84375,106247.6484375,29311.734375
test_id_test_id_000581_41,test_id_000581,34,random,5,6,test_id_000581_t5_c6,little,little_1,1,0.9,0.86,33,218278.77,215448.0625,236065.875,242237.828125,256276.203125,16,16.54112116655836,HI,242237.828125,15665.78125,257903.609375,218278.765625,40828.140625
test_id_test_id_000583_00,test_id_000583,1,source_like,0,0,test_id_000583_t0_c0,little,little_1,2,1.2,0.93,0,120539.125,124103.59375,139667.203125,144088.15625,154921.4375,16,16.54112116655836,LO,144088.15625,0.0,144088.15625,120539.125,30817.84375
test_id_test_id_000583_01,test_id_000583,1,source_like,0,1,test_id_000583_t0_c1,big,big_0,3,2.2,1.15,0,44427.535,45392.03125,58131.609375,61874.046875,70710.875,16,16.54112116655836,LO,61874.046875,0.0,61874.046875,44427.53515625,25318.84375
test_id_test_id_000583_02,test_id_000583,1,source_like,0,2,test_id_000583_t0_c2,little,little_1,3,1.5,1.0,0,100009.98,97234.546875,112019.03125,116085.765625,126300.375,16,16.54112116655836,LO,116085.765625,0.0,116085.765625,100009.9765625,29065.828125
test_id_test_id_000583_03,test_id_000583,1,source_like,0,3,test_id_000583_t0_c3,big,big_0,0,1.0,0.9,0,100788.99,97910.390625,112833.9375,117010.6875,127438.578125,16,16.54112116655836,LO,117010.6875,0.0,117010.6875,100788.9921875,29528.1875
test_id_test_id_000583_04,test_id_000583,1,source_like,0,4,test_id_000583_t0_c4,little,little_1,0,0.6,0.8,0,258808.06,263466.75,287841.34375,294882.15625,311061.28125,16,16.54112116655836,LO,294882.15625,0.0,294882.15625,258808.0625,47594.53125
test_id_test_id_000583_05,test_id_000583,1,source_like,0,5,test_id_000583_t0_c5,big,big_0,1,1.4,0.98,0,68899.66,71199.234375,85137.046875,89054.4375,98706.671875,16,16.54112116655836,LO,89054.4375,0.0,89054.4375,68899.65625,27507.4375
test_id_test_id_000583_06,test_id_000583,1,source_like,0,6,test_id_000583_t0_c6,little,little_0,1,0.9,0.86,0,172299.28,170682.265625,188946.0,194433.53125,207173.46875,16,16.54112116655836,LO,194433.53125,0.0,194433.53125,172299.28125,36491.203125
test_id_test_id_000583_07,test_id_000583,18,sink_like,1,0,test_id_000583_t1_c0,big,big_0,3,2.2,1.15,17,116333.79,125623.90625,141133.171875,145476.75,156173.875,16,16.54112116655836,LO,145476.75,0.0,145476.75,116333.7890625,30549.96875
test_id_test_id_000583_08,test_id_000583,18,sink_like,1,1,test_id_000583_t1_c1,little,little_1,3,1.5,1.0,17,274934.6,267051.03125,290666.625,297529.53125,312941.875,16,16.54112116655836,LO,297529.53125,0.0,297529.53125,274934.59375,45890.84375
test_id_test_id_000583_09,test_id_000583,18,sink_like,1,2,test_id_000583_t1_c2,big,big_0,0,1.0,0.9,17,246286.45,236449.46875,258132.765625,264530.28125,279000.21875,16,16.54112116655836,LO,264530.28125,0.0,264530.28125,246286.453125,42550.75
test_id_test_id_000583_10,test_id_000583,18,sink_like,1,3,test_id_000583_t1_c3,little,little_0,0,0.6,0.8,17,433768.1,433453.9375,468832.09375,478763.5,499561.0,16,16.54112116655836,LO,478763.5,0.0,478763.5,433768.09375,66107.0625
test_id_test_id_000583_11,test_id_000583,18,sink_like,1,4,test_id_000583_t1_c4,big,big_1,1,1.4,0.98,17,189930.02,188763.1875,207699.734375,213371.8125,226407.984375,16,16.54112116655836,LO,213371.8125,0.0,213371.8125,189930.015625,37644.796875
test_id_test_id_000583_12,test_id_000583,18,sink_like,1,5,test_id_000583_t1_c5,little,little_1,1,0.9,0.86,17,325249.22,357056.3125,387384.90625,395951.15625,414727.75,16,16.54112116655836,LO,395951.15625,0.0,395951.15625,325249.21875,57671.4375
test_id_test_id_000583_13,test_id_000583,18,sink_like,1,6,test_id_000583_t1_c6,big,big_0,2,1.8,1.06,17,169983.4,175795.75,194003.671875,199420.734375,211993.734375,16,16.54112116655836,LO,199420.734375,0.0,199420.734375,169983.40625,36197.984375
test_id_test_id_000583_14,test_id_000583,37,middle,2,0,test_id_000583_t2_c0,little,little_0,3,1.5,1.0,36,193387.67,185852.0625,204556.34375,210128.578125,222986.25,16,16.54112116655836,LO,210128.578125,0.0,210128.578125,193387.671875,37134.1875
test_id_test_id_000583_15,test_id_000583,37,middle,2,1,test_id_000583_t2_c1,big,big_1,0,1.0,0.9,36,216447.53,185653.484375,204529.8125,210227.15625,223321.328125,16,16.54112116655836,LO,210227.15625,0.0,210227.15625,216447.53125,37667.84375
test_id_test_id_000583_16,test_id_000583,37,middle,2,2,test_id_000583_t2_c2,little,little_1,0,0.6,0.8,36,333202.22,324751.8125,352249.125,359900.125,377232.21875,16,16.54112116655836,LO,359900.125,0.0,359900.125,333202.21875,52480.40625
test_id_test_id_000583_17,test_id_000583,37,middle,2,3,test_id_000583_t2_c3,big,big_0,1,1.4,0.98,36,163061.05,152050.84375,168937.59375,173867.875,185576.515625,16,16.54112116655836,LO,173867.875,0.0,173867.875,163061.046875,33525.671875
test_id_test_id_000583_18,test_id_000583,37,middle,2,4,test_id_000583_t2_c4,little,little_0,1,0.9,0.86,36,239970.83,222777.0625,243723.875,249961.921875,264117.96875,16,16.54112116655836,LO,249961.921875,0.0,249961.921875,239970.828125,41340.90625
test_id_test_id_000583_19,test_id_000583,37,middle,2,5,test_id_000583_t2_c5,big,big_0,2,1.8,1.06,36,120243.664,109885.609375,124865.625,129005.1875,139364.015625,16,16.54112116655836,LO,129005.1875,0.0,129005.1875,120243.6640625,29478.40625
test_id_test_id_000583_20,test_id_000583,37,middle,2,6,test_id_000583_t2_c6,little,little_1,2,1.2,0.93,36,230032.22,202791.09375,222476.75,228356.015625,241791.6875,16,16.54112116655836,LO,228356.015625,0.0,228356.015625,230032.21875,39000.59375
test_id_test_id_000583_21,test_id_000583,19,high_degree,3,0,test_id_000583_t3_c0,big,big_0,0,1.0,0.9,18,289747.12,249328.40625,271724.71875,278257.96875,293024.15625,16,16.54112116655836,LO,278257.96875,0.0,278257.96875,289747.125,43695.75
test_id_test_id_000583_22,test_id_000583,19,high_degree,3,1,test_id_000583_t3_c1,little,little_0,0,0.6,0.8,18,351530.06,350486.4375,379947.5625,388212.5,406529.75,16,16.54112116655836,LO,388212.5,0.0,388212.5,351530.0625,56043.3125
test_id_test_id_000583_23,test_id_000583,19,high_degree,3,2,test_id_000583_t3_c2,big,big_1,1,1.4,0.98,18,219820.94,200144.0625,219693.25,225546.109375,238919.59375,16,16.54112116655836,LO,225546.109375,0.0,225546.109375,219820.9375,38775.53125
test_id_test_id_000583_24,test_id_000583,19,high_degree,3,3,test_id_000583_t3_c3,little,little_0,1,0.9,0.86,18,275125.47,263670.40625,286983.5625,293735.09375,308966.875,16,16.54112116655836,LO,293735.09375,0.0,293735.09375,275125.46875,45296.46875
test_id_test_id_000583_25,test_id_000583,19,high_degree,3,4,test_id_000583_t3_c4,big,big_1,2,1.8,1.06,18,149856.66,150667.34375,167401.1875,172248.53125,183803.765625,16,16.54112116655836,LO,172248.53125,0.0,172248.53125,149856.65625,33136.421875
test_id_test_id_000583_26,test_id_000583,19,high_degree,3,5,test_id_000583_t3_c5,little,little_0,2,1.2,0.93,18,267556.44,246515.265625,268757.71875,275268.25,289971.9375,16,16.54112116655836,LO,275268.25,0.0,275268.25,267556.4375,43456.671875
test_id_test_id_000583_27,test_id_000583,19,high_degree,3,6,test_id_000583_t3_c6,big,big_0,3,2.2,1.15,18,133059.31,131046.96875,146825.40625,151260.78125,162120.4375,16,16.54112116655836,LO,151260.78125,0.0,151260.78125,133059.3125,31073.46875
test_id_test_id_000583_28,test_id_000583,51,communication_heavy,4,0,test_id_000583_t4_c0,little,little_1,0,0.6,0.8,50,576465.9,589531.625,637279.875,651390.5,676715.8125,16,16.54112116655836,LO,651390.5,0.0,651390.5,576465.875,87184.1875
test_id_test_id_000583_29,test_id_000583,51,communication_heavy,4,1,test_id_000583_t4_c1,big,big_1,1,1.4,0.98,50,368850.53,336713.84375,365471.78125,373618.0,391631.28125,16,16.54112116655836,LO,373618.0,0.0,373618.0,368850.53125,54917.4375
test_id_test_id_000583_30,test_id_000583,51,communication_heavy,4,2,test_id_000583_t4_c2,little,little_0,1,0.9,0.86,50,521852.25,500946.6875,543124.875,555301.4375,579223.875,16,16.54112116655836,LO,555301.4375,0.0,555301.4375,521852.25,78277.1875
test_id_test_id_000583_31,test_id_000583,51,communication_heavy,4,3,test_id_000583_t4_c3,big,big_1,2,1.8,1.06,50,234498.77,236342.21875,258158.328125,264645.6875,279271.71875,16,16.54112116655836,LO,264645.6875,0.0,264645.6875,234498.765625,42929.5
test_id_test_id_000583_32,test_id_000583,51,communication_heavy,4,4,test_id_000583_t4_c4,little,little_1,2,1.2,0.93,50,394250.03,390373.4375,423530.6875,432897.53125,453045.5625,16,16.54112116655836,LO,432897.53125,0.0,432897.53125,394250.03125,62672.125
test_id_test_id_000583_33,test_id_000583,51,communication_heavy,4,5,test_id_000583_t4_c5,big,big_0,3,2.2,1.15,50,180177.86,185769.8125,204579.78125,210205.703125,223169.59375,16,16.54112116655836,LO,210205.703125,0.0,210205.703125,180177.859375,37399.78125
test_id_test_id_000583_34,test_id_000583,51,communication_heavy,4,6,test_id_000583_t4_c6,little,little_1,3,1.5,1.0,50,347188.12,340093.0625,369128.25,377356.4375,395512.90625,16,16.54112116655836,LO,377356.4375,0.0,377356.4375,347188.125,55419.84375
test_id_test_id_000583_35,test_id_000583,55,random,5,0,test_id_000583_t5_c0,big,big_0,1,1.4,0.98,54,245307.69,250991.03125,273673.9375,280353.96875,295386.34375,16,16.54112116655836,LO,280353.96875,0.0,280353.96875,245307.6875,44395.3125
test_id_test_id_000583_36,test_id_000583,55,random,5,1,test_id_000583_t5_c1,little,little_1,1,0.9,0.86,54,586243.4,544653.5625,590476.25,603877.875,629189.875,16,16.54112116655836,LO,603877.875,0.0,603877.875,586243.375,84536.3125
test_id_test_id_000583_37,test_id_000583,55,random,5,2,test_id_000583_t5_c2,big,big_1,2,1.8,1.06,54,219522.89,226674.046875,247938.515625,254297.4375,268667.8125,16,16.54112116655836,LO,254297.4375,0.0,254297.4375,219522.890625,41993.765625
test_id_test_id_000583_38,test_id_000583,55,random,5,3,test_id_000583_t5_c3,little,little_1,2,1.2,0.93,54,457552.4,422625.75,458653.8125,468897.75,490411.59375,16,16.54112116655836,LO,468897.75,0.0,468897.75,457552.40625,67785.84375
test_id_test_id_000583_39,test_id_000583,55,random,5,4,test_id_000583_t5_c4,big,big_1,3,2.2,1.15,54,194225.77,204030.9375,223995.875,230008.9375,243710.0,16,16.54112116655836,LO,230008.9375,0.0,230008.9375,194225.765625,39679.0625
test_id_test_id_000583_40,test_id_000583,55,random,5,5,test_id_000583_t5_c5,little,little_0,3,1.5,1.0,54,335920.8,332444.0,360873.0625,368943.6875,386803.4375,16,16.54112116655836,LO,368943.6875,0.0,368943.6875,335920.8125,54359.4375
test_id_test_id_000583_41,test_id_000583,55,random,5,6,test_id_000583_t5_c6,big,big_1,0,1.0,0.9,54,362858.3,350906.34375,380701.5,389112.15625,407623.65625,16,16.54112116655836,LO,389112.15625,0.0,389112.15625,362858.3125,56717.3125
test_id_test_id_000618_00,test_id_000618,1,source_like,0,0,test_id_000618_t0_c0,little,little_0,3,1.5,1.0,0,75060.98,74319.65625,88449.859375,92377.296875,102094.734375,16,16.54112116655836,HI,92377.296875,15665.78125,108043.078125,75060.9765625,27775.078125
test_id_test_id_000618_01,test_id_000618,1,source_like,0,1,test_id_000618_t0_c1,big,big_0,0,1.0,0.9,0,73383.63,70807.21875,84904.3125,88898.765625,98695.234375,16,16.54112116655836,HI,88898.765625,15665.78125,104564.546875,73383.6328125,27888.015625
test_id_test_id_000618_02,test_id_000618,1,source_like,0,2,test_id_000618_t0_c2,little,little_0,0,0.6,0.8,0,167471.75,167981.078125,186760.78125,192488.0625,205726.46875,16,16.54112116655836,HI,192488.0625,15665.78125,208153.84375,167471.75,37745.390625
test_id_test_id_000618_03,test_id_000618,1,source_like,0,3,test_id_000618_t0_c3,big,big_1,1,1.4,0.98,0,62030.625,57277.46875,70675.21875,74543.8125,83847.625,16,16.54112116655836,HI,74543.8125,15665.78125,90209.59375,62030.625,26570.15625
test_id_test_id_000618_04,test_id_000618,1,source_like,0,4,test_id_000618_t0_c4,little,little_1,1,0.9,0.86,0,119915.125,118351.71875,133970.28125,138445.515625,149411.375,16,16.54112116655836,HI,138445.515625,15665.78125,154111.296875,119915.125,31059.65625
test_id_test_id_000618_05,test_id_000618,1,source_like,0,5,test_id_000618_t0_c5,big,big_0,2,1.8,1.06,0,44397.254,45842.875,58702.46875,62521.296875,71516.734375,16,16.54112116655836,HI,62521.296875,15665.78125,78187.078125,44397.25390625,25673.859375
test_id_test_id_000618_06,test_id_000618,1,source_like,0,6,test_id_000618_t0_c6,little,little_1,2,1.2,0.93,0,95377.17,91075.234375,105827.546875,109921.890625,120171.359375,16,16.54112116655836,HI,109921.890625,15665.78125,125587.671875,95377.171875,29096.125
test_id_test_id_000618_07,test_id_000618,121,sink_like,1,0,test_id_000618_t1_c0,big,big_0,0,1.0,0.9,120,388734.84,383283.9375,415769.25,424928.6875,444749.4375,16,16.54112116655836,HI,424928.6875,15665.78125,440594.46875,388734.84375,61465.5
test_id_test_id_000618_08,test_id_000618,121,sink_like,1,1,test_id_000618_t1_c1,little,little_0,0,0.6,0.8,120,612210.9,612539.875,661741.5625,676381.4375,702100.5,16,16.54112116655836,HI,676381.4375,15665.78125,692047.21875,612210.875,89560.625
test_id_test_id_000618_09,test_id_000618,121,sink_like,1,2,test_id_000618_t1_c2,big,big_1,1,1.4,0.98,120,285668.53,284503.03125,309348.5625,316523.875,332592.5,16,16.54112116655836,HI,316523.875,15665.78125,332189.65625,285668.53125,48089.46875
test_id_test_id_000618_10,test_id_000618,121,sink_like,1,3,test_id_000618_t1_c3,little,little_1,1,0.9,0.86,120,602253.6,579549.0,628330.125,642768.75,669195.0,16,16.54112116655836,HI,642768.75,15665.78125,658434.53125,602253.625,89646.0
test_id_test_id_000618_11,test_id_000618,121,sink_like,1,4,test_id_000618_t1_c4,big,big_1,2,1.8,1.06,120,246758.55,251870.40625,274647.8125,281365.8125,296467.25,16,16.54112116655836,HI,281365.8125,15665.78125,297031.59375,246758.546875,44596.84375
test_id_test_id_000618_12,test_id_000618,121,sink_like,1,5,test_id_000618_t1_c5,little,little_1,2,1.2,0.93,120,458427.6,420408.5625,456168.3125,466317.53125,487686.125,16,16.54112116655836,HI,466317.53125,15665.78125,481983.3125,458427.59375,67277.5625
test_id_test_id_000618_13,test_id_000618,121,sink_like,1,6,test_id_000618_t1_c6,big,big_1,3,2.2,1.15,120,186490.8,196264.125,215758.40625,221624.421875,235041.359375,16,16.54112116655836,HI,221624.421875,15665.78125,237290.203125,186490.796875,38777.234375
test_id_test_id_000618_14,test_id_000618,149,middle,2,0,test_id_000618_t2_c0,little,little_0,0,0.6,0.8,148,614407.3,580000.0,627243.25,641191.5,666369.375,16,16.54112116655836,HI,641191.5,15665.78125,656857.28125,614407.3125,86369.375
test_id_test_id_000618_15,test_id_000618,149,middle,2,1,test_id_000618_t2_c1,big,big_0,1,1.4,0.98,148,286119.75,257007.875,280015.09375,286746.25,301889.875,16,16.54112116655836,HI,286746.25,15665.78125,302412.03125,286119.75,44882.0
test_id_test_id_000618_16,test_id_000618,149,middle,2,2,test_id_000618_t2_c2,little,little_0,1,0.9,0.86,148,478277.56,442778.59375,480341.15625,491050.5625,513194.6875,16,16.54112116655836,HI,491050.5625,15665.78125,506716.34375,478277.5625,70416.09375
test_id_test_id_000618_17,test_id_000618,149,middle,2,3,test_id_000618_t2_c3,big,big_0,2,1.8,1.06,148,210284.52,208416.84375,228554.46875,234596.140625,248340.28125,16,16.54112116655836,HI,234596.140625,15665.78125,250261.921875,210284.515625,39923.4375
test_id_test_id_000618_18,test_id_000618,149,middle,2,4,test_id_000618_t2_c4,little,little_0,2,1.2,0.93,148,280166.53,293587.96875,319024.625,326329.3125,342672.46875,16,16.54112116655836,HI,326329.3125,15665.78125,341995.09375,280166.53125,49084.5
test_id_test_id_000618_19,test_id_000618,149,middle,2,5,test_id_000618_t2_c5,big,big_0,3,2.2,1.15,148,224228.03,209661.015625,229895.1875,235976.0625,249795.15625,16,16.54112116655836,HI,235976.0625,15665.78125,251641.84375,224228.03125,40134.140625
test_id_test_id_000618_20,test_id_000618,149,middle,2,6,test_id_000618_t2_c6,little,little_1,3,1.5,1.0,148,298968.28,290293.84375,315525.75,322789.5625,339031.6875,16,16.54112116655836,HI,322789.5625,15665.78125,338455.34375,298968.28125,48737.84375
test_id_test_id_000618_21,test_id_000618,16,high_degree,3,0,test_id_000618_t3_c0,big,big_0,1,1.4,0.98,15,224393.3,217031.90625,237638.03125,243798.0,257771.4375,16,16.54112116655836,HI,243798.0,15665.78125,259463.78125,224393.296875,40739.53125
test_id_test_id_000618_22,test_id_000618,16,high_degree,3,1,test_id_000618_t3_c1,little,little_1,1,0.9,0.86,15,472510.56,420253.25,455825.59375,465907.25,487141.75,16,16.54112116655836,HI,465907.25,15665.78125,481573.03125,472510.5625,66888.5
test_id_test_id_000618_23,test_id_000618,16,high_degree,3,2,test_id_000618_t3_c2,big,big_0,2,1.8,1.06,15,238963.98,222374.96875,243302.8125,249552.5625,263698.84375,16,16.54112116655836,HI,249552.5625,15665.78125,265218.34375,238963.984375,41323.875
test_id_test_id_000618_24,test_id_000618,16,high_degree,3,3,test_id_000618_t3_c3,little,little_1,2,1.2,0.93,15,264631.7,274259.5625,298363.625,305349.1875,321030.03125,16,16.54112116655836,HI,305349.1875,15665.78125,321014.96875,264631.6875,46770.46875
test_id_test_id_000618_25,test_id_000618,16,high_degree,3,4,test_id_000618_t3_c4,big,big_1,3,2.2,1.15,15,150207.72,150569.71875,167309.625,172149.78125,183699.0,16,16.54112116655836,HI,172149.78125,15665.78125,187815.5625,150207.71875,33129.28125
test_id_test_id_000618_26,test_id_000618,16,high_degree,3,5,test_id_000618_t3_c5,little,little_1,3,1.5,1.0,15,269810.06,260619.46875,283818.46875,290591.34375,305814.4375,16,16.54112116655836,HI,290591.34375,15665.78125,306257.125,269810.0625,45194.96875
test_id_test_id_000618_27,test_id_000618,16,high_degree,3,6,test_id_000618_t3_c6,big,big_1,0,1.0,0.9,15,257805.05,257701.484375,280735.90625,287462.75,302616.21875,16,16.54112116655836,HI,287462.75,15665.78125,303128.53125,257805.046875,44914.734375
test_id_test_id_000618_28,test_id_000618,67,communication_heavy,4,0,test_id_000618_t4_c0,little,little_0,1,0.9,0.86,66,835806.7,767045.625,836016.0,856525.75,893659.25,16,16.54112116655836,HI,856525.75,15665.78125,872191.53125,835806.6875,126613.625
test_id_test_id_000618_29,test_id_000618,67,communication_heavy,4,1,test_id_000618_t4_c1,big,big_1,2,1.8,1.06,66,313202.66,313924.625,340862.3125,348538.53125,365634.46875,16,16.54112116655836,HI,348538.53125,15665.78125,364204.3125,313202.65625,51709.84375
test_id_test_id_000618_30,test_id_000618,67,communication_heavy,4,2,test_id_000618_t4_c2,little,little_0,2,1.2,0.93,66,574706.94,524202.9375,568943.25,582032.0,607210.5,16,16.54112116655836,HI,582032.0,15665.78125,597697.78125,574706.9375,83007.5625
test_id_test_id_000618_31,test_id_000618,67,communication_heavy,4,3,test_id_000618_t4_c3,big,big_1,3,2.2,1.15,66,234358.81,244830.8125,267090.09375,273662.6875,288465.8125,16,16.54112116655836,HI,273662.6875,15665.78125,289328.46875,234358.8125,43635.0
test_id_test_id_000618_32,test_id_000618,67,communication_heavy,4,4,test_id_000618_t4_c4,little,little_0,3,1.5,1.0,66,584413.8,529233.375,575167.875,588725.25,614709.375,16,16.54112116655836,HI,588725.25,15665.78125,604391.03125,584413.8125,85476.0
test_id_test_id_000618_33,test_id_000618,67,communication_heavy,4,5,test_id_000618_t4_c5,big,big_0,0,1.0,0.9,66,600514.4,598198.625,648879.75,664049.625,691335.625,16,16.54112116655836,HI,664049.625,15665.78125,679715.40625,600514.375,93137.0
test_id_test_id_000618_34,test_id_000618,67,communication_heavy,4,6,test_id_000618_t4_c6,little,little_0,0,0.6,0.8,66,1008090.56,885715.5625,965279.375,987170.1875,1032485.0625,16,16.54112116655836,HI,987170.1875,15665.78125,1002835.96875,1008090.5625,146769.5
test_id_test_id_000618_35,test_id_000618,73,random,5,0,test_id_000618_t5_c0,big,big_0,2,1.8,1.06,72,120355.125,122672.484375,138156.59375,142475.578125,153148.75,16,16.54112116655836,HI,142475.578125,15665.78125,158141.359375,120355.125,30476.265625
test_id_test_id_000618_36,test_id_000618,73,random,5,1,test_id_000618_t5_c1,little,little_1,2,1.2,0.93,72,201142.78,203952.6875,223787.890625,229754.875,243336.0625,16,16.54112116655836,HI,229754.875,15665.78125,245420.65625,201142.78125,39383.375
test_id_test_id_000618_37,test_id_000618,73,random,5,2,test_id_000618_t5_c2,big,big_0,3,2.2,1.15,72,86938.7,93500.296875,108052.0625,112045.75,122107.90625,16,16.54112116655836,HI,112045.75,15665.78125,127711.53125,86938.703125,28607.609375
test_id_test_id_000618_38,test_id_000618,73,random,5,3,test_id_000618_t5_c3,little,little_1,3,1.5,1.0,72,171526.0,178968.6875,197315.703125,202774.703125,215421.046875,16,16.54112116655836,HI,202774.703125,15665.78125,218440.484375,171526.0,36452.359375
test_id_test_id_000618_39,test_id_000618,73,random,5,4,test_id_000618_t5_c4,big,big_0,0,1.0,0.9,72,166277.62,174541.734375,192894.359375,198452.375,211279.90625,16,16.54112116655836,HI,198452.375,15665.78125,214118.15625,166277.625,36738.171875
test_id_test_id_000618_40,test_id_000618,73,random,5,5,test_id_000618_t5_c5,little,little_1,0,0.6,0.8,72,415346.44,411280.375,443475.65625,452188.5,470930.71875,16,16.54112116655836,HI,452188.5,15665.78125,467854.28125,415346.4375,59650.34375
test_id_test_id_000618_41,test_id_000618,73,random,5,6,test_id_000618_t5_c6,big,big_0,1,1.4,0.98,72,144670.81,151201.921875,168045.0625,172940.234375,184590.03125,16,16.54112116655836,HI,172940.234375,15665.78125,188606.015625,144670.8125,33388.109375
test_id_test_id_000629_00,test_id_000629,5,source_like,0,0,test_id_000629_t0_c0,big,big_0,1,1.4,0.98,4,94593.4,96735.28125,111454.390625,115532.078125,125755.890625,16,16.54112116655836,LO,115532.078125,0.0,115532.078125,94593.3984375,29020.609375
test_id_test_id_000629_01,test_id_000629,5,source_like,0,1,test_id_000629_t0_c1,little,little_1,1,0.9,0.86,4,215722.89,199312.6875,219148.8125,225210.171875,238962.140625,16,16.54112116655836,LO,225210.171875,0.0,225210.171875,215722.890625,39649.453125
test_id_test_id_000629_02,test_id_000629,5,source_like,0,2,test_id_000629_t0_c2,big,big_0,2,1.8,1.06,4,70544.79,79624.703125,93831.265625,97749.71875,107539.640625,16,16.54112116655836,LO,97749.71875,0.0,97749.71875,70544.7890625,27914.9375
test_id_test_id_000629_03,test_id_000629,5,source_like,0,3,test_id_000629_t0_c3,little,little_0,2,1.2,0.93,4,165448.4,167276.40625,185017.65625,190326.34375,202667.8125,16,16.54112116655836,LO,190326.34375,0.0,190326.34375,165448.40625,35391.40625
test_id_test_id_000629_04,test_id_000629,5,source_like,0,4,test_id_000629_t0_c4,big,big_1,3,2.2,1.15,4,63193.473,65115.640625,78777.171875,82620.515625,92034.09375,16,16.54112116655836,LO,82620.515625,0.0,82620.515625,63193.47265625,26918.453125
test_id_test_id_000629_05,test_id_000629,5,source_like,0,5,test_id_000629_t0_c5,little,little_1,3,1.5,1.0,4,139862.47,142107.84375,158352.125,163006.078125,174216.21875,16,16.54112116655836,LO,163006.078125,0.0,163006.078125,139862.46875,32108.375
test_id_test_id_000629_06,test_id_000629,5,source_like,0,6,test_id_000629_t0_c6,big,big_0,0,1.0,0.9,4,137405.66,137899.765625,154159.21875,158899.46875,170265.828125,16,16.54112116655836,LO,158899.46875,0.0,158899.46875,137405.65625,32366.0625
test_id_test_id_000629_07,test_id_000629,74,sink_like,1,0,test_id_000629_t1_c0,little,little_0,1,0.9,0.86,73,312645.0,299399.1875,325164.65625,332515.0,348981.25,16,16.54112116655836,LO,332515.0,0.0,332515.0,312645.0,49582.0625
test_id_test_id_000629_08,test_id_000629,74,sink_like,1,1,test_id_000629_t1_c1,big,big_1,2,1.8,1.06,73,139256.03,135779.765625,151834.9375,156393.71875,167469.71875,16,16.54112116655836,LO,156393.71875,0.0,156393.71875,139256.03125,31689.953125
test_id_test_id_000629_09,test_id_000629,74,sink_like,1,2,test_id_000629_t1_c2,little,little_0,2,1.2,0.93,73,236229.53,220267.296875,241025.75,247214.328125,261251.09375,16,16.54112116655836,LO,247214.328125,0.0,247214.328125,236229.53125,40983.796875
test_id_test_id_000629_10,test_id_000629,74,sink_like,1,3,test_id_000629_t1_c3,big,big_1,3,2.2,1.15,73,102998.01,100485.890625,115194.9375,119235.59375,129409.015625,16,16.54112116655836,LO,119235.59375,0.0,119235.59375,102998.0078125,28923.125
test_id_test_id_000629_11,test_id_000629,74,sink_like,1,4,test_id_000629_t1_c4,little,little_0,3,1.5,1.0,73,179931.6,175533.203125,193703.25,199105.34375,211651.34375,16,16.54112116655836,LO,199105.34375,0.0,199105.34375,179931.59375,36118.140625
test_id_test_id_000629_12,test_id_000629,74,sink_like,1,5,test_id_000629_t1_c5,big,big_0,0,1.0,0.9,73,173327.1,178632.09375,197204.578125,202830.6875,215789.984375,16,16.54112116655836,LO,202830.6875,0.0,202830.6875,173327.09375,37157.890625
test_id_test_id_000629_13,test_id_000629,74,sink_like,1,6,test_id_000629_t1_c6,little,little_1,0,0.6,0.8,73,406812.25,382856.65625,413603.875,421975.4375,440400.8125,16,16.54112116655836,LO,421975.4375,0.0,421975.4375,406812.25,57544.15625
test_id_test_id_000629_14,test_id_000629,56,middle,2,0,test_id_000629_t2_c0,big,big_1,2,1.8,1.06,55,159588.4,166553.375,184261.484375,189490.328125,201731.15625,16,16.54112116655836,LO,189490.328125,0.0,189490.328125,159588.40625,35177.78125
test_id_test_id_000629_15,test_id_000629,56,middle,2,1,test_id_000629_t2_c1,little,little_0,2,1.2,0.93,55,297528.5,311221.0,337957.25,345587.21875,362580.1875,16,16.54112116655836,LO,345587.21875,0.0,345587.21875,297528.5,51359.1875
test_id_test_id_000629_16,test_id_000629,56,middle,2,2,test_id_000629_t2_c2,big,big_0,3,2.2,1.15,55,123475.02,135267.796875,151266.34375,155805.46875,166842.59375,16,16.54112116655836,LO,155805.46875,0.0,155805.46875,123475.0234375,31574.796875
test_id_test_id_000629_17,test_id_000629,56,middle,2,3,test_id_000629_t2_c3,little,little_0,3,1.5,1.0,55,293826.62,276190.5,300465.03125,307508.09375,323284.75,16,16.54112116655836,LO,307508.09375,0.0,307508.09375,293826.625,47094.25
test_id_test_id_000629_18,test_id_000629,56,middle,2,4,test_id_000629_t2_c4,big,big_1,0,1.0,0.9,55,293197.56,279789.125,304278.125,311346.28125,327213.8125,16,16.54112116655836,LO,311346.28125,0.0,311346.28125,293197.5625,47424.6875
test_id_test_id_000629_19,test_id_000629,56,middle,2,5,test_id_000629_t2_c5,little,little_1,0,0.6,0.8,55,489933.78,533575.5625,576038.75,588208.375,611316.125,16,16.54112116655836,LO,588208.375,0.0,588208.375,489933.78125,77740.5625
test_id_test_id_000629_20,test_id_000629,56,middle,2,6,test_id_000629_t2_c6,big,big_0,1,1.4,0.98,55,178352.92,195073.640625,214471.40625,220303.53125,233648.578125,16,16.54112116655836,LO,220303.53125,0.0,220303.53125,178352.921875,38574.9375
test_id_test_id_000629_21,test_id_000629,73,high_degree,3,0,test_id_000629_t3_c0,little,little_0,2,1.2,0.93,72,320293.72,304360.34375,330621.375,338128.3125,354880.59375,16,16.54112116655836,LO,338128.3125,0.0,338128.3125,320293.71875,50520.25
test_id_test_id_000629_22,test_id_000629,73,high_degree,3,1,test_id_000629_t3_c1,big,big_0,3,2.2,1.15,72,117871.52,121617.28125,136976.3125,141254.359375,151845.15625,16,16.54112116655836,LO,141254.359375,0.0,141254.359375,117871.5234375,30227.875
test_id_test_id_000629_23,test_id_000629,73,high_degree,3,2,test_id_000629_t3_c2,little,little_1,3,1.5,1.0,72,216215.7,211123.3125,231295.71875,237309.328125,251002.125,16,16.54112116655836,LO,237309.328125,0.0,237309.328125,216215.703125,39878.8125
test_id_test_id_000629_24,test_id_000629,73,high_degree,3,3,test_id_000629_t3_c3,big,big_0,0,1.0,0.9,72,229997.75,226572.65625,247691.984375,253966.03125,268177.90625,16,16.54112116655836,LO,253966.03125,0.0,253966.03125,229997.75,41605.25
test_id_test_id_000629_25,test_id_000629,73,high_degree,3,4,test_id_000629_t3_c4,little,little_0,0,0.6,0.8,72,430562.28,426055.125,460598.4375,470239.59375,490582.125,16,16.54112116655836,LO,470239.59375,0.0,470239.59375,430562.28125,64527.0
test_id_test_id_000629_26,test_id_000629,73,high_degree,3,5,test_id_000629_t3_c5,big,big_0,1,1.4,0.98,72,204069.89,192611.609375,211786.359375,217536.640625,230720.0,16,16.54112116655836,LO,217536.640625,0.0,217536.640625,204069.890625,38108.390625
test_id_test_id_000629_27,test_id_000629,73,high_degree,3,6,test_id_000629_t3_c6,little,little_0,1,0.9,0.86,72,353717.72,333806.625,362234.8125,370285.75,388115.375,16,16.54112116655836,LO,370285.75,0.0,370285.75,353717.71875,54308.75
test_id_test_id_000629_28,test_id_000629,96,communication_heavy,4,0,test_id_000629_t4_c0,big,big_0,3,2.2,1.15,95,161544.88,167768.1875,185521.75,190760.9375,203021.140625,16,16.54112116655836,LO,190760.9375,0.0,190760.9375,161544.875,35252.953125
test_id_test_id_000629_29,test_id_000629,96,communication_heavy,4,1,test_id_000629_t4_c1,little,little_0,3,1.5,1.0,95,216763.02,230757.921875,252059.15625,258356.546875,272611.21875,16,16.54112116655836,LO,258356.546875,0.0,258356.546875,216763.015625,41853.296875
test_id_test_id_000629_30,test_id_000629,96,communication_heavy,4,2,test_id_000629_t4_c2,big,big_0,0,1.0,0.9,95,293796.7,275615.28125,299768.6875,306732.3125,322396.9375,16,16.54112116655836,LO,306732.3125,0.0,306732.3125,293796.6875,46781.65625
test_id_test_id_000629_31,test_id_000629,96,communication_heavy,4,3,test_id_000629_t4_c3,little,little_0,0,0.6,0.8,95,403738.2,426589.0,461545.5625,471357.25,492013.3125,16,16.54112116655836,LO,471357.25,0.0,471357.25,403738.1875,65424.3125
test_id_test_id_000629_32,test_id_000629,96,communication_heavy,4,4,test_id_000629_t4_c4,big,big_0,1,1.4,0.98,95,197459.52,205290.8125,225146.796875,231084.546875,244624.8125,16,16.54112116655836,LO,231084.546875,0.0,231084.546875,197459.515625,39334.0
test_id_test_id_000629_33,test_id_000629,96,communication_heavy,4,5,test_id_000629_t4_c5,little,little_1,1,0.9,0.86,95,308892.78,322712.3125,350277.09375,358098.96875,375497.40625,16,16.54112116655836,LO,358098.96875,0.0,358098.96875,308892.78125,52785.09375
test_id_test_id_000629_34,test_id_000629,96,communication_heavy,4,6,test_id_000629_t4_c6,big,big_1,2,1.8,1.06,95,122550.35,140380.15625,156517.9375,161127.703125,172266.1875,16,16.54112116655836,LO,161127.703125,0.0,161127.703125,122550.3515625,31886.03125
test_id_test_id_000629_35,test_id_000629,20,random,5,0,test_id_000629_t5_c0,little,little_1,3,1.5,1.0,19,81335.0,92743.796875,107377.921875,111419.78125,121566.03125,16,16.54112116655836,LO,111419.78125,0.0,111419.78125,81335.0,28822.234375
test_id_test_id_000629_36,test_id_000629,20,random,5,1,test_id_000629_t5_c1,big,big_1,0,1.0,0.9,19,104192.7,113995.59375,129542.234375,134005.53125,144990.53125,16,16.54112116655836,LO,134005.53125,0.0,134005.53125,104192.703125,30994.9375
test_id_test_id_000629_37,test_id_000629,20,random,5,2,test_id_000629_t5_c2,little,little_0,0,0.6,0.8,19,198574.77,216808.578125,238951.859375,245780.265625,261278.375,16,16.54112116655836,LO,245780.265625,0.0,245780.265625,198574.765625,44469.796875
test_id_test_id_000629_38,test_id_000629,20,random,5,3,test_id_000629_t5_c3,big,big_0,1,1.4,0.98,19,74822.54,81973.578125,96387.0625,100430.390625,110484.53125,16,16.54112116655836,LO,100430.390625,0.0,100430.390625,74822.5390625,28510.953125
test_id_test_id_000629_39,test_id_000629,20,random,5,4,test_id_000629_t5_c4,little,little_0,1,0.9,0.86,19,144374.97,155453.0625,172959.3125,178200.6875,190514.875,16,16.54112116655836,LO,178200.6875,0.0,178200.6875,144374.96875,35061.8125
test_id_test_id_000629_40,test_id_000629,20,random,5,5,test_id_000629_t5_c5,big,big_0,2,1.8,1.06,19,61107.44,67368.078125,81134.578125,85048.15625,94637.09375,16,16.54112116655836,LO,85048.15625,0.0,85048.15625,61107.44140625,27269.015625
test_id_test_id_000629_41,test_id_000629,20,random,5,6,test_id_000629_t5_c6,little,little_0,2,1.2,0.93,19,109816.74,121010.328125,136550.875,140960.515625,151800.96875,16,16.54112116655836,LO,140960.515625,0.0,140960.515625,109816.7421875,30790.640625
test_id_test_id_000631_00,test_id_000631,3,source_like,0,0,test_id_000631_t0_c0,little,little_1,1,0.9,0.86,2,274681.9,224664.125,245677.875,251913.640625,266045.0625,16,16.54112116655836,HI,251913.640625,15665.78125,267579.421875,274681.90625,41380.9375
test_id_test_id_000631_01,test_id_000631,3,source_like,0,1,test_id_000631_t0_c1,big,big_0,2,1.8,1.06,2,87089.32,80598.21875,94797.921875,98736.234375,108577.5625,16,16.54112116655836,HI,98736.234375,15665.78125,114402.015625,87089.3203125,27979.34375
test_id_test_id_000631_02,test_id_000631,3,source_like,0,2,test_id_000631_t0_c2,little,little_0,2,1.2,0.93,2,217375.19,181754.0625,200215.234375,205741.125,218478.828125,16,16.54112116655836,HI,205741.125,15665.78125,221406.90625,217375.1875,36724.765625
test_id_test_id_000631_03,test_id_000631,3,source_like,0,3,test_id_000631_t0_c3,big,big_0,3,2.2,1.15,2,78145.484,75201.9375,89282.84375,93192.140625,102906.703125,16,16.54112116655836,HI,93192.140625,15665.78125,108857.921875,78145.484375,27704.765625
test_id_test_id_000631_04,test_id_000631,3,source_like,0,4,test_id_000631_t0_c4,little,little_1,3,1.5,1.0,2,155375.8,142300.71875,158720.3125,163483.34375,174883.421875,16,16.54112116655836,HI,163483.34375,15665.78125,179149.125,155375.796875,32582.703125
test_id_test_id_000631_05,test_id_000631,3,source_like,0,5,test_id_000631_t0_c5,big,big_1,0,1.0,0.9,2,166173.2,146405.1875,163187.234375,168160.53125,179931.625,16,16.54112116655836,HI,168160.53125,15665.78125,183826.3125,166173.203125,33526.4375
test_id_test_id_000631_06,test_id_000631,3,source_like,0,6,test_id_000631_t0_c6,little,little_1,0,0.6,0.8,2,398615.8,341573.40625,369134.78125,376452.03125,393182.0625,16,16.54112116655836,HI,376452.03125,15665.78125,392117.8125,398615.8125,51608.65625
test_id_test_id_000631_07,test_id_000631,49,sink_like,1,0,test_id_000631_t1_c0,big,big_1,2,1.8,1.06,48,209214.69,209677.59375,230003.484375,236132.28125,250048.078125,16,16.54112116655836,HI,236132.28125,15665.78125,251798.0625,209214.6875,40370.484375
test_id_test_id_000631_08,test_id_000631,49,sink_like,1,1,test_id_000631_t1_c1,little,little_1,2,1.2,0.93,48,309100.2,313174.375,340023.5625,347675.40625,364728.375,16,16.54112116655836,HI,347675.40625,15665.78125,363341.1875,309100.1875,51554.0
test_id_test_id_000631_09,test_id_000631,49,sink_like,1,2,test_id_000631_t1_c2,big,big_1,3,2.2,1.15,48,236955.1,221084.9375,242077.640625,248390.875,262672.96875,16,16.54112116655836,HI,248390.875,15665.78125,264056.65625,236955.09375,41588.03125
test_id_test_id_000631_10,test_id_000631,49,sink_like,1,3,test_id_000631_t1_c3,little,little_0,3,1.5,1.0,48,343701.0,327643.09375,355704.875,363681.0625,381361.15625,16,16.54112116655836,HI,363681.0625,15665.78125,379346.84375,343701.0,53718.0625
test_id_test_id_000631_11,test_id_000631,49,sink_like,1,4,test_id_000631_t1_c4,big,big_1,0,1.0,0.9,48,293728.78,301727.90625,327749.90625,335193.625,351837.21875,16,16.54112116655836,HI,335193.625,15665.78125,350859.40625,293728.78125,50109.3125
test_id_test_id_000631_12,test_id_000631,49,sink_like,1,5,test_id_000631_t1_c5,little,little_0,0,0.6,0.8,48,637333.7,634902.0,685763.5,700983.3125,727249.875,16,16.54112116655836,HI,700983.3125,15665.78125,716649.09375,637333.6875,92347.875
test_id_test_id_000631_13,test_id_000631,49,sink_like,1,6,test_id_000631_t1_c6,big,big_0,1,1.4,0.98,48,314228.2,285605.3125,310536.1875,317728.0,333834.125,16,16.54112116655836,HI,317728.0,15665.78125,333393.78125,314228.1875,48228.8125
test_id_test_id_000631_14,test_id_000631,30,middle,2,0,test_id_000631_t2_c0,little,little_0,2,1.2,0.93,29,285506.97,274458.28125,298622.5625,305637.9375,321374.34375,16,16.54112116655836,HI,305637.9375,15665.78125,321303.71875,285506.96875,46916.0625
test_id_test_id_000631_15,test_id_000631,30,middle,2,1,test_id_000631_t2_c1,big,big_0,3,2.2,1.15,29,154013.61,155564.5625,172721.640625,177720.65625,189570.53125,16,16.54112116655836,HI,177720.65625,15665.78125,193386.4375,154013.609375,34005.96875
test_id_test_id_000631_16,test_id_000631,30,middle,2,2,test_id_000631_t2_c2,little,little_1,3,1.5,1.0,29,214494.34,213041.375,233501.390625,239650.953125,253603.21875,16,16.54112116655836,HI,239650.953125,15665.78125,255316.734375,214494.34375,40561.84375
test_id_test_id_000631_17,test_id_000631,30,middle,2,3,test_id_000631_t2_c3,big,big_1,0,1.0,0.9,29,268790.7,253265.765625,276051.96875,282736.6875,297791.625,16,16.54112116655836,HI,282736.6875,15665.78125,298402.46875,268790.6875,44525.859375
test_id_test_id_000631_18,test_id_000631,30,middle,2,4,test_id_000631_t2_c4,little,little_1,0,0.6,0.8,29,677687.3,597114.625,644327.875,658183.625,682707.125,16,16.54112116655836,HI,658183.625,15665.78125,673849.40625,677687.3125,85592.5
test_id_test_id_000631_19,test_id_000631,30,middle,2,5,test_id_000631_t2_c5,big,big_1,1,1.4,0.98,29,215461.36,208502.6875,228662.21875,234718.375,248487.375,16,16.54112116655836,HI,234718.375,15665.78125,250384.15625,215461.359375,39984.6875
test_id_test_id_000631_20,test_id_000631,30,middle,2,6,test_id_000631_t2_c6,little,little_1,1,0.9,0.86,29,396596.66,400021.5,433643.28125,443109.375,463373.625,16,16.54112116655836,HI,443109.375,15665.78125,458775.15625,396596.65625,63352.125
test_id_test_id_000631_21,test_id_000631,48,communication_heavy,3,0,test_id_000631_t3_c0,big,big_1,3,2.2,1.15,47,207214.17,211082.328125,231478.0625,237626.78125,251581.515625,16,16.54112116655836,HI,237626.78125,15665.78125,253292.5625,207214.171875,40499.1875
test_id_test_id_000631_22,test_id_000631,48,communication_heavy,3,1,test_id_000631_t3_c1,little,little_0,3,1.5,1.0,47,332047.1,325696.46875,353597.28125,361531.125,379123.09375,16,16.54112116655836,HI,361531.125,15665.78125,377196.90625,332047.09375,53426.625
test_id_test_id_000631_23,test_id_000631,48,communication_heavy,3,2,test_id_000631_t3_c2,big,big_1,0,1.0,0.9,47,359012.38,358151.8125,388581.5,397172.0625,416009.5,16,16.54112116655836,HI,397172.0625,15665.78125,412837.84375,359012.375,57857.6875
test_id_test_id_000631_24,test_id_000631,48,communication_heavy,3,3,test_id_000631_t3_c3,little,little_1,0,0.6,0.8,47,621569.6,606319.0,655075.75,669552.9375,695084.125,16,16.54112116655836,HI,669552.9375,15665.78125,685218.71875,621569.625,88765.125
test_id_test_id_000631_25,test_id_000631,48,communication_heavy,3,4,test_id_000631_t3_c4,big,big_0,1,1.4,0.98,47,280276.3,269621.90625,293472.9375,300414.09375,315990.625,16,16.54112116655836,HI,300414.09375,15665.78125,316079.875,280276.3125,46368.71875
test_id_test_id_000631_26,test_id_000631,48,communication_heavy,3,5,test_id_000631_t3_c5,little,little_1,1,0.9,0.86,47,379678.66,412712.4375,447344.0,457096.0,477813.0625,16,16.54112116655836,HI,457096.0,15665.78125,472761.78125,379678.65625,65100.625
test_id_test_id_000631_27,test_id_000631,48,communication_heavy,3,6,test_id_000631_t3_c6,big,big_1,2,1.8,1.06,47,163778.3,179562.4375,197996.75,203494.53125,216216.5,16,16.54112116655836,HI,203494.53125,15665.78125,219160.3125,163778.296875,36654.0625
test_id_test_id_000631_28,test_id_000631,51,random,4,0,test_id_000631_t4_c0,little,little_1,3,1.5,1.0,50,171757.31,180290.765625,198693.375,204169.5,216847.15625,16,16.54112116655836,HI,204169.5,15665.78125,219835.28125,171757.3125,36556.390625
test_id_test_id_000631_29,test_id_000631,51,random,4,1,test_id_000631_t4_c1,big,big_1,0,1.0,0.9,50,210665.03,204540.09375,224422.546875,230401.28125,244022.046875,16,16.54112116655836,HI,230401.28125,15665.78125,246067.0625,210665.03125,39481.953125
test_id_test_id_000631_30,test_id_000631,51,random,4,2,test_id_000631_t4_c2,little,little_0,0,0.6,0.8,50,362286.3,391003.53125,422493.125,431124.625,449937.25,16,16.54112116655836,HI,431124.625,15665.78125,446790.40625,362286.3125,58933.71875
test_id_test_id_000631_31,test_id_000631,51,random,4,3,test_id_000631_t4_c3,big,big_0,1,1.4,0.98,50,169902.89,182043.265625,200623.3125,206185.4375,219020.0,16,16.54112116655836,HI,206185.4375,15665.78125,221851.21875,169902.890625,36976.734375
test_id_test_id_000631_32,test_id_000631,51,random,4,4,test_id_000631_t4_c4,little,little_0,1,0.9,0.86,50,228566.02,234334.453125,255901.140625,262278.375,276710.03125,16,16.54112116655836,HI,262278.375,15665.78125,277944.15625,228566.015625,42375.578125
test_id_test_id_000631_33,test_id_000631,51,random,4,5,test_id_000631_t4_c5,big,big_0,2,1.8,1.06,50,118913.71,129454.25,145175.875,149599.359375,160439.875,16,16.54112116655836,HI,149599.359375,15665.78125,165265.140625,118913.7109375,30985.625
test_id_test_id_000631_34,test_id_000631,51,random,4,6,test_id_000631_t4_c6,little,little_0,2,1.2,0.93,50,214425.27,226028.65625,247068.453125,253308.59375,267449.40625,16,16.54112116655836,HI,253308.59375,15665.78125,268974.375,214425.265625,41420.75
test_id_test_id_000631_35,test_id_000631,52,diverse_fill_1,5,0,test_id_000631_t5_c0,big,big_1,0,1.0,0.9,51,337717.22,328640.1875,356679.28125,364627.53125,382269.34375,16,16.54112116655836,HI,364627.53125,15665.78125,380293.3125,337717.21875,53629.15625
test_id_test_id_000631_36,test_id_000631,52,diverse_fill_1,5,1,test_id_000631_t5_c1,little,little_1,0,0.6,0.8,51,631403.4,649695.25,701926.0625,717626.5,744462.625,16,16.54112116655836,HI,717626.5,15665.78125,733292.28125,631403.375,94767.375
test_id_test_id_000631_37,test_id_000631,52,diverse_fill_1,5,2,test_id_000631_t5_c2,big,big_1,1,1.4,0.98,51,273619.38,260606.65625,283887.84375,290703.40625,306015.75,16,16.54112116655836,HI,290703.40625,15665.78125,306369.1875,273619.375,45409.09375
test_id_test_id_000631_38,test_id_000631,52,diverse_fill_1,5,3,test_id_000631_t5_c3,little,little_0,1,0.9,0.86,51,504745.7,504486.71875,546840.625,559055.9375,583009.625,16,16.54112116655836,HI,559055.9375,15665.78125,574721.71875,504745.6875,78522.90625
test_id_test_id_000631_39,test_id_000631,52,diverse_fill_1,5,4,test_id_000631_t5_c4,big,big_0,2,1.8,1.06,51,192527.64,202592.59375,222501.53125,228507.921875,242188.1875,16,16.54112116655836,HI,228507.921875,15665.78125,244173.703125,192527.640625,39595.59375
test_id_test_id_000631_40,test_id_000631,52,diverse_fill_1,5,5,test_id_000631_t5_c5,little,little_0,2,1.2,0.93,51,300259.0,319592.5,346922.40625,354694.6875,371982.71875,16,16.54112116655836,HI,354694.6875,15665.78125,370360.46875,300259.0,52390.21875
test_id_test_id_000631_41,test_id_000631,52,diverse_fill_1,5,6,test_id_000631_t5_c6,big,big_1,3,2.2,1.15,51,170490.9,176856.71875,195247.8125,200738.890625,213467.59375,16,16.54112116655836,HI,200738.890625,15665.78125,216404.671875,170490.90625,36610.875
test_id_test_id_000697_00,test_id_000697,14,source_like,0,0,test_id_000697_t0_c0,big,big_1,3,2.2,1.15,13,28460.17,32630.21875,45134.703125,49009.84375,57867.65625,16,16.54112116655836,LO,49009.84375,0.0,49009.84375,28460.169921875,25237.4375
test_id_test_id_000697_01,test_id_000697,14,source_like,0,1,test_id_000697_t0_c1,little,little_0,3,1.5,1.0,13,62321.297,66048.34375,79888.25,83795.5,93329.28125,16,16.54112116655836,LO,83795.5,0.0,83795.5,62321.296875,27280.9375
test_id_test_id_000697_02,test_id_000697,14,source_like,0,2,test_id_000697_t0_c2,big,big_1,0,1.0,0.9,13,63608.652,65175.625,79112.921875,83100.25,92780.09375,16,16.54112116655836,LO,83100.25,0.0,83100.25,63608.65234375,27604.46875
test_id_test_id_000697_03,test_id_000697,14,source_like,0,3,test_id_000697_t0_c3,little,little_1,0,0.6,0.8,13,147898.14,144270.734375,161609.203125,166796.96875,179066.71875,16,16.54112116655836,LO,166796.96875,0.0,166796.96875,147898.140625,34795.984375
test_id_test_id_000697_04,test_id_000697,14,source_like,0,4,test_id_000697_t0_c4,big,big_0,1,1.4,0.98,13,44247.504,43813.21875,56627.34375,60467.796875,69469.578125,16,16.54112116655836,LO,60467.796875,0.0,60467.796875,44247.50390625,25656.359375
test_id_test_id_000697_05,test_id_000697,14,source_like,0,5,test_id_000697_t0_c5,little,little_0,1,0.9,0.86,13,98911.57,98056.171875,112960.765625,117166.40625,127633.34375,16,16.54112116655836,LO,117166.40625,0.0,117166.40625,98911.5703125,29577.171875
test_id_test_id_000697_06,test_id_000697,14,source_like,0,6,test_id_000697_t0_c6,big,big_1,2,1.8,1.06,13,33089.04,34830.34375,47335.953125,51162.78125,59960.296875,16,16.54112116655836,LO,51162.78125,0.0,51162.78125,33089.0390625,25129.953125
test_id_test_id_000697_07,test_id_000697,116,sink_like,1,0,test_id_000697_t1_c0,little,little_0,3,1.5,1.0,115,361564.9,361109.5,391873.0625,400566.3125,419578.4375,16,16.54112116655836,LO,400566.3125,0.0,400566.3125,361564.90625,58468.9375
test_id_test_id_000697_08,test_id_000697,116,sink_like,1,1,test_id_000697_t1_c1,big,big_1,0,1.0,0.9,115,383966.44,381328.6875,413642.59375,422751.90625,442488.375,16,16.54112116655836,LO,422751.90625,0.0,422751.90625,383966.4375,61159.6875
test_id_test_id_000697_09,test_id_000697,116,sink_like,1,2,test_id_000697_t1_c2,little,little_1,0,0.6,0.8,115,686882.4,679254.375,734651.875,751507.5,779929.3125,16,16.54112116655836,LO,751507.5,0.0,751507.5,686882.375,100674.9375
test_id_test_id_000697_10,test_id_000697,116,sink_like,1,3,test_id_000697_t1_c3,big,big_1,1,1.4,0.98,115,250937.81,258569.90625,281719.53125,288505.1875,303755.65625,16,16.54112116655836,LO,288505.1875,0.0,288505.1875,250937.8125,45185.75
test_id_test_id_000697_11,test_id_000697,116,sink_like,1,4,test_id_000697_t1_c4,little,little_1,1,0.9,0.86,115,579868.6,539333.5,584623.125,597851.5,622916.75,16,16.54112116655836,LO,597851.5,0.0,597851.5,579868.625,83583.25
test_id_test_id_000697_12,test_id_000697,116,sink_like,1,5,test_id_000697_t1_c5,big,big_0,2,1.8,1.06,115,283961.44,276232.34375,300548.75,307607.1875,323428.5,16,16.54112116655836,LO,307607.1875,0.0,307607.1875,283961.4375,47196.15625
test_id_test_id_000697_13,test_id_000697,116,sink_like,1,6,test_id_000697_t1_c6,little,little_0,2,1.2,0.93,115,393665.75,391837.03125,425059.78125,434433.3125,454594.5625,16,16.54112116655836,LO,434433.3125,0.0,434433.3125,393665.75,62757.53125
test_id_test_id_000697_14,test_id_000697,71,middle,2,0,test_id_000697_t2_c0,big,big_1,0,1.0,0.9,70,394556.44,392793.25,426046.6875,435421.28125,455590.625,16,16.54112116655836,LO,435421.28125,0.0,435421.28125,394556.4375,62797.375
test_id_test_id_000697_15,test_id_000697,71,middle,2,1,test_id_000697_t2_c1,little,little_1,0,0.6,0.8,70,859018.8,766483.5625,831357.4375,850980.1875,884853.3125,16,16.54112116655836,LO,850980.1875,0.0,850980.1875,859018.8125,118369.75
test_id_test_id_000697_16,test_id_000697,71,middle,2,2,test_id_000697_t2_c2,big,big_0,1,1.4,0.98,70,282020.66,289995.625,315185.15625,322433.15625,338653.96875,16,16.54112116655836,LO,322433.15625,0.0,322433.15625,282020.65625,48658.34375
test_id_test_id_000697_17,test_id_000697,71,middle,2,3,test_id_000697_t2_c3,little,little_1,1,0.9,0.86,70,487682.47,511643.3125,554653.125,567112.375,591327.25,16,16.54112116655836,LO,567112.375,0.0,567112.375,487682.46875,79683.9375
test_id_test_id_000697_18,test_id_000697,71,middle,2,4,test_id_000697_t2_c4,big,big_1,2,1.8,1.06,70,291626.16,285105.125,309997.9375,317186.6875,333277.4375,16,16.54112116655836,LO,317186.6875,0.0,317186.6875,291626.15625,48172.3125
test_id_test_id_000697_19,test_id_000697,71,middle,2,5,test_id_000697_t2_c5,little,little_0,2,1.2,0.93,70,497443.28,459797.6875,498950.4375,510169.125,533027.875,16,16.54112116655836,LO,510169.125,0.0,510169.125,497443.28125,73230.1875
test_id_test_id_000697_20,test_id_000697,71,middle,2,6,test_id_000697_t2_c6,big,big_1,3,2.2,1.15,70,294234.88,276981.8125,301341.625,308410.34375,324258.09375,16,16.54112116655836,LO,308410.34375,0.0,308410.34375,294234.875,47276.28125
test_id_test_id_000697_21,test_id_000697,35,high_degree,3,0,test_id_000697_t3_c0,little,little_0,0,0.6,0.8,34,839486.25,771219.1875,836127.375,855689.0,889481.8125,16,16.54112116655836,LO,855689.0,0.0,855689.0,839486.25,118262.625
test_id_test_id_000697_22,test_id_000697,35,high_degree,3,1,test_id_000697_t3_c1,big,big_1,1,1.4,0.98,34,344495.28,344211.625,373499.375,381774.03125,400034.375,16,16.54112116655836,LO,381774.03125,0.0,381774.03125,344495.28125,55822.75
test_id_test_id_000697_23,test_id_000697,35,high_degree,3,2,test_id_000697_t3_c2,little,little_1,1,0.9,0.86,34,524527.9,527852.5625,572017.875,584844.5,609425.625,16,16.54112116655836,LO,584844.5,0.0,584844.5,524527.875,81573.0625
test_id_test_id_000697_24,test_id_000697,35,high_degree,3,3,test_id_000697_t3_c3,big,big_0,2,1.8,1.06,34,250865.31,264609.28125,288152.625,295035.65625,310484.03125,16,16.54112116655836,LO,295035.65625,0.0,295035.65625,250865.3125,45874.75
test_id_test_id_000697_25,test_id_000697,35,high_degree,3,4,test_id_000697_t3_c4,little,little_0,2,1.2,0.93,34,363774.72,380477.59375,412659.71875,421722.5625,441365.4375,16,16.54112116655836,LO,421722.5625,0.0,421722.5625,363774.71875,60887.84375
test_id_test_id_000697_26,test_id_000697,35,high_degree,3,5,test_id_000697_t3_c5,big,big_1,3,2.2,1.15,34,248286.6,262691.21875,286128.78125,292992.875,308409.625,16,16.54112116655836,LO,292992.875,0.0,292992.875,248286.59375,45718.40625
test_id_test_id_000697_27,test_id_000697,35,high_degree,3,6,test_id_000697_t3_c6,little,little_0,3,1.5,1.0,34,412334.88,397037.4375,430863.65625,440430.59375,460918.59375,16,16.54112116655836,LO,440430.59375,0.0,440430.59375,412334.875,63881.15625
test_id_test_id_000697_28,test_id_000697,25,random,4,0,test_id_000697_t4_c0,big,big_1,1,1.4,0.98,24,90694.28,90486.546875,105099.65625,109094.765625,119143.171875,16,16.54112116655836,LO,109094.765625,0.0,109094.765625,90694.28125,28656.625
test_id_test_id_000697_29,test_id_000697,25,random,4,1,test_id_000697_t4_c1,little,little_0,1,0.9,0.86,24,187978.44,191071.4375,210487.078125,216375.140625,229833.59375,16,16.54112116655836,LO,216375.140625,0.0,216375.140625,187978.4375,38762.15625
test_id_test_id_000697_30,test_id_000697,25,random,4,2,test_id_000697_t4_c2,big,big_1,2,1.8,1.06,24,65775.3,68387.078125,82169.640625,86021.59375,95499.828125,16,16.54112116655836,LO,86021.59375,0.0,86021.59375,65775.296875,27112.75
test_id_test_id_000697_31,test_id_000697,25,random,4,3,test_id_000697_t4_c3,little,little_1,2,1.2,0.93,24,138435.5,144048.4375,160576.5,165420.25,176955.90625,16,16.54112116655836,LO,165420.25,0.0,165420.25,138435.5,32907.46875
test_id_test_id_000697_32,test_id_000697,25,random,4,4,test_id_000697_t4_c4,big,big_1,3,2.2,1.15,24,55013.887,57517.28125,70820.765625,74615.703125,83787.09375,16,16.54112116655836,LO,74615.703125,0.0,74615.703125,55013.88671875,26269.8125
test_id_test_id_000697_33,test_id_000697,25,random,4,5,test_id_000697_t4_c5,little,little_1,3,1.5,1.0,24,117516.09,120083.953125,135442.5,139730.4375,150338.90625,16,16.54112116655836,LO,139730.4375,0.0,139730.4375,117516.09375,30254.953125
test_id_test_id_000697_34,test_id_000697,25,random,4,6,test_id_000697_t4_c6,big,big_1,0,1.0,0.9,24,117965.41,117486.1875,132960.609375,137380.265625,148232.0,16,16.54112116655836,LO,137380.265625,0.0,137380.265625,117965.40625,30745.8125
test_id_test_id_000697_35,test_id_000697,124,diverse_fill_1,5,0,test_id_000697_t5_c0,little,little_0,1,0.9,0.86,123,614737.7,594792.1875,644800.1875,659668.125,686541.625,16,16.54112116655836,LO,659668.125,0.0,659668.125,614737.6875,91749.4375
test_id_test_id_000697_36,test_id_000697,124,diverse_fill_1,5,1,test_id_000697_t5_c1,big,big_0,2,1.8,1.06,123,212188.3,227585.203125,248907.53125,255282.328125,269681.0,16,16.54112116655836,LO,255282.328125,0.0,255282.328125,212188.296875,42095.796875
test_id_test_id_000697_37,test_id_000697,124,diverse_fill_1,5,2,test_id_000697_t5_c2,little,little_1,2,1.2,0.93,123,424815.62,426511.71875,462737.5625,473021.65625,494582.125,16,16.54112116655836,LO,473021.65625,0.0,473021.65625,424815.625,68070.40625
test_id_test_id_000697_38,test_id_000697,124,diverse_fill_1,5,3,test_id_000697_t5_c3,big,big_0,3,2.2,1.15,123,208407.36,216518.890625,237241.265625,243480.78125,257614.0,16,16.54112116655836,LO,243480.78125,0.0,243480.78125,208407.359375,41095.109375
test_id_test_id_000697_39,test_id_000697,124,diverse_fill_1,5,4,test_id_000697_t5_c4,little,little_0,3,1.5,1.0,123,349444.3,346508.84375,376027.6875,384376.5,402767.125,16,16.54112116655836,LO,384376.5,0.0,384376.5,349444.3125,56258.28125
test_id_test_id_000697_40,test_id_000697,124,diverse_fill_1,5,5,test_id_000697_t5_c5,big,big_0,0,1.0,0.9,123,454603.9,461981.3125,501175.34375,512398.9375,535224.6875,16,16.54112116655836,LO,512398.9375,0.0,512398.9375,454603.90625,73243.375
test_id_test_id_000697_41,test_id_000697,124,diverse_fill_1,5,6,test_id_000697_t5_c6,little,little_0,0,0.6,0.8,123,760728.1,723106.5625,782644.25,800784.375,831319.3125,16,16.54112116655836,LO,800784.375,0.0,800784.375,760728.125,108212.75
test_id_test_id_000713_00,test_id_000713,11,source_like,0,0,test_id_000713_t0_c0,little,little_0,1,0.9,0.86,10,137413.2,131886.03125,148102.59375,152824.640625,164211.25,16,16.54112116655836,HI,152824.640625,15665.78125,168490.421875,137413.203125,32325.21875
test_id_test_id_000713_01,test_id_000713,11,source_like,0,1,test_id_000713_t0_c1,big,big_0,2,1.8,1.06,10,47252.297,49263.265625,62233.828125,66039.140625,75072.203125,16,16.54112116655836,HI,66039.140625,15665.78125,81704.921875,47252.296875,25808.9375
test_id_test_id_000713_02,test_id_000713,11,source_like,0,2,test_id_000713_t0_c2,little,little_0,2,1.2,0.93,10,105500.44,100680.640625,115624.5,119784.640625,130199.765625,16,16.54112116655836,HI,119784.640625,15665.78125,135450.421875,105500.4375,29519.125
test_id_test_id_000713_03,test_id_000713,11,source_like,0,3,test_id_000713_t0_c3,big,big_0,3,2.2,1.15,10,33862.94,38631.203125,51193.359375,54969.0625,63735.875,16,16.54112116655836,HI,54969.0625,15665.78125,70634.84375,33862.94140625,25104.671875
test_id_test_id_000713_04,test_id_000713,11,source_like,0,4,test_id_000713_t0_c4,little,little_1,3,1.5,1.0,10,75680.164,78156.921875,92409.046875,96364.265625,106194.34375,16,16.54112116655836,HI,96364.265625,15665.78125,112030.046875,75680.1640625,28037.421875
test_id_test_id_000713_05,test_id_000713,11,source_like,0,5,test_id_000713_t0_c5,big,big_0,0,1.0,0.9,10,79282.01,79778.21875,94239.5,98296.609375,108352.265625,16,16.54112116655836,HI,98296.609375,15665.78125,113962.390625,79282.0078125,28574.046875
test_id_test_id_000713_06,test_id_000713,11,source_like,0,6,test_id_000713_t0_c6,little,little_1,0,0.6,0.8,10,211298.22,198136.140625,218997.0,225409.96875,240035.546875,16,16.54112116655836,HI,225409.96875,15665.78125,241075.75,211298.21875,41899.40625
test_id_test_id_000713_07,test_id_000713,229,sink_like,1,0,test_id_000713_t1_c0,big,big_0,2,1.8,1.06,228,186239.2,201218.796875,220949.203125,226877.53125,240402.46875,16,16.54112116655836,HI,226877.53125,15665.78125,242543.3125,186239.203125,39183.671875
test_id_test_id_000713_08,test_id_000713,229,sink_like,1,1,test_id_000713_t1_c1,little,little_1,2,1.2,0.93,228,377346.84,360860.90625,391570.15625,400247.9375,419226.4375,16,16.54112116655836,HI,400247.9375,15665.78125,415913.71875,377346.84375,58365.53125
test_id_test_id_000713_09,test_id_000713,229,sink_like,1,2,test_id_000713_t1_c2,big,big_0,3,2.2,1.15,228,198362.34,195594.328125,215043.953125,220897.328125,234285.421875,16,16.54112116655836,HI,220897.328125,15665.78125,236563.109375,198362.34375,38691.09375
test_id_test_id_000713_10,test_id_000713,229,sink_like,1,3,test_id_000713_t1_c3,little,little_1,3,1.5,1.0,228,270834.0,271159.6875,295065.5,302012.375,317596.09375,16,16.54112116655836,HI,302012.375,15665.78125,317678.15625,270834.0,46436.40625
test_id_test_id_000713_11,test_id_000713,229,sink_like,1,4,test_id_000713_t1_c4,big,big_0,0,1.0,0.9,228,300131.75,311254.21875,337989.8125,345607.28125,362603.96875,16,16.54112116655836,HI,345607.28125,15665.78125,361273.0625,300131.75,51349.75
test_id_test_id_000713_12,test_id_000713,229,sink_like,1,5,test_id_000713_t1_c5,little,little_0,0,0.6,0.8,228,645144.9,640844.0625,692762.625,708389.375,735148.125,16,16.54112116655836,HI,708389.375,15665.78125,724055.15625,645144.875,94304.0625
test_id_test_id_000713_13,test_id_000713,229,sink_like,1,6,test_id_000713_t1_c6,big,big_1,1,1.4,0.98,228,204921.97,218732.515625,239433.1875,245615.453125,259633.734375,16,16.54112116655836,HI,245615.453125,15665.78125,261281.234375,204921.96875,40901.21875
test_id_test_id_000713_14,test_id_000713,246,middle,2,0,test_id_000713_t2_c0,little,little_1,2,1.2,0.93,245,295481.72,284159.65625,308931.90625,316061.3125,332048.34375,16,16.54112116655836,HI,316061.3125,15665.78125,331727.09375,295481.71875,47888.6875
test_id_test_id_000713_15,test_id_000713,246,middle,2,1,test_id_000713_t2_c1,big,big_0,3,2.2,1.15,245,123704.17,127997.71875,143652.890625,148037.5625,158814.4375,16,16.54112116655836,HI,148037.5625,15665.78125,163703.34375,123704.171875,30816.71875
test_id_test_id_000713_16,test_id_000713,246,middle,2,2,test_id_000713_t2_c2,little,little_1,3,1.5,1.0,245,189819.38,195348.46875,214590.34375,220329.984375,233498.78125,16,16.54112116655836,HI,220329.984375,15665.78125,235995.765625,189819.375,38150.3125
test_id_test_id_000713_17,test_id_000713,246,middle,2,3,test_id_000713_t2_c3,big,big_1,0,1.0,0.9,245,217862.6,216510.828125,237018.921875,243136.625,257032.203125,16,16.54112116655836,HI,243136.625,15665.78125,258802.40625,217862.59375,40521.375
test_id_test_id_000713_18,test_id_000713,246,middle,2,4,test_id_000713_t2_c4,little,little_1,0,0.6,0.8,245,481387.94,463242.53125,500514.21875,510998.4375,532320.8125,16,16.54112116655836,HI,510998.4375,15665.78125,526664.21875,481387.9375,69078.28125
test_id_test_id_000713_19,test_id_000713,246,middle,2,5,test_id_000713_t2_c5,big,big_0,1,1.4,0.98,245,163987.05,164270.8125,181771.625,186933.84375,199041.28125,16,16.54112116655836,HI,186933.84375,15665.78125,202599.625,163987.046875,34770.46875
test_id_test_id_000713_20,test_id_000713,246,middle,2,6,test_id_000713_t2_c6,little,little_1,1,0.9,0.86,245,270383.6,264405.1875,287783.53125,294561.21875,309842.5625,16,16.54112116655836,HI,294561.21875,15665.78125,310227.0,270383.59375,45437.375
test_id_test_id_000713_21,test_id_000713,100,communication_heavy,3,0,test_id_000713_t3_c0,big,big_0,3,2.2,1.15,99,238708.53,245294.03125,267670.25,274298.03125,289219.0,16,16.54112116655836,HI,274298.03125,15665.78125,289963.8125,238708.53125,43924.96875
test_id_test_id_000713_22,test_id_000713,100,communication_heavy,3,1,test_id_000713_t3_c1,little,little_0,3,1.5,1.0,99,377054.44,373530.4375,405358.5,414350.625,433885.8125,16,16.54112116655836,HI,414350.625,15665.78125,430016.40625,377054.4375,60355.375
test_id_test_id_000713_23,test_id_000713,100,communication_heavy,3,2,test_id_000713_t3_c2,big,big_0,0,1.0,0.9,99,316552.5,343228.375,372387.0,380622.65625,398818.15625,16,16.54112116655836,HI,380622.65625,15665.78125,396288.4375,316552.5,55589.78125
test_id_test_id_000713_24,test_id_000713,100,communication_heavy,3,3,test_id_000713_t3_c3,little,little_0,0,0.6,0.8,99,601913.0,617316.375,667242.625,682163.5,708262.5,16,16.54112116655836,HI,682163.5,15665.78125,697829.28125,601913.0,90946.125
test_id_test_id_000713_25,test_id_000713,100,communication_heavy,3,4,test_id_000713_t3_c4,big,big_0,1,1.4,0.98,99,276724.56,285473.0,310380.125,317568.65625,333663.28125,16,16.54112116655836,HI,317568.65625,15665.78125,333234.4375,276724.5625,48190.28125
test_id_test_id_000713_26,test_id_000713,100,communication_heavy,3,5,test_id_000713_t3_c5,little,little_0,1,0.9,0.86,99,470185.7,495655.625,537299.125,549289.9375,572970.6875,16,16.54112116655836,HI,549289.9375,15665.78125,564955.71875,470185.6875,77315.0625
test_id_test_id_000713_27,test_id_000713,100,communication_heavy,3,6,test_id_000713_t3_c6,big,big_0,2,1.8,1.06,99,251432.45,246932.0,269396.8125,276041.6875,290988.46875,16,16.54112116655836,HI,276041.6875,15665.78125,291707.46875,251432.453125,44056.46875
test_id_test_id_000713_28,test_id_000713,217,random,4,0,test_id_000713_t4_c0,little,little_1,3,1.5,1.0,216,70077.95,73738.34375,87744.796875,91680.984375,101417.609375,16,16.54112116655836,HI,91680.984375,15665.78125,107346.765625,70077.953125,27679.265625
test_id_test_id_000713_29,test_id_000713,217,random,4,1,test_id_000713_t4_c1,big,big_1,0,1.0,0.9,216,74091.36,77311.8125,91647.75,95736.609375,105821.171875,16,16.54112116655836,HI,95736.609375,15665.78125,111402.390625,74091.359375,28509.359375
test_id_test_id_000713_30,test_id_000713,217,random,4,2,test_id_000713_t4_c2,little,little_0,0,0.6,0.8,216,181249.45,197593.28125,218518.421875,224988.96875,239771.921875,16,16.54112116655836,HI,224988.96875,15665.78125,240654.75,181249.453125,42178.640625
test_id_test_id_000713_31,test_id_000713,217,random,4,3,test_id_000713_t4_c3,big,big_1,1,1.4,0.98,216,53163.293,56689.109375,70021.1875,73900.796875,83233.984375,16,16.54112116655836,HI,73900.796875,15665.78125,89566.578125,53163.29296875,26544.875
test_id_test_id_000713_32,test_id_000713,217,random,4,4,test_id_000713_t4_c4,little,little_1,1,0.9,0.86,216,132864.42,127198.96875,143186.3125,147831.390625,159094.46875,16,16.54112116655836,HI,147831.390625,15665.78125,163497.171875,132864.421875,31895.5
test_id_test_id_000713_33,test_id_000713,217,random,4,5,test_id_000713_t4_c5,big,big_0,2,1.8,1.06,216,44177.375,46221.59375,59095.140625,62917.5625,71937.5,16,16.54112116655836,HI,62917.5625,15665.78125,78583.34375,44177.375,25715.90625
test_id_test_id_000713_34,test_id_000713,217,random,4,6,test_id_000713_t4_c6,little,little_1,2,1.2,0.93,216,82052.125,87798.734375,102348.171875,106403.203125,116535.09375,16,16.54112116655836,HI,106403.203125,15665.78125,122068.984375,82052.125,28736.359375
test_id_test_id_000713_35,test_id_000713,307,diverse_fill_1,5,0,test_id_000713_t5_c0,big,big_0,0,1.0,0.9,306,129783.12,137763.796875,154112.53125,158879.75,170329.109375,16,16.54112116655836,HI,158879.75,15665.78125,174545.53125,129783.1171875,32565.3125
test_id_test_id_000713_36,test_id_000713,307,diverse_fill_1,5,1,test_id_000713_t5_c1,little,little_1,0,0.6,0.8,306,320912.9,338950.65625,366773.0,374279.84375,391388.40625,16,16.54112116655836,HI,374279.84375,15665.78125,389945.625,320912.90625,52437.75
test_id_test_id_000713_37,test_id_000713,307,diverse_fill_1,5,2,test_id_000713_t5_c2,big,big_1,1,1.4,0.98,306,109583.66,112475.65625,127663.703125,131856.703125,142329.375,16,16.54112116655836,HI,131856.703125,15665.78125,147522.484375,109583.65625,29853.71875
test_id_test_id_000713_38,test_id_000713,307,diverse_fill_1,5,3,test_id_000713_t5_c3,little,little_0,1,0.9,0.86,306,237422.39,223024.25,243852.640625,250017.1875,264029.90625,16,16.54112116655836,HI,250017.1875,15665.78125,265682.96875,237422.390625,41005.65625
test_id_test_id_000713_39,test_id_000713,307,diverse_fill_1,5,4,test_id_000713_t5_c4,big,big_0,2,1.8,1.06,306,93935.625,97206.125,112038.734375,116064.859375,126220.734375,16,16.54112116655836,HI,116064.859375,15665.78125,131730.640625,93935.625,29014.609375
test_id_test_id_000713_40,test_id_000713,307,diverse_fill_1,5,5,test_id_000713_t5_c5,little,little_0,2,1.2,0.93,306,162129.66,167257.34375,184938.53125,190201.03125,202473.03125,16,16.54112116655836,HI,190201.03125,15665.78125,205866.8125,162129.65625,35215.6875
test_id_test_id_000713_41,test_id_000713,307,diverse_fill_1,5,6,test_id_000713_t5_c6,big,big_1,3,2.2,1.15,306,72855.79,69987.421875,83786.0,87627.53125,97120.5,16,16.54112116655836,HI,87627.53125,15665.78125,103293.3125,72855.7890625,27133.078125
test_id_test_id_000747_00,test_id_000747,3,source_like,0,0,test_id_000747_t0_c0,little,little_0,2,1.2,0.93,2,102238.92,87360.171875,102074.421875,106174.109375,116409.296875,16,16.54112116655836,LO,106174.109375,0.0,106174.109375,102238.921875,29049.125
test_id_test_id_000747_01,test_id_000747,3,source_like,0,1,test_id_000747_t0_c1,big,big_0,3,2.2,1.15,2,33522.473,35202.078125,47746.796875,51589.015625,60423.625,16,16.54112116655836,LO,51589.015625,0.0,51589.015625,33522.47265625,25221.546875
test_id_test_id_000747_02,test_id_000747,3,source_like,0,2,test_id_000747_t0_c2,little,little_1,3,1.5,1.0,2,65300.81,67823.578125,81658.625,85562.265625,95129.984375,16,16.54112116655836,LO,85562.265625,0.0,85562.265625,65300.80859375,27306.40625
test_id_test_id_000747_03,test_id_000747,3,source_like,0,3,test_id_000747_t0_c3,big,big_1,0,1.0,0.9,2,66050.18,68518.90625,82531.40625,86516.109375,96254.984375,16,16.54112116655836,LO,86516.109375,0.0,86516.109375,66050.1796875,27736.078125
test_id_test_id_000747_04,test_id_000747,3,source_like,0,4,test_id_000747_t0_c4,little,little_0,0,0.6,0.8,2,163249.92,163198.15625,181736.421875,187377.90625,200480.46875,16,16.54112116655836,LO,187377.90625,0.0,187377.90625,163249.921875,37282.3125
test_id_test_id_000747_05,test_id_000747,3,source_like,0,5,test_id_000747_t0_c5,big,big_1,1,1.4,0.98,2,50055.73,54925.015625,68173.15625,72008.453125,81203.65625,16,16.54112116655836,LO,72008.453125,0.0,72008.453125,50055.73046875,26278.640625
test_id_test_id_000747_06,test_id_000747,3,source_like,0,6,test_id_000747_t0_c6,little,little_1,1,0.9,0.86,2,102972.43,107679.65625,122909.125,127223.109375,137902.984375,16,16.54112116655836,LO,127223.109375,0.0,127223.109375,102972.4296875,30223.328125
test_id_test_id_000747_07,test_id_000747,129,sink_like,1,0,test_id_000747_t1_c0,big,big_0,3,2.2,1.15,128,188916.97,183920.3125,202719.71875,208356.9375,221349.75,16,16.54112116655836,LO,208356.9375,0.0,208356.9375,188916.96875,37429.4375
test_id_test_id_000747_08,test_id_000747,129,sink_like,1,1,test_id_000747_t1_c1,little,little_1,3,1.5,1.0,128,224634.61,241185.625,263271.09375,269817.09375,284567.71875,16,16.54112116655836,LO,269817.09375,0.0,269817.09375,224634.609375,43382.09375
test_id_test_id_000747_09,test_id_000747,129,sink_like,1,2,test_id_000747_t1_c2,big,big_0,0,1.0,0.9,128,279648.0,273530.21875,297624.65625,304611.96875,320306.40625,16,16.54112116655836,LO,304611.96875,0.0,304611.96875,279648.0,46776.1875
test_id_test_id_000747_10,test_id_000747,129,sink_like,1,3,test_id_000747_t1_c3,little,little_1,0,0.6,0.8,128,631219.4,603599.375,651653.75,665844.125,690874.6875,16,16.54112116655836,LO,665844.125,0.0,665844.125,631219.375,87275.3125
test_id_test_id_000747_11,test_id_000747,129,sink_like,1,4,test_id_000747_t1_c4,big,big_0,1,1.4,0.98,128,243870.06,237347.375,259193.921875,265676.71875,280297.4375,16,16.54112116655836,LO,265676.71875,0.0,265676.71875,243870.0625,42950.0625
test_id_test_id_000747_12,test_id_000747,129,sink_like,1,5,test_id_000747_t1_c5,little,little_1,1,0.9,0.86,128,384757.9,396258.1875,429499.25,438839.4375,458907.75,16,16.54112116655836,LO,438839.4375,0.0,438839.4375,384757.90625,62649.5625
test_id_test_id_000747_13,test_id_000747,129,sink_like,1,6,test_id_000747_t1_c6,big,big_0,2,1.8,1.06,128,212651.81,219650.3125,240474.859375,246717.90625,260851.046875,16,16.54112116655836,LO,246717.90625,0.0,246717.90625,212651.8125,41200.734375
test_id_test_id_000747_14,test_id_000747,174,middle,2,0,test_id_000747_t2_c0,little,little_1,3,1.5,1.0,173,166573.5,179626.25,198084.734375,203599.34375,216350.125,16,16.54112116655836,LO,203599.34375,0.0,203599.34375,166573.5,36723.875
test_id_test_id_000747_15,test_id_000747,174,middle,2,1,test_id_000747_t2_c1,big,big_0,0,1.0,0.9,173,170311.83,189911.90625,209152.9375,215000.953125,228372.46875,16,16.54112116655836,LO,215000.953125,0.0,215000.953125,170311.828125,38460.5625
test_id_test_id_000747_16,test_id_000747,174,middle,2,2,test_id_000747_t2_c2,little,little_0,0,0.6,0.8,173,390973.16,385537.84375,416420.5,424840.75,443342.25,16,16.54112116655836,LO,424840.75,0.0,424840.75,390973.15625,57804.40625
test_id_test_id_000747_17,test_id_000747,174,middle,2,3,test_id_000747_t2_c3,big,big_0,1,1.4,0.98,173,121201.29,152464.984375,169396.59375,174333.0625,186057.6875,16,16.54112116655836,LO,174333.0625,0.0,174333.0625,121201.2890625,33592.703125
test_id_test_id_000747_18,test_id_000747,174,middle,2,4,test_id_000747_t2_c4,little,little_0,1,0.9,0.86,173,277723.75,272526.875,296350.09375,303216.09375,318675.28125,16,16.54112116655836,LO,303216.09375,0.0,303216.09375,277723.75,46148.40625
test_id_test_id_000747_19,test_id_000747,174,middle,2,5,test_id_000747_t2_c5,big,big_1,2,1.8,1.06,173,101967.1,117565.078125,132822.734375,137071.984375,147621.25,16,16.54112116655836,LO,137071.984375,0.0,137071.984375,101967.1015625,30056.171875
test_id_test_id_000747_20,test_id_000747,174,middle,2,6,test_id_000747_t2_c6,little,little_0,2,1.2,0.93,173,225380.94,235772.921875,257372.171875,263742.9375,278151.75,16,16.54112116655836,LO,263742.9375,0.0,263742.9375,225380.9375,42378.828125
test_id_test_id_000747_21,test_id_000747,173,high_degree,3,0,test_id_000747_t3_c0,big,big_1,0,1.0,0.9,172,131882.3,167056.8125,184973.390625,190355.46875,202901.40625,16,16.54112116655836,LO,190355.46875,0.0,190355.46875,131882.296875,35844.59375
test_id_test_id_000747_22,test_id_000747,173,high_degree,3,1,test_id_000747_t3_c1,little,little_0,0,0.6,0.8,172,307737.22,323539.09375,350598.4375,357963.21875,374849.875,16,16.54112116655836,LO,357963.21875,0.0,357963.21875,307737.21875,51310.78125
test_id_test_id_000747_23,test_id_000747,173,high_degree,3,2,test_id_000747_t3_c2,big,big_0,1,1.4,0.98,172,83605.84,97619.890625,112319.953125,116392.46875,126613.6875,16,16.54112116655836,LO,116392.46875,0.0,116392.46875,83605.84375,28993.796875
test_id_test_id_000747_24,test_id_000747,173,high_degree,3,3,test_id_000747_t3_c3,little,little_0,1,0.9,0.86,172,211581.75,214549.640625,235142.6875,241310.875,255344.640625,16,16.54112116655836,LO,241310.875,0.0,241310.875,211581.75,40795.0
test_id_test_id_000747_25,test_id_000747,173,high_degree,3,4,test_id_000747_t3_c4,big,big_1,2,1.8,1.06,172,74860.16,88240.734375,102680.609375,106653.84375,116637.984375,16,16.54112116655836,LO,106653.84375,0.0,106653.84375,74860.15625,28397.25
test_id_test_id_000747_26,test_id_000747,173,high_degree,3,5,test_id_000747_t3_c5,little,little_0,2,1.2,0.93,172,149611.25,163877.3125,181451.21875,186671.875,198891.578125,16,16.54112116655836,LO,186671.875,0.0,186671.875,149611.25,35014.265625
test_id_test_id_000747_27,test_id_000747,173,high_degree,3,6,test_id_000747_t3_c6,big,big_0,3,2.2,1.15,172,55929.07,66993.859375,80617.09375,84437.890625,93844.578125,16,16.54112116655836,LO,84437.890625,0.0,84437.890625,55929.0703125,26850.71875
test_id_test_id_000747_28,test_id_000747,269,communication_heavy,4,0,test_id_000747_t4_c0,little,little_0,0,0.6,0.8,268,751007.8,710367.9375,768833.75,786673.5,816676.125,16,16.54112116655836,LO,786673.5,0.0,786673.5,751007.8125,106308.1875
test_id_test_id_000747_29,test_id_000747,269,communication_heavy,4,1,test_id_000747_t4_c1,big,big_0,1,1.4,0.98,268,426193.47,419443.71875,455171.65625,465306.3125,486669.40625,16,16.54112116655836,LO,465306.3125,0.0,465306.3125,426193.46875,67225.6875
test_id_test_id_000747_30,test_id_000747,269,communication_heavy,4,2,test_id_000747_t4_c2,little,little_1,1,0.9,0.86,268,563038.0,566197.875,613662.625,627648.875,653504.125,16,16.54112116655836,LO,627648.875,0.0,627648.875,563038.0,87306.25
test_id_test_id_000747_31,test_id_000747,269,communication_heavy,4,3,test_id_000747_t4_c3,big,big_0,2,1.8,1.06,268,301456.75,292884.53125,318323.5625,325642.5,342009.5,16,16.54112116655836,LO,325642.5,0.0,325642.5,301456.75,49124.96875
test_id_test_id_000747_32,test_id_000747,269,communication_heavy,4,4,test_id_000747_t4_c4,little,little_0,2,1.2,0.93,268,519677.4,492908.875,535016.0,547218.4375,571350.875,16,16.54112116655836,LO,547218.4375,0.0,547218.4375,519677.40625,78442.0
test_id_test_id_000747_33,test_id_000747,269,communication_heavy,4,5,test_id_000747_t4_c5,big,big_1,3,2.2,1.15,268,236151.5,232817.65625,254446.390625,260897.328125,275453.75,16,16.54112116655836,LO,260897.328125,0.0,260897.328125,236151.5,42636.09375
test_id_test_id_000747_34,test_id_000747,269,communication_heavy,4,6,test_id_000747_t4_c6,little,little_1,3,1.5,1.0,268,428874.16,402637.28125,436951.90625,446664.90625,467382.875,16,16.54112116655836,LO,446664.90625,0.0,446664.90625,428874.15625,64745.59375
test_id_test_id_000747_35,test_id_000747,325,random,5,0,test_id_000747_t5_c0,big,big_0,1,1.4,0.98,324,67435.18,79844.34375,94299.828125,98398.65625,108535.078125,16,16.54112116655836,LO,98398.65625,0.0,98398.65625,67435.1796875,28690.734375
test_id_test_id_000747_36,test_id_000747,325,random,5,1,test_id_000747_t5_c1,little,little_1,1,0.9,0.86,324,113717.57,129797.359375,145923.609375,150607.9375,161938.921875,16,16.54112116655836,LO,150607.9375,0.0,150607.9375,113717.5703125,32141.5625
test_id_test_id_000747_37,test_id_000747,325,random,5,2,test_id_000747_t5_c2,big,big_0,2,1.8,1.06,324,52259.773,57674.21875,71041.359375,74925.75,84286.796875,16,16.54112116655836,LO,74925.75,0.0,74925.75,52259.7734375,26612.578125
test_id_test_id_000747_38,test_id_000747,325,random,5,3,test_id_000747_t5_c3,little,little_0,2,1.2,0.93,324,80901.875,98205.578125,113068.78125,117207.078125,127560.0,16,16.54112116655836,LO,117207.078125,0.0,117207.078125,80901.875,29354.421875
test_id_test_id_000747_39,test_id_000747,325,random,5,4,test_id_000747_t5_c4,big,big_0,3,2.2,1.15,324,41469.062,46472.90625,59344.921875,63160.390625,72171.265625,16,16.54112116655836,LO,63160.390625,0.0,63160.390625,41469.0625,25698.359375
test_id_test_id_000747_40,test_id_000747,325,random,5,5,test_id_000747_t5_c5,little,little_0,3,1.5,1.0,324,93022.02,95578.515625,110374.390625,114471.859375,124744.65625,16,16.54112116655836,LO,114471.859375,0.0,114471.859375,93022.0234375,29166.140625
test_id_test_id_000747_41,test_id_000747,325,random,5,6,test_id_000747_t5_c6,big,big_0,0,1.0,0.9,324,79175.76,89907.78125,104721.296875,108909.171875,119322.140625,16,16.54112116655836,LO,108909.171875,0.0,108909.171875,79175.7578125,29414.359375
test_id_test_id_000752_00,test_id_000752,2,source_like,0,0,test_id_000752_t0_c0,little,little_1,2,1.2,0.93,1,98239.69,103650.09375,118640.328125,122818.625,133258.640625,16,16.54112116655836,HI,122818.625,15665.78125,138484.40625,98239.6875,29608.546875
test_id_test_id_000752_01,test_id_000752,2,source_like,0,1,test_id_000752_t0_c1,big,big_1,3,2.2,1.15,1,37089.383,40772.34375,53385.359375,57155.28125,65956.53125,16,16.54112116655836,HI,57155.28125,15665.78125,72821.0625,37089.3828125,25184.1875
test_id_test_id_000752_02,test_id_000752,2,source_like,0,2,test_id_000752_t0_c2,little,little_1,3,1.5,1.0,1,86829.04,81536.765625,95903.25,99877.390625,109788.65625,16,16.54112116655836,HI,99877.390625,15665.78125,115543.171875,86829.0390625,28251.890625
test_id_test_id_000752_03,test_id_000752,2,source_like,0,3,test_id_000752_t0_c3,big,big_0,0,1.0,0.9,1,86331.664,83587.828125,98167.109375,102253.53125,112412.96875,16,16.54112116655836,HI,102253.53125,15665.78125,117919.3125,86331.6640625,28825.140625
test_id_test_id_000752_04,test_id_000752,2,source_like,0,4,test_id_000752_t0_c4,little,little_1,0,0.6,0.8,1,207759.62,216222.765625,238254.9375,244970.65625,260273.8125,16,16.54112116655836,HI,244970.65625,15665.78125,260636.4375,207759.625,44051.046875
test_id_test_id_000752_05,test_id_000752,2,source_like,0,5,test_id_000752_t0_c5,big,big_0,1,1.4,0.98,1,57633.805,58022.765625,71391.484375,75241.15625,84530.3125,16,16.54112116655836,HI,75241.15625,15665.78125,90906.9375,57633.8046875,26507.546875
test_id_test_id_000752_06,test_id_000752,2,source_like,0,6,test_id_000752_t0_c6,little,little_0,1,0.9,0.86,1,152189.62,141877.875,158612.921875,163535.59375,175283.46875,16,16.54112116655836,HI,163535.59375,15665.78125,179201.375,152189.625,33405.59375
test_id_test_id_000752_07,test_id_000752,11,sink_like,1,0,test_id_000752_t1_c0,big,big_0,3,2.2,1.15,10,120413.48,133254.046875,149193.34375,153705.921875,164703.21875,16,16.54112116655836,HI,153705.921875,15665.78125,169371.703125,120413.4765625,31449.171875
test_id_test_id_000752_08,test_id_000752,11,sink_like,1,1,test_id_000752_t1_c1,little,little_0,3,1.5,1.0,10,213553.8,221243.515625,242169.296875,248438.5,262628.28125,16,16.54112116655836,HI,248438.5,15665.78125,264104.28125,213553.796875,41384.765625
test_id_test_id_000752_09,test_id_000752,11,sink_like,1,2,test_id_000752_t1_c2,big,big_0,0,1.0,0.9,10,235512.48,250100.9375,272723.625,279380.875,294381.9375,16,16.54112116655836,HI,279380.875,15665.78125,295046.65625,235512.484375,44281.0
test_id_test_id_000752_10,test_id_000752,11,sink_like,1,3,test_id_000752_t1_c3,little,little_0,0,0.6,0.8,10,518969.62,524811.5,566498.5,578397.4375,601212.75,16,16.54112116655836,HI,578397.4375,15665.78125,594063.21875,518969.625,76401.25
test_id_test_id_000752_11,test_id_000752,11,sink_like,1,4,test_id_000752_t1_c4,big,big_0,1,1.4,0.98,10,220717.81,227281.5,248495.015625,254815.984375,269107.59375,16,16.54112116655836,HI,254815.984375,15665.78125,270481.765625,220717.8125,41826.09375
test_id_test_id_000752_12,test_id_000752,11,sink_like,1,5,test_id_000752_t1_c5,little,little_1,1,0.9,0.86,10,361094.84,372985.625,404349.96875,413165.0,432358.5,16,16.54112116655836,HI,413165.0,15665.78125,428830.78125,361094.84375,59372.875
test_id_test_id_000752_13,test_id_000752,11,sink_like,1,6,test_id_000752_t1_c6,big,big_0,2,1.8,1.06,10,186685.6,191864.171875,211086.46875,216863.1875,230105.53125,16,16.54112116655836,HI,216863.1875,15665.78125,232528.96875,186685.59375,38241.359375
test_id_test_id_000752_14,test_id_000752,40,middle,2,0,test_id_000752_t2_c0,little,little_1,3,1.5,1.0,39,160489.44,166417.90625,184019.90625,189208.71875,201367.03125,16,16.54112116655836,HI,189208.71875,15665.78125,204874.5,160489.4375,34949.125
test_id_test_id_000752_15,test_id_000752,40,middle,2,1,test_id_000752_t2_c1,big,big_1,0,1.0,0.9,39,145102.97,158909.46875,176286.34375,181452.6875,193583.828125,16,16.54112116655836,HI,181452.6875,15665.78125,197118.46875,145102.96875,34674.359375
test_id_test_id_000752_16,test_id_000752,40,middle,2,2,test_id_000752_t2_c2,little,little_1,0,0.6,0.8,39,362064.2,370760.25,401182.5,409559.375,428054.03125,16,16.54112116655836,HI,409559.375,15665.78125,425225.15625,362064.1875,57293.78125
test_id_test_id_000752_17,test_id_000752,40,middle,2,3,test_id_000752_t2_c3,big,big_1,1,1.4,0.98,39,154303.14,158991.578125,176265.0625,181345.46875,193319.734375,16,16.54112116655836,HI,181345.46875,15665.78125,197011.25,154303.140625,34328.15625
test_id_test_id_000752_18,test_id_000752,40,middle,2,4,test_id_000752_t2_c4,little,little_1,1,0.9,0.86,39,237723.78,238439.8125,260214.875,266614.53125,281111.78125,16,16.54112116655836,HI,266614.53125,15665.78125,282280.3125,237723.78125,42671.96875
test_id_test_id_000752_19,test_id_000752,40,middle,2,5,test_id_000752_t2_c5,big,big_1,2,1.8,1.06,39,103727.38,109005.1875,123994.28125,128123.515625,138470.171875,16,16.54112116655836,HI,128123.515625,15665.78125,143789.296875,103727.3828125,29464.984375
test_id_test_id_000752_20,test_id_000752,40,middle,2,6,test_id_000752_t2_c6,little,little_1,2,1.2,0.93,39,191099.2,202588.9375,222267.21875,228149.546875,241587.359375,16,16.54112116655836,HI,228149.546875,15665.78125,243815.328125,191099.203125,38998.421875
test_id_test_id_000752_21,test_id_000752,56,communication_heavy,3,0,test_id_000752_t3_c0,big,big_1,0,1.0,0.9,55,377276.75,334380.71875,362954.8125,371053.0,388979.25,16,16.54112116655836,HI,371053.0,15665.78125,386718.78125,377276.75,54598.53125
test_id_test_id_000752_22,test_id_000752,56,communication_heavy,3,1,test_id_000752_t3_c1,little,little_0,0,0.6,0.8,55,489648.38,488942.8125,528660.875,539965.625,562413.4375,16,16.54112116655836,HI,539965.625,15665.78125,555631.40625,489648.375,73470.625
test_id_test_id_000752_23,test_id_000752,56,communication_heavy,3,2,test_id_000752_t3_c2,big,big_1,1,1.4,0.98,55,193094.64,195049.359375,214315.609375,220075.125,233280.515625,16,16.54112116655836,HI,220075.125,15665.78125,235740.90625,193094.640625,38231.15625
test_id_test_id_000752_24,test_id_000752,56,communication_heavy,3,3,test_id_000752_t3_c3,little,little_1,1,0.9,0.86,55,350286.1,346137.78125,375523.71875,383825.3125,402131.46875,16,16.54112116655836,HI,383825.3125,15665.78125,399491.09375,350286.09375,55993.6875
test_id_test_id_000752_25,test_id_000752,56,communication_heavy,3,4,test_id_000752_t3_c4,big,big_0,2,1.8,1.06,55,197552.95,188397.5625,207312.4375,212967.515625,225977.21875,16,16.54112116655836,HI,212967.515625,15665.78125,228633.296875,197552.953125,37579.65625
test_id_test_id_000752_26,test_id_000752,56,communication_heavy,3,5,test_id_000752_t3_c5,little,little_1,2,1.2,0.93,55,296835.8,292446.59375,317811.8125,325096.65625,341399.78125,16,16.54112116655836,HI,325096.65625,15665.78125,340762.4375,296835.8125,48953.1875
test_id_test_id_000752_27,test_id_000752,56,communication_heavy,3,6,test_id_000752_t3_c6,big,big_1,3,2.2,1.15,55,178220.03,166460.6875,184123.5,189326.984375,201521.1875,16,16.54112116655836,HI,189326.984375,15665.78125,204992.765625,178220.03125,35060.5
test_id_test_id_000752_28,test_id_000752,25,random,4,0,test_id_000752_t4_c0,little,little_1,0,0.6,0.8,24,363410.97,346968.0,375048.90625,382590.28125,399735.4375,16,16.54112116655836,HI,382590.28125,15665.78125,398256.0625,363410.96875,52767.4375
test_id_test_id_000752_29,test_id_000752,25,random,4,1,test_id_000752_t4_c1,big,big_0,1,1.4,0.98,24,116120.97,142808.71875,159210.0625,163924.59375,175266.65625,16,16.54112116655836,HI,163924.59375,15665.78125,179590.375,116120.96875,32457.9375
test_id_test_id_000752_30,test_id_000752,25,random,4,2,test_id_000752_t4_c2,little,little_0,1,0.9,0.86,24,231635.86,218507.109375,239307.734375,245566.9375,259745.0,16,16.54112116655836,HI,245566.9375,15665.78125,261232.71875,231635.859375,41237.890625
test_id_test_id_000752_31,test_id_000752,25,random,4,3,test_id_000752_t4_c3,big,big_1,2,1.8,1.06,24,84926.164,95019.484375,109590.0,113597.390625,123689.3125,16,16.54112116655836,HI,113597.390625,15665.78125,129263.171875,84926.1640625,28669.828125
test_id_test_id_000752_32,test_id_000752,25,random,4,4,test_id_000752_t4_c4,little,little_0,2,1.2,0.93,24,189967.2,199416.59375,218923.84375,224769.875,238129.28125,16,16.54112116655836,HI,224769.875,15665.78125,240435.65625,189967.203125,38712.6875
test_id_test_id_000752_33,test_id_000752,25,random,4,5,test_id_000752_t4_c5,big,big_1,3,2.2,1.15,24,76714.29,88601.25,103036.546875,106996.15625,116962.5625,16,16.54112116655836,HI,106996.15625,15665.78125,122661.9375,76714.2890625,28361.3125
test_id_test_id_000752_34,test_id_000752,25,random,4,6,test_id_000752_t4_c6,little,little_1,3,1.5,1.0,24,160955.84,164965.09375,182499.8125,187665.859375,199781.40625,16,16.54112116655836,HI,187665.859375,15665.78125,203331.640625,160955.84375,34816.3125
test_id_test_id_000752_35,test_id_000752,78,diverse_fill_1,5,0,test_id_000752_t5_c0,big,big_0,1,1.4,0.98,77,173622.72,166097.25,183798.453125,189037.21875,201295.6875,16,16.54112116655836,HI,189037.21875,15665.78125,204703.0,173622.71875,35198.4375
test_id_test_id_000752_36,test_id_000752,78,diverse_fill_1,5,1,test_id_000752_t5_c1,little,little_1,1,0.9,0.86,77,298606.28,273856.03125,297802.59375,304711.84375,320253.9375,16,16.54112116655836,HI,304711.84375,15665.78125,320377.625,298606.28125,46397.90625
test_id_test_id_000752_37,test_id_000752,78,diverse_fill_1,5,2,test_id_000752_t5_c2,big,big_0,2,1.8,1.06,77,162981.27,156543.59375,173691.0,178695.5,190541.71875,16,16.54112116655836,HI,178695.5,15665.78125,194361.28125,162981.265625,33998.125
test_id_test_id_000752_38,test_id_000752,78,diverse_fill_1,5,3,test_id_000752_t5_c3,little,little_0,2,1.2,0.93,77,272135.03,243968.140625,266144.15625,272679.09375,287421.25,16,16.54112116655836,HI,272679.09375,15665.78125,288344.875,272135.03125,43453.109375
test_id_test_id_000752_39,test_id_000752,78,diverse_fill_1,5,4,test_id_000752_t5_c4,big,big_1,3,2.2,1.15,77,119710.73,112181.71875,127248.03125,131415.640625,141826.03125,16,16.54112116655836,HI,131415.640625,15665.78125,147081.421875,119710.7265625,29644.3125
test_id_test_id_000752_40,test_id_000752,78,diverse_fill_1,5,5,test_id_000752_t5_c5,little,little_0,3,1.5,1.0,77,191161.83,186257.34375,205108.4375,210757.234375,223757.546875,16,16.54112116655836,HI,210757.234375,15665.78125,226423.015625,191161.828125,37500.203125
test_id_test_id_000752_41,test_id_000752,78,diverse_fill_1,5,6,test_id_000752_t5_c6,big,big_0,0,1.0,0.9,77,270626.22,241486.984375,263473.84375,269942.9375,284570.09375,16,16.54112116655836,HI,269942.9375,15665.78125,285608.71875,270626.21875,43083.109375
test_id_test_id_000757_00,test_id_000757,1,source_like,0,0,test_id_000757_t0_c0,big,big_0,3,2.2,1.15,0,35303.22,40192.75,52812.796875,56599.1875,65420.578125,16,16.54112116655836,LO,56599.1875,0.0,56599.1875,35303.21875,25227.828125
test_id_test_id_000757_01,test_id_000757,1,source_like,0,1,test_id_000757_t0_c1,little,little_0,3,1.5,1.0,0,73940.99,81555.671875,95923.21875,99890.890625,109790.5,16,16.54112116655836,LO,99890.890625,0.0,99890.890625,73940.9921875,28234.828125
test_id_test_id_000757_02,test_id_000757,1,source_like,0,2,test_id_000757_t0_c2,big,big_1,0,1.0,0.9,0,79614.03,81467.796875,95975.46875,100038.171875,110127.53125,16,16.54112116655836,LO,100038.171875,0.0,100038.171875,79614.03125,28659.734375
test_id_test_id_000757_03,test_id_000757,1,source_like,0,3,test_id_000757_t0_c3,little,little_1,0,0.6,0.8,0,199568.95,200311.671875,221306.84375,227757.25,242464.5625,16,16.54112116655836,LO,227757.25,0.0,227757.25,199568.953125,42152.890625
test_id_test_id_000757_04,test_id_000757,1,source_like,0,4,test_id_000757_t0_c4,big,big_0,1,1.4,0.98,0,51417.28,57612.796875,70978.234375,74830.46875,84114.15625,16,16.54112116655836,LO,74830.46875,0.0,74830.46875,51417.28125,26501.359375
test_id_test_id_000757_05,test_id_000757,1,source_like,0,5,test_id_000757_t0_c5,little,little_0,1,0.9,0.86,0,131481.0,135383.765625,151766.5625,156550.0,168056.1875,16,16.54112116655836,LO,156550.0,0.0,156550.0,131481.0,32672.421875
test_id_test_id_000757_06,test_id_000757,1,source_like,0,6,test_id_000757_t0_c6,big,big_1,2,1.8,1.06,0,40516.652,46058.109375,58881.125,62666.15625,71597.65625,16,16.54112116655836,LO,62666.15625,0.0,62666.15625,40516.65234375,25539.546875
test_id_test_id_000757_07,test_id_000757,66,sink_like,1,0,test_id_000757_t1_c0,little,little_1,3,1.5,1.0,65,178158.75,190356.625,209304.265625,214954.1875,227951.0,16,16.54112116655836,LO,214954.1875,0.0,214954.1875,178158.75,37594.375
test_id_test_id_000757_08,test_id_000757,66,sink_like,1,1,test_id_000757_t1_c1,big,big_0,0,1.0,0.9,65,160027.86,173977.96875,192127.625,197567.9375,210176.453125,16,16.54112116655836,LO,197567.9375,0.0,197567.9375,160027.859375,36198.484375
test_id_test_id_000757_09,test_id_000757,66,sink_like,1,2,test_id_000757_t1_c2,little,little_0,0,0.6,0.8,65,364483.5,373765.8125,404580.625,413136.65625,431927.25,16,16.54112116655836,LO,413136.65625,0.0,413136.65625,364483.5,58161.4375
test_id_test_id_000757_10,test_id_000757,66,sink_like,1,3,test_id_000757_t1_c3,big,big_0,1,1.4,0.98,65,178075.7,183455.21875,202108.34375,207697.515625,220579.734375,16,16.54112116655836,LO,207697.515625,0.0,207697.515625,178075.703125,37124.515625
test_id_test_id_000757_11,test_id_000757,66,sink_like,1,4,test_id_000757_t1_c4,little,little_1,1,0.9,0.86,65,268644.38,278823.90625,303155.6875,310157.21875,325903.09375,16,16.54112116655836,LO,310157.21875,0.0,310157.21875,268644.375,47079.1875
test_id_test_id_000757_12,test_id_000757,66,sink_like,1,5,test_id_000757_t1_c5,big,big_0,2,1.8,1.06,65,149970.11,153423.78125,170372.953125,175305.171875,187017.25,16,16.54112116655836,LO,175305.171875,0.0,175305.171875,149970.109375,33593.46875
test_id_test_id_000757_13,test_id_000757,66,sink_like,1,6,test_id_000757_t1_c6,little,little_1,2,1.2,0.93,65,207521.9,211299.5625,231444.5,237444.390625,251107.90625,16,16.54112116655836,LO,237444.390625,0.0,237444.390625,207521.90625,39808.34375
test_id_test_id_000757_14,test_id_000757,131,middle,2,0,test_id_000757_t2_c0,big,big_1,0,1.0,0.9,130,211099.95,216055.546875,236724.9375,242947.828125,257049.125,16,16.54112116655836,LO,242947.828125,0.0,242947.828125,211099.953125,40993.578125
test_id_test_id_000757_15,test_id_000757,131,middle,2,1,test_id_000757_t2_c1,little,little_1,0,0.6,0.8,130,473990.66,472565.0625,510091.1875,520617.875,541919.5,16,16.54112116655836,LO,520617.875,0.0,520617.875,473990.65625,69354.4375
test_id_test_id_000757_16,test_id_000757,131,middle,2,2,test_id_000757_t2_c2,big,big_1,1,1.4,0.98,130,141194.97,148890.265625,165613.78125,170474.21875,182057.1875,16,16.54112116655836,LO,170474.21875,0.0,170474.21875,141194.96875,33166.921875
test_id_test_id_000757_17,test_id_000757,131,middle,2,3,test_id_000757_t2_c3,little,little_1,1,0.9,0.86,130,301913.06,312615.5625,339259.375,346822.46875,363688.40625,16,16.54112116655836,LO,346822.46875,0.0,346822.46875,301913.0625,51072.84375
test_id_test_id_000757_18,test_id_000757,131,middle,2,4,test_id_000757_t2_c4,big,big_1,2,1.8,1.06,130,128660.266,141184.6875,157507.65625,162175.9375,173437.46875,16,16.54112116655836,LO,162175.9375,0.0,162175.9375,128660.265625,32252.78125
test_id_test_id_000757_19,test_id_000757,131,middle,2,5,test_id_000757_t2_c5,little,little_1,2,1.2,0.93,130,240532.89,250300.8125,272875.625,279510.53125,294452.46875,16,16.54112116655836,LO,279510.53125,0.0,279510.53125,240532.890625,44151.65625
test_id_test_id_000757_20,test_id_000757,131,middle,2,6,test_id_000757_t2_c6,big,big_0,3,2.2,1.15,130,105114.6,133087.25,149061.65625,153560.84375,164546.21875,16,16.54112116655836,LO,153560.84375,0.0,153560.84375,105114.6015625,31458.96875
test_id_test_id_000757_21,test_id_000757,68,high_degree,3,0,test_id_000757_t3_c0,little,little_0,0,0.6,0.8,67,208902.7,214022.328125,235778.53125,242448.921875,257608.953125,16,16.54112116655836,LO,242448.921875,0.0,242448.921875,208902.703125,43586.625
test_id_test_id_000757_22,test_id_000757,68,high_degree,3,1,test_id_000757_t3_c1,big,big_0,1,1.4,0.98,67,80029.805,83922.8125,98410.6875,102457.109375,112539.375,16,16.54112116655836,LO,102457.109375,0.0,102457.109375,80029.8046875,28616.5625
test_id_test_id_000757_23,test_id_000757,68,high_degree,3,2,test_id_000757_t3_c2,little,little_1,1,0.9,0.86,67,139488.6,144357.4375,161191.984375,166163.4375,177980.75,16,16.54112116655836,LO,166163.4375,0.0,166163.4375,139488.59375,33623.3125
test_id_test_id_000757_24,test_id_000757,68,high_degree,3,3,test_id_000757_t3_c3,big,big_1,2,1.8,1.06,67,59105.35,63447.671875,77031.375,80907.5625,90354.40625,16,16.54112116655836,LO,80907.5625,0.0,80907.5625,59105.3515625,26906.734375
test_id_test_id_000757_25,test_id_000757,68,high_degree,3,4,test_id_000757_t3_c4,little,little_1,2,1.2,0.93,67,101032.625,112808.5,128060.015625,132344.203125,142968.0,16,16.54112116655836,LO,132344.203125,0.0,132344.203125,101032.625,30159.5
test_id_test_id_000757_26,test_id_000757,68,high_degree,3,5,test_id_000757_t3_c5,big,big_1,3,2.2,1.15,67,54693.523,56964.890625,70275.359375,74126.4375,83408.515625,16,16.54112116655836,LO,74126.4375,0.0,74126.4375,54693.5234375,26443.625
test_id_test_id_000757_27,test_id_000757,68,high_degree,3,6,test_id_000757_t3_c6,little,little_1,3,1.5,1.0,67,98109.57,101617.8125,116514.875,120623.609375,130935.203125,16,16.54112116655836,LO,120623.609375,0.0,120623.609375,98109.5703125,29317.390625
test_id_test_id_000757_28,test_id_000757,156,random,4,0,test_id_000757_t4_c0,big,big_1,1,1.4,0.98,155,97705.2,98428.03125,113217.046875,117299.125,127548.140625,16,16.54112116655836,LO,117299.125,0.0,117299.125,97705.203125,29120.109375
test_id_test_id_000757_29,test_id_000757,156,random,4,1,test_id_000757_t4_c1,little,little_1,1,0.9,0.86,155,219204.33,222614.734375,243488.34375,249650.21875,263687.1875,16,16.54112116655836,LO,249650.21875,0.0,249650.21875,219204.328125,41072.453125
test_id_test_id_000757_30,test_id_000757,156,random,4,2,test_id_000757_t4_c2,big,big_0,2,1.8,1.06,155,83604.4,87090.671875,101556.34375,105521.140625,115479.90625,16,16.54112116655836,LO,105521.140625,0.0,105521.140625,83604.3984375,28389.234375
test_id_test_id_000757_31,test_id_000757,156,random,4,3,test_id_000757_t4_c3,little,little_1,2,1.2,0.93,155,148876.02,151999.140625,168883.3125,173839.703125,185582.34375,16,16.54112116655836,LO,173839.703125,0.0,173839.703125,148876.015625,33583.203125
test_id_test_id_000757_32,test_id_000757,156,random,4,4,test_id_000757_t4_c4,big,big_1,3,2.2,1.15,155,67771.78,68033.578125,81732.03125,85568.078125,95019.046875,16,16.54112116655836,LO,85568.078125,0.0,85568.078125,67771.78125,26985.46875
test_id_test_id_000757_33,test_id_000757,156,random,4,5,test_id_000757_t4_c5,little,little_0,3,1.5,1.0,155,131246.66,131514.8125,147331.125,151801.453125,162720.046875,16,16.54112116655836,LO,151801.453125,0.0,151801.453125,131246.65625,31205.234375
test_id_test_id_000757_34,test_id_000757,156,random,4,6,test_id_000757_t4_c6,big,big_1,0,1.0,0.9,155,113451.43,122487.125,138207.34375,142707.125,153716.84375,16,16.54112116655836,LO,142707.125,0.0,142707.125,113451.4296875,31229.71875
test_id_test_id_000757_35,test_id_000757,149,diverse_fill_1,5,0,test_id_000757_t5_c0,little,little_0,1,0.9,0.86,148,239085.23,219987.5625,240781.375,247012.1875,261132.140625,16,16.54112116655836,LO,247012.1875,0.0,247012.1875,239085.234375,41144.578125
test_id_test_id_000757_36,test_id_000757,149,diverse_fill_1,5,1,test_id_000757_t5_c1,big,big_0,2,1.8,1.06,148,84724.13,88005.65625,102435.53125,106396.90625,116358.84375,16,16.54112116655836,LO,106396.90625,0.0,106396.90625,84724.1328125,28353.1875
test_id_test_id_000757_37,test_id_000757,149,diverse_fill_1,5,2,test_id_000757_t5_c2,little,little_0,2,1.2,0.93,148,206803.8,198564.40625,217923.1875,223693.9375,236911.5,16,16.54112116655836,LO,223693.9375,0.0,223693.9375,206803.796875,38347.09375
test_id_test_id_000757_38,test_id_000757,149,diverse_fill_1,5,3,test_id_000757_t5_c3,big,big_0,3,2.2,1.15,148,68924.48,69134.390625,82871.5,86714.84375,96205.359375,16,16.54112116655836,LO,86714.84375,0.0,86714.84375,68924.4765625,27070.96875
test_id_test_id_000757_39,test_id_000757,149,diverse_fill_1,5,4,test_id_000757_t5_c4,little,little_0,3,1.5,1.0,148,165122.06,156914.140625,173990.296875,178976.296875,190772.0,16,16.54112116655836,LO,178976.296875,0.0,178976.296875,165122.0625,33857.859375
test_id_test_id_000757_40,test_id_000757,149,diverse_fill_1,5,5,test_id_000757_t5_c5,big,big_0,0,1.0,0.9,148,161728.52,167347.0,185137.28125,190448.0625,202832.8125,16,16.54112116655836,LO,190448.0625,0.0,190448.0625,161728.515625,35485.8125
test_id_test_id_000757_41,test_id_000757,149,diverse_fill_1,5,6,test_id_000757_t5_c6,little,little_0,0,0.6,0.8,148,377392.4,360625.75,389552.25,397310.4375,414764.21875,16,16.54112116655836,LO,397310.4375,0.0,397310.4375,377392.40625,54138.46875
test_id_test_id_000760_00,test_id_000760,2,source_like,0,0,test_id_000760_t0_c0,big,big_0,2,1.8,1.06,1,26700.371,31353.75,43835.109375,47720.5,56571.5,16,16.54112116655836,HI,47720.5,15665.78125,63386.28125,26700.37109375,25217.75
test_id_test_id_000760_01,test_id_000760,2,source_like,0,1,test_id_000760_t0_c1,little,little_0,2,1.2,0.93,1,59997.41,65522.296875,79314.515625,83242.28125,92818.375,16,16.54112116655836,HI,83242.28125,15665.78125,98908.0625,59997.41015625,27296.078125
test_id_test_id_000760_02,test_id_000760,2,source_like,0,2,test_id_000760_t0_c2,big,big_1,3,2.2,1.15,1,22517.754,27471.921875,39911.40625,43822.9375,52644.3125,16,16.54112116655836,HI,43822.9375,15665.78125,59488.71875,22517.75390625,25172.390625
test_id_test_id_000760_03,test_id_000760,2,source_like,0,3,test_id_000760_t0_c3,little,little_1,3,1.5,1.0,1,53273.305,59069.703125,72619.09375,76508.046875,85874.546875,16,16.54112116655836,HI,76508.046875,15665.78125,92173.828125,53273.3046875,26804.84375
test_id_test_id_000760_04,test_id_000760,2,source_like,0,4,test_id_000760_t0_c4,big,big_0,0,1.0,0.9,1,46287.65,51301.015625,64472.359375,68364.15625,77611.546875,16,16.54112116655836,HI,68364.15625,15665.78125,84029.9375,46287.6484375,26310.53125
test_id_test_id_000760_05,test_id_000760,2,source_like,0,5,test_id_000760_t0_c5,little,little_0,0,0.6,0.8,1,126251.25,126405.609375,142826.1875,147660.65625,159320.78125,16,16.54112116655836,HI,147660.65625,15665.78125,163326.4375,126251.25,32915.171875
test_id_test_id_000760_06,test_id_000760,2,source_like,0,6,test_id_000760_t0_c6,big,big_0,1,1.4,0.98,1,37734.906,41941.1875,54747.125,58634.5,67694.03125,16,16.54112116655836,HI,58634.5,15665.78125,74300.28125,37734.90625,25752.84375
test_id_test_id_000760_07,test_id_000760,46,sink_like,1,0,test_id_000760_t1_c0,little,little_1,2,1.2,0.93,45,559832.56,507738.375,551074.6875,563690.0,588299.0625,16,16.54112116655836,HI,563690.0,15665.78125,579355.78125,559832.5625,80560.6875
test_id_test_id_000760_08,test_id_000760,46,sink_like,1,1,test_id_000760_t1_c1,big,big_0,3,2.2,1.15,45,338745.56,306786.78125,333243.28125,340808.8125,357691.28125,16,16.54112116655836,HI,340808.8125,15665.78125,356474.59375,338745.5625,50904.5
test_id_test_id_000760_09,test_id_000760,46,sink_like,1,2,test_id_000760_t1_c2,little,little_1,3,1.5,1.0,45,472380.25,431663.0,468484.5625,478962.125,500827.53125,16,16.54112116655836,HI,478962.125,15665.78125,494627.90625,472380.25,69164.53125
test_id_test_id_000760_10,test_id_000760,46,sink_like,1,3,test_id_000760_t1_c3,big,big_1,0,1.0,0.9,45,452080.34,431592.0,468049.625,478382.375,499976.25,16,16.54112116655836,HI,478382.375,15665.78125,494048.15625,452080.34375,68384.25
test_id_test_id_000760_11,test_id_000760,46,sink_like,1,4,test_id_000760_t1_c4,little,little_1,0,0.6,0.8,45,829843.44,786608.0,853291.625,873247.75,908249.375,16,16.54112116655836,HI,873247.75,15665.78125,888913.53125,829843.4375,121641.375
test_id_test_id_000760_12,test_id_000760,46,sink_like,1,5,test_id_000760_t1_c5,big,big_1,1,1.4,0.98,45,473602.12,430186.4375,466759.4375,477144.625,498862.1875,16,16.54112116655836,HI,477144.625,15665.78125,492810.40625,473602.125,68675.75
test_id_test_id_000760_13,test_id_000760,46,sink_like,1,6,test_id_000760_t1_c6,little,little_0,1,0.9,0.86,45,706787.25,663901.625,720572.0,737717.375,767629.75,16,16.54112116655836,HI,737717.375,15665.78125,753383.15625,706787.25,103728.125
test_id_test_id_000760_14,test_id_000760,35,middle,2,0,test_id_000760_t2_c0,big,big_1,3,2.2,1.15,34,58281.11,60324.703125,73688.453125,77484.421875,86719.9375,16,16.54112116655836,HI,77484.421875,15665.78125,93150.203125,58281.109375,26395.234375
test_id_test_id_000760_15,test_id_000760,35,middle,2,1,test_id_000760_t2_c1,little,little_0,3,1.5,1.0,34,142502.3,134678.671875,150637.15625,155161.03125,166173.15625,16,16.54112116655836,HI,155161.03125,15665.78125,170826.8125,142502.296875,31494.484375
test_id_test_id_000760_16,test_id_000760,35,middle,2,2,test_id_000760_t2_c2,big,big_1,0,1.0,0.9,34,117944.695,120901.34375,136605.703125,141110.875,152141.8125,16,16.54112116655836,HI,141110.875,15665.78125,156776.65625,117944.6953125,31240.46875
test_id_test_id_000760_17,test_id_000760,35,middle,2,3,test_id_000760_t2_c3,little,little_0,0,0.6,0.8,34,272972.12,285645.03125,310977.71875,318146.4375,334651.9375,16,16.54112116655836,HI,318146.4375,15665.78125,333812.21875,272972.125,49006.90625
test_id_test_id_000760_18,test_id_000760,35,middle,2,4,test_id_000760_t2_c4,big,big_0,1,1.4,0.98,34,88884.34,96475.578125,111244.0625,115313.078125,125534.578125,16,16.54112116655836,HI,115313.078125,15665.78125,130978.859375,88884.34375,29059.0
test_id_test_id_000760_19,test_id_000760,35,middle,2,5,test_id_000760_t2_c5,little,little_1,1,0.9,0.86,34,198031.22,197524.21875,217109.171875,223008.8125,236501.90625,16,16.54112116655836,HI,223008.8125,15665.78125,238674.59375,198031.21875,38977.6875
test_id_test_id_000760_20,test_id_000760,35,middle,2,6,test_id_000760_t2_c6,big,big_1,2,1.8,1.06,34,77585.79,78656.78125,92812.46875,96733.40625,106510.1875,16,16.54112116655836,HI,96733.40625,15665.78125,112399.1875,77585.7890625,27853.40625
test_id_test_id_000760_21,test_id_000760,45,high_degree,3,0,test_id_000760_t3_c0,little,little_0,3,1.5,1.0,44,229693.55,228870.6875,250079.375,256360.078125,270583.9375,16,16.54112116655836,HI,256360.078125,15665.78125,272025.859375,229693.546875,41713.25
test_id_test_id_000760_22,test_id_000760,45,high_degree,3,1,test_id_000760_t3_c1,big,big_1,0,1.0,0.9,44,224803.2,228092.3125,249343.296875,255662.359375,269965.4375,16,16.54112116655836,HI,255662.359375,15665.78125,271328.140625,224803.203125,41873.125
test_id_test_id_000760_23,test_id_000760,45,high_degree,3,2,test_id_000760_t3_c2,little,little_1,0,0.6,0.8,44,509684.7,512800.625,553730.25,565402.5,587969.0,16,16.54112116655836,HI,565402.5,15665.78125,581068.28125,509684.6875,75168.375
test_id_test_id_000760_24,test_id_000760,45,high_degree,3,3,test_id_000760_t3_c3,big,big_1,1,1.4,0.98,44,168057.75,182162.171875,200711.515625,206245.09375,219032.15625,16,16.54112116655836,HI,206245.09375,15665.78125,221910.875,168057.75,36869.984375
test_id_test_id_000760_25,test_id_000760,45,high_degree,3,4,test_id_000760_t3_c4,little,little_0,1,0.9,0.86,44,334203.47,339741.59375,368586.59375,376742.375,394768.53125,16,16.54112116655836,HI,376742.375,15665.78125,392408.15625,334203.46875,55026.9375
test_id_test_id_000760_26,test_id_000760,45,high_degree,3,5,test_id_000760_t3_c5,big,big_1,2,1.8,1.06,44,200166.9,202411.40625,222144.0625,228057.296875,241550.890625,16,16.54112116655836,HI,228057.296875,15665.78125,243723.078125,200166.90625,39139.484375
test_id_test_id_000760_27,test_id_000760,45,high_degree,3,6,test_id_000760_t3_c6,little,little_1,2,1.2,0.93,44,268064.3,284770.78125,309589.40625,316740.84375,332769.25,16,16.54112116655836,HI,316740.84375,15665.78125,332406.625,268064.3125,47998.46875
test_id_test_id_000760_28,test_id_000760,48,random,4,0,test_id_000760_t4_c0,big,big_1,0,1.0,0.9,47,297154.6,279598.21875,304069.625,311133.90625,326999.5,16,16.54112116655836,HI,311133.90625,15665.78125,326799.6875,297154.59375,47401.28125
test_id_test_id_000760_29,test_id_000760,48,random,4,1,test_id_000760_t4_c1,little,little_1,0,0.6,0.8,47,578177.75,557756.0,602865.625,616019.625,640322.125,16,16.54112116655836,HI,616019.625,15665.78125,631685.40625,578177.75,82566.125
test_id_test_id_000760_30,test_id_000760,48,random,4,2,test_id_000760_t4_c2,big,big_0,1,1.4,0.98,47,319778.16,285435.78125,310337.34375,317513.53125,333585.75,16,16.54112116655836,HI,317513.53125,15665.78125,333179.3125,319778.15625,48149.96875
test_id_test_id_000760_31,test_id_000760,48,random,4,3,test_id_000760_t4_c3,little,little_0,1,0.9,0.86,47,444409.78,431719.5,468216.6875,478576.9375,500215.625,16,16.54112116655836,HI,478576.9375,15665.78125,494242.71875,444409.78125,68496.125
test_id_test_id_000760_32,test_id_000760,48,random,4,4,test_id_000760_t4_c4,big,big_0,2,1.8,1.06,47,214695.53,213148.578125,233556.75,239673.046875,253561.421875,16,16.54112116655836,HI,239673.046875,15665.78125,255338.828125,214695.53125,40412.84375
test_id_test_id_000760_33,test_id_000760,48,random,4,5,test_id_000760_t4_c5,little,little_1,2,1.2,0.93,47,313088.9,329255.5,357379.0,365361.5625,383055.0625,16,16.54112116655836,HI,365361.5625,15665.78125,381027.34375,313088.90625,53799.5625
test_id_test_id_000760_34,test_id_000760,48,random,4,6,test_id_000760_t4_c6,big,big_1,3,2.2,1.15,47,188380.16,184098.6875,202829.125,208430.015625,221348.96875,16,16.54112116655836,HI,208430.015625,15665.78125,224095.796875,188380.15625,37250.28125
test_id_test_id_000760_35,test_id_000760,29,diverse_fill_1,5,0,test_id_000760_t5_c0,little,little_0,0,0.6,0.8,28,683585.9,661845.0,715160.4375,731256.875,758611.1875,16,16.54112116655836,HI,731256.875,15665.78125,746922.65625,683585.875,96766.1875
test_id_test_id_000760_36,test_id_000760,29,diverse_fill_1,5,1,test_id_000760_t5_c1,big,big_1,1,1.4,0.98,28,284819.5,282205.5,306887.75,314025.9375,330012.625,16,16.54112116655836,HI,314025.9375,15665.78125,329691.71875,284819.5,47807.125
test_id_test_id_000760_37,test_id_000760,29,diverse_fill_1,5,2,test_id_000760_t5_c2,little,little_0,1,0.9,0.86,28,512965.53,484723.9375,525201.375,536773.875,559910.0,16,16.54112116655836,HI,536773.875,15665.78125,552439.65625,512965.53125,75186.0625
test_id_test_id_000760_38,test_id_000760,29,diverse_fill_1,5,3,test_id_000760_t5_c3,big,big_1,2,1.8,1.06,28,279658.72,279678.375,304219.1875,311329.03125,327255.4375,16,16.54112116655836,HI,311329.03125,15665.78125,326994.8125,279658.71875,47577.0625
test_id_test_id_000760_39,test_id_000760,29,diverse_fill_1,5,4,test_id_000760_t5_c4,little,little_0,2,1.2,0.93,28,404503.72,401304.25,435320.5625,444930.625,465461.625,16,16.54112116655836,HI,444930.625,15665.78125,460596.40625,404503.71875,64157.375
test_id_test_id_000760_40,test_id_000760,29,diverse_fill_1,5,5,test_id_000760_t5_c5,big,big_1,3,2.2,1.15,28,240201.36,235468.5625,257250.890625,263740.21875,278378.5,16,16.54112116655836,HI,263740.21875,15665.78125,279406.0,240201.359375,42909.9375
test_id_test_id_000760_41,test_id_000760,29,diverse_fill_1,5,6,test_id_000760_t5_c6,little,little_0,3,1.5,1.0,28,351844.06,350078.375,379923.375,388367.3125,406924.875,16,16.54112116655836,HI,388367.3125,15665.78125,404033.09375,351844.0625,56846.5
test_id_test_id_000779_00,test_id_000779,8,source_like,0,0,test_id_000779_t0_c0,big,big_0,2,1.8,1.06,7,58055.41,56456.453125,69706.65625,73513.4375,82687.40625,16,16.54112116655836,LO,73513.4375,0.0,73513.4375,58055.41015625,26230.953125
test_id_test_id_000779_01,test_id_000779,8,source_like,0,1,test_id_000779_t0_c1,little,little_0,2,1.2,0.93,7,123782.586,118556.71875,133953.609375,138306.515625,149033.40625,16,16.54112116655836,LO,138306.515625,0.0,138306.515625,123782.5859375,30476.6875
test_id_test_id_000779_02,test_id_000779,8,source_like,0,2,test_id_000779_t0_c2,big,big_1,3,2.2,1.15,7,48487.098,51044.421875,64052.25,67831.203125,76848.015625,16,16.54112116655836,LO,67831.203125,0.0,67831.203125,48487.09765625,25803.59375
test_id_test_id_000779_03,test_id_000779,8,source_like,0,3,test_id_000779_t0_c3,little,little_0,3,1.5,1.0,7,96720.336,93511.1875,108209.0625,112245.546875,122388.21875,16,16.54112116655836,LO,112245.546875,0.0,112245.546875,96720.3359375,28877.03125
test_id_test_id_000779_04,test_id_000779,8,source_like,0,4,test_id_000779_t0_c4,big,big_1,0,1.0,0.9,7,99127.016,92285.5,107113.6875,111267.9375,121627.71875,16,16.54112116655836,LO,111267.9375,0.0,111267.9375,99127.015625,29342.21875
test_id_test_id_000779_05,test_id_000779,8,source_like,0,5,test_id_000779_t0_c5,little,little_1,0,0.6,0.8,7,244865.2,232450.765625,255354.671875,262260.96875,277973.9375,16,16.54112116655836,LO,262260.96875,0.0,262260.96875,244865.203125,45523.171875
test_id_test_id_000779_06,test_id_000779,8,source_like,0,6,test_id_000779_t0_c6,big,big_1,1,1.4,0.98,7,71732.414,72516.078125,86544.921875,90465.8125,100144.015625,16,16.54112116655836,LO,90465.8125,0.0,90465.8125,71732.4140625,27627.9375
test_id_test_id_000779_07,test_id_000779,111,sink_like,1,0,test_id_000779_t1_c0,little,little_1,2,1.2,0.93,110,455751.2,421836.1875,457811.5,468043.125,489542.9375,16,16.54112116655836,LO,468043.125,0.0,468043.125,455751.1875,67706.75
test_id_test_id_000779_08,test_id_000779,111,sink_like,1,1,test_id_000779_t1_c1,big,big_1,3,2.2,1.15,110,162886.55,169982.796875,187926.0,193246.1875,205659.4375,16,16.54112116655836,LO,193246.1875,0.0,193246.1875,162886.546875,35676.640625
test_id_test_id_000779_09,test_id_000779,111,sink_like,1,2,test_id_000779_t1_c2,little,little_0,3,1.5,1.0,110,291503.38,302419.125,328544.3125,336033.875,352742.8125,16,16.54112116655836,LO,336033.875,0.0,336033.875,291503.375,50323.6875
test_id_test_id_000779_10,test_id_000779,111,sink_like,1,3,test_id_000779_t1_c3,big,big_0,0,1.0,0.9,110,403722.8,374535.3125,406343.6875,415324.125,434836.0,16,16.54112116655836,LO,415324.125,0.0,415324.125,403722.8125,60300.6875
test_id_test_id_000779_11,test_id_000779,111,sink_like,1,4,test_id_000779_t1_c4,little,little_0,0,0.6,0.8,110,659431.4,642781.8125,694401.125,709905.6875,736467.75,16,16.54112116655836,LO,709905.6875,0.0,709905.6875,659431.375,93685.9375
test_id_test_id_000779_12,test_id_000779,111,sink_like,1,5,test_id_000779_t1_c5,big,big_1,1,1.4,0.98,110,265619.38,261892.09375,285246.4375,292076.4375,307419.40625,16,16.54112116655836,LO,292076.4375,0.0,292076.4375,265619.375,45527.3125
test_id_test_id_000779_13,test_id_000779,111,sink_like,1,6,test_id_000779_t1_c6,little,little_1,1,0.9,0.86,110,394581.1,419564.15625,454653.9375,464527.09375,485407.84375,16,16.54112116655836,LO,464527.09375,0.0,464527.09375,394581.09375,65843.6875
test_id_test_id_000779_14,test_id_000779,68,middle,2,0,test_id_000779_t2_c0,big,big_0,3,2.2,1.15,67,139737.42,141707.40625,158051.921875,162719.34375,173981.0625,16,16.54112116655836,LO,162719.34375,0.0,162719.34375,139737.421875,32273.65625
test_id_test_id_000779_15,test_id_000779,68,middle,2,1,test_id_000779_t2_c1,little,little_0,3,1.5,1.0,67,241582.19,224874.875,245867.96875,252107.578125,266237.90625,16,16.54112116655836,LO,252107.578125,0.0,252107.578125,241582.1875,41363.03125
test_id_test_id_000779_16,test_id_000779,68,middle,2,2,test_id_000779_t2_c2,big,big_1,0,1.0,0.9,67,226413.9,221175.75,242039.625,248278.40625,262406.15625,16,16.54112116655836,LO,248278.40625,0.0,248278.40625,226413.90625,41230.40625
test_id_test_id_000779_17,test_id_000779,68,middle,2,3,test_id_000779_t2_c3,little,little_1,0,0.6,0.8,67,457117.38,471669.28125,509364.5,519964.0625,541412.875,16,16.54112116655836,LO,519964.0625,0.0,519964.0625,457117.375,69743.59375
test_id_test_id_000779_18,test_id_000779,68,middle,2,4,test_id_000779_t2_c4,big,big_0,1,1.4,0.98,67,214243.4,210621.25,230839.65625,236896.90625,250662.59375,16,16.54112116655836,LO,236896.90625,0.0,236896.90625,214243.40625,40041.34375
test_id_test_id_000779_19,test_id_000779,68,middle,2,5,test_id_000779_t2_c5,little,little_1,1,0.9,0.86,67,299864.03,296581.71875,322131.75,329439.6875,345796.9375,16,16.54112116655836,LO,329439.6875,0.0,329439.6875,299864.03125,49215.21875
test_id_test_id_000779_20,test_id_000779,68,middle,2,6,test_id_000779_t2_c6,big,big_1,2,1.8,1.06,67,187525.16,180603.921875,199124.4375,204655.1875,217437.375,16,16.54112116655836,LO,204655.1875,0.0,204655.1875,187525.15625,36833.453125
test_id_test_id_000779_21,test_id_000779,98,random,3,0,test_id_000779_t3_c0,little,little_1,3,1.5,1.0,97,128832.27,126353.453125,141956.78125,146357.59375,157156.875,16,16.54112116655836,LO,146357.59375,0.0,146357.59375,128832.2734375,30803.421875
test_id_test_id_000779_22,test_id_000779,98,random,3,1,test_id_000779_t3_c1,big,big_0,0,1.0,0.9,97,147988.67,157196.5625,174631.5,179849.40625,192101.90625,16,16.54112116655836,LO,179849.40625,0.0,179849.40625,147988.671875,34905.34375
test_id_test_id_000779_23,test_id_000779,98,random,3,2,test_id_000779_t3_c2,little,little_1,0,0.6,0.8,97,315596.2,308309.875,334637.96875,341898.09375,358620.71875,16,16.54112116655836,LO,341898.09375,0.0,341898.09375,315596.1875,50310.84375
test_id_test_id_000779_24,test_id_000779,98,random,3,3,test_id_000779_t3_c3,big,big_1,1,1.4,0.98,97,121214.82,121482.109375,137028.15625,141402.859375,152189.34375,16,16.54112116655836,LO,141402.859375,0.0,141402.859375,121214.8203125,30707.234375
test_id_test_id_000779_25,test_id_000779,98,random,3,4,test_id_000779_t3_c4,little,little_1,1,0.9,0.86,97,192535.52,199665.28125,219598.78125,225656.453125,239457.859375,16,16.54112116655836,LO,225656.453125,0.0,225656.453125,192535.515625,39792.578125
test_id_test_id_000779_26,test_id_000779,98,random,3,5,test_id_000779_t3_c5,big,big_1,2,1.8,1.06,97,94052.266,90719.59375,105233.796875,109228.109375,119271.25,16,16.54112116655836,LO,109228.109375,0.0,109228.109375,94052.265625,28551.65625
test_id_test_id_000779_27,test_id_000779,98,random,3,6,test_id_000779_t3_c6,little,little_0,2,1.2,0.93,97,184171.47,169749.21875,187610.703125,192934.171875,205330.71875,16,16.54112116655836,LO,192934.171875,0.0,192934.171875,184171.46875,35581.5
test_id_test_id_000779_28,test_id_000779,83,diverse_fill_1,4,0,test_id_000779_t4_c0,big,big_1,0,1.0,0.9,82,146150.8,142864.6875,159549.4375,164464.3125,176188.3125,16,16.54112116655836,LO,164464.3125,0.0,164464.3125,146150.796875,33323.625
test_id_test_id_000779_29,test_id_000779,83,diverse_fill_1,4,1,test_id_000779_t4_c1,little,little_1,0,0.6,0.8,82,315301.44,290009.9375,315277.15625,322317.34375,338662.625,16,16.54112116655836,LO,322317.34375,0.0,322317.34375,315301.4375,48652.6875
test_id_test_id_000779_30,test_id_000779,83,diverse_fill_1,4,2,test_id_000779_t4_c2,big,big_1,1,1.4,0.98,82,110079.08,108689.03125,123772.625,127958.859375,138417.6875,16,16.54112116655836,LO,127958.859375,0.0,127958.859375,110079.078125,29728.65625
test_id_test_id_000779_31,test_id_000779,83,diverse_fill_1,4,3,test_id_000779_t4_c3,little,little_0,1,0.9,0.86,82,226351.73,206602.8125,226911.859375,233073.921875,247080.6875,16,16.54112116655836,LO,233073.921875,0.0,233073.921875,226351.734375,40477.875
test_id_test_id_000779_32,test_id_000779,83,diverse_fill_1,4,4,test_id_000779_t4_c4,big,big_1,2,1.8,1.06,82,87792.67,84719.4375,99045.953125,102994.109375,112897.671875,16,16.54112116655836,LO,102994.109375,0.0,102994.109375,87792.671875,28178.234375
test_id_test_id_000779_33,test_id_000779,83,diverse_fill_1,4,5,test_id_000779_t4_c5,little,little_1,2,1.2,0.93,82,194945.62,176522.40625,194746.28125,200186.40625,212798.859375,16,16.54112116655836,LO,200186.40625,0.0,200186.40625,194945.625,36276.453125
test_id_test_id_000779_34,test_id_000779,83,diverse_fill_1,4,6,test_id_000779_t4_c6,big,big_1,3,2.2,1.15,82,79610.17,76786.671875,90862.109375,94757.609375,104463.28125,16,16.54112116655836,LO,94757.609375,0.0,94757.609375,79610.171875,27676.609375
test_id_test_id_000779_35,test_id_000779,5,diverse_fill_2,5,0,test_id_000779_t5_c0,little,little_1,0,0.6,0.8,4,153191.56,143634.125,160769.4375,165872.03125,177946.78125,16,16.54112116655836,LO,165872.03125,0.0,165872.03125,153191.5625,34312.65625
test_id_test_id_000779_36,test_id_000779,5,diverse_fill_2,5,1,test_id_000779_t5_c1,big,big_1,1,1.4,0.98,4,44893.754,45577.21875,58462.84375,62303.84375,71337.6875,16,16.54112116655836,LO,62303.84375,0.0,62303.84375,44893.75390625,25760.46875
test_id_test_id_000779_37,test_id_000779,5,diverse_fill_2,5,2,test_id_000779_t5_c2,little,little_0,1,0.9,0.86,4,111311.68,104799.59375,120076.890625,124437.25,135238.390625,16,16.54112116655836,LO,124437.25,0.0,124437.25,111311.6796875,30438.796875
test_id_test_id_000779_38,test_id_000779,5,diverse_fill_2,5,3,test_id_000779_t5_c3,big,big_1,2,1.8,1.06,4,36307.09,37321.765625,49930.5,53773.625,62650.671875,16,16.54112116655836,LO,53773.625,0.0,53773.625,36307.08984375,25328.90625
test_id_test_id_000779_39,test_id_000779,5,diverse_fill_2,5,4,test_id_000779_t5_c4,little,little_1,2,1.2,0.93,4,84419.414,80684.0,95131.0,99169.6875,109202.28125,16,16.54112116655836,LO,99169.6875,0.0,99169.6875,84419.4140625,28518.28125
test_id_test_id_000779_40,test_id_000779,5,diverse_fill_2,5,5,test_id_000779_t5_c5,big,big_1,3,2.2,1.15,4,31329.717,32668.953125,45169.40625,49031.71875,57856.578125,16,16.54112116655836,LO,49031.71875,0.0,49031.71875,31329.716796875,25187.625
test_id_test_id_000779_41,test_id_000779,5,diverse_fill_2,5,6,test_id_000779_t5_c6,little,little_0,3,1.5,1.0,4,68376.61,66721.875,80559.3125,84464.328125,94009.140625,16,16.54112116655836,LO,84464.328125,0.0,84464.328125,68376.609375,27287.265625
test_id_test_id_000814_00,test_id_000814,1,source_like,0,0,test_id_000814_t0_c0,big,big_1,0,1.0,0.9,0,92566.68,90753.546875,105505.9375,109626.4375,119918.171875,16,16.54112116655836,HI,109626.4375,15665.78125,125292.21875,92566.6796875,29164.625
test_id_test_id_000814_01,test_id_000814,1,source_like,0,1,test_id_000814_t0_c1,little,little_1,0,0.6,0.8,0,217905.66,217256.28125,239343.328125,246098.203125,261438.4375,16,16.54112116655836,HI,246098.203125,15665.78125,261763.984375,217905.65625,44182.15625
test_id_test_id_000814_02,test_id_000814,1,source_like,0,2,test_id_000814_t0_c2,big,big_0,1,1.4,0.98,0,64396.074,63680.515625,77299.265625,81172.59375,90609.4375,16,16.54112116655836,HI,81172.59375,15665.78125,96838.375,64396.07421875,26928.921875
test_id_test_id_000814_03,test_id_000814,1,source_like,0,3,test_id_000814_t0_c3,little,little_0,1,0.9,0.86,0,145422.64,151047.46875,168273.265625,173392.71875,185473.34375,16,16.54112116655836,HI,173392.71875,15665.78125,189058.5,145422.640625,34425.875
test_id_test_id_000814_04,test_id_000814,1,source_like,0,4,test_id_000814_t0_c4,big,big_0,2,1.8,1.06,0,51920.938,54395.65625,67557.96875,71356.609375,80473.8125,16,16.54112116655836,HI,71356.609375,15665.78125,87022.390625,51920.9375,26078.15625
test_id_test_id_000814_05,test_id_000814,1,source_like,0,5,test_id_000814_t0_c5,little,little_1,2,1.2,0.93,0,110467.805,112359.421875,127552.203125,131808.671875,142383.859375,16,16.54112116655836,HI,131808.671875,15665.78125,147474.453125,110467.8046875,30024.4375
test_id_test_id_000814_06,test_id_000814,1,source_like,0,6,test_id_000814_t0_c6,big,big_0,3,2.2,1.15,0,42125.363,43013.484375,55687.96875,59447.796875,68272.984375,16,16.54112116655836,HI,59447.796875,15665.78125,75113.578125,42125.36328125,25259.5
test_id_test_id_000814_07,test_id_000814,6,sink_like,1,0,test_id_000814_t1_c0,little,little_1,0,0.6,0.8,5,293117.38,292389.0625,317718.5625,324752.34375,341077.5,16,16.54112116655836,HI,324752.34375,15665.78125,340418.125,293117.375,48688.4375
test_id_test_id_000814_08,test_id_000814,6,sink_like,1,1,test_id_000814_t1_c1,big,big_1,1,1.4,0.98,5,101091.54,112591.0,127790.90625,132019.265625,142553.03125,16,16.54112116655836,HI,132019.265625,15665.78125,147685.046875,101091.5390625,29962.03125
test_id_test_id_000814_09,test_id_000814,6,sink_like,1,2,test_id_000814_t1_c2,little,little_1,1,0.9,0.86,5,205230.14,204336.75,224516.859375,230652.265625,244597.859375,16,16.54112116655836,HI,230652.265625,15665.78125,246318.046875,205230.140625,40261.109375
test_id_test_id_000814_10,test_id_000814,6,sink_like,1,3,test_id_000814_t1_c3,big,big_0,2,1.8,1.06,5,93465.25,95982.703125,110702.5,114733.8125,124885.21875,16,16.54112116655836,HI,114733.8125,15665.78125,130399.59375,93465.25,28902.515625
test_id_test_id_000814_11,test_id_000814,6,sink_like,1,4,test_id_000814_t1_c4,little,little_1,2,1.2,0.93,5,155188.72,164266.4375,181870.9375,187116.59375,199372.5,16,16.54112116655836,HI,187116.59375,15665.78125,202782.375,155188.71875,35106.0625
test_id_test_id_000814_12,test_id_000814,6,sink_like,1,5,test_id_000814_t1_c5,big,big_0,3,2.2,1.15,5,73257.83,71147.625,84968.546875,88820.765625,98356.9375,16,16.54112116655836,HI,88820.765625,15665.78125,104486.546875,73257.828125,27209.3125
test_id_test_id_000814_13,test_id_000814,6,sink_like,1,6,test_id_000814_t1_c6,little,little_0,3,1.5,1.0,5,151512.9,145463.65625,161933.0,166678.03125,178059.46875,16,16.54112116655836,HI,166678.03125,15665.78125,182343.8125,151512.90625,32595.8125
test_id_test_id_000814_14,test_id_000814,213,middle,2,0,test_id_000814_t2_c0,big,big_1,1,1.4,0.98,212,163751.03,156814.890625,174018.703125,179086.90625,191050.09375,16,16.54112116655836,HI,179086.90625,15665.78125,194752.6875,163751.03125,34235.203125
test_id_test_id_000814_15,test_id_000814,213,middle,2,1,test_id_000814_t2_c1,little,little_0,1,0.9,0.86,212,214489.88,224345.671875,245316.84375,251523.96875,265636.4375,16,16.54112116655836,HI,251523.96875,15665.78125,267189.75,214489.875,41290.765625
test_id_test_id_000814_16,test_id_000814,213,middle,2,2,test_id_000814_t2_c2,big,big_1,2,1.8,1.06,212,108731.56,107491.40625,122499.125,126633.046875,136995.5,16,16.54112116655836,HI,126633.046875,15665.78125,142298.828125,108731.5625,29504.09375
test_id_test_id_000814_17,test_id_000814,213,middle,2,3,test_id_000814_t2_c3,little,little_1,2,1.2,0.93,212,158825.16,165701.921875,183298.6875,188511.0,200709.84375,16,16.54112116655836,HI,188511.0,15665.78125,204176.78125,158825.15625,35007.921875
test_id_test_id_000814_18,test_id_000814,213,middle,2,4,test_id_000814_t2_c4,big,big_0,3,2.2,1.15,212,70360.33,76465.71875,90442.890625,94312.28125,103963.734375,16,16.54112116655836,HI,94312.28125,15665.78125,109978.0625,70360.328125,27498.015625
test_id_test_id_000814_19,test_id_000814,213,middle,2,5,test_id_000814_t2_c5,little,little_1,3,1.5,1.0,212,142978.55,158379.21875,175553.0,180582.5,192462.375,16,16.54112116655836,HI,180582.5,15665.78125,196248.28125,142978.546875,34083.15625
test_id_test_id_000814_20,test_id_000814,213,middle,2,6,test_id_000814_t2_c6,big,big_1,0,1.0,0.9,212,144943.66,152185.0,169274.09375,174334.65625,186297.875,16,16.54112116655836,HI,174334.65625,15665.78125,190000.4375,144943.65625,34112.875
test_id_test_id_000814_21,test_id_000814,436,high_degree,3,0,test_id_000814_t3_c0,little,little_1,1,0.9,0.86,435,323854.53,314643.59375,341540.3125,349175.65625,366206.125,16,16.54112116655836,HI,349175.65625,15665.78125,364841.4375,323854.53125,51562.53125
test_id_test_id_000814_22,test_id_000814,436,high_degree,3,1,test_id_000814_t3_c1,big,big_1,2,1.8,1.06,435,115059.97,121807.21875,137240.46875,141543.71875,152188.0625,16,16.54112116655836,HI,141543.71875,15665.78125,157209.5,115059.96875,30380.84375
test_id_test_id_000814_23,test_id_000814,436,high_degree,3,2,test_id_000814_t3_c2,little,little_1,2,1.2,0.93,435,244906.14,237956.28125,259712.25,266128.375,280629.0625,16,16.54112116655836,HI,266128.375,15665.78125,281794.15625,244906.140625,42672.78125
test_id_test_id_000814_24,test_id_000814,436,high_degree,3,3,test_id_000814_t3_c3,big,big_1,3,2.2,1.15,435,93658.71,92569.015625,107055.5625,111033.96875,121060.296875,16,16.54112116655836,HI,111033.96875,15665.78125,126699.75,93658.7109375,28491.28125
test_id_test_id_000814_25,test_id_000814,436,high_degree,3,4,test_id_000814_t3_c4,little,little_0,3,1.5,1.0,435,156859.84,163737.796875,181256.015625,186426.75,198550.6875,16,16.54112116655836,HI,186426.75,15665.78125,202092.53125,156859.84375,34812.890625
test_id_test_id_000814_26,test_id_000814,436,high_degree,3,5,test_id_000814_t3_c5,big,big_1,0,1.0,0.9,435,190210.38,187782.625,206844.71875,212620.890625,225855.6875,16,16.54112116655836,HI,212620.890625,15665.78125,228286.671875,190210.375,38073.0625
test_id_test_id_000814_27,test_id_000814,436,high_degree,3,6,test_id_000814_t3_c6,little,little_1,0,0.6,0.8,435,385717.38,396610.71875,428354.375,437038.34375,455923.46875,16,16.54112116655836,HI,437038.34375,15665.78125,452704.125,385717.375,59312.75
test_id_test_id_000814_28,test_id_000814,231,communication_heavy,4,0,test_id_000814_t4_c0,big,big_0,2,1.8,1.06,230,217895.34,222566.40625,243569.8125,249856.75,264080.0625,16,16.54112116655836,HI,249856.75,15665.78125,265522.53125,217895.34375,41513.65625
test_id_test_id_000814_29,test_id_000814,231,communication_heavy,4,1,test_id_000814_t4_c1,little,little_0,2,1.2,0.93,230,401996.53,394137.21875,427635.75,437105.625,457422.1875,16,16.54112116655836,HI,437105.625,15665.78125,452771.40625,401996.53125,63284.96875
test_id_test_id_000814_30,test_id_000814,231,communication_heavy,4,2,test_id_000814_t4_c2,big,big_0,3,2.2,1.15,230,256031.38,236667.890625,258520.609375,265025.53125,279690.5625,16,16.54112116655836,HI,265025.53125,15665.78125,280691.3125,256031.375,43022.671875
test_id_test_id_000814_31,test_id_000814,231,communication_heavy,4,3,test_id_000814_t4_c3,little,little_1,3,1.5,1.0,230,360351.44,328943.0625,357080.96875,365073.0625,382780.9375,16,16.54112116655836,HI,365073.0625,15665.78125,380738.84375,360351.4375,53837.875
test_id_test_id_000814_32,test_id_000814,231,communication_heavy,4,4,test_id_000814_t4_c4,big,big_0,0,1.0,0.9,230,325769.84,327424.75,355365.0625,363286.125,380886.1875,16,16.54112116655836,HI,363286.125,15665.78125,378951.90625,325769.84375,53461.4375
test_id_test_id_000814_33,test_id_000814,231,communication_heavy,4,5,test_id_000814_t4_c5,little,little_1,0,0.6,0.8,230,662975.75,653862.1875,707209.5,723359.6875,750904.5625,16,16.54112116655836,HI,723359.6875,15665.78125,739025.46875,662975.75,97042.375
test_id_test_id_000814_34,test_id_000814,231,communication_heavy,4,6,test_id_000814_t4_c6,big,big_0,1,1.4,0.98,230,325389.22,308413.0,334969.9375,342552.71875,359462.90625,16,16.54112116655836,HI,342552.71875,15665.78125,358218.5,325389.21875,51049.90625
test_id_test_id_000814_35,test_id_000814,423,random,5,0,test_id_000814_t5_c0,little,little_1,2,1.2,0.93,422,217938.39,229102.59375,250349.8125,256649.25,270909.4375,16,16.54112116655836,HI,256649.25,15665.78125,272315.03125,217938.390625,41806.84375
test_id_test_id_000814_36,test_id_000814,423,random,5,1,test_id_000814_t5_c1,big,big_1,3,2.2,1.15,422,131784.36,134457.140625,150483.84375,154996.34375,166004.375,16,16.54112116655836,HI,154996.34375,15665.78125,170662.125,131784.359375,31547.234375
test_id_test_id_000814_37,test_id_000814,423,random,5,2,test_id_000814_t5_c2,little,little_1,3,1.5,1.0,422,205043.48,197422.8125,216811.125,222603.3125,235869.90625,16,16.54112116655836,HI,222603.3125,15665.78125,238269.09375,205043.484375,38447.09375
test_id_test_id_000814_38,test_id_000814,423,random,5,3,test_id_000814_t5_c3,big,big_1,0,1.0,0.9,422,161011.86,179595.015625,198113.875,203695.1875,216561.03125,16,16.54112116655836,HI,203695.1875,15665.78125,219360.96875,161011.859375,36966.015625
test_id_test_id_000814_39,test_id_000814,423,random,5,4,test_id_000814_t5_c4,little,little_1,0,0.6,0.8,422,469756.4,448654.375,484607.5625,494649.25,515380.4375,16,16.54112116655836,HI,494649.25,15665.78125,510315.03125,469756.40625,66726.0625
test_id_test_id_000814_40,test_id_000814,423,random,5,5,test_id_000814_t5_c5,big,big_1,1,1.4,0.98,422,151493.48,152544.453125,169419.53125,174335.09375,186011.90625,16,16.54112116655836,HI,174335.09375,15665.78125,190000.875,151493.484375,33467.453125
test_id_test_id_000814_41,test_id_000814,423,random,5,6,test_id_000814_t5_c6,little,little_0,1,0.9,0.86,422,257210.72,250378.515625,272897.625,279487.40625,294371.53125,16,16.54112116655836,HI,279487.40625,15665.78125,295153.1875,257210.71875,43993.015625
test_id_test_id_000832_00,test_id_000832,1,source_like,0,0,test_id_000832_t0_c0,big,big_1,3,2.2,1.15,0,42930.598,44785.5,57498.171875,61237.796875,70056.953125,16,16.54112116655836,LO,61237.796875,0.0,61237.796875,42930.59765625,25271.453125
test_id_test_id_000832_01,test_id_000832,1,source_like,0,1,test_id_000832_t0_c1,little,little_0,3,1.5,1.0,0,93625.74,95048.25,109786.515625,113833.09375,124001.953125,16,16.54112116655836,LO,113833.09375,0.0,113833.09375,93625.7421875,28953.703125
test_id_test_id_000832_02,test_id_000832,1,source_like,0,2,test_id_000832_t0_c2,big,big_0,0,1.0,0.9,0,94171.93,94015.796875,108873.53125,113024.8125,123390.453125,16,16.54112116655836,LO,113024.8125,0.0,113024.8125,94171.9296875,29374.65625
test_id_test_id_000832_03,test_id_000832,1,source_like,0,3,test_id_000832_t0_c3,little,little_0,0,0.6,0.8,0,257625.4,253510.109375,277430.96875,284444.375,300498.1875,16,16.54112116655836,LO,284444.375,0.0,284444.375,257625.40625,46988.078125
test_id_test_id_000832_04,test_id_000832,1,source_like,0,4,test_id_000832_t0_c4,big,big_0,1,1.4,0.98,0,75781.375,74587.109375,88709.578125,92627.109375,102328.65625,16,16.54112116655836,LO,92627.109375,0.0,92627.109375,75781.375,27741.546875
test_id_test_id_000832_05,test_id_000832,1,source_like,0,5,test_id_000832_t0_c5,little,little_0,1,0.9,0.86,0,169864.53,164303.0,182205.859375,187573.390625,200091.703125,16,16.54112116655836,LO,187573.390625,0.0,187573.390625,169864.53125,35788.703125
test_id_test_id_000832_06,test_id_000832,1,source_like,0,6,test_id_000832_t0_c6,big,big_1,2,1.8,1.06,0,58639.62,58524.703125,71865.03125,75669.375,84872.625,16,16.54112116655836,LO,75669.375,0.0,75669.375,58639.62109375,26347.921875
test_id_test_id_000832_07,test_id_000832,147,sink_like,1,0,test_id_000832_t1_c0,little,little_1,3,1.5,1.0,146,285011.7,273527.65625,297630.625,304637.90625,320345.125,16,16.54112116655836,LO,304637.90625,0.0,304637.90625,285011.6875,46817.46875
test_id_test_id_000832_08,test_id_000832,147,sink_like,1,1,test_id_000832_t1_c1,big,big_0,0,1.0,0.9,146,367212.66,347090.1875,376675.0625,385044.34375,403471.59375,16,16.54112116655836,LO,385044.34375,0.0,385044.34375,367212.65625,56381.40625
test_id_test_id_000832_09,test_id_000832,147,sink_like,1,2,test_id_000832_t1_c2,little,little_0,0,0.6,0.8,146,583039.0,576142.0,622168.3125,635620.375,660050.875,16,16.54112116655836,LO,635620.375,0.0,635620.375,583039.0,83908.875
test_id_test_id_000832_10,test_id_000832,147,sink_like,1,3,test_id_000832_t1_c3,big,big_0,1,1.4,0.98,146,256456.38,247261.078125,269697.78125,276315.03125,291212.3125,16,16.54112116655836,LO,276315.03125,0.0,276315.03125,256456.375,43951.234375
test_id_test_id_000832_11,test_id_000832,147,sink_like,1,4,test_id_000832_t1_c4,little,little_1,1,0.9,0.86,146,426293.28,413298.8125,447978.34375,457747.75,478484.75,16,16.54112116655836,LO,457747.75,0.0,457747.75,426293.28125,65185.9375
test_id_test_id_000832_12,test_id_000832,147,sink_like,1,5,test_id_000832_t1_c5,big,big_1,2,1.8,1.06,146,175673.98,181297.5,199896.90625,205460.8125,218309.921875,16,16.54112116655836,LO,205460.8125,0.0,205460.8125,175673.984375,37012.421875
test_id_test_id_000832_13,test_id_000832,147,sink_like,1,6,test_id_000832_t1_c6,little,little_0,2,1.2,0.93,146,374384.12,359369.3125,389931.8125,398567.625,417466.375,16,16.54112116655836,LO,398567.625,0.0,398567.625,374384.125,58097.0625
test_id_test_id_000832_14,test_id_000832,82,middle,2,0,test_id_000832_t2_c0,big,big_0,0,1.0,0.9,81,176084.1,185940.59375,204922.5,210680.765625,223889.625,16,16.54112116655836,LO,210680.765625,0.0,210680.765625,176084.09375,37949.03125
test_id_test_id_000832_15,test_id_000832,82,middle,2,1,test_id_000832_t2_c1,little,little_1,0,0.6,0.8,81,399981.78,407412.625,439983.40625,448903.0,468091.0,16,16.54112116655836,LO,448903.0,0.0,448903.0,399981.78125,60678.375
test_id_test_id_000832_16,test_id_000832,82,middle,2,2,test_id_000832_t2_c2,big,big_0,1,1.4,0.98,81,151133.73,151399.9375,168253.265625,173157.734375,184824.15625,16,16.54112116655836,LO,173157.734375,0.0,173157.734375,151133.734375,33424.21875
test_id_test_id_000832_17,test_id_000832,82,middle,2,3,test_id_000832_t2_c3,little,little_0,1,0.9,0.86,81,255908.86,238286.8125,260089.15625,266517.96875,281065.09375,16,16.54112116655836,LO,266517.96875,0.0,266517.96875,255908.859375,42778.28125
test_id_test_id_000832_18,test_id_000832,82,middle,2,4,test_id_000832_t2_c4,big,big_1,2,1.8,1.06,81,123522.266,125165.015625,140753.953125,145110.03125,155848.0,16,16.54112116655836,LO,145110.03125,0.0,145110.03125,123522.265625,30682.984375
test_id_test_id_000832_19,test_id_000832,82,middle,2,5,test_id_000832_t2_c5,little,little_0,2,1.2,0.93,81,187027.6,194799.46875,214127.0,219943.59375,233246.015625,16,16.54112116655836,LO,219943.59375,0.0,219943.59375,187027.59375,38446.546875
test_id_test_id_000832_20,test_id_000832,82,middle,2,6,test_id_000832_t2_c6,big,big_1,3,2.2,1.15,81,101549.34,98865.59375,113588.09375,117617.828125,127773.34375,16,16.54112116655836,LO,117617.828125,0.0,117617.828125,101549.34375,28907.75
test_id_test_id_000832_21,test_id_000832,45,high_degree,3,0,test_id_000832_t3_c0,little,little_0,0,0.6,0.8,44,779969.75,724345.1875,783954.875,802037.6875,832567.9375,16,16.54112116655836,LO,802037.6875,0.0,802037.6875,779969.75,108222.75
test_id_test_id_000832_22,test_id_000832,45,high_degree,3,1,test_id_000832_t3_c1,big,big_1,1,1.4,0.98,44,264306.0,249788.59375,272435.75,279121.40625,294163.5625,16,16.54112116655836,LO,279121.40625,0.0,279121.40625,264306.0,44374.96875
test_id_test_id_000832_23,test_id_000832,45,high_degree,3,2,test_id_000832_t3_c2,little,little_0,1,0.9,0.86,44,533490.4,506165.0,548554.375,560768.875,584703.9375,16,16.54112116655836,LO,560768.875,0.0,560768.875,533490.375,78538.9375
test_id_test_id_000832_24,test_id_000832,45,high_degree,3,3,test_id_000832_t3_c3,big,big_1,2,1.8,1.06,44,231435.22,235770.703125,257581.3125,264079.5625,278728.09375,16,16.54112116655836,LO,264079.5625,0.0,264079.5625,231435.21875,42957.390625
test_id_test_id_000832_25,test_id_000832,45,high_degree,3,4,test_id_000832_t3_c4,little,little_1,2,1.2,0.93,44,347046.2,335522.25,364068.0,372147.09375,390035.4375,16,16.54112116655836,LO,372147.09375,0.0,372147.09375,347046.1875,54513.1875
test_id_test_id_000832_26,test_id_000832,45,high_degree,3,5,test_id_000832_t3_c5,big,big_0,3,2.2,1.15,44,192044.5,198819.015625,218544.078125,224499.9375,238097.078125,16,16.54112116655836,LO,224499.9375,0.0,224499.9375,192044.5,39278.0625
test_id_test_id_000832_27,test_id_000832,45,high_degree,3,6,test_id_000832_t3_c6,little,little_1,3,1.5,1.0,44,293424.88,290152.5625,315409.9375,322694.0,338989.625,16,16.54112116655836,LO,322694.0,0.0,322694.0,293424.875,48837.0625
test_id_test_id_000832_28,test_id_000832,96,communication_heavy,4,0,test_id_000832_t4_c0,big,big_1,1,1.4,0.98,95,237305.98,234887.875,256555.84375,262984.0625,277496.0,16,16.54112116655836,LO,262984.0625,0.0,262984.0625,237305.984375,42608.125
test_id_test_id_000832_29,test_id_000832,96,communication_heavy,4,1,test_id_000832_t4_c1,little,little_0,1,0.9,0.86,95,507171.0,485231.5,526267.3125,538076.75,561617.0625,16,16.54112116655836,LO,538076.75,0.0,538076.75,507171.0,76385.5625
test_id_test_id_000832_30,test_id_000832,96,communication_heavy,4,2,test_id_000832_t4_c2,big,big_1,2,1.8,1.06,95,232978.95,224236.65625,245314.015625,251615.5,265864.21875,16,16.54112116655836,LO,251615.5,0.0,251615.5,232978.953125,41627.5625
test_id_test_id_000832_31,test_id_000832,96,communication_heavy,4,3,test_id_000832_t4_c3,little,little_0,2,1.2,0.93,95,269616.72,293480.84375,318907.3125,326213.4375,342556.59375,16,16.54112116655836,LO,326213.4375,0.0,326213.4375,269616.71875,49075.75
test_id_test_id_000832_32,test_id_000832,96,communication_heavy,4,4,test_id_000832_t4_c4,big,big_0,3,2.2,1.15,95,189493.64,187723.90625,206699.390625,212390.234375,225478.09375,16,16.54112116655836,LO,212390.234375,0.0,212390.234375,189493.640625,37754.1875
test_id_test_id_000832_33,test_id_000832,96,communication_heavy,4,5,test_id_000832_t4_c5,little,little_0,3,1.5,1.0,95,279076.84,274371.25,298510.0625,305519.40625,321232.4375,16,16.54112116655836,LO,305519.40625,0.0,305519.40625,279076.84375,46861.1875
test_id_test_id_000832_34,test_id_000832,96,communication_heavy,4,6,test_id_000832_t4_c6,big,big_0,0,1.0,0.9,95,312662.2,322361.96875,349936.875,357768.40625,375186.625,16,16.54112116655836,LO,357768.40625,0.0,357768.40625,312662.1875,52824.65625
test_id_test_id_000832_35,test_id_000832,90,random,5,0,test_id_000832_t5_c0,little,little_0,1,0.9,0.86,89,281288.72,258111.453125,281071.34375,287727.96875,302778.375,16,16.54112116655836,LO,287727.96875,0.0,287727.96875,281288.71875,44666.921875
test_id_test_id_000832_36,test_id_000832,90,random,5,1,test_id_000832_t5_c1,big,big_1,2,1.8,1.06,89,106312.94,104777.109375,119644.828125,123734.90625,134009.25,16,16.54112116655836,LO,123734.90625,0.0,123734.90625,106312.9375,29232.140625
test_id_test_id_000832_37,test_id_000832,90,random,5,2,test_id_000832_t5_c2,little,little_1,2,1.2,0.93,89,156044.2,169331.484375,187173.59375,192487.46875,204866.5,16,16.54112116655836,LO,192487.46875,0.0,192487.46875,156044.203125,35535.015625
test_id_test_id_000832_38,test_id_000832,90,random,5,3,test_id_000832_t5_c3,big,big_0,3,2.2,1.15,89,94658.77,89760.390625,104207.828125,108165.78125,118135.53125,16,16.54112116655836,LO,108165.78125,0.0,108165.78125,94658.7734375,28375.140625
test_id_test_id_000832_39,test_id_000832,90,random,5,4,test_id_000832_t5_c4,little,little_0,3,1.5,1.0,89,179852.83,172339.59375,190275.375,195583.796875,207959.6875,16,16.54112116655836,LO,195583.796875,0.0,195583.796875,179852.828125,35620.09375
test_id_test_id_000832_40,test_id_000832,90,random,5,5,test_id_000832_t5_c5,big,big_0,0,1.0,0.9,89,195857.42,181392.0625,200044.5625,205671.796875,218644.046875,16,16.54112116655836,LO,205671.796875,0.0,205671.796875,195857.421875,37251.984375
test_id_test_id_000832_41,test_id_000832,90,random,5,6,test_id_000832_t5_c6,little,little_1,0,0.6,0.8,89,297567.97,305516.4375,331838.59375,339209.875,356062.21875,16,16.54112116655836,LO,339209.875,0.0,339209.875,297567.96875,50545.78125
test_id_test_id_000844_00,test_id_000844,5,source_like,0,0,test_id_000844_t0_c0,little,little_0,3,1.5,1.0,4,105348.69,101493.4375,116364.8125,120450.078125,130714.890625,16,16.54112116655836,HI,120450.078125,15665.78125,136115.859375,105348.6875,29221.453125
test_id_test_id_000844_01,test_id_000844,5,source_like,0,1,test_id_000844_t0_c1,big,big_0,0,1.0,0.9,4,102518.71,100204.578125,115201.890625,119408.921875,129897.78125,16,16.54112116655836,HI,119408.921875,15665.78125,135074.703125,102518.7109375,29693.203125
test_id_test_id_000844_02,test_id_000844,5,source_like,0,2,test_id_000844_t0_c2,little,little_0,0,0.6,0.8,4,273764.75,269853.75,294435.0625,301452.875,317624.375,16,16.54112116655836,HI,301452.875,15665.78125,317118.65625,273764.75,47770.625
test_id_test_id_000844_03,test_id_000844,5,source_like,0,3,test_id_000844_t0_c3,big,big_0,1,1.4,0.98,4,74425.47,78256.640625,92492.765625,96432.734375,106235.203125,16,16.54112116655836,HI,96432.734375,15665.78125,112098.515625,74425.46875,27978.5625
test_id_test_id_000844_04,test_id_000844,5,source_like,0,4,test_id_000844_t0_c4,little,little_0,1,0.9,0.86,4,164891.11,166617.953125,184792.59375,190290.96875,203042.34375,16,16.54112116655836,HI,190290.96875,15665.78125,205956.75,164891.109375,36424.390625
test_id_test_id_000844_05,test_id_000844,5,source_like,0,5,test_id_000844_t0_c5,big,big_0,2,1.8,1.06,4,58700.266,61249.34375,74715.15625,78535.765625,87824.390625,16,16.54112116655836,HI,78535.765625,15665.78125,94201.546875,58700.265625,26575.046875
test_id_test_id_000844_06,test_id_000844,5,source_like,0,6,test_id_000844_t0_c6,little,little_1,2,1.2,0.93,4,122362.93,125576.3125,141238.359375,145707.3125,156621.28125,16,16.54112116655836,HI,145707.3125,15665.78125,161373.09375,122362.9296875,31044.96875
test_id_test_id_000844_07,test_id_000844,65,sink_like,1,0,test_id_000844_t1_c0,big,big_0,0,1.0,0.9,64,299368.78,288844.125,313962.46875,321182.4375,337365.21875,16,16.54112116655836,HI,321182.4375,15665.78125,336848.21875,299368.78125,48521.09375
test_id_test_id_000844_08,test_id_000844,65,sink_like,1,1,test_id_000844_t1_c1,little,little_1,0,0.6,0.8,64,549659.2,555089.5625,599206.3125,611962.9375,635603.25,16,16.54112116655836,HI,611962.9375,15665.78125,627628.71875,549659.1875,80513.6875
test_id_test_id_000844_09,test_id_000844,65,sink_like,1,2,test_id_000844_t1_c2,big,big_0,1,1.4,0.98,64,218342.39,217328.484375,238013.875,244215.796875,258271.40625,16,16.54112116655836,HI,244215.796875,15665.78125,259881.578125,218342.390625,40942.921875
test_id_test_id_000844_10,test_id_000844,65,sink_like,1,3,test_id_000844_t1_c3,little,little_1,1,0.9,0.86,64,438357.34,459922.6875,498699.625,509768.5625,532346.5625,16,16.54112116655836,HI,509768.5625,15665.78125,525434.34375,438357.34375,72423.875
test_id_test_id_000844_11,test_id_000844,65,sink_like,1,4,test_id_000844_t1_c4,big,big_1,2,1.8,1.06,64,151530.23,168843.625,186677.359375,191955.125,204282.40625,16,16.54112116655836,HI,191955.125,15665.78125,207620.90625,151530.234375,35438.78125
test_id_test_id_000844_12,test_id_000844,65,sink_like,1,5,test_id_000844_t1_c5,little,little_1,2,1.2,0.93,64,320985.9,320106.5625,347512.0625,355309.875,372636.9375,16,16.54112116655836,HI,355309.875,15665.78125,370975.65625,320985.90625,52530.375
test_id_test_id_000844_13,test_id_000844,65,sink_like,1,6,test_id_000844_t1_c6,big,big_1,3,2.2,1.15,64,116158.27,131116.5,146876.1875,151329.5625,162211.65625,16,16.54112116655836,HI,151329.5625,15665.78125,166995.34375,116158.2734375,31095.15625
test_id_test_id_000844_14,test_id_000844,176,middle,2,0,test_id_000844_t2_c0,little,little_0,0,0.6,0.8,175,477154.94,482551.21875,521342.9375,532317.9375,554260.25,16,16.54112116655836,HI,532317.9375,15665.78125,547983.71875,477154.9375,71709.03125
test_id_test_id_000844_15,test_id_000844,176,middle,2,1,test_id_000844_t2_c1,big,big_1,1,1.4,0.98,175,230357.12,228260.21875,249461.4375,255753.078125,269987.5,16,16.54112116655836,HI,255753.078125,15665.78125,271418.859375,230357.125,41727.28125
test_id_test_id_000844_16,test_id_000844,176,middle,2,2,test_id_000844_t2_c2,little,little_1,1,0.9,0.86,175,309122.8,318969.84375,346185.46875,353913.6875,371120.03125,16,16.54112116655836,HI,353913.6875,15665.78125,369579.46875,309122.8125,52150.1875
test_id_test_id_000844_17,test_id_000844,176,middle,2,3,test_id_000844_t2_c3,big,big_0,2,1.8,1.06,175,142951.8,156698.28125,173774.375,178755.015625,190546.484375,16,16.54112116655836,HI,178755.015625,15665.78125,194420.796875,142951.796875,33848.203125
test_id_test_id_000844_18,test_id_000844,176,middle,2,4,test_id_000844_t2_c4,little,little_0,2,1.2,0.93,175,313348.7,310117.71875,336808.9375,344427.5,361402.53125,16,16.54112116655836,HI,344427.5,15665.78125,360093.28125,313348.6875,51284.8125
test_id_test_id_000844_19,test_id_000844,176,middle,2,5,test_id_000844_t2_c5,big,big_0,3,2.2,1.15,175,128985.4,129858.09375,145556.375,149972.75,160794.25,16,16.54112116655836,HI,149972.75,15665.78125,165638.53125,128985.3984375,30936.15625
test_id_test_id_000844_20,test_id_000844,176,middle,2,6,test_id_000844_t2_c6,little,little_0,3,1.5,1.0,175,231309.33,231394.796875,252755.171875,259076.453125,273376.46875,16,16.54112116655836,HI,259076.453125,15665.78125,274742.234375,231309.328125,41981.671875
test_id_test_id_000844_21,test_id_000844,59,high_degree,3,0,test_id_000844_t3_c0,big,big_1,1,1.4,0.98,58,126803.03,154049.875,171086.40625,176086.78125,187923.59375,16,16.54112116655836,HI,176086.78125,15665.78125,191752.5625,126803.03125,33873.71875
test_id_test_id_000844_22,test_id_000844,59,high_degree,3,1,test_id_000844_t3_c1,little,little_1,1,0.9,0.86,58,218099.39,255502.09375,278301.5,284924.84375,299892.09375,16,16.54112116655836,HI,284924.84375,15665.78125,300590.625,218099.390625,44390.0
test_id_test_id_000844_23,test_id_000844,59,high_degree,3,2,test_id_000844_t3_c2,big,big_1,2,1.8,1.06,58,105934.97,118019.3125,133349.078125,137613.546875,148198.9375,16,16.54112116655836,HI,137613.546875,15665.78125,153279.328125,105934.96875,30179.625
test_id_test_id_000844_24,test_id_000844,59,high_degree,3,3,test_id_000844_t3_c3,little,little_1,2,1.2,0.93,58,151109.1,178892.375,197217.125,202684.140625,215341.1875,16,16.54112116655836,HI,202684.140625,15665.78125,218349.921875,151109.09375,36448.8125
test_id_test_id_000844_25,test_id_000844,59,high_degree,3,4,test_id_000844_t3_c4,big,big_1,3,2.2,1.15,58,74023.25,89572.15625,104000.828125,107954.859375,117913.296875,16,16.54112116655836,HI,107954.859375,15665.78125,123620.640625,74023.25,28341.140625
test_id_test_id_000844_26,test_id_000844,59,high_degree,3,5,test_id_000844_t3_c5,little,little_0,3,1.5,1.0,58,116861.45,141298.296875,157530.3125,162184.65625,173405.09375,16,16.54112116655836,HI,162184.65625,15665.78125,177850.4375,116861.453125,32106.796875
test_id_test_id_000844_27,test_id_000844,59,high_degree,3,6,test_id_000844_t3_c6,big,big_0,0,1.0,0.9,58,125229.55,157833.796875,175183.859375,180342.96875,192467.484375,16,16.54112116655836,HI,180342.96875,15665.78125,196008.75,125229.546875,34633.6875
test_id_test_id_000844_28,test_id_000844,197,communication_heavy,4,0,test_id_000844_t4_c0,little,little_1,1,0.9,0.86,196,345805.28,351174.5625,381001.71875,389427.9375,407956.5625,16,16.54112116655836,HI,389427.9375,15665.78125,405093.71875,345805.28125,56782.0
test_id_test_id_000844_29,test_id_000844,197,communication_heavy,4,1,test_id_000844_t4_c1,big,big_1,2,1.8,1.06,196,156368.67,160820.359375,178108.375,183171.484375,195106.359375,16,16.54112116655836,HI,183171.484375,15665.78125,198837.265625,156368.671875,34286.0
test_id_test_id_000844_30,test_id_000844,197,communication_heavy,4,2,test_id_000844_t4_c2,little,little_1,2,1.2,0.93,196,235322.5,253980.578125,276729.53125,283378.90625,298364.03125,16,16.54112116655836,HI,283378.90625,15665.78125,299044.6875,235322.5,44383.453125
test_id_test_id_000844_31,test_id_000844,197,communication_heavy,4,3,test_id_000844_t4_c3,big,big_0,3,2.2,1.15,196,144539.22,151105.875,167894.5625,172748.34375,184324.359375,16,16.54112116655836,HI,172748.34375,15665.78125,188414.125,144539.21875,33218.484375
test_id_test_id_000844_32,test_id_000844,197,communication_heavy,4,4,test_id_000844_t4_c4,little,little_0,3,1.5,1.0,196,253866.48,244946.875,267125.75,273644.03125,288343.0,16,16.54112116655836,HI,273644.03125,15665.78125,289309.8125,253866.484375,43396.125
test_id_test_id_000844_33,test_id_000844,197,communication_heavy,4,5,test_id_000844_t4_c5,big,big_0,0,1.0,0.9,196,303742.38,280701.6875,305208.96875,312262.09375,328109.84375,16,16.54112116655836,HI,312262.09375,15665.78125,327927.875,303742.375,47408.15625
test_id_test_id_000844_34,test_id_000844,197,communication_heavy,4,6,test_id_000844_t4_c6,little,little_1,0,0.6,0.8,196,396353.38,422941.65625,457488.375,467162.65625,487615.5625,16,16.54112116655836,HI,467162.65625,15665.78125,482828.4375,396353.375,64673.90625
test_id_test_id_000844_35,test_id_000844,192,random,5,0,test_id_000844_t5_c0,big,big_0,2,1.8,1.06,191,112846.01,117116.125,132441.53125,136672.765625,147210.953125,16,16.54112116655836,HI,136672.765625,15665.78125,152338.546875,112846.0078125,30094.828125
test_id_test_id_000844_36,test_id_000844,192,random,5,1,test_id_000844_t5_c1,little,little_0,2,1.2,0.93,191,192012.05,185459.90625,204262.84375,209927.078125,222938.71875,16,16.54112116655836,HI,209927.078125,15665.78125,225592.859375,192012.046875,37478.8125
test_id_test_id_000844_37,test_id_000844,192,random,5,2,test_id_000844_t5_c2,big,big_1,3,2.2,1.15,191,85441.53,85212.71875,99546.453125,103484.171875,113377.28125,16,16.54112116655836,HI,103484.171875,15665.78125,119149.953125,85441.53125,28164.5625
test_id_test_id_000844_38,test_id_000844,192,random,5,3,test_id_000844_t5_c3,little,little_0,3,1.5,1.0,191,172210.61,161076.28125,178395.4375,183476.03125,195442.21875,16,16.54112116655836,HI,183476.03125,15665.78125,199141.8125,172210.609375,34365.9375
test_id_test_id_000844_39,test_id_000844,192,random,5,4,test_id_000844_t5_c4,big,big_0,0,1.0,0.9,191,163038.47,171919.25,190067.0,195530.28125,208198.40625,16,16.54112116655836,HI,195530.28125,15665.78125,211196.0625,163038.46875,36279.15625
test_id_test_id_000844_40,test_id_000844,192,random,5,5,test_id_000844_t5_c5,little,little_1,0,0.6,0.8,191,398947.47,362575.9375,391528.09375,399274.09375,416688.125,16,16.54112116655836,HI,399274.09375,15665.78125,414939.875,398947.46875,54112.1875
test_id_test_id_000844_41,test_id_000844,192,random,5,6,test_id_000844_t5_c6,big,big_1,1,1.4,0.98,191,116555.81,119545.40625,134920.5,139223.765625,149869.90625,16,16.54112116655836,HI,139223.765625,15665.78125,154889.546875,116555.8125,30324.5
test_id_test_id_000862_00,test_id_000862,11,source_like,0,0,test_id_000862_t0_c0,big,big_0,0,1.0,0.9,10,154678.6,155096.78125,172286.78125,177402.40625,189425.34375,16,16.54112116655836,LO,177402.40625,0.0,177402.40625,154678.59375,34328.5625
test_id_test_id_000862_01,test_id_000862,11,source_like,0,1,test_id_000862_t0_c1,little,little_0,0,0.6,0.8,10,402394.88,348694.4375,376411.34375,383696.21875,400336.59375,16,16.54112116655836,LO,383696.21875,0.0,383696.21875,402394.875,51642.15625
test_id_test_id_000862_02,test_id_000862,11,source_like,0,2,test_id_000862_t0_c2,big,big_0,1,1.4,0.98,10,114947.59,108887.578125,123903.53125,128097.59375,138549.734375,16,16.54112116655836,LO,128097.59375,0.0,128097.59375,114947.59375,29662.15625
test_id_test_id_000862_03,test_id_000862,11,source_like,0,3,test_id_000862_t0_c3,little,little_1,1,0.9,0.86,10,253664.7,221394.5625,242351.078125,248628.34375,262833.84375,16,16.54112116655836,LO,248628.34375,0.0,248628.34375,253664.703125,41439.28125
test_id_test_id_000862_04,test_id_000862,11,source_like,0,4,test_id_000862_t0_c4,big,big_1,2,1.8,1.06,10,83603.19,80568.703125,94725.640625,98671.140625,108525.78125,16,16.54112116655836,LO,98671.140625,0.0,98671.140625,83603.1875,27957.078125
test_id_test_id_000862_05,test_id_000862,11,source_like,0,5,test_id_000862_t0_c5,little,little_0,2,1.2,0.93,10,204597.39,184322.96875,202919.59375,208481.09375,221289.734375,16,16.54112116655836,LO,208481.09375,0.0,208481.09375,204597.390625,36966.765625
test_id_test_id_000862_06,test_id_000862,11,source_like,0,6,test_id_000862_t0_c6,big,big_0,3,2.2,1.15,10,78495.484,78270.5625,92430.796875,96360.421875,106161.0,16,16.54112116655836,LO,96360.421875,0.0,96360.421875,78495.484375,27890.4375
test_id_test_id_000862_07,test_id_000862,166,sink_like,1,0,test_id_000862_t1_c0,little,little_1,0,0.6,0.8,165,606920.8,636133.625,686995.5,702209.1875,728490.5,16,16.54112116655836,LO,702209.1875,0.0,702209.1875,606920.8125,92356.875
test_id_test_id_000862_08,test_id_000862,166,sink_like,1,1,test_id_000862_t1_c1,big,big_0,1,1.4,0.98,165,242201.89,253315.5625,276180.3125,282916.65625,298064.09375,16,16.54112116655836,LO,282916.65625,0.0,282916.65625,242201.890625,44748.53125
test_id_test_id_000862_09,test_id_000862,166,sink_like,1,2,test_id_000862_t1_c2,little,little_1,1,0.9,0.86,165,465268.56,513436.71875,556268.1875,568621.375,592659.75,16,16.54112116655836,LO,568621.375,0.0,568621.375,465268.5625,79223.03125
test_id_test_id_000862_10,test_id_000862,166,sink_like,1,3,test_id_000862_t1_c3,big,big_1,2,1.8,1.06,165,208605.11,230831.875,252386.6875,258836.328125,273384.125,16,16.54112116655836,LO,258836.328125,0.0,258836.328125,208605.109375,42552.25
test_id_test_id_000862_11,test_id_000862,166,sink_like,1,4,test_id_000862_t1_c4,little,little_0,2,1.2,0.93,165,428416.75,423094.375,459132.5,469374.84375,490887.6875,16,16.54112116655836,LO,469374.84375,0.0,469374.84375,428416.75,67793.3125
test_id_test_id_000862_12,test_id_000862,166,sink_like,1,5,test_id_000862_t1_c5,big,big_0,3,2.2,1.15,165,150004.88,170445.640625,188396.375,193721.4375,206141.8125,16,16.54112116655836,LO,193721.4375,0.0,193721.4375,150004.875,35696.171875
test_id_test_id_000862_13,test_id_000862,166,sink_like,1,6,test_id_000862_t1_c6,little,little_0,3,1.5,1.0,165,323716.9,335138.15625,363788.8125,371915.28125,389888.90625,16,16.54112116655836,LO,371915.28125,0.0,371915.28125,323716.90625,54750.75
test_id_test_id_000862_14,test_id_000862,163,middle,2,0,test_id_000862_t2_c0,big,big_0,1,1.4,0.98,162,237579.86,241769.109375,263887.90625,270438.9375,285198.75,16,16.54112116655836,LO,270438.9375,0.0,270438.9375,237579.859375,43429.640625
test_id_test_id_000862_15,test_id_000862,163,middle,2,1,test_id_000862_t2_c1,little,little_1,1,0.9,0.86,162,471372.06,470974.25,510469.59375,521737.6875,544539.6875,16,16.54112116655836,LO,521737.6875,0.0,521737.6875,471372.0625,73565.4375
test_id_test_id_000862_16,test_id_000862,163,middle,2,2,test_id_000862_t2_c2,big,big_1,2,1.8,1.06,162,220602.69,227952.8125,249279.140625,255653.5,270048.875,16,16.54112116655836,LO,255653.5,0.0,255653.5,220602.6875,42096.0625
test_id_test_id_000862_17,test_id_000862,163,middle,2,3,test_id_000862_t2_c3,little,little_1,2,1.2,0.93,162,349782.3,355447.46875,385628.21875,394150.4375,412849.1875,16,16.54112116655836,LO,394150.4375,0.0,394150.4375,349782.3125,57401.71875
test_id_test_id_000862_18,test_id_000862,163,middle,2,4,test_id_000862_t2_c4,big,big_1,3,2.2,1.15,162,186038.48,212619.296875,233081.828125,239243.46875,253222.890625,16,16.54112116655836,LO,239243.46875,0.0,239243.46875,186038.484375,40603.59375
test_id_test_id_000862_19,test_id_000862,163,middle,2,5,test_id_000862_t2_c5,little,little_1,3,1.5,1.0,162,255836.08,263174.875,286610.375,293466.59375,308862.0625,16,16.54112116655836,LO,293466.59375,0.0,293466.59375,255836.078125,45687.1875
test_id_test_id_000862_20,test_id_000862,163,middle,2,6,test_id_000862_t2_c6,big,big_1,0,1.0,0.9,162,304908.8,314205.96875,341142.0,348809.75,365902.375,16,16.54112116655836,LO,348809.75,0.0,348809.75,304908.8125,51696.40625
test_id_test_id_000862_21,test_id_000862,61,random,3,0,test_id_000862_t3_c0,little,little_1,1,0.9,0.86,60,129698.625,152464.90625,169990.4375,175260.25,187635.125,16,16.54112116655836,LO,175260.25,0.0,175260.25,129698.625,35170.21875
test_id_test_id_000862_22,test_id_000862,61,random,3,1,test_id_000862_t3_c1,big,big_0,2,1.8,1.06,60,54155.95,56402.46875,69684.921875,73531.0,82790.078125,16,16.54112116655836,LO,73531.0,0.0,73531.0,54155.94921875,26387.609375
test_id_test_id_000862_23,test_id_000862,61,random,3,2,test_id_000862_t3_c2,little,little_0,2,1.2,0.93,60,108811.69,117631.015625,133074.671875,137455.015625,148250.15625,16,16.54112116655836,LO,137455.015625,0.0,137455.015625,108811.6875,30619.140625
test_id_test_id_000862_24,test_id_000862,61,random,3,3,test_id_000862_t3_c3,big,big_0,3,2.2,1.15,60,38644.457,46548.015625,59394.5,63174.109375,72107.1875,16,16.54112116655836,LO,63174.109375,0.0,63174.109375,38644.45703125,25559.171875
test_id_test_id_000862_25,test_id_000862,61,random,3,4,test_id_000862_t3_c4,little,little_0,3,1.5,1.0,60,82840.51,90776.40625,105362.0625,109412.265625,119559.03125,16,16.54112116655836,LO,109412.265625,0.0,109412.265625,82840.5078125,28782.625
test_id_test_id_000862_26,test_id_000862,61,random,3,5,test_id_000862_t3_c5,big,big_0,0,1.0,0.9,60,101786.95,108304.984375,123720.390625,128143.875,139067.5625,16,16.54112116655836,LO,128143.875,0.0,128143.875,101786.953125,30762.578125
test_id_test_id_000862_27,test_id_000862,61,random,3,6,test_id_000862_t3_c6,little,little_0,0,0.6,0.8,60,214734.61,249223.34375,273197.3125,280313.8125,296616.6875,16,16.54112116655836,LO,280313.8125,0.0,280313.8125,214734.609375,47393.34375
test_id_test_id_000862_28,test_id_000862,14,diverse_fill_1,4,0,test_id_000862_t4_c0,big,big_0,2,1.8,1.06,13,44065.77,47097.28125,59996.484375,63806.09375,72805.625,16,16.54112116655836,LO,63806.09375,0.0,63806.09375,44065.76953125,25708.34375
test_id_test_id_000862_29,test_id_000862,14,diverse_fill_1,4,1,test_id_000862_t4_c1,little,little_1,2,1.2,0.93,13,102620.1,96950.96875,111808.828125,115940.75,126288.8125,16,16.54112116655836,LO,115940.75,0.0,115940.75,102620.1015625,29337.84375
test_id_test_id_000862_30,test_id_000862,14,diverse_fill_1,4,2,test_id_000862_t4_c2,big,big_0,3,2.2,1.15,13,35884.17,38330.9375,50913.953125,54709.5,63508.84375,16,16.54112116655836,LO,54709.5,0.0,54709.5,35884.171875,25177.90625
test_id_test_id_000862_31,test_id_000862,14,diverse_fill_1,4,3,test_id_000862_t4_c3,little,little_0,3,1.5,1.0,13,78976.46,78303.265625,92590.234375,96545.25,106377.421875,16,16.54112116655836,LO,96545.25,0.0,96545.25,78976.4609375,28074.15625
test_id_test_id_000862_32,test_id_000862,14,diverse_fill_1,4,4,test_id_000862_t4_c4,big,big_1,0,1.0,0.9,13,75911.95,80354.65625,94864.75,98933.359375,109022.625,16,16.54112116655836,LO,98933.359375,0.0,98933.359375,75911.953125,28667.96875
test_id_test_id_000862_33,test_id_000862,14,diverse_fill_1,4,5,test_id_000862_t4_c5,little,little_0,0,0.6,0.8,13,185903.14,178582.5625,198082.6875,204061.84375,217788.265625,16,16.54112116655836,LO,204061.84375,0.0,204061.84375,185903.140625,39205.703125
test_id_test_id_000862_34,test_id_000862,14,diverse_fill_1,4,6,test_id_000862_t4_c6,big,big_1,1,1.4,0.98,13,54977.863,57137.953125,70497.75,74356.484375,83643.796875,16,16.54112116655836,LO,74356.484375,0.0,74356.484375,54977.86328125,26505.84375
test_id_test_id_000862_35,test_id_000862,105,diverse_fill_2,5,0,test_id_000862_t5_c0,little,little_0,2,1.2,0.93,104,149902.39,133955.65625,150034.078125,154679.125,165904.34375,16,16.54112116655836,LO,154679.125,0.0,154679.125,149902.390625,31948.6875
test_id_test_id_000862_36,test_id_000862,105,diverse_fill_2,5,1,test_id_000862_t5_c1,big,big_0,3,2.2,1.15,104,54080.15,52777.734375,65846.75,69629.78125,78694.5625,16,16.54112116655836,LO,69629.78125,0.0,69629.78125,54080.1484375,25916.828125
test_id_test_id_000862_37,test_id_000862,105,diverse_fill_2,5,2,test_id_000862_t5_c2,little,little_1,3,1.5,1.0,104,114547.15,106652.84375,121656.953125,125809.515625,136202.015625,16,16.54112116655836,LO,125809.515625,0.0,125809.515625,114547.1484375,29549.171875
test_id_test_id_000862_38,test_id_000862,105,diverse_fill_2,5,3,test_id_000862_t5_c3,big,big_1,0,1.0,0.9,104,115916.61,108740.59375,124101.890625,128485.90625,139321.75,16,16.54112116655836,LO,128485.90625,0.0,128485.90625,115916.609375,30581.15625
test_id_test_id_000862_39,test_id_000862,105,diverse_fill_2,5,4,test_id_000862_t5_c4,little,little_0,0,0.6,0.8,104,284895.22,270687.28125,295437.1875,302521.8125,318896.4375,16,16.54112116655836,LO,302521.8125,0.0,302521.8125,284895.21875,48209.15625
test_id_test_id_000862_40,test_id_000862,105,diverse_fill_2,5,5,test_id_000862_t5_c5,big,big_0,1,1.4,0.98,104,81437.4,77249.375,91404.28125,95378.984375,105238.734375,16,16.54112116655836,LO,95378.984375,0.0,95378.984375,81437.3984375,27989.359375
test_id_test_id_000862_41,test_id_000862,105,diverse_fill_2,5,6,test_id_000862_t5_c6,little,little_1,1,0.9,0.86,104,189544.73,179701.59375,198676.21875,204467.875,217781.6875,16,16.54112116655836,LO,204467.875,0.0,204467.875,189544.734375,38080.09375
test_id_test_id_000871_00,test_id_000871,51,source_like,0,0,test_id_000871_t0_c0,big,big_1,1,1.4,0.98,50,50573.105,51174.125,64305.34375,68157.125,77311.703125,16,16.54112116655836,HI,68157.125,15665.78125,83822.90625,50573.10546875,26137.578125
test_id_test_id_000871_01,test_id_000871,51,source_like,0,1,test_id_000871_t0_c1,little,little_1,1,0.9,0.86,50,98897.586,99486.015625,114460.09375,118688.125,129209.65625,16,16.54112116655836,HI,118688.125,15665.78125,134353.90625,98897.5859375,29723.640625
test_id_test_id_000871_02,test_id_000871,51,source_like,0,2,test_id_000871_t0_c2,big,big_0,2,1.8,1.06,50,39719.785,41381.0,54099.875,57940.609375,66898.484375,16,16.54112116655836,HI,57940.609375,15665.78125,73606.390625,39719.78515625,25517.484375
test_id_test_id_000871_03,test_id_000871,51,source_like,0,3,test_id_000871_t0_c3,little,little_1,2,1.2,0.93,50,82598.96,77497.734375,91824.578125,95833.109375,105761.28125,16,16.54112116655836,HI,95833.109375,15665.78125,111498.890625,82598.9609375,28263.546875
test_id_test_id_000871_04,test_id_000871,51,source_like,0,4,test_id_000871_t0_c4,big,big_0,3,2.2,1.15,50,29161.74,30745.375,43170.828125,47016.0,55768.015625,16,16.54112116655836,HI,47016.0,15665.78125,62681.78125,29161.740234375,25022.640625
test_id_test_id_000871_05,test_id_000871,51,source_like,0,5,test_id_000871_t0_c5,little,little_1,3,1.5,1.0,50,60907.83,62698.328125,76317.109375,80190.0,89601.953125,16,16.54112116655836,HI,80190.0,15665.78125,95855.78125,60907.828125,26903.625
test_id_test_id_000871_06,test_id_000871,51,source_like,0,6,test_id_000871_t0_c6,big,big_1,0,1.0,0.9,50,63475.0,59480.0625,73024.046875,76934.8125,86367.1875,16,16.54112116655836,HI,76934.8125,15665.78125,92600.59375,63475.0,26887.125
test_id_test_id_000871_07,test_id_000871,397,sink_like,1,0,test_id_000871_t1_c0,little,little_0,1,0.9,0.86,396,758223.06,690798.375,750191.5625,768156.625,799477.4375,16,16.54112116655836,HI,768156.625,15665.78125,783822.40625,758223.0625,108679.0625
test_id_test_id_000871_08,test_id_000871,397,sink_like,1,1,test_id_000871_t1_c1,big,big_1,2,1.8,1.06,396,422395.8,450071.6875,488575.75,499588.0,522233.0625,16,16.54112116655836,HI,499588.0,15665.78125,515253.78125,422395.8125,72161.375
test_id_test_id_000871_09,test_id_000871,397,sink_like,1,2,test_id_000871_t1_c2,little,little_0,2,1.2,0.93,396,623851.44,581752.0625,631852.0,646818.75,674305.625,16,16.54112116655836,HI,646818.75,15665.78125,662484.53125,623851.4375,92553.5625
test_id_test_id_000871_10,test_id_000871,397,sink_like,1,3,test_id_000871_t1_c3,big,big_0,3,2.2,1.15,396,425491.03,401388.0,435781.0,445530.5625,466343.9375,16,16.54112116655836,HI,445530.5625,15665.78125,461196.34375,425491.03125,64955.9375
test_id_test_id_000871_11,test_id_000871,397,sink_like,1,4,test_id_000871_t1_c4,little,little_0,3,1.5,1.0,396,583165.9,566641.6875,616208.1875,631047.625,658660.625,16,16.54112116655836,HI,631047.625,15665.78125,646713.40625,583165.875,92018.9375
test_id_test_id_000871_12,test_id_000871,397,sink_like,1,5,test_id_000871_t1_c5,big,big_1,0,1.0,0.9,396,532460.8,544247.375,590019.625,603449.375,628742.375,16,16.54112116655836,HI,603449.375,15665.78125,619115.15625,532460.8125,84495.0
test_id_test_id_000871_13,test_id_000871,397,sink_like,1,6,test_id_000871_t1_c6,little,little_1,0,0.6,0.8,396,1161736.0,993706.5625,1090106.25,1114249.75,1178608.75,16,16.54112116655836,HI,1114249.75,15665.78125,1129915.53125,1161736.0,184902.1875
test_id_test_id_000871_14,test_id_000871,246,middle,2,0,test_id_000871_t2_c0,big,big_1,2,1.8,1.06,245,491238.75,461260.25,500841.53125,512216.46875,535367.0625,16,16.54112116655836,HI,512216.46875,15665.78125,527882.25,491238.75,74106.8125
test_id_test_id_000871_15,test_id_000871,246,middle,2,1,test_id_000871_t2_c1,little,little_1,2,1.2,0.93,245,652595.2,626722.875,681522.5,698134.625,727863.3125,16,16.54112116655836,HI,698134.625,15665.78125,713800.40625,652595.1875,101140.4375
test_id_test_id_000871_16,test_id_000871,246,middle,2,2,test_id_000871_t2_c2,big,big_0,3,2.2,1.15,245,411744.66,390508.125,423941.125,433401.28125,453751.125,16,16.54112116655836,HI,433401.28125,15665.78125,449067.0625,411744.65625,63243.0
test_id_test_id_000871_17,test_id_000871,246,middle,2,3,test_id_000871_t2_c3,little,little_1,3,1.5,1.0,245,571839.94,536010.375,582420.75,596128.125,622266.875,16,16.54112116655836,HI,596128.125,15665.78125,611793.90625,571839.9375,86256.5
test_id_test_id_000871_18,test_id_000871,246,middle,2,4,test_id_000871_t2_c4,big,big_1,0,1.0,0.9,245,640299.56,651132.375,706925.25,723850.25,753481.125,16,16.54112116655836,HI,723850.25,15665.78125,739516.03125,640299.5625,102348.75
test_id_test_id_000871_19,test_id_000871,246,middle,2,5,test_id_000871_t2_c5,little,little_1,0,0.6,0.8,245,970633.56,925762.0,1011497.8125,1034044.8125,1085500.0,16,16.54112116655836,HI,1034044.8125,15665.78125,1049710.59375,970633.5625,159738.0
test_id_test_id_000871_20,test_id_000871,246,middle,2,6,test_id_000871_t2_c6,big,big_1,1,1.4,0.98,245,417406.56,434524.8125,471296.03125,481710.71875,503453.09375,16,16.54112116655836,HI,481710.71875,15665.78125,497376.5,417406.5625,68928.28125
test_id_test_id_000871_21,test_id_000871,198,communication_heavy,3,0,test_id_000871_t3_c0,little,little_1,2,1.2,0.93,197,791145.4,768280.9375,840105.3125,861592.5,901173.1875,16,16.54112116655836,HI,861592.5,15665.78125,877258.28125,791145.375,132892.25
test_id_test_id_000871_22,test_id_000871,198,communication_heavy,3,1,test_id_000871_t3_c1,big,big_1,3,2.2,1.15,197,338879.44,396034.28125,430003.25,439623.5,460237.625,16,16.54112116655836,HI,439623.5,15665.78125,455289.28125,338879.4375,64203.34375
test_id_test_id_000871_23,test_id_000871,198,communication_heavy,3,2,test_id_000871_t3_c2,little,little_1,3,1.5,1.0,197,737484.0,710341.8125,776416.625,796735.0,833057.4375,16,16.54112116655836,HI,796735.0,15665.78125,812400.78125,737484.0,122715.625
test_id_test_id_000871_24,test_id_000871,198,communication_heavy,3,3,test_id_000871_t3_c3,big,big_0,0,1.0,0.9,197,680730.75,680517.875,739133.0,756948.375,787985.75,16,16.54112116655836,HI,756948.375,15665.78125,772614.15625,680730.75,107467.875
test_id_test_id_000871_25,test_id_000871,198,communication_heavy,3,4,test_id_000871_t3_c4,little,little_0,0,0.6,0.8,197,1459919.4,1211349.75,1347589.5,1381912.0,1493980.75,16,16.54112116655836,HI,1381912.0,15665.78125,1397577.78125,1459919.375,282631.0
test_id_test_id_000871_26,test_id_000871,198,communication_heavy,3,5,test_id_000871_t3_c5,big,big_0,1,1.4,0.98,197,543077.6,567480.4375,616294.25,630847.75,657787.625,16,16.54112116655836,HI,630847.75,15665.78125,646513.53125,543077.625,90307.1875
test_id_test_id_000871_27,test_id_000871,198,communication_heavy,3,6,test_id_000871_t3_c6,little,little_0,1,0.9,0.86,197,1116090.4,1012866.1875,1119832.125,1145670.25,1219182.625,16,16.54112116655836,HI,1145670.25,15665.78125,1161336.03125,1116090.375,206316.4375
test_id_test_id_000871_28,test_id_000871,355,random,4,0,test_id_000871_t4_c0,big,big_0,3,2.2,1.15,354,356752.72,330632.5,358909.5,366928.3125,384715.0625,16,16.54112116655836,HI,366928.3125,15665.78125,382594.09375,356752.71875,54082.5625
test_id_test_id_000871_29,test_id_000871,355,random,4,1,test_id_000871_t4_c1,little,little_0,3,1.5,1.0,354,552902.44,490986.375,533111.1875,545321.625,569549.25,16,16.54112116655836,HI,545321.625,15665.78125,560987.40625,552902.4375,78562.875
test_id_test_id_000871_30,test_id_000871,355,random,4,2,test_id_000871_t4_c2,big,big_1,0,1.0,0.9,354,680669.4,633581.1875,687586.25,703902.625,732664.125,16,16.54112116655836,HI,703902.625,15665.78125,719568.40625,680669.375,99082.9375
test_id_test_id_000871_31,test_id_000871,355,random,4,3,test_id_000871_t4_c3,little,little_0,0,0.6,0.8,354,1029973.75,919487.6875,1003994.375,1026449.4375,1076745.0,16,16.54112116655836,HI,1026449.4375,15665.78125,1042115.21875,1029973.75,157257.3125
test_id_test_id_000871_32,test_id_000871,355,random,4,4,test_id_000871_t4_c4,big,big_0,1,1.4,0.98,354,441019.03,419401.5625,454884.125,464904.0625,486069.0625,16,16.54112116655836,HI,464904.0625,15665.78125,480569.84375,441019.03125,66667.5
test_id_test_id_000871_33,test_id_000871,355,random,4,5,test_id_000871_t4_c5,little,little_1,1,0.9,0.86,354,1078223.0,925565.4375,1018049.0625,1041911.8125,1098367.75,16,16.54112116655836,HI,1041911.8125,15665.78125,1057577.59375,1078223.0,172802.3125
test_id_test_id_000871_34,test_id_000871,355,random,4,6,test_id_000871_t4_c6,big,big_0,2,1.8,1.06,354,383299.3,374078.53125,405841.28125,414781.3125,434244.375,16,16.54112116655836,HI,414781.3125,15665.78125,430447.09375,383299.3125,60165.84375
test_id_test_id_000871_35,test_id_000871,203,diverse_fill_1,5,0,test_id_000871_t5_c0,little,little_0,3,1.5,1.0,202,449733.16,519014.09375,563737.125,576841.5,602212.5,16,16.54112116655836,HI,576841.5,15665.78125,592507.28125,449733.15625,83198.40625
test_id_test_id_000871_36,test_id_000871,203,diverse_fill_1,5,1,test_id_000871_t5_c1,big,big_0,0,1.0,0.9,202,509983.25,585925.5,635279.875,649975.875,676674.0,16,16.54112116655836,HI,649975.875,15665.78125,665641.65625,509983.25,90748.5
test_id_test_id_000871_37,test_id_000871,203,diverse_fill_1,5,2,test_id_000871_t5_c2,little,little_1,0,0.6,0.8,202,1179597.6,1167970.625,1293567.0,1326313.75,1433944.0,16,16.54112116655836,HI,1326313.75,15665.78125,1341979.53125,1179597.625,265973.375
test_id_test_id_000871_38,test_id_000871,203,diverse_fill_1,5,3,test_id_000871_t5_c3,big,big_1,1,1.4,0.98,202,448802.38,497197.375,539501.25,551745.8125,575901.625,16,16.54112116655836,HI,551745.8125,15665.78125,567411.59375,448802.375,78704.25
test_id_test_id_000871_39,test_id_000871,203,diverse_fill_1,5,4,test_id_000871_t5_c4,little,little_1,1,0.9,0.86,202,770740.06,849162.9375,928939.0625,951289.6875,996300.125,16,16.54112116655836,HI,951289.6875,15665.78125,966955.46875,770740.0625,147137.1875
test_id_test_id_000871_40,test_id_000871,203,diverse_fill_1,5,5,test_id_000871_t5_c5,big,big_1,2,1.8,1.06,202,428697.9,462885.53125,502600.625,514018.625,537223.625,16,16.54112116655836,HI,514018.625,15665.78125,529684.40625,428697.90625,74338.09375
test_id_test_id_000871_41,test_id_000871,203,diverse_fill_1,5,6,test_id_000871_t5_c6,little,little_1,2,1.2,0.93,202,652293.3,726813.875,793732.1875,814093.375,850600.3125,16,16.54112116655836,HI,814093.375,15665.78125,829759.15625,652293.3125,123786.4375
test_id_test_id_000898_00,test_id_000898,45,source_like,0,0,test_id_000898_t0_c0,big,big_0,3,2.2,1.15,44,59036.05,58709.453125,72057.140625,75856.890625,85064.625,16,16.54112116655836,LO,75856.890625,0.0,75856.890625,59036.05078125,26355.171875
test_id_test_id_000898_01,test_id_000898,45,source_like,0,1,test_id_000898_t0_c1,little,little_0,3,1.5,1.0,44,143215.7,135381.015625,151278.0,155790.40625,166756.65625,16,16.54112116655836,LO,155790.40625,0.0,155790.40625,143215.703125,31375.640625
test_id_test_id_000898_02,test_id_000898,45,source_like,0,2,test_id_000898_t0_c2,big,big_0,0,1.0,0.9,44,125463.92,128313.6875,144198.578125,148797.765625,159932.875,16,16.54112116655836,LO,148797.765625,0.0,148797.765625,125463.921875,31619.1875
test_id_test_id_000898_03,test_id_000898,45,source_like,0,3,test_id_000898_t0_c3,little,little_1,0,0.6,0.8,44,325082.06,314465.4375,340821.84375,347958.59375,364426.09375,16,16.54112116655836,LO,347958.59375,0.0,347958.59375,325082.0625,49960.65625
test_id_test_id_000898_04,test_id_000898,45,source_like,0,4,test_id_000898_t0_c4,big,big_0,1,1.4,0.98,44,92512.336,97062.390625,111812.796875,115846.5625,126003.4375,16,16.54112116655836,LO,115846.5625,0.0,115846.5625,92512.3359375,28941.046875
test_id_test_id_000898_05,test_id_000898,45,source_like,0,5,test_id_000898_t0_c5,little,little_0,1,0.9,0.86,44,218383.23,201342.46875,221225.640625,227243.9375,240928.5625,16,16.54112116655836,LO,227243.9375,0.0,227243.9375,218383.234375,39586.09375
test_id_test_id_000898_06,test_id_000898,45,source_like,0,6,test_id_000898_t0_c6,big,big_1,2,1.8,1.06,44,72625.11,73340.765625,87328.65625,91205.9375,100817.578125,16,16.54112116655836,LO,91205.9375,0.0,91205.9375,72625.109375,27476.8125
test_id_test_id_000898_07,test_id_000898,322,sink_like,1,0,test_id_000898_t1_c0,little,little_1,3,1.5,1.0,321,537213.9,584341.1875,635495.25,650883.75,679160.9375,16,16.54112116655836,LO,650883.75,0.0,650883.75,537213.875,94819.75
test_id_test_id_000898_08,test_id_000898,322,sink_like,1,1,test_id_000898_t1_c1,big,big_0,0,1.0,0.9,321,804966.7,789335.75,861146.5625,882362.125,921463.0,16,16.54112116655836,LO,882362.125,0.0,882362.125,804966.6875,132127.25
test_id_test_id_000898_09,test_id_000898,322,sink_like,1,2,test_id_000898_t1_c2,little,little_0,0,0.6,0.8,321,1503117.9,1333548.25,1510749.0,1547204.5,1652825.0,16,16.54112116655836,LO,1547204.5,0.0,1547204.5,1503117.875,319276.75
test_id_test_id_000898_10,test_id_000898,322,sink_like,1,3,test_id_000898_t1_c3,big,big_0,1,1.4,0.98,321,623870.7,636718.125,692485.75,709477.9375,739625.5,16,16.54112116655836,LO,709477.9375,0.0,709477.9375,623870.6875,102907.375
test_id_test_id_000898_11,test_id_000898,322,sink_like,1,4,test_id_000898_t1_c4,little,little_1,1,0.9,0.86,321,971310.06,962644.5625,1060513.125,1084801.5,1147225.25,16,16.54112116655836,LO,1084801.5,0.0,1084801.5,971310.0625,184580.6875
test_id_test_id_000898_12,test_id_000898,322,sink_like,1,5,test_id_000898_t1_c5,big,big_0,2,1.8,1.06,321,438613.47,463012.75,502677.8125,514070.25,537226.8125,16,16.54112116655836,LO,514070.25,0.0,514070.25,438613.46875,74214.0625
test_id_test_id_000898_13,test_id_000898,322,sink_like,1,6,test_id_000898_t1_c6,little,little_0,2,1.2,0.93,321,588921.75,621297.6875,675174.6875,691441.3125,720624.0,16,16.54112116655836,LO,691441.3125,0.0,691441.3125,588921.75,99326.3125
test_id_test_id_000898_14,test_id_000898,216,middle,2,0,test_id_000898_t2_c0,big,big_1,0,1.0,0.9,215,355050.4,357964.875,388363.65625,396942.28125,415755.84375,16,16.54112116655836,LO,396942.28125,0.0,396942.28125,355050.40625,57790.96875
test_id_test_id_000898_15,test_id_000898,216,middle,2,1,test_id_000898_t2_c1,little,little_0,0,0.6,0.8,215,716890.0,679460.125,734829.25,751633.875,779996.625,16,16.54112116655836,LO,751633.875,0.0,751633.875,716890.0,100536.5
test_id_test_id_000898_16,test_id_000898,216,middle,2,2,test_id_000898_t2_c2,big,big_1,1,1.4,0.98,215,214806.78,232557.09375,254122.71875,260540.015625,275026.53125,16,16.54112116655836,LO,260540.015625,0.0,260540.015625,214806.78125,42469.4375
test_id_test_id_000898_17,test_id_000898,216,middle,2,3,test_id_000898_t2_c3,little,little_1,1,0.9,0.86,215,459037.94,455144.84375,493271.84375,504100.25,526321.1875,16,16.54112116655836,LO,504100.25,0.0,504100.25,459037.9375,71176.34375
test_id_test_id_000898_18,test_id_000898,216,middle,2,4,test_id_000898_t2_c4,big,big_1,2,1.8,1.06,215,219510.11,225159.84375,246316.625,252647.046875,266953.09375,16,16.54112116655836,LO,252647.046875,0.0,252647.046875,219510.109375,41793.25
test_id_test_id_000898_19,test_id_000898,216,middle,2,5,test_id_000898_t2_c5,little,little_1,2,1.2,0.93,215,423700.44,407744.25,442423.65625,452247.0,473121.125,16,16.54112116655836,LO,452247.0,0.0,452247.0,423700.4375,65376.875
test_id_test_id_000898_20,test_id_000898,216,middle,2,6,test_id_000898_t2_c6,big,big_0,3,2.2,1.15,215,179276.97,196068.515625,215554.59375,221419.5,234833.0625,16,16.54112116655836,LO,221419.5,0.0,221419.5,179276.96875,38764.546875
test_id_test_id_000898_21,test_id_000898,55,high_degree,3,0,test_id_000898_t3_c0,little,little_1,0,0.6,0.8,54,845965.9,828026.75,899515.25,920273.125,958731.0625,16,16.54112116655836,LO,920273.125,0.0,920273.125,845965.875,130704.3125
test_id_test_id_000898_22,test_id_000898,55,high_degree,3,1,test_id_000898_t3_c1,big,big_0,1,1.4,0.98,54,529124.5,509123.875,552544.125,565182.5,589821.25,16,16.54112116655836,LO,565182.5,0.0,565182.5,529124.5,80697.375
test_id_test_id_000898_23,test_id_000898,55,high_degree,3,2,test_id_000898_t3_c2,little,little_0,1,0.9,0.86,54,860609.4,785906.375,856983.0625,877922.375,916430.4375,16,16.54112116655836,LO,877922.375,0.0,877922.375,860609.375,130524.0625
test_id_test_id_000898_24,test_id_000898,55,high_degree,3,3,test_id_000898_t3_c3,big,big_1,2,1.8,1.06,54,406561.16,385038.8125,417742.53125,426953.375,446873.0,16,16.54112116655836,LO,426953.375,0.0,426953.375,406561.15625,61834.1875
test_id_test_id_000898_25,test_id_000898,55,high_degree,3,4,test_id_000898_t3_c4,little,little_1,2,1.2,0.93,54,815730.0,723481.0625,789808.375,809989.9375,846085.75,16,16.54112116655836,LO,809989.9375,0.0,809989.9375,815730.0,122604.6875
test_id_test_id_000898_26,test_id_000898,55,high_degree,3,5,test_id_000898_t3_c5,big,big_1,3,2.2,1.15,54,309711.47,313656.8125,340606.25,348290.03125,365413.28125,16,16.54112116655836,LO,348290.03125,0.0,348290.03125,309711.46875,51756.46875
test_id_test_id_000898_27,test_id_000898,55,high_degree,3,6,test_id_000898_t3_c6,little,little_1,3,1.5,1.0,54,490061.88,462766.4375,502286.0625,513619.125,536676.625,16,16.54112116655836,LO,513619.125,0.0,513619.125,490061.875,73910.1875
test_id_test_id_000898_28,test_id_000898,327,communication_heavy,4,0,test_id_000898_t4_c0,big,big_0,1,1.4,0.98,326,646902.56,616567.0625,670145.125,686387.5625,715447.625,16,16.54112116655836,LO,686387.5625,0.0,686387.5625,646902.5625,98880.5625
test_id_test_id_000898_29,test_id_000898,327,communication_heavy,4,1,test_id_000898_t4_c1,little,little_0,1,0.9,0.86,326,1271604.9,1187431.125,1323089.25,1358071.75,1475392.0,16,16.54112116655836,LO,1358071.75,0.0,1358071.75,1271604.875,287960.875
test_id_test_id_000898_30,test_id_000898,327,communication_heavy,4,2,test_id_000898_t4_c2,big,big_1,2,1.8,1.06,326,463082.25,465386.125,505274.125,516738.46875,539996.125,16,16.54112116655836,LO,516738.46875,0.0,516738.46875,463082.25,74610.0
test_id_test_id_000898_31,test_id_000898,327,communication_heavy,4,3,test_id_000898_t4_c3,little,little_1,2,1.2,0.93,326,930056.7,849594.4375,932948.0,956398.0,1004370.3125,16,16.54112116655836,LO,956398.0,0.0,956398.0,930056.6875,154775.875
test_id_test_id_000898_32,test_id_000898,327,communication_heavy,4,4,test_id_000898_t4_c4,big,big_0,3,2.2,1.15,326,381004.38,397007.625,431033.125,440668.09375,461303.1875,16,16.54112116655836,LO,440668.09375,0.0,440668.09375,381004.375,64295.5625
test_id_test_id_000898_33,test_id_000898,327,communication_heavy,4,5,test_id_000898_t4_c5,little,little_1,3,1.5,1.0,326,770936.25,718357.75,785208.875,805711.25,842423.25,16,16.54112116655836,LO,805711.25,0.0,805711.25,770936.25,124065.5
test_id_test_id_000898_34,test_id_000898,327,communication_heavy,4,6,test_id_000898_t4_c6,big,big_0,0,1.0,0.9,326,900792.5,842769.3125,921876.5,944297.0,988816.1875,16,16.54112116655836,LO,944297.0,0.0,944297.0,900792.5,146046.875
test_id_test_id_000898_35,test_id_000898,300,random,5,0,test_id_000898_t5_c0,little,little_1,1,0.9,0.86,299,108984.85,100087.71875,115013.5625,119229.078125,129719.71875,16,16.54112116655836,LO,119229.078125,0.0,119229.078125,108984.8515625,29632.0
test_id_test_id_000898_36,test_id_000898,300,random,5,1,test_id_000898_t5_c1,big,big_1,2,1.8,1.06,299,37680.04,44700.203125,57577.53125,61460.5625,70580.921875,16,16.54112116655836,LO,61460.5625,0.0,61460.5625,37680.0390625,25880.71875
test_id_test_id_000898_37,test_id_000898,300,random,5,2,test_id_000898_t5_c2,little,little_1,2,1.2,0.93,299,74077.52,73888.609375,87965.046875,91925.265625,101707.34375,16,16.54112116655836,LO,91925.265625,0.0,91925.265625,74077.5234375,27818.734375
test_id_test_id_000898_38,test_id_000898,300,random,5,3,test_id_000898_t5_c3,big,big_0,3,2.2,1.15,299,29961.582,34720.234375,47235.328125,51078.4375,59920.453125,16,16.54112116655836,LO,51078.4375,0.0,51078.4375,29961.58203125,25200.21875
test_id_test_id_000898_39,test_id_000898,300,random,5,4,test_id_000898_t5_c4,little,little_1,3,1.5,1.0,299,65456.715,65139.6875,78837.78125,82738.453125,92261.640625,16,16.54112116655836,LO,82738.453125,0.0,82738.453125,65456.71484375,27121.953125
test_id_test_id_000898_40,test_id_000898,300,random,5,5,test_id_000898_t5_c5,big,big_1,0,1.0,0.9,299,64233.746,62125.671875,75812.109375,79786.078125,89400.5,16,16.54112116655836,LO,79786.078125,0.0,79786.078125,64233.74609375,27274.828125
test_id_test_id_000898_41,test_id_000898,300,random,5,6,test_id_000898_t5_c6,little,little_1,0,0.6,0.8,299,145766.48,146821.6875,164163.453125,169369.90625,181645.90625,16,16.54112116655836,LO,169369.90625,0.0,169369.90625,145766.484375,34824.21875
test_id_test_id_000908_00,test_id_000908,2,source_like,0,0,test_id_000908_t0_c0,big,big_1,3,2.2,1.15,1,45953.56,42983.625,55711.21875,59508.5,68408.4375,16,16.54112116655836,HI,59508.5,15665.78125,75174.28125,45953.55859375,25424.8125
test_id_test_id_000908_01,test_id_000908,2,source_like,0,1,test_id_000908_t0_c1,little,little_0,3,1.5,1.0,1,91312.78,82777.5,97228.359375,101211.1875,111157.125,16,16.54112116655836,HI,101211.1875,15665.78125,116876.96875,91312.78125,28379.625
test_id_test_id_000908_02,test_id_000908,2,source_like,0,2,test_id_000908_t0_c2,big,big_1,0,1.0,0.9,1,82253.516,79168.0625,93612.8125,97671.171875,107718.6875,16,16.54112116655836,HI,97671.171875,15665.78125,113336.953125,82253.515625,28550.625
test_id_test_id_000908_03,test_id_000908,2,source_like,0,3,test_id_000908_t0_c3,little,little_0,0,0.6,0.8,1,208381.75,202862.1875,224051.75,230558.4375,245386.75,16,16.54112116655836,HI,230558.4375,15665.78125,246224.21875,208381.75,42524.5625
test_id_test_id_000908_04,test_id_000908,2,source_like,0,4,test_id_000908_t0_c4,big,big_1,1,1.4,0.98,1,60495.406,59037.984375,72473.921875,76341.484375,85682.84375,16,16.54112116655836,HI,76341.484375,15665.78125,92007.265625,60495.40625,26644.859375
test_id_test_id_000908_05,test_id_000908,2,source_like,0,5,test_id_000908_t0_c5,little,little_1,1,0.9,0.86,1,144467.95,136098.65625,152547.15625,157359.59375,168908.890625,16,16.54112116655836,HI,157359.59375,15665.78125,173025.375,144467.953125,32810.234375
test_id_test_id_000908_06,test_id_000908,2,source_like,0,6,test_id_000908_t0_c6,big,big_1,2,1.8,1.06,1,54222.52,50117.625,63119.71875,66923.546875,75968.75,16,16.54112116655836,HI,66923.546875,15665.78125,82589.328125,54222.51953125,25851.125
test_id_test_id_000908_07,test_id_000908,293,sink_like,1,0,test_id_000908_t1_c0,little,little_0,3,1.5,1.0,292,372643.62,367341.5625,398596.3125,407419.375,426662.75,16,16.54112116655836,HI,407419.375,15665.78125,423085.15625,372643.625,59321.1875
test_id_test_id_000908_08,test_id_000908,293,sink_like,1,1,test_id_000908_t1_c1,big,big_1,0,1.0,0.9,292,377173.66,399609.3125,433426.5,442966.75,463396.1875,16,16.54112116655836,HI,442966.75,15665.78125,458632.53125,377173.65625,63786.875
test_id_test_id_000908_09,test_id_000908,293,sink_like,1,2,test_id_000908_t1_c2,little,little_1,0,0.6,0.8,292,669864.4,680530.625,736044.375,752928.875,781430.0,16,16.54112116655836,HI,752928.875,15665.78125,768594.65625,669864.375,100899.375
test_id_test_id_000908_10,test_id_000908,293,sink_like,1,3,test_id_000908_t1_c3,big,big_0,1,1.4,0.98,292,343682.22,349892.28125,379660.0625,388065.4375,406570.375,16,16.54112116655836,HI,388065.4375,15665.78125,403731.21875,343682.21875,56678.09375
test_id_test_id_000908_11,test_id_000908,293,sink_like,1,4,test_id_000908_t1_c4,little,little_1,1,0.9,0.86,292,623441.56,606562.5,657679.875,672942.0,700294.625,16,16.54112116655836,HI,672942.0,15665.78125,688607.78125,623441.5625,93732.125
test_id_test_id_000908_12,test_id_000908,293,sink_like,1,5,test_id_000908_t1_c5,big,big_0,2,1.8,1.06,292,200019.08,224223.5,245316.71875,251623.34375,265884.75,16,16.54112116655836,HI,251623.34375,15665.78125,267289.125,200019.078125,41661.25
test_id_test_id_000908_13,test_id_000908,293,sink_like,1,6,test_id_000908_t1_c6,little,little_0,2,1.2,0.93,292,449747.2,438959.6875,476287.125,486918.25,508978.0625,16,16.54112116655836,HI,486918.25,15665.78125,502584.03125,449747.1875,70018.375
test_id_test_id_000908_14,test_id_000908,168,middle,2,0,test_id_000908_t2_c0,big,big_0,0,1.0,0.9,167,268972.1,271151.90625,295050.625,301976.25,317546.53125,16,16.54112116655836,HI,301976.25,15665.78125,317642.03125,268972.09375,46394.625
test_id_test_id_000908_15,test_id_000908,168,middle,2,1,test_id_000908_t2_c1,little,little_0,0,0.6,0.8,167,526544.0,528822.1875,571100.75,583225.1875,606326.25,16,16.54112116655836,HI,583225.1875,15665.78125,598890.96875,526544.0,77504.0625
test_id_test_id_000908_16,test_id_000908,168,middle,2,2,test_id_000908_t2_c2,big,big_1,1,1.4,0.98,167,170707.34,190719.171875,209814.78125,215540.703125,228683.171875,16,16.54112116655836,HI,215540.703125,15665.78125,231206.484375,170707.34375,37964.0
test_id_test_id_000908_17,test_id_000908,168,middle,2,3,test_id_000908_t2_c3,little,little_0,1,0.9,0.86,167,397860.44,400617.875,434447.21875,443997.4375,464412.03125,16,16.54112116655836,HI,443997.4375,15665.78125,459663.21875,397860.4375,63794.15625
test_id_test_id_000908_18,test_id_000908,168,middle,2,4,test_id_000908_t2_c4,big,big_0,2,1.8,1.06,167,170727.11,178928.9375,197347.125,202838.4375,215552.03125,16,16.54112116655836,HI,202838.4375,15665.78125,218504.21875,170727.109375,36623.09375
test_id_test_id_000908_19,test_id_000908,168,middle,2,5,test_id_000908_t2_c5,little,little_1,2,1.2,0.93,167,269710.38,284981.25,309815.8125,316977.46875,333018.59375,16,16.54112116655836,HI,316977.46875,15665.78125,332643.25,269710.375,48037.34375
test_id_test_id_000908_20,test_id_000908,168,middle,2,6,test_id_000908_t2_c6,big,big_0,3,2.2,1.15,167,121168.65,141481.59375,157766.0,162417.8125,173644.96875,16,16.54112116655836,HI,162417.8125,15665.78125,178083.59375,121168.6484375,32163.375
test_id_test_id_000908_21,test_id_000908,218,high_degree,3,0,test_id_000908_t3_c0,little,little_1,0,0.6,0.8,217,550983.8,575957.625,622417.75,636046.5,660805.5,16,16.54112116655836,HI,636046.5,15665.78125,651712.28125,550983.8125,84847.875
test_id_test_id_000908_22,test_id_000908,218,high_degree,3,1,test_id_000908_t3_c1,big,big_0,1,1.4,0.98,217,321227.4,304511.875,330806.5,338324.5625,355097.3125,16,16.54112116655836,HI,338324.5625,15665.78125,353990.34375,321227.40625,50585.4375
test_id_test_id_000908_23,test_id_000908,218,high_degree,3,2,test_id_000908_t3_c2,little,little_0,1,0.9,0.86,217,385664.5,410135.9375,444627.59375,454350.40625,475029.875,16,16.54112116655836,HI,454350.40625,15665.78125,470016.1875,385664.5,64893.9375
test_id_test_id_000908_24,test_id_000908,218,high_degree,3,3,test_id_000908_t3_c3,big,big_0,2,1.8,1.06,217,230986.14,226062.515625,247247.78125,253577.34375,267880.65625,16,16.54112116655836,HI,253577.34375,15665.78125,269243.125,230986.140625,41818.140625
test_id_test_id_000908_25,test_id_000908,218,high_degree,3,4,test_id_000908_t3_c4,little,little_0,2,1.2,0.93,217,328725.03,338235.59375,367050.34375,375210.90625,393239.96875,16,16.54112116655836,HI,375210.90625,15665.78125,390876.6875,328725.03125,55004.375
test_id_test_id_000908_26,test_id_000908,218,high_degree,3,5,test_id_000908_t3_c5,big,big_1,3,2.2,1.15,217,151825.73,169641.71875,187519.953125,192808.3125,205159.0625,16,16.54112116655836,HI,192808.3125,15665.78125,208474.09375,151825.734375,35517.34375
test_id_test_id_000908_27,test_id_000908,218,high_degree,3,6,test_id_000908_t3_c6,little,little_1,3,1.5,1.0,217,232741.92,250245.203125,272826.28125,279469.0,294420.375,16,16.54112116655836,HI,279469.0,15665.78125,295134.78125,232741.921875,44175.171875
test_id_test_id_000908_28,test_id_000908,254,communication_heavy,4,0,test_id_000908_t4_c0,big,big_0,1,1.4,0.98,253,325922.9,309497.875,336102.09375,343693.6875,360622.6875,16,16.54112116655836,HI,343693.6875,15665.78125,359359.46875,325922.90625,51124.8125
test_id_test_id_000908_29,test_id_000908,254,communication_heavy,4,1,test_id_000908_t4_c1,little,little_1,1,0.9,0.86,253,554754.5,531665.875,576306.625,589323.0,614138.375,16,16.54112116655836,HI,589323.0,15665.78125,604988.78125,554754.5,82472.5
test_id_test_id_000908_30,test_id_000908,254,communication_heavy,4,2,test_id_000908_t4_c2,big,big_0,2,1.8,1.06,253,345699.78,322022.65625,349615.5625,357459.5625,374892.9375,16,16.54112116655836,HI,357459.5625,15665.78125,373125.34375,345699.78125,52870.28125
test_id_test_id_000908_31,test_id_000908,254,communication_heavy,4,3,test_id_000908_t4_c3,little,little_0,2,1.2,0.93,253,436676.94,437701.0,474905.125,485494.40625,507491.125,16,16.54112116655836,HI,485494.40625,15665.78125,501160.1875,436676.9375,69790.125
test_id_test_id_000908_32,test_id_000908,254,communication_heavy,4,4,test_id_000908_t4_c4,big,big_0,3,2.2,1.15,253,243849.4,242559.90625,264761.21875,271345.40625,286175.59375,16,16.54112116655836,HI,271345.40625,15665.78125,287011.1875,243849.40625,43615.6875
test_id_test_id_000908_33,test_id_000908,254,communication_heavy,4,5,test_id_000908_t4_c5,little,little_1,3,1.5,1.0,253,397103.6,398511.75,432456.5625,442056.5625,462597.65625,16,16.54112116655836,HI,442056.5625,15665.78125,457722.34375,397103.59375,64085.90625
test_id_test_id_000908_34,test_id_000908,254,communication_heavy,4,6,test_id_000908_t4_c6,big,big_1,0,1.0,0.9,253,351091.62,372536.0,404077.75,412959.6875,432313.0625,16,16.54112116655836,HI,412959.6875,15665.78125,428625.46875,351091.625,59777.0625
test_id_test_id_000908_35,test_id_000908,180,random,5,0,test_id_000908_t5_c0,little,little_1,1,0.9,0.86,179,383750.88,390049.5,422969.625,432247.125,452231.75,16,16.54112116655836,HI,432247.125,15665.78125,447912.90625,383750.875,62182.25
test_id_test_id_000908_36,test_id_000908,180,random,5,1,test_id_000908_t5_c1,big,big_0,2,1.8,1.06,179,181795.53,193012.921875,212271.0,218055.359375,231307.03125,16,16.54112116655836,HI,218055.359375,15665.78125,233721.140625,181795.53125,38294.109375
test_id_test_id_000908_37,test_id_000908,180,random,5,2,test_id_000908_t5_c2,little,little_0,2,1.2,0.93,179,303356.66,332017.9375,360385.25,368434.9375,386251.71875,16,16.54112116655836,HI,368434.9375,15665.78125,384100.71875,303356.65625,54233.78125
test_id_test_id_000908_38,test_id_000908,180,random,5,3,test_id_000908_t5_c3,big,big_0,3,2.2,1.15,179,129609.32,143698.34375,160081.0,164778.59375,176079.8125,16,16.54112116655836,HI,164778.59375,15665.78125,180444.375,129609.3203125,32381.46875
test_id_test_id_000908_39,test_id_000908,180,random,5,4,test_id_000908_t5_c4,little,little_1,3,1.5,1.0,179,247470.56,248620.984375,271080.875,277688.28125,292564.5625,16,16.54112116655836,HI,277688.28125,15665.78125,293354.0625,247470.5625,43943.578125
test_id_test_id_000908_40,test_id_000908,180,random,5,5,test_id_000908_t5_c5,big,big_0,0,1.0,0.9,179,273739.56,278052.21875,302417.0,309454.28125,325257.96875,16,16.54112116655836,HI,309454.28125,15665.78125,325120.0625,273739.5625,47205.75
test_id_test_id_000908_41,test_id_000908,180,random,5,6,test_id_000908_t5_c6,little,little_0,0,0.6,0.8,179,597329.75,572649.9375,618486.375,631881.25,656203.25,16,16.54112116655836,HI,631881.25,15665.78125,647547.03125,597329.75,83553.3125
test_id_test_id_000957_00,test_id_000957,6,source_like,0,0,test_id_000957_t0_c0,little,little_0,3,1.5,1.0,5,83990.91,82501.5,96964.8125,100932.984375,110848.671875,16,16.54112116655836,LO,100932.984375,0.0,100932.984375,83990.90625,28347.171875
test_id_test_id_000957_01,test_id_000957,6,source_like,0,1,test_id_000957_t0_c1,big,big_0,0,1.0,0.9,5,79367.55,80623.796875,95113.328125,99162.03125,109214.625,16,16.54112116655836,LO,99162.03125,0.0,99162.03125,79367.546875,28590.828125
test_id_test_id_000957_02,test_id_000957,6,source_like,0,2,test_id_000957_t0_c2,little,little_1,0,0.6,0.8,5,203319.23,185694.875,205728.875,211892.71875,225985.515625,16,16.54112116655836,LO,211892.71875,0.0,211892.71875,203319.234375,40290.640625
test_id_test_id_000957_03,test_id_000957,6,source_like,0,3,test_id_000957_t0_c3,big,big_0,1,1.4,0.98,5,57711.336,56184.28125,69481.921875,73330.015625,82581.125,16,16.54112116655836,LO,73330.015625,0.0,73330.015625,57711.3359375,26396.84375
test_id_test_id_000957_04,test_id_000957,6,source_like,0,4,test_id_000957_t0_c4,little,little_0,1,0.9,0.86,5,134472.92,132384.875,148650.3125,153386.34375,164807.40625,16,16.54112116655836,LO,153386.34375,0.0,153386.34375,134472.921875,32422.53125
test_id_test_id_000957_05,test_id_000957,6,source_like,0,5,test_id_000957_t0_c5,big,big_1,2,1.8,1.06,5,44175.207,46244.390625,59086.40625,62881.34375,71837.609375,16,16.54112116655836,LO,62881.34375,0.0,62881.34375,44175.20703125,25593.21875
test_id_test_id_000957_06,test_id_000957,6,source_like,0,6,test_id_000957_t0_c6,little,little_0,2,1.2,0.93,5,107984.43,99129.171875,114015.234375,118153.75,128515.3125,16,16.54112116655836,LO,118153.75,0.0,118153.75,107984.4296875,29386.140625
test_id_test_id_000957_07,test_id_000957,205,sink_like,1,0,test_id_000957_t1_c0,big,big_1,0,1.0,0.9,204,406244.78,394503.3125,427972.125,437423.875,457720.28125,16,16.54112116655836,LO,437423.875,0.0,437423.875,406244.78125,63216.96875
test_id_test_id_000957_08,test_id_000957,205,sink_like,1,1,test_id_000957_t1_c1,little,little_0,0,0.6,0.8,204,705355.1,673262.625,727802.125,744355.5625,772277.375,16,16.54112116655836,LO,744355.5625,0.0,744355.5625,705355.125,99014.75
test_id_test_id_000957_09,test_id_000957,205,sink_like,1,2,test_id_000957_t1_c2,big,big_0,1,1.4,0.98,204,252975.53,254636.65625,277559.40625,284300.53125,299455.65625,16,16.54112116655836,LO,284300.53125,0.0,284300.53125,252975.53125,44819.0
test_id_test_id_000957_10,test_id_000957,205,sink_like,1,3,test_id_000957_t1_c3,little,little_1,1,0.9,0.86,204,464006.97,490483.9375,531530.8125,543301.875,566690.4375,16,16.54112116655836,LO,543301.875,0.0,543301.875,464006.96875,76206.5
test_id_test_id_000957_11,test_id_000957,205,sink_like,1,4,test_id_000957_t1_c4,big,big_1,2,1.8,1.06,204,174378.9,194230.96875,213564.953125,219371.03125,232667.21875,16,16.54112116655836,LO,219371.03125,0.0,219371.03125,174378.90625,38436.25
test_id_test_id_000957_12,test_id_000957,205,sink_like,1,5,test_id_000957_t1_c5,little,little_1,2,1.2,0.93,204,391057.62,382524.4375,414955.1875,424100.9375,443886.875,16,16.54112116655836,LO,424100.9375,0.0,424100.9375,391057.625,61362.4375
test_id_test_id_000957_13,test_id_000957,205,sink_like,1,6,test_id_000957_t1_c6,big,big_1,3,2.2,1.15,204,209322.86,216744.109375,237490.046875,243740.21875,257894.9375,16,16.54112116655836,LO,243740.21875,0.0,243740.21875,209322.859375,41150.828125
test_id_test_id_000957_14,test_id_000957,128,middle,2,0,test_id_000957_t2_c0,little,little_0,0,0.6,0.8,127,508565.84,511955.5,552773.5625,564393.375,586950.0,16,16.54112116655836,LO,564393.375,0.0,564393.375,508565.84375,74994.5
test_id_test_id_000957_15,test_id_000957,128,middle,2,1,test_id_000957_t2_c1,big,big_0,1,1.4,0.98,127,182871.58,187075.71875,205977.9375,211645.375,224678.8125,16,16.54112116655836,LO,211645.375,0.0,211645.375,182871.578125,37603.09375
test_id_test_id_000957_16,test_id_000957,128,middle,2,2,test_id_000957_t2_c2,little,little_1,1,0.9,0.86,127,367239.66,386536.1875,419174.625,428377.21875,448226.1875,16,16.54112116655836,LO,428377.21875,0.0,428377.21875,367239.65625,61690.0
test_id_test_id_000957_17,test_id_000957,128,middle,2,3,test_id_000957_t2_c3,big,big_1,2,1.8,1.06,127,171102.67,177502.96875,195847.765625,201314.34375,213982.3125,16,16.54112116655836,LO,201314.34375,0.0,201314.34375,171102.671875,36479.34375
test_id_test_id_000957_18,test_id_000957,128,middle,2,4,test_id_000957_t2_c4,little,little_1,2,1.2,0.93,127,266385.5,265892.4375,289462.40625,296330.25,311757.375,16,16.54112116655836,LO,296330.25,0.0,296330.25,266385.5,45864.9375
test_id_test_id_000957_19,test_id_000957,128,middle,2,5,test_id_000957_t2_c5,big,big_0,3,2.2,1.15,127,158285.3,161085.96875,178516.953125,183626.109375,195663.75,16,16.54112116655836,LO,183626.109375,0.0,183626.109375,158285.296875,34577.78125
test_id_test_id_000957_20,test_id_000957,128,middle,2,6,test_id_000957_t2_c6,little,little_1,3,1.5,1.0,127,206818.81,214464.90625,234904.40625,241015.0625,254893.0625,16,16.54112116655836,LO,241015.0625,0.0,241015.0625,206818.8125,40428.15625
test_id_test_id_000957_21,test_id_000957,188,communication_heavy,3,0,test_id_000957_t3_c0,big,big_0,1,1.4,0.98,187,374902.75,363034.78125,393878.65625,402576.84375,421607.4375,16,16.54112116655836,LO,402576.84375,0.0,402576.84375,374902.75,58572.65625
test_id_test_id_000957_22,test_id_000957,188,communication_heavy,3,1,test_id_000957_t3_c1,little,little_1,1,0.9,0.86,187,690404.75,617871.75,669953.5625,685536.125,713269.4375,16,16.54112116655836,LO,685536.125,0.0,685536.125,690404.75,95397.6875
test_id_test_id_000957_23,test_id_000957,188,communication_heavy,3,2,test_id_000957_t3_c2,big,big_1,2,1.8,1.06,187,277166.9,272177.625,296214.84375,303211.96875,318899.09375,16,16.54112116655836,LO,303211.96875,0.0,303211.96875,277166.90625,46721.46875
test_id_test_id_000957_24,test_id_000957,188,communication_heavy,3,3,test_id_000957_t3_c3,little,little_0,2,1.2,0.93,187,428679.0,419544.5,455091.15625,465155.15625,486381.0625,16,16.54112116655836,LO,465155.15625,0.0,465155.15625,428679.0,66836.5625
test_id_test_id_000957_25,test_id_000957,188,communication_heavy,3,4,test_id_000957_t3_c4,big,big_0,3,2.2,1.15,187,226547.64,231680.0625,253235.625,259669.796875,274190.125,16,16.54112116655836,LO,259669.796875,0.0,259669.796875,226547.640625,42510.0625
test_id_test_id_000957_26,test_id_000957,188,communication_heavy,3,5,test_id_000957_t3_c5,little,little_0,3,1.5,1.0,187,306667.78,320131.71875,347536.25,355334.03125,372671.21875,16,16.54112116655836,LO,355334.03125,0.0,355334.03125,306667.78125,52539.5
test_id_test_id_000957_27,test_id_000957,188,communication_heavy,3,6,test_id_000957_t3_c6,big,big_0,0,1.0,0.9,187,522122.16,492147.5,533817.5625,545849.125,569652.6875,16,16.54112116655836,LO,545849.125,0.0,545849.125,522122.15625,77505.1875
test_id_test_id_000957_28,test_id_000957,32,random,4,0,test_id_000957_t4_c0,little,little_1,1,0.9,0.86,31,76654.35,81289.078125,95826.765625,99941.671875,110133.765625,16,16.54112116655836,LO,99941.671875,0.0,99941.671875,76654.3515625,28844.6875
test_id_test_id_000957_29,test_id_000957,32,random,4,1,test_id_000957_t4_c1,big,big_1,2,1.8,1.06,31,29062.027,32411.4375,44930.453125,48841.078125,57777.671875,16,16.54112116655836,LO,48841.078125,0.0,48841.078125,29062.02734375,25366.234375
test_id_test_id_000957_30,test_id_000957,32,random,4,2,test_id_000957_t4_c2,little,little_0,2,1.2,0.93,31,58605.76,63176.765625,76872.34375,80783.109375,90280.28125,16,16.54112116655836,LO,80783.109375,0.0,80783.109375,58605.76171875,27103.515625
test_id_test_id_000957_31,test_id_000957,32,random,4,3,test_id_000957_t4_c3,big,big_0,3,2.2,1.15,31,21810.127,26659.71875,39164.703125,43141.6875,52088.765625,16,16.54112116655836,LO,43141.6875,0.0,43141.6875,21810.126953125,25429.046875
test_id_test_id_000957_32,test_id_000957,32,random,4,4,test_id_000957_t4_c4,little,little_1,3,1.5,1.0,31,52075.62,56701.1875,70207.09375,74115.21875,83466.484375,16,16.54112116655836,LO,74115.21875,0.0,74115.21875,52075.62109375,26765.296875
test_id_test_id_000957_33,test_id_000957,32,random,4,5,test_id_000957_t4_c5,big,big_0,0,1.0,0.9,31,44443.297,47421.21875,60405.015625,64278.578125,73419.46875,16,16.54112116655836,LO,64278.578125,0.0,64278.578125,44443.296875,25998.25
test_id_test_id_000957_34,test_id_000957,32,random,4,6,test_id_000957_t4_c6,little,little_0,0,0.6,0.8,31,115959.12,113073.09375,128608.171875,133093.3125,144076.75,16,16.54112116655836,LO,133093.3125,0.0,133093.3125,115959.1171875,31003.65625
test_id_test_id_000957_35,test_id_000957,241,diverse_fill_1,5,0,test_id_000957_t5_c0,big,big_0,2,1.8,1.06,240,56154.133,56422.1875,69648.671875,73456.90625,82642.25,16,16.54112116655836,LO,73456.90625,0.0,73456.90625,56154.1328125,26220.0625
test_id_test_id_000957_36,test_id_000957,241,diverse_fill_1,5,1,test_id_000957_t5_c1,little,little_0,2,1.2,0.93,240,127889.445,125654.03125,141310.78125,145759.09375,156655.1875,16,16.54112116655836,LO,145759.09375,0.0,145759.09375,127889.4453125,31001.15625
test_id_test_id_000957_37,test_id_000957,241,diverse_fill_1,5,2,test_id_000957_t5_c2,big,big_0,3,2.2,1.15,240,50869.01,52815.53125,65889.296875,69687.5625,78787.453125,16,16.54112116655836,LO,69687.5625,0.0,69687.5625,50869.01171875,25971.921875
test_id_test_id_000957_38,test_id_000957,241,diverse_fill_1,5,3,test_id_000957_t5_c3,little,little_0,3,1.5,1.0,240,101327.82,97012.09375,111775.46875,115841.234375,126056.234375,16,16.54112116655836,LO,115841.234375,0.0,115841.234375,101327.8203125,29044.140625
test_id_test_id_000957_39,test_id_000957,241,diverse_fill_1,5,4,test_id_000957_t5_c4,big,big_1,0,1.0,0.9,240,98503.27,97648.546875,112649.640625,116880.53125,127416.5625,16,16.54112116655836,LO,116880.53125,0.0,116880.53125,98503.2734375,29768.015625
test_id_test_id_000957_40,test_id_000957,241,diverse_fill_1,5,5,test_id_000957_t5_c5,little,little_1,0,0.6,0.8,240,245642.52,230327.828125,253202.5625,260148.984375,275963.71875,16,16.54112116655836,LO,260148.984375,0.0,260148.984375,245642.515625,45635.890625
test_id_test_id_000957_41,test_id_000957,241,diverse_fill_1,5,6,test_id_000957_t5_c6,big,big_0,1,1.4,0.98,240,80697.48,87697.796875,102314.890625,106364.546875,116491.984375,16,16.54112116655836,LO,106364.546875,0.0,106364.546875,80697.4765625,28794.1875
test_id_test_id_000974_00,test_id_000974,3,source_like,0,0,test_id_000974_t0_c0,little,little_1,2,1.2,0.93,2,121510.81,119747.609375,135135.953125,139479.171875,150184.75,16,16.54112116655836,HI,139479.171875,15665.78125,155144.953125,121510.8125,30437.140625
test_id_test_id_000974_01,test_id_000974,3,source_like,0,1,test_id_000974_t0_c1,big,big_1,3,2.2,1.15,2,46211.473,45279.859375,58039.9375,61797.921875,70662.03125,16,16.54112116655836,HI,61797.921875,15665.78125,77463.703125,46211.47265625,25382.171875
test_id_test_id_000974_02,test_id_000974,3,source_like,0,2,test_id_000974_t0_c2,little,little_1,3,1.5,1.0,2,104558.78,96408.953125,111176.03125,115226.234375,125410.75,16,16.54112116655836,HI,115226.234375,15665.78125,130892.015625,104558.78125,29001.796875
test_id_test_id_000974_03,test_id_000974,3,source_like,0,3,test_id_000974_t0_c3,big,big_0,0,1.0,0.9,2,103285.35,96142.421875,111009.5625,115150.84375,125511.46875,16,16.54112116655836,HI,115150.84375,15665.78125,130816.625,103285.3515625,29369.046875
test_id_test_id_000974_04,test_id_000974,3,source_like,0,4,test_id_000974_t0_c4,little,little_0,0,0.6,0.8,2,239328.22,228259.65625,251029.015625,257948.328125,273669.96875,16,16.54112116655836,HI,257948.328125,15665.78125,273614.109375,239328.21875,45410.3125
test_id_test_id_000974_05,test_id_000974,3,source_like,0,5,test_id_000974_t0_c5,big,big_0,1,1.4,0.98,2,68705.7,70273.765625,84192.671875,88102.09375,97721.21875,16,16.54112116655836,HI,88102.09375,15665.78125,103767.875,68705.703125,27447.453125
test_id_test_id_000974_06,test_id_000974,3,source_like,0,6,test_id_000974_t0_c6,little,little_1,1,0.9,0.86,2,192158.84,169023.640625,187145.46875,192568.453125,205198.03125,16,16.54112116655836,HI,192568.453125,15665.78125,208234.234375,192158.84375,36174.390625
test_id_test_id_000974_07,test_id_000974,5,sink_like,1,0,test_id_000974_t1_c0,big,big_0,3,2.2,1.15,4,90015.945,98131.890625,112724.078125,116737.4375,126848.90625,16,16.54112116655836,HI,116737.4375,15665.78125,132403.21875,90015.9453125,28717.015625
test_id_test_id_000974_08,test_id_000974,5,sink_like,1,1,test_id_000974_t1_c1,little,little_1,3,1.5,1.0,4,235333.7,222890.125,243727.78125,249915.203125,263944.09375,16,16.54112116655836,HI,249915.203125,15665.78125,265580.984375,235333.703125,41053.96875
test_id_test_id_000974_09,test_id_000974,5,sink_like,1,2,test_id_000974_t1_c2,big,big_0,0,1.0,0.9,4,212005.94,208593.4375,228819.046875,234922.609375,248787.625,16,16.54112116655836,HI,234922.609375,15665.78125,250588.390625,212005.9375,40194.1875
test_id_test_id_000974_10,test_id_000974,5,sink_like,1,3,test_id_000974_t1_c3,little,little_0,0,0.6,0.8,4,472752.25,447712.46875,483450.8125,493414.0,514029.9375,16,16.54112116655836,HI,493414.0,15665.78125,509079.78125,472752.25,66317.46875
test_id_test_id_000974_11,test_id_000974,5,sink_like,1,4,test_id_000974_t1_c4,big,big_0,1,1.4,0.98,4,168154.02,166509.71875,184216.5,189455.234375,201710.953125,16,16.54112116655836,HI,189455.234375,15665.78125,205121.015625,168154.015625,35201.234375
test_id_test_id_000974_12,test_id_000974,5,sink_like,1,5,test_id_000974_t1_c5,little,little_0,1,0.9,0.86,4,305933.12,291141.21875,316290.75,323490.4375,339636.75,16,16.54112116655836,HI,323490.4375,15665.78125,339156.21875,305933.125,48495.53125
test_id_test_id_000974_13,test_id_000974,5,sink_like,1,6,test_id_000974_t1_c6,big,big_1,2,1.8,1.06,4,103282.195,112947.46875,127969.046875,132139.828125,142542.265625,16,16.54112116655836,HI,132139.828125,15665.78125,147805.609375,103282.1953125,29594.796875
test_id_test_id_000974_14,test_id_000974,26,middle,2,0,test_id_000974_t2_c0,little,little_0,3,1.5,1.0,25,317467.28,306028.4375,332427.0625,339984.9375,356840.9375,16,16.54112116655836,HI,339984.9375,15665.78125,355650.71875,317467.28125,50812.5
test_id_test_id_000974_15,test_id_000974,26,middle,2,1,test_id_000974_t2_c1,big,big_1,0,1.0,0.9,25,372673.5,370000.4375,401410.5625,410270.4375,429575.3125,16,16.54112116655836,HI,410270.4375,15665.78125,425936.21875,372673.5,59574.875
test_id_test_id_000974_16,test_id_000974,26,middle,2,2,test_id_000974_t2_c2,little,little_0,0,0.6,0.8,25,783472.3,701749.625,758915.125,776265.0625,805469.0625,16,16.54112116655836,HI,776265.0625,15665.78125,791930.84375,783472.3125,103719.4375
test_id_test_id_000974_17,test_id_000974,26,middle,2,3,test_id_000974_t2_c3,big,big_1,1,1.4,0.98,25,284768.9,277321.84375,301692.78125,308759.21875,324598.15625,16,16.54112116655836,HI,308759.21875,15665.78125,324425.0,284768.90625,47276.3125
test_id_test_id_000974_18,test_id_000974,26,middle,2,4,test_id_000974_t2_c4,little,little_1,1,0.9,0.86,25,598269.2,542520.75,588007.5,601277.25,626412.3125,16,16.54112116655836,HI,601277.25,15665.78125,616943.03125,598269.1875,83891.5625
test_id_test_id_000974_19,test_id_000974,26,middle,2,5,test_id_000974_t2_c5,big,big_0,2,1.8,1.06,25,200549.39,199786.03125,219514.171875,225458.15625,239022.59375,16,16.54112116655836,HI,225458.15625,15665.78125,241123.9375,200549.390625,39236.5625
test_id_test_id_000974_20,test_id_000974,26,middle,2,6,test_id_000974_t2_c6,little,little_1,2,1.2,0.93,25,391421.8,352461.4375,382357.125,390791.5,409341.6875,16,16.54112116655836,HI,390791.5,15665.78125,406457.28125,391421.8125,56880.25
test_id_test_id_000974_21,test_id_000974,16,high_degree,3,0,test_id_000974_t3_c0,big,big_1,0,1.0,0.9,15,276171.94,253828.609375,276653.96875,283345.5,298427.09375,16,16.54112116655836,HI,283345.5,15665.78125,299011.28125,276171.9375,44598.484375
test_id_test_id_000974_22,test_id_000974,16,high_degree,3,1,test_id_000974_t3_c1,little,little_1,0,0.6,0.8,15,544301.56,540170.0,582844.0,595072.375,618101.3125,16,16.54112116655836,HI,595072.375,15665.78125,610738.15625,544301.5625,77931.3125
test_id_test_id_000974_23,test_id_000974,16,high_degree,3,2,test_id_000974_t3_c2,big,big_0,1,1.4,0.98,15,225894.75,220605.109375,241430.875,247651.421875,261748.109375,16,16.54112116655836,HI,247651.421875,15665.78125,263317.203125,225894.75,41143.0
test_id_test_id_000974_24,test_id_000974,16,high_degree,3,3,test_id_000974_t3_c3,little,little_1,1,0.9,0.86,15,344220.84,347679.4375,377004.125,385263.4375,403469.3125,16,16.54112116655836,HI,385263.4375,15665.78125,400929.21875,344220.84375,55789.875
test_id_test_id_000974_25,test_id_000974,16,high_degree,3,4,test_id_000974_t3_c4,big,big_0,2,1.8,1.06,15,149338.2,154882.90625,171909.640625,176874.5625,188646.421875,16,16.54112116655836,HI,176874.5625,15665.78125,192540.34375,149338.203125,33763.515625
test_id_test_id_000974_26,test_id_000974,16,high_degree,3,5,test_id_000974_t3_c5,little,little_1,2,1.2,0.93,15,345705.56,316127.09375,343258.53125,350990.03125,368187.125,16,16.54112116655836,HI,350990.03125,15665.78125,366655.8125,345705.5625,52060.03125
test_id_test_id_000974_27,test_id_000974,16,high_degree,3,6,test_id_000974_t3_c6,big,big_0,3,2.2,1.15,15,139553.48,142383.125,158767.5,163458.375,174762.40625,16,16.54112116655836,HI,163458.375,15665.78125,179124.15625,139553.484375,32379.28125
test_id_test_id_000974_28,test_id_000974,40,communication_heavy,4,0,test_id_000974_t4_c0,little,little_0,0,0.6,0.8,39,503578.47,539910.5,583483.625,596074.5,619830.9375,16,16.54112116655836,HI,596074.5,15665.78125,611740.28125,503578.46875,79920.4375
test_id_test_id_000974_29,test_id_000974,40,communication_heavy,4,1,test_id_000974_t4_c1,big,big_1,1,1.4,0.98,39,244150.17,262657.03125,286027.625,292850.96875,308181.375,16,16.54112116655836,HI,292850.96875,15665.78125,308516.75,244150.171875,45524.34375
test_id_test_id_000974_30,test_id_000974,40,communication_heavy,4,2,test_id_000974_t4_c2,little,little_0,1,0.9,0.86,39,570069.25,538640.25,584126.9375,597431.5,622673.5625,16,16.54112116655836,HI,597431.5,15665.78125,613097.28125,570069.25,84033.3125
test_id_test_id_000974_31,test_id_000974,40,communication_heavy,4,3,test_id_000974_t4_c3,big,big_1,2,1.8,1.06,39,215406.19,232353.390625,253893.21875,260301.28125,274768.53125,16,16.54112116655836,HI,260301.28125,15665.78125,275967.0625,215406.1875,42415.140625
test_id_test_id_000974_32,test_id_000974,40,communication_heavy,4,4,test_id_000974_t4_c4,little,little_0,2,1.2,0.93,39,363746.3,355082.6875,385255.53125,393779.96875,412480.5625,16,16.54112116655836,HI,393779.96875,15665.78125,409445.75,363746.3125,57397.875
test_id_test_id_000974_33,test_id_000974,40,communication_heavy,4,5,test_id_000974_t4_c5,big,big_0,3,2.2,1.15,39,156378.42,172279.546875,190256.59375,195578.5625,207984.734375,16,16.54112116655836,HI,195578.5625,15665.78125,211244.34375,156378.421875,35705.1875
test_id_test_id_000974_34,test_id_000974,40,communication_heavy,4,6,test_id_000974_t4_c6,little,little_0,3,1.5,1.0,39,282591.88,304723.9375,331007.375,338533.40625,355310.96875,16,16.54112116655836,HI,338533.40625,15665.78125,354199.1875,282591.875,50587.03125
test_id_test_id_000974_35,test_id_000974,46,random,5,0,test_id_000974_t5_c0,big,big_0,1,1.4,0.98,45,200572.94,210795.21875,231005.421875,237051.953125,250800.890625,16,16.54112116655836,HI,237051.953125,15665.78125,252717.734375,200572.9375,40005.671875
test_id_test_id_000974_36,test_id_000974,46,random,5,1,test_id_000974_t5_c1,little,little_1,1,0.9,0.86,45,324684.4,337708.5,366426.5,374551.75,392522.46875,16,16.54112116655836,HI,374551.75,15665.78125,390217.53125,324684.40625,54813.96875
test_id_test_id_000974_37,test_id_000974,46,random,5,2,test_id_000974_t5_c2,big,big_1,2,1.8,1.06,45,123406.016,143291.390625,159613.40625,164294.375,175560.5625,16,16.54112116655836,HI,164294.375,15665.78125,179960.15625,123406.015625,32269.171875
test_id_test_id_000974_38,test_id_000974,46,random,5,3,test_id_000974_t5_c3,little,little_0,2,1.2,0.93,45,286108.62,285293.59375,310148.71875,317306.3125,333345.5625,16,16.54112116655836,HI,317306.3125,15665.78125,332972.09375,286108.625,48051.96875
test_id_test_id_000974_39,test_id_000974,46,random,5,4,test_id_000974_t5_c4,big,big_0,3,2.2,1.15,45,119218.13,135659.578125,151637.0625,156162.4375,167171.21875,16,16.54112116655836,HI,156162.4375,15665.78125,171828.21875,119218.1328125,31511.640625
test_id_test_id_000974_40,test_id_000974,46,random,5,5,test_id_000974_t5_c5,little,little_1,3,1.5,1.0,45,184558.83,204736.140625,224519.796875,230415.9375,243886.609375,16,16.54112116655836,HI,230415.9375,15665.78125,246081.71875,184558.828125,39150.46875
test_id_test_id_000974_41,test_id_000974,46,random,5,6,test_id_000974_t5_c6,big,big_0,0,1.0,0.9,45,293731.97,294824.25,320351.34375,327658.59375,344025.6875,16,16.54112116655836,HI,327658.59375,15665.78125,343324.375,293731.96875,49201.4375
test_id_test_id_000979_00,test_id_000979,5,source_like,0,0,test_id_000979_t0_c0,big,big_0,3,2.2,1.15,4,27482.838,32698.84375,45168.3125,49009.1875,57792.1875,16,16.54112116655836,LO,49009.1875,0.0,49009.1875,27482.837890625,25093.34375
test_id_test_id_000979_01,test_id_000979,5,source_like,0,1,test_id_000979_t0_c1,little,little_0,3,1.5,1.0,4,62039.996,67491.703125,81390.484375,85302.75,94872.65625,16,16.54112116655836,LO,85302.75,0.0,85302.75,62039.99609375,27380.953125
test_id_test_id_000979_02,test_id_000979,5,source_like,0,2,test_id_000979_t0_c2,big,big_1,0,1.0,0.9,4,66492.55,67522.4375,81558.6875,85557.3125,95302.0625,16,16.54112116655836,LO,85557.3125,0.0,85557.3125,66492.546875,27779.625
test_id_test_id_000979_03,test_id_000979,5,source_like,0,3,test_id_000979_t0_c3,little,little_0,0,0.6,0.8,4,153277.17,148595.125,166086.875,171331.09375,183673.5625,16,16.54112116655836,LO,171331.09375,0.0,171331.09375,153277.171875,35078.4375
test_id_test_id_000979_04,test_id_000979,5,source_like,0,4,test_id_000979_t0_c4,big,big_0,1,1.4,0.98,4,44069.332,46893.59375,59823.984375,63661.9375,72715.34375,16,16.54112116655836,LO,63661.9375,0.0,63661.9375,44069.33203125,25821.75
test_id_test_id_000979_05,test_id_000979,5,source_like,0,5,test_id_000979_t0_c5,little,little_0,1,0.9,0.86,4,103571.47,102813.265625,117886.625,122143.734375,132719.84375,16,16.54112116655836,LO,122143.734375,0.0,122143.734375,103571.46875,29906.578125
test_id_test_id_000979_06,test_id_000979,5,source_like,0,6,test_id_000979_t0_c6,big,big_0,2,1.8,1.06,4,37745.066,41645.234375,54389.984375,58234.109375,67199.96875,16,16.54112116655836,LO,58234.109375,0.0,58234.109375,37745.06640625,25554.734375
test_id_test_id_000979_07,test_id_000979,57,sink_like,1,0,test_id_000979_t1_c0,little,little_0,3,1.5,1.0,56,307456.03,310718.40625,337454.84375,345091.53125,362094.4375,16,16.54112116655836,LO,345091.53125,0.0,345091.53125,307456.03125,51376.03125
test_id_test_id_000979_08,test_id_000979,57,sink_like,1,1,test_id_000979_t1_c1,big,big_1,0,1.0,0.9,56,313516.44,327983.0,355997.3125,363942.0,381582.53125,16,16.54112116655836,LO,363942.0,0.0,363942.0,313516.4375,53599.53125
test_id_test_id_000979_09,test_id_000979,57,sink_like,1,2,test_id_000979_t1_c2,little,little_1,0,0.6,0.8,56,469595.66,513365.6875,555063.4375,567017.125,590196.6875,16,16.54112116655836,LO,567017.125,0.0,567017.125,469595.65625,76831.0
test_id_test_id_000979_10,test_id_000979,57,sink_like,1,3,test_id_000979_t1_c3,big,big_1,1,1.4,0.98,56,236080.03,243673.484375,265886.40625,272448.25,287233.0,16,16.54112116655836,LO,272448.25,0.0,272448.25,236080.03125,43559.515625
test_id_test_id_000979_11,test_id_000979,57,sink_like,1,4,test_id_000979_t1_c4,little,little_1,1,0.9,0.86,56,421395.25,432740.75,469227.65625,479569.6875,501169.96875,16,16.54112116655836,LO,479569.6875,0.0,479569.6875,421395.25,68429.21875
test_id_test_id_000979_12,test_id_000979,57,sink_like,1,5,test_id_000979_t1_c5,big,big_0,2,1.8,1.06,56,234076.58,239652.96875,261652.875,268177.9375,282881.5,16,16.54112116655836,LO,268177.9375,0.0,268177.9375,234076.578125,43228.53125
test_id_test_id_000979_13,test_id_000979,57,sink_like,1,6,test_id_000979_t1_c6,little,little_0,2,1.2,0.93,56,407924.38,405819.59375,440385.625,450183.25,471022.78125,16,16.54112116655836,LO,450183.25,0.0,450183.25,407924.375,65203.1875
test_id_test_id_000979_14,test_id_000979,83,middle,2,0,test_id_000979_t2_c0,big,big_1,0,1.0,0.9,82,197027.72,216044.0625,236509.671875,242612.296875,256473.5,16,16.54112116655836,LO,242612.296875,0.0,242612.296875,197027.71875,40429.4375
test_id_test_id_000979_15,test_id_000979,83,middle,2,1,test_id_000979_t2_c1,little,little_0,0,0.6,0.8,82,348439.97,377688.5625,409042.28125,417819.5,436978.8125,16,16.54112116655836,LO,417819.5,0.0,417819.5,348439.96875,59290.25
test_id_test_id_000979_16,test_id_000979,83,middle,2,2,test_id_000979_t2_c2,big,big_0,1,1.4,0.98,82,196953.3,201291.375,220917.546875,226796.375,240215.859375,16,16.54112116655836,LO,226796.375,0.0,226796.375,196953.296875,38924.484375
test_id_test_id_000979_17,test_id_000979,83,middle,2,3,test_id_000979_t2_c3,little,little_0,1,0.9,0.86,82,278584.44,285996.46875,310836.96875,317970.59375,333982.1875,16,16.54112116655836,LO,317970.59375,0.0,317970.59375,278584.4375,47985.71875
test_id_test_id_000979_18,test_id_000979,83,middle,2,4,test_id_000979_t2_c4,big,big_1,2,1.8,1.06,82,156746.1,183071.25,201681.234375,207241.171875,220069.546875,16,16.54112116655836,LO,207241.171875,0.0,207241.171875,156746.09375,36998.296875
test_id_test_id_000979_19,test_id_000979,83,middle,2,5,test_id_000979_t2_c5,little,little_0,2,1.2,0.93,82,276830.97,294598.96875,320150.375,327481.71875,343874.125,16,16.54112116655836,LO,327481.71875,0.0,327481.71875,276830.96875,49275.15625
test_id_test_id_000979_20,test_id_000979,83,middle,2,6,test_id_000979_t2_c6,big,big_0,3,2.2,1.15,82,124604.58,140619.109375,156859.59375,161485.625,172667.765625,16,16.54112116655836,LO,161485.625,0.0,161485.625,124604.578125,32048.65625
test_id_test_id_000979_21,test_id_000979,23,high_degree,3,0,test_id_000979_t3_c0,little,little_1,0,0.6,0.8,22,397037.94,388482.1875,419358.09375,427685.5625,445965.28125,16,16.54112116655836,LO,427685.5625,0.0,427685.5625,397037.9375,57483.09375
test_id_test_id_000979_22,test_id_000979,23,high_degree,3,1,test_id_000979_t3_c1,big,big_0,1,1.4,0.98,22,135818.0,137390.234375,153540.28125,158155.09375,169327.15625,16,16.54112116655836,LO,158155.09375,0.0,158155.09375,135818.0,31936.921875
test_id_test_id_000979_23,test_id_000979,23,high_degree,3,2,test_id_000979_t3_c2,little,little_0,1,0.9,0.86,22,262702.7,234864.671875,256465.890625,262852.40625,277308.8125,16,16.54112116655836,LO,262852.40625,0.0,262852.40625,262702.6875,42444.140625
test_id_test_id_000979_24,test_id_000979,23,high_degree,3,3,test_id_000979_t3_c3,big,big_1,2,1.8,1.06,22,113041.33,110745.703125,125813.0625,129972.390625,140375.984375,16,16.54112116655836,LO,129972.390625,0.0,129972.390625,113041.328125,29630.28125
test_id_test_id_000979_25,test_id_000979,23,high_degree,3,4,test_id_000979_t3_c4,little,little_0,2,1.2,0.93,22,190933.56,189632.09375,208683.46875,214427.96875,227589.25,16,16.54112116655836,LO,214427.96875,0.0,214427.96875,190933.5625,37957.15625
test_id_test_id_000979_26,test_id_000979,23,high_degree,3,5,test_id_000979_t3_c5,big,big_1,3,2.2,1.15,22,78162.016,78577.46875,92625.1875,96514.921875,106240.03125,16,16.54112116655836,LO,96514.921875,0.0,96514.921875,78162.015625,27662.5625
test_id_test_id_000979_27,test_id_000979,23,high_degree,3,6,test_id_000979_t3_c6,little,little_1,3,1.5,1.0,22,168711.31,163039.9375,180488.9375,185625.015625,197689.1875,16,16.54112116655836,LO,185625.015625,0.0,185625.015625,168711.3125,34649.25
test_id_test_id_000979_28,test_id_000979,160,communication_heavy,4,0,test_id_000979_t4_c0,big,big_0,1,1.4,0.98,159,401730.28,382838.1875,415270.3125,424398.09375,444169.875,16,16.54112116655836,LO,424398.09375,0.0,424398.09375,401730.28125,61331.6875
test_id_test_id_000979_29,test_id_000979,160,communication_heavy,4,1,test_id_000979_t4_c1,little,little_0,1,0.9,0.86,159,587207.94,561876.5,608897.125,622723.875,648378.375,16,16.54112116655836,LO,622723.875,0.0,622723.875,587207.9375,86501.875
test_id_test_id_000979_30,test_id_000979,160,communication_heavy,4,2,test_id_000979_t4_c2,big,big_1,2,1.8,1.06,159,343511.1,344559.09375,373909.25,382201.71875,400500.9375,16,16.54112116655836,LO,382201.71875,0.0,382201.71875,343511.09375,55941.84375
test_id_test_id_000979_31,test_id_000979,160,communication_heavy,4,3,test_id_000979_t4_c3,little,little_1,2,1.2,0.93,159,659641.6,594149.0,645666.75,661147.875,689317.5,16,16.54112116655836,LO,661147.875,0.0,661147.875,659641.625,95168.5
test_id_test_id_000979_32,test_id_000979,160,communication_heavy,4,4,test_id_000979_t4_c4,big,big_0,3,2.2,1.15,159,286482.5,283354.375,308137.5,315306.21875,331364.75,16,16.54112116655836,LO,315306.21875,0.0,315306.21875,286482.5,48010.375
test_id_test_id_000979_33,test_id_000979,160,communication_heavy,4,5,test_id_000979_t4_c5,little,little_0,3,1.5,1.0,159,421915.22,408037.8125,442734.71875,452546.9375,473411.71875,16,16.54112116655836,LO,452546.9375,0.0,452546.9375,421915.21875,65373.90625
test_id_test_id_000979_34,test_id_000979,160,communication_heavy,4,6,test_id_000979_t4_c6,big,big_1,0,1.0,0.9,159,615496.4,577875.0625,626772.1875,641312.125,667885.5,16,16.54112116655836,LO,641312.125,0.0,641312.125,615496.375,90010.4375
test_id_test_id_000979_35,test_id_000979,173,random,5,0,test_id_000979_t5_c0,little,little_1,1,0.9,0.86,172,563953.6,507738.9375,550611.25,563034.125,587275.0,16,16.54112116655836,LO,563034.125,0.0,563034.125,563953.625,79536.0625
test_id_test_id_000979_36,test_id_000979,173,random,5,1,test_id_000979_t5_c1,big,big_1,2,1.8,1.06,172,199613.89,197349.65625,216882.921875,222757.359375,236182.28125,16,16.54112116655836,LO,222757.359375,0.0,222757.359375,199613.890625,38832.625
test_id_test_id_000979_37,test_id_000979,173,random,5,2,test_id_000979_t5_c2,little,little_0,2,1.2,0.93,172,379321.9,371458.53125,403050.5,411976.15625,431385.09375,16,16.54112116655836,LO,411976.15625,0.0,411976.15625,379321.90625,59926.5625
test_id_test_id_000979_38,test_id_000979,173,random,5,3,test_id_000979_t5_c3,big,big_1,3,2.2,1.15,172,159371.73,165882.21875,183546.125,188756.09375,200964.28125,16,16.54112116655836,LO,188756.09375,0.0,188756.09375,159371.734375,35082.0625
test_id_test_id_000979_39,test_id_000979,173,random,5,4,test_id_000979_t5_c4,little,little_0,3,1.5,1.0,172,295765.4,288200.125,313305.375,320548.09375,336742.6875,16,16.54112116655836,LO,320548.09375,0.0,320548.09375,295765.40625,48542.5625
test_id_test_id_000979_40,test_id_000979,173,random,5,5,test_id_000979_t5_c5,big,big_1,0,1.0,0.9,172,280764.75,275832.25,300061.625,307075.6875,322826.46875,16,16.54112116655836,LO,307075.6875,0.0,307075.6875,280764.75,46994.21875
test_id_test_id_000979_41,test_id_000979,173,random,5,6,test_id_000979_t5_c6,little,little_0,0,0.6,0.8,172,584114.6,594586.625,642510.125,656680.125,681927.0,16,16.54112116655836,LO,656680.125,0.0,656680.125,584114.625,87340.375
test_id_test_id_000986_00,test_id_000986,1,source_like,0,0,test_id_000986_t0_c0,little,little_0,0,0.6,0.8,0,253582.86,255322.0625,279306.71875,286318.40625,302376.0625,16,16.54112116655836,HI,286318.40625,15665.78125,301984.1875,253582.859375,47054.0
test_id_test_id_000986_01,test_id_000986,1,source_like,0,1,test_id_000986_t0_c1,big,big_0,1,1.4,0.98,0,67607.81,71022.875,84962.34375,88875.828125,98515.359375,16,16.54112116655836,HI,88875.828125,15665.78125,104541.609375,67607.8125,27492.484375
test_id_test_id_000986_02,test_id_000986,1,source_like,0,2,test_id_000986_t0_c2,little,little_1,1,0.9,0.86,0,157242.66,165881.9375,183989.921875,189456.0625,202153.53125,16,16.54112116655836,HI,189456.0625,15665.78125,205121.84375,157242.65625,36271.59375
test_id_test_id_000986_03,test_id_000986,1,source_like,0,3,test_id_000986_t0_c3,big,big_0,2,1.8,1.06,0,55482.723,60935.28125,74380.59375,78183.515625,87425.328125,16,16.54112116655836,HI,78183.515625,15665.78125,93849.296875,55482.72265625,26490.046875
test_id_test_id_000986_04,test_id_000986,1,source_like,0,4,test_id_000986_t0_c4,little,little_1,2,1.2,0.93,0,131290.8,127974.53125,143630.875,148077.78125,158952.96875,16,16.54112116655836,HI,148077.78125,15665.78125,163743.5625,131290.796875,30978.4375
test_id_test_id_000986_05,test_id_000986,1,source_like,0,5,test_id_000986_t0_c5,big,big_0,3,2.2,1.15,0,48008.29,49315.34375,62243.859375,66010.890625,74970.0,16,16.54112116655836,HI,66010.890625,15665.78125,81676.671875,48008.2890625,25654.65625
test_id_test_id_000986_06,test_id_000986,1,source_like,0,6,test_id_000986_t0_c6,little,little_0,3,1.5,1.0,0,102207.84,98869.46875,113696.84375,117771.15625,128007.828125,16,16.54112116655836,HI,117771.15625,15665.78125,133436.9375,102207.84375,29138.359375
test_id_test_id_000986_07,test_id_000986,5,sink_like,1,0,test_id_000986_t1_c0,big,big_1,1,1.4,0.98,4,81471.07,100094.734375,115103.71875,119288.421875,129747.359375,16,16.54112116655836,HI,119288.421875,15665.78125,134954.203125,81471.0703125,29652.625
test_id_test_id_000986_08,test_id_000986,5,sink_like,1,1,test_id_000986_t1_c1,little,little_1,1,0.9,0.86,4,153674.61,156942.15625,174488.0,179739.25,192062.765625,16,16.54112116655836,HI,179739.25,15665.78125,195405.03125,153674.609375,35120.609375
test_id_test_id_000986_09,test_id_000986,5,sink_like,1,2,test_id_000986_t1_c2,big,big_0,2,1.8,1.06,4,60036.56,65733.015625,79383.703125,83258.34375,92744.28125,16,16.54112116655836,HI,83258.34375,15665.78125,98924.125,60036.55859375,27011.265625
test_id_test_id_000986_10,test_id_000986,5,sink_like,1,3,test_id_000986_t1_c3,little,little_1,2,1.2,0.93,4,130783.5,131824.59375,147766.234375,152340.6875,163448.90625,16,16.54112116655836,HI,152340.6875,15665.78125,168006.46875,130783.5,31624.3125
test_id_test_id_000986_11,test_id_000986,5,sink_like,1,4,test_id_000986_t1_c4,big,big_1,3,2.2,1.15,4,43832.582,51819.59375,64839.8125,68616.8125,77653.859375,16,16.54112116655836,HI,68616.8125,15665.78125,84282.59375,43832.58203125,25834.265625
test_id_test_id_000986_12,test_id_000986,5,sink_like,1,5,test_id_000986_t1_c5,little,little_1,3,1.5,1.0,4,101522.78,105407.421875,120390.359375,124535.734375,134915.890625,16,16.54112116655836,HI,124535.734375,15665.78125,140201.515625,101522.78125,29508.46875
test_id_test_id_000986_13,test_id_000986,5,sink_like,1,6,test_id_000986_t1_c6,big,big_0,0,1.0,0.9,4,102281.27,110044.53125,125442.09375,129832.875,140681.921875,16,16.54112116655836,HI,129832.875,15665.78125,145498.65625,102281.2734375,30637.390625
test_id_test_id_000986_14,test_id_000986,189,middle,2,0,test_id_000986_t2_c0,little,little_1,1,0.9,0.86,188,288441.56,300032.46875,325850.375,333216.90625,349711.46875,16,16.54112116655836,HI,333216.90625,15665.78125,348882.6875,288441.5625,49679.0
test_id_test_id_000986_15,test_id_000986,189,middle,2,1,test_id_000986_t2_c1,big,big_0,2,1.8,1.06,188,109079.84,115524.375,130686.40625,134891.25,145362.59375,16,16.54112116655836,HI,134891.25,15665.78125,150557.03125,109079.84375,29838.21875
test_id_test_id_000986_16,test_id_000986,189,middle,2,2,test_id_000986_t2_c2,little,little_0,2,1.2,0.93,188,236768.23,242102.71875,264127.625,270608.46875,285246.0625,16,16.54112116655836,HI,270608.46875,15665.78125,286274.25,236768.234375,43143.34375
test_id_test_id_000986_17,test_id_000986,189,middle,2,3,test_id_000986_t2_c3,big,big_0,3,2.2,1.15,188,105008.23,107942.71875,122921.375,127032.734375,137352.375,16,16.54112116655836,HI,127032.734375,15665.78125,142698.515625,105008.2265625,29409.65625
test_id_test_id_000986_18,test_id_000986,189,middle,2,4,test_id_000986_t2_c4,little,little_1,3,1.5,1.0,188,174334.08,179856.140625,198274.609375,203760.546875,216462.859375,16,16.54112116655836,HI,203760.546875,15665.78125,219426.328125,174334.078125,36606.71875
test_id_test_id_000986_19,test_id_000986,189,middle,2,5,test_id_000986_t2_c5,big,big_0,0,1.0,0.9,188,179006.23,185187.84375,204069.828125,209782.703125,222897.34375,16,16.54112116655836,HI,209782.703125,15665.78125,225448.484375,179006.234375,37709.5
test_id_test_id_000986_20,test_id_000986,189,middle,2,6,test_id_000986_t2_c6,little,little_0,0,0.6,0.8,188,396781.75,401888.21875,434240.03125,443146.75,462388.375,16,16.54112116655836,HI,443146.75,15665.78125,458812.53125,396781.75,60500.15625
test_id_test_id_000986_21,test_id_000986,15,high_degree,3,0,test_id_000986_t3_c0,big,big_0,2,1.8,1.06,14,109686.67,122033.703125,137468.359375,141781.296875,152439.9375,16,16.54112116655836,HI,141781.296875,15665.78125,157447.078125,109686.671875,30406.234375
test_id_test_id_000986_22,test_id_000986,15,high_degree,3,1,test_id_000986_t3_c1,little,little_0,2,1.2,0.93,14,212682.94,211112.90625,231423.4375,237529.8125,251393.921875,16,16.54112116655836,HI,237529.8125,15665.78125,253195.59375,212682.9375,40281.015625
test_id_test_id_000986_23,test_id_000986,15,high_degree,3,2,test_id_000986_t3_c2,big,big_1,3,2.2,1.15,14,110522.8,117382.765625,132709.734375,136948.015625,147495.25,16,16.54112116655836,HI,136948.015625,15665.78125,152613.796875,110522.796875,30112.484375
test_id_test_id_000986_24,test_id_000986,15,high_degree,3,3,test_id_000986_t3_c3,little,little_1,3,1.5,1.0,14,182985.0,189841.671875,208840.640625,214520.078125,227580.703125,16,16.54112116655836,HI,214520.078125,15665.78125,230185.859375,182985.0,37739.03125
test_id_test_id_000986_25,test_id_000986,15,high_degree,3,4,test_id_000986_t3_c4,big,big_0,0,1.0,0.9,14,185054.61,196474.8125,216016.359375,221931.09375,235431.796875,16,16.54112116655836,HI,221931.09375,15665.78125,237596.875,185054.609375,38956.984375
test_id_test_id_000986_26,test_id_000986,15,high_degree,3,5,test_id_000986_t3_c5,little,little_1,0,0.6,0.8,14,368625.38,373081.28125,403251.03125,411490.5,429752.6875,16,16.54112116655836,HI,411490.5,15665.78125,427156.28125,368625.375,56671.40625
test_id_test_id_000986_27,test_id_000986,15,high_degree,3,6,test_id_000986_t3_c6,big,big_1,1,1.4,0.98,14,139701.48,149952.296875,166740.0625,171620.90625,183247.15625,16,16.54112116655836,HI,171620.90625,15665.78125,187286.6875,139701.484375,33294.859375
test_id_test_id_000986_28,test_id_000986,370,communication_heavy,4,0,test_id_000986_t4_c0,little,little_1,2,1.2,0.93,369,400393.12,405913.25,440379.8125,450132.25,470889.5625,16,16.54112116655836,HI,450132.25,15665.78125,465798.03125,400393.125,64976.3125
test_id_test_id_000986_29,test_id_000986,370,communication_heavy,4,1,test_id_000986_t4_c1,big,big_1,3,2.2,1.15,369,185591.34,208906.40625,229151.1875,235244.90625,249099.53125,16,16.54112116655836,HI,235244.90625,15665.78125,250910.6875,185591.34375,40193.125
test_id_test_id_000986_30,test_id_000986,370,communication_heavy,4,2,test_id_000986_t4_c2,little,little_0,3,1.5,1.0,369,357399.44,391001.28125,424438.96875,433909.6875,454248.875,16,16.54112116655836,HI,433909.6875,15665.78125,449575.46875,357399.4375,63247.59375
test_id_test_id_000986_31,test_id_000986,370,communication_heavy,4,3,test_id_000986_t4_c3,big,big_1,0,1.0,0.9,369,306188.66,338734.6875,367515.84375,375650.625,393653.34375,16,16.54112116655836,HI,375650.625,15665.78125,391316.40625,306188.65625,54918.65625
test_id_test_id_000986_32,test_id_000986,370,communication_heavy,4,4,test_id_000986_t4_c4,little,little_0,0,0.6,0.8,369,680894.8,680141.875,735423.875,752179.75,780513.625,16,16.54112116655836,HI,752179.75,15665.78125,767845.53125,680894.8125,100371.75
test_id_test_id_000986_33,test_id_000986,370,communication_heavy,4,5,test_id_000986_t4_c5,big,big_1,1,1.4,0.98,369,294999.34,309595.875,336233.25,343837.1875,360786.46875,16,16.54112116655836,HI,343837.1875,15665.78125,359502.96875,294999.34375,51190.59375
test_id_test_id_000986_34,test_id_000986,370,communication_heavy,4,6,test_id_000986_t4_c6,little,little_1,1,0.9,0.86,369,547587.8,548642.75,594698.5625,608173.75,633535.875,16,16.54112116655836,HI,608173.75,15665.78125,623839.53125,547587.8125,84893.125
test_id_test_id_000986_35,test_id_000986,256,random,5,0,test_id_000986_t5_c0,big,big_0,3,2.2,1.15,255,55388.88,56310.140625,69518.484375,73317.15625,82484.171875,16,16.54112116655836,HI,73317.15625,15665.78125,88982.9375,55388.87890625,26174.03125
test_id_test_id_000986_36,test_id_000986,256,random,5,1,test_id_000986_t5_c1,little,little_0,3,1.5,1.0,255,120515.375,115753.734375,131040.984375,135304.515625,145893.53125,16,16.54112116655836,HI,135304.515625,15665.78125,150970.296875,120515.375,30139.796875
test_id_test_id_000986_37,test_id_000986,256,random,5,2,test_id_000986_t5_c2,big,big_0,0,1.0,0.9,255,116359.07,117834.640625,133503.421875,138006.71875,149054.21875,16,16.54112116655836,HI,138006.71875,15665.78125,153672.5,116359.0703125,31219.578125
test_id_test_id_000986_38,test_id_000986,256,random,5,3,test_id_000986_t5_c3,little,little_1,0,0.6,0.8,255,204351.6,228012.921875,250720.25,257650.8125,273389.71875,16,16.54112116655836,HI,257650.8125,15665.78125,273316.59375,204351.59375,45376.796875
test_id_test_id_000986_39,test_id_000986,256,random,5,4,test_id_000986_t5_c4,big,big_1,1,1.4,0.98,255,100178.94,101507.65625,116571.15625,120787.265625,131311.1875,16,16.54112116655836,HI,120787.265625,15665.78125,136453.046875,100178.9375,29803.53125
test_id_test_id_000986_40,test_id_000986,256,random,5,5,test_id_000986_t5_c5,little,little_1,1,0.9,0.86,255,168457.31,168999.40625,187179.5625,192662.71875,205401.625,16,16.54112116655836,HI,192662.71875,15665.78125,208328.5,168457.3125,36402.21875
test_id_test_id_000986_41,test_id_000986,256,random,5,6,test_id_000986_t5_c6,big,big_1,2,1.8,1.06,255,56626.78,61982.296875,75445.140625,79277.796875,88616.453125,16,16.54112116655836,HI,79277.796875,15665.78125,94943.578125,56626.78125,26634.15625
test_id_test_id_000988_00,test_id_000988,2,source_like,0,0,test_id_000988_t0_c0,little,little_1,0,0.6,0.8,1,179172.38,172837.171875,192033.53125,197908.21875,211461.140625,16,16.54112116655836,LO,197908.21875,0.0,197908.21875,179172.375,38623.96875
test_id_test_id_000988_01,test_id_000988,2,source_like,0,1,test_id_000988_t0_c1,big,big_1,1,1.4,0.98,1,53035.87,53398.515625,66597.375,70444.09375,79635.25,16,16.54112116655836,LO,70444.09375,0.0,70444.09375,53035.87109375,26236.734375
test_id_test_id_000988_02,test_id_000988,2,source_like,0,2,test_id_000988_t0_c2,little,little_0,1,0.9,0.86,1,119385.02,119133.625,134808.328125,139311.03125,150335.296875,16,16.54112116655836,LO,139311.03125,0.0,139311.03125,119385.0234375,31201.671875
test_id_test_id_000988_03,test_id_000988,2,source_like,0,3,test_id_000988_t0_c3,big,big_0,2,1.8,1.06,1,35768.28,40367.359375,53005.625,56795.34375,65623.5,16,16.54112116655836,LO,56795.34375,0.0,56795.34375,35768.28125,25256.140625
test_id_test_id_000988_04,test_id_000988,2,source_like,0,4,test_id_000988_t0_c4,little,little_0,2,1.2,0.93,1,89835.91,89834.28125,104518.796875,108601.59375,118811.390625,16,16.54112116655836,LO,108601.59375,0.0,108601.59375,89835.90625,28977.109375
test_id_test_id_000988_05,test_id_000988,2,source_like,0,5,test_id_000988_t0_c5,big,big_1,3,2.2,1.15,1,37358.812,38579.90625,51201.734375,55030.40625,63907.78125,16,16.54112116655836,LO,55030.40625,0.0,55030.40625,37358.8125,25327.875
test_id_test_id_000988_06,test_id_000988,2,source_like,0,6,test_id_000988_t0_c6,little,little_0,3,1.5,1.0,1,76206.95,75311.640625,89522.71875,93472.296875,103248.703125,16,16.54112116655836,LO,93472.296875,0.0,93472.296875,76206.953125,27937.0625
test_id_test_id_000988_07,test_id_000988,33,sink_like,1,0,test_id_000988_t1_c0,big,big_1,1,1.4,0.98,32,218693.55,225277.015625,246370.3125,252659.53125,266886.65625,16,16.54112116655836,LO,252659.53125,0.0,252659.53125,218693.546875,41609.640625
test_id_test_id_000988_08,test_id_000988,33,sink_like,1,1,test_id_000988_t1_c1,little,little_1,1,0.9,0.86,32,365266.72,371826.59375,403167.03125,411986.375,431193.125,16,16.54112116655836,LO,411986.375,0.0,411986.375,365266.71875,59366.53125
test_id_test_id_000988_09,test_id_000988,33,sink_like,1,2,test_id_000988_t1_c2,big,big_1,2,1.8,1.06,32,203069.7,209488.171875,229682.34375,235745.390625,249524.25,16,16.54112116655836,LO,235745.390625,0.0,235745.390625,203069.703125,40036.078125
test_id_test_id_000988_10,test_id_000988,33,sink_like,1,3,test_id_000988_t1_c3,little,little_1,2,1.2,0.93,32,275206.22,277294.84375,301618.71875,308662.78125,324457.75,16,16.54112116655836,LO,308662.78125,0.0,308662.78125,275206.21875,47162.90625
test_id_test_id_000988_11,test_id_000988,33,sink_like,1,4,test_id_000988_t1_c4,big,big_1,3,2.2,1.15,32,114781.79,126565.234375,142119.125,146487.96875,157226.8125,16,16.54112116655836,LO,146487.96875,0.0,146487.96875,114781.7890625,30661.578125
test_id_test_id_000988_12,test_id_000988,33,sink_like,1,5,test_id_000988_t1_c5,little,little_1,3,1.5,1.0,32,230716.3,237489.5625,259293.46875,265753.21875,280325.96875,16,16.54112116655836,LO,265753.21875,0.0,265753.21875,230716.296875,42836.40625
test_id_test_id_000988_13,test_id_000988,33,sink_like,1,6,test_id_000988_t1_c6,big,big_1,0,1.0,0.9,32,268198.38,264247.0625,287719.03125,294552.71875,309928.53125,16,16.54112116655836,LO,294552.71875,0.0,294552.71875,268198.375,45681.46875
test_id_test_id_000988_14,test_id_000988,14,middle,2,0,test_id_000988_t2_c0,little,little_0,1,0.9,0.86,13,208054.56,208592.953125,228911.9375,235052.65625,249010.09375,16,16.54112116655836,LO,235052.65625,0.0,235052.65625,208054.5625,40417.140625
test_id_test_id_000988_15,test_id_000988,14,middle,2,1,test_id_000988_t2_c1,big,big_0,2,1.8,1.06,13,91975.62,98948.359375,113731.09375,117788.4375,127998.53125,16,16.54112116655836,LO,117788.4375,0.0,117788.4375,91975.6171875,29050.171875
test_id_test_id_000988_16,test_id_000988,14,middle,2,2,test_id_000988_t2_c2,little,little_1,2,1.2,0.93,13,168463.12,179864.96875,198307.84375,203828.84375,216589.640625,16,16.54112116655836,LO,203828.84375,0.0,203828.84375,168463.125,36724.671875
test_id_test_id_000988_17,test_id_000988,14,middle,2,3,test_id_000988_t2_c3,big,big_0,3,2.2,1.15,13,60015.9,67641.71875,81295.921875,85120.78125,94547.71875,16,16.54112116655836,LO,85120.78125,0.0,85120.78125,60015.8984375,26906.0
test_id_test_id_000988_18,test_id_000988,14,middle,2,4,test_id_000988_t2_c4,little,little_0,3,1.5,1.0,13,132903.95,140391.578125,156637.4375,161296.734375,172534.9375,16,16.54112116655836,LO,161296.734375,0.0,161296.734375,132903.953125,32143.359375
test_id_test_id_000988_19,test_id_000988,14,middle,2,5,test_id_000988_t2_c5,big,big_0,0,1.0,0.9,13,145716.53,158300.609375,175775.40625,181003.40625,193269.71875,16,16.54112116655836,LO,181003.40625,0.0,181003.40625,145716.53125,34969.109375
test_id_test_id_000988_20,test_id_000988,14,middle,2,6,test_id_000988_t2_c6,little,little_0,0,0.6,0.8,13,302642.97,318510.5,345167.375,352420.875,369135.40625,16,16.54112116655836,LO,352420.875,0.0,352420.875,302642.96875,50624.90625
test_id_test_id_000988_21,test_id_000988,45,communication_heavy,3,0,test_id_000988_t3_c0,big,big_0,2,1.8,1.06,44,335132.88,315489.4375,342565.34375,350278.0625,367450.4375,16,16.54112116655836,LO,350278.0625,0.0,350278.0625,335132.875,51961.0
test_id_test_id_000988_22,test_id_000988,45,communication_heavy,3,1,test_id_000988_t3_c1,little,little_0,2,1.2,0.93,44,562962.3,498238.0,540789.3125,553140.125,577450.125,16,16.54112116655836,LO,553140.125,0.0,553140.125,562962.3125,79212.125
test_id_test_id_000988_23,test_id_000988,45,communication_heavy,3,2,test_id_000988_t3_c2,big,big_1,3,2.2,1.15,44,288357.4,260400.78125,283683.6875,290510.21875,305845.125,16,16.54112116655836,LO,290510.21875,0.0,290510.21875,288357.40625,45444.34375
test_id_test_id_000988_24,test_id_000988,45,communication_heavy,3,3,test_id_000988_t3_c3,little,little_0,3,1.5,1.0,44,355140.22,350656.15625,380491.15625,388919.125,407453.125,16,16.54112116655836,LO,388919.125,0.0,388919.125,355140.21875,56796.96875
test_id_test_id_000988_25,test_id_000988,45,communication_heavy,3,4,test_id_000988_t3_c4,big,big_1,0,1.0,0.9,44,467242.44,444182.25,481766.1875,492462.125,514569.90625,16,16.54112116655836,LO,492462.125,0.0,492462.125,467242.4375,70387.65625
test_id_test_id_000988_26,test_id_000988,45,communication_heavy,3,5,test_id_000988_t3_c5,little,little_1,0,0.6,0.8,44,794863.2,729593.75,790227.5,808716.875,839961.75,16,16.54112116655836,LO,808716.875,0.0,808716.875,794863.1875,110368.0
test_id_test_id_000988_27,test_id_000988,45,communication_heavy,3,6,test_id_000988_t3_c6,big,big_1,1,1.4,0.98,44,408998.84,372768.3125,404403.0625,413314.3125,432718.5625,16,16.54112116655836,LO,413314.3125,0.0,413314.3125,408998.84375,59950.25
test_id_test_id_000988_28,test_id_000988,38,random,4,0,test_id_000988_t4_c0,little,little_0,2,1.2,0.93,37,219685.2,221978.71875,242802.890625,249000.0625,263050.34375,16,16.54112116655836,LO,249000.0625,0.0,249000.0625,219685.203125,41071.625
test_id_test_id_000988_29,test_id_000988,38,random,4,1,test_id_000988_t4_c1,big,big_1,3,2.2,1.15,37,126064.27,127509.15625,143232.59375,147623.3125,158426.71875,16,16.54112116655836,LO,147623.3125,0.0,147623.3125,126064.2734375,30917.5625
test_id_test_id_000988_30,test_id_000988,38,random,4,2,test_id_000988_t4_c2,little,little_1,3,1.5,1.0,37,192413.64,195396.21875,214675.15625,220436.140625,233643.75,16,16.54112116655836,LO,220436.140625,0.0,220436.140625,192413.640625,38247.53125
test_id_test_id_000988_31,test_id_000988,38,random,4,3,test_id_000988_t4_c3,big,big_1,0,1.0,0.9,37,211249.6,197672.953125,217228.28125,223134.71875,236613.90625,16,16.54112116655836,LO,223134.71875,0.0,223134.71875,211249.59375,38940.953125
test_id_test_id_000988_32,test_id_000988,38,random,4,4,test_id_000988_t4_c4,little,little_1,0,0.6,0.8,37,385975.12,408202.9375,441079.6875,450161.6875,469655.1875,16,16.54112116655836,LO,450161.6875,0.0,450161.6875,385975.125,61452.25
test_id_test_id_000988_33,test_id_000988,38,random,4,5,test_id_000988_t4_c5,big,big_0,1,1.4,0.98,37,149110.52,155350.65625,172425.59375,177422.953125,189249.453125,16,16.54112116655836,LO,177422.953125,0.0,177422.953125,149110.515625,33898.796875
test_id_test_id_000988_34,test_id_000988,38,random,4,6,test_id_000988_t4_c6,little,little_1,1,0.9,0.86,37,246652.25,246019.15625,268257.96875,274782.25,289523.0625,16,16.54112116655836,LO,274782.25,0.0,274782.25,246652.25,43503.90625
test_id_test_id_000988_35,test_id_000988,36,diverse_fill_1,5,0,test_id_000988_t5_c0,big,big_1,3,2.2,1.15,35,163952.3,166726.59375,184497.078125,189748.609375,202039.328125,16,16.54112116655836,LO,189748.609375,0.0,189748.609375,163952.296875,35312.734375
test_id_test_id_000988_36,test_id_000988,36,diverse_fill_1,5,1,test_id_000988_t5_c1,little,little_1,3,1.5,1.0,35,232148.47,245675.0625,267962.625,274530.9375,289330.84375,16,16.54112116655836,LO,274530.9375,0.0,274530.9375,232148.46875,43655.78125
test_id_test_id_000988_37,test_id_000988,36,diverse_fill_1,5,2,test_id_000988_t5_c2,big,big_1,0,1.0,0.9,35,278067.97,285616.625,310512.21875,317676.15625,333748.34375,16,16.54112116655836,LO,317676.15625,0.0,317676.15625,278067.96875,48131.71875
test_id_test_id_000988_38,test_id_000988,36,diverse_fill_1,5,3,test_id_000988_t5_c3,little,little_0,0,0.6,0.8,35,553732.1,553268.875,597427.375,610207.375,633918.125,16,16.54112116655836,LO,610207.375,0.0,610207.375,553732.125,80649.25
test_id_test_id_000988_39,test_id_000988,36,diverse_fill_1,5,4,test_id_000988_t5_c4,big,big_0,1,1.4,0.98,35,193083.47,201768.90625,221536.6875,227476.046875,241025.15625,16,16.54112116655836,LO,227476.046875,0.0,227476.046875,193083.46875,39256.25
test_id_test_id_000988_40,test_id_000988,36,diverse_fill_1,5,5,test_id_000988_t5_c5,little,little_1,1,0.9,0.86,35,398689.34,437088.5625,474074.84375,484592.875,506453.25,16,16.54112116655836,LO,484592.875,0.0,484592.875,398689.34375,69364.6875
test_id_test_id_000988_41,test_id_000988,36,diverse_fill_1,5,6,test_id_000988_t5_c6,big,big_1,2,1.8,1.06,35,159587.11,174222.5,192390.296875,197795.390625,210354.875,16,16.54112116655836,LO,197795.390625,0.0,197795.390625,159587.109375,36132.375
test_id_test_id_000989_00,test_id_000989,1,source_like,0,0,test_id_000989_t0_c0,big,big_1,1,1.4,0.98,0,58476.516,54182.40625,67387.0,71220.53125,80402.5,16,16.54112116655836,HI,71220.53125,15665.78125,86886.3125,58476.515625,26220.09375
test_id_test_id_000989_01,test_id_000989,1,source_like,0,1,test_id_000989_t0_c1,little,little_1,1,0.9,0.86,0,137057.98,126891.65625,142899.015625,147534.84375,158784.796875,16,16.54112116655836,HI,147534.84375,15665.78125,163200.625,137057.984375,31893.140625
test_id_test_id_000989_02,test_id_000989,1,source_like,0,2,test_id_000989_t0_c2,big,big_0,2,1.8,1.06,0,49091.824,47571.21875,60477.953125,64284.9375,73290.34375,16,16.54112116655836,HI,64284.9375,15665.78125,79950.71875,49091.82421875,25719.125
test_id_test_id_000989_03,test_id_000989,1,source_like,0,3,test_id_000989_t0_c3,little,little_0,2,1.2,0.93,0,103656.83,94410.171875,109204.046875,113313.09375,123603.109375,16,16.54112116655836,HI,113313.09375,15665.78125,128978.875,103656.828125,29192.9375
test_id_test_id_000989_04,test_id_000989,1,source_like,0,4,test_id_000989_t0_c4,big,big_0,3,2.2,1.15,0,43146.016,40984.828125,53629.875,57425.03125,66285.4375,16,16.54112116655836,HI,57425.03125,15665.78125,73090.8125,43146.015625,25300.609375
test_id_test_id_000989_05,test_id_000989,1,source_like,0,5,test_id_000989_t0_c5,little,little_0,3,1.5,1.0,0,80686.69,76471.25,90678.90625,94629.140625,104425.65625,16,16.54112116655836,HI,94629.140625,15665.78125,110294.921875,80686.6875,27954.40625
test_id_test_id_000989_06,test_id_000989,1,source_like,0,6,test_id_000989_t0_c6,big,big_1,0,1.0,0.9,0,77108.9,74359.421875,88608.234375,92626.15625,102525.375,16,16.54112116655836,HI,92626.15625,15665.78125,108291.9375,77108.8984375,28165.953125
test_id_test_id_000989_07,test_id_000989,15,sink_like,1,0,test_id_000989_t1_c0,little,little_0,1,0.9,0.86,14,202327.67,196075.21875,215686.5,221610.75,235156.28125,16,16.54112116655836,HI,221610.75,15665.78125,237276.53125,202327.671875,39081.0625
test_id_test_id_000989_08,test_id_000989,15,sink_like,1,1,test_id_000989_t1_c1,big,big_1,2,1.8,1.06,14,67628.03,73770.40625,87728.96875,91611.046875,101240.625,16,16.54112116655836,HI,91611.046875,15665.78125,107276.828125,67628.03125,27470.21875
test_id_test_id_000989_09,test_id_000989,15,sink_like,1,2,test_id_000989_t1_c2,little,little_1,2,1.2,0.93,14,150855.69,147868.15625,164548.09375,169429.8125,181042.3125,16,16.54112116655836,HI,169429.8125,15665.78125,185095.59375,150855.6875,33174.15625
test_id_test_id_000989_10,test_id_000989,15,sink_like,1,3,test_id_000989_t1_c3,big,big_1,3,2.2,1.15,14,63373.367,71974.671875,85911.0625,89787.765625,99378.34375,16,16.54112116655836,HI,89787.765625,15665.78125,105453.546875,63373.3671875,27403.671875
test_id_test_id_000989_11,test_id_000989,15,sink_like,1,4,test_id_000989_t1_c4,little,little_1,3,1.5,1.0,14,109730.625,112980.671875,128144.625,132358.078125,142848.59375,16,16.54112116655836,HI,132358.078125,15665.78125,148023.859375,109730.625,29867.921875
test_id_test_id_000989_12,test_id_000989,15,sink_like,1,5,test_id_000989_t1_c5,big,big_0,0,1.0,0.9,14,126950.05,132521.328125,148603.96875,153256.3125,164519.015625,16,16.54112116655836,HI,153256.3125,15665.78125,168922.09375,126950.046875,31997.6875
test_id_test_id_000989_13,test_id_000989,15,sink_like,1,6,test_id_000989_t1_c6,little,little_1,0,0.6,0.8,14,318416.03,292441.59375,317982.25,325127.75,341587.25,16,16.54112116655836,HI,325127.75,15665.78125,340793.53125,318416.03125,49145.65625
test_id_test_id_000989_14,test_id_000989,128,middle,2,0,test_id_000989_t2_c0,big,big_0,2,1.8,1.06,127,50771.117,54699.21875,67986.703125,71886.84375,81222.96875,16,16.54112116655836,HI,71886.84375,15665.78125,87552.625,50771.1171875,26523.75
test_id_test_id_000989_15,test_id_000989,128,middle,2,1,test_id_000989_t2_c1,little,little_0,2,1.2,0.93,127,93014.19,97315.421875,112140.15625,116278.953125,126630.90625,16,16.54112116655836,HI,116278.953125,15665.78125,131944.734375,93014.1875,29315.484375
test_id_test_id_000989_16,test_id_000989,128,middle,2,2,test_id_000989_t2_c2,big,big_1,3,2.2,1.15,127,38290.715,40330.421875,52997.578125,56816.53125,65714.875,16,16.54112116655836,HI,56816.53125,15665.78125,72482.3125,38290.71484375,25384.453125
test_id_test_id_000989_17,test_id_000989,128,middle,2,3,test_id_000989_t2_c3,little,little_0,3,1.5,1.0,127,62416.98,69867.9375,83731.015625,87643.390625,97271.859375,16,16.54112116655836,HI,87643.390625,15665.78125,103309.171875,62416.98046875,27403.921875
test_id_test_id_000989_18,test_id_000989,128,middle,2,4,test_id_000989_t2_c4,big,big_0,0,1.0,0.9,127,80602.66,79505.203125,93956.6875,98073.90625,108243.40625,16,16.54112116655836,HI,98073.90625,15665.78125,113739.6875,80602.65625,28738.203125
test_id_test_id_000989_19,test_id_000989,128,middle,2,5,test_id_000989_t2_c5,little,little_1,0,0.6,0.8,127,157436.89,159899.8125,178074.40625,183583.375,196413.1875,16,16.54112116655836,HI,183583.375,15665.78125,199249.15625,157436.890625,36513.375
test_id_test_id_000989_20,test_id_000989,128,middle,2,6,test_id_000989_t2_c6,big,big_1,1,1.4,0.98,127,54562.76,60156.5625,73667.875,77574.8125,87020.6875,16,16.54112116655836,HI,77574.8125,15665.78125,93240.59375,54562.76171875,26864.125
test_id_test_id_000989_21,test_id_000989,81,high_degree,3,0,test_id_000989_t3_c0,little,little_0,2,1.2,0.93,80,160689.47,159800.78125,177114.53125,182229.78125,194259.375,16,16.54112116655836,HI,182229.78125,15665.78125,197895.5625,160689.46875,34458.59375
test_id_test_id_000989_22,test_id_000989,81,high_degree,3,1,test_id_000989_t3_c1,big,big_0,3,2.2,1.15,80,62845.363,67930.140625,81584.5625,85406.515625,94832.484375,16,16.54112116655836,HI,85406.515625,15665.78125,101072.296875,62845.36328125,26902.34375
test_id_test_id_000989_23,test_id_000989,81,high_degree,3,2,test_id_000989_t3_c2,little,little_0,3,1.5,1.0,80,150695.5,151484.34375,168265.125,173130.046875,184723.0,16,16.54112116655836,HI,173130.046875,15665.78125,188795.828125,150695.5,33238.65625
test_id_test_id_000989_24,test_id_000989,81,high_degree,3,3,test_id_000989_t3_c3,big,big_1,0,1.0,0.9,80,148054.47,144479.0,161196.390625,166112.5,177833.09375,16,16.54112116655836,HI,166112.5,15665.78125,181778.28125,148054.46875,33354.09375
test_id_test_id_000989_25,test_id_000989,81,high_degree,3,4,test_id_000989_t3_c4,little,little_1,0,0.6,0.8,80,323036.22,319202.75,346272.4375,353750.6875,370819.53125,16,16.54112116655836,HI,353750.6875,15665.78125,369416.46875,323036.21875,51616.78125
test_id_test_id_000989_26,test_id_000989,81,high_degree,3,5,test_id_000989_t3_c5,big,big_1,1,1.4,0.98,80,112018.09,114885.0,130165.125,134425.421875,145013.59375,16,16.54112116655836,HI,134425.421875,15665.78125,150091.203125,112018.09375,30128.59375
test_id_test_id_000989_27,test_id_000989,81,high_degree,3,6,test_id_000989_t3_c6,little,little_0,1,0.9,0.86,80,250887.38,227869.40625,249005.28125,255230.546875,269390.84375,16,16.54112116655836,HI,255230.546875,15665.78125,270896.328125,250887.375,41521.4375
test_id_test_id_000989_28,test_id_000989,237,communication_heavy,4,0,test_id_000989_t4_c0,big,big_1,3,2.2,1.15,236,132376.3,123499.296875,138989.09375,143303.75,153967.203125,16,16.54112116655836,HI,143303.75,15665.78125,158969.53125,132376.296875,30467.90625
test_id_test_id_000989_29,test_id_000989,237,communication_heavy,4,1,test_id_000989_t4_c1,little,little_1,3,1.5,1.0,236,188755.31,178345.28125,196607.140625,202026.84375,214603.84375,16,16.54112116655836,HI,202026.84375,15665.78125,217692.625,188755.3125,36258.5625
test_id_test_id_000989_30,test_id_000989,237,communication_heavy,4,2,test_id_000989_t4_c2,big,big_0,0,1.0,0.9,236,267626.2,236058.6875,257659.75,264015.5,278409.46875,16,16.54112116655836,HI,264015.5,15665.78125,279681.28125,267626.1875,42350.78125
test_id_test_id_000989_31,test_id_000989,237,communication_heavy,4,3,test_id_000989_t4_c3,little,little_1,0,0.6,0.8,236,363856.25,366355.25,396551.59375,404912.6875,423398.4375,16,16.54112116655836,HI,404912.6875,15665.78125,420578.46875,363856.25,57043.1875
test_id_test_id_000989_32,test_id_000989,237,communication_heavy,4,4,test_id_000989_t4_c4,big,big_1,1,1.4,0.98,236,179031.19,171032.03125,188955.890625,194280.25,206682.5,16,16.54112116655836,HI,194280.25,15665.78125,209946.03125,179031.1875,35650.46875
test_id_test_id_000989_33,test_id_000989,237,communication_heavy,4,5,test_id_000989_t4_c5,little,little_0,1,0.9,0.86,236,345404.75,312583.1875,339368.5625,346987.0625,363984.15625,16,16.54112116655836,HI,346987.0625,15665.78125,362652.84375,345404.75,51400.96875
test_id_test_id_000989_34,test_id_000989,237,communication_heavy,4,6,test_id_000989_t4_c6,big,big_1,2,1.8,1.06,236,138120.25,142670.15625,159024.28125,163712.0,174999.90625,16,16.54112116655836,HI,163712.0,15665.78125,179377.78125,138120.25,32329.75
test_id_test_id_000989_35,test_id_000989,251,random,5,0,test_id_000989_t5_c0,little,little_1,3,1.5,1.0,250,68005.31,82039.53125,96398.453125,100405.625,110385.890625,16,16.54112116655836,HI,100405.625,15665.78125,116071.40625,68005.3125,28346.359375
test_id_test_id_000989_36,test_id_000989,251,random,5,1,test_id_000989_t5_c1,big,big_1,0,1.0,0.9,250,83286.17,92525.390625,107487.875,111796.328125,122452.46875,16,16.54112116655836,HI,111796.328125,15665.78125,127462.109375,83286.171875,29927.078125
test_id_test_id_000989_37,test_id_000989,251,random,5,2,test_id_000989_t5_c2,little,little_1,0,0.6,0.8,250,128106.83,151384.5625,168855.5625,174096.65625,186411.75,16,16.54112116655836,HI,174096.65625,15665.78125,189762.4375,128106.828125,35027.1875
test_id_test_id_000989_38,test_id_000989,251,random,5,3,test_id_000989_t5_c3,big,big_1,1,1.4,0.98,250,55449.85,59537.03125,73065.203125,77015.703125,86538.28125,16,16.54112116655836,HI,77015.703125,15665.78125,92681.484375,55449.8515625,27001.25
test_id_test_id_000989_39,test_id_000989,251,random,5,4,test_id_000989_t5_c4,little,little_1,1,0.9,0.86,250,101116.79,116982.421875,132433.578125,136864.578125,147734.34375,16,16.54112116655836,HI,136864.578125,15665.78125,152530.359375,101116.7890625,30751.921875
test_id_test_id_000989_40,test_id_000989,251,random,5,5,test_id_000989_t5_c5,big,big_1,2,1.8,1.06,250,54067.82,53719.28125,67050.78125,71021.625,80481.625,16,16.54112116655836,HI,71021.625,15665.78125,86687.40625,54067.8203125,26762.34375
test_id_test_id_000989_41,test_id_000989,251,random,5,6,test_id_000989_t5_c6,little,little_0,2,1.2,0.93,250,84862.88,97797.9375,112593.046875,116740.828125,127098.140625,16,16.54112116655836,HI,116740.828125,15665.78125,132406.609375,84862.8828125,29300.203125
test_id_test_id_000996_00,test_id_000996,1,source_like,0,0,test_id_000996_t0_c0,big,big_1,0,1.0,0.9,0,139054.31,131649.03125,147594.609375,152202.484375,163347.84375,16,16.54112116655836,LO,152202.484375,0.0,152202.484375,139054.3125,31698.8125
test_id_test_id_000996_01,test_id_000996,1,source_like,0,1,test_id_000996_t0_c1,little,little_1,0,0.6,0.8,0,328468.9,313042.03125,339486.3125,346697.125,363297.375,16,16.54112116655836,LO,346697.125,0.0,346697.125,328468.90625,50255.34375
test_id_test_id_000996_02,test_id_000996,1,source_like,0,2,test_id_000996_t0_c2,big,big_1,1,1.4,0.98,0,87169.24,90532.78125,105098.078125,109135.53125,119250.234375,16,16.54112116655836,LO,109135.53125,0.0,109135.53125,87169.2421875,28717.453125
test_id_test_id_000996_03,test_id_000996,1,source_like,0,3,test_id_000996_t0_c3,little,little_1,1,0.9,0.86,0,224323.52,201304.4375,221169.96875,227180.09375,240853.859375,16,16.54112116655836,LO,227180.09375,0.0,227180.09375,224323.515625,39549.421875
test_id_test_id_000996_04,test_id_000996,1,source_like,0,4,test_id_000996_t0_c4,big,big_0,2,1.8,1.06,0,73639.49,74454.203125,88478.75,92367.5625,102022.578125,16,16.54112116655836,LO,92367.5625,0.0,92367.5625,73639.4921875,27568.375
test_id_test_id_000996_05,test_id_000996,1,source_like,0,5,test_id_000996_t0_c5,little,little_1,2,1.2,0.93,0,163940.72,159577.71875,176861.71875,181995.734375,194025.8125,16,16.54112116655836,LO,181995.734375,0.0,181995.734375,163940.71875,34448.09375
test_id_test_id_000996_06,test_id_000996,1,source_like,0,6,test_id_000996_t0_c6,big,big_0,3,2.2,1.15,0,58248.03,56779.453125,70029.859375,73823.09375,82984.859375,16,16.54112116655836,LO,73823.09375,0.0,73823.09375,58248.03125,26205.40625
test_id_test_id_000996_07,test_id_000996,64,sink_like,1,0,test_id_000996_t1_c0,little,little_0,0,0.6,0.8,63,1132040.9,950129.0625,1039851.5,1062887.5,1118688.75,16,16.54112116655836,LO,1062887.5,0.0,1062887.5,1132040.875,168559.6875
test_id_test_id_000996_08,test_id_000996,64,sink_like,1,1,test_id_000996_t1_c1,big,big_0,1,1.4,0.98,63,471931.22,410942.90625,445755.15625,455581.125,476459.9375,16,16.54112116655836,LO,455581.125,0.0,455581.125,471931.21875,65517.03125
test_id_test_id_000996_09,test_id_000996,64,sink_like,1,2,test_id_000996_t1_c2,little,little_0,1,0.9,0.86,63,690198.3,593242.875,642991.5,657778.5,684515.625,16,16.54112116655836,LO,657778.5,0.0,657778.5,690198.3125,91272.75
test_id_test_id_000996_10,test_id_000996,64,sink_like,1,3,test_id_000996_t1_c3,big,big_0,2,1.8,1.06,63,464691.22,398192.25,432109.0625,441692.8125,462218.3125,16,16.54112116655836,LO,441692.8125,0.0,441692.8125,464691.21875,64026.0625
test_id_test_id_000996_11,test_id_000996,64,sink_like,1,4,test_id_000996_t1_c4,little,little_1,2,1.2,0.93,63,753301.9,627545.875,682635.3125,699350.4375,729273.5,16,16.54112116655836,LO,699350.4375,0.0,699350.4375,753301.875,101727.625
test_id_test_id_000996_12,test_id_000996,64,sink_like,1,5,test_id_000996_t1_c5,big,big_0,3,2.2,1.15,63,313708.8,284055.625,308875.875,316051.96875,332121.78125,16,16.54112116655836,LO,316051.96875,0.0,316051.96875,313708.8125,48066.15625
test_id_test_id_000996_13,test_id_000996,64,sink_like,1,6,test_id_000996_t1_c6,little,little_0,3,1.5,1.0,63,540318.94,464276.5625,504002.5,515416.34375,538588.875,16,16.54112116655836,LO,515416.34375,0.0,515416.34375,540318.9375,74312.3125
test_id_test_id_000996_14,test_id_000996,33,middle,2,0,test_id_000996_t2_c0,big,big_1,1,1.4,0.98,32,201512.19,194279.6875,213577.09375,219371.40625,232639.828125,16,16.54112116655836,LO,219371.40625,0.0,219371.40625,201512.1875,38360.140625
test_id_test_id_000996_15,test_id_000996,33,middle,2,1,test_id_000996_t2_c1,little,little_1,1,0.9,0.86,32,323805.25,298762.5625,324500.375,331855.0,348321.96875,16,16.54112116655836,LO,331855.0,0.0,331855.0,323805.25,49559.40625
test_id_test_id_000996_16,test_id_000996,33,middle,2,2,test_id_000996_t2_c2,big,big_0,2,1.8,1.06,32,173720.06,165642.8125,183277.34375,188475.9375,200661.25,16,16.54112116655836,LO,188475.9375,0.0,188475.9375,173720.0625,35018.4375
test_id_test_id_000996_17,test_id_000996,33,middle,2,3,test_id_000996_t2_c3,little,little_1,2,1.2,0.93,32,283453.34,260662.21875,283857.0625,290615.09375,305829.375,16,16.54112116655836,LO,290615.09375,0.0,290615.09375,283453.34375,45167.15625
test_id_test_id_000996_18,test_id_000996,33,middle,2,4,test_id_000996_t2_c4,big,big_1,3,2.2,1.15,32,111177.414,110056.28125,125000.875,129126.484375,139457.09375,16,16.54112116655836,LO,129126.484375,0.0,129126.484375,111177.4140625,29400.8125
test_id_test_id_000996_19,test_id_000996,33,middle,2,5,test_id_000996_t2_c5,little,little_1,3,1.5,1.0,32,204891.58,190648.59375,209656.046875,215328.375,228375.6875,16,16.54112116655836,LO,215328.375,0.0,215328.375,204891.578125,37727.09375
test_id_test_id_000996_20,test_id_000996,33,middle,2,6,test_id_000996_t2_c6,big,big_1,0,1.0,0.9,32,188289.36,191572.09375,210775.28125,216575.078125,229849.046875,16,16.54112116655836,LO,216575.078125,0.0,216575.078125,188289.359375,38276.953125
test_id_test_id_000996_21,test_id_000996,7,random,3,0,test_id_000996_t3_c0,little,little_0,1,0.9,0.86,6,166909.89,172256.4375,190826.90625,196492.921875,209572.984375,16,16.54112116655836,LO,196492.921875,0.0,196492.921875,166909.890625,37316.546875
test_id_test_id_000996_22,test_id_000996,7,random,3,1,test_id_000996_t3_c1,big,big_1,2,1.8,1.06,6,59221.727,64981.5,78589.90625,82443.765625,91873.34375,16,16.54112116655836,LO,82443.765625,0.0,82443.765625,59221.7265625,26891.84375
test_id_test_id_000996_23,test_id_000996,7,random,3,2,test_id_000996_t3_c2,little,little_1,2,1.2,0.93,6,126221.805,134384.515625,150452.5,155079.859375,166274.953125,16,16.54112116655836,LO,155079.859375,0.0,155079.859375,126221.8046875,31890.4375
test_id_test_id_000996_24,test_id_000996,7,random,3,3,test_id_000996_t3_c3,big,big_0,3,2.2,1.15,6,52270.574,59048.40625,72394.265625,76210.453125,85459.84375,16,16.54112116655836,LO,76210.453125,0.0,76210.453125,52270.57421875,26411.4375
test_id_test_id_000996_25,test_id_000996,7,random,3,4,test_id_000996_t3_c4,little,little_1,3,1.5,1.0,6,112046.41,114460.890625,129693.015625,133918.234375,144443.0625,16,16.54112116655836,LO,133918.234375,0.0,133918.234375,112046.40625,29982.171875
test_id_test_id_000996_26,test_id_000996,7,random,3,5,test_id_000996_t3_c5,big,big_0,0,1.0,0.9,6,109496.59,109185.921875,124572.71875,128955.75,139795.359375,16,16.54112116655836,LO,128955.75,0.0,128955.75,109496.59375,30609.4375
test_id_test_id_000996_27,test_id_000996,7,random,3,6,test_id_000996_t3_c6,little,little_0,0,0.6,0.8,6,264079.2,278167.625,303202.25,310320.78125,326732.90625,16,16.54112116655836,LO,310320.78125,0.0,310320.78125,264079.1875,48565.28125
test_id_test_id_000996_28,test_id_000996,27,diverse_fill_1,4,0,test_id_000996_t4_c0,big,big_1,2,1.8,1.06,26,113210.96,130085.328125,145792.5625,150217.09375,161051.546875,16,16.54112116655836,LO,150217.09375,0.0,150217.09375,113210.9609375,30966.21875
test_id_test_id_000996_29,test_id_000996,27,diverse_fill_1,4,1,test_id_000996_t4_c1,little,little_0,2,1.2,0.93,26,233957.27,243536.640625,265609.3125,272086.0,286717.125,16,16.54112116655836,LO,272086.0,0.0,272086.0,233957.265625,43180.484375
test_id_test_id_000996_30,test_id_000996,27,diverse_fill_1,4,2,test_id_000996_t4_c2,big,big_0,3,2.2,1.15,26,93880.26,106094.015625,120933.8125,125008.671875,135250.828125,16,16.54112116655836,LO,125008.671875,0.0,125008.671875,93880.2578125,29156.8125
test_id_test_id_000996_31,test_id_000996,27,diverse_fill_1,4,3,test_id_000996_t4_c3,little,little_1,3,1.5,1.0,26,155556.52,178402.703125,196639.21875,202045.71875,214596.203125,16,16.54112116655836,LO,202045.71875,0.0,202045.71875,155556.515625,36193.5
test_id_test_id_000996_32,test_id_000996,27,diverse_fill_1,4,4,test_id_000996_t4_c4,big,big_0,0,1.0,0.9,26,235651.44,223167.09375,244020.6875,250204.484375,264242.1875,16,16.54112116655836,LO,250204.484375,0.0,250204.484375,235651.4375,41075.09375
test_id_test_id_000996_33,test_id_000996,27,diverse_fill_1,4,5,test_id_000996_t4_c5,little,little_0,0,0.6,0.8,26,395290.38,402230.625,435320.90625,444566.90625,464422.5,16,16.54112116655836,LO,444566.90625,0.0,444566.90625,395290.375,62191.875
test_id_test_id_000996_34,test_id_000996,27,diverse_fill_1,4,6,test_id_000996_t4_c6,big,big_1,1,1.4,0.98,26,155053.73,170349.125,188213.09375,193516.53125,205877.1875,16,16.54112116655836,LO,193516.53125,0.0,193516.53125,155053.734375,35528.0625
test_id_test_id_000996_35,test_id_000996,51,diverse_fill_2,5,0,test_id_000996_t5_c0,little,little_0,2,1.2,0.93,50,253057.88,234204.484375,255726.453125,262080.328125,276455.28125,16,16.54112116655836,LO,262080.328125,0.0,262080.328125,253057.875,42250.796875
test_id_test_id_000996_36,test_id_000996,51,diverse_fill_2,5,1,test_id_000996_t5_c1,big,big_1,3,2.2,1.15,50,123411.47,121673.609375,137097.84375,141382.109375,151997.625,16,16.54112116655836,LO,141382.109375,0.0,141382.109375,123411.46875,30324.015625
test_id_test_id_000996_37,test_id_000996,51,diverse_fill_2,5,2,test_id_000996_t5_c2,little,little_0,3,1.5,1.0,50,221290.66,209569.3125,229648.1875,235636.828125,249278.546875,16,16.54112116655836,LO,235636.828125,0.0,235636.828125,221290.65625,39709.234375
test_id_test_id_000996_38,test_id_000996,51,diverse_fill_2,5,3,test_id_000996_t5_c3,big,big_0,0,1.0,0.9,50,195830.0,194140.625,213502.296875,219351.921875,232722.421875,16,16.54112116655836,LO,219351.921875,0.0,219351.921875,195830.0,38581.796875
test_id_test_id_000996_39,test_id_000996,51,diverse_fill_2,5,4,test_id_000996_t5_c4,little,little_0,0,0.6,0.8,50,426171.25,404682.625,437262.96875,446244.46875,465583.125,16,16.54112116655836,LO,446244.46875,0.0,446244.46875,426171.25,60900.5
test_id_test_id_000996_40,test_id_000996,51,diverse_fill_2,5,5,test_id_000996_t5_c5,big,big_1,1,1.4,0.98,50,188102.42,186656.0625,205498.09375,211144.328125,224134.6875,16,16.54112116655836,LO,211144.328125,0.0,211144.328125,188102.421875,37478.625
test_id_test_id_000996_41,test_id_000996,51,diverse_fill_2,5,6,test_id_000996_t5_c6,little,little_0,1,0.9,0.86,50,279000.84,266913.6875,290445.59375,297259.71875,312613.0,16,16.54112116655836,LO,297259.71875,0.0,297259.71875,279000.84375,45699.3125
