sample_id,graph_id,target_node,target_role,target_index,context_index,context_id,core_type,core_id,dvfs_level,frequency_ghz,voltage_v,local_target_node_index,y_exec_us_raw,Q50_pred_us,Q90_pred_us,Q95_pred_us,Q99_pred_us,scenario_active_core_count,active_core_count_zscore,criticality,Qhat_base_us,q_conf_us,C_e_us,y_exec_us_original_context_NOT_GROUND_TRUTH_for_this_scenario,uncertainty_spread_us
test_id_test_id_000008_00,test_id_000008,7,source_like,0,0,test_id_000008_t0_c0,big,big_1,1,1.4,0.98,6,70442.24,75644.3125,89781.90625,93723.78125,103487.3125,32,36.151292512336134,HI,93723.78125,15665.78125,109389.5625,70442.2421875,27843.0
test_id_test_id_000008_01,test_id_000008,7,source_like,0,1,test_id_000008_t0_c1,little,little_0,1,0.9,0.86,6,159207.81,169322.5,187572.75,193043.59375,205767.546875,32,36.151292512336134,HI,193043.59375,15665.78125,208709.375,159207.8125,36445.046875
test_id_test_id_000008_02,test_id_000008,7,source_like,0,2,test_id_000008_t0_c2,big,big_0,2,1.8,1.06,6,54589.582,61403.71875,74877.71875,78703.953125,88000.46875,32,36.151292512336134,HI,78703.953125,15665.78125,94369.734375,54589.58203125,26596.75
test_id_test_id_000008_03,test_id_000008,7,source_like,0,3,test_id_000008_t0_c3,little,little_1,2,1.2,0.93,6,113274.22,116433.75,131687.828125,136008.046875,146656.828125,32,36.151292512336134,HI,136008.046875,15665.78125,151673.828125,113274.21875,30223.078125
test_id_test_id_000008_04,test_id_000008,7,source_like,0,4,test_id_000008_t0_c4,big,big_1,3,2.2,1.15,6,42978.164,49375.109375,62278.6875,66048.984375,75022.5,32,36.151292512336134,HI,66048.984375,15665.78125,81714.765625,42978.1640625,25647.390625
test_id_test_id_000008_05,test_id_000008,7,source_like,0,5,test_id_000008_t0_c5,little,little_1,3,1.5,1.0,6,101568.36,97383.734375,112094.78125,116139.34375,126309.484375,32,36.151292512336134,HI,116139.34375,15665.78125,131805.125,101568.359375,28925.75
test_id_test_id_000008_06,test_id_000008,7,source_like,0,6,test_id_000008_t0_c6,big,big_1,0,1.0,0.9,6,86958.97,93300.875,108048.109375,112203.203125,122552.90625,32,36.151292512336134,HI,112203.203125,15665.78125,127868.984375,86958.96875,29252.03125
test_id_test_id_000008_07,test_id_000008,65,sink_like,1,0,test_id_000008_t1_c0,little,little_1,1,0.9,0.86,64,480436.7,442877.0625,480156.75,490738.0,512649.5625,32,36.151292512336134,HI,490738.0,15665.78125,506403.78125,480436.6875,69772.5
test_id_test_id_000008_08,test_id_000008,65,sink_like,1,1,test_id_000008_t1_c1,big,big_0,2,1.8,1.06,64,184915.81,204697.0625,224802.546875,230898.140625,244739.015625,32,36.151292512336134,HI,230898.140625,15665.78125,246563.921875,184915.8125,40041.953125
test_id_test_id_000008_09,test_id_000008,65,sink_like,1,2,test_id_000008_t1_c2,little,little_1,2,1.2,0.93,64,285244.62,303095.25,329238.84375,336716.1875,353405.34375,32,36.151292512336134,HI,336716.1875,15665.78125,352381.96875,285244.625,50310.09375
test_id_test_id_000008_10,test_id_000008,65,sink_like,1,3,test_id_000008_t1_c3,big,big_0,3,2.2,1.15,64,137987.05,172983.109375,191230.671875,196678.359375,209332.1875,32,36.151292512336134,HI,196678.359375,15665.78125,212344.140625,137987.046875,36349.078125
test_id_test_id_000008_11,test_id_000008,65,sink_like,1,4,test_id_000008_t1_c4,little,little_1,3,1.5,1.0,64,308756.97,316979.3125,344213.9375,351971.9375,369218.03125,32,36.151292512336134,HI,351971.9375,15665.78125,367637.71875,308756.96875,52238.71875
test_id_test_id_000008_12,test_id_000008,65,sink_like,1,5,test_id_000008_t1_c5,big,big_1,0,1.0,0.9,64,302246.25,303756.0,329942.65625,337418.375,354116.5,32,36.151292512336134,HI,337418.375,15665.78125,353084.15625,302246.25,50360.5
test_id_test_id_000008_13,test_id_000008,65,sink_like,1,6,test_id_000008_t1_c6,little,little_0,0,0.6,0.8,64,591964.4,552018.0,597022.25,610148.75,634574.0,32,36.151292512336134,HI,610148.75,15665.78125,625814.53125,591964.375,82556.0
test_id_test_id_000008_14,test_id_000008,66,middle,2,0,test_id_000008_t2_c0,big,big_1,2,1.8,1.06,65,223297.97,233866.59375,255644.90625,262168.40625,276863.53125,32,36.151292512336134,HI,262168.40625,15665.78125,277834.1875,223297.96875,42996.9375
test_id_test_id_000008_15,test_id_000008,66,middle,2,1,test_id_000008_t2_c1,little,little_0,2,1.2,0.93,65,430506.66,386380.8125,419132.75,428370.25,448299.34375,32,36.151292512336134,HI,428370.25,15665.78125,444036.03125,430506.65625,61918.53125
test_id_test_id_000008_16,test_id_000008,66,middle,2,2,test_id_000008_t2_c2,big,big_1,3,2.2,1.15,65,171414.8,197136.1875,216864.0,222844.40625,236494.9375,32,36.151292512336134,HI,222844.40625,15665.78125,238510.1875,171414.796875,39358.75
test_id_test_id_000008_17,test_id_000008,66,middle,2,3,test_id_000008_t2_c3,little,little_0,3,1.5,1.0,65,265097.97,273874.78125,298076.15625,305123.9375,320920.90625,32,36.151292512336134,HI,305123.9375,15665.78125,320789.71875,265097.96875,47046.125
test_id_test_id_000008_18,test_id_000008,66,middle,2,4,test_id_000008_t2_c4,big,big_1,0,1.0,0.9,65,354123.5,333935.0625,362355.59375,370383.5625,388170.1875,32,36.151292512336134,HI,370383.5625,15665.78125,386049.34375,354123.5,54235.125
test_id_test_id_000008_19,test_id_000008,66,middle,2,5,test_id_000008_t2_c5,little,little_1,0,0.6,0.8,65,592268.2,545499.25,589580.125,602332.8125,626316.0,32,36.151292512336134,HI,602332.8125,15665.78125,617998.59375,592268.1875,80816.75
test_id_test_id_000008_20,test_id_000008,66,middle,2,6,test_id_000008_t2_c6,big,big_1,1,1.4,0.98,65,282639.0,270874.78125,294857.4375,301838.8125,317499.75,32,36.151292512336134,HI,301838.8125,15665.78125,317504.59375,282639.0,46624.96875
test_id_test_id_000008_21,test_id_000008,23,high_degree,3,0,test_id_000008_t3_c0,little,little_0,2,1.2,0.93,22,209186.8,229190.59375,250614.78125,257025.59375,271486.5,32,36.151292512336134,HI,257025.59375,15665.78125,272691.375,209186.796875,42295.90625
test_id_test_id_000008_22,test_id_000008,23,high_degree,3,1,test_id_000008_t3_c1,big,big_1,3,2.2,1.15,22,119814.84,138669.59375,154937.75,159571.578125,170787.921875,32,36.151292512336134,HI,159571.578125,15665.78125,175237.359375,119814.84375,32118.328125
test_id_test_id_000008_23,test_id_000008,23,high_degree,3,2,test_id_000008_t3_c2,little,little_0,3,1.5,1.0,22,219821.97,228137.0,249462.8125,255838.265625,270223.78125,32,36.151292512336134,HI,255838.265625,15665.78125,271504.046875,219821.96875,42086.78125
test_id_test_id_000008_24,test_id_000008,23,high_degree,3,3,test_id_000008_t3_c3,big,big_1,0,1.0,0.9,22,282324.5,261841.234375,285087.375,291845.4375,307062.46875,32,36.151292512336134,HI,291845.4375,15665.78125,307511.21875,282324.5,45221.234375
test_id_test_id_000008_25,test_id_000008,23,high_degree,3,4,test_id_000008_t3_c4,little,little_1,0,0.6,0.8,22,466692.97,436962.0,472610.8125,482624.46875,503540.6875,32,36.151292512336134,HI,482624.46875,15665.78125,498290.25,466692.96875,66578.6875
test_id_test_id_000008_26,test_id_000008,23,high_degree,3,5,test_id_000008_t3_c5,big,big_1,1,1.4,0.98,22,161772.53,187570.859375,206684.96875,212476.46875,225737.125,32,36.151292512336134,HI,212476.46875,15665.78125,228142.25,161772.53125,38166.265625
test_id_test_id_000008_27,test_id_000008,23,high_degree,3,6,test_id_000008_t3_c6,little,little_1,1,0.9,0.86,22,362704.0,325753.59375,353460.28125,361306.25,378726.6875,32,36.151292512336134,HI,361306.25,15665.78125,376972.03125,362704.0,52973.09375
test_id_test_id_000008_28,test_id_000008,79,communication_heavy,4,0,test_id_000008_t4_c0,big,big_1,3,2.2,1.15,78,245524.11,263607.53125,287147.375,294050.21875,309548.6875,32,36.151292512336134,HI,294050.21875,15665.78125,309716.0,245524.109375,45941.15625
test_id_test_id_000008_29,test_id_000008,79,communication_heavy,4,1,test_id_000008_t4_c1,little,little_1,3,1.5,1.0,78,469560.47,410206.4375,445107.3125,454976.5,475934.6875,32,36.151292512336134,HI,454976.5,15665.78125,470642.28125,469560.46875,65728.25
test_id_test_id_000008_30,test_id_000008,79,communication_heavy,4,2,test_id_000008_t4_c2,big,big_1,0,1.0,0.9,78,498484.72,458995.71875,497734.34375,508774.3125,531329.9375,32,36.151292512336134,HI,508774.3125,15665.78125,524440.09375,498484.71875,72334.21875
test_id_test_id_000008_31,test_id_000008,79,communication_heavy,4,3,test_id_000008_t4_c3,little,little_0,0,0.6,0.8,78,836958.8,644624.5,697240.5,713064.75,740379.75,32,36.151292512336134,HI,713064.75,15665.78125,728730.53125,836958.8125,95755.25
test_id_test_id_000008_32,test_id_000008,79,communication_heavy,4,4,test_id_000008_t4_c4,big,big_0,1,1.4,0.98,78,500006.78,419216.875,454936.9375,465059.53125,486406.125,32,36.151292512336134,HI,465059.53125,15665.78125,480725.3125,500006.78125,67189.25
test_id_test_id_000008_33,test_id_000008,79,communication_heavy,4,5,test_id_000008_t4_c5,little,little_1,1,0.9,0.86,78,751929.5,577330.9375,625755.4375,640071.8125,666320.5,32,36.151292512336134,HI,640071.8125,15665.78125,655737.59375,751929.5,88989.5625
test_id_test_id_000008_34,test_id_000008,79,communication_heavy,4,6,test_id_000008_t4_c6,big,big_1,2,1.8,1.06,78,375351.1,328808.21875,356935.25,364905.8125,382594.5,32,36.151292512336134,HI,364905.8125,15665.78125,380571.59375,375351.09375,53786.28125
test_id_test_id_000008_35,test_id_000008,17,random,5,0,test_id_000008_t5_c0,little,little_0,3,1.5,1.0,16,103270.19,118794.0,134095.96875,138379.125,148974.375,32,36.151292512336134,HI,138379.125,15665.78125,154044.90625,103270.1875,30180.375
test_id_test_id_000008_36,test_id_000008,17,random,5,1,test_id_000008_t5_c1,big,big_0,0,1.0,0.9,16,123728.664,143716.765625,160324.453125,165215.40625,176869.46875,32,36.151292512336134,HI,165215.40625,15665.78125,180881.1875,123728.6640625,33152.703125
test_id_test_id_000008_37,test_id_000008,17,random,5,2,test_id_000008_t5_c2,little,little_0,0,0.6,0.8,16,274085.12,267369.5,291783.8125,298848.09375,314977.75,32,36.151292512336134,HI,298848.09375,15665.78125,314513.875,274085.125,47608.25
test_id_test_id_000008_38,test_id_000008,17,random,5,3,test_id_000008_t5_c3,big,big_0,1,1.4,0.98,16,106979.34,118233.421875,133623.6875,137942.046875,148629.0,32,36.151292512336134,HI,137942.046875,15665.78125,153607.828125,106979.34375,30395.578125
test_id_test_id_000008_39,test_id_000008,17,random,5,4,test_id_000008_t5_c4,little,little_1,1,0.9,0.86,16,177246.38,190970.25,210208.09375,216015.25,229314.59375,32,36.151292512336134,HI,216015.25,15665.78125,231681.03125,177246.375,38344.34375
test_id_test_id_000008_40,test_id_000008,17,random,5,5,test_id_000008_t5_c5,big,big_1,2,1.8,1.06,16,82254.74,88222.109375,102790.859375,106788.640625,116820.140625,32,36.151292512336134,HI,106788.640625,15665.78125,122454.421875,82254.7421875,28598.03125
test_id_test_id_000008_41,test_id_000008,17,random,5,6,test_id_000008_t5_c6,little,little_0,2,1.2,0.93,16,135978.0,149772.015625,166539.265625,171469.671875,183152.28125,32,36.151292512336134,HI,171469.671875,15665.78125,187135.453125,135978.0,33380.265625
test_id_test_id_000028_00,test_id_000028,2,source_like,0,0,test_id_000028_t0_c0,big,big_1,2,1.8,1.06,1,27038.959,37044.71875,49572.34375,53401.0,62268.140625,32,36.151292512336134,LO,53401.0,0.0,53401.0,27038.958984375,25223.421875
test_id_test_id_000028_01,test_id_000028,2,source_like,0,1,test_id_000028_t0_c1,little,little_1,2,1.2,0.93,1,67333.8,77395.25,91625.171875,95617.71875,105508.25,32,36.151292512336134,LO,95617.71875,0.0,95617.71875,67333.796875,28113.0
test_id_test_id_000028_02,test_id_000028,2,source_like,0,2,test_id_000028_t0_c2,big,big_0,3,2.2,1.15,1,23742.514,32658.484375,45125.640625,48990.359375,57842.625,32,36.151292512336134,LO,48990.359375,0.0,48990.359375,23742.513671875,25184.140625
test_id_test_id_000028_03,test_id_000028,2,source_like,0,3,test_id_000028_t0_c3,little,little_1,3,1.5,1.0,1,50391.758,65297.390625,79000.09375,82877.34375,92342.921875,32,36.151292512336134,LO,82877.34375,0.0,82877.34375,50391.7578125,27045.53125
test_id_test_id_000028_04,test_id_000028,2,source_like,0,4,test_id_000028_t0_c4,big,big_0,0,1.0,0.9,1,53916.734,64169.546875,77957.171875,81916.515625,91525.203125,32,36.151292512336134,LO,81916.515625,0.0,81916.515625,53916.734375,27355.65625
test_id_test_id_000028_05,test_id_000028,2,source_like,0,5,test_id_000028_t0_c5,little,little_1,0,0.6,0.8,1,131024.27,148595.078125,166128.578125,171383.3125,183759.71875,32,36.151292512336134,LO,171383.3125,0.0,171383.3125,131024.2734375,35164.640625
test_id_test_id_000028_06,test_id_000028,2,source_like,0,6,test_id_000028_t0_c6,big,big_0,1,1.4,0.98,1,40917.723,53496.609375,66738.25,70614.640625,79862.421875,32,36.151292512336134,LO,70614.640625,0.0,70614.640625,40917.72265625,26365.8125
test_id_test_id_000028_07,test_id_000028,59,sink_like,1,0,test_id_000028_t1_c0,little,little_1,2,1.2,0.93,58,350510.44,371181.25,402578.875,411410.75,430666.5,32,36.151292512336134,LO,411410.75,0.0,411410.75,350510.4375,59485.25
test_id_test_id_000028_08,test_id_000028,59,sink_like,1,1,test_id_000028_t1_c1,big,big_1,3,2.2,1.15,58,222945.66,237786.609375,259804.9375,266386.71875,281205.15625,32,36.151292512336134,LO,266386.71875,0.0,266386.71875,222945.65625,43418.546875
test_id_test_id_000028_09,test_id_000028,59,sink_like,1,2,test_id_000028_t1_c2,little,little_0,3,1.5,1.0,58,368660.47,359301.03125,389886.65625,398517.96875,417423.65625,32,36.151292512336134,LO,398517.96875,0.0,398517.96875,368660.46875,58122.625
test_id_test_id_000028_10,test_id_000028,59,sink_like,1,3,test_id_000028_t1_c3,big,big_1,0,1.0,0.9,58,416803.62,383210.09375,415622.875,424743.5625,444490.5625,32,36.151292512336134,LO,424743.5625,0.0,424743.5625,416803.625,61280.46875
test_id_test_id_000028_11,test_id_000028,59,sink_like,1,4,test_id_000028_t1_c4,little,little_0,0,0.6,0.8,58,838226.25,696598.75,754813.625,772545.25,802668.0,32,36.151292512336134,LO,772545.25,0.0,772545.25,838226.25,106069.25
test_id_test_id_000028_12,test_id_000028,59,sink_like,1,5,test_id_000028_t1_c5,big,big_0,1,1.4,0.98,58,256777.38,281483.0,306150.375,313288.40625,329275.65625,32,36.151292512336134,LO,313288.40625,0.0,313288.40625,256777.375,47792.65625
test_id_test_id_000028_13,test_id_000028,59,sink_like,1,6,test_id_000028_t1_c6,little,little_1,1,0.9,0.86,58,529181.4,501005.875,542991.0,555088.9375,578854.625,32,36.151292512336134,LO,555088.9375,0.0,555088.9375,529181.375,77848.75
test_id_test_id_000028_14,test_id_000028,33,middle,2,0,test_id_000028_t2_c0,big,big_0,3,2.2,1.15,32,118596.56,137917.390625,154173.5,158800.21875,170010.546875,32,36.151292512336134,LO,158800.21875,0.0,158800.21875,118596.5625,32093.15625
test_id_test_id_000028_15,test_id_000028,33,middle,2,1,test_id_000028_t2_c1,little,little_1,3,1.5,1.0,32,252601.58,242449.34375,264592.15625,271148.21875,285909.21875,32,36.151292512336134,LO,271148.21875,0.0,271148.21875,252601.578125,43459.875
test_id_test_id_000028_16,test_id_000028,33,middle,2,2,test_id_000028_t2_c2,big,big_0,0,1.0,0.9,32,239575.17,232096.65625,253645.25,260062.640625,274559.0625,32,36.151292512336134,LO,260062.640625,0.0,260062.640625,239575.171875,42462.40625
test_id_test_id_000028_17,test_id_000028,33,middle,2,3,test_id_000028_t2_c3,little,little_1,0,0.6,0.8,32,528200.44,464174.125,501936.4375,512596.6875,534335.3125,32,36.151292512336134,LO,512596.6875,0.0,512596.6875,528200.4375,70161.1875
test_id_test_id_000028_18,test_id_000028,33,middle,2,4,test_id_000028_t2_c4,big,big_0,1,1.4,0.98,32,195658.6,211634.21875,232059.765625,238221.3125,252190.703125,32,36.151292512336134,LO,238221.3125,0.0,238221.3125,195658.59375,40556.484375
test_id_test_id_000028_19,test_id_000028,33,middle,2,5,test_id_000028_t2_c5,little,little_1,1,0.9,0.86,32,348932.62,318985.96875,346117.0,353803.8125,370908.875,32,36.151292512336134,LO,353803.8125,0.0,353803.8125,348932.625,51922.90625
test_id_test_id_000028_20,test_id_000028,33,middle,2,6,test_id_000028_t2_c6,big,big_0,2,1.8,1.06,32,134338.89,157270.28125,174573.71875,179650.84375,191637.0625,32,36.151292512336134,LO,179650.84375,0.0,179650.84375,134338.890625,34366.78125
test_id_test_id_000028_21,test_id_000028,5,high_degree,3,0,test_id_000028_t3_c0,little,little_1,3,1.5,1.0,4,202953.7,224018.21875,245023.84375,251291.546875,265468.78125,32,36.151292512336134,LO,251291.546875,0.0,251291.546875,202953.703125,41450.5625
test_id_test_id_000028_22,test_id_000028,5,high_degree,3,1,test_id_000028_t3_c1,big,big_0,0,1.0,0.9,4,239920.45,227515.9375,248701.953125,255004.546875,269265.6875,32,36.151292512336134,LO,255004.546875,0.0,255004.546875,239920.453125,41749.75
test_id_test_id_000028_23,test_id_000028,5,high_degree,3,2,test_id_000028_t3_c2,little,little_1,0,0.6,0.8,4,332741.12,378452.96875,409688.0625,418426.65625,437470.0625,32,36.151292512336134,LO,418426.65625,0.0,418426.65625,332741.125,59017.09375
test_id_test_id_000028_24,test_id_000028,5,high_degree,3,3,test_id_000028_t3_c3,big,big_1,1,1.4,0.98,4,168963.83,186985.21875,205979.09375,211711.21875,224860.234375,32,36.151292512336134,LO,211711.21875,0.0,211711.21875,168963.828125,37875.015625
test_id_test_id_000028_25,test_id_000028,5,high_degree,3,4,test_id_000028_t3_c4,little,little_1,1,0.9,0.86,4,231543.4,252336.15625,274975.5,281605.59375,296551.21875,32,36.151292512336134,LO,281605.59375,0.0,281605.59375,231543.40625,44215.0625
test_id_test_id_000028_26,test_id_000028,5,high_degree,3,5,test_id_000028_t3_c5,big,big_1,2,1.8,1.06,4,161761.61,176720.9375,195075.90625,200559.15625,213259.65625,32,36.151292512336134,LO,200559.15625,0.0,200559.15625,161761.609375,36538.71875
test_id_test_id_000028_27,test_id_000028,5,high_degree,3,6,test_id_000028_t3_c6,little,little_0,2,1.2,0.93,4,231348.98,241180.78125,263217.34375,269730.875,284417.59375,32,36.151292512336134,LO,269730.875,0.0,269730.875,231348.984375,43236.8125
test_id_test_id_000028_28,test_id_000028,51,communication_heavy,4,0,test_id_000028_t4_c0,big,big_0,0,1.0,0.9,50,559509.44,494694.25,536537.25,548607.25,572468.625,32,36.151292512336134,LO,548607.25,0.0,548607.25,559509.4375,77774.375
test_id_test_id_000028_29,test_id_000028,51,communication_heavy,4,1,test_id_000028_t4_c1,little,little_1,0,0.6,0.8,50,960533.06,746015.25,808944.75,827923.4375,860594.0625,32,36.151292512336134,LO,827923.4375,0.0,827923.4375,960533.0625,114578.8125
test_id_test_id_000028_30,test_id_000028,51,communication_heavy,4,2,test_id_000028_t4_c2,big,big_0,1,1.4,0.98,50,353634.0,365208.3125,396196.625,404912.5,423979.6875,32,36.151292512336134,LO,404912.5,0.0,404912.5,353634.0,58771.375
test_id_test_id_000028_31,test_id_000028,51,communication_heavy,4,3,test_id_000028_t4_c3,little,little_0,1,0.9,0.86,50,669014.3,560955.25,607738.4375,621463.9375,646988.875,32,36.151292512336134,LO,621463.9375,0.0,621463.9375,669014.3125,86033.625
test_id_test_id_000028_32,test_id_000028,51,communication_heavy,4,4,test_id_000028_t4_c4,big,big_1,2,1.8,1.06,50,386634.34,354616.28125,384866.09375,393399.21875,412143.5625,32,36.151292512336134,LO,393399.21875,0.0,393399.21875,386634.34375,57527.28125
test_id_test_id_000028_33,test_id_000028,51,communication_heavy,4,5,test_id_000028_t4_c5,little,little_0,2,1.2,0.93,50,505799.53,447951.25,485807.75,496568.75,518768.3125,32,36.151292512336134,LO,496568.75,0.0,496568.75,505799.53125,70817.0625
test_id_test_id_000028_34,test_id_000028,51,communication_heavy,4,6,test_id_000028_t4_c6,big,big_0,3,2.2,1.15,50,297372.4,304823.1875,331194.4375,338737.9375,355589.03125,32,36.151292512336134,LO,338737.9375,0.0,338737.9375,297372.40625,50765.84375
test_id_test_id_000028_35,test_id_000028,4,random,5,0,test_id_000028_t5_c0,little,little_0,0,0.6,0.8,3,380343.8,334952.625,363093.46875,370880.9375,388442.3125,32,36.151292512336134,LO,370880.9375,0.0,370880.9375,380343.8125,53489.6875
test_id_test_id_000028_36,test_id_000028,4,random,5,1,test_id_000028_t5_c1,big,big_0,1,1.4,0.98,3,125351.14,143477.8125,159917.171875,164659.40625,176041.625,32,36.151292512336134,LO,164659.40625,0.0,164659.40625,125351.140625,32563.8125
test_id_test_id_000028_37,test_id_000028,4,random,5,2,test_id_000028_t5_c2,little,little_0,1,0.9,0.86,3,270288.12,237096.15625,258729.53125,265074.84375,279456.25,32,36.151292512336134,LO,265074.84375,0.0,265074.84375,270288.125,42360.09375
test_id_test_id_000028_38,test_id_000028,4,random,5,3,test_id_000028_t5_c3,big,big_1,2,1.8,1.06,3,112127.31,124347.125,139955.046875,144294.46875,155017.078125,32,36.151292512336134,LO,144294.46875,0.0,144294.46875,112127.3125,30669.953125
test_id_test_id_000028_39,test_id_000028,4,random,5,4,test_id_000028_t5_c4,little,little_0,2,1.2,0.93,3,182142.36,186313.109375,205210.53125,210933.609375,224039.78125,32,36.151292512336134,LO,210933.609375,0.0,210933.609375,182142.359375,37726.671875
test_id_test_id_000028_40,test_id_000028,4,random,5,5,test_id_000028_t5_c5,big,big_1,3,2.2,1.15,3,73315.336,78850.375,92974.0625,96880.59375,106636.4375,32,36.151292512336134,LO,96880.59375,0.0,96880.59375,73315.3359375,27786.0625
test_id_test_id_000028_41,test_id_000028,4,random,5,6,test_id_000028_t5_c6,little,little_0,3,1.5,1.0,3,140200.61,154979.125,172031.5625,177038.5,188863.3125,32,36.151292512336134,LO,177038.5,0.0,177038.5,140200.609375,33884.1875
test_id_test_id_000099_00,test_id_000099,1,source_like,0,0,test_id_000099_t0_c0,little,little_0,0,0.6,0.8,0,133284.88,137380.75,154022.171875,158936.46875,170651.53125,32,36.151292512336134,HI,158936.46875,15665.78125,174602.25,133284.875,33270.78125
test_id_test_id_000099_01,test_id_000099,1,source_like,0,1,test_id_000099_t0_c1,big,big_1,1,1.4,0.98,0,50333.73,54449.53125,67723.71875,71591.046875,80836.703125,32,36.151292512336134,HI,71591.046875,15665.78125,87256.828125,50333.73046875,26387.171875
test_id_test_id_000099_02,test_id_000099,1,source_like,0,2,test_id_000099_t0_c2,little,little_0,1,0.9,0.86,0,90471.35,95298.59375,110012.078125,114175.703125,124535.953125,32,36.151292512336134,HI,114175.703125,15665.78125,129841.484375,90471.3515625,29237.359375
test_id_test_id_000099_03,test_id_000099,1,source_like,0,3,test_id_000099_t0_c3,big,big_0,2,1.8,1.06,0,39719.402,41263.703125,53940.4375,57784.5625,66762.71875,32,36.151292512336134,HI,57784.5625,15665.78125,73450.34375,39719.40234375,25499.015625
test_id_test_id_000099_04,test_id_000099,1,source_like,0,4,test_id_000099_t0_c4,little,little_0,2,1.2,0.93,0,72783.18,75918.9375,90097.546875,94082.96875,103938.421875,32,36.151292512336134,HI,94082.96875,15665.78125,109748.75,72783.1796875,28019.484375
test_id_test_id_000099_05,test_id_000099,1,source_like,0,5,test_id_000099_t0_c5,big,big_0,3,2.2,1.15,0,26612.852,31693.734375,44131.734375,47994.671875,56826.1875,32,36.151292512336134,HI,47994.671875,15665.78125,63660.453125,26612.8515625,25132.453125
test_id_test_id_000099_06,test_id_000099,1,source_like,0,6,test_id_000099_t0_c6,little,little_0,3,1.5,1.0,0,61860.625,65992.046875,79768.3125,83656.25,93151.078125,32,36.151292512336134,HI,83656.25,15665.78125,99322.03125,61860.625,27159.03125
test_id_test_id_000099_07,test_id_000099,7,sink_like,1,0,test_id_000099_t1_c0,big,big_1,1,1.4,0.98,6,183482.77,198113.953125,217844.09375,223827.03125,237456.875,32,36.151292512336134,HI,223827.03125,15665.78125,239492.8125,183482.765625,39342.921875
test_id_test_id_000099_08,test_id_000099,7,sink_like,1,1,test_id_000099_t1_c1,little,little_0,1,0.9,0.86,6,322420.88,301806.3125,327678.34375,335044.78125,351519.8125,32,36.151292512336134,HI,335044.78125,15665.78125,350710.5625,322420.875,49713.5
test_id_test_id_000099_09,test_id_000099,7,sink_like,1,2,test_id_000099_t1_c2,big,big_1,2,1.8,1.06,6,126874.97,148453.78125,165271.4375,170156.40625,181804.125,32,36.151292512336134,HI,170156.40625,15665.78125,185822.1875,126874.96875,33350.34375
test_id_test_id_000099_10,test_id_000099,7,sink_like,1,3,test_id_000099_t1_c3,little,little_0,2,1.2,0.93,6,239830.88,241148.015625,263234.46875,269777.71875,284524.5,32,36.151292512336134,HI,269777.71875,15665.78125,285443.5,239830.875,43376.484375
test_id_test_id_000099_11,test_id_000099,7,sink_like,1,4,test_id_000099_t1_c4,big,big_1,3,2.2,1.15,6,137230.58,157069.53125,174393.078125,179456.53125,191432.625,32,36.151292512336134,HI,179456.53125,15665.78125,195122.3125,137230.578125,34363.09375
test_id_test_id_000099_12,test_id_000099,7,sink_like,1,5,test_id_000099_t1_c5,little,little_0,3,1.5,1.0,6,221797.98,225784.296875,246992.34375,253343.390625,267685.5,32,36.151292512336134,HI,253343.390625,15665.78125,269009.171875,221797.984375,41901.203125
test_id_test_id_000099_13,test_id_000099,7,sink_like,1,6,test_id_000099_t1_c6,big,big_1,0,1.0,0.9,6,218022.64,216683.6875,237480.546875,243769.109375,257998.28125,32,36.151292512336134,HI,243769.109375,15665.78125,259434.890625,218022.640625,41314.59375
test_id_test_id_000099_14,test_id_000099,103,middle,2,0,test_id_000099_t2_c0,little,little_1,1,0.9,0.86,102,197923.11,199003.421875,218641.0,224559.53125,238068.375,32,36.151292512336134,HI,224559.53125,15665.78125,240225.3125,197923.109375,39064.953125
test_id_test_id_000099_15,test_id_000099,103,middle,2,1,test_id_000099_t2_c1,big,big_1,2,1.8,1.06,102,88012.87,99425.5,114294.359375,118375.265625,128634.984375,32,36.151292512336134,HI,118375.265625,15665.78125,134041.046875,88012.8671875,29209.484375
test_id_test_id_000099_16,test_id_000099,103,middle,2,2,test_id_000099_t2_c2,little,little_1,2,1.2,0.93,102,162176.4,172441.03125,190459.328125,195848.25,208353.9375,32,36.151292512336134,HI,195848.25,15665.78125,211514.03125,162176.40625,35912.90625
test_id_test_id_000099_17,test_id_000099,103,middle,2,3,test_id_000099_t2_c3,big,big_0,3,2.2,1.15,102,80361.83,82448.578125,96803.734375,100762.9375,110660.796875,32,36.151292512336134,HI,100762.9375,15665.78125,116428.71875,80361.828125,28212.21875
test_id_test_id_000099_18,test_id_000099,103,middle,2,4,test_id_000099_t2_c4,little,little_1,3,1.5,1.0,102,120396.02,134039.65625,149981.1875,154530.1875,165571.484375,32,36.151292512336134,HI,154530.1875,15665.78125,170195.96875,120396.0234375,31531.828125
test_id_test_id_000099_19,test_id_000099,103,middle,2,5,test_id_000099_t2_c5,big,big_1,0,1.0,0.9,102,140806.08,150231.75,167235.375,172294.5,184241.40625,32,36.151292512336134,HI,172294.5,15665.78125,187960.28125,140806.078125,34009.65625
test_id_test_id_000099_20,test_id_000099,103,middle,2,6,test_id_000099_t2_c6,little,little_1,0,0.6,0.8,102,246474.77,256497.984375,280247.3125,287239.4375,303119.125,32,36.151292512336134,HI,287239.4375,15665.78125,302905.21875,246474.765625,46621.140625
test_id_test_id_000099_21,test_id_000099,11,high_degree,3,0,test_id_000099_t3_c0,big,big_1,2,1.8,1.06,10,136856.05,162916.8125,180502.09375,185688.75,197863.421875,32,36.151292512336134,HI,185688.75,15665.78125,201354.53125,136856.046875,34946.609375
test_id_test_id_000099_22,test_id_000099,11,high_degree,3,1,test_id_000099_t3_c1,little,little_1,2,1.2,0.93,10,199045.28,213394.3125,233880.9375,240054.34375,254038.375,32,36.151292512336134,HI,240054.34375,15665.78125,255720.125,199045.28125,40644.0625
test_id_test_id_000099_23,test_id_000099,11,high_degree,3,2,test_id_000099_t3_c2,big,big_1,3,2.2,1.15,10,113073.39,142719.9375,159223.4375,163933.84375,175292.375,32,36.151292512336134,HI,163933.84375,15665.78125,179599.625,113073.390625,32572.4375
test_id_test_id_000099_24,test_id_000099,11,high_degree,3,3,test_id_000099_t3_c3,little,little_0,3,1.5,1.0,10,176332.36,197890.46875,217464.5,223363.65625,236824.8125,32,36.151292512336134,HI,223363.65625,15665.78125,239029.4375,176332.359375,38934.34375
test_id_test_id_000099_25,test_id_000099,11,high_degree,3,4,test_id_000099_t3_c4,big,big_1,0,1.0,0.9,10,181687.5,202449.5625,222425.9375,228504.875,242309.71875,32,36.151292512336134,HI,228504.875,15665.78125,244170.65625,181687.5,39860.15625
test_id_test_id_000099_26,test_id_000099,11,high_degree,3,5,test_id_000099_t3_c5,little,little_1,0,0.6,0.8,10,421904.6,378732.5625,409973.0,418686.5625,437725.40625,32,36.151292512336134,HI,418686.5625,15665.78125,434352.34375,421904.59375,58992.84375
test_id_test_id_000099_27,test_id_000099,11,high_degree,3,6,test_id_000099_t3_c6,big,big_1,1,1.4,0.98,10,142957.31,165435.109375,183202.34375,188493.03125,200844.1875,32,36.151292512336134,HI,188493.03125,15665.78125,204158.8125,142957.3125,35409.078125
test_id_test_id_000099_28,test_id_000099,73,communication_heavy,4,0,test_id_000099_t4_c0,little,little_0,2,1.2,0.93,72,373228.84,329337.15625,357422.21875,365379.25,383019.53125,32,36.151292512336134,HI,365379.25,15665.78125,381045.03125,373228.84375,53682.375
test_id_test_id_000099_29,test_id_000099,73,communication_heavy,4,1,test_id_000099_t4_c1,big,big_0,3,2.2,1.15,72,139802.7,160143.25,177700.0625,182871.96875,195047.78125,32,36.151292512336134,HI,182871.96875,15665.78125,198537.75,139802.703125,34904.53125
test_id_test_id_000099_30,test_id_000099,73,communication_heavy,4,2,test_id_000099_t4_c2,little,little_1,3,1.5,1.0,72,283103.25,266574.40625,290287.96875,297220.28125,312771.46875,32,36.151292512336134,HI,297220.28125,15665.78125,312886.0625,283103.25,46197.0625
test_id_test_id_000099_31,test_id_000099,73,communication_heavy,4,3,test_id_000099_t4_c3,big,big_1,0,1.0,0.9,72,309210.53,290664.96875,315916.1875,323160.09375,339388.875,32,36.151292512336134,HI,323160.09375,15665.78125,338825.875,309210.53125,48723.90625
test_id_test_id_000099_32,test_id_000099,73,communication_heavy,4,4,test_id_000099_t4_c4,little,little_1,0,0.6,0.8,72,686008.3,535281.625,578871.5,591461.375,615367.5,32,36.151292512336134,HI,591461.375,15665.78125,607127.15625,686008.3125,80085.875
test_id_test_id_000099_33,test_id_000099,73,communication_heavy,4,5,test_id_000099_t4_c5,big,big_0,1,1.4,0.98,72,213283.61,223388.578125,244646.03125,251070.125,265565.71875,32,36.151292512336134,HI,251070.125,15665.78125,266735.90625,213283.609375,42177.140625
test_id_test_id_000099_34,test_id_000099,73,communication_heavy,4,6,test_id_000099_t4_c6,little,little_1,1,0.9,0.86,72,542756.44,430711.78125,467017.0625,477304.53125,498811.5625,32,36.151292512336134,HI,477304.53125,15665.78125,492970.3125,542756.4375,68099.78125
test_id_test_id_000099_35,test_id_000099,137,random,5,0,test_id_000099_t5_c0,big,big_1,3,2.2,1.15,136,86972.93,102750.328125,117695.578125,121790.84375,132086.546875,32,36.151292512336134,HI,121790.84375,15665.78125,137456.625,86972.9296875,29336.21875
test_id_test_id_000099_36,test_id_000099,137,random,5,1,test_id_000099_t5_c1,little,little_1,3,1.5,1.0,136,134446.14,162822.59375,180338.8125,185526.6875,197679.015625,32,36.151292512336134,HI,185526.6875,15665.78125,201192.46875,134446.140625,34856.421875
test_id_test_id_000099_37,test_id_000099,137,random,5,2,test_id_000099_t5_c2,big,big_1,0,1.0,0.9,136,141327.89,173693.59375,192091.75,197701.78125,210626.34375,32,36.151292512336134,HI,197701.78125,15665.78125,213367.5625,141327.890625,36932.75
test_id_test_id_000099_38,test_id_000099,137,random,5,3,test_id_000099_t5_c3,little,little_0,0,0.6,0.8,136,338234.44,327337.78125,355011.28125,362723.5,380128.1875,32,36.151292512336134,HI,362723.5,15665.78125,378389.28125,338234.4375,52790.40625
test_id_test_id_000099_39,test_id_000099,137,random,5,4,test_id_000099_t5_c4,big,big_1,1,1.4,0.98,136,127757.305,148229.234375,164990.59375,169876.78125,181516.1875,32,36.151292512336134,HI,169876.78125,15665.78125,185542.5625,127757.3046875,33286.953125
test_id_test_id_000099_40,test_id_000099,137,random,5,5,test_id_000099_t5_c5,little,little_1,1,0.9,0.86,136,256469.39,250679.90625,273184.5625,279737.40625,294566.65625,32,36.151292512336134,HI,279737.40625,15665.78125,295403.1875,256469.390625,43886.75
test_id_test_id_000099_41,test_id_000099,137,random,5,6,test_id_000099_t5_c6,big,big_1,2,1.8,1.06,136,102297.44,123297.859375,138894.75,143250.859375,154002.375,32,36.151292512336134,HI,143250.859375,15665.78125,158916.640625,102297.4375,30704.515625
test_id_test_id_000131_00,test_id_000131,1,source_like,0,0,test_id_000131_t0_c0,little,little_0,0,0.6,0.8,0,278465.62,255773.25,279578.15625,286528.15625,302391.0625,32,36.151292512336134,LO,286528.15625,0.0,286528.15625,278465.625,46617.8125
test_id_test_id_000131_01,test_id_000131,1,source_like,0,1,test_id_000131_t0_c1,big,big_1,1,1.4,0.98,0,89371.41,93026.390625,107661.265625,111669.921875,121755.234375,32,36.151292512336134,LO,111669.921875,0.0,111669.921875,89371.40625,28728.84375
test_id_test_id_000131_02,test_id_000131,1,source_like,0,2,test_id_000131_t0_c2,little,little_0,1,0.9,0.86,0,172972.36,178121.96875,196731.890625,202379.21875,215356.5625,32,36.151292512336134,LO,202379.21875,0.0,202379.21875,172972.359375,37234.59375
test_id_test_id_000131_03,test_id_000131,1,source_like,0,3,test_id_000131_t0_c3,big,big_0,2,1.8,1.06,0,64943.78,77492.96875,91711.53125,95603.34375,105294.4375,32,36.151292512336134,LO,95603.34375,0.0,95603.34375,64943.78125,27801.46875
test_id_test_id_000131_04,test_id_000131,1,source_like,0,4,test_id_000131_t0_c4,little,little_0,2,1.2,0.93,0,140003.53,143226.625,159635.875,164435.40625,175878.1875,32,36.151292512336134,LO,164435.40625,0.0,164435.40625,140003.53125,32651.5625
test_id_test_id_000131_05,test_id_000131,1,source_like,0,5,test_id_000131_t0_c5,big,big_0,3,2.2,1.15,0,52130.49,62714.15625,76243.875,80049.4375,89328.1875,32,36.151292512336134,LO,80049.4375,0.0,80049.4375,52130.48828125,26614.03125
test_id_test_id_000131_06,test_id_000131,1,source_like,0,6,test_id_000131_t0_c6,little,little_0,3,1.5,1.0,0,114006.2,119675.8125,134946.390625,139214.359375,149773.96875,32,36.151292512336134,LO,139214.359375,0.0,139214.359375,114006.203125,30098.15625
test_id_test_id_000131_07,test_id_000131,23,sink_like,1,0,test_id_000131_t1_c0,big,big_1,1,1.4,0.98,22,215223.0,217334.65625,238032.09375,244250.09375,258321.390625,32,36.151292512336134,LO,244250.09375,0.0,244250.09375,215223.0,40986.734375
test_id_test_id_000131_08,test_id_000131,23,sink_like,1,1,test_id_000131_t1_c1,little,little_1,1,0.9,0.86,22,376549.78,355648.96875,385791.625,394293.625,412953.5,32,36.151292512336134,LO,394293.625,0.0,394293.625,376549.78125,57304.53125
test_id_test_id_000131_09,test_id_000131,23,sink_like,1,2,test_id_000131_t1_c2,big,big_0,2,1.8,1.06,22,137688.9,172038.78125,190124.3125,195514.609375,208040.5625,32,36.151292512336134,LO,195514.609375,0.0,195514.609375,137688.90625,36001.78125
test_id_test_id_000131_10,test_id_000131,23,sink_like,1,3,test_id_000131_t1_c3,little,little_1,2,1.2,0.93,22,288831.75,286147.65625,311093.40625,318283.5625,334380.40625,32,36.151292512336134,LO,318283.5625,0.0,318283.5625,288831.75,48232.75
test_id_test_id_000131_11,test_id_000131,23,sink_like,1,4,test_id_000131_t1_c4,big,big_0,3,2.2,1.15,22,182959.53,192902.28125,212247.375,218085.40625,231441.171875,32,36.151292512336134,LO,218085.40625,0.0,218085.40625,182959.53125,38538.890625
test_id_test_id_000131_12,test_id_000131,23,sink_like,1,5,test_id_000131_t1_c5,little,little_1,3,1.5,1.0,22,214458.84,232394.8125,253943.21875,260361.828125,274835.90625,32,36.151292512336134,LO,260361.828125,0.0,260361.828125,214458.84375,42441.09375
test_id_test_id_000131_13,test_id_000131,23,sink_like,1,6,test_id_000131_t1_c6,big,big_0,0,1.0,0.9,22,287562.16,262164.09375,285488.15625,292285.28125,307572.875,32,36.151292512336134,LO,292285.28125,0.0,292285.28125,287562.15625,45408.78125
test_id_test_id_000131_14,test_id_000131,96,middle,2,0,test_id_000131_t2_c0,little,little_1,1,0.9,0.86,95,299366.53,268429.9375,292007.6875,298825.71875,314171.40625,32,36.151292512336134,LO,298825.71875,0.0,298825.71875,299366.53125,45741.46875
test_id_test_id_000131_15,test_id_000131,96,middle,2,1,test_id_000131_t2_c1,big,big_1,2,1.8,1.06,95,118685.9,134519.21875,150561.03125,155115.625,166189.46875,32,36.151292512336134,LO,155115.625,0.0,155115.625,118685.8984375,31670.25
test_id_test_id_000131_16,test_id_000131,96,middle,2,2,test_id_000131_t2_c2,little,little_0,2,1.2,0.93,95,243879.92,244272.28125,266437.34375,272960.875,287671.96875,32,36.151292512336134,LO,272960.875,0.0,272960.875,243879.921875,43399.6875
test_id_test_id_000131_17,test_id_000131,96,middle,2,3,test_id_000131_t2_c3,big,big_1,3,2.2,1.15,95,95304.58,107679.375,122668.421875,126799.578125,137153.078125,32,36.151292512336134,LO,126799.578125,0.0,126799.578125,95304.578125,29473.703125
test_id_test_id_000131_18,test_id_000131,96,middle,2,4,test_id_000131_t2_c4,little,little_0,3,1.5,1.0,95,186679.67,199855.90625,219581.46875,225537.078125,239106.28125,32,36.151292512336134,LO,225537.078125,0.0,225537.078125,186679.671875,39250.375
test_id_test_id_000131_19,test_id_000131,96,middle,2,5,test_id_000131_t2_c5,big,big_0,0,1.0,0.9,95,231280.83,221882.515625,242745.71875,248971.421875,263079.125,32,36.151292512336134,LO,248971.421875,0.0,248971.421875,231280.828125,41196.609375
test_id_test_id_000131_20,test_id_000131,96,middle,2,6,test_id_000131_t2_c6,little,little_1,0,0.6,0.8,95,413380.97,396371.96875,428848.25,437914.1875,457483.625,32,36.151292512336134,LO,437914.1875,0.0,437914.1875,413380.96875,61111.65625
test_id_test_id_000131_21,test_id_000131,20,high_degree,3,0,test_id_000131_t3_c0,big,big_1,2,1.8,1.06,19,173468.7,196703.3125,216356.140625,222309.484375,235888.421875,32,36.151292512336134,LO,222309.484375,0.0,222309.484375,173468.703125,39185.109375
test_id_test_id_000131_22,test_id_000131,20,high_degree,3,1,test_id_000131_t3_c1,little,little_0,2,1.2,0.93,19,410819.3,363416.5,394271.21875,402975.8125,421995.1875,32,36.151292512336134,LO,402975.8125,0.0,402975.8125,410819.3125,58578.6875
test_id_test_id_000131_23,test_id_000131,20,high_degree,3,2,test_id_000131_t3_c2,big,big_0,3,2.2,1.15,19,194552.06,197484.40625,217171.625,223130.015625,236725.84375,32,36.151292512336134,LO,223130.015625,0.0,223130.015625,194552.0625,39241.4375
test_id_test_id_000131_24,test_id_000131,20,high_degree,3,3,test_id_000131_t3_c3,little,little_1,3,1.5,1.0,19,322793.97,298917.46875,324797.8125,332222.46875,348798.25,32,36.151292512336134,LO,332222.46875,0.0,332222.46875,322793.96875,49880.78125
test_id_test_id_000131_25,test_id_000131,20,high_degree,3,4,test_id_000131_t3_c4,big,big_1,0,1.0,0.9,19,313459.62,299470.59375,325337.21875,332735.53125,349275.875,32,36.151292512336134,LO,332735.53125,0.0,332735.53125,313459.625,49805.28125
test_id_test_id_000131_26,test_id_000131,20,high_degree,3,5,test_id_000131_t3_c5,little,little_1,0,0.6,0.8,19,596355.3,541597.75,585578.25,598317.25,622327.0,32,36.151292512336134,LO,598317.25,0.0,598317.25,596355.3125,80729.25
test_id_test_id_000131_27,test_id_000131,20,high_degree,3,6,test_id_000131_t3_c6,big,big_1,1,1.4,0.98,19,290282.4,266460.34375,290132.625,297036.3125,312531.84375,32,36.151292512336134,LO,297036.3125,0.0,297036.3125,290282.40625,46071.5
test_id_test_id_000131_28,test_id_000131,202,communication_heavy,4,0,test_id_000131_t4_c0,little,little_0,2,1.2,0.93,201,650700.3,494801.3125,537206.5,549516.3125,573808.375,32,36.151292512336134,LO,549516.3125,0.0,549516.3125,650700.3125,79007.0625
test_id_test_id_000131_29,test_id_000131,202,communication_heavy,4,1,test_id_000131_t4_c1,big,big_0,3,2.2,1.15,201,282160.25,252612.9375,275496.90625,282263.9375,297474.84375,32,36.151292512336134,LO,282263.9375,0.0,282263.9375,282160.25,44861.90625
test_id_test_id_000131_30,test_id_000131,202,communication_heavy,4,2,test_id_000131_t4_c2,little,little_0,3,1.5,1.0,201,465714.9,383701.625,416387.125,425611.4375,445538.875,32,36.151292512336134,LO,425611.4375,0.0,425611.4375,465714.90625,61837.25
test_id_test_id_000131_31,test_id_000131,202,communication_heavy,4,3,test_id_000131_t4_c3,big,big_0,0,1.0,0.9,201,401464.72,383140.46875,415504.4375,424600.3125,444307.5,32,36.151292512336134,LO,424600.3125,0.0,424600.3125,401464.71875,61167.03125
test_id_test_id_000131_32,test_id_000131,202,communication_heavy,4,4,test_id_000131_t4_c4,little,little_0,0,0.6,0.8,201,973737.6,732480.875,794395.5,813161.25,845316.875,32,36.151292512336134,LO,813161.25,0.0,813161.25,973737.625,112836.0
test_id_test_id_000131_33,test_id_000131,202,communication_heavy,4,5,test_id_000131_t4_c5,big,big_0,1,1.4,0.98,201,337583.84,307312.96875,333778.875,341332.9375,358191.09375,32,36.151292512336134,LO,341332.9375,0.0,341332.9375,337583.84375,50878.125
test_id_test_id_000131_34,test_id_000131,202,communication_heavy,4,6,test_id_000131_t4_c6,little,little_0,1,0.9,0.86,201,537824.94,485027.0625,525502.9375,537072.0625,560182.375,32,36.151292512336134,LO,537072.0625,0.0,537072.0625,537824.9375,75155.3125
test_id_test_id_000131_35,test_id_000131,52,random,5,0,test_id_000131_t5_c0,big,big_0,3,2.2,1.15,51,106479.11,126318.796875,142022.625,146408.34375,157207.890625,32,36.151292512336134,LO,146408.34375,0.0,146408.34375,106479.109375,30889.09375
test_id_test_id_000131_36,test_id_000131,52,random,5,1,test_id_000131_t5_c1,little,little_1,3,1.5,1.0,51,123541.31,170628.546875,188550.5,193882.046875,206290.53125,32,36.151292512336134,LO,193882.046875,0.0,193882.046875,123541.3125,35661.984375
test_id_test_id_000131_37,test_id_000131,52,random,5,2,test_id_000131_t5_c2,big,big_0,0,1.0,0.9,51,215493.69,208185.90625,228251.8125,234272.609375,247972.140625,32,36.151292512336134,LO,234272.609375,0.0,234272.609375,215493.6875,39786.234375
test_id_test_id_000131_38,test_id_000131,52,random,5,3,test_id_000131_t5_c3,little,little_1,0,0.6,0.8,51,322264.38,322493.28125,349995.46875,357772.75,375169.78125,32,36.151292512336134,LO,357772.75,0.0,357772.75,322264.375,52676.5
test_id_test_id_000131_39,test_id_000131,52,random,5,4,test_id_000131_t5_c4,big,big_0,1,1.4,0.98,51,169647.4,187093.65625,206011.21875,211710.328125,224792.53125,32,36.151292512336134,LO,211710.328125,0.0,211710.328125,169647.40625,37698.875
test_id_test_id_000131_40,test_id_000131,52,random,5,5,test_id_000131_t5_c5,little,little_1,1,0.9,0.86,51,216902.6,231071.859375,252418.140625,258735.890625,273038.0625,32,36.151292512336134,LO,258735.890625,0.0,258735.890625,216902.59375,41966.203125
test_id_test_id_000131_41,test_id_000131,52,random,5,6,test_id_000131_t5_c6,big,big_0,2,1.8,1.06,51,113668.305,137303.9375,153439.46875,158042.796875,169190.515625,32,36.151292512336134,LO,158042.796875,0.0,158042.796875,113668.3046875,31886.578125
test_id_test_id_000150_00,test_id_000150,1,source_like,0,0,test_id_000150_t0_c0,big,big_1,2,1.8,1.06,0,20048.045,26372.4375,38983.53125,43065.28125,52247.015625,32,36.151292512336134,HI,43065.28125,15665.78125,58731.0625,20048.044921875,25874.578125
test_id_test_id_000150_01,test_id_000150,1,source_like,0,1,test_id_000150_t0_c1,little,little_0,2,1.2,0.93,0,42588.01,57599.09375,71155.90625,75127.546875,84641.046875,32,36.151292512336134,HI,75127.546875,15665.78125,90793.328125,42588.01171875,27041.953125
test_id_test_id_000150_02,test_id_000150,1,source_like,0,2,test_id_000150_t0_c2,big,big_1,3,2.2,1.15,0,19034.576,25798.515625,38577.375,42755.265625,52108.953125,32,36.151292512336134,HI,42755.265625,15665.78125,58421.046875,19034.576171875,26310.4375
test_id_test_id_000150_03,test_id_000150,1,source_like,0,3,test_id_000150_t0_c3,little,little_1,3,1.5,1.0,0,32422.738,44923.21875,57756.5625,61638.375,70769.34375,32,36.151292512336134,HI,61638.375,15665.78125,77304.15625,32422.73828125,25846.125
test_id_test_id_000150_04,test_id_000150,1,source_like,0,4,test_id_000150_t0_c4,big,big_0,0,1.0,0.9,0,36400.41,45044.84375,58035.078125,62019.953125,71347.21875,32,36.151292512336134,HI,62019.953125,15665.78125,77685.734375,36400.41015625,26302.375
test_id_test_id_000150_05,test_id_000150,1,source_like,0,5,test_id_000150_t0_c5,little,little_0,0,0.6,0.8,0,68380.766,90765.296875,105559.921875,109842.4375,120408.953125,32,36.151292512336134,HI,109842.4375,15665.78125,125508.21875,68380.765625,29643.65625
test_id_test_id_000150_06,test_id_000150,1,source_like,0,6,test_id_000150_t0_c6,big,big_1,1,1.4,0.98,0,22122.502,28048.5625,40546.125,44546.96875,53608.953125,32,36.151292512336134,HI,44546.96875,15665.78125,60212.75,22122.501953125,25560.390625
test_id_test_id_000150_07,test_id_000150,57,sink_like,1,0,test_id_000150_t1_c0,little,little_1,2,1.2,0.93,56,168968.84,170074.3125,187944.78125,193283.5,205696.1875,32,36.151292512336134,HI,193283.5,15665.78125,208949.28125,168968.84375,35621.875
test_id_test_id_000150_08,test_id_000150,57,sink_like,1,1,test_id_000150_t1_c1,big,big_1,3,2.2,1.15,56,67327.56,72317.6875,86242.65625,90126.953125,99737.546875,32,36.151292512336134,HI,90126.953125,15665.78125,105792.734375,67327.5625,27419.859375
test_id_test_id_000150_09,test_id_000150,57,sink_like,1,2,test_id_000150_t1_c2,little,little_0,3,1.5,1.0,56,138830.69,149970.03125,166619.0625,171453.3125,182974.265625,32,36.151292512336134,HI,171453.3125,15665.78125,187119.09375,138830.6875,33004.234375
test_id_test_id_000150_10,test_id_000150,57,sink_like,1,3,test_id_000150_t1_c3,big,big_1,0,1.0,0.9,56,127737.336,134757.390625,151031.25,155811.8125,167280.828125,32,36.151292512336134,HI,155811.8125,15665.78125,171477.59375,127737.3359375,32523.4375
test_id_test_id_000150_11,test_id_000150,57,sink_like,1,4,test_id_000150_t1_c4,little,little_0,0,0.6,0.8,56,285076.3,282419.5,307588.84375,314741.09375,331140.1875,32,36.151292512336134,HI,314741.09375,15665.78125,330406.875,285076.3125,48720.6875
test_id_test_id_000150_12,test_id_000150,57,sink_like,1,5,test_id_000150_t1_c5,big,big_0,1,1.4,0.98,56,102205.35,111304.578125,126466.78125,130700.203125,141236.984375,32,36.151292512336134,HI,130700.203125,15665.78125,146365.984375,102205.3515625,29932.40625
test_id_test_id_000150_13,test_id_000150,57,sink_like,1,6,test_id_000150_t1_c6,little,little_0,1,0.9,0.86,56,192874.11,191638.140625,211027.25,216926.359375,230392.890625,32,36.151292512336134,HI,216926.359375,15665.78125,232592.140625,192874.109375,38754.75
test_id_test_id_000150_14,test_id_000150,51,middle,2,0,test_id_000150_t2_c0,big,big_1,3,2.2,1.15,50,51400.918,59326.140625,72682.28125,76514.671875,85804.75,32,36.151292512336134,HI,76514.671875,15665.78125,92180.453125,51400.91796875,26478.609375
test_id_test_id_000150_15,test_id_000150,51,middle,2,1,test_id_000150_t2_c1,little,little_0,3,1.5,1.0,50,99550.77,112888.609375,128035.171875,132272.84375,142802.109375,32,36.151292512336134,HI,132272.84375,15665.78125,147938.625,99550.7734375,29913.5
test_id_test_id_000150_16,test_id_000150,51,middle,2,2,test_id_000150_t2_c2,big,big_0,0,1.0,0.9,50,113417.82,123724.078125,139579.375,144200.890625,155426.0,32,36.151292512336134,HI,144200.890625,15665.78125,159866.671875,113417.8203125,31701.921875
test_id_test_id_000150_17,test_id_000150,51,middle,2,3,test_id_000150_t2_c3,little,little_0,0,0.6,0.8,50,226988.05,245111.671875,268392.15625,275306.53125,291035.9375,32,36.151292512336134,HI,275306.53125,15665.78125,290972.3125,226988.046875,45924.265625
test_id_test_id_000150_18,test_id_000150,51,middle,2,4,test_id_000150_t2_c4,big,big_0,1,1.4,0.98,50,89936.91,94934.125,109718.171875,113860.921875,124206.265625,32,36.151292512336134,HI,113860.921875,15665.78125,129526.703125,89936.90625,29272.140625
test_id_test_id_000150_19,test_id_000150,51,middle,2,5,test_id_000150_t2_c5,little,little_1,1,0.9,0.86,50,185976.83,185428.171875,204459.078125,210218.859375,223451.34375,32,36.151292512336134,HI,210218.859375,15665.78125,225884.640625,185976.828125,38023.171875
test_id_test_id_000150_20,test_id_000150,51,middle,2,6,test_id_000150_t2_c6,big,big_1,2,1.8,1.06,50,67372.59,73743.78125,87740.71875,91680.03125,101418.765625,32,36.151292512336134,HI,91680.03125,15665.78125,107345.8125,67372.59375,27674.984375
test_id_test_id_000150_21,test_id_000150,84,communication_heavy,3,0,test_id_000150_t3_c0,little,little_0,3,1.5,1.0,83,199838.45,219446.609375,240166.25,246354.546875,260373.03125,32,36.151292512336134,HI,246354.546875,15665.78125,262020.328125,199838.453125,40926.421875
test_id_test_id_000150_22,test_id_000150,84,communication_heavy,3,1,test_id_000150_t3_c1,big,big_0,0,1.0,0.9,83,222285.28,213482.8125,233904.5625,240038.546875,253953.234375,32,36.151292512336134,HI,240038.546875,15665.78125,255704.328125,222285.28125,40470.421875
test_id_test_id_000150_23,test_id_000150,84,communication_heavy,3,2,test_id_000150_t3_c2,little,little_1,0,0.6,0.8,83,456056.7,403817.625,437471.5625,446945.25,467210.9375,32,36.151292512336134,HI,446945.25,15665.78125,462611.03125,456056.6875,63393.3125
test_id_test_id_000150_24,test_id_000150,84,communication_heavy,3,3,test_id_000150_t3_c3,big,big_0,1,1.4,0.98,83,141240.72,170475.84375,188464.890625,193839.75,206329.28125,32,36.151292512336134,HI,193839.75,15665.78125,209505.53125,141240.71875,35853.4375
test_id_test_id_000150_25,test_id_000150,84,communication_heavy,3,4,test_id_000150_t3_c4,little,little_1,1,0.9,0.86,83,293694.28,281847.3125,306400.9375,313465.5625,329329.6875,32,36.151292512336134,HI,313465.5625,15665.78125,329131.34375,293694.28125,47482.375
test_id_test_id_000150_26,test_id_000150,84,communication_heavy,3,5,test_id_000150_t3_c5,big,big_1,2,1.8,1.06,83,136730.84,163328.78125,180895.4375,186084.875,198252.15625,32,36.151292512336134,HI,186084.875,15665.78125,201750.65625,136730.84375,34923.375
test_id_test_id_000150_27,test_id_000150,84,communication_heavy,3,6,test_id_000150_t3_c6,little,little_0,2,1.2,0.93,83,203801.31,218718.890625,239431.6875,245631.34375,259672.65625,32,36.151292512336134,HI,245631.34375,15665.78125,261297.125,203801.3125,40953.765625
test_id_test_id_000150_28,test_id_000150,25,random,4,0,test_id_000150_t4_c0,big,big_1,0,1.0,0.9,24,150186.42,172208.46875,190271.0625,195701.6875,208289.46875,32,36.151292512336134,HI,195701.6875,15665.78125,211367.46875,150186.421875,36081.0
test_id_test_id_000150_29,test_id_000150,25,random,4,1,test_id_000150_t4_c1,little,little_1,0,0.6,0.8,24,359161.94,322068.125,349213.1875,356687.4375,373716.125,32,36.151292512336134,HI,356687.4375,15665.78125,372353.21875,359161.9375,51648.0
test_id_test_id_000150_30,test_id_000150,25,random,4,2,test_id_000150_t4_c2,big,big_1,1,1.4,0.98,24,102772.195,125943.0625,141575.5,145985.640625,156808.15625,32,36.151292512336134,HI,145985.640625,15665.78125,161651.421875,102772.1953125,30865.09375
test_id_test_id_000150_31,test_id_000150,25,random,4,3,test_id_000150_t4_c3,little,little_0,1,0.9,0.86,24,217148.48,207548.671875,227649.984375,233715.5625,247493.875,32,36.151292512336134,HI,233715.5625,15665.78125,249381.34375,217148.484375,39945.203125
test_id_test_id_000150_32,test_id_000150,25,random,4,4,test_id_000150_t4_c4,big,big_1,2,1.8,1.06,24,80641.805,99218.296875,114024.53125,118077.21875,128278.6875,32,36.151292512336134,HI,118077.21875,15665.78125,133743.0,80641.8046875,29060.390625
test_id_test_id_000150_33,test_id_000150,25,random,4,5,test_id_000150_t4_c5,little,little_0,2,1.2,0.93,24,183197.08,193377.96875,212488.8125,218212.0,231328.421875,32,36.151292512336134,HI,218212.0,15665.78125,233877.78125,183197.078125,37950.453125
test_id_test_id_000150_34,test_id_000150,25,random,4,6,test_id_000150_t4_c6,big,big_0,3,2.2,1.15,24,65134.047,77738.765625,91855.90625,95756.890625,105483.515625,32,36.151292512336134,HI,95756.890625,15665.78125,111422.671875,65134.046875,27744.75
test_id_test_id_000150_35,test_id_000150,2,diverse_fill_1,5,0,test_id_000150_t5_c0,little,little_0,0,0.6,0.8,1,336569.4,315580.125,342559.09375,350147.5,367255.1875,32,36.151292512336134,HI,350147.5,15665.78125,365813.28125,336569.40625,51675.0625
test_id_test_id_000150_36,test_id_000150,2,diverse_fill_1,5,1,test_id_000150_t5_c1,big,big_1,1,1.4,0.98,1,121595.92,136765.53125,152819.71875,157403.1875,168500.828125,32,36.151292512336134,HI,157403.1875,15665.78125,173068.96875,121595.921875,31735.296875
test_id_test_id_000150_37,test_id_000150,2,diverse_fill_1,5,2,test_id_000150_t5_c2,little,little_1,1,0.9,0.86,1,259233.14,243470.0,265435.5,271835.15625,286331.5,32,36.151292512336134,HI,271835.15625,15665.78125,287500.9375,259233.140625,42861.5
test_id_test_id_000150_38,test_id_000150,2,diverse_fill_1,5,3,test_id_000150_t5_c3,big,big_0,2,1.8,1.06,1,85773.836,100241.078125,115046.859375,119100.53125,129301.125,32,36.151292512336134,HI,119100.53125,15665.78125,134766.3125,85773.8359375,29060.046875
test_id_test_id_000150_39,test_id_000150,2,diverse_fill_1,5,4,test_id_000150_t5_c4,little,little_0,2,1.2,0.93,1,186869.73,188407.46875,207236.4375,212889.65625,225854.78125,32,36.151292512336134,HI,212889.65625,15665.78125,228555.4375,186869.734375,37447.3125
test_id_test_id_000150_40,test_id_000150,2,diverse_fill_1,5,5,test_id_000150_t5_c5,big,big_1,3,2.2,1.15,1,82551.6,89619.515625,104179.96875,108150.96875,118146.484375,32,36.151292512336134,HI,108150.96875,15665.78125,123816.75,82551.6015625,28526.96875
test_id_test_id_000150_41,test_id_000150,2,diverse_fill_1,5,6,test_id_000150_t5_c6,little,little_1,3,1.5,1.0,1,172767.4,175868.84375,193884.0625,199218.46875,211612.859375,32,36.151292512336134,HI,199218.46875,15665.78125,214884.25,172767.40625,35744.015625
test_id_test_id_000168_00,test_id_000168,24,source_like,0,0,test_id_000168_t0_c0,big,big_0,0,1.0,0.9,23,103481.42,115775.046875,131151.515625,135559.953125,146372.0,32,36.151292512336134,LO,135559.953125,0.0,135559.953125,103481.421875,30596.953125
test_id_test_id_000168_01,test_id_000168,24,source_like,0,1,test_id_000168_t0_c1,little,little_0,0,0.6,0.8,23,278526.5,284147.125,309068.21875,315981.40625,331994.5,32,36.151292512336134,LO,315981.40625,0.0,315981.40625,278526.5,47847.375
test_id_test_id_000168_02,test_id_000168,24,source_like,0,2,test_id_000168_t0_c2,big,big_0,1,1.4,0.98,23,76495.66,90421.1875,104976.171875,109002.40625,119095.0,32,36.151292512336134,LO,109002.40625,0.0,109002.40625,76495.65625,28673.8125
test_id_test_id_000168_03,test_id_000168,24,source_like,0,3,test_id_000168_t0_c3,little,little_1,1,0.9,0.86,23,178071.56,182206.796875,201076.984375,206795.046875,219913.75,32,36.151292512336134,LO,206795.046875,0.0,206795.046875,178071.5625,37706.953125
test_id_test_id_000168_04,test_id_000168,24,source_like,0,4,test_id_000168_t0_c4,big,big_0,2,1.8,1.06,23,60466.027,74108.3125,88142.640625,92033.796875,101677.3125,32,36.151292512336134,LO,92033.796875,0.0,92033.796875,60466.02734375,27569.0
test_id_test_id_000168_05,test_id_000168,24,source_like,0,5,test_id_000168_t0_c5,little,little_0,2,1.2,0.93,23,134058.11,145954.765625,162495.9375,167347.015625,178877.34375,32,36.151292512336134,LO,167347.015625,0.0,167347.015625,134058.109375,32922.578125
test_id_test_id_000168_06,test_id_000168,24,source_like,0,6,test_id_000168_t0_c6,big,big_1,3,2.2,1.15,23,52322.46,61741.640625,75222.109375,79034.59375,88315.90625,32,36.151292512336134,LO,79034.59375,0.0,79034.59375,52322.4609375,26574.265625
test_id_test_id_000168_07,test_id_000168,282,sink_like,1,0,test_id_000168_t1_c0,little,little_1,0,0.6,0.8,281,447969.7,396157.4375,428691.15625,437764.84375,457362.625,32,36.151292512336134,LO,437764.84375,0.0,437764.84375,447969.6875,61205.1875
test_id_test_id_000168_08,test_id_000168,282,sink_like,1,1,test_id_000168_t1_c1,big,big_0,1,1.4,0.98,281,159543.25,179660.125,198253.890625,203857.40625,216768.828125,32,36.151292512336134,LO,203857.40625,0.0,203857.40625,159543.25,37108.703125
test_id_test_id_000168_09,test_id_000168,282,sink_like,1,2,test_id_000168_t1_c2,little,little_1,1,0.9,0.86,281,270259.7,254830.15625,277548.75,284175.09375,299112.78125,32,36.151292512336134,LO,284175.09375,0.0,284175.09375,270259.6875,44282.625
test_id_test_id_000168_10,test_id_000168,282,sink_like,1,3,test_id_000168_t1_c3,big,big_1,2,1.8,1.06,281,139203.53,155822.875,172999.6875,178022.5625,189905.53125,32,36.151292512336134,LO,178022.5625,0.0,178022.5625,139203.53125,34082.65625
test_id_test_id_000168_11,test_id_000168,282,sink_like,1,4,test_id_000168_t1_c4,little,little_1,2,1.2,0.93,281,176417.0,204263.328125,224229.28125,230277.65625,244003.546875,32,36.151292512336134,LO,230277.65625,0.0,230277.65625,176417.0,39740.21875
test_id_test_id_000168_12,test_id_000168,282,sink_like,1,5,test_id_000168_t1_c5,big,big_0,3,2.2,1.15,281,96362.65,113580.328125,128747.046875,132942.90625,143409.046875,32,36.151292512336134,LO,132942.90625,0.0,132942.90625,96362.6484375,29828.71875
test_id_test_id_000168_13,test_id_000168,282,sink_like,1,6,test_id_000168_t1_c6,little,little_1,3,1.5,1.0,281,182164.17,199634.125,219295.875,225224.75,238734.21875,32,36.151292512336134,LO,225224.75,0.0,225224.75,182164.171875,39100.09375
test_id_test_id_000168_14,test_id_000168,229,middle,2,0,test_id_000168_t2_c0,big,big_0,1,1.4,0.98,228,306896.97,316353.53125,343494.0625,351214.0625,368404.625,32,36.151292512336134,LO,351214.0625,0.0,351214.0625,306896.96875,52051.09375
test_id_test_id_000168_15,test_id_000168,229,middle,2,1,test_id_000168_t2_c1,little,little_1,1,0.9,0.86,228,570467.94,516294.84375,559479.375,571976.5,596178.125,32,36.151292512336134,LO,571976.5,0.0,571976.5,570467.9375,79883.28125
test_id_test_id_000168_16,test_id_000168,229,middle,2,2,test_id_000168_t2_c2,big,big_1,2,1.8,1.06,228,299877.2,302372.8125,328521.5625,336004.53125,352714.84375,32,36.151292512336134,LO,336004.53125,0.0,336004.53125,299877.1875,50342.03125
test_id_test_id_000168_17,test_id_000168,229,middle,2,3,test_id_000168_t2_c3,little,little_1,2,1.2,0.93,228,401471.66,392026.6875,425142.125,434460.6875,454527.34375,32,36.151292512336134,LO,434460.6875,0.0,434460.6875,401471.65625,62500.65625
test_id_test_id_000168_18,test_id_000168,229,middle,2,4,test_id_000168_t2_c4,big,big_1,3,2.2,1.15,228,263641.28,262345.5625,285808.9375,292691.53125,308147.0625,32,36.151292512336134,LO,292691.53125,0.0,292691.53125,263641.28125,45801.5
test_id_test_id_000168_19,test_id_000168,229,middle,2,5,test_id_000168_t2_c5,little,little_0,3,1.5,1.0,228,357196.28,352470.96875,382458.09375,390921.4375,409526.75,32,36.151292512336134,LO,390921.4375,0.0,390921.4375,357196.28125,57055.78125
test_id_test_id_000168_20,test_id_000168,229,middle,2,6,test_id_000168_t2_c6,big,big_1,0,1.0,0.9,228,309477.75,347413.15625,376836.9375,385124.0,403411.34375,32,36.151292512336134,LO,385124.0,0.0,385124.0,309477.75,55998.1875
test_id_test_id_000168_21,test_id_000168,221,communication_heavy,3,0,test_id_000168_t3_c0,little,little_0,1,0.9,0.86,220,588785.44,533636.5,578132.5625,591072.75,615721.5,32,36.151292512336134,LO,591072.75,0.0,591072.75,588785.4375,82085.0
test_id_test_id_000168_22,test_id_000168,221,communication_heavy,3,1,test_id_000168_t3_c1,big,big_1,2,1.8,1.06,220,319038.56,317332.125,344584.375,352336.15625,369591.625,32,36.151292512336134,LO,352336.15625,0.0,352336.15625,319038.5625,52259.5
test_id_test_id_000168_23,test_id_000168,221,communication_heavy,3,2,test_id_000168_t3_c2,little,little_0,2,1.2,0.93,220,577038.06,497738.0625,540174.3125,552477.125,576705.5,32,36.151292512336134,LO,552477.125,0.0,552477.125,577038.0625,78967.4375
test_id_test_id_000168_24,test_id_000168,221,communication_heavy,3,3,test_id_000168_t3_c3,big,big_0,3,2.2,1.15,220,287560.1,283388.5,308226.53125,315412.25,331512.125,32,36.151292512336134,LO,315412.25,0.0,315412.25,287560.09375,48123.625
test_id_test_id_000168_25,test_id_000168,221,communication_heavy,3,4,test_id_000168_t3_c4,little,little_0,3,1.5,1.0,220,402424.16,382058.34375,414511.5,423657.875,443454.125,32,36.151292512336134,LO,423657.875,0.0,423657.875,402424.15625,61395.78125
test_id_test_id_000168_26,test_id_000168,221,communication_heavy,3,5,test_id_000168_t3_c5,big,big_1,0,1.0,0.9,220,351568.66,388330.125,421065.53125,430260.1875,450128.15625,32,36.151292512336134,LO,430260.1875,0.0,430260.1875,351568.65625,61798.03125
test_id_test_id_000168_27,test_id_000168,221,communication_heavy,3,6,test_id_000168_t3_c6,little,little_0,0,0.6,0.8,220,787891.44,670313.375,725356.5625,742032.125,770446.5,32,36.151292512336134,LO,742032.125,0.0,742032.125,787891.4375,100133.125
test_id_test_id_000168_28,test_id_000168,80,random,4,0,test_id_000168_t4_c0,big,big_1,2,1.8,1.06,79,60008.87,79567.234375,93816.359375,97742.625,107536.234375,32,36.151292512336134,LO,97742.625,0.0,97742.625,60008.87109375,27969.0
test_id_test_id_000168_29,test_id_000168,80,random,4,1,test_id_000168_t4_c1,little,little_0,2,1.2,0.93,79,143145.2,147971.4375,164703.53125,169654.296875,181354.65625,32,36.151292512336134,LO,169654.296875,0.0,169654.296875,143145.203125,33383.21875
test_id_test_id_000168_30,test_id_000168,80,random,4,2,test_id_000168_t4_c2,big,big_0,3,2.2,1.15,79,52779.9,63610.859375,77185.21875,81019.859375,90383.078125,32,36.151292512336134,LO,81019.859375,0.0,81019.859375,52779.8984375,26772.21875
test_id_test_id_000168_31,test_id_000168,80,random,4,3,test_id_000168_t4_c3,little,little_1,3,1.5,1.0,79,123000.81,124567.453125,140071.515625,144459.5,155213.46875,32,36.151292512336134,LO,144459.5,0.0,144459.5,123000.8125,30646.015625
test_id_test_id_000168_32,test_id_000168,80,random,4,4,test_id_000168_t4_c4,big,big_1,0,1.0,0.9,79,119854.48,130001.5625,145852.15625,150442.15625,161544.984375,32,36.151292512336134,LO,150442.15625,0.0,150442.15625,119854.4765625,31543.421875
test_id_test_id_000168_33,test_id_000168,80,random,4,5,test_id_000168_t4_c5,little,little_1,0,0.6,0.8,79,312839.94,290090.3125,315421.53125,322450.15625,338679.21875,32,36.151292512336134,LO,322450.15625,0.0,322450.15625,312839.9375,48588.90625
test_id_test_id_000168_34,test_id_000168,80,random,4,6,test_id_000168_t4_c6,big,big_1,1,1.4,0.98,79,84232.1,94376.578125,109032.171875,113097.9375,123284.796875,32,36.151292512336134,LO,113097.9375,0.0,113097.9375,84232.1015625,28908.21875
test_id_test_id_000168_35,test_id_000168,47,diverse_fill_1,5,0,test_id_000168_t5_c0,little,little_1,2,1.2,0.93,46,98953.43,95252.671875,109927.234375,114031.34375,124286.40625,32,36.151292512336134,LO,114031.34375,0.0,114031.34375,98953.4296875,29033.734375
test_id_test_id_000168_36,test_id_000168,47,diverse_fill_1,5,1,test_id_000168_t5_c1,big,big_1,3,2.2,1.15,46,33168.832,40720.765625,53334.234375,57123.96875,65974.75,32,36.151292512336134,LO,57123.96875,0.0,57123.96875,33168.83203125,25253.984375
test_id_test_id_000168_37,test_id_000168,47,diverse_fill_1,5,2,test_id_000168_t5_c2,little,little_1,3,1.5,1.0,46,77508.4,80234.28125,94531.96875,98486.296875,108339.15625,32,36.151292512336134,LO,98486.296875,0.0,98486.296875,77508.3984375,28104.875
test_id_test_id_000168_38,test_id_000168,47,diverse_fill_1,5,3,test_id_000168_t5_c3,big,big_1,0,1.0,0.9,46,72011.42,79213.703125,93558.09375,97597.921875,107607.28125,32,36.151292512336134,LO,97597.921875,0.0,97597.921875,72011.421875,28393.578125
test_id_test_id_000168_39,test_id_000168,47,diverse_fill_1,5,4,test_id_000168_t5_c4,little,little_1,0,0.6,0.8,46,209370.55,195696.75,216385.078125,222721.140625,237194.375,32,36.151292512336134,LO,222721.140625,0.0,222721.140625,209370.546875,41497.625
test_id_test_id_000168_40,test_id_000168,47,diverse_fill_1,5,5,test_id_000168_t5_c5,big,big_0,1,1.4,0.98,46,61832.543,68499.390625,82454.296875,86372.53125,95965.4375,32,36.151292512336134,LO,86372.53125,0.0,86372.53125,61832.54296875,27466.046875
test_id_test_id_000168_41,test_id_000168,47,diverse_fill_1,5,6,test_id_000168_t5_c6,little,little_0,1,0.9,0.86,46,130499.336,130159.609375,146194.15625,150850.9375,162101.375,32,36.151292512336134,LO,150850.9375,0.0,150850.9375,130499.3359375,31941.765625
test_id_test_id_000190_00,test_id_000190,35,source_like,0,0,test_id_000190_t0_c0,little,little_0,0,0.6,0.8,34,294125.03,279086.125,303960.3125,310987.09375,327141.40625,32,36.151292512336134,HI,310987.09375,15665.78125,326652.875,294125.03125,48055.28125
test_id_test_id_000190_01,test_id_000190,35,source_like,0,1,test_id_000190_t0_c1,big,big_1,1,1.4,0.98,34,94348.914,99461.53125,114217.15625,118284.90625,128501.703125,32,36.151292512336134,HI,118284.90625,15665.78125,133950.6875,94348.9140625,29040.171875
test_id_test_id_000190_02,test_id_000190,35,source_like,0,2,test_id_000190_t0_c2,little,little_1,1,0.9,0.86,34,197133.64,196933.984375,216538.90625,222439.921875,235915.28125,32,36.151292512336134,HI,222439.921875,15665.78125,238105.703125,197133.640625,38981.296875
test_id_test_id_000190_03,test_id_000190,35,source_like,0,3,test_id_000190_t0_c3,big,big_1,2,1.8,1.06,34,64174.13,74359.28125,88376.109375,92278.203125,101949.296875,32,36.151292512336134,HI,92278.203125,15665.78125,107943.984375,64174.12890625,27590.015625
test_id_test_id_000190_04,test_id_000190,35,source_like,0,4,test_id_000190_t0_c4,little,little_1,2,1.2,0.93,34,155761.11,158641.359375,175782.9375,180848.65625,192752.15625,32,36.151292512336134,HI,180848.65625,15665.78125,196514.4375,155761.109375,34110.796875
test_id_test_id_000190_05,test_id_000190,35,source_like,0,5,test_id_000190_t0_c5,big,big_1,3,2.2,1.15,34,54861.02,60708.546875,74126.625,77937.875,87203.984375,32,36.151292512336134,HI,77937.875,15665.78125,93603.65625,54861.01953125,26495.4375
test_id_test_id_000190_06,test_id_000190,35,source_like,0,6,test_id_000190_t0_c6,little,little_1,3,1.5,1.0,34,124244.36,129387.296875,145037.75,149476.9375,160312.375,32,36.151292512336134,HI,149476.9375,15665.78125,165142.71875,124244.359375,30925.078125
test_id_test_id_000190_07,test_id_000190,282,sink_like,1,0,test_id_000190_t1_c0,big,big_1,1,1.4,0.98,281,505927.22,433827.0,470655.5,481099.25,502898.5625,32,36.151292512336134,HI,481099.25,15665.78125,496765.03125,505927.21875,69071.5625
test_id_test_id_000190_08,test_id_000190,282,sink_like,1,1,test_id_000190_t1_c1,little,little_0,1,0.9,0.86,281,755130.75,612421.375,663972.125,679380.5,706926.625,32,36.151292512336134,HI,679380.5,15665.78125,695046.28125,755130.75,94505.25
test_id_test_id_000190_09,test_id_000190,282,sink_like,1,2,test_id_000190_t1_c2,big,big_1,2,1.8,1.06,281,407980.25,388149.0,421192.4375,430504.3125,450596.1875,32,36.151292512336134,HI,430504.3125,15665.78125,446170.09375,407980.25,62447.1875
test_id_test_id_000190_10,test_id_000190,282,sink_like,1,3,test_id_000190_t1_c3,little,little_1,2,1.2,0.93,281,512377.06,465288.625,504629.6875,515867.53125,538698.875,32,36.151292512336134,HI,515867.53125,15665.78125,531533.3125,512377.0625,73410.25
test_id_test_id_000190_11,test_id_000190,282,sink_like,1,4,test_id_000190_t1_c4,big,big_0,3,2.2,1.15,281,413741.62,367313.875,398743.03125,407616.1875,426975.90625,32,36.151292512336134,HI,407616.1875,15665.78125,423281.96875,413741.625,59662.03125
test_id_test_id_000190_12,test_id_000190,282,sink_like,1,5,test_id_000190_t1_c5,little,little_0,3,1.5,1.0,281,611294.1,487069.4375,528875.1875,540981.5,565068.5,32,36.151292512336134,HI,540981.5,15665.78125,556647.28125,611294.125,77999.0625
test_id_test_id_000190_13,test_id_000190,282,sink_like,1,6,test_id_000190_t1_c6,big,big_0,0,1.0,0.9,281,580364.9,508875.375,551780.125,564209.375,588436.875,32,36.151292512336134,HI,564209.375,15665.78125,579875.15625,580364.875,79561.5
test_id_test_id_000190_14,test_id_000190,204,middle,2,0,test_id_000190_t2_c0,little,little_1,1,0.9,0.86,203,519179.06,504751.9375,546807.375,558905.1875,582614.875,32,36.151292512336134,HI,558905.1875,15665.78125,574570.96875,519179.0625,77862.9375
test_id_test_id_000190_15,test_id_000190,204,middle,2,1,test_id_000190_t2_c1,big,big_0,2,1.8,1.06,203,280645.62,296684.125,322403.5625,329786.65625,346288.96875,32,36.151292512336134,HI,329786.65625,15665.78125,345452.4375,280645.625,49604.84375
test_id_test_id_000190_16,test_id_000190,204,middle,2,2,test_id_000190_t2_c2,little,little_1,2,1.2,0.93,203,565592.8,485952.625,527324.125,539264.625,563039.75,32,36.151292512336134,HI,539264.625,15665.78125,554930.40625,565592.8125,77087.125
test_id_test_id_000190_17,test_id_000190,204,middle,2,3,test_id_000190_t2_c3,big,big_0,3,2.2,1.15,203,240553.84,252108.46875,274917.4375,281656.5625,296805.15625,32,36.151292512336134,HI,281656.5625,15665.78125,297322.34375,240553.84375,44696.6875
test_id_test_id_000190_18,test_id_000190,204,middle,2,4,test_id_000190_t2_c4,little,little_1,3,1.5,1.0,203,499232.6,439623.15625,477263.5625,488010.8125,510279.8125,32,36.151292512336134,HI,488010.8125,15665.78125,503676.59375,499232.59375,70656.65625
test_id_test_id_000190_19,test_id_000190,204,middle,2,5,test_id_000190_t2_c5,big,big_0,0,1.0,0.9,203,434556.8,432876.5625,469376.875,479705.75,501292.5,32,36.151292512336134,HI,479705.75,15665.78125,495371.53125,434556.8125,68415.9375
test_id_test_id_000190_20,test_id_000190,204,middle,2,6,test_id_000190_t2_c6,little,little_0,0,0.6,0.8,203,798060.94,681678.125,737866.3125,754908.25,783886.75,32,36.151292512336134,HI,754908.25,15665.78125,770574.03125,798060.9375,102208.625
test_id_test_id_000190_21,test_id_000190,211,random,3,0,test_id_000190_t3_c0,big,big_0,2,1.8,1.06,210,166436.61,201137.765625,220976.0,226977.03125,240632.0625,32,36.151292512336134,HI,226977.03125,15665.78125,242642.8125,166436.609375,39494.296875
test_id_test_id_000190_22,test_id_000190,211,random,3,1,test_id_000190_t3_c1,little,little_0,2,1.2,0.93,210,351894.25,359639.78125,390230.4375,398867.90625,417777.34375,32,36.151292512336134,HI,398867.90625,15665.78125,414533.6875,351894.25,58137.5625
test_id_test_id_000190_23,test_id_000190,211,random,3,2,test_id_000190_t3_c2,big,big_1,3,2.2,1.15,210,175035.0,195333.78125,214840.53125,220734.0,234195.84375,32,36.151292512336134,HI,220734.0,15665.78125,236399.78125,175035.0,38862.0625
test_id_test_id_000190_24,test_id_000190,211,random,3,3,test_id_000190_t3_c3,little,little_1,3,1.5,1.0,210,201351.52,249923.46875,272544.9375,279221.125,294222.09375,32,36.151292512336134,HI,279221.125,15665.78125,294886.90625,201351.515625,44298.625
test_id_test_id_000190_25,test_id_000190,211,random,3,4,test_id_000190_t3_c4,big,big_1,0,1.0,0.9,210,316014.47,313134.96875,340019.09375,347672.53125,364725.0625,32,36.151292512336134,HI,347672.53125,15665.78125,363338.3125,316014.46875,51590.09375
test_id_test_id_000190_26,test_id_000190,211,random,3,5,test_id_000190_t3_c5,little,little_0,0,0.6,0.8,210,485865.75,510529.71875,552355.1875,564378.3125,587726.125,32,36.151292512336134,HI,564378.3125,15665.78125,580044.09375,485865.75,77196.40625
test_id_test_id_000190_27,test_id_000190,211,random,3,6,test_id_000190_t3_c6,big,big_1,1,1.4,0.98,210,210380.11,233553.546875,255209.5,261665.703125,276214.03125,32,36.151292512336134,HI,261665.703125,15665.78125,277331.484375,210380.109375,42660.484375
test_id_test_id_000190_28,test_id_000190,52,diverse_fill_1,4,0,test_id_000190_t4_c0,little,little_1,2,1.2,0.93,51,103009.77,104080.8125,118955.234375,123119.234375,133503.6875,32,36.151292512336134,HI,123119.234375,15665.78125,138785.015625,103009.7734375,29422.875
test_id_test_id_000190_29,test_id_000190,52,diverse_fill_1,4,1,test_id_000190_t4_c1,big,big_1,3,2.2,1.15,51,37634.65,49898.390625,62850.390625,66636.421875,75647.953125,32,36.151292512336134,HI,66636.421875,15665.78125,82302.203125,37634.6484375,25749.5625
test_id_test_id_000190_30,test_id_000190,52,diverse_fill_1,4,2,test_id_000190_t4_c2,little,little_1,3,1.5,1.0,51,81878.5,84744.03125,99149.34375,103134.53125,113096.84375,32,36.151292512336134,HI,103134.53125,15665.78125,118800.3125,81878.5,28352.8125
test_id_test_id_000190_31,test_id_000190,52,diverse_fill_1,4,3,test_id_000190_t4_c3,big,big_0,0,1.0,0.9,51,79222.305,86065.046875,100607.734375,104689.234375,114857.46875,32,36.151292512336134,HI,104689.234375,15665.78125,120355.015625,79222.3046875,28792.421875
test_id_test_id_000190_32,test_id_000190,52,diverse_fill_1,4,4,test_id_000190_t4_c4,little,little_1,0,0.6,0.8,51,201017.23,191545.65625,211699.25,217867.109375,231931.28125,32,36.151292512336134,HI,217867.109375,15665.78125,233532.890625,201017.234375,40385.625
test_id_test_id_000190_33,test_id_000190,52,diverse_fill_1,4,5,test_id_000190_t4_c5,big,big_0,1,1.4,0.98,51,57127.97,66229.046875,79967.03125,83861.6875,93379.203125,32,36.151292512336134,HI,83861.6875,15665.78125,99527.46875,57127.96875,27150.15625
test_id_test_id_000190_34,test_id_000190,52,diverse_fill_1,4,6,test_id_000190_t4_c6,little,little_0,1,0.9,0.86,51,137455.42,145201.390625,162026.0625,166984.734375,178766.40625,32,36.151292512336134,HI,166984.734375,15665.78125,182650.515625,137455.421875,33565.015625
test_id_test_id_000190_35,test_id_000190,101,diverse_fill_2,5,0,test_id_000190_t5_c0,big,big_0,3,2.2,1.15,100,35989.25,44491.71875,57234.359375,61026.78125,69954.96875,32,36.151292512336134,HI,61026.78125,15665.78125,76692.5625,35989.25,25463.25
test_id_test_id_000190_36,test_id_000190,101,diverse_fill_2,5,1,test_id_000190_t5_c1,little,little_1,3,1.5,1.0,100,76247.93,79435.859375,93681.765625,97639.109375,107486.0,32,36.151292512336134,HI,97639.109375,15665.78125,113304.890625,76247.9296875,28050.140625
test_id_test_id_000190_37,test_id_000190,101,diverse_fill_2,5,2,test_id_000190_t5_c2,big,big_1,0,1.0,0.9,100,71749.2,76733.75,91003.9375,95051.890625,105037.96875,32,36.151292512336134,HI,95051.890625,15665.78125,110717.671875,71749.203125,28304.21875
test_id_test_id_000190_38,test_id_000190,101,diverse_fill_2,5,3,test_id_000190_t5_c3,little,little_1,0,0.6,0.8,100,189530.69,187190.71875,207148.421875,213251.203125,227214.9375,32,36.151292512336134,HI,213251.203125,15665.78125,228916.984375,189530.6875,40024.21875
test_id_test_id_000190_39,test_id_000190,101,diverse_fill_2,5,4,test_id_000190_t5_c4,big,big_1,1,1.4,0.98,100,54134.527,64650.125,78364.09375,82267.078125,91771.375,32,36.151292512336134,HI,82267.078125,15665.78125,97932.859375,54134.52734375,27121.25
test_id_test_id_000190_40,test_id_000190,101,diverse_fill_2,5,5,test_id_000190_t5_c5,little,little_0,1,0.9,0.86,100,124172.71,130910.984375,146968.71875,151634.34375,162894.84375,32,36.151292512336134,HI,151634.34375,15665.78125,167300.125,124172.7109375,31983.859375
test_id_test_id_000190_41,test_id_000190,101,diverse_fill_2,5,6,test_id_000190_t5_c6,big,big_0,2,1.8,1.06,100,44649.867,54915.25,68144.59375,71974.84375,81159.3125,32,36.151292512336134,HI,71974.84375,15665.78125,87640.625,44649.8671875,26244.0625
test_id_test_id_000204_00,test_id_000204,2,source_like,0,0,test_id_000204_t0_c0,big,big_0,3,2.2,1.15,1,49809.92,62279.515625,75787.40625,79595.328125,88874.328125,32,36.151292512336134,LO,79595.328125,0.0,79595.328125,49809.921875,26594.8125
test_id_test_id_000204_01,test_id_000204,2,source_like,0,1,test_id_000204_t0_c1,little,little_1,3,1.5,1.0,1,121076.66,124378.59375,139796.953125,144125.84375,154783.71875,32,36.151292512336134,LO,144125.84375,0.0,144125.84375,121076.65625,30405.125
test_id_test_id_000204_02,test_id_000204,2,source_like,0,2,test_id_000204_t0_c2,big,big_1,0,1.0,0.9,1,104984.93,121439.296875,136916.96875,141345.6875,152182.03125,32,36.151292512336134,LO,141345.6875,0.0,141345.6875,104984.9296875,30742.734375
test_id_test_id_000204_03,test_id_000204,2,source_like,0,3,test_id_000204_t0_c3,little,little_0,0,0.6,0.8,1,279971.28,247642.171875,271022.25,277943.53125,293674.46875,32,36.151292512336134,LO,277943.53125,0.0,277943.53125,279971.28125,46032.296875
test_id_test_id_000204_04,test_id_000204,2,source_like,0,4,test_id_000204_t0_c4,big,big_1,1,1.4,0.98,1,79008.84,89224.390625,103760.046875,107779.296875,117847.546875,32,36.151292512336134,LO,107779.296875,0.0,107779.296875,79008.84375,28623.15625
test_id_test_id_000204_05,test_id_000204,2,source_like,0,5,test_id_000204_t0_c5,little,little_1,1,0.9,0.86,1,185866.02,192074.984375,211422.21875,217242.203125,230571.828125,32,36.151292512336134,LO,217242.203125,0.0,217242.203125,185866.015625,38496.84375
test_id_test_id_000204_06,test_id_000204,2,source_like,0,6,test_id_000204_t0_c6,big,big_0,2,1.8,1.06,1,62126.74,76266.59375,90415.34375,94305.78125,103977.578125,32,36.151292512336134,LO,94305.78125,0.0,94305.78125,62126.73828125,27710.984375
test_id_test_id_000204_07,test_id_000204,11,sink_like,1,0,test_id_000204_t1_c0,little,little_1,3,1.5,1.0,10,133624.17,143798.8125,160192.359375,164928.015625,176284.046875,32,36.151292512336134,LO,164928.015625,0.0,164928.015625,133624.171875,32485.234375
test_id_test_id_000204_08,test_id_000204,11,sink_like,1,1,test_id_000204_t1_c1,big,big_1,0,1.0,0.9,10,112855.22,132428.875,148539.96875,153240.21875,164562.734375,32,36.151292512336134,LO,153240.21875,0.0,153240.21875,112855.21875,32133.859375
test_id_test_id_000204_09,test_id_000204,11,sink_like,1,2,test_id_000204_t1_c2,little,little_0,0,0.6,0.8,10,255438.19,256169.59375,279878.84375,286848.6875,302677.5625,32,36.151292512336134,LO,286848.6875,0.0,286848.6875,255438.1875,46507.96875
test_id_test_id_000204_10,test_id_000204,11,sink_like,1,3,test_id_000204_t1_c3,big,big_0,1,1.4,0.98,10,109393.73,126818.015625,142543.34375,147012.5,157943.984375,32,36.151292512336134,LO,147012.5,0.0,147012.5,109393.7265625,31125.96875
test_id_test_id_000204_11,test_id_000204,11,sink_like,1,4,test_id_000204_t1_c4,little,little_1,1,0.9,0.86,10,188548.12,195378.0625,214840.078125,220714.5625,234138.640625,32,36.151292512336134,LO,220714.5625,0.0,220714.5625,188548.125,38760.578125
test_id_test_id_000204_12,test_id_000204,11,sink_like,1,5,test_id_000204_t1_c5,big,big_1,2,1.8,1.06,10,95666.54,105899.171875,120967.40625,125118.8125,135522.234375,32,36.151292512336134,LO,125118.8125,0.0,125118.8125,95666.5390625,29623.0625
test_id_test_id_000204_13,test_id_000204,11,sink_like,1,6,test_id_000204_t1_c6,little,little_0,2,1.2,0.93,10,140804.8,158262.34375,175516.59375,180638.28125,192658.90625,32,36.151292512336134,LO,180638.28125,0.0,180638.28125,140804.796875,34396.5625
test_id_test_id_000204_14,test_id_000204,231,middle,2,0,test_id_000204_t2_c0,big,big_1,0,1.0,0.9,230,229882.39,236285.28125,258124.828125,264621.5625,279283.90625,32,36.151292512336134,LO,264621.5625,0.0,264621.5625,229882.390625,42998.625
test_id_test_id_000204_15,test_id_000204,231,middle,2,1,test_id_000204_t2_c1,little,little_1,0,0.6,0.8,230,532059.3,467844.5625,505762.9375,516442.75,538154.375,32,36.151292512336134,LO,516442.75,0.0,516442.75,532059.3125,70309.8125
test_id_test_id_000204_16,test_id_000204,231,middle,2,2,test_id_000204_t2_c2,big,big_1,1,1.4,0.98,230,200789.56,215298.0,235974.40625,242214.71875,256341.296875,32,36.151292512336134,LO,242214.71875,0.0,242214.71875,200789.5625,41043.296875
test_id_test_id_000204_17,test_id_000204,231,middle,2,3,test_id_000204_t2_c3,little,little_0,1,0.9,0.86,230,393851.6,364879.28125,395612.5625,404259.25,423148.75,32,36.151292512336134,LO,404259.25,0.0,404259.25,393851.59375,58269.46875
test_id_test_id_000204_18,test_id_000204,231,middle,2,4,test_id_000204_t2_c4,big,big_0,2,1.8,1.06,230,138199.64,164914.15625,182700.0625,187972.5,200311.5,32,36.151292512336134,LO,187972.5,0.0,187972.5,138199.640625,35397.34375
test_id_test_id_000204_19,test_id_000204,231,middle,2,5,test_id_000204_t2_c5,little,little_0,2,1.2,0.93,230,314303.44,302593.71875,328670.6875,336124.75,352764.1875,32,36.151292512336134,LO,336124.75,0.0,336124.75,314303.4375,50170.46875
test_id_test_id_000204_20,test_id_000204,231,middle,2,6,test_id_000204_t2_c6,big,big_0,3,2.2,1.15,230,132724.7,162073.0,179705.640625,184893.734375,197096.375,32,36.151292512336134,LO,184893.734375,0.0,184893.734375,132724.703125,35023.375
test_id_test_id_000204_21,test_id_000204,130,high_degree,3,0,test_id_000204_t3_c0,little,little_1,0,0.6,0.8,129,416451.94,396443.84375,428884.5625,437946.875,457480.8125,32,36.151292512336134,LO,437946.875,0.0,437946.875,416451.9375,61036.96875
test_id_test_id_000204_22,test_id_000204,130,high_degree,3,1,test_id_000204_t3_c1,big,big_1,1,1.4,0.98,129,157321.78,175283.46875,193679.84375,199211.734375,212002.421875,32,36.151292512336134,LO,199211.734375,0.0,199211.734375,157321.78125,36718.953125
test_id_test_id_000204_23,test_id_000204,130,high_degree,3,2,test_id_000204_t3_c2,little,little_1,1,0.9,0.86,129,310993.78,290974.5,316089.6875,323277.90625,339389.625,32,36.151292512336134,LO,323277.90625,0.0,323277.90625,310993.78125,48415.125
test_id_test_id_000204_24,test_id_000204,130,high_degree,3,3,test_id_000204_t3_c3,big,big_0,2,1.8,1.06,129,164627.83,171428.75,189537.671875,194929.40625,207474.265625,32,36.151292512336134,LO,194929.40625,0.0,194929.40625,164627.828125,36045.515625
test_id_test_id_000204_25,test_id_000204,130,high_degree,3,4,test_id_000204_t3_c4,little,little_0,2,1.2,0.93,129,269109.16,253537.828125,276304.09375,282974.3125,297991.96875,32,36.151292512336134,LO,282974.3125,0.0,282974.3125,269109.15625,44454.140625
test_id_test_id_000204_26,test_id_000204,130,high_degree,3,5,test_id_000204_t3_c5,big,big_1,3,2.2,1.15,129,119435.734,130475.46875,146381.5,150856.375,161809.1875,32,36.151292512336134,LO,150856.375,0.0,150856.375,119435.734375,31333.71875
test_id_test_id_000204_27,test_id_000204,130,high_degree,3,6,test_id_000204_t3_c6,little,little_0,3,1.5,1.0,129,233102.48,223054.03125,244033.46875,250304.640625,264487.78125,32,36.151292512336134,LO,250304.640625,0.0,250304.640625,233102.484375,41433.75
test_id_test_id_000204_28,test_id_000204,153,communication_heavy,4,0,test_id_000204_t4_c0,big,big_1,1,1.4,0.98,152,286123.12,266042.46875,289743.5,296673.28125,312228.5,32,36.151292512336134,LO,296673.28125,0.0,296673.28125,286123.125,46186.03125
test_id_test_id_000204_29,test_id_000204,153,communication_heavy,4,1,test_id_000204_t4_c1,little,little_0,1,0.9,0.86,152,536009.06,464505.5,503457.1875,514545.25,537110.4375,32,36.151292512336134,LO,514545.25,0.0,514545.25,536009.0625,72604.9375
test_id_test_id_000204_30,test_id_000204,153,communication_heavy,4,2,test_id_000204_t4_c2,big,big_1,2,1.8,1.06,152,267707.5,254674.984375,277684.625,284472.90625,299724.4375,32,36.151292512336134,LO,284472.90625,0.0,284472.90625,267707.5,45049.453125
test_id_test_id_000204_31,test_id_000204,153,communication_heavy,4,3,test_id_000204_t4_c3,little,little_1,2,1.2,0.93,152,412486.62,368351.9375,399549.96875,408331.125,427497.875,32,36.151292512336134,LO,408331.125,0.0,408331.125,412486.625,59145.9375
test_id_test_id_000204_32,test_id_000204,153,communication_heavy,4,4,test_id_000204_t4_c4,big,big_0,3,2.2,1.15,152,162818.25,193877.125,213472.640625,219422.5625,233020.0,32,36.151292512336134,LO,219422.5625,0.0,219422.5625,162818.25,39142.875
test_id_test_id_000204_33,test_id_000204,153,communication_heavy,4,5,test_id_000204_t4_c5,little,little_0,3,1.5,1.0,152,306154.0,305315.375,331665.84375,339202.9375,356027.375,32,36.151292512336134,LO,339202.9375,0.0,339202.9375,306154.0,50712.0
test_id_test_id_000204_34,test_id_000204,153,communication_heavy,4,6,test_id_000204_t4_c6,big,big_1,0,1.0,0.9,152,424090.56,368992.0625,400304.125,409120.875,428350.84375,32,36.151292512336134,LO,409120.875,0.0,409120.875,424090.5625,59358.78125
test_id_test_id_000204_35,test_id_000204,370,random,5,0,test_id_000204_t5_c0,little,little_0,1,0.9,0.86,369,277954.78,253282.96875,275877.75,282469.1875,297337.21875,32,36.151292512336134,LO,282469.1875,0.0,282469.1875,277954.78125,44054.25
test_id_test_id_000204_36,test_id_000204,370,random,5,1,test_id_000204_t5_c1,big,big_1,2,1.8,1.06,369,126569.03,139551.6875,155882.53125,160556.0625,171839.5625,32,36.151292512336134,LO,160556.0625,0.0,160556.0625,126569.03125,32287.875
test_id_test_id_000204_37,test_id_000204,370,random,5,2,test_id_000204_t5_c2,little,little_0,2,1.2,0.93,369,237472.88,223654.1875,244703.03125,251005.375,265251.5625,32,36.151292512336134,LO,251005.375,0.0,251005.375,237472.875,41597.375
test_id_test_id_000204_38,test_id_000204,370,random,5,3,test_id_000204_t5_c3,big,big_0,3,2.2,1.15,369,112053.95,121084.46875,136619.265625,140942.171875,151642.96875,32,36.151292512336134,LO,140942.171875,0.0,140942.171875,112053.953125,30558.5
test_id_test_id_000204_39,test_id_000204,370,random,5,4,test_id_000204_t5_c4,little,little_1,3,1.5,1.0,369,197329.33,202938.015625,222836.40625,228842.34375,242506.765625,32,36.151292512336134,LO,228842.34375,0.0,228842.34375,197329.328125,39568.75
test_id_test_id_000204_40,test_id_000204,370,random,5,5,test_id_000204_t5_c5,big,big_0,0,1.0,0.9,369,230474.31,220120.9375,240920.203125,247141.078125,261240.640625,32,36.151292512336134,LO,247141.078125,0.0,247141.078125,230474.3125,41119.703125
test_id_test_id_000204_41,test_id_000204,370,random,5,6,test_id_000204_t5_c6,little,little_1,0,0.6,0.8,369,452836.2,400295.59375,432997.5625,442115.1875,461759.0625,32,36.151292512336134,LO,442115.1875,0.0,442115.1875,452836.1875,61463.46875
test_id_test_id_000219_00,test_id_000219,88,source_like,0,0,test_id_000219_t0_c0,little,little_1,1,0.9,0.86,87,107812.54,109155.859375,124315.390625,128635.71875,139310.578125,32,36.151292512336134,HI,128635.71875,15665.78125,144301.5,107812.5390625,30154.71875
test_id_test_id_000219_01,test_id_000219,88,source_like,0,1,test_id_000219_t0_c1,big,big_0,2,1.8,1.06,87,33506.438,44164.8125,56906.515625,60718.3125,69681.625,32,36.151292512336134,HI,60718.3125,15665.78125,76384.09375,33506.4375,25516.8125
test_id_test_id_000219_02,test_id_000219,88,source_like,0,2,test_id_000219_t0_c2,little,little_1,2,1.2,0.93,87,80899.38,84052.875,98483.21875,102519.21875,112577.859375,32,36.151292512336134,HI,102519.21875,15665.78125,118185.0,80899.3828125,28524.984375
test_id_test_id_000219_03,test_id_000219,88,source_like,0,3,test_id_000219_t0_c3,big,big_0,3,2.2,1.15,87,30048.166,35998.59375,48517.703125,52356.96875,61223.671875,32,36.151292512336134,HI,52356.96875,15665.78125,68022.75,30048.166015625,25225.078125
test_id_test_id_000219_04,test_id_000219,88,source_like,0,4,test_id_000219_t0_c4,little,little_0,3,1.5,1.0,87,59239.59,68066.359375,81881.984375,85783.34375,95346.3125,32,36.151292512336134,HI,85783.34375,15665.78125,101449.125,59239.58984375,27279.953125
test_id_test_id_000219_05,test_id_000219,88,source_like,0,5,test_id_000219_t0_c5,big,big_0,0,1.0,0.9,87,67530.33,71117.1875,85272.8125,89282.609375,99110.109375,32,36.151292512336134,HI,89282.609375,15665.78125,104948.390625,67530.328125,27992.921875
test_id_test_id_000219_06,test_id_000219,88,source_like,0,6,test_id_000219_t0_c6,little,little_0,0,0.6,0.8,87,138090.95,145420.8125,162451.765625,167511.84375,179462.546875,32,36.151292512336134,HI,167511.84375,15665.78125,183177.625,138090.953125,34041.734375
test_id_test_id_000219_07,test_id_000219,458,sink_like,1,0,test_id_000219_t1_c0,big,big_0,2,1.8,1.06,457,429072.72,394990.0625,428643.84375,438138.8125,458529.40625,32,36.151292512336134,HI,438138.8125,15665.78125,453804.59375,429072.71875,63539.34375
test_id_test_id_000219_08,test_id_000219,458,sink_like,1,1,test_id_000219_t1_c1,little,little_0,2,1.2,0.93,457,501662.2,468621.40625,508270.8125,519612.3125,542584.25,32,36.151292512336134,HI,519612.3125,15665.78125,535278.09375,501662.1875,73962.84375
test_id_test_id_000219_09,test_id_000219,458,sink_like,1,2,test_id_000219_t1_c2,big,big_1,3,2.2,1.15,457,286194.78,291203.125,316553.6875,323854.28125,340193.65625,32,36.151292512336134,HI,323854.28125,15665.78125,339520.0625,286194.78125,48990.53125
test_id_test_id_000219_10,test_id_000219,458,sink_like,1,3,test_id_000219_t1_c3,little,little_1,3,1.5,1.0,457,564987.44,470883.28125,511183.8125,522779.9375,546194.375,32,36.151292512336134,HI,522779.9375,15665.78125,538445.71875,564987.4375,75311.09375
test_id_test_id_000219_11,test_id_000219,458,sink_like,1,4,test_id_000219_t1_c4,big,big_1,0,1.0,0.9,457,529020.7,491996.6875,533458.4375,545391.25,569045.1875,32,36.151292512336134,HI,545391.25,15665.78125,561057.03125,529020.6875,77048.5
test_id_test_id_000219_12,test_id_000219,458,sink_like,1,5,test_id_000219_t1_c5,little,little_0,0,0.6,0.8,457,1095613.6,776249.8125,842822.25,862707.5,897724.875,32,36.151292512336134,HI,862707.5,15665.78125,878373.28125,1095613.625,121475.0625
test_id_test_id_000219_13,test_id_000219,458,sink_like,1,6,test_id_000219_t1_c6,big,big_0,1,1.4,0.98,457,632583.3,519673.1875,564323.25,577392.125,602655.5625,32,36.151292512336134,HI,577392.125,15665.78125,593057.90625,632583.3125,82982.375
test_id_test_id_000219_14,test_id_000219,316,middle,2,0,test_id_000219_t2_c0,little,little_0,2,1.2,0.93,315,527007.7,471111.5625,511020.25,522452.8125,545553.375,32,36.151292512336134,HI,522452.8125,15665.78125,538118.59375,527007.6875,74441.8125
test_id_test_id_000219_15,test_id_000219,316,middle,2,1,test_id_000219_t2_c1,big,big_1,3,2.2,1.15,315,266546.62,284732.25,309640.625,316840.28125,332972.375,32,36.151292512336134,HI,316840.28125,15665.78125,332506.0625,266546.625,48240.125
test_id_test_id_000219_16,test_id_000219,316,middle,2,2,test_id_000219_t2_c2,little,little_1,3,1.5,1.0,315,349926.34,377798.3125,409821.09375,418830.4375,438397.59375,32,36.151292512336134,HI,418830.4375,15665.78125,434496.21875,349926.34375,60599.28125
test_id_test_id_000219_17,test_id_000219,316,middle,2,3,test_id_000219_t2_c3,big,big_1,0,1.0,0.9,315,608314.25,527702.3125,572341.5,585373.625,610328.9375,32,36.151292512336134,HI,585373.625,15665.78125,601039.40625,608314.25,82626.625
test_id_test_id_000219_18,test_id_000219,316,middle,2,4,test_id_000219_t2_c4,little,little_1,0,0.6,0.8,315,1049926.5,878931.3125,959491.5625,981732.75,1027725.1875,32,36.151292512336134,HI,981732.75,15665.78125,997398.53125,1049926.5,148793.875
test_id_test_id_000219_19,test_id_000219,316,middle,2,5,test_id_000219_t2_c5,big,big_1,1,1.4,0.98,315,396339.28,384130.40625,416690.4375,425848.90625,445673.375,32,36.151292512336134,HI,425848.90625,15665.78125,441514.6875,396339.28125,61542.96875
test_id_test_id_000219_20,test_id_000219,316,middle,2,6,test_id_000219_t2_c6,little,little_1,1,0.9,0.86,315,724925.75,606314.875,657335.625,672555.0,699875.125,32,36.151292512336134,HI,672555.0,15665.78125,688220.78125,724925.75,93560.25
test_id_test_id_000219_21,test_id_000219,421,communication_heavy,3,0,test_id_000219_t3_c0,big,big_1,3,2.2,1.15,420,293439.44,278950.53125,303467.15625,310579.875,326516.6875,32,36.151292512336134,HI,310579.875,15665.78125,326245.65625,293439.4375,47566.15625
test_id_test_id_000219_22,test_id_000219,421,communication_heavy,3,1,test_id_000219_t3_c1,little,little_1,3,1.5,1.0,420,422876.12,400673.8125,434697.125,444298.25,464830.4375,32,36.151292512336134,HI,444298.25,15665.78125,459964.03125,422876.125,64156.625
test_id_test_id_000219_23,test_id_000219,421,communication_heavy,3,2,test_id_000219_t3_c2,big,big_1,0,1.0,0.9,420,443687.6,426248.75,462187.34375,472341.46875,493677.25,32,36.151292512336134,HI,472341.46875,15665.78125,488007.25,443687.59375,67428.5
test_id_test_id_000219_24,test_id_000219,421,communication_heavy,3,3,test_id_000219_t3_c3,little,little_0,0,0.6,0.8,420,693949.94,630538.0,682051.875,697505.875,724404.25,32,36.151292512336134,HI,697505.875,15665.78125,713171.65625,693949.9375,93866.25
test_id_test_id_000219_25,test_id_000219,421,communication_heavy,3,4,test_id_000219_t3_c4,big,big_0,1,1.4,0.98,420,525145.94,445521.46875,483504.3125,494338.3125,516699.125,32,36.151292512336134,HI,494338.3125,15665.78125,510004.09375,525145.9375,71177.65625
test_id_test_id_000219_26,test_id_000219,421,communication_heavy,3,5,test_id_000219_t3_c5,little,little_0,1,0.9,0.86,420,671573.0,577133.625,625552.625,639880.0,666121.75,32,36.151292512336134,HI,639880.0,15665.78125,655545.78125,671573.0,88988.125
test_id_test_id_000219_27,test_id_000219,421,communication_heavy,3,6,test_id_000219_t3_c6,big,big_1,2,1.8,1.06,420,413565.1,348785.59375,378495.875,386878.90625,405346.0,32,36.151292512336134,HI,386878.90625,15665.78125,402544.6875,413565.09375,56560.40625
test_id_test_id_000219_28,test_id_000219,61,random,4,0,test_id_000219_t4_c0,little,little_0,3,1.5,1.0,60,106458.65,114021.1875,129140.71875,133361.3125,143840.0,32,36.151292512336134,HI,133361.3125,15665.78125,149027.09375,106458.6484375,29818.8125
test_id_test_id_000219_29,test_id_000219,61,random,4,1,test_id_000219_t4_c1,big,big_0,0,1.0,0.9,60,107782.76,112714.34375,127966.796875,132316.9375,143029.859375,32,36.151292512336134,HI,132316.9375,15665.78125,147982.71875,107782.7578125,30315.515625
test_id_test_id_000219_30,test_id_000219,61,random,4,2,test_id_000219_t4_c2,little,little_1,0,0.6,0.8,60,291199.47,271744.15625,296211.3125,303147.71875,319122.71875,32,36.151292512336134,HI,303147.71875,15665.78125,318813.5,291199.46875,47378.5625
test_id_test_id_000219_31,test_id_000219,61,random,4,3,test_id_000219_t4_c3,big,big_0,1,1.4,0.98,60,78581.03,92570.0,107185.203125,111200.890625,121295.203125,32,36.151292512336134,HI,111200.890625,15665.78125,126866.671875,78581.03125,28725.203125
test_id_test_id_000219_32,test_id_000219,61,random,4,4,test_id_000219_t4_c4,little,little_0,1,0.9,0.86,60,188796.88,185218.421875,204234.71875,209975.578125,223150.15625,32,36.151292512336134,HI,209975.578125,15665.78125,225641.359375,188796.875,37931.734375
test_id_test_id_000219_33,test_id_000219,61,random,4,5,test_id_000219_t4_c5,big,big_1,2,1.8,1.06,60,62268.79,70528.546875,84391.9375,88255.140625,97785.5,32,36.151292512336134,HI,88255.140625,15665.78125,103920.921875,62268.7890625,27256.953125
test_id_test_id_000219_34,test_id_000219,61,random,4,6,test_id_000219_t4_c6,little,little_1,2,1.2,0.93,60,143321.2,144719.0625,161154.25,165952.140625,177391.53125,32,36.151292512336134,HI,165952.140625,15665.78125,181617.921875,143321.203125,32672.46875
test_id_test_id_000219_35,test_id_000219,336,diverse_fill_1,5,0,test_id_000219_t5_c0,big,big_0,0,1.0,0.9,335,331895.7,349339.4375,379027.375,387407.1875,405852.09375,32,36.151292512336134,HI,387407.1875,15665.78125,403072.96875,331895.6875,56512.65625
test_id_test_id_000219_36,test_id_000219,336,diverse_fill_1,5,1,test_id_000219_t5_c1,little,little_0,0,0.6,0.8,335,489201.0,542818.4375,587012.0,599853.0,623977.5,32,36.151292512336134,HI,599853.0,15665.78125,615518.78125,489201.0,81159.0625
test_id_test_id_000219_37,test_id_000219,336,diverse_fill_1,5,2,test_id_000219_t5_c2,big,big_1,1,1.4,0.98,335,225467.83,263212.53125,286665.21875,293517.28125,308900.1875,32,36.151292512336134,HI,293517.28125,15665.78125,309183.0625,225467.828125,45687.65625
test_id_test_id_000219_38,test_id_000219,336,diverse_fill_1,5,3,test_id_000219_t5_c3,little,little_0,1,0.9,0.86,335,442316.22,470666.53125,510381.15625,521753.0,544717.75,32,36.151292512336134,HI,521753.0,15665.78125,537418.78125,442316.21875,74051.21875
test_id_test_id_000219_39,test_id_000219,336,diverse_fill_1,5,4,test_id_000219_t5_c4,big,big_0,2,1.8,1.06,335,180496.48,227085.65625,248403.078125,254795.984375,269216.96875,32,36.151292512336134,HI,254795.984375,15665.78125,270461.765625,180496.484375,42131.3125
test_id_test_id_000219_40,test_id_000219,336,diverse_fill_1,5,5,test_id_000219_t5_c5,little,little_0,2,1.2,0.93,335,221864.53,293099.1875,318536.0625,325847.84375,342195.375,32,36.151292512336134,HI,325847.84375,15665.78125,341513.625,221864.53125,49096.1875
test_id_test_id_000219_41,test_id_000219,336,diverse_fill_1,5,6,test_id_000219_t5_c6,big,big_1,3,2.2,1.15,335,142137.67,193079.3125,212484.34375,218348.46875,231759.703125,32,36.151292512336134,HI,218348.46875,15665.78125,234014.25,142137.671875,38680.390625
test_id_test_id_000233_00,test_id_000233,2,source_like,0,0,test_id_000233_t0_c0,little,little_0,1,0.9,0.86,1,78184.445,85763.8125,100410.890625,104570.109375,114894.59375,32,36.151292512336134,LO,104570.109375,0.0,104570.109375,78184.4453125,29130.78125
test_id_test_id_000233_01,test_id_000233,2,source_like,0,1,test_id_000233_t0_c1,big,big_1,2,1.8,1.06,1,24603.604,31881.671875,44344.34375,48249.15625,57183.296875,32,36.151292512336134,LO,48249.15625,0.0,48249.15625,24603.603515625,25301.625
test_id_test_id_000233_02,test_id_000233,2,source_like,0,2,test_id_000233_t0_c2,little,little_0,2,1.2,0.93,1,57954.87,67569.078125,81504.703125,85476.203125,95168.71875,32,36.151292512336134,LO,85476.203125,0.0,85476.203125,57954.87109375,27599.640625
test_id_test_id_000233_03,test_id_000233,2,source_like,0,3,test_id_000233_t0_c3,big,big_1,3,2.2,1.15,1,21195.574,28096.25,40551.375,44502.09375,53453.09375,32,36.151292512336134,LO,44502.09375,0.0,44502.09375,21195.57421875,25356.84375
test_id_test_id_000233_04,test_id_000233,2,source_like,0,4,test_id_000233_t0_c4,little,little_1,3,1.5,1.0,1,42607.605,52015.140625,65080.03125,68926.859375,78111.09375,32,36.151292512336134,LO,68926.859375,0.0,68926.859375,42607.60546875,26095.953125
test_id_test_id_000233_05,test_id_000233,2,source_like,0,5,test_id_000233_t0_c5,big,big_0,0,1.0,0.9,1,45656.56,55812.8125,69312.9375,73285.015625,82761.125,32,36.151292512336134,LO,73285.015625,0.0,73285.015625,45656.55859375,26948.3125
test_id_test_id_000233_06,test_id_000233,2,source_like,0,6,test_id_000233_t0_c6,little,little_0,0,0.6,0.8,1,108345.01,118926.796875,134693.78125,139270.953125,150408.15625,32,36.151292512336134,LO,139270.953125,0.0,139270.953125,108345.0078125,31481.359375
test_id_test_id_000233_07,test_id_000233,4,sink_like,1,0,test_id_000233_t1_c0,big,big_1,2,1.8,1.06,3,169236.7,188314.75,207567.953125,213401.296875,226770.34375,32,36.151292512336134,LO,213401.296875,0.0,213401.296875,169236.703125,38455.59375
test_id_test_id_000233_08,test_id_000233,4,sink_like,1,1,test_id_000233_t1_c1,little,little_1,2,1.2,0.93,3,322893.78,291746.8125,317033.5625,324289.8125,340524.375,32,36.151292512336134,LO,324289.8125,0.0,324289.8125,322893.78125,48777.5625
test_id_test_id_000233_09,test_id_000233,4,sink_like,1,2,test_id_000233_t1_c2,big,big_0,3,2.2,1.15,3,154713.2,163291.765625,181095.390625,186359.4375,198713.5,32,36.151292512336134,LO,186359.4375,0.0,186359.4375,154713.203125,35421.734375
test_id_test_id_000233_10,test_id_000233,4,sink_like,1,3,test_id_000233_t1_c3,little,little_1,3,1.5,1.0,3,247653.83,240441.03125,262549.25,269128.6875,283932.34375,32,36.151292512336134,LO,269128.6875,0.0,269128.6875,247653.828125,43491.3125
test_id_test_id_000233_11,test_id_000233,4,sink_like,1,4,test_id_000233_t1_c4,big,big_1,0,1.0,0.9,3,314973.6,281568.1875,306149.125,313222.375,329096.0625,32,36.151292512336134,LO,313222.375,0.0,313222.375,314973.59375,47527.875
test_id_test_id_000233_12,test_id_000233,4,sink_like,1,5,test_id_000233_t1_c5,little,little_0,0,0.6,0.8,3,519492.38,465460.6875,503113.0,513689.96875,535250.375,32,36.151292512336134,LO,513689.96875,0.0,513689.96875,519492.375,69789.6875
test_id_test_id_000233_13,test_id_000233,4,sink_like,1,6,test_id_000233_t1_c6,big,big_1,1,1.4,0.98,3,233772.86,224537.5625,245766.15625,252153.5,266571.9375,32,36.151292512336134,LO,252153.5,0.0,252153.5,233772.859375,42034.375
test_id_test_id_000233_14,test_id_000233,60,middle,2,0,test_id_000233_t2_c0,little,little_1,2,1.2,0.93,59,127734.8,144797.390625,161356.421875,166207.40625,177768.40625,32,36.151292512336134,LO,166207.40625,0.0,166207.40625,127734.796875,32971.015625
test_id_test_id_000233_15,test_id_000233,60,middle,2,1,test_id_000233_t2_c1,big,big_0,3,2.2,1.15,59,66017.26,72682.4375,86688.3125,90611.625,100299.296875,32,36.151292512336134,LO,90611.625,0.0,90611.625,66017.2578125,27616.859375
test_id_test_id_000233_16,test_id_000233,60,middle,2,2,test_id_000233_t2_c2,little,little_1,3,1.5,1.0,59,87648.875,109976.625,125015.40625,129205.046875,139648.03125,32,36.151292512336134,LO,129205.046875,0.0,129205.046875,87648.875,29671.40625
test_id_test_id_000233_17,test_id_000233,60,middle,2,3,test_id_000233_t2_c3,big,big_0,0,1.0,0.9,59,131684.64,145755.15625,162576.3125,167561.484375,179407.15625,32,36.151292512336134,LO,167561.484375,0.0,167561.484375,131684.640625,33652.0
test_id_test_id_000233_18,test_id_000233,60,middle,2,4,test_id_000233_t2_c4,little,little_0,0,0.6,0.8,59,243323.83,252267.96875,275966.0625,282944.84375,298859.5625,32,36.151292512336134,LO,282944.84375,0.0,282944.84375,243323.828125,46591.59375
test_id_test_id_000233_19,test_id_000233,60,middle,2,5,test_id_000233_t2_c5,big,big_1,1,1.4,0.98,59,92550.14,100115.921875,115035.03125,119204.109375,129622.546875,32,36.151292512336134,LO,119204.109375,0.0,119204.109375,92550.140625,29506.625
test_id_test_id_000233_20,test_id_000233,60,middle,2,6,test_id_000233_t2_c6,little,little_1,1,0.9,0.86,59,180721.42,194608.734375,214155.796875,220058.71875,233569.625,32,36.151292512336134,LO,220058.71875,0.0,220058.71875,180721.421875,38960.890625
test_id_test_id_000233_21,test_id_000233,68,high_degree,3,0,test_id_000233_t3_c0,big,big_1,3,2.2,1.15,67,111255.47,135116.6875,151202.15625,155759.03125,166843.71875,32,36.151292512336134,LO,155759.03125,0.0,155759.03125,111255.46875,31727.03125
test_id_test_id_000233_22,test_id_000233,68,high_degree,3,1,test_id_000233_t3_c1,little,little_0,3,1.5,1.0,67,185216.03,208773.609375,229045.25,235167.5,249057.171875,32,36.151292512336134,LO,235167.5,0.0,235167.5,185216.03125,40283.5625
test_id_test_id_000233_23,test_id_000233,68,high_degree,3,2,test_id_000233_t3_c2,big,big_1,0,1.0,0.9,67,270868.5,245664.609375,267904.09375,274435.375,289177.6875,32,36.151292512336134,LO,274435.375,0.0,274435.375,270868.5,43513.078125
test_id_test_id_000233_24,test_id_000233,68,high_degree,3,3,test_id_000233_t3_c3,little,little_1,0,0.6,0.8,67,421271.72,415216.5625,449226.53125,458758.46875,479012.75,32,36.151292512336134,LO,458758.46875,0.0,458758.46875,421271.71875,63796.1875
test_id_test_id_000233_25,test_id_000233,68,high_degree,3,4,test_id_000233_t3_c4,big,big_0,1,1.4,0.98,67,198451.6,207120.75,227265.25,233345.4375,247152.796875,32,36.151292512336134,LO,233345.4375,0.0,233345.4375,198451.59375,40032.046875
test_id_test_id_000233_26,test_id_000233,68,high_degree,3,5,test_id_000233_t3_c5,little,little_0,1,0.9,0.86,67,328015.88,303823.25,329892.40625,337322.8125,353927.875,32,36.151292512336134,LO,337322.8125,0.0,337322.8125,328015.875,50104.625
test_id_test_id_000233_27,test_id_000233,68,high_degree,3,6,test_id_000233_t3_c6,big,big_0,2,1.8,1.06,67,138364.9,161707.875,179226.65625,184389.21875,196519.46875,32,36.151292512336134,LO,184389.21875,0.0,184389.21875,138364.90625,34811.59375
test_id_test_id_000233_28,test_id_000233,85,communication_heavy,4,0,test_id_000233_t4_c0,little,little_1,3,1.5,1.0,84,328793.28,313608.9375,340558.75,348241.4375,365356.3125,32,36.151292512336134,LO,348241.4375,0.0,348241.4375,328793.28125,51747.375
test_id_test_id_000233_29,test_id_000233,85,communication_heavy,4,1,test_id_000233_t4_c1,big,big_0,0,1.0,0.9,84,460184.66,407027.5,441537.9375,451281.4375,472025.0,32,36.151292512336134,LO,451281.4375,0.0,451281.4375,460184.65625,64997.5
test_id_test_id_000233_30,test_id_000233,85,communication_heavy,4,2,test_id_000233_t4_c2,little,little_1,0,0.6,0.8,84,580100.6,551617.9375,596305.625,609275.5625,633521.25,32,36.151292512336134,LO,609275.5625,0.0,609275.5625,580100.625,81903.3125
test_id_test_id_000233_31,test_id_000233,85,communication_heavy,4,3,test_id_000233_t4_c3,big,big_1,1,1.4,0.98,84,369638.0,329044.3125,357211.875,365193.28125,382893.46875,32,36.151292512336134,LO,365193.28125,0.0,365193.28125,369638.0,53849.15625
test_id_test_id_000233_32,test_id_000233,85,communication_heavy,4,4,test_id_000233_t4_c4,little,little_0,1,0.9,0.86,84,550295.3,486151.125,526811.75,538450.75,561673.25,32,36.151292512336134,LO,538450.75,0.0,538450.75,550295.3125,75522.125
test_id_test_id_000233_33,test_id_000233,85,communication_heavy,4,5,test_id_000233_t4_c5,big,big_0,2,1.8,1.06,84,259350.83,248764.171875,271418.375,278134.28125,293228.96875,32,36.151292512336134,LO,278134.28125,0.0,278134.28125,259350.828125,44464.796875
test_id_test_id_000233_34,test_id_000233,85,communication_heavy,4,6,test_id_000233_t4_c6,little,little_1,2,1.2,0.93,84,427471.8,388365.4375,421215.0625,430463.03125,450415.5625,32,36.151292512336134,LO,430463.03125,0.0,430463.03125,427471.8125,62050.125
test_id_test_id_000233_35,test_id_000233,28,random,5,0,test_id_000233_t5_c0,big,big_1,0,1.0,0.9,27,131930.08,140870.171875,157463.15625,162381.546875,174083.625,32,36.151292512336134,LO,162381.546875,0.0,162381.546875,131930.078125,33213.453125
test_id_test_id_000233_36,test_id_000233,28,random,5,1,test_id_000233_t5_c1,little,little_0,0,0.6,0.8,27,342463.47,280961.875,305934.125,313054.34375,329351.375,32,36.151292512336134,LO,313054.34375,0.0,313054.34375,342463.46875,48389.5
test_id_test_id_000233_37,test_id_000233,28,random,5,2,test_id_000233_t5_c2,big,big_1,1,1.4,0.98,27,105622.766,111143.84375,126271.59375,130475.328125,140956.875,32,36.151292512336134,LO,130475.328125,0.0,130475.328125,105622.765625,29813.03125
test_id_test_id_000233_38,test_id_000233,28,random,5,3,test_id_000233_t5_c3,little,little_1,1,0.9,0.86,27,233619.55,231066.6875,252513.4375,258827.796875,273174.75,32,36.151292512336134,LO,258827.796875,0.0,258827.796875,233619.546875,42108.0625
test_id_test_id_000233_39,test_id_000233,28,random,5,4,test_id_000233_t5_c4,big,big_0,2,1.8,1.06,27,81326.76,91046.78125,105670.578125,109667.953125,119724.234375,32,36.151292512336134,LO,109667.953125,0.0,109667.953125,81326.7578125,28677.453125
test_id_test_id_000233_40,test_id_000233,28,random,5,5,test_id_000233_t5_c5,little,little_1,2,1.2,0.93,27,188728.62,176753.5625,195003.4375,200480.9375,213139.03125,32,36.151292512336134,LO,200480.9375,0.0,200480.9375,188728.625,36385.46875
test_id_test_id_000233_41,test_id_000233,28,random,5,6,test_id_000233_t5_c6,big,big_0,3,2.2,1.15,27,66252.664,70604.890625,84476.5625,88346.234375,97900.3125,32,36.151292512336134,LO,88346.234375,0.0,88346.234375,66252.6640625,27295.421875
test_id_test_id_000241_00,test_id_000241,19,source_like,0,0,test_id_000241_t0_c0,little,little_1,1,0.9,0.86,18,207198.47,199476.3125,219275.5625,225246.53125,238857.890625,32,36.151292512336134,HI,225246.53125,15665.78125,240912.3125,207198.46875,39381.578125
test_id_test_id_000241_01,test_id_000241,19,source_like,0,1,test_id_000241_t0_c1,big,big_1,2,1.8,1.06,18,70092.336,84559.3125,98982.84375,102937.328125,112849.0625,32,36.151292512336134,HI,102937.328125,15665.78125,118603.109375,70092.3359375,28289.75
test_id_test_id_000241_02,test_id_000241,19,source_like,0,2,test_id_000241_t0_c2,little,little_1,2,1.2,0.93,18,149538.62,155216.34375,172338.40625,177438.15625,189402.390625,32,36.151292512336134,HI,177438.15625,15665.78125,193103.9375,149538.625,34186.046875
test_id_test_id_000241_03,test_id_000241,19,source_like,0,3,test_id_000241_t0_c3,big,big_0,3,2.2,1.15,18,54407.742,65392.84375,79049.21875,82897.703125,92321.421875,32,36.151292512336134,HI,82897.703125,15665.78125,98563.484375,54407.7421875,26928.578125
test_id_test_id_000241_04,test_id_000241,19,source_like,0,4,test_id_000241_t0_c4,little,little_1,3,1.5,1.0,18,123333.14,134522.734375,150398.125,154931.9375,165927.125,32,36.151292512336134,HI,154931.9375,15665.78125,170597.71875,123333.140625,31404.390625
test_id_test_id_000241_05,test_id_000241,19,source_like,0,5,test_id_000241_t0_c5,big,big_0,0,1.0,0.9,18,109539.15,126653.21875,142544.28125,147184.625,158389.6875,32,36.151292512336134,HI,147184.625,15665.78125,162850.40625,109539.1484375,31736.46875
test_id_test_id_000241_06,test_id_000241,19,source_like,0,6,test_id_000241_t0_c6,little,little_0,0,0.6,0.8,18,291733.8,269697.53125,294167.96875,301194.0,317286.71875,32,36.151292512336134,HI,301194.0,15665.78125,316859.78125,291733.8125,47589.1875
test_id_test_id_000241_07,test_id_000241,439,sink_like,1,0,test_id_000241_t1_c0,big,big_1,2,1.8,1.06,438,142247.95,172426.65625,190575.921875,195993.125,208572.375,32,36.151292512336134,HI,195993.125,15665.78125,211658.90625,142247.953125,36145.71875
test_id_test_id_000241_08,test_id_000241,439,sink_like,1,1,test_id_000241_t1_c1,little,little_0,2,1.2,0.93,438,192191.28,233191.78125,254756.5,261169.265625,275633.09375,32,36.151292512336134,HI,261169.265625,15665.78125,276835.046875,192191.28125,42441.3125
test_id_test_id_000241_09,test_id_000241,439,sink_like,1,2,test_id_000241_t1_c2,big,big_0,3,2.2,1.15,438,140106.75,161625.546875,179165.15625,184322.046875,196450.515625,32,36.151292512336134,HI,184322.046875,15665.78125,199987.828125,140106.75,34824.96875
test_id_test_id_000241_10,test_id_000241,439,sink_like,1,3,test_id_000241_t1_c3,little,little_1,3,1.5,1.0,438,210521.62,232236.625,253747.40625,260148.140625,274584.125,32,36.151292512336134,HI,260148.140625,15665.78125,275813.921875,210521.625,42347.5
test_id_test_id_000241_11,test_id_000241,439,sink_like,1,4,test_id_000241_t1_c4,big,big_1,0,1.0,0.9,438,234715.39,254032.765625,276791.96875,283445.125,298434.3125,32,36.151292512336134,HI,283445.125,15665.78125,299110.90625,234715.390625,44401.546875
test_id_test_id_000241_12,test_id_000241,439,sink_like,1,5,test_id_000241_t1_c5,little,little_0,0,0.6,0.8,438,382694.06,422963.125,457613.125,467337.5625,487866.5,32,36.151292512336134,HI,467337.5625,15665.78125,483003.34375,382694.0625,64903.375
test_id_test_id_000241_13,test_id_000241,439,sink_like,1,6,test_id_000241_t1_c6,big,big_1,1,1.4,0.98,438,175730.44,201638.59375,221464.21875,227459.96875,241095.671875,32,36.151292512336134,HI,227459.96875,15665.78125,243125.75,175730.4375,39457.078125
test_id_test_id_000241_14,test_id_000241,186,middle,2,0,test_id_000241_t2_c0,little,little_1,2,1.2,0.93,185,314438.0,324177.9375,351905.09375,359780.25,377258.0625,32,36.151292512336134,HI,359780.25,15665.78125,375446.03125,314438.0,53080.125
test_id_test_id_000241_15,test_id_000241,186,middle,2,1,test_id_000241_t2_c1,big,big_1,3,2.2,1.15,185,140706.17,168307.640625,186256.28125,191580.90625,204012.1875,32,36.151292512336134,HI,191580.90625,15665.78125,207246.6875,140706.171875,35704.546875
test_id_test_id_000241_16,test_id_000241,186,middle,2,2,test_id_000241_t2_c2,little,little_1,3,1.5,1.0,185,223374.1,248258.890625,270791.03125,277450.34375,292419.1875,32,36.151292512336134,HI,277450.34375,15665.78125,293116.125,223374.09375,44160.296875
test_id_test_id_000241_17,test_id_000241,186,middle,2,3,test_id_000241_t2_c3,big,big_1,0,1.0,0.9,185,297904.66,267531.34375,291215.875,298097.03125,313565.21875,32,36.151292512336134,HI,298097.03125,15665.78125,313762.8125,297904.65625,46033.875
test_id_test_id_000241_18,test_id_000241,186,middle,2,4,test_id_000241_t2_c4,little,little_1,0,0.6,0.8,185,402313.12,439545.1875,475313.0,485320.8125,506178.5,32,36.151292512336134,HI,485320.8125,15665.78125,500986.59375,402313.125,66633.3125
test_id_test_id_000241_19,test_id_000241,186,middle,2,5,test_id_000241_t2_c5,big,big_1,1,1.4,0.98,185,170008.69,208786.4375,229115.4375,235275.5,249234.46875,32,36.151292512336134,HI,235275.5,15665.78125,250941.28125,170008.6875,40448.03125
test_id_test_id_000241_20,test_id_000241,186,middle,2,6,test_id_000241_t2_c6,little,little_1,1,0.9,0.86,185,422658.7,386844.15625,419437.4375,428610.0625,448405.9375,32,36.151292512336134,HI,428610.0625,15665.78125,444275.84375,422658.6875,61561.78125
test_id_test_id_000241_21,test_id_000241,280,high_degree,3,0,test_id_000241_t3_c0,big,big_0,3,2.2,1.15,279,252749.14,256141.21875,279196.1875,285988.75,301249.75,32,36.151292512336134,HI,285988.75,15665.78125,301654.53125,252749.140625,45108.53125
test_id_test_id_000241_22,test_id_000241,280,high_degree,3,1,test_id_000241_t3_c1,little,little_1,3,1.5,1.0,279,441944.56,415391.875,450771.9375,460795.5625,481986.25,32,36.151292512336134,HI,460795.5625,15665.78125,476461.34375,441944.5625,66594.375
test_id_test_id_000241_23,test_id_000241,280,high_degree,3,2,test_id_000241_t3_c2,big,big_0,0,1.0,0.9,279,500664.1,467290.625,506797.96875,518095.75,540999.25,32,36.151292512336134,HI,518095.75,15665.78125,533761.53125,500664.09375,73708.625
test_id_test_id_000241_24,test_id_000241,280,high_degree,3,3,test_id_000241_t3_c3,little,little_0,0,0.6,0.8,279,878132.9,700476.0,758640.8125,776311.0,806315.75,32,36.151292512336134,HI,776311.0,15665.78125,791976.78125,878132.875,105839.75
test_id_test_id_000241_25,test_id_000241,280,high_degree,3,4,test_id_000241_t3_c4,big,big_0,1,1.4,0.98,279,299310.16,314011.84375,340949.0625,348617.3125,365705.4375,32,36.151292512336134,HI,348617.3125,15665.78125,364283.09375,299310.15625,51693.59375
test_id_test_id_000241_26,test_id_000241,280,high_degree,3,5,test_id_000241_t3_c5,little,little_0,1,0.9,0.86,279,741897.75,602291.3125,653050.0,668185.375,695426.25,32,36.151292512336134,HI,668185.375,15665.78125,683851.15625,741897.75,93134.9375
test_id_test_id_000241_27,test_id_000241,280,high_degree,3,6,test_id_000241_t3_c6,big,big_1,2,1.8,1.06,279,292516.44,299056.25,324943.1875,332365.625,348948.75,32,36.151292512336134,HI,332365.625,15665.78125,348031.40625,292516.4375,49892.5
test_id_test_id_000241_28,test_id_000241,377,communication_heavy,4,0,test_id_000241_t4_c0,little,little_1,3,1.5,1.0,376,448009.0,415322.875,450639.96875,460633.3125,481775.625,32,36.151292512336134,HI,460633.3125,15665.78125,476299.09375,448009.0,66452.75
test_id_test_id_000241_29,test_id_000241,377,communication_heavy,4,1,test_id_000241_t4_c1,big,big_0,0,1.0,0.9,376,438930.88,447228.3125,484929.125,495632.4375,517732.84375,32,36.151292512336134,HI,495632.4375,15665.78125,511298.21875,438930.875,70504.53125
test_id_test_id_000241_30,test_id_000241,377,communication_heavy,4,2,test_id_000241_t4_c2,little,little_1,0,0.6,0.8,376,939589.44,725416.875,786178.0,804623.4375,836045.0,32,36.151292512336134,HI,804623.4375,15665.78125,820289.21875,939589.4375,110628.125
test_id_test_id_000241_31,test_id_000241,377,communication_heavy,4,3,test_id_000241_t4_c3,big,big_1,1,1.4,0.98,376,448429.56,412051.0625,447051.34375,456941.0,477924.75,32,36.151292512336134,HI,456941.0,15665.78125,472606.78125,448429.5625,65873.6875
test_id_test_id_000241_32,test_id_000241,377,communication_heavy,4,4,test_id_000241_t4_c4,little,little_1,1,0.9,0.86,376,693654.44,624822.6875,677680.5625,693538.125,721702.875,32,36.151292512336134,HI,693538.125,15665.78125,709203.90625,693654.4375,96880.1875
test_id_test_id_000241_33,test_id_000241,377,communication_heavy,4,5,test_id_000241_t4_c5,big,big_0,2,1.8,1.06,376,413369.97,377408.1875,409580.78125,418653.125,438340.71875,32,36.151292512336134,HI,418653.125,15665.78125,434318.90625,413369.96875,60932.53125
test_id_test_id_000241_34,test_id_000241,377,communication_heavy,4,6,test_id_000241_t4_c6,little,little_1,2,1.2,0.93,376,488505.3,452190.875,490429.3125,501315.1875,523684.1875,32,36.151292512336134,HI,501315.1875,15665.78125,516980.96875,488505.3125,71493.3125
test_id_test_id_000241_35,test_id_000241,308,random,5,0,test_id_000241_t5_c0,big,big_0,0,1.0,0.9,307,185519.78,205762.78125,225902.34375,232021.28125,245898.59375,32,36.151292512336134,HI,232021.28125,15665.78125,247687.0625,185519.78125,40135.8125
test_id_test_id_000241_36,test_id_000241,308,random,5,1,test_id_000241_t5_c1,little,little_1,0,0.6,0.8,307,394544.38,408264.21875,441593.4375,450892.6875,470803.1875,32,36.151292512336134,HI,450892.6875,15665.78125,466558.46875,394544.375,62538.96875
test_id_test_id_000241_37,test_id_000241,308,random,5,2,test_id_000241_t5_c2,big,big_1,1,1.4,0.98,307,133023.1,170344.203125,188424.875,193841.109375,206416.9375,32,36.151292512336134,HI,193841.109375,15665.78125,209506.890625,133023.09375,36072.734375
test_id_test_id_000241_38,test_id_000241,308,random,5,3,test_id_000241_t5_c3,little,little_0,1,0.9,0.86,307,317932.28,305803.78125,332018.8125,339481.4375,356157.625,32,36.151292512336134,HI,339481.4375,15665.78125,355147.21875,317932.28125,50353.84375
test_id_test_id_000241_39,test_id_000241,308,random,5,4,test_id_000241_t5_c4,big,big_0,2,1.8,1.06,307,110408.62,143727.609375,160230.703125,164982.125,176390.0625,32,36.151292512336134,HI,164982.125,15665.78125,180647.90625,110408.6171875,32662.453125
test_id_test_id_000241_40,test_id_000241,308,random,5,5,test_id_000241_t5_c5,little,little_1,2,1.2,0.93,307,220901.95,243225.859375,265367.71875,271899.3125,286624.90625,32,36.151292512336134,HI,271899.3125,15665.78125,287565.09375,220901.953125,43399.046875
test_id_test_id_000241_41,test_id_000241,308,random,5,6,test_id_000241_t5_c6,big,big_1,3,2.2,1.15,307,99072.195,126300.546875,141994.109375,146387.96875,157198.203125,32,36.151292512336134,HI,146387.96875,15665.78125,162053.75,99072.1953125,30897.65625
test_id_test_id_000254_00,test_id_000254,49,source_like,0,0,test_id_000254_t0_c0,big,big_0,1,1.4,0.98,48,66635.336,73990.84375,88118.640625,92053.9375,101777.046875,32,36.151292512336134,LO,92053.9375,0.0,92053.9375,66635.3359375,27786.203125
test_id_test_id_000254_01,test_id_000254,49,source_like,0,1,test_id_000254_t0_c1,little,little_0,1,0.9,0.86,48,148489.19,145080.796875,161863.1875,166818.703125,178574.5,32,36.151292512336134,LO,166818.703125,0.0,166818.703125,148489.1875,33493.703125
test_id_test_id_000254_02,test_id_000254,49,source_like,0,2,test_id_000254_t0_c2,big,big_1,2,1.8,1.06,48,51152.668,56335.34375,69586.046875,73406.25,82602.65625,32,36.151292512336134,LO,73406.25,0.0,73406.25,51152.66796875,26267.3125
test_id_test_id_000254_03,test_id_000254,49,source_like,0,3,test_id_000254_t0_c3,little,little_0,2,1.2,0.93,48,109715.7,107860.125,122863.140625,127088.890625,137579.53125,32,36.151292512336134,LO,127088.890625,0.0,127088.890625,109715.703125,29719.40625
test_id_test_id_000254_04,test_id_000254,49,source_like,0,4,test_id_000254_t0_c4,big,big_0,3,2.2,1.15,48,43814.81,50544.046875,63532.34375,67322.8125,76354.484375,32,36.151292512336134,LO,67322.8125,0.0,67322.8125,43814.80859375,25810.4375
test_id_test_id_000254_05,test_id_000254,49,source_like,0,5,test_id_000254_t0_c5,little,little_1,3,1.5,1.0,48,86809.62,88549.546875,103050.296875,107055.3125,117092.703125,32,36.151292512336134,LO,107055.3125,0.0,107055.3125,86809.6171875,28543.15625
test_id_test_id_000254_06,test_id_000254,49,source_like,0,6,test_id_000254_t0_c6,big,big_1,0,1.0,0.9,48,95178.25,89800.25,104424.953125,108533.3125,118781.421875,32,36.151292512336134,LO,108533.3125,0.0,108533.3125,95178.25,28981.171875
test_id_test_id_000254_07,test_id_000254,273,sink_like,1,0,test_id_000254_t1_c0,little,little_0,1,0.9,0.86,272,417192.7,385427.5625,417887.40625,427024.34375,446756.4375,32,36.151292512336134,LO,427024.34375,0.0,427024.34375,417192.6875,61328.875
test_id_test_id_000254_08,test_id_000254,273,sink_like,1,1,test_id_000254_t1_c1,big,big_0,2,1.8,1.06,272,168742.05,201252.6875,221128.859375,227147.125,240840.5625,32,36.151292512336134,LO,227147.125,0.0,227147.125,168742.046875,39587.875
test_id_test_id_000254_09,test_id_000254,273,sink_like,1,2,test_id_000254_t1_c2,little,little_1,2,1.2,0.93,272,267530.94,275936.625,300185.34375,307209.90625,322960.21875,32,36.151292512336134,LO,307209.90625,0.0,307209.90625,267530.9375,47023.59375
test_id_test_id_000254_10,test_id_000254,273,sink_like,1,3,test_id_000254_t1_c3,big,big_0,3,2.2,1.15,272,127448.19,162724.234375,180382.296875,185588.5625,197814.609375,32,36.151292512336134,LO,185588.5625,0.0,185588.5625,127448.1875,35090.375
test_id_test_id_000254_11,test_id_000254,273,sink_like,1,4,test_id_000254_t1_c4,little,little_0,3,1.5,1.0,272,244019.58,261076.75,284378.75,291200.40625,306511.6875,32,36.151292512336134,LO,291200.40625,0.0,291200.40625,244019.578125,45434.9375
test_id_test_id_000254_12,test_id_000254,273,sink_like,1,5,test_id_000254_t1_c5,big,big_0,0,1.0,0.9,272,218136.9,232835.3125,254465.796875,260920.703125,275483.03125,32,36.151292512336134,LO,260920.703125,0.0,260920.703125,218136.90625,42647.71875
test_id_test_id_000254_13,test_id_000254,273,sink_like,1,6,test_id_000254_t1_c6,little,little_0,0,0.6,0.8,272,429121.94,454368.3125,491270.78125,501631.625,522948.125,32,36.151292512336134,LO,501631.625,0.0,501631.625,429121.9375,68579.8125
test_id_test_id_000254_14,test_id_000254,166,middle,2,0,test_id_000254_t2_c0,big,big_1,2,1.8,1.06,165,224800.94,234602.578125,256452.015625,263002.53125,277750.03125,32,36.151292512336134,LO,263002.53125,0.0,263002.53125,224800.9375,43147.453125
test_id_test_id_000254_15,test_id_000254,166,middle,2,1,test_id_000254_t2_c1,little,little_0,2,1.2,0.93,165,392271.4,382349.03125,414685.5625,423785.8125,443493.0,32,36.151292512336134,LO,423785.8125,0.0,423785.8125,392271.40625,61143.96875
test_id_test_id_000254_16,test_id_000254,166,middle,2,2,test_id_000254_t2_c2,big,big_0,3,2.2,1.15,165,187357.28,217536.796875,238457.734375,244799.234375,259138.3125,32,36.151292512336134,LO,244799.234375,0.0,244799.234375,187357.28125,41601.515625
test_id_test_id_000254_17,test_id_000254,166,middle,2,3,test_id_000254_t2_c3,little,little_0,3,1.5,1.0,165,297354.53,294287.5,319853.3125,327206.25,343646.4375,32,36.151292512336134,LO,327206.25,0.0,327206.25,297354.53125,49358.9375
test_id_test_id_000254_18,test_id_000254,166,middle,2,4,test_id_000254_t2_c4,big,big_1,0,1.0,0.9,165,327404.97,349211.9375,378802.625,387130.90625,405486.3125,32,36.151292512336134,LO,387130.90625,0.0,387130.90625,327404.96875,56274.375
test_id_test_id_000254_19,test_id_000254,166,middle,2,5,test_id_000254_t2_c5,little,little_0,0,0.6,0.8,165,776783.75,648023.5,700999.5625,716943.3125,744393.625,32,36.151292512336134,LO,716943.3125,0.0,716943.3125,776783.75,96370.125
test_id_test_id_000254_20,test_id_000254,166,middle,2,6,test_id_000254_t2_c6,big,big_0,1,1.4,0.98,165,257179.14,266403.40625,290111.5625,297038.59375,312583.0625,32,36.151292512336134,LO,297038.59375,0.0,297038.59375,257179.140625,46179.65625
test_id_test_id_000254_21,test_id_000254,178,communication_heavy,3,0,test_id_000254_t3_c0,little,little_1,2,1.2,0.93,177,300150.2,340881.3125,369857.25,378040.4375,396119.84375,32,36.151292512336134,LO,378040.4375,0.0,378040.4375,300150.1875,55238.53125
test_id_test_id_000254_22,test_id_000254,178,communication_heavy,3,1,test_id_000254_t3_c1,big,big_0,3,2.2,1.15,177,137754.44,180849.859375,199608.34375,205254.84375,218275.75,32,36.151292512336134,LO,205254.84375,0.0,205254.84375,137754.4375,37425.890625
test_id_test_id_000254_23,test_id_000254,178,communication_heavy,3,2,test_id_000254_t3_c2,little,little_0,3,1.5,1.0,177,303470.38,316034.15625,343187.65625,350922.03125,368129.59375,32,36.151292512336134,LO,350922.03125,0.0,350922.03125,303470.375,52095.4375
test_id_test_id_000254_24,test_id_000254,178,communication_heavy,3,3,test_id_000254_t3_c3,big,big_0,0,1.0,0.9,177,311418.0,325354.3125,353119.59375,360983.25,378453.59375,32,36.151292512336134,LO,360983.25,0.0,360983.25,311418.0,53099.28125
test_id_test_id_000254_25,test_id_000254,178,communication_heavy,3,4,test_id_000254_t3_c4,little,little_0,0,0.6,0.8,177,530413.0,567429.0625,613579.5,627098.6875,651918.25,32,36.151292512336134,LO,627098.6875,0.0,627098.6875,530413.0,84489.1875
test_id_test_id_000254_26,test_id_000254,178,communication_heavy,3,5,test_id_000254_t3_c5,big,big_0,1,1.4,0.98,177,278011.12,280457.03125,305073.4375,312191.3125,328138.75,32,36.151292512336134,LO,312191.3125,0.0,312191.3125,278011.125,47681.71875
test_id_test_id_000254_27,test_id_000254,178,communication_heavy,3,6,test_id_000254_t3_c6,little,little_1,1,0.9,0.86,177,388636.28,418251.0625,453197.875,463016.25,483809.09375,32,36.151292512336134,LO,463016.25,0.0,463016.25,388636.28125,65558.03125
test_id_test_id_000254_28,test_id_000254,243,random,4,0,test_id_000254_t4_c0,big,big_0,3,2.2,1.15,242,72088.266,83940.09375,98371.59375,102324.71875,112229.890625,32,36.151292512336134,LO,102324.71875,0.0,102324.71875,72088.265625,28289.796875
test_id_test_id_000254_29,test_id_000254,243,random,4,1,test_id_000254_t4_c1,little,little_0,3,1.5,1.0,242,141542.73,150998.5625,167754.65625,172634.75,184236.125,32,36.151292512336134,LO,172634.75,0.0,172634.75,141542.734375,33237.5625
test_id_test_id_000254_30,test_id_000254,243,random,4,2,test_id_000254_t4_c2,big,big_1,0,1.0,0.9,242,142982.27,153529.84375,170726.09375,175873.15625,187968.4375,32,36.151292512336134,LO,175873.15625,0.0,175873.15625,142982.265625,34438.59375
test_id_test_id_000254_31,test_id_000254,243,random,4,3,test_id_000254_t4_c3,little,little_0,0,0.6,0.8,242,331384.94,301397.9375,327246.8125,334404.34375,350868.90625,32,36.151292512336134,LO,334404.34375,0.0,334404.34375,331384.9375,49470.96875
test_id_test_id_000254_32,test_id_000254,243,random,4,4,test_id_000254_t4_c4,big,big_0,1,1.4,0.98,242,99559.27,112460.8125,127659.5,131909.703125,142470.984375,32,36.151292512336134,LO,131909.703125,0.0,131909.703125,99559.2734375,30010.171875
test_id_test_id_000254_33,test_id_000254,243,random,4,5,test_id_000254_t4_c5,little,little_0,1,0.9,0.86,242,228325.92,203671.53125,223690.296875,229759.90625,243554.09375,32,36.151292512336134,LO,229759.90625,0.0,229759.90625,228325.921875,39882.5625
test_id_test_id_000254_34,test_id_000254,243,random,4,6,test_id_000254_t4_c6,big,big_1,2,1.8,1.06,242,86415.83,95030.4375,109741.875,113771.734375,123913.4375,32,36.151292512336134,LO,113771.734375,0.0,113771.734375,86415.828125,28883.0
test_id_test_id_000254_35,test_id_000254,101,diverse_fill_1,5,0,test_id_000254_t5_c0,little,little_0,3,1.5,1.0,100,188653.64,195843.4375,215271.734375,221122.046875,234486.453125,32,36.151292512336134,LO,221122.046875,0.0,221122.046875,188653.640625,38643.015625
test_id_test_id_000254_36,test_id_000254,101,diverse_fill_1,5,1,test_id_000254_t5_c1,big,big_0,0,1.0,0.9,100,179339.4,192980.234375,212484.71875,218457.703125,232051.78125,32,36.151292512336134,LO,218457.703125,0.0,218457.703125,179339.40625,39071.546875
test_id_test_id_000254_37,test_id_000254,101,diverse_fill_1,5,2,test_id_000254_t5_c2,little,little_1,0,0.6,0.8,100,431445.3,383640.59375,414891.3125,423501.40625,442350.96875,32,36.151292512336134,LO,423501.40625,0.0,423501.40625,431445.3125,58710.375
test_id_test_id_000254_38,test_id_000254,101,diverse_fill_1,5,3,test_id_000254_t5_c3,big,big_0,1,1.4,0.98,100,129823.766,161087.484375,178617.34375,183817.0,196006.21875,32,36.151292512336134,LO,183817.0,0.0,183817.0,129823.765625,34918.734375
test_id_test_id_000254_39,test_id_000254,101,diverse_fill_1,5,4,test_id_000254_t5_c4,little,little_0,1,0.9,0.86,100,271525.34,235692.59375,257262.015625,263635.46875,278044.3125,32,36.151292512336134,LO,263635.46875,0.0,263635.46875,271525.34375,42351.71875
test_id_test_id_000254_40,test_id_000254,101,diverse_fill_1,5,5,test_id_000254_t5_c5,big,big_0,2,1.8,1.06,100,108969.84,128694.765625,144488.21875,148946.984375,159860.71875,32,36.151292512336134,LO,148946.984375,0.0,148946.984375,108969.84375,31165.953125
test_id_test_id_000254_41,test_id_000254,101,diverse_fill_1,5,6,test_id_000254_t5_c6,little,little_0,2,1.2,0.93,100,201561.28,204785.78125,224798.59375,230862.515625,244621.890625,32,36.151292512336134,LO,230862.515625,0.0,230862.515625,201561.28125,39836.109375
test_id_test_id_000341_00,test_id_000341,91,source_like,0,0,test_id_000341_t0_c0,big,big_1,2,1.8,1.06,90,76337.8,78572.0,92747.0625,96679.90625,106474.40625,32,36.151292512336134,HI,96679.90625,15665.78125,112345.6875,76337.796875,27902.40625
test_id_test_id_000341_01,test_id_000341,91,source_like,0,1,test_id_000341_t0_c1,little,little_0,2,1.2,0.93,90,156344.28,156271.0,173422.1875,178526.328125,190495.953125,32,36.151292512336134,HI,178526.328125,15665.78125,194192.109375,156344.28125,34224.953125
test_id_test_id_000341_02,test_id_000341,91,source_like,0,2,test_id_000341_t0_c2,big,big_1,3,2.2,1.15,90,57114.4,62549.53125,76065.0625,79899.671875,89248.46875,32,36.151292512336134,HI,79899.671875,15665.78125,95565.453125,57114.3984375,26698.9375
test_id_test_id_000341_03,test_id_000341,91,source_like,0,3,test_id_000341_t0_c3,little,little_0,3,1.5,1.0,90,130506.555,133240.84375,149082.25,153606.75,164587.0,32,36.151292512336134,HI,153606.75,15665.78125,169272.53125,130506.5546875,31346.15625
test_id_test_id_000341_04,test_id_000341,91,source_like,0,4,test_id_000341_t0_c4,big,big_1,0,1.0,0.9,90,128182.18,138921.0625,155178.6875,159929.0625,171303.125,32,36.151292512336134,HI,159929.0625,15665.78125,175594.84375,128182.1796875,32382.0625
test_id_test_id_000341_05,test_id_000341,91,source_like,0,5,test_id_000341_t0_c5,little,little_0,0,0.6,0.8,90,314290.25,293397.84375,318788.65625,325784.25,341961.9375,32,36.151292512336134,HI,325784.25,15665.78125,341450.03125,314290.25,48564.09375
test_id_test_id_000341_06,test_id_000341,91,source_like,0,6,test_id_000341_t0_c6,big,big_0,1,1.4,0.98,90,89436.57,102452.0625,117286.53125,121404.4375,131713.890625,32,36.151292512336134,HI,121404.4375,15665.78125,137070.21875,89436.5703125,29261.828125
test_id_test_id_000341_07,test_id_000341,269,sink_like,1,0,test_id_000341_t1_c0,little,little_0,2,1.2,0.93,268,279191.06,331409.625,359665.53125,367668.5625,385401.5625,32,36.151292512336134,HI,367668.5625,15665.78125,383334.34375,279191.0625,53991.9375
test_id_test_id_000341_08,test_id_000341,269,sink_like,1,1,test_id_000341_t1_c1,big,big_0,3,2.2,1.15,268,153294.95,191606.65625,210982.59375,216847.046875,230265.171875,32,36.151292512336134,HI,216847.046875,15665.78125,232512.828125,153294.953125,38658.515625
test_id_test_id_000341_09,test_id_000341,269,sink_like,1,2,test_id_000341_t1_c2,little,little_1,3,1.5,1.0,268,214187.22,268835.59375,292672.84375,299629.0625,315223.4375,32,36.151292512336134,HI,299629.0625,15665.78125,315294.84375,214187.21875,46387.84375
test_id_test_id_000341_10,test_id_000341,269,sink_like,1,3,test_id_000341_t1_c3,big,big_1,0,1.0,0.9,268,230938.84,281954.8125,306624.75,313741.09375,329699.46875,32,36.151292512336134,HI,313741.09375,15665.78125,329406.875,230938.84375,47744.65625
test_id_test_id_000341_11,test_id_000341,269,sink_like,1,4,test_id_000341_t1_c4,little,little_0,0,0.6,0.8,268,470810.28,528830.625,571886.8125,584314.0625,608022.5,32,36.151292512336134,HI,584314.0625,15665.78125,599979.84375,470810.28125,79191.875
test_id_test_id_000341_12,test_id_000341,269,sink_like,1,5,test_id_000341_t1_c5,big,big_0,1,1.4,0.98,268,238647.56,261287.828125,284634.09375,291463.6875,306801.59375,32,36.151292512336134,HI,291463.6875,15665.78125,307129.46875,238647.5625,45513.765625
test_id_test_id_000341_13,test_id_000341,269,sink_like,1,6,test_id_000341_t1_c6,little,little_0,1,0.9,0.86,268,250907.98,350849.5625,380388.8125,388686.9375,406964.09375,32,36.151292512336134,HI,388686.9375,15665.78125,404352.71875,250907.984375,56114.53125
test_id_test_id_000341_14,test_id_000341,149,middle,2,0,test_id_000341_t2_c0,big,big_0,3,2.2,1.15,148,157648.52,169683.5625,187737.140625,193106.65625,205622.0,32,36.151292512336134,HI,193106.65625,15665.78125,208772.4375,157648.515625,35938.4375
test_id_test_id_000341_15,test_id_000341,149,middle,2,1,test_id_000341_t2_c1,little,little_0,3,1.5,1.0,148,227386.89,231203.21875,252714.625,259133.140625,273611.0,32,36.151292512336134,HI,259133.140625,15665.78125,274798.921875,227386.890625,42407.78125
test_id_test_id_000341_16,test_id_000341,149,middle,2,2,test_id_000341_t2_c2,big,big_1,0,1.0,0.9,148,232748.31,224627.0625,245785.828125,252130.578125,266469.9375,32,36.151292512336134,HI,252130.578125,15665.78125,267796.359375,232748.3125,41842.875
test_id_test_id_000341_17,test_id_000341,149,middle,2,3,test_id_000341_t2_c3,little,little_1,0,0.6,0.8,148,385742.7,423511.625,457894.53125,467506.3125,487828.375,32,36.151292512336134,HI,467506.3125,15665.78125,483172.09375,385742.6875,64316.75
test_id_test_id_000341_18,test_id_000341,149,middle,2,4,test_id_000341_t2_c4,big,big_0,1,1.4,0.98,148,151597.67,187930.09375,207107.890625,212930.375,226252.546875,32,36.151292512336134,HI,212930.375,15665.78125,228596.15625,151597.671875,38322.453125
test_id_test_id_000341_19,test_id_000341,149,middle,2,5,test_id_000341_t2_c5,little,little_0,1,0.9,0.86,148,321852.56,319062.15625,346225.21875,353926.0,371068.84375,32,36.151292512336134,HI,353926.0,15665.78125,369591.78125,321852.5625,52006.6875
test_id_test_id_000341_20,test_id_000341,149,middle,2,6,test_id_000341_t2_c6,big,big_0,2,1.8,1.06,148,151883.2,175917.375,194336.65625,199861.921875,212647.34375,32,36.151292512336134,HI,199861.921875,15665.78125,215527.703125,151883.203125,36729.96875
test_id_test_id_000341_21,test_id_000341,309,communication_heavy,3,0,test_id_000341_t3_c0,little,little_0,3,1.5,1.0,308,352453.06,345270.03125,374719.625,383045.59375,401397.09375,32,36.151292512336134,HI,383045.59375,15665.78125,398711.375,352453.0625,56127.0625
test_id_test_id_000341_22,test_id_000341,309,communication_heavy,3,1,test_id_000341_t3_c1,big,big_1,0,1.0,0.9,308,350210.44,369179.03125,400405.25,409187.5,428352.5,32,36.151292512336134,HI,409187.5,15665.78125,424853.28125,350210.4375,59173.46875
test_id_test_id_000341_23,test_id_000341,309,communication_heavy,3,2,test_id_000341_t3_c2,little,little_1,0,0.6,0.8,308,716731.25,626870.0,677676.375,692861.625,719310.25,32,36.151292512336134,HI,692861.625,15665.78125,708527.40625,716731.25,92440.25
test_id_test_id_000341_24,test_id_000341,309,communication_heavy,3,3,test_id_000341_t3_c3,big,big_0,1,1.4,0.98,308,251068.58,275360.6875,299639.59375,306690.9375,322501.15625,32,36.151292512336134,HI,306690.9375,15665.78125,322356.71875,251068.578125,47140.46875
test_id_test_id_000341_25,test_id_000341,309,communication_heavy,3,4,test_id_000341_t3_c4,little,little_1,1,0.9,0.86,308,461573.6,469069.90625,508167.8125,519278.5,541821.6875,32,36.151292512336134,HI,519278.5,15665.78125,534944.28125,461573.59375,72751.78125
test_id_test_id_000341_26,test_id_000341,309,communication_heavy,3,5,test_id_000341_t3_c5,big,big_1,2,1.8,1.06,308,174380.31,217788.953125,238755.59375,245116.8125,259488.515625,32,36.151292512336134,HI,245116.8125,15665.78125,260782.59375,174380.3125,41699.5625
test_id_test_id_000341_27,test_id_000341,309,communication_heavy,3,6,test_id_000341_t3_c6,little,little_1,2,1.2,0.93,308,389514.72,395430.46875,428885.0625,438313.71875,458555.84375,32,36.151292512336134,HI,438313.71875,15665.78125,453979.5,389514.71875,63125.375
test_id_test_id_000341_28,test_id_000341,191,random,4,0,test_id_000341_t4_c0,big,big_1,0,1.0,0.9,190,86789.41,91567.609375,106319.34375,110519.9375,120954.140625,32,36.151292512336134,HI,110519.9375,15665.78125,126185.71875,86789.40625,29386.53125
test_id_test_id_000341_29,test_id_000341,191,random,4,1,test_id_000341_t4_c1,little,little_1,0,0.6,0.8,190,217838.56,215493.71875,237390.421875,244071.625,259260.65625,32,36.151292512336134,HI,244071.625,15665.78125,259737.40625,217838.5625,43766.9375
test_id_test_id_000341_30,test_id_000341,191,random,4,2,test_id_000341_t4_c2,big,big_0,1,1.4,0.98,190,58552.83,70334.953125,84294.828125,88266.4375,98009.3125,32,36.151292512336134,HI,88266.4375,15665.78125,103932.21875,58552.828125,27674.359375
test_id_test_id_000341_31,test_id_000341,191,random,4,3,test_id_000341_t4_c3,little,little_1,1,0.9,0.86,190,137513.55,138644.890625,155146.5,160023.6875,171640.34375,32,36.151292512336134,HI,160023.6875,15665.78125,175689.46875,137513.546875,32995.453125
test_id_test_id_000341_32,test_id_000341,191,random,4,4,test_id_000341_t4_c4,big,big_1,2,1.8,1.06,190,46883.668,54778.078125,68004.546875,71863.484375,81115.109375,32,36.151292512336134,HI,71863.484375,15665.78125,87529.265625,46883.66796875,26337.03125
test_id_test_id_000341_33,test_id_000341,191,random,4,5,test_id_000341_t4_c5,little,little_0,2,1.2,0.93,190,101786.24,106868.25,121852.1875,126082.21875,136586.640625,32,36.151292512336134,HI,126082.21875,15665.78125,141748.0,101786.2421875,29718.390625
test_id_test_id_000341_34,test_id_000341,191,random,4,6,test_id_000341_t4_c6,big,big_0,3,2.2,1.15,190,41988.465,49275.015625,62290.109375,66141.09375,75278.3125,32,36.151292512336134,HI,66141.09375,15665.78125,81806.875,41988.46484375,26003.296875
test_id_test_id_000341_35,test_id_000341,87,diverse_fill_1,5,0,test_id_000341_t5_c0,little,little_0,0,0.6,0.8,86,108807.445,118361.234375,134139.265625,138762.90625,149987.90625,32,36.151292512336134,HI,138762.90625,15665.78125,154428.6875,108807.4453125,31626.671875
test_id_test_id_000341_36,test_id_000341,87,diverse_fill_1,5,1,test_id_000341_t5_c1,big,big_1,1,1.4,0.98,86,35095.824,42724.796875,55571.875,59504.171875,68682.6875,32,36.151292512336134,HI,59504.171875,15665.78125,75169.953125,35095.82421875,25957.890625
test_id_test_id_000341_37,test_id_000341,87,diverse_fill_1,5,2,test_id_000341_t5_c2,little,little_1,1,0.9,0.86,86,72605.79,81559.6875,95950.953125,100059.640625,110226.6875,32,36.151292512336134,HI,100059.640625,15665.78125,115725.421875,72605.7890625,28667.0
test_id_test_id_000341_38,test_id_000341,87,diverse_fill_1,5,3,test_id_000341_t5_c3,big,big_0,2,1.8,1.06,86,27650.936,36788.921875,49420.8125,53350.265625,62426.4375,32,36.151292512336134,HI,53350.265625,15665.78125,69016.046875,27650.935546875,25637.515625
test_id_test_id_000341_39,test_id_000341,87,diverse_fill_1,5,4,test_id_000341_t5_c4,little,little_1,2,1.2,0.93,86,55430.676,64449.421875,78229.828125,82188.296875,91800.328125,32,36.151292512336134,HI,82188.296875,15665.78125,97854.078125,55430.67578125,27350.90625
test_id_test_id_000341_40,test_id_000341,87,diverse_fill_1,5,5,test_id_000341_t5_c5,big,big_1,3,2.2,1.15,86,20943.707,24449.28125,37019.125,41075.28125,50152.765625,32,36.151292512336134,HI,41075.28125,15665.78125,56741.0625,20943.70703125,25703.484375
test_id_test_id_000341_41,test_id_000341,87,diverse_fill_1,5,6,test_id_000341_t5_c6,little,little_1,3,1.5,1.0,86,40810.305,49824.265625,62820.828125,66675.515625,75834.328125,32,36.151292512336134,HI,66675.515625,15665.78125,82341.296875,40810.3046875,26010.0625
test_id_test_id_000343_00,test_id_000343,11,source_like,0,0,test_id_000343_t0_c0,big,big_0,3,2.2,1.15,10,45744.33,55284.46875,68459.390625,72243.1875,81347.203125,32,36.151292512336134,LO,72243.1875,0.0,72243.1875,45744.328125,26062.734375
test_id_test_id_000343_01,test_id_000343,11,source_like,0,1,test_id_000343_t0_c1,little,little_0,3,1.5,1.0,10,100045.52,101931.53125,116738.609375,120832.5625,131094.625,32,36.151292512336134,LO,120832.5625,0.0,120832.5625,100045.5234375,29163.09375
test_id_test_id_000343_02,test_id_000343,11,source_like,0,2,test_id_000343_t0_c2,big,big_1,0,1.0,0.9,10,97579.66,100513.921875,115409.0625,119608.171875,130059.984375,32,36.151292512336134,LO,119608.171875,0.0,119608.171875,97579.65625,29546.0625
test_id_test_id_000343_03,test_id_000343,11,source_like,0,3,test_id_000343_t0_c3,little,little_1,0,0.6,0.8,10,258539.3,241345.875,264498.0,271349.96875,286988.78125,32,36.151292512336134,LO,271349.96875,0.0,271349.96875,258539.296875,45642.90625
test_id_test_id_000343_04,test_id_000343,11,source_like,0,4,test_id_000343_t0_c4,big,big_1,1,1.4,0.98,10,69334.79,80115.65625,94395.9375,98350.15625,108200.46875,32,36.151292512336134,LO,98350.15625,0.0,98350.15625,69334.7890625,28084.8125
test_id_test_id_000343_05,test_id_000343,11,source_like,0,5,test_id_000343_t0_c5,little,little_1,1,0.9,0.86,10,171685.38,180624.65625,199473.1875,205134.25,218207.515625,32,36.151292512336134,LO,205134.25,0.0,205134.25,171685.375,37582.859375
test_id_test_id_000343_06,test_id_000343,11,source_like,0,6,test_id_000343_t0_c6,big,big_1,2,1.8,1.06,10,54842.45,66455.546875,80165.90625,84011.9375,93435.984375,32,36.151292512336134,LO,84011.9375,0.0,84011.9375,54842.44921875,26980.4375
test_id_test_id_000343_07,test_id_000343,466,sink_like,1,0,test_id_000343_t1_c0,little,little_1,3,1.5,1.0,465,320357.2,311245.4375,338034.28125,345677.46875,362705.0,32,36.151292512336134,LO,345677.46875,0.0,345677.46875,320357.1875,51459.5625
test_id_test_id_000343_08,test_id_000343,466,sink_like,1,1,test_id_000343_t1_c1,big,big_1,0,1.0,0.9,465,340517.2,321422.875,348887.9375,356670.75,373985.75,32,36.151292512336134,LO,356670.75,0.0,356670.75,340517.1875,52562.875
test_id_test_id_000343_09,test_id_000343,466,sink_like,1,2,test_id_000343_t1_c2,little,little_0,0,0.6,0.8,465,635758.8,585546.5,632983.5,646944.8125,672147.25,32,36.151292512336134,LO,646944.8125,0.0,646944.8125,635758.8125,86600.75
test_id_test_id_000343_10,test_id_000343,466,sink_like,1,3,test_id_000343_t1_c3,big,big_0,1,1.4,0.98,465,243823.81,251786.421875,274601.65625,281339.34375,296484.71875,32,36.151292512336134,LO,281339.34375,0.0,281339.34375,243823.8125,44698.296875
test_id_test_id_000343_11,test_id_000343,466,sink_like,1,4,test_id_000343_t1_c4,little,little_0,1,0.9,0.86,465,426443.5,429953.25,465814.6875,475907.375,497089.84375,32,36.151292512336134,LO,475907.375,0.0,475907.375,426443.5,67136.59375
test_id_test_id_000343_12,test_id_000343,466,sink_like,1,5,test_id_000343_t1_c5,big,big_0,2,1.8,1.06,465,176926.52,208241.09375,228660.765625,234872.171875,248951.734375,32,36.151292512336134,LO,234872.171875,0.0,234872.171875,176926.515625,40710.640625
test_id_test_id_000343_13,test_id_000343,466,sink_like,1,6,test_id_000343_t1_c6,little,little_0,2,1.2,0.93,465,441935.03,384023.78125,416601.5625,425791.25,445643.03125,32,36.151292512336134,LO,425791.25,0.0,425791.25,441935.03125,61619.25
test_id_test_id_000343_14,test_id_000343,241,middle,2,0,test_id_000343_t2_c0,big,big_1,0,1.0,0.9,240,194781.52,201739.6875,221609.375,227644.65625,241357.203125,32,36.151292512336134,LO,227644.65625,0.0,227644.65625,194781.515625,39617.515625
test_id_test_id_000343_15,test_id_000343,241,middle,2,1,test_id_000343_t2_c1,little,little_0,0,0.6,0.8,240,357569.47,377376.09375,408413.6875,417042.6875,435937.625,32,36.151292512336134,LO,417042.6875,0.0,417042.6875,357569.46875,58561.53125
test_id_test_id_000343_16,test_id_000343,241,middle,2,2,test_id_000343_t2_c2,big,big_1,1,1.4,0.98,240,121658.64,159879.640625,177287.296875,182443.875,194546.46875,32,36.151292512336134,LO,182443.875,0.0,182443.875,121658.640625,34666.828125
test_id_test_id_000343_17,test_id_000343,241,middle,2,3,test_id_000343_t2_c3,little,little_1,1,0.9,0.86,240,266833.12,259774.234375,282830.90625,289537.0625,304649.78125,32,36.151292512336134,LO,289537.0625,0.0,289537.0625,266833.125,44875.546875
test_id_test_id_000343_18,test_id_000343,241,middle,2,4,test_id_000343_t2_c4,big,big_0,2,1.8,1.06,240,135839.88,160665.734375,178119.46875,183260.15625,195350.0625,32,36.151292512336134,LO,183260.15625,0.0,183260.15625,135839.875,34684.328125
test_id_test_id_000343_19,test_id_000343,241,middle,2,5,test_id_000343_t2_c5,little,little_1,2,1.2,0.93,240,237101.53,229730.0,251075.796875,257425.46875,271772.28125,32,36.151292512336134,LO,257425.46875,0.0,257425.46875,237101.53125,42042.28125
test_id_test_id_000343_20,test_id_000343,241,middle,2,6,test_id_000343_t2_c6,big,big_1,3,2.2,1.15,240,122800.625,139074.640625,155385.5625,160022.671875,171251.890625,32,36.151292512336134,LO,160022.671875,0.0,160022.671875,122800.625,32177.25
test_id_test_id_000343_21,test_id_000343,155,high_degree,3,0,test_id_000343_t3_c0,little,little_1,0,0.6,0.8,154,1027821.44,740880.0625,803288.125,822189.375,854563.1875,32,36.151292512336134,LO,822189.375,0.0,822189.375,1027821.4375,113683.125
test_id_test_id_000343_22,test_id_000343,155,high_degree,3,1,test_id_000343_t3_c1,big,big_0,1,1.4,0.98,154,404023.03,372349.46875,403924.0,412803.5625,432155.25,32,36.151292512336134,LO,412803.5625,0.0,412803.5625,404023.03125,59805.78125
test_id_test_id_000343_23,test_id_000343,155,high_degree,3,2,test_id_000343_t3_c2,little,little_1,1,0.9,0.86,154,539231.94,503861.6875,545810.875,557867.6875,581524.75,32,36.151292512336134,LO,557867.6875,0.0,557867.6875,539231.9375,77663.0625
test_id_test_id_000343_24,test_id_000343,155,high_degree,3,3,test_id_000343_t3_c3,big,big_1,2,1.8,1.06,154,332757.97,336700.84375,365446.0,373575.625,391569.3125,32,36.151292512336134,LO,373575.625,0.0,373575.625,332757.96875,54868.46875
test_id_test_id_000343_25,test_id_000343,155,high_degree,3,4,test_id_000343_t3_c4,little,little_1,2,1.2,0.93,154,606328.9,502511.1875,545284.8125,557693.4375,582035.625,32,36.151292512336134,LO,557693.4375,0.0,557693.4375,606328.875,79524.4375
test_id_test_id_000343_26,test_id_000343,155,high_degree,3,5,test_id_000343_t3_c5,big,big_0,3,2.2,1.15,154,338290.38,309970.46875,336711.3125,344343.875,361368.3125,32,36.151292512336134,LO,344343.875,0.0,344343.875,338290.375,51397.84375
test_id_test_id_000343_27,test_id_000343,155,high_degree,3,6,test_id_000343_t3_c6,little,little_0,3,1.5,1.0,154,398519.06,389271.65625,422297.84375,431600.15625,451655.875,32,36.151292512336134,LO,431600.15625,0.0,431600.15625,398519.0625,62384.21875
test_id_test_id_000343_28,test_id_000343,143,communication_heavy,4,0,test_id_000343_t4_c0,big,big_0,1,1.4,0.98,142,486032.06,436170.375,473310.6875,483867.1875,505843.96875,32,36.151292512336134,LO,483867.1875,0.0,483867.1875,486032.0625,69673.59375
test_id_test_id_000343_29,test_id_000343,143,communication_heavy,4,1,test_id_000343_t4_c1,little,little_1,1,0.9,0.86,142,687678.5,576212.0,624397.375,638624.25,664720.5625,32,36.151292512336134,LO,638624.25,0.0,638624.25,687678.5,88508.5625
test_id_test_id_000343_30,test_id_000343,143,communication_heavy,4,2,test_id_000343_t4_c2,big,big_0,2,1.8,1.06,142,447232.84,395311.0625,429081.75,438625.21875,459094.6875,32,36.151292512336134,LO,438625.21875,0.0,438625.21875,447232.84375,63783.625
test_id_test_id_000343_31,test_id_000343,143,communication_heavy,4,3,test_id_000343_t4_c3,little,little_1,2,1.2,0.93,142,588765.8,514738.1875,558546.125,571303.25,596058.5625,32,36.151292512336134,LO,571303.25,0.0,571303.25,588765.8125,81320.375
test_id_test_id_000343_32,test_id_000343,143,communication_heavy,4,4,test_id_000343_t4_c4,big,big_0,3,2.2,1.15,142,254698.9,271487.4375,295511.3125,302514.8125,318230.625,32,36.151292512336134,LO,302514.8125,0.0,302514.8125,254698.90625,46743.1875
test_id_test_id_000343_33,test_id_000343,143,communication_heavy,4,5,test_id_000343_t4_c5,little,little_0,3,1.5,1.0,142,479702.78,427926.65625,464356.75,474692.5625,496350.6875,32,36.151292512336134,LO,474692.5625,0.0,474692.5625,479702.78125,68424.03125
test_id_test_id_000343_34,test_id_000343,143,communication_heavy,4,6,test_id_000343_t4_c6,big,big_1,0,1.0,0.9,142,382076.6,415113.9375,450024.25,459847.53125,480692.75,32,36.151292512336134,LO,459847.53125,0.0,459847.53125,382076.59375,65578.8125
test_id_test_id_000343_35,test_id_000343,293,random,5,0,test_id_000343_t5_c0,little,little_0,1,0.9,0.86,292,340445.94,317043.40625,344009.46875,351650.03125,368663.3125,32,36.151292512336134,LO,351650.03125,0.0,351650.03125,340445.9375,51619.90625
test_id_test_id_000343_36,test_id_000343,293,random,5,1,test_id_000343_t5_c1,big,big_0,2,1.8,1.06,292,156885.28,179035.40625,197634.59375,203218.140625,216112.9375,32,36.151292512336134,LO,203218.140625,0.0,203218.140625,156885.28125,37077.53125
test_id_test_id_000343_37,test_id_000343,293,random,5,2,test_id_000343_t5_c2,little,little_1,2,1.2,0.93,292,217108.62,234351.15625,256076.71875,262556.21875,277162.875,32,36.151292512336134,LO,262556.21875,0.0,262556.21875,217108.625,42811.71875
test_id_test_id_000343_38,test_id_000343,293,random,5,3,test_id_000343_t5_c3,big,big_1,3,2.2,1.15,292,149211.33,158133.875,175519.09375,180607.84375,192628.640625,32,36.151292512336134,LO,180607.84375,0.0,180607.84375,149211.328125,34494.765625
test_id_test_id_000343_39,test_id_000343,293,random,5,4,test_id_000343_t5_c4,little,little_0,3,1.5,1.0,292,233087.25,230855.6875,252351.96875,258772.421875,273251.78125,32,36.151292512336134,LO,258772.421875,0.0,258772.421875,233087.25,42396.09375
test_id_test_id_000343_40,test_id_000343,293,random,5,5,test_id_000343_t5_c5,big,big_0,0,1.0,0.9,292,234308.69,230012.125,251422.78125,257805.75,272227.875,32,36.151292512336134,LO,257805.75,0.0,257805.75,234308.6875,42215.75
test_id_test_id_000343_41,test_id_000343,293,random,5,6,test_id_000343_t5_c6,little,little_0,0,0.6,0.8,292,509571.06,450925.03125,487572.1875,497877.875,519161.34375,32,36.151292512336134,LO,497877.875,0.0,497877.875,509571.0625,68236.3125
test_id_test_id_000386_00,test_id_000386,14,source_like,0,0,test_id_000386_t0_c0,little,little_0,1,0.9,0.86,13,173220.88,175380.296875,193872.59375,199468.34375,212360.296875,32,36.151292512336134,HI,199468.34375,15665.78125,215134.125,173220.875,36980.0
test_id_test_id_000386_01,test_id_000386,14,source_like,0,1,test_id_000386_t0_c1,big,big_0,2,1.8,1.06,13,60034.34,70427.734375,84301.640625,88170.734375,97710.6875,32,36.151292512336134,HI,88170.734375,15665.78125,103836.515625,60034.33984375,27282.953125
test_id_test_id_000386_02,test_id_000386,14,source_like,0,2,test_id_000386_t0_c2,little,little_0,2,1.2,0.93,13,131659.03,144589.625,161015.796875,165806.71875,177238.734375,32,36.151292512336134,HI,165806.71875,15665.78125,181472.5,131659.03125,32649.109375
test_id_test_id_000386_03,test_id_000386,14,source_like,0,3,test_id_000386_t0_c3,big,big_1,3,2.2,1.15,13,48259.793,55880.84375,69075.046875,72863.234375,81993.28125,32,36.151292512336134,HI,72863.234375,15665.78125,88529.015625,48259.79296875,26112.4375
test_id_test_id_000386_04,test_id_000386,14,source_like,0,4,test_id_000386_t0_c4,little,little_1,3,1.5,1.0,13,109022.836,113403.71875,128494.984375,132700.046875,143157.203125,32,36.151292512336134,HI,132700.046875,15665.78125,148365.828125,109022.8359375,29753.484375
test_id_test_id_000386_05,test_id_000386,14,source_like,0,5,test_id_000386_t0_c5,big,big_1,0,1.0,0.9,13,111983.77,118628.609375,134002.296875,138384.703125,149154.390625,32,36.151292512336134,HI,138384.703125,15665.78125,154050.484375,111983.7734375,30525.78125
test_id_test_id_000386_06,test_id_000386,14,source_like,0,6,test_id_000386_t0_c6,little,little_0,0,0.6,0.8,13,258441.33,255795.796875,279618.1875,286548.1875,302409.75,32,36.151292512336134,HI,286548.1875,15665.78125,302213.96875,258441.328125,46613.953125
test_id_test_id_000386_07,test_id_000386,287,sink_like,1,0,test_id_000386_t1_c0,big,big_1,2,1.8,1.06,286,204053.88,232963.453125,254724.84375,261257.25,275964.15625,32,36.151292512336134,HI,261257.25,15665.78125,276923.03125,204053.875,43000.703125
test_id_test_id_000386_08,test_id_000386,287,sink_like,1,1,test_id_000386_t1_c1,little,little_1,2,1.2,0.93,286,339672.1,357263.4375,387543.40625,396072.8125,414791.1875,32,36.151292512336134,HI,396072.8125,15665.78125,411738.59375,339672.09375,57527.75
test_id_test_id_000386_09,test_id_000386,287,sink_like,1,2,test_id_000386_t1_c2,big,big_0,3,2.2,1.15,286,194367.12,209209.71875,229664.296875,235881.640625,249973.65625,32,36.151292512336134,HI,235881.640625,15665.78125,251547.421875,194367.125,40763.9375
test_id_test_id_000386_10,test_id_000386,287,sink_like,1,3,test_id_000386_t1_c3,little,little_1,3,1.5,1.0,286,262529.5,286918.46875,311978.375,319215.25,335408.3125,32,36.151292512336134,HI,319215.25,15665.78125,334881.03125,262529.5,48489.84375
test_id_test_id_000386_11,test_id_000386,287,sink_like,1,4,test_id_000386_t1_c4,big,big_1,0,1.0,0.9,286,294630.25,309478.125,336061.9375,343629.75,360519.03125,32,36.151292512336134,HI,343629.75,15665.78125,359295.53125,294630.25,51040.90625
test_id_test_id_000386_12,test_id_000386,287,sink_like,1,5,test_id_000386_t1_c5,little,little_0,0,0.6,0.8,286,545145.5,540408.25,584209.625,596881.125,620806.5,32,36.151292512336134,HI,596881.125,15665.78125,612546.90625,545145.5,80398.25
test_id_test_id_000386_13,test_id_000386,287,sink_like,1,6,test_id_000386_t1_c6,big,big_1,1,1.4,0.98,286,300082.88,288131.46875,313274.375,320513.28125,336717.3125,32,36.151292512336134,HI,320513.28125,15665.78125,336179.0625,300082.875,48585.84375
test_id_test_id_000386_14,test_id_000386,167,middle,2,0,test_id_000386_t2_c0,little,little_0,2,1.2,0.93,166,193603.19,218207.421875,238945.203125,245170.46875,259262.125,32,36.151292512336134,HI,245170.46875,15665.78125,260836.25,193603.1875,41054.703125
test_id_test_id_000386_15,test_id_000386,167,middle,2,1,test_id_000386_t2_c1,big,big_1,3,2.2,1.15,166,112620.27,120625.484375,136082.125,140376.21875,151018.25,32,36.151292512336134,HI,140376.21875,15665.78125,156042.0,112620.2734375,30392.765625
test_id_test_id_000386_16,test_id_000386,167,middle,2,2,test_id_000386_t2_c2,little,little_1,3,1.5,1.0,166,166521.78,187548.046875,206542.578125,212267.375,225398.5,32,36.151292512336134,HI,212267.375,15665.78125,227933.15625,166521.78125,37850.453125
test_id_test_id_000386_17,test_id_000386,167,middle,2,3,test_id_000386_t2_c3,big,big_1,0,1.0,0.9,166,263830.47,229195.4375,250401.671875,256678.359375,270898.625,32,36.151292512336134,HI,256678.359375,15665.78125,272344.140625,263830.46875,41703.1875
test_id_test_id_000386_18,test_id_000386,167,middle,2,4,test_id_000386_t2_c4,little,little_0,0,0.6,0.8,166,393974.97,375048.65625,405913.5625,414485.1875,433293.71875,32,36.151292512336134,HI,414485.1875,15665.78125,430150.96875,393974.96875,58245.0625
test_id_test_id_000386_19,test_id_000386,167,middle,2,5,test_id_000386_t2_c5,big,big_0,1,1.4,0.98,166,185113.75,191510.671875,210744.796875,216556.390625,229851.171875,32,36.151292512336134,HI,216556.390625,15665.78125,232222.171875,185113.75,38340.5
test_id_test_id_000386_20,test_id_000386,167,middle,2,6,test_id_000386_t2_c6,little,little_0,1,0.9,0.86,166,271967.3,248168.390625,270509.75,277056.0625,291831.71875,32,36.151292512336134,HI,277056.0625,15665.78125,292721.84375,271967.3125,43663.328125
test_id_test_id_000386_21,test_id_000386,237,high_degree,3,0,test_id_000386_t3_c0,big,big_0,3,2.2,1.15,236,159253.23,169774.5,187885.8125,193270.734375,205827.4375,32,36.151292512336134,HI,193270.734375,15665.78125,208936.515625,159253.234375,36052.9375
test_id_test_id_000386_22,test_id_000386,237,high_degree,3,1,test_id_000386_t3_c1,little,little_0,3,1.5,1.0,236,275239.5,246082.46875,268521.875,275172.875,290126.375,32,36.151292512336134,HI,275172.875,15665.78125,290838.65625,275239.5,44043.90625
test_id_test_id_000386_23,test_id_000386,237,high_degree,3,2,test_id_000386_t3_c2,big,big_0,0,1.0,0.9,236,286952.25,266399.5625,289993.71875,296846.03125,312259.0,32,36.151292512336134,HI,296846.03125,15665.78125,312511.8125,286952.25,45859.4375
test_id_test_id_000386_24,test_id_000386,237,high_degree,3,3,test_id_000386_t3_c3,little,little_1,0,0.6,0.8,236,521185.97,469123.625,507091.96875,517769.5625,539463.625,32,36.151292512336134,HI,517769.5625,15665.78125,533435.34375,521185.96875,70340.0
test_id_test_id_000386_25,test_id_000386,237,high_degree,3,4,test_id_000386_t3_c4,big,big_0,1,1.4,0.98,236,235476.0,227513.46875,248846.0625,255235.1875,269655.75,32,36.151292512336134,HI,255235.1875,15665.78125,270900.96875,235476.0,42142.28125
test_id_test_id_000386_26,test_id_000386,237,high_degree,3,5,test_id_000386_t3_c5,little,little_0,1,0.9,0.86,236,351767.56,341019.15625,369770.1875,377857.75,395732.3125,32,36.151292512336134,HI,377857.75,15665.78125,393523.53125,351767.5625,54713.15625
test_id_test_id_000386_27,test_id_000386,237,high_degree,3,6,test_id_000386_t3_c6,big,big_0,2,1.8,1.06,236,186304.23,194211.25,213732.75,219645.25,233150.3125,32,36.151292512336134,HI,219645.25,15665.78125,235311.03125,186304.234375,38939.0625
test_id_test_id_000386_28,test_id_000386,191,random,4,0,test_id_000386_t4_c0,little,little_0,3,1.5,1.0,190,194193.39,198399.03125,218053.390625,224002.890625,237548.765625,32,36.151292512336134,HI,224002.890625,15665.78125,239668.671875,194193.390625,39149.734375
test_id_test_id_000386_29,test_id_000386,191,random,4,1,test_id_000386_t4_c1,big,big_0,0,1.0,0.9,190,200170.72,210564.28125,230887.65625,237025.4375,250940.96875,32,36.151292512336134,HI,237025.4375,15665.78125,252691.21875,200170.71875,40376.6875
test_id_test_id_000386_30,test_id_000386,191,random,4,2,test_id_000386_t4_c2,little,little_1,0,0.6,0.8,190,497474.84,405974.5,439241.46875,448542.375,468492.40625,32,36.151292512336134,HI,448542.375,15665.78125,464208.15625,497474.84375,62517.90625
test_id_test_id_000386_31,test_id_000386,191,random,4,3,test_id_000386_t4_c3,big,big_1,1,1.4,0.98,190,153327.44,171186.5,189358.15625,194804.921875,207443.21875,32,36.151292512336134,HI,194804.921875,15665.78125,210470.703125,153327.4375,36256.71875
test_id_test_id_000386_32,test_id_000386,191,random,4,4,test_id_000386_t4_c4,little,little_1,1,0.9,0.86,190,336227.6,278816.84375,302996.71875,309931.5625,325522.3125,32,36.151292512336134,HI,309931.5625,15665.78125,325597.34375,336227.59375,46705.46875
test_id_test_id_000386_33,test_id_000386,191,random,4,5,test_id_000386_t4_c5,big,big_1,2,1.8,1.06,190,127220.55,157630.625,174903.6875,179955.25,191892.6875,32,36.151292512336134,HI,179955.25,15665.78125,195621.03125,127220.546875,34262.0625
test_id_test_id_000386_34,test_id_000386,191,random,4,6,test_id_000386_t4_c6,little,little_0,2,1.2,0.93,190,276298.4,247251.5,269533.125,276064.5625,290788.9375,32,36.151292512336134,HI,276064.5625,15665.78125,291730.34375,276298.40625,43537.4375
test_id_test_id_000386_35,test_id_000386,165,diverse_fill_1,5,0,test_id_000386_t5_c0,big,big_0,0,1.0,0.9,164,130305.61,130076.671875,146185.65625,150910.15625,162305.625,32,36.151292512336134,HI,150910.15625,15665.78125,166575.9375,130305.609375,32228.953125
test_id_test_id_000386_36,test_id_000386,165,diverse_fill_1,5,1,test_id_000386_t5_c1,little,little_1,0,0.6,0.8,164,220935.78,232767.0,255546.21875,262445.40625,278087.09375,32,36.151292512336134,HI,262445.40625,15665.78125,278111.1875,220935.78125,45320.09375
test_id_test_id_000386_37,test_id_000386,165,diverse_fill_1,5,2,test_id_000386_t5_c2,big,big_1,1,1.4,0.98,164,104565.6,104808.984375,119888.3125,124124.84375,134678.46875,32,36.151292512336134,HI,124124.84375,15665.78125,139790.625,104565.6015625,29869.484375
test_id_test_id_000386_38,test_id_000386,165,diverse_fill_1,5,3,test_id_000386_t5_c3,little,little_0,1,0.9,0.86,164,145239.36,172930.625,191436.65625,197091.25,210105.734375,32,36.151292512336134,HI,197091.25,15665.78125,212757.03125,145239.359375,37175.109375
test_id_test_id_000386_39,test_id_000386,165,diverse_fill_1,5,4,test_id_000386_t5_c4,big,big_1,2,1.8,1.06,164,71898.99,76917.328125,91057.625,95027.9375,104873.109375,32,36.151292512336134,HI,95027.9375,15665.78125,110693.71875,71898.9921875,27955.78125
test_id_test_id_000386_40,test_id_000386,165,diverse_fill_1,5,5,test_id_000386_t5_c5,little,little_1,2,1.2,0.93,164,138603.12,145656.5,162305.15625,167206.3125,178854.1875,32,36.151292512336134,HI,167206.3125,15665.78125,182872.09375,138603.125,33197.6875
test_id_test_id_000386_41,test_id_000386,165,diverse_fill_1,5,6,test_id_000386_t5_c6,big,big_1,3,2.2,1.15,164,66467.836,66764.640625,80490.9375,84384.609375,93923.84375,32,36.151292512336134,HI,84384.609375,15665.78125,100050.390625,66467.8359375,27159.203125
test_id_test_id_000423_00,test_id_000423,6,source_like,0,0,test_id_000423_t0_c0,big,big_1,3,2.2,1.15,5,33975.176,45202.9375,57996.890625,61801.453125,70765.578125,32,36.151292512336134,LO,61801.453125,0.0,61801.453125,33975.17578125,25562.640625
test_id_test_id_000423_01,test_id_000423,6,source_like,0,1,test_id_000423_t0_c1,little,little_1,3,1.5,1.0,5,76732.484,79681.515625,93958.203125,97908.984375,107747.90625,32,36.151292512336134,LO,97908.984375,0.0,97908.984375,76732.484375,28066.390625
test_id_test_id_000423_02,test_id_000423,6,source_like,0,2,test_id_000423_t0_c2,big,big_1,0,1.0,0.9,5,72634.46,77138.921875,91411.421875,95449.46875,105424.921875,32,36.151292512336134,LO,95449.46875,0.0,95449.46875,72634.4609375,28286.0
test_id_test_id_000423_03,test_id_000423,6,source_like,0,3,test_id_000423_t0_c3,little,little_1,0,0.6,0.8,5,197486.45,185575.8125,205468.125,211550.03125,225482.796875,32,36.151292512336134,LO,211550.03125,0.0,211550.03125,197486.453125,39906.984375
test_id_test_id_000423_04,test_id_000423,6,source_like,0,4,test_id_000423_t0_c4,big,big_0,1,1.4,0.98,5,52328.29,62037.75,75607.0,79484.1875,88891.640625,32,36.151292512336134,LO,79484.1875,0.0,79484.1875,52328.2890625,26853.890625
test_id_test_id_000423_05,test_id_000423,6,source_like,0,5,test_id_000423_t0_c5,little,little_1,1,0.9,0.86,5,130898.51,134895.0,151264.46875,156047.90625,167546.9375,32,36.151292512336134,LO,156047.90625,0.0,156047.90625,130898.5078125,32651.9375
test_id_test_id_000423_06,test_id_000423,6,source_like,0,6,test_id_000423_t0_c6,big,big_1,2,1.8,1.06,5,39880.805,47255.59375,60093.90625,63885.921875,72864.890625,32,36.151292512336134,LO,63885.921875,0.0,63885.921875,39880.8046875,25609.296875
test_id_test_id_000423_07,test_id_000423,72,sink_like,1,0,test_id_000423_t1_c0,little,little_0,3,1.5,1.0,71,410547.84,406174.5625,440748.59375,450527.625,471342.125,32,36.151292512336134,LO,450527.625,0.0,450527.625,410547.84375,65167.5625
test_id_test_id_000423_08,test_id_000423,72,sink_like,1,1,test_id_000423_t1_c1,big,big_0,0,1.0,0.9,71,365726.47,384782.5,417269.3125,426400.1875,446167.9375,32,36.151292512336134,LO,426400.1875,0.0,426400.1875,365726.46875,61385.4375
test_id_test_id_000423_09,test_id_000423,72,sink_like,1,2,test_id_000423_t1_c2,little,little_0,0,0.6,0.8,71,735948.94,643475.5,696414.4375,712391.0,739983.375,32,36.151292512336134,LO,712391.0,0.0,712391.0,735948.9375,96507.875
test_id_test_id_000423_10,test_id_000423,72,sink_like,1,3,test_id_000423_t1_c3,big,big_0,1,1.4,0.98,71,345174.66,360088.0625,390659.65625,399269.3125,418147.1875,32,36.151292512336134,LO,399269.3125,0.0,399269.3125,345174.65625,58059.125
test_id_test_id_000423_11,test_id_000423,72,sink_like,1,4,test_id_000423_t1_c4,little,little_1,1,0.9,0.86,71,589850.94,575083.3125,623477.5,637813.375,664103.75,32,36.151292512336134,LO,637813.375,0.0,637813.375,589850.9375,89020.4375
test_id_test_id_000423_12,test_id_000423,72,sink_like,1,5,test_id_000423_t1_c5,big,big_1,2,1.8,1.06,71,220166.89,267912.375,291692.28125,298638.15625,314210.4375,32,36.151292512336134,LO,298638.15625,0.0,298638.15625,220166.890625,46298.0625
test_id_test_id_000423_13,test_id_000423,72,sink_like,1,6,test_id_000423_t1_c6,little,little_0,2,1.2,0.93,71,458960.78,443930.78125,481556.09375,492260.3125,514393.375,32,36.151292512336134,LO,492260.3125,0.0,492260.3125,458960.78125,70462.59375
test_id_test_id_000423_14,test_id_000423,247,middle,2,0,test_id_000423_t2_c0,big,big_1,0,1.0,0.9,246,366487.25,344607.0,373921.59375,382200.6875,400448.625,32,36.151292512336134,LO,382200.6875,0.0,382200.6875,366487.25,55841.625
test_id_test_id_000423_15,test_id_000423,247,middle,2,1,test_id_000423_t2_c1,little,little_1,0,0.6,0.8,246,649147.4,561175.375,606640.75,619893.125,644381.125,32,36.151292512336134,LO,619893.125,0.0,619893.125,649147.375,83205.75
test_id_test_id_000423_16,test_id_000423,247,middle,2,2,test_id_000423_t2_c2,big,big_0,1,1.4,0.98,246,203718.64,224161.09375,245434.625,251855.109375,266339.34375,32,36.151292512336134,LO,251855.109375,0.0,251855.109375,203718.640625,42178.25
test_id_test_id_000423_17,test_id_000423,247,middle,2,3,test_id_000423_t2_c3,little,little_1,1,0.9,0.86,246,420545.0,418343.6875,453272.75,463091.25,483869.46875,32,36.151292512336134,LO,463091.25,0.0,463091.25,420545.0,65525.78125
test_id_test_id_000423_18,test_id_000423,247,middle,2,4,test_id_000423_t2_c4,big,big_0,2,1.8,1.06,246,211396.75,217471.859375,238317.25,244615.265625,258857.9375,32,36.151292512336134,LO,244615.265625,0.0,244615.265625,211396.75,41386.078125
test_id_test_id_000423_19,test_id_000423,247,middle,2,5,test_id_000423_t2_c5,little,little_0,2,1.2,0.93,246,327231.3,327715.4375,355655.03125,363571.0625,381135.375,32,36.151292512336134,LO,363571.0625,0.0,363571.0625,327231.3125,53419.9375
test_id_test_id_000423_20,test_id_000423,247,middle,2,6,test_id_000423_t2_c6,big,big_0,3,2.2,1.15,246,182434.48,199720.078125,219542.625,225542.671875,239222.75,32,36.151292512336134,LO,225542.671875,0.0,225542.671875,182434.484375,39502.671875
test_id_test_id_000423_21,test_id_000423,34,high_degree,3,0,test_id_000423_t3_c0,little,little_0,0,0.6,0.8,33,433192.62,388421.5,420522.5625,429509.5625,448980.5,32,36.151292512336134,LO,429509.5625,0.0,429509.5625,433192.625,60559.0
test_id_test_id_000423_22,test_id_000423,34,high_degree,3,1,test_id_000423_t3_c1,big,big_1,1,1.4,0.98,33,199876.39,197136.890625,216687.375,222595.375,236067.515625,32,36.151292512336134,LO,222595.375,0.0,222595.375,199876.390625,38930.625
test_id_test_id_000423_23,test_id_000423,34,high_degree,3,2,test_id_000423_t3_c2,little,little_1,1,0.9,0.86,33,304542.72,280630.0,305080.0,312121.125,327926.25,32,36.151292512336134,LO,312121.125,0.0,312121.125,304542.71875,47296.25
test_id_test_id_000423_24,test_id_000423,34,high_degree,3,3,test_id_000423_t3_c3,big,big_1,2,1.8,1.06,33,169427.67,170079.75,188051.71875,193397.46875,205847.09375,32,36.151292512336134,LO,193397.46875,0.0,193397.46875,169427.671875,35767.34375
test_id_test_id_000423_25,test_id_000423,34,high_degree,3,4,test_id_000423_t3_c4,little,little_1,2,1.2,0.93,33,298252.94,266724.8125,290324.625,297181.1875,312588.71875,32,36.151292512336134,LO,297181.1875,0.0,297181.1875,298252.9375,45863.90625
test_id_test_id_000423_26,test_id_000423,34,high_degree,3,5,test_id_000423_t3_c5,big,big_1,3,2.2,1.15,33,127732.74,130029.90625,145815.078125,150250.0625,161118.375,32,36.151292512336134,LO,150250.0625,0.0,150250.0625,127732.7421875,31088.46875
test_id_test_id_000423_27,test_id_000423,34,high_degree,3,6,test_id_000423_t3_c6,little,little_0,3,1.5,1.0,33,191217.77,202625.625,222451.09375,228421.921875,242014.1875,32,36.151292512336134,LO,228421.921875,0.0,228421.921875,191217.765625,39388.5625
test_id_test_id_000423_28,test_id_000423,71,communication_heavy,4,0,test_id_000423_t4_c0,big,big_1,1,1.4,0.98,70,494077.4,450816.4375,489084.375,499974.84375,522398.25,32,36.151292512336134,LO,499974.84375,0.0,499974.84375,494077.40625,71581.8125
test_id_test_id_000423_29,test_id_000423,71,communication_heavy,4,1,test_id_000423_t4_c1,little,little_0,1,0.9,0.86,70,1052498.8,815612.875,890595.5,912185.6875,953618.8125,32,36.151292512336134,LO,912185.6875,0.0,912185.6875,1052498.75,138005.9375
test_id_test_id_000423_30,test_id_000423,71,communication_heavy,4,2,test_id_000423_t4_c2,big,big_1,2,1.8,1.06,70,493411.16,437823.09375,475330.71875,486016.3125,508226.875,32,36.151292512336134,LO,486016.3125,0.0,486016.3125,493411.15625,70403.78125
test_id_test_id_000423_31,test_id_000423,71,communication_heavy,4,3,test_id_000423_t4_c3,little,little_0,2,1.2,0.93,70,793532.75,589226.25,639988.875,655161.0,682943.0,32,36.151292512336134,LO,655161.0,0.0,655161.0,793532.75,93716.75
test_id_test_id_000423_32,test_id_000423,71,communication_heavy,4,4,test_id_000423_t4_c4,big,big_1,3,2.2,1.15,70,494007.7,421847.5625,458311.3125,468712.25,490565.3125,32,36.151292512336134,LO,468712.25,0.0,468712.25,494007.6875,68717.75
test_id_test_id_000423_33,test_id_000423,71,communication_heavy,4,5,test_id_000423_t4_c5,little,little_1,3,1.5,1.0,70,616464.7,522874.9375,567983.5625,581219.625,606757.0,32,36.151292512336134,LO,581219.625,0.0,581219.625,616464.6875,83882.0625
test_id_test_id_000423_34,test_id_000423,71,communication_heavy,4,6,test_id_000423_t4_c6,big,big_0,0,1.0,0.9,70,675644.7,562795.75,610343.5,624391.4375,650465.9375,32,36.151292512336134,LO,624391.4375,0.0,624391.4375,675644.6875,87670.1875
test_id_test_id_000423_35,test_id_000423,45,random,5,0,test_id_000423_t5_c0,little,little_1,1,0.9,0.86,44,359294.53,336640.53125,365167.0,373223.90625,391050.0625,32,36.151292512336134,LO,373223.90625,0.0,373223.90625,359294.53125,54409.53125
test_id_test_id_000423_36,test_id_000423,45,random,5,1,test_id_000423_t5_c1,big,big_0,2,1.8,1.06,44,186412.8,193713.46875,213114.71875,218971.1875,232361.109375,32,36.151292512336134,LO,218971.1875,0.0,218971.1875,186412.796875,38647.640625
test_id_test_id_000423_37,test_id_000423,45,random,5,2,test_id_000423_t5_c2,little,little_1,2,1.2,0.93,44,245060.28,247838.0,270307.03125,276934.1875,291845.78125,32,36.151292512336134,LO,276934.1875,0.0,276934.1875,245060.28125,44007.78125
test_id_test_id_000423_38,test_id_000423,45,random,5,3,test_id_000423_t5_c3,big,big_0,3,2.2,1.15,44,132961.58,152769.359375,169755.15625,174692.4375,186429.53125,32,36.151292512336134,LO,174692.4375,0.0,174692.4375,132961.578125,33660.171875
test_id_test_id_000423_39,test_id_000423,45,random,5,4,test_id_000423_t5_c4,little,little_0,3,1.5,1.0,44,233815.08,229687.125,251104.109375,257501.453125,271932.8125,32,36.151292512336134,LO,257501.453125,0.0,257501.453125,233815.078125,42245.6875
test_id_test_id_000423_40,test_id_000423,45,random,5,5,test_id_000423_t5_c5,big,big_0,0,1.0,0.9,44,286480.7,248375.90625,270842.8125,277449.15625,292336.71875,32,36.151292512336134,LO,277449.15625,0.0,277449.15625,286480.6875,43960.8125
test_id_test_id_000423_41,test_id_000423,45,random,5,6,test_id_000423_t5_c6,little,little_1,0,0.6,0.8,44,569964.56,464154.3125,502108.1875,512847.25,534716.25,32,36.151292512336134,LO,512847.25,0.0,512847.25,569964.5625,70561.9375
test_id_test_id_000438_00,test_id_000438,7,source_like,0,0,test_id_000438_t0_c0,little,little_1,0,0.6,0.8,6,207463.53,197357.40625,217934.59375,224234.5,238570.53125,32,36.151292512336134,HI,224234.5,15665.78125,239900.28125,207463.53125,41213.125
test_id_test_id_000438_01,test_id_000438,7,source_like,0,1,test_id_000438_t0_c1,big,big_1,1,1.4,0.98,6,68489.81,71997.5625,86036.09375,89959.6875,99627.078125,32,36.151292512336134,HI,89959.6875,15665.78125,105625.46875,68489.8125,27629.515625
test_id_test_id_000438_02,test_id_000438,7,source_like,0,2,test_id_000438_t0_c2,little,little_1,1,0.9,0.86,6,145093.62,148903.265625,165945.65625,170988.875,182919.34375,32,36.151292512336134,HI,170988.875,15665.78125,186654.65625,145093.625,34016.078125
test_id_test_id_000438_03,test_id_000438,7,source_like,0,3,test_id_000438_t0_c3,big,big_1,2,1.8,1.06,6,47100.4,53958.9375,67084.625,70889.640625,80014.328125,32,36.151292512336134,HI,70889.640625,15665.78125,86555.421875,47100.3984375,26055.390625
test_id_test_id_000438_04,test_id_000438,7,source_like,0,4,test_id_000438_t0_c4,little,little_1,2,1.2,0.93,6,106394.586,107837.859375,122832.859375,127050.453125,137529.75,32,36.151292512336134,HI,127050.453125,15665.78125,142716.234375,106394.5859375,29691.890625
test_id_test_id_000438_05,test_id_000438,7,source_like,0,5,test_id_000438_t0_c5,big,big_0,3,2.2,1.15,6,38742.9,45848.4375,58620.375,62393.90625,71308.65625,32,36.151292512336134,HI,62393.90625,15665.78125,78059.6875,38742.8984375,25460.21875
test_id_test_id_000438_06,test_id_000438,7,source_like,0,6,test_id_000438_t0_c6,little,little_1,3,1.5,1.0,6,87559.02,89632.09375,104186.796875,108184.09375,118223.109375,32,36.151292512336134,HI,108184.09375,15665.78125,123849.875,87559.0234375,28591.015625
test_id_test_id_000438_07,test_id_000438,150,sink_like,1,0,test_id_000438_t1_c0,big,big_0,1,1.4,0.98,149,300470.97,305348.03125,331679.71875,339201.6875,355993.46875,32,36.151292512336134,HI,339201.6875,15665.78125,354867.46875,300470.96875,50645.4375
test_id_test_id_000438_08,test_id_000438,150,sink_like,1,1,test_id_000438_t1_c1,little,little_0,1,0.9,0.86,149,538748.9,505538.03125,547659.625,559774.5,583509.875,32,36.151292512336134,HI,559774.5,15665.78125,575440.28125,538748.875,77971.84375
test_id_test_id_000438_09,test_id_000438,150,sink_like,1,2,test_id_000438_t1_c2,big,big_1,2,1.8,1.06,149,224969.66,248139.9375,270755.5625,277465.28125,292545.125,32,36.151292512336134,HI,277465.28125,15665.78125,293131.0625,224969.65625,44405.1875
test_id_test_id_000438_10,test_id_000438,150,sink_like,1,3,test_id_000438_t1_c3,little,little_1,2,1.2,0.93,149,390382.12,400815.0,434663.34375,444195.4375,464600.0,32,36.151292512336134,HI,444195.4375,15665.78125,459861.21875,390382.125,63785.0
test_id_test_id_000438_11,test_id_000438,150,sink_like,1,4,test_id_000438_t1_c4,big,big_1,3,2.2,1.15,149,217725.8,233160.390625,254903.28125,261423.328125,276119.3125,32,36.151292512336134,HI,261423.328125,15665.78125,277089.109375,217725.796875,42958.921875
test_id_test_id_000438_12,test_id_000438,150,sink_like,1,5,test_id_000438_t1_c5,little,little_0,3,1.5,1.0,149,368559.88,338339.75,367182.375,375339.8125,393382.15625,32,36.151292512336134,HI,375339.8125,15665.78125,391005.59375,368559.875,55042.40625
test_id_test_id_000438_13,test_id_000438,150,sink_like,1,6,test_id_000438_t1_c6,big,big_0,0,1.0,0.9,149,486769.06,428813.9375,465128.8125,475416.375,496970.875,32,36.151292512336134,HI,475416.375,15665.78125,491082.15625,486769.0625,68156.9375
test_id_test_id_000438_14,test_id_000438,131,middle,2,0,test_id_000438_t2_c0,little,little_0,1,0.9,0.86,130,456672.1,467424.84375,506404.46875,517477.6875,539977.6875,32,36.151292512336134,HI,517477.6875,15665.78125,533143.46875,456672.09375,72552.84375
test_id_test_id_000438_15,test_id_000438,131,middle,2,1,test_id_000438_t2_c1,big,big_0,2,1.8,1.06,130,288646.16,284984.5625,309926.375,317128.90625,333254.03125,32,36.151292512336134,HI,317128.90625,15665.78125,332794.6875,288646.15625,48269.46875
test_id_test_id_000438_16,test_id_000438,131,middle,2,2,test_id_000438_t2_c2,little,little_1,2,1.2,0.93,130,343333.75,386085.0625,418716.53125,427897.875,447739.53125,32,36.151292512336134,HI,427897.875,15665.78125,443563.65625,343333.75,61654.46875
test_id_test_id_000438_17,test_id_000438,131,middle,2,3,test_id_000438_t2_c3,big,big_1,3,2.2,1.15,130,193787.62,228140.8125,249623.625,256092.3125,270680.0625,32,36.151292512336134,HI,256092.3125,15665.78125,271758.09375,193787.625,42539.25
test_id_test_id_000438_18,test_id_000438,131,middle,2,4,test_id_000438_t2_c4,little,little_1,3,1.5,1.0,130,363015.88,357913.6875,388388.03125,396988.15625,415839.25,32,36.151292512336134,HI,396988.15625,15665.78125,412653.9375,363015.875,57925.5625
test_id_test_id_000438_19,test_id_000438,131,middle,2,5,test_id_000438_t2_c5,big,big_1,0,1.0,0.9,130,290743.53,322407.0625,349912.84375,357707.03125,375048.25,32,36.151292512336134,HI,357707.03125,15665.78125,373372.8125,290743.53125,52641.1875
test_id_test_id_000438_20,test_id_000438,131,middle,2,6,test_id_000438_t2_c6,little,little_1,0,0.6,0.8,130,666655.5,621518.625,672191.625,687347.4375,713868.0,32,36.151292512336134,HI,687347.4375,15665.78125,703013.21875,666655.5,92349.375
test_id_test_id_000438_21,test_id_000438,124,communication_heavy,3,0,test_id_000438_t3_c0,big,big_1,2,1.8,1.06,123,247978.62,252154.03125,274988.34375,281735.9375,296892.84375,32,36.151292512336134,HI,281735.9375,15665.78125,297401.71875,247978.625,44738.8125
test_id_test_id_000438_22,test_id_000438,124,communication_heavy,3,1,test_id_000438_t3_c1,little,little_1,2,1.2,0.93,123,400492.4,399503.625,433309.0,442839.4375,463245.78125,32,36.151292512336134,HI,442839.4375,15665.78125,458505.21875,400492.40625,63742.15625
test_id_test_id_000438_23,test_id_000438,124,communication_heavy,3,2,test_id_000438_t3_c2,big,big_0,3,2.2,1.15,123,191478.06,209441.140625,229855.75,236046.125,250083.859375,32,36.151292512336134,HI,236046.125,15665.78125,251711.90625,191478.0625,40642.71875
test_id_test_id_000438_24,test_id_000438,124,communication_heavy,3,3,test_id_000438_t3_c3,little,little_0,3,1.5,1.0,123,338198.3,330744.96875,359001.5,367011.25,384764.53125,32,36.151292512336134,HI,367011.25,15665.78125,382677.03125,338198.3125,54019.5625
test_id_test_id_000438_25,test_id_000438,124,communication_heavy,3,4,test_id_000438_t3_c4,big,big_1,0,1.0,0.9,123,318831.38,336096.9375,364644.71875,372703.625,390558.125,32,36.151292512336134,HI,372703.625,15665.78125,388369.40625,318831.375,54461.1875
test_id_test_id_000438_26,test_id_000438,124,communication_heavy,3,5,test_id_000438_t3_c5,little,little_1,0,0.6,0.8,123,754895.2,653284.3125,706982.5,723204.0625,751056.5625,32,36.151292512336134,HI,723204.0625,15665.78125,738869.84375,754895.1875,97772.25
test_id_test_id_000438_27,test_id_000438,124,communication_heavy,3,6,test_id_000438_t3_c6,big,big_1,1,1.4,0.98,123,366040.0,332165.5625,360560.03125,368598.1875,386409.5625,32,36.151292512336134,HI,368598.1875,15665.78125,384263.96875,366040.0,54244.0
test_id_test_id_000438_28,test_id_000438,5,random,4,0,test_id_000438_t4_c0,little,little_1,2,1.2,0.93,4,123507.96,146041.78125,162581.6875,167428.90625,178954.125,32,36.151292512336134,HI,167428.90625,15665.78125,183094.6875,123507.9609375,32912.34375
test_id_test_id_000438_29,test_id_000438,5,random,4,1,test_id_000438_t4_c1,big,big_0,3,2.2,1.15,4,52870.8,64352.953125,77977.953125,81806.71875,91163.359375,32,36.151292512336134,HI,81806.71875,15665.78125,97472.5,52870.80078125,26810.40625
test_id_test_id_000438_30,test_id_000438,5,random,4,2,test_id_000438_t4_c2,little,little_0,3,1.5,1.0,4,109387.21,117585.640625,132812.484375,137078.953125,147634.5,32,36.151292512336134,HI,137078.953125,15665.78125,152744.734375,109387.2109375,30048.859375
test_id_test_id_000438_31,test_id_000438,5,random,4,3,test_id_000438_t4_c3,big,big_1,0,1.0,0.9,4,106929.63,120215.5625,135688.875,140125.34375,150979.375,32,36.151292512336134,HI,140125.34375,15665.78125,155791.125,106929.6328125,30763.8125
test_id_test_id_000438_32,test_id_000438,5,random,4,4,test_id_000438_t4_c4,little,little_1,0,0.6,0.8,4,254364.69,249784.4375,273307.9375,280235.8125,296023.875,32,36.151292512336134,HI,280235.8125,15665.78125,295901.59375,254364.6875,46239.4375
test_id_test_id_000438_33,test_id_000438,5,random,4,5,test_id_000438_t4_c5,big,big_0,1,1.4,0.98,4,77524.95,91588.421875,106171.5,110197.71875,120300.25,32,36.151292512336134,HI,110197.71875,15665.78125,125863.5,77524.953125,28711.828125
test_id_test_id_000438_34,test_id_000438,5,random,4,6,test_id_000438_t4_c6,little,little_1,1,0.9,0.86,4,187656.03,194341.890625,213898.359375,219786.875,233259.15625,32,36.151292512336134,HI,219786.875,15665.78125,235452.65625,187656.03125,38917.265625
test_id_test_id_000438_35,test_id_000438,105,diverse_fill_1,5,0,test_id_000438_t5_c0,big,big_0,3,2.2,1.15,104,56131.68,60889.171875,74356.96875,78219.828125,87593.140625,32,36.151292512336134,HI,78219.828125,15665.78125,93885.609375,56131.6796875,26703.96875
test_id_test_id_000438_36,test_id_000438,105,diverse_fill_1,5,1,test_id_000438_t5_c1,little,little_1,3,1.5,1.0,104,110412.6,117670.078125,132955.03125,137249.078125,147874.96875,32,36.151292512336134,HI,137249.078125,15665.78125,152914.859375,110412.6015625,30204.890625
test_id_test_id_000438_37,test_id_000438,105,diverse_fill_1,5,2,test_id_000438_t5_c2,big,big_0,0,1.0,0.9,104,112906.62,120591.59375,136303.046875,140859.921875,151975.03125,32,36.151292512336134,HI,140859.921875,15665.78125,156525.703125,112906.6171875,31383.4375
test_id_test_id_000438_38,test_id_000438,105,diverse_fill_1,5,3,test_id_000438_t5_c3,little,little_0,0,0.6,0.8,104,237403.4,248061.125,271682.5625,278660.0,294605.0625,32,36.151292512336134,HI,278660.0,15665.78125,294325.78125,237403.40625,46543.9375
test_id_test_id_000438_39,test_id_000438,105,diverse_fill_1,5,4,test_id_000438_t5_c4,big,big_0,1,1.4,0.98,104,89106.46,94586.40625,109365.671875,113506.109375,123849.453125,32,36.151292512336134,HI,113506.109375,15665.78125,129171.890625,89106.4609375,29263.046875
test_id_test_id_000438_40,test_id_000438,105,diverse_fill_1,5,5,test_id_000438_t5_c5,little,little_0,1,0.9,0.86,104,133105.33,162779.453125,180681.0,186099.53125,198687.421875,32,36.151292512336134,HI,186099.53125,15665.78125,201765.3125,133105.328125,35907.96875
test_id_test_id_000438_41,test_id_000438,105,diverse_fill_1,5,6,test_id_000438_t5_c6,big,big_0,2,1.8,1.06,104,64779.977,73243.328125,87259.28125,91204.828125,100945.171875,32,36.151292512336134,HI,91204.828125,15665.78125,106870.609375,64779.9765625,27701.84375
test_id_test_id_000448_00,test_id_000448,1,source_like,0,0,test_id_000448_t0_c0,big,big_0,2,1.8,1.06,0,52551.504,63981.34375,77542.484375,81381.875,90756.421875,32,36.151292512336134,LO,81381.875,0.0,81381.875,52551.50390625,26775.078125
test_id_test_id_000448_01,test_id_000448,1,source_like,0,1,test_id_000448_t0_c1,little,little_1,2,1.2,0.93,0,122313.24,135293.734375,151285.828125,155906.125,167047.5,32,36.151292512336134,LO,155906.125,0.0,155906.125,122313.2421875,31753.765625
test_id_test_id_000448_02,test_id_000448,1,source_like,0,2,test_id_000448_t0_c2,big,big_0,3,2.2,1.15,0,48897.86,56630.75,69861.09375,73645.125,82775.46875,32,36.151292512336134,LO,73645.125,0.0,73645.125,48897.859375,26144.71875
test_id_test_id_000448_03,test_id_000448,1,source_like,0,3,test_id_000448_t0_c3,little,little_0,3,1.5,1.0,0,102497.875,108951.140625,123921.421875,128069.25,138431.828125,32,36.151292512336134,LO,128069.25,0.0,128069.25,102497.875,29480.6875
test_id_test_id_000448_04,test_id_000448,1,source_like,0,4,test_id_000448_t0_c4,big,big_0,0,1.0,0.9,0,94511.78,105942.421875,120997.890625,125264.46875,135840.25,32,36.151292512336134,LO,125264.46875,0.0,125264.46875,94511.78125,29897.828125
test_id_test_id_000448_05,test_id_000448,1,source_like,0,5,test_id_000448_t0_c5,little,little_1,0,0.6,0.8,0,258147.62,255040.796875,278847.8125,285779.9375,301645.8125,32,36.151292512336134,LO,285779.9375,0.0,285779.9375,258147.625,46605.015625
test_id_test_id_000448_06,test_id_000448,1,source_like,0,6,test_id_000448_t0_c6,big,big_1,1,1.4,0.98,0,81642.19,87617.6875,102135.234375,106123.25,116128.578125,32,36.151292512336134,LO,106123.25,0.0,106123.25,81642.1875,28510.890625
test_id_test_id_000448_07,test_id_000448,50,sink_like,1,0,test_id_000448_t1_c0,little,little_0,2,1.2,0.93,49,224372.64,248051.203125,270469.875,277057.5625,291895.9375,32,36.151292512336134,LO,277057.5625,0.0,277057.5625,224372.640625,43844.734375
test_id_test_id_000448_08,test_id_000448,50,sink_like,1,1,test_id_000448_t1_c1,big,big_1,3,2.2,1.15,49,99875.016,132745.109375,148663.03125,153159.125,164126.8125,32,36.151292512336134,LO,153159.125,0.0,153159.125,99875.015625,31381.703125
test_id_test_id_000448_09,test_id_000448,50,sink_like,1,2,test_id_000448_t1_c2,little,little_0,3,1.5,1.0,49,166003.55,209446.921875,229639.296875,235708.25,249486.75,32,36.151292512336134,LO,235708.25,0.0,235708.25,166003.546875,40039.828125
test_id_test_id_000448_10,test_id_000448,50,sink_like,1,3,test_id_000448_t1_c3,big,big_1,0,1.0,0.9,49,222060.22,231033.84375,252411.046875,258753.03125,273089.1875,32,36.151292512336134,LO,258753.03125,0.0,258753.03125,222060.21875,42055.34375
test_id_test_id_000448_11,test_id_000448,50,sink_like,1,4,test_id_000448_t1_c4,little,little_1,0,0.6,0.8,49,434706.06,400804.40625,434247.09375,443663.09375,463834.96875,32,36.151292512336134,LO,443663.09375,0.0,443663.09375,434706.0625,63030.5625
test_id_test_id_000448_12,test_id_000448,50,sink_like,1,5,test_id_000448_t1_c5,big,big_0,1,1.4,0.98,49,133786.67,177209.1875,195596.875,201118.78125,213871.78125,32,36.151292512336134,LO,201118.78125,0.0,201118.78125,133786.671875,36662.59375
test_id_test_id_000448_13,test_id_000448,50,sink_like,1,6,test_id_000448_t1_c6,little,little_1,1,0.9,0.86,49,293988.66,295834.78125,321378.375,328688.875,345052.40625,32,36.151292512336134,LO,328688.875,0.0,328688.875,293988.65625,49217.625
test_id_test_id_000448_14,test_id_000448,26,middle,2,0,test_id_000448_t2_c0,big,big_1,3,2.2,1.15,25,68855.2,75095.828125,89166.953125,93073.953125,102771.203125,32,36.151292512336134,LO,93073.953125,0.0,93073.953125,68855.203125,27675.375
test_id_test_id_000448_15,test_id_000448,26,middle,2,1,test_id_000448_t2_c1,little,little_0,3,1.5,1.0,25,116055.73,130375.359375,146164.59375,150655.1875,161599.96875,32,36.151292512336134,LO,150655.1875,0.0,150655.1875,116055.7265625,31224.609375
test_id_test_id_000448_16,test_id_000448,26,middle,2,2,test_id_000448_t2_c2,big,big_0,0,1.0,0.9,25,128732.53,139334.078125,155860.046875,160747.09375,172407.8125,32,36.151292512336134,LO,160747.09375,0.0,160747.09375,128732.53125,33073.734375
test_id_test_id_000448_17,test_id_000448,26,middle,2,3,test_id_000448_t2_c3,little,little_1,0,0.6,0.8,25,304388.8,300617.1875,326655.09375,333880.84375,350504.1875,32,36.151292512336134,LO,333880.84375,0.0,333880.84375,304388.8125,49887.0
test_id_test_id_000448_18,test_id_000448,26,middle,2,4,test_id_000448_t2_c4,big,big_0,1,1.4,0.98,25,90304.12,100921.265625,115795.875,119935.90625,130293.140625,32,36.151292512336134,LO,119935.90625,0.0,119935.90625,90304.1171875,29371.875
test_id_test_id_000448_19,test_id_000448,26,middle,2,5,test_id_000448_t2_c5,little,little_1,1,0.9,0.86,25,216761.67,207407.9375,227595.234375,233658.0625,247471.28125,32,36.151292512336134,LO,233658.0625,0.0,233658.0625,216761.671875,40063.34375
test_id_test_id_000448_20,test_id_000448,26,middle,2,6,test_id_000448_t2_c6,big,big_0,2,1.8,1.06,25,81905.016,89826.140625,104414.609375,108423.890625,118491.71875,32,36.151292512336134,LO,108423.890625,0.0,108423.890625,81905.015625,28665.578125
test_id_test_id_000448_21,test_id_000448,33,high_degree,3,0,test_id_000448_t3_c0,little,little_0,3,1.5,1.0,32,100215.414,109689.796875,124743.3125,128940.046875,139403.4375,32,36.151292512336134,LO,128940.046875,0.0,128940.046875,100215.4140625,29713.640625
test_id_test_id_000448_22,test_id_000448,33,high_degree,3,1,test_id_000448_t3_c1,big,big_1,0,1.0,0.9,32,96208.9,107492.203125,122709.75,127071.796875,137843.78125,32,36.151292512336134,LO,127071.796875,0.0,127071.796875,96208.8984375,30351.578125
test_id_test_id_000448_23,test_id_000448,33,high_degree,3,2,test_id_000448_t3_c2,little,little_0,0,0.6,0.8,32,183405.72,209729.359375,231100.4375,237674.59375,252569.15625,32,36.151292512336134,LO,237674.59375,0.0,237674.59375,183405.71875,42839.796875
test_id_test_id_000448_24,test_id_000448,33,high_degree,3,3,test_id_000448_t3_c3,big,big_1,1,1.4,0.98,32,73863.06,81719.71875,96088.328125,100129.375,110169.765625,32,36.151292512336134,LO,100129.375,0.0,100129.375,73863.0625,28450.046875
test_id_test_id_000448_25,test_id_000448,33,high_degree,3,4,test_id_000448_t3_c4,little,little_1,1,0.9,0.86,32,143149.66,156601.84375,174104.46875,179374.59375,191691.6875,32,36.151292512336134,LO,179374.59375,0.0,179374.59375,143149.65625,35089.84375
test_id_test_id_000448_26,test_id_000448,33,high_degree,3,5,test_id_000448_t3_c5,big,big_1,2,1.8,1.06,32,68060.84,72470.265625,86489.859375,90442.515625,100184.265625,32,36.151292512336134,LO,90442.515625,0.0,90442.515625,68060.84375,27714.0
test_id_test_id_000448_27,test_id_000448,33,high_degree,3,6,test_id_000448_t3_c6,little,little_1,2,1.2,0.93,32,120089.78,125073.234375,140692.65625,145169.875,156093.15625,32,36.151292512336134,LO,145169.875,0.0,145169.875,120089.78125,31019.921875
test_id_test_id_000448_28,test_id_000448,51,communication_heavy,4,0,test_id_000448_t4_c0,big,big_1,0,1.0,0.9,50,317438.78,323543.9375,351167.625,358993.1875,376394.3125,32,36.151292512336134,LO,358993.1875,0.0,358993.1875,317438.78125,52850.375
test_id_test_id_000448_29,test_id_000448,51,communication_heavy,4,1,test_id_000448_t4_c1,little,little_1,0,0.6,0.8,50,681169.0,592033.625,640062.375,654243.125,679687.4375,32,36.151292512336134,LO,654243.125,0.0,654243.125,681169.0,87653.8125
test_id_test_id_000448_30,test_id_000448,51,communication_heavy,4,2,test_id_000448_t4_c2,big,big_0,1,1.4,0.98,50,264098.8,265239.5625,288867.25,295773.6875,311275.6875,32,36.151292512336134,LO,295773.6875,0.0,295773.6875,264098.8125,46036.125
test_id_test_id_000448_31,test_id_000448,51,communication_heavy,4,3,test_id_000448_t4_c3,little,little_1,1,0.9,0.86,50,443723.78,449224.46875,486743.5,497359.1875,519272.78125,32,36.151292512336134,LO,497359.1875,0.0,497359.1875,443723.78125,70048.3125
test_id_test_id_000448_32,test_id_000448,51,communication_heavy,4,4,test_id_000448_t4_c4,big,big_1,2,1.8,1.06,50,191261.3,210230.5625,230753.59375,236991.3125,251120.125,32,36.151292512336134,LO,236991.3125,0.0,236991.3125,191261.296875,40889.5625
test_id_test_id_000448_33,test_id_000448,51,communication_heavy,4,5,test_id_000448_t4_c5,little,little_0,2,1.2,0.93,50,444824.97,391320.125,424509.25,433874.6875,454016.25,32,36.151292512336134,LO,433874.6875,0.0,433874.6875,444824.96875,62696.125
test_id_test_id_000448_34,test_id_000448,51,communication_heavy,4,6,test_id_000448_t4_c6,big,big_1,3,2.2,1.15,50,154800.02,185903.546875,204967.375,210722.8125,223950.296875,32,36.151292512336134,LO,210722.8125,0.0,210722.8125,154800.015625,38046.75
test_id_test_id_000448_35,test_id_000448,15,random,5,0,test_id_000448_t5_c0,little,little_1,0,0.6,0.8,14,382986.88,379367.5625,410645.875,419367.0,438415.875,32,36.151292512336134,LO,419367.0,0.0,419367.0,382986.875,59048.3125
test_id_test_id_000448_36,test_id_000448,15,random,5,1,test_id_000448_t5_c1,big,big_1,1,1.4,0.98,14,180085.34,190871.25,210099.6875,215912.59375,229213.640625,32,36.151292512336134,LO,215912.59375,0.0,215912.59375,180085.34375,38342.390625
test_id_test_id_000448_37,test_id_000448,15,random,5,2,test_id_000448_t5_c2,little,little_1,1,0.9,0.86,14,253198.55,245764.828125,267985.8125,274514.40625,289250.53125,32,36.151292512336134,LO,274514.40625,0.0,274514.40625,253198.546875,43485.703125
test_id_test_id_000448_38,test_id_000448,15,random,5,3,test_id_000448_t5_c3,big,big_0,2,1.8,1.06,14,134215.69,149177.15625,165988.53125,170867.15625,182498.65625,32,36.151292512336134,LO,170867.15625,0.0,170867.15625,134215.6875,33321.5
test_id_test_id_000448_39,test_id_000448,15,random,5,4,test_id_000448_t5_c4,little,little_1,2,1.2,0.93,14,265112.75,237993.0,259818.421875,266273.25,280843.0,32,36.151292512336134,LO,266273.25,0.0,266273.25,265112.75,42850.0
test_id_test_id_000448_40,test_id_000448,15,random,5,5,test_id_000448_t5_c5,big,big_1,3,2.2,1.15,14,148754.84,148466.3125,165275.84375,170121.09375,181711.234375,32,36.151292512336134,LO,170121.09375,0.0,170121.09375,148754.84375,33244.921875
test_id_test_id_000448_41,test_id_000448,15,random,5,6,test_id_000448_t5_c6,little,little_0,3,1.5,1.0,14,163785.75,190450.015625,209641.1875,215433.5,228694.75,32,36.151292512336134,LO,215433.5,0.0,215433.5,163785.75,38244.734375
test_id_test_id_000465_00,test_id_000465,1,source_like,0,0,test_id_000465_t0_c0,big,big_0,0,1.0,0.9,0,93209.75,104442.984375,119432.4375,123659.234375,134167.015625,32,36.151292512336134,HI,123659.234375,15665.78125,139325.015625,93209.75,29724.03125
test_id_test_id_000465_01,test_id_000465,1,source_like,0,1,test_id_000465_t0_c1,little,little_0,0,0.6,0.8,0,244472.83,245711.21875,269020.15625,275887.3125,291558.8125,32,36.151292512336134,HI,275887.3125,15665.78125,291553.09375,244472.828125,45847.59375
test_id_test_id_000465_02,test_id_000465,1,source_like,0,2,test_id_000465_t0_c2,big,big_1,1,1.4,0.98,0,70025.0,83092.203125,97471.328125,101430.109375,111327.453125,32,36.151292512336134,HI,101430.109375,15665.78125,117095.890625,70025.0,28235.25
test_id_test_id_000465_03,test_id_000465,1,source_like,0,3,test_id_000465_t0_c3,little,little_1,1,0.9,0.86,0,153348.34,168402.3125,186421.75,191836.34375,204400.5,32,36.151292512336134,HI,191836.34375,15665.78125,207502.125,153348.34375,35998.1875
test_id_test_id_000465_04,test_id_000465,1,source_like,0,4,test_id_000465_t0_c4,big,big_1,2,1.8,1.06,0,55268.848,65649.53125,79300.203125,83134.265625,92521.984375,32,36.151292512336134,HI,83134.265625,15665.78125,98800.046875,55268.84765625,26872.453125
test_id_test_id_000465_05,test_id_000465,1,source_like,0,5,test_id_000465_t0_c5,little,little_0,2,1.2,0.93,0,131748.81,137442.390625,153447.953125,158051.90625,169169.703125,32,36.151292512336134,HI,158051.90625,15665.78125,173717.6875,131748.8125,31727.3125
test_id_test_id_000465_06,test_id_000465,1,source_like,0,6,test_id_000465_t0_c6,big,big_0,3,2.2,1.15,0,46013.953,57379.4375,70646.421875,74431.453125,83575.421875,32,36.151292512336134,HI,74431.453125,15665.78125,90097.234375,46013.953125,26195.984375
test_id_test_id_000465_07,test_id_000465,6,sink_like,1,0,test_id_000465_t1_c0,little,little_0,0,0.6,0.8,5,285603.16,275972.1875,300767.0,307894.9375,324172.9375,32,36.151292512336134,HI,307894.9375,15665.78125,323560.71875,285603.15625,48200.75
test_id_test_id_000465_08,test_id_000465,6,sink_like,1,1,test_id_000465_t1_c1,big,big_1,1,1.4,0.98,5,128335.43,129681.21875,145510.21875,150016.625,161010.625,32,36.151292512336134,HI,150016.625,15665.78125,165682.40625,128335.4296875,31329.40625
test_id_test_id_000465_09,test_id_000465,6,sink_like,1,2,test_id_000465_t1_c2,little,little_1,1,0.9,0.86,5,180645.64,191639.65625,211054.46875,216983.3125,230499.71875,32,36.151292512336134,HI,216983.3125,15665.78125,232649.09375,180645.640625,38860.0625
test_id_test_id_000465_10,test_id_000465,6,sink_like,1,3,test_id_000465_t1_c3,big,big_0,2,1.8,1.06,5,88268.93,92601.171875,107215.75,111237.1875,121343.765625,32,36.151292512336134,HI,111237.1875,15665.78125,126902.96875,88268.9296875,28742.59375
test_id_test_id_000465_11,test_id_000465,6,sink_like,1,4,test_id_000465_t1_c4,little,little_1,2,1.2,0.93,5,169519.81,175781.40625,193998.609375,199461.0625,212100.875,32,36.151292512336134,HI,199461.0625,15665.78125,215126.84375,169519.8125,36319.46875
test_id_test_id_000465_12,test_id_000465,6,sink_like,1,5,test_id_000465_t1_c5,big,big_1,3,2.2,1.15,5,72689.016,78123.609375,92260.125,96177.453125,105939.84375,32,36.151292512336134,HI,96177.453125,15665.78125,111843.234375,72689.015625,27816.234375
test_id_test_id_000465_13,test_id_000465,6,sink_like,1,6,test_id_000465_t1_c6,little,little_1,3,1.5,1.0,5,145512.36,150317.0,167040.0625,171906.953125,183489.875,32,36.151292512336134,HI,171906.953125,15665.78125,187572.734375,145512.359375,33172.875
test_id_test_id_000465_14,test_id_000465,120,middle,2,0,test_id_000465_t2_c0,big,big_0,1,1.4,0.98,119,122411.37,152294.484375,169240.5,174195.5625,185950.390625,32,36.151292512336134,HI,174195.5625,15665.78125,189861.34375,122411.3671875,33655.90625
test_id_test_id_000465_15,test_id_000465,120,middle,2,1,test_id_000465_t2_c1,little,little_0,1,0.9,0.86,119,219104.62,222888.625,243754.75,249966.796875,264048.59375,32,36.151292512336134,HI,249966.796875,15665.78125,265632.578125,219104.625,41159.96875
test_id_test_id_000465_16,test_id_000465,120,middle,2,2,test_id_000465_t2_c2,big,big_0,2,1.8,1.06,119,81951.23,101785.953125,116565.390625,120635.546875,130863.765625,32,36.151292512336134,HI,120635.546875,15665.78125,136301.328125,81951.2265625,29077.8125
test_id_test_id_000465_17,test_id_000465,120,middle,2,3,test_id_000465_t2_c3,little,little_1,2,1.2,0.93,119,186784.23,200211.21875,219831.125,225736.765625,239198.96875,32,36.151292512336134,HI,225736.765625,15665.78125,241402.546875,186784.234375,38987.75
test_id_test_id_000465_18,test_id_000465,120,middle,2,4,test_id_000465_t2_c4,big,big_1,3,2.2,1.15,119,82299.85,99267.875,114093.71875,118145.453125,128349.453125,32,36.151292512336134,HI,118145.453125,15665.78125,133811.234375,82299.8515625,29081.578125
test_id_test_id_000465_19,test_id_000465,120,middle,2,5,test_id_000465_t2_c5,little,little_1,3,1.5,1.0,119,174649.3,186263.546875,205036.671875,210653.734375,223582.0625,32,36.151292512336134,HI,210653.734375,15665.78125,226319.515625,174649.296875,37318.515625
test_id_test_id_000465_20,test_id_000465,120,middle,2,6,test_id_000465_t2_c6,big,big_0,0,1.0,0.9,119,150348.2,175812.0,194250.578125,199853.8125,212758.453125,32,36.151292512336134,HI,199853.8125,15665.78125,215519.59375,150348.203125,36946.453125
test_id_test_id_000465_21,test_id_000465,33,high_degree,3,0,test_id_000465_t3_c0,little,little_1,1,0.9,0.86,32,267204.88,249560.25,271998.0625,278544.1875,293348.5,32,36.151292512336134,HI,278544.1875,15665.78125,294209.96875,267204.875,43788.25
test_id_test_id_000465_22,test_id_000465,33,high_degree,3,1,test_id_000465_t3_c1,big,big_1,2,1.8,1.06,32,92746.52,113735.59375,128901.0625,133111.703125,143599.921875,32,36.151292512336134,HI,133111.703125,15665.78125,148777.484375,92746.5234375,29864.328125
test_id_test_id_000465_23,test_id_000465,33,high_degree,3,2,test_id_000465_t3_c2,little,little_0,2,1.2,0.93,32,188215.78,204721.84375,224654.71875,230654.53125,244309.15625,32,36.151292512336134,HI,230654.53125,15665.78125,246320.3125,188215.78125,39587.3125
test_id_test_id_000465_24,test_id_000465,33,high_degree,3,3,test_id_000465_t3_c3,big,big_1,3,2.2,1.15,32,104363.85,116838.640625,132234.890625,136486.171875,147071.09375,32,36.151292512336134,HI,136486.171875,15665.78125,152151.953125,104363.8515625,30232.453125
test_id_test_id_000465_25,test_id_000465,33,high_degree,3,4,test_id_000465_t3_c4,little,little_1,3,1.5,1.0,32,144770.45,172730.625,190807.5625,196200.9375,208725.46875,32,36.151292512336134,HI,196200.9375,15665.78125,211866.71875,144770.453125,35994.84375
test_id_test_id_000465_26,test_id_000465,33,high_degree,3,5,test_id_000465_t3_c5,big,big_1,0,1.0,0.9,32,149259.77,177094.1875,195639.9375,201285.28125,214273.265625,32,36.151292512336134,HI,201285.28125,15665.78125,216951.0625,149259.765625,37179.078125
test_id_test_id_000465_27,test_id_000465,33,high_degree,3,6,test_id_000465_t3_c6,little,little_0,0,0.6,0.8,32,318987.9,313492.6875,340402.3125,347996.40625,365126.8125,32,36.151292512336134,HI,347996.40625,15665.78125,363662.1875,318987.90625,51634.125
test_id_test_id_000465_28,test_id_000465,209,communication_heavy,4,0,test_id_000465_t4_c0,big,big_0,2,1.8,1.06,208,175529.25,209187.546875,229593.921875,235782.9375,249815.359375,32,36.151292512336134,HI,235782.9375,15665.78125,251448.71875,175529.25,40627.8125
test_id_test_id_000465_29,test_id_000465,209,communication_heavy,4,1,test_id_000465_t4_c1,little,little_1,2,1.2,0.93,208,295103.66,310876.53125,337580.625,345187.34375,362144.90625,32,36.151292512336134,HI,345187.34375,15665.78125,360853.125,295103.65625,51268.375
test_id_test_id_000465_30,test_id_000465,209,communication_heavy,4,2,test_id_000465_t4_c2,big,big_0,3,2.2,1.15,208,153625.36,187727.75,206916.234375,212713.765625,226023.84375,32,36.151292512336134,HI,212713.765625,15665.78125,228379.546875,153625.359375,38296.09375
test_id_test_id_000465_31,test_id_000465,209,communication_heavy,4,3,test_id_000465_t4_c3,little,little_0,3,1.5,1.0,208,229933.61,251152.203125,273942.0,280683.625,295832.875,32,36.151292512336134,HI,280683.625,15665.78125,296349.40625,229933.609375,44680.671875
test_id_test_id_000465_32,test_id_000465,209,communication_heavy,4,4,test_id_000465_t4_c4,big,big_0,0,1.0,0.9,208,274200.56,284884.71875,309740.21875,316889.8125,332926.09375,32,36.151292512336134,HI,316889.8125,15665.78125,332555.59375,274200.5625,48041.375
test_id_test_id_000465_33,test_id_000465,209,communication_heavy,4,5,test_id_000465_t4_c5,little,little_1,0,0.6,0.8,208,626838.0,550508.0,595262.25,608256.5,632550.4375,32,36.151292512336134,HI,608256.5,15665.78125,623922.28125,626838.0,82042.4375
test_id_test_id_000465_34,test_id_000465,209,communication_heavy,4,6,test_id_000465_t4_c6,big,big_0,1,1.4,0.98,208,194826.47,223360.46875,244590.0625,250998.78125,265462.46875,32,36.151292512336134,HI,250998.78125,15665.78125,266664.5625,194826.46875,42102.0
test_id_test_id_000465_35,test_id_000465,154,random,5,0,test_id_000465_t5_c0,little,little_1,2,1.2,0.93,153,280539.06,273640.6875,297747.65625,304738.78125,320426.625,32,36.151292512336134,HI,304738.78125,15665.78125,320404.5625,280539.0625,46785.9375
test_id_test_id_000465_36,test_id_000465,154,random,5,1,test_id_000465_t5_c1,big,big_1,3,2.2,1.15,153,152351.0,171317.390625,189534.578125,194960.984375,207597.84375,32,36.151292512336134,HI,194960.984375,15665.78125,210626.765625,152351.0,36280.453125
test_id_test_id_000465_37,test_id_000465,154,random,5,2,test_id_000465_t5_c2,little,little_0,3,1.5,1.0,153,238681.48,240158.3125,262269.40625,268854.3125,283674.71875,32,36.151292512336134,HI,268854.3125,15665.78125,284520.09375,238681.484375,43516.40625
test_id_test_id_000465_38,test_id_000465,154,random,5,3,test_id_000465_t5_c3,big,big_0,0,1.0,0.9,153,277971.75,266859.71875,290496.40625,297360.03125,312799.625,32,36.151292512336134,HI,297360.03125,15665.78125,313025.8125,277971.75,45939.90625
test_id_test_id_000465_39,test_id_000465,154,random,5,4,test_id_000465_t5_c4,little,little_0,0,0.6,0.8,153,561974.9,486450.78125,525872.625,537033.5,559318.5,32,36.151292512336134,HI,537033.5,15665.78125,552699.28125,561974.875,72867.71875
test_id_test_id_000465_40,test_id_000465,154,random,5,5,test_id_000465_t5_c5,big,big_1,1,1.4,0.98,153,190096.94,216701.703125,237540.65625,243846.875,258108.40625,32,36.151292512336134,HI,243846.875,15665.78125,259512.65625,190096.9375,41406.703125
test_id_test_id_000465_41,test_id_000465,154,random,5,6,test_id_000465_t5_c6,little,little_1,1,0.9,0.86,153,474647.38,388299.53125,421004.5,430216.625,450067.28125,32,36.151292512336134,HI,430216.625,15665.78125,445882.40625,474647.375,61767.75
test_id_test_id_000474_00,test_id_000474,5,source_like,0,0,test_id_000474_t0_c0,big,big_0,0,1.0,0.9,4,58498.402,64738.234375,78511.640625,82471.140625,92093.65625,32,36.151292512336134,LO,82471.140625,0.0,82471.140625,58498.40234375,27355.421875
test_id_test_id_000474_01,test_id_000474,5,source_like,0,1,test_id_000474_t0_c1,little,little_1,0,0.6,0.8,4,150723.66,150420.53125,167977.78125,173240.9375,185612.5625,32,36.151292512336134,LO,173240.9375,0.0,173240.9375,150723.65625,35192.03125
test_id_test_id_000474_02,test_id_000474,5,source_like,0,2,test_id_000474_t0_c2,big,big_0,1,1.4,0.98,4,41841.586,49530.328125,62527.453125,66374.515625,75505.421875,32,36.151292512336134,LO,66374.515625,0.0,66374.515625,41841.5859375,25975.09375
test_id_test_id_000474_03,test_id_000474,5,source_like,0,3,test_id_000474_t0_c3,little,little_0,1,0.9,0.86,4,102689.39,106509.8125,121639.09375,125953.1875,136629.78125,32,36.151292512336134,LO,125953.1875,0.0,125953.1875,102689.390625,30119.96875
test_id_test_id_000474_04,test_id_000474,5,source_like,0,4,test_id_000474_t0_c4,big,big_0,2,1.8,1.06,4,36488.977,47300.90625,60235.78125,64082.71875,73166.453125,32,36.151292512336134,LO,64082.71875,0.0,64082.71875,36488.9765625,25865.546875
test_id_test_id_000474_05,test_id_000474,5,source_like,0,5,test_id_000474_t0_c5,little,little_1,2,1.2,0.93,4,80667.04,80635.96875,94948.96875,98964.59375,108941.359375,32,36.151292512336134,LO,98964.59375,0.0,98964.59375,80667.0390625,28305.390625
test_id_test_id_000474_06,test_id_000474,5,source_like,0,6,test_id_000474_t0_c6,big,big_0,3,2.2,1.15,4,26360.643,35459.0625,47991.53125,51848.0,60739.25,32,36.151292512336134,LO,51848.0,0.0,51848.0,26360.642578125,25280.1875
test_id_test_id_000474_07,test_id_000474,74,sink_like,1,0,test_id_000474_t1_c0,little,little_0,0,0.6,0.8,73,596474.2,523941.46875,566646.0,578958.5,602539.875,32,36.151292512336134,LO,578958.5,0.0,578958.5,596474.1875,78598.40625
test_id_test_id_000474_08,test_id_000474,74,sink_like,1,1,test_id_000474_t1_c1,big,big_1,1,1.4,0.98,73,214904.16,232104.890625,253704.71875,260157.09375,274701.65625,32,36.151292512336134,LO,260157.09375,0.0,260157.09375,214904.15625,42596.765625
test_id_test_id_000474_09,test_id_000474,74,sink_like,1,2,test_id_000474_t1_c2,little,little_1,1,0.9,0.86,73,322906.44,336512.84375,364967.0625,372986.5625,390742.5625,32,36.151292512336134,LO,372986.5625,0.0,372986.5625,322906.4375,54229.71875
test_id_test_id_000474_10,test_id_000474,74,sink_like,1,3,test_id_000474_t1_c3,big,big_1,2,1.8,1.06,73,155213.55,190027.28125,209304.234375,215140.375,228496.15625,32,36.151292512336134,LO,215140.375,0.0,215140.375,155213.546875,38468.875
test_id_test_id_000474_11,test_id_000474,74,sink_like,1,4,test_id_000474_t1_c4,little,little_0,2,1.2,0.93,73,305094.56,310739.5,337436.4375,345047.96875,362007.4375,32,36.151292512336134,LO,345047.96875,0.0,345047.96875,305094.5625,51267.9375
test_id_test_id_000474_12,test_id_000474,74,sink_like,1,5,test_id_000474_t1_c5,big,big_1,3,2.2,1.15,73,183329.44,202502.78125,222448.625,228485.625,242221.84375,32,36.151292512336134,LO,228485.625,0.0,228485.625,183329.4375,39719.0625
test_id_test_id_000474_13,test_id_000474,74,sink_like,1,6,test_id_000474_t1_c6,little,little_1,3,1.5,1.0,73,217586.45,236581.03125,258478.46875,265016.53125,279731.5625,32,36.151292512336134,LO,265016.53125,0.0,265016.53125,217586.453125,43150.53125
test_id_test_id_000474_14,test_id_000474,56,middle,2,0,test_id_000474_t2_c0,big,big_1,1,1.4,0.98,55,294637.0,261280.25,284595.1875,291408.125,306711.8125,32,36.151292512336134,LO,291408.125,0.0,291408.125,294637.0,45431.5625
test_id_test_id_000474_15,test_id_000474,56,middle,2,1,test_id_000474_t2_c1,little,little_1,1,0.9,0.86,55,395286.0,391338.6875,424254.125,433507.5,453440.0625,32,36.151292512336134,LO,433507.5,0.0,433507.5,395286.0,62101.375
test_id_test_id_000474_16,test_id_000474,56,middle,2,2,test_id_000474_t2_c2,big,big_0,2,1.8,1.06,55,196698.33,209931.84375,230281.609375,236432.0625,250373.875,32,36.151292512336134,LO,236432.0625,0.0,236432.0625,196698.328125,40442.03125
test_id_test_id_000474_17,test_id_000474,56,middle,2,3,test_id_000474_t2_c3,little,little_0,2,1.2,0.93,55,310793.7,329418.65625,357544.03125,365519.3125,383198.1875,32,36.151292512336134,LO,365519.3125,0.0,365519.3125,310793.6875,53779.53125
test_id_test_id_000474_18,test_id_000474,56,middle,2,4,test_id_000474_t2_c4,big,big_1,3,2.2,1.15,55,178586.89,192659.0,212026.34375,217876.59375,231259.296875,32,36.151292512336134,LO,217876.59375,0.0,217876.59375,178586.890625,38600.296875
test_id_test_id_000474_19,test_id_000474,56,middle,2,5,test_id_000474_t2_c5,little,little_0,3,1.5,1.0,55,227843.47,255588.703125,278571.1875,285331.71875,300511.65625,32,36.151292512336134,LO,285331.71875,0.0,285331.71875,227843.46875,44922.953125
test_id_test_id_000474_20,test_id_000474,56,middle,2,6,test_id_000474_t2_c6,big,big_1,0,1.0,0.9,55,377040.1,335121.25,363712.15625,371805.25,389714.28125,32,36.151292512336134,LO,371805.25,0.0,371805.25,377040.09375,54593.03125
test_id_test_id_000474_21,test_id_000474,94,communication_heavy,3,0,test_id_000474_t3_c0,little,little_0,1,0.9,0.86,93,491184.28,480855.40625,521039.78125,532522.625,555537.75,32,36.151292512336134,LO,532522.625,0.0,532522.625,491184.28125,74682.34375
test_id_test_id_000474_22,test_id_000474,94,communication_heavy,3,1,test_id_000474_t3_c1,big,big_1,2,1.8,1.06,93,360875.34,319649.5625,347086.8125,354886.15625,372234.5,32,36.151292512336134,LO,354886.15625,0.0,354886.15625,360875.34375,52584.9375
test_id_test_id_000474_23,test_id_000474,94,communication_heavy,3,2,test_id_000474_t3_c2,little,little_1,2,1.2,0.93,93,440959.53,411593.625,446401.125,456225.25,477087.03125,32,36.151292512336134,LO,456225.25,0.0,456225.25,440959.53125,65493.40625
test_id_test_id_000474_24,test_id_000474,94,communication_heavy,3,3,test_id_000474_t3_c3,big,big_1,3,2.2,1.15,93,264094.03,258341.75,281569.625,288407.125,303762.375,32,36.151292512336134,LO,288407.125,0.0,288407.125,264094.03125,45420.625
test_id_test_id_000474_25,test_id_000474,94,communication_heavy,3,4,test_id_000474_t3_c4,little,little_1,3,1.5,1.0,93,474111.4,408446.875,443292.9375,453164.6875,474129.6875,32,36.151292512336134,LO,453164.6875,0.0,453164.6875,474111.40625,65682.8125
test_id_test_id_000474_26,test_id_000474,94,communication_heavy,3,5,test_id_000474_t3_c5,big,big_1,0,1.0,0.9,93,382074.16,381451.4375,413654.5625,422704.875,442336.03125,32,36.151292512336134,LO,422704.875,0.0,422704.875,382074.15625,60884.59375
test_id_test_id_000474_27,test_id_000474,94,communication_heavy,3,6,test_id_000474_t3_c6,little,little_0,0,0.6,0.8,93,771604.7,640978.0625,693411.375,709207.25,736486.0,32,36.151292512336134,LO,709207.25,0.0,709207.25,771604.6875,95507.9375
test_id_test_id_000474_28,test_id_000474,23,random,4,0,test_id_000474_t4_c0,big,big_0,2,1.8,1.06,22,123334.61,130229.640625,146177.84375,150688.34375,161713.40625,32,36.151292512336134,LO,150688.34375,0.0,150688.34375,123334.609375,31483.765625
test_id_test_id_000474_29,test_id_000474,23,random,4,1,test_id_000474_t4_c1,little,little_1,2,1.2,0.93,22,166468.61,184391.6875,203250.625,208966.03125,222071.5625,32,36.151292512336134,LO,208966.03125,0.0,208966.03125,166468.609375,37679.875
test_id_test_id_000474_30,test_id_000474,23,random,4,2,test_id_000474_t4_c2,big,big_1,3,2.2,1.15,22,79147.805,85238.53125,99583.109375,103544.421875,113477.46875,32,36.151292512336134,LO,103544.421875,0.0,103544.421875,79147.8046875,28238.9375
test_id_test_id_000474_31,test_id_000474,23,random,4,3,test_id_000474_t4_c3,little,little_1,3,1.5,1.0,22,127273.586,150159.328125,166969.234375,171885.03125,183557.9375,32,36.151292512336134,LO,171885.03125,0.0,171885.03125,127273.5859375,33398.609375
test_id_test_id_000474_32,test_id_000474,23,random,4,4,test_id_000474_t4_c4,big,big_0,0,1.0,0.9,22,185741.38,178840.671875,197509.546875,203199.65625,216280.0,32,36.151292512336134,LO,203199.65625,0.0,203199.65625,185741.375,37439.328125
test_id_test_id_000474_33,test_id_000474,23,random,4,5,test_id_000474_t4_c5,little,little_1,0,0.6,0.8,22,351160.97,328273.4375,355839.90625,363410.84375,380607.125,32,36.151292512336134,LO,363410.84375,0.0,363410.84375,351160.96875,52333.6875
test_id_test_id_000474_34,test_id_000474,23,random,4,6,test_id_000474_t4_c6,big,big_1,1,1.4,0.98,22,127963.68,136077.5625,152278.875,156957.296875,168247.328125,32,36.151292512336134,LO,156957.296875,0.0,156957.296875,127963.6796875,32169.765625
test_id_test_id_000474_35,test_id_000474,18,diverse_fill_1,5,0,test_id_000474_t5_c0,little,little_0,2,1.2,0.93,17,249482.75,251998.1875,274718.9375,281398.90625,296426.25,32,36.151292512336134,LO,281398.90625,0.0,281398.90625,249482.75,44428.0625
test_id_test_id_000474_36,test_id_000474,18,diverse_fill_1,5,1,test_id_000474_t5_c1,big,big_0,3,2.2,1.15,17,139033.44,153226.40625,170327.984375,175299.5625,187112.90625,32,36.151292512336134,LO,175299.5625,0.0,175299.5625,139033.4375,33886.5
test_id_test_id_000474_37,test_id_000474,18,diverse_fill_1,5,2,test_id_000474_t5_c2,little,little_0,3,1.5,1.0,17,213143.12,220752.359375,241716.296875,248025.609375,262278.96875,32,36.151292512336134,LO,248025.609375,0.0,248025.609375,213143.125,41526.609375
test_id_test_id_000474_38,test_id_000474,18,diverse_fill_1,5,3,test_id_000474_t5_c3,big,big_1,0,1.0,0.9,17,243698.38,256183.4375,279080.5625,285762.15625,300819.6875,32,36.151292512336134,LO,285762.15625,0.0,285762.15625,243698.375,44636.25
test_id_test_id_000474_39,test_id_000474,18,diverse_fill_1,5,4,test_id_000474_t5_c4,little,little_0,0,0.6,0.8,17,533193.44,462180.1875,499834.71875,510466.625,532189.125,32,36.151292512336134,LO,510466.625,0.0,510466.625,533193.4375,70008.9375
test_id_test_id_000474_40,test_id_000474,18,diverse_fill_1,5,5,test_id_000474_t5_c5,big,big_0,1,1.4,0.98,17,153288.88,183025.5625,201943.125,207674.65625,220834.140625,32,36.151292512336134,LO,207674.65625,0.0,207674.65625,153288.875,37808.578125
test_id_test_id_000474_41,test_id_000474,18,diverse_fill_1,5,6,test_id_000474_t5_c6,little,little_0,1,0.9,0.86,17,350248.16,325163.625,352757.6875,360562.1875,377896.3125,32,36.151292512336134,LO,360562.1875,0.0,360562.1875,350248.15625,52732.6875
test_id_test_id_000477_00,test_id_000477,2,source_like,0,0,test_id_000477_t0_c0,big,big_1,2,1.8,1.06,1,56409.785,73576.09375,87663.25,91533.265625,101115.453125,32,36.151292512336134,HI,91533.265625,15665.78125,107199.046875,56409.78515625,27539.359375
test_id_test_id_000477_01,test_id_000477,2,source_like,0,1,test_id_000477_t0_c1,little,little_1,2,1.2,0.93,1,130550.41,133074.53125,148950.734375,153515.265625,164569.296875,32,36.151292512336134,HI,153515.265625,15665.78125,169181.046875,130550.40625,31494.765625
test_id_test_id_000477_02,test_id_000477,2,source_like,0,2,test_id_000477_t0_c2,big,big_0,3,2.2,1.15,1,42679.85,54202.328125,67309.203125,71081.421875,80144.8125,32,36.151292512336134,HI,71081.421875,15665.78125,86747.203125,42679.8515625,25942.484375
test_id_test_id_000477_03,test_id_000477,2,source_like,0,3,test_id_000477_t0_c3,little,little_0,3,1.5,1.0,1,98859.15,102155.5,116979.265625,121082.984375,131360.15625,32,36.151292512336134,HI,121082.984375,15665.78125,136748.765625,98859.1484375,29204.65625
test_id_test_id_000477_04,test_id_000477,2,source_like,0,4,test_id_000477_t0_c4,big,big_1,0,1.0,0.9,1,96444.52,102739.328125,117682.375,121898.328125,132382.515625,32,36.151292512336134,HI,121898.328125,15665.78125,137564.109375,96444.5234375,29643.1875
test_id_test_id_000477_05,test_id_000477,2,source_like,0,5,test_id_000477_t0_c5,little,little_1,0,0.6,0.8,1,240645.14,250615.65625,274213.03125,281109.125,296898.3125,32,36.151292512336134,HI,281109.125,15665.78125,296774.90625,240645.140625,46282.65625
test_id_test_id_000477_06,test_id_000477,2,source_like,0,6,test_id_000477_t0_c6,big,big_1,1,1.4,0.98,1,68177.51,80812.34375,95115.15625,99071.703125,108934.859375,32,36.151292512336134,HI,99071.703125,15665.78125,114737.484375,68177.5078125,28122.515625
test_id_test_id_000477_07,test_id_000477,72,sink_like,1,0,test_id_000477_t1_c0,little,little_1,2,1.2,0.93,71,377412.22,357897.09375,388241.1875,396788.34375,415538.1875,32,36.151292512336134,HI,396788.34375,15665.78125,412454.125,377412.21875,57641.09375
test_id_test_id_000477_08,test_id_000477,72,sink_like,1,1,test_id_000477_t1_c1,big,big_0,3,2.2,1.15,71,162923.6,183639.875,202592.28125,208309.828125,221469.9375,32,36.151292512336134,HI,208309.828125,15665.78125,223975.609375,162923.59375,37830.0625
test_id_test_id_000477_09,test_id_000477,72,sink_like,1,2,test_id_000477_t1_c2,little,little_1,3,1.5,1.0,71,302483.75,307686.8125,334217.3125,341798.625,358701.9375,32,36.151292512336134,HI,341798.625,15665.78125,357464.40625,302483.75,51015.125
test_id_test_id_000477_10,test_id_000477,72,sink_like,1,3,test_id_000477_t1_c3,big,big_1,0,1.0,0.9,71,269511.2,288385.46875,313490.5,320706.3125,336874.4375,32,36.151292512336134,HI,320706.3125,15665.78125,336372.09375,269511.1875,48488.96875
test_id_test_id_000477_11,test_id_000477,72,sink_like,1,4,test_id_000477_t1_c4,little,little_1,0,0.6,0.8,71,567566.56,550451.0,595057.1875,608004.5,632212.8125,32,36.151292512336134,HI,608004.5,15665.78125,623670.28125,567566.5625,81761.8125
test_id_test_id_000477_12,test_id_000477,72,sink_like,1,5,test_id_000477_t1_c5,big,big_0,1,1.4,0.98,71,272736.53,277491.9375,301898.1875,308967.75,324816.15625,32,36.151292512336134,HI,308967.75,15665.78125,324633.53125,272736.53125,47324.21875
test_id_test_id_000477_13,test_id_000477,72,sink_like,1,6,test_id_000477_t1_c6,little,little_0,1,0.9,0.86,71,461218.3,440490.59375,477315.84375,487717.4375,509348.0625,32,36.151292512336134,HI,487717.4375,15665.78125,503383.21875,461218.3125,68857.46875
test_id_test_id_000477_14,test_id_000477,227,middle,2,0,test_id_000477_t2_c0,big,big_1,3,2.2,1.15,226,110463.7,134851.265625,150859.0625,155393.65625,166428.296875,32,36.151292512336134,HI,155393.65625,15665.78125,171059.4375,110463.703125,31577.03125
test_id_test_id_000477_15,test_id_000477,227,middle,2,1,test_id_000477_t2_c1,little,little_1,3,1.5,1.0,226,207725.52,227691.78125,248926.21875,255253.421875,269549.0,32,36.151292512336134,HI,255253.421875,15665.78125,270919.203125,207725.515625,41857.21875
test_id_test_id_000477_16,test_id_000477,227,middle,2,2,test_id_000477_t2_c2,big,big_0,0,1.0,0.9,226,218480.19,226616.453125,247785.203125,254095.265625,268367.6875,32,36.151292512336134,HI,254095.265625,15665.78125,269761.046875,218480.1875,41751.234375
test_id_test_id_000477_17,test_id_000477,227,middle,2,3,test_id_000477_t2_c3,little,little_1,0,0.6,0.8,226,455001.06,421408.75,456029.9375,465750.9375,486297.75,32,36.151292512336134,HI,465750.9375,15665.78125,481416.71875,455001.0625,64889.0
test_id_test_id_000477_18,test_id_000477,227,middle,2,4,test_id_000477_t2_c4,big,big_1,1,1.4,0.98,226,164047.1,197593.3125,217174.453125,223092.03125,236583.3125,32,36.151292512336134,HI,223092.03125,15665.78125,238757.8125,164047.09375,38990.0
test_id_test_id_000477_19,test_id_000477,227,middle,2,5,test_id_000477_t2_c5,little,little_1,1,0.9,0.86,226,276951.16,284453.625,309166.53125,316271.40625,332211.625,32,36.151292512336134,HI,316271.40625,15665.78125,331937.1875,276951.15625,47758.0
test_id_test_id_000477_20,test_id_000477,227,middle,2,6,test_id_000477_t2_c6,big,big_0,2,1.8,1.06,226,114463.164,148176.6875,164842.828125,169669.59375,181194.75,32,36.151292512336134,HI,169669.59375,15665.78125,185335.375,114463.1640625,33018.0625
test_id_test_id_000477_21,test_id_000477,137,high_degree,3,0,test_id_000477_t3_c0,little,little_0,3,1.5,1.0,136,334166.0,344520.125,373839.09375,382119.375,400389.21875,32,36.151292512336134,HI,382119.375,15665.78125,397785.15625,334166.0,55869.09375
test_id_test_id_000477_22,test_id_000477,137,high_degree,3,1,test_id_000477_t3_c1,big,big_1,0,1.0,0.9,136,381087.3,386347.78125,418954.4375,428116.96875,447933.28125,32,36.151292512336134,HI,428116.96875,15665.78125,443782.75,381087.3125,61585.5
test_id_test_id_000477_23,test_id_000477,137,high_degree,3,2,test_id_000477_t3_c2,little,little_0,0,0.6,0.8,136,733049.06,650667.5625,703850.625,719886.375,747439.75,32,36.151292512336134,HI,719886.375,15665.78125,735552.15625,733049.0625,96772.1875
test_id_test_id_000477_24,test_id_000477,137,high_degree,3,3,test_id_000477_t3_c3,big,big_1,1,1.4,0.98,136,315432.2,333561.75,362034.15625,370088.9375,387937.40625,32,36.151292512336134,HI,370088.9375,15665.78125,385754.71875,315432.1875,54375.65625
test_id_test_id_000477_25,test_id_000477,137,high_degree,3,4,test_id_000477_t3_c4,little,little_1,1,0.9,0.86,136,447666.3,469712.375,508871.34375,520002.28125,542571.375,32,36.151292512336134,HI,520002.28125,15665.78125,535668.0625,447666.3125,72859.0
test_id_test_id_000477_26,test_id_000477,137,high_degree,3,5,test_id_000477_t3_c5,big,big_1,2,1.8,1.06,136,277936.25,300737.40625,326772.84375,334230.15625,350887.71875,32,36.151292512336134,HI,334230.15625,15665.78125,349895.9375,277936.25,50150.3125
test_id_test_id_000477_27,test_id_000477,137,high_degree,3,6,test_id_000477_t3_c6,little,little_1,2,1.2,0.93,136,454796.3,426560.25,462697.5625,472935.96875,494416.4375,32,36.151292512336134,HI,472935.96875,15665.78125,488601.75,454796.3125,67856.1875
test_id_test_id_000477_28,test_id_000477,201,communication_heavy,4,0,test_id_000477_t4_c0,big,big_0,0,1.0,0.9,200,380342.25,390758.5,423719.03125,432983.375,452965.78125,32,36.151292512336134,HI,432983.375,15665.78125,448649.15625,380342.25,62207.28125
test_id_test_id_000477_29,test_id_000477,201,communication_heavy,4,1,test_id_000477_t4_c1,little,little_1,0,0.6,0.8,200,847123.94,671805.875,727216.125,744029.375,772687.8125,32,36.151292512336134,HI,744029.375,15665.78125,759695.15625,847123.9375,100881.9375
test_id_test_id_000477_30,test_id_000477,201,communication_heavy,4,2,test_id_000477_t4_c2,big,big_1,1,1.4,0.98,200,443348.25,387503.125,420426.1875,429707.1875,449732.3125,32,36.151292512336134,HI,429707.1875,15665.78125,445372.96875,443348.25,62229.1875
test_id_test_id_000477_31,test_id_000477,201,communication_heavy,4,3,test_id_000477_t4_c3,little,little_1,1,0.9,0.86,200,510960.28,502026.0625,543975.875,556053.1875,579763.0625,32,36.151292512336134,HI,556053.1875,15665.78125,571718.96875,510960.28125,77737.0
test_id_test_id_000477_32,test_id_000477,201,communication_heavy,4,4,test_id_000477_t4_c4,big,big_0,2,1.8,1.06,200,325991.06,299596.75,325524.0625,332956.3125,349558.5625,32,36.151292512336134,HI,332956.3125,15665.78125,348622.09375,325991.0625,49961.8125
test_id_test_id_000477_33,test_id_000477,201,communication_heavy,4,5,test_id_000477_t4_c5,little,little_1,2,1.2,0.93,200,534429.5,457743.1875,496607.125,507714.53125,530402.75,32,36.151292512336134,HI,507714.53125,15665.78125,523380.3125,534429.5,72659.5625
test_id_test_id_000477_34,test_id_000477,201,communication_heavy,4,6,test_id_000477_t4_c6,big,big_1,3,2.2,1.15,200,306921.28,280948.8125,305608.375,312752.53125,328759.4375,32,36.151292512336134,HI,312752.53125,15665.78125,328418.3125,306921.28125,47810.625
test_id_test_id_000477_35,test_id_000477,398,random,5,0,test_id_000477_t5_c0,little,little_1,0,0.6,0.8,397,533814.9,461026.90625,498576.625,509168.5625,530842.75,32,36.151292512336134,HI,509168.5625,15665.78125,524834.34375,533814.875,69815.84375
test_id_test_id_000477_36,test_id_000477,398,random,5,1,test_id_000477_t5_c1,big,big_1,1,1.4,0.98,397,196027.64,203615.875,223705.8125,229805.71875,243663.65625,32,36.151292512336134,HI,229805.71875,15665.78125,245471.5,196027.640625,40047.78125
test_id_test_id_000477_37,test_id_000477,398,random,5,2,test_id_000477_t5_c2,little,little_1,1,0.9,0.86,397,394304.16,345529.0,374732.4375,382962.6875,401111.625,32,36.151292512336134,HI,382962.6875,15665.78125,398628.46875,394304.15625,55582.625
test_id_test_id_000477_38,test_id_000477,398,random,5,3,test_id_000477_t5_c3,big,big_1,2,1.8,1.06,397,164336.16,176137.671875,194604.28125,200138.65625,212953.921875,32,36.151292512336134,HI,200138.65625,15665.78125,215804.4375,164336.15625,36816.25
test_id_test_id_000477_39,test_id_000477,398,random,5,4,test_id_000477_t5_c4,little,little_1,2,1.2,0.93,397,254838.33,251240.140625,273916.8125,280586.21875,295593.625,32,36.151292512336134,HI,280586.21875,15665.78125,296252.0,254838.328125,44353.484375
test_id_test_id_000477_40,test_id_000477,398,random,5,5,test_id_000477_t5_c5,big,big_1,3,2.2,1.15,397,132829.95,143409.625,160026.9375,164801.203125,176280.640625,32,36.151292512336134,HI,164801.203125,15665.78125,180466.984375,132829.953125,32871.015625
test_id_test_id_000477_41,test_id_000477,398,random,5,6,test_id_000477_t5_c6,little,little_1,3,1.5,1.0,397,223361.58,232995.03125,254630.921875,261088.5,275644.25,32,36.151292512336134,HI,261088.5,15665.78125,276754.28125,223361.578125,42649.21875
test_id_test_id_000523_00,test_id_000523,4,source_like,0,0,test_id_000523_t0_c0,little,little_0,1,0.9,0.86,3,192726.23,189687.4375,208943.375,214742.890625,228039.1875,32,36.151292512336134,LO,214742.890625,0.0,214742.890625,192726.234375,38351.75
test_id_test_id_000523_01,test_id_000523,4,source_like,0,1,test_id_000523_t0_c1,big,big_1,2,1.8,1.06,3,60315.758,70152.046875,84001.796875,87864.84375,97389.015625,32,36.151292512336134,LO,87864.84375,0.0,87864.84375,60315.7578125,27236.96875
test_id_test_id_000523_02,test_id_000523,4,source_like,0,2,test_id_000523_t0_c2,little,little_0,2,1.2,0.93,3,136711.34,142054.9375,158391.5,163158.59375,174545.25,32,36.151292512336134,LO,163158.59375,0.0,163158.59375,136711.34375,32490.3125
test_id_test_id_000523_03,test_id_000523,4,source_like,0,3,test_id_000523_t0_c3,big,big_0,3,2.2,1.15,3,46265.79,55665.265625,68837.265625,72618.296875,81731.015625,32,36.151292512336134,LO,72618.296875,0.0,72618.296875,46265.7890625,26065.75
test_id_test_id_000523_04,test_id_000523,4,source_like,0,4,test_id_000523_t0_c4,little,little_1,3,1.5,1.0,3,112786.61,116629.609375,131800.453125,136031.265625,146529.1875,32,36.151292512336134,LO,136031.265625,0.0,136031.265625,112786.609375,29899.578125
test_id_test_id_000523_05,test_id_000523,4,source_like,0,5,test_id_000523_t0_c5,big,big_1,0,1.0,0.9,3,114417.36,123277.0,138789.984375,143215.46875,154054.75,32,36.151292512336134,LO,143215.46875,0.0,143215.46875,114417.359375,30777.75
test_id_test_id_000523_06,test_id_000523,4,source_like,0,6,test_id_000523_t0_c6,little,little_0,0,0.6,0.8,3,286819.06,264121.0625,288303.25,295250.96875,311202.90625,32,36.151292512336134,LO,295250.96875,0.0,295250.96875,286819.0625,47081.84375
test_id_test_id_000523_07,test_id_000523,250,sink_like,1,0,test_id_000523_t1_c0,big,big_1,2,1.8,1.06,249,538047.2,480439.1875,521896.9375,533893.625,557919.625,32,36.151292512336134,LO,533893.625,0.0,533893.625,538047.1875,77480.4375
test_id_test_id_000523_08,test_id_000523,250,sink_like,1,1,test_id_000523_t1_c1,little,little_1,2,1.2,0.93,249,869145.1,649492.125,706666.125,724010.75,754949.5,32,36.151292512336134,LO,724010.75,0.0,724010.75,869145.125,105457.375
test_id_test_id_000523_09,test_id_000523,250,sink_like,1,2,test_id_000523_t1_c2,big,big_1,3,2.2,1.15,249,293551.16,328987.0,357215.90625,365214.40625,382975.5,32,36.151292512336134,LO,365214.40625,0.0,365214.40625,293551.15625,53988.5
test_id_test_id_000523_10,test_id_000523,250,sink_like,1,3,test_id_000523_t1_c3,little,little_0,3,1.5,1.0,249,579527.4,496726.0625,539299.625,551648.875,576033.875,32,36.151292512336134,LO,551648.875,0.0,551648.875,579527.375,79307.8125
test_id_test_id_000523_11,test_id_000523,250,sink_like,1,4,test_id_000523_t1_c4,big,big_1,0,1.0,0.9,249,872685.3,659977.5,717105.125,734448.5,764932.6875,32,36.151292512336134,LO,734448.5,0.0,734448.5,872685.3125,104955.1875
test_id_test_id_000523_12,test_id_000523,250,sink_like,1,5,test_id_000523_t1_c5,little,little_1,0,0.6,0.8,249,1271198.4,928728.0,1016467.625,1039364.25,1092514.375,32,36.151292512336134,LO,1039364.25,0.0,1039364.25,1271198.375,163786.375
test_id_test_id_000523_13,test_id_000523,250,sink_like,1,6,test_id_000523_t1_c6,big,big_0,1,1.4,0.98,249,587666.2,511933.125,555689.375,568434.25,593243.0,32,36.151292512336134,LO,568434.25,0.0,568434.25,587666.1875,81309.875
test_id_test_id_000523_14,test_id_000523,218,middle,2,0,test_id_000523_t2_c0,little,little_0,2,1.2,0.93,217,200272.05,182838.90625,201430.375,207011.984375,219863.546875,32,36.151292512336134,LO,207011.984375,0.0,207011.984375,200272.046875,37024.640625
test_id_test_id_000523_15,test_id_000523,218,middle,2,1,test_id_000523_t2_c1,big,big_1,3,2.2,1.15,217,89084.555,82269.359375,96612.421875,100566.078125,110451.78125,32,36.151292512336134,LO,100566.078125,0.0,100566.078125,89084.5546875,28182.421875
test_id_test_id_000523_16,test_id_000523,218,middle,2,2,test_id_000523_t2_c2,little,little_0,3,1.5,1.0,217,145913.72,146941.03125,163518.90625,168322.765625,179796.78125,32,36.151292512336134,LO,168322.765625,0.0,168322.765625,145913.71875,32855.75
test_id_test_id_000523_17,test_id_000523,218,middle,2,3,test_id_000523_t2_c3,big,big_1,0,1.0,0.9,217,177668.22,167367.5,185217.0,190584.140625,203061.375,32,36.151292512336134,LO,190584.140625,0.0,190584.140625,177668.21875,35693.875
test_id_test_id_000523_18,test_id_000523,218,middle,2,4,test_id_000523_t2_c4,little,little_0,0,0.6,0.8,217,274568.9,276745.28125,301490.4375,308615.0625,324822.71875,32,36.151292512336134,LO,308615.0625,0.0,308615.0625,274568.90625,48077.4375
test_id_test_id_000523_19,test_id_000523,218,middle,2,5,test_id_000523_t2_c5,big,big_1,1,1.4,0.98,217,126220.5,117993.765625,133388.34375,137708.75,148392.15625,32,36.151292512336134,LO,137708.75,0.0,137708.75,126220.5,30398.390625
test_id_test_id_000523_20,test_id_000523,218,middle,2,6,test_id_000523_t2_c6,little,little_0,1,0.9,0.86,217,250511.55,223801.53125,244664.53125,250827.578125,264835.71875,32,36.151292512336134,LO,250827.578125,0.0,250827.578125,250511.546875,41034.1875
test_id_test_id_000523_21,test_id_000523,16,high_degree,3,0,test_id_000523_t3_c0,big,big_0,3,2.2,1.15,15,240072.64,249227.921875,271906.40625,278629.0,293746.625,32,36.151292512336134,LO,278629.0,0.0,278629.0,240072.640625,44518.703125
test_id_test_id_000523_22,test_id_000523,16,high_degree,3,1,test_id_000523_t3_c1,little,little_1,3,1.5,1.0,15,327638.53,331857.15625,360167.0,368184.0625,385959.90625,32,36.151292512336134,LO,368184.0625,0.0,368184.0625,327638.53125,54102.75
test_id_test_id_000523_23,test_id_000523,16,high_degree,3,2,test_id_000523_t3_c2,big,big_0,0,1.0,0.9,15,404490.38,394205.96875,427458.96875,436807.875,456925.1875,32,36.151292512336134,LO,436807.875,0.0,436807.875,404490.375,62719.21875
test_id_test_id_000523_24,test_id_000523,16,high_degree,3,3,test_id_000523_t3_c3,little,little_0,0,0.6,0.8,15,915401.25,747926.25,811536.4375,830746.8125,863905.5,32,36.151292512336134,LO,830746.8125,0.0,830746.8125,915401.25,115979.25
test_id_test_id_000523_25,test_id_000523,16,high_degree,3,4,test_id_000523_t3_c4,big,big_1,1,1.4,0.98,15,339402.06,343907.21875,373195.5625,381463.625,399714.9375,32,36.151292512336134,LO,381463.625,0.0,381463.625,339402.0625,55807.71875
test_id_test_id_000523_26,test_id_000523,16,high_degree,3,5,test_id_000523_t3_c5,little,little_1,1,0.9,0.86,15,629688.2,529469.625,573658.625,586488.625,611042.125,32,36.151292512336134,LO,586488.625,0.0,586488.625,629688.1875,81572.5
test_id_test_id_000523_27,test_id_000523,16,high_degree,3,6,test_id_000523_t3_c6,big,big_0,2,1.8,1.06,15,299430.38,285048.5,309977.25,317180.71875,333309.0625,32,36.151292512336134,LO,317180.71875,0.0,317180.71875,299430.375,48260.5625
test_id_test_id_000523_28,test_id_000523,167,random,4,0,test_id_000523_t4_c0,little,little_0,3,1.5,1.0,166,158866.25,167660.5,185346.65625,190579.96875,202809.28125,32,36.151292512336134,LO,190579.96875,0.0,190579.96875,158866.25,35148.78125
test_id_test_id_000523_29,test_id_000523,167,random,4,1,test_id_000523_t4_c1,big,big_0,0,1.0,0.9,166,141589.31,154430.03125,171726.90625,176921.90625,189100.1875,32,36.151292512336134,LO,176921.90625,0.0,176921.90625,141589.3125,34670.15625
test_id_test_id_000523_30,test_id_000523,167,random,4,2,test_id_000523_t4_c2,little,little_0,0,0.6,0.8,166,358927.3,313272.28125,339954.75,347346.0,364219.3125,32,36.151292512336134,LO,347346.0,0.0,347346.0,358927.3125,50947.03125
test_id_test_id_000523_31,test_id_000523,167,random,4,3,test_id_000523_t4_c3,big,big_1,1,1.4,0.98,166,111435.56,120130.109375,135590.0,139942.546875,150677.703125,32,36.151292512336134,LO,139942.546875,0.0,139942.546875,111435.5625,30547.59375
test_id_test_id_000523_32,test_id_000523,167,random,4,4,test_id_000523_t4_c4,little,little_0,1,0.9,0.86,166,242182.6,231010.15625,252347.765625,258632.703125,272898.59375,32,36.151292512336134,LO,258632.703125,0.0,258632.703125,242182.59375,41888.4375
test_id_test_id_000523_33,test_id_000523,167,random,4,5,test_id_000523_t4_c5,big,big_1,2,1.8,1.06,166,81860.305,92959.734375,107554.296875,111571.609375,121671.640625,32,36.151292512336134,LO,111571.609375,0.0,111571.609375,81860.3046875,28711.90625
test_id_test_id_000523_34,test_id_000523,167,random,4,6,test_id_000523_t4_c6,little,little_0,2,1.2,0.93,166,171216.94,180986.875,199576.828125,205189.6875,218098.09375,32,36.151292512336134,LO,205189.6875,0.0,205189.6875,171216.9375,37111.21875
test_id_test_id_000523_35,test_id_000523,333,diverse_fill_1,5,0,test_id_000523_t5_c0,big,big_0,0,1.0,0.9,332,192035.44,194744.375,214198.765625,220106.0,233580.515625,32,36.151292512336134,LO,220106.0,0.0,220106.0,192035.4375,38836.140625
test_id_test_id_000523_36,test_id_000523,333,diverse_fill_1,5,1,test_id_000523_t5_c1,little,little_1,0,0.6,0.8,332,373078.3,356650.3125,386002.0,394089.78125,412114.21875,32,36.151292512336134,LO,394089.78125,0.0,394089.78125,373078.3125,55463.90625
test_id_test_id_000523_37,test_id_000523,333,diverse_fill_1,5,2,test_id_000523_t5_c2,big,big_1,1,1.4,0.98,332,121576.16,143407.46875,159923.3125,164709.671875,176174.5,32,36.151292512336134,LO,164709.671875,0.0,164709.671875,121576.15625,32767.03125
test_id_test_id_000523_38,test_id_000523,333,diverse_fill_1,5,3,test_id_000523_t5_c3,little,little_1,1,0.9,0.86,332,274767.25,264457.5625,287794.4375,294538.40625,309761.15625,32,36.151292512336134,LO,294538.40625,0.0,294538.40625,274767.25,45303.59375
test_id_test_id_000523_39,test_id_000523,333,diverse_fill_1,5,4,test_id_000523_t5_c4,big,big_0,2,1.8,1.06,332,99653.57,114592.140625,129806.015625,134029.3125,144542.84375,32,36.151292512336134,LO,134029.3125,0.0,134029.3125,99653.5703125,29950.703125
test_id_test_id_000523_40,test_id_000523,333,diverse_fill_1,5,5,test_id_000523_t5_c5,little,little_0,2,1.2,0.93,332,219131.48,213250.421875,233645.265625,239765.46875,253649.890625,32,36.151292512336134,LO,239765.46875,0.0,239765.46875,219131.484375,40399.46875
test_id_test_id_000523_41,test_id_000523,333,diverse_fill_1,5,6,test_id_000523_t5_c6,big,big_1,3,2.2,1.15,332,95588.46,105463.984375,120470.53125,124584.09375,134916.640625,32,36.151292512336134,LO,124584.09375,0.0,124584.09375,95588.4609375,29452.65625
test_id_test_id_000558_00,test_id_000558,119,source_like,0,0,test_id_000558_t0_c0,big,big_0,3,2.2,1.15,118,65484.133,76384.25,90554.9375,94464.0,104184.078125,32,36.151292512336134,HI,94464.0,15665.78125,110129.78125,65484.1328125,27799.828125
test_id_test_id_000558_01,test_id_000558,119,source_like,0,1,test_id_000558_t0_c1,little,little_1,3,1.5,1.0,118,123475.14,135589.796875,151642.515625,156267.328125,167418.6875,32,36.151292512336134,HI,156267.328125,15665.78125,171933.109375,123475.140625,31828.890625
test_id_test_id_000558_02,test_id_000558,119,source_like,0,2,test_id_000558_t0_c2,big,big_1,0,1.0,0.9,118,133814.38,148687.75,165406.875,170335.265625,182007.625,32,36.151292512336134,HI,170335.265625,15665.78125,186001.046875,133814.375,33319.875
test_id_test_id_000558_03,test_id_000558,119,source_like,0,3,test_id_000558_t0_c3,little,little_0,0,0.6,0.8,118,349578.06,296172.03125,321973.625,329182.8125,345699.25,32,36.151292512336134,HI,329182.8125,15665.78125,344848.59375,349578.0625,49527.21875
test_id_test_id_000558_04,test_id_000558,119,source_like,0,4,test_id_000558_t0_c4,big,big_0,1,1.4,0.98,118,94183.445,108285.21875,123284.203125,127457.0,137866.609375,32,36.151292512336134,HI,127457.0,15665.78125,143122.78125,94183.4453125,29581.390625
test_id_test_id_000558_05,test_id_000558,119,source_like,0,5,test_id_000558_t0_c5,little,little_1,1,0.9,0.86,118,212383.38,200428.40625,220148.6875,226088.515625,239616.109375,32,36.151292512336134,HI,226088.515625,15665.78125,241754.296875,212383.375,39187.703125
test_id_test_id_000558_06,test_id_000558,119,source_like,0,6,test_id_000558_t0_c6,big,big_0,2,1.8,1.06,118,71263.17,87607.265625,102114.234375,106092.328125,116079.71875,32,36.151292512336134,HI,106092.328125,15665.78125,121758.109375,71263.171875,28472.453125
test_id_test_id_000558_07,test_id_000558,443,sink_like,1,0,test_id_000558_t1_c0,little,little_0,3,1.5,1.0,442,446832.8,413838.15625,449163.6875,459182.0625,480374.5625,32,36.151292512336134,HI,459182.0625,15665.78125,474847.84375,446832.8125,66536.40625
test_id_test_id_000558_08,test_id_000558,443,sink_like,1,1,test_id_000558_t1_c1,big,big_0,0,1.0,0.9,442,472397.06,447448.1875,485252.6875,495998.875,518175.3125,32,36.151292512336134,HI,495998.875,15665.78125,511664.65625,472397.0625,70727.125
test_id_test_id_000558_09,test_id_000558,443,sink_like,1,2,test_id_000558_t1_c2,little,little_1,0,0.6,0.8,442,916154.8,740960.0,803545.5625,822475.25,854963.9375,32,36.151292512336134,HI,822475.25,15665.78125,838141.03125,916154.8125,114003.9375
test_id_test_id_000558_10,test_id_000558,443,sink_like,1,3,test_id_000558_t1_c3,big,big_1,1,1.4,0.98,442,282746.12,312473.78125,339308.25,346952.0,363990.9375,32,36.151292512336134,HI,346952.0,15665.78125,362617.78125,282746.125,51517.15625
test_id_test_id_000558_11,test_id_000558,443,sink_like,1,4,test_id_000558_t1_c4,little,little_0,1,0.9,0.86,442,543641.8,496493.34375,537784.4375,549614.25,572997.875,32,36.151292512336134,HI,549614.25,15665.78125,565280.03125,543641.8125,76504.53125
test_id_test_id_000558_12,test_id_000558,443,sink_like,1,5,test_id_000558_t1_c5,big,big_1,2,1.8,1.06,442,275705.44,288016.09375,313144.0625,320391.65625,336612.0,32,36.151292512336134,HI,320391.65625,15665.78125,336057.4375,275705.4375,48595.90625
test_id_test_id_000558_13,test_id_000558,443,sink_like,1,6,test_id_000558_t1_c6,little,little_1,2,1.2,0.93,442,424172.25,413946.8125,448899.09375,458759.4375,479670.625,32,36.151292512336134,HI,458759.4375,15665.78125,474425.21875,424172.25,65723.8125
test_id_test_id_000558_14,test_id_000558,424,middle,2,0,test_id_000558_t2_c0,big,big_1,0,1.0,0.9,423,322720.3,343148.65625,372305.0,380534.53125,398714.875,32,36.151292512336134,HI,380534.53125,15665.78125,396200.3125,322720.3125,55566.21875
test_id_test_id_000558_15,test_id_000558,424,middle,2,1,test_id_000558_t2_c1,little,little_0,0,0.6,0.8,423,574888.56,574951.25,621974.3125,635847.75,661087.625,32,36.151292512336134,HI,635847.75,15665.78125,651513.53125,574888.5625,86136.375
test_id_test_id_000558_16,test_id_000558,424,middle,2,2,test_id_000558_t2_c2,big,big_0,1,1.4,0.98,423,299825.0,308528.3125,335105.34375,342689.0625,359601.46875,32,36.151292512336134,HI,342689.0625,15665.78125,358354.84375,299825.0,51073.15625
test_id_test_id_000558_17,test_id_000558,424,middle,2,3,test_id_000558_t2_c3,little,little_0,1,0.9,0.86,423,512339.44,495521.40625,537239.8125,549268.625,573000.75,32,36.151292512336134,HI,549268.625,15665.78125,564934.40625,512339.4375,77479.34375
test_id_test_id_000558_18,test_id_000558,424,middle,2,4,test_id_000558_t2_c4,big,big_1,2,1.8,1.06,423,209206.28,242612.71875,264855.375,271465.125,286329.4375,32,36.151292512336134,HI,271465.125,15665.78125,287130.90625,209206.28125,43716.71875
test_id_test_id_000558_19,test_id_000558,424,middle,2,5,test_id_000558_t2_c5,little,little_0,2,1.2,0.93,423,360343.22,401322.46875,435377.125,444994.21875,465546.25,32,36.151292512336134,HI,444994.21875,15665.78125,460660.0,360343.21875,64223.78125
test_id_test_id_000558_20,test_id_000558,424,middle,2,6,test_id_000558_t2_c6,big,big_0,3,2.2,1.15,423,133767.81,187378.9375,206412.59375,212145.109375,225308.0625,32,36.151292512336134,HI,212145.109375,15665.78125,227810.890625,133767.8125,37929.125
test_id_test_id_000558_21,test_id_000558,440,communication_heavy,3,0,test_id_000558_t3_c0,little,little_0,0,0.6,0.8,439,894077.94,684264.875,740827.0625,757994.125,787176.4375,32,36.151292512336134,HI,757994.125,15665.78125,773659.90625,894077.9375,102911.5625
test_id_test_id_000558_22,test_id_000558,440,communication_heavy,3,1,test_id_000558_t3_c1,big,big_0,1,1.4,0.98,439,306125.06,308641.6875,335205.0,342782.625,359688.25,32,36.151292512336134,HI,342782.625,15665.78125,358448.40625,306125.0625,51046.5625
test_id_test_id_000558_23,test_id_000558,440,communication_heavy,3,2,test_id_000558_t3_c2,little,little_1,1,0.9,0.86,439,509123.84,504136.1875,546225.75,558339.1875,582091.0,32,36.151292512336134,HI,558339.1875,15665.78125,574004.96875,509123.84375,77954.8125
test_id_test_id_000558_24,test_id_000558,440,communication_heavy,3,3,test_id_000558_t3_c3,big,big_1,2,1.8,1.06,439,298511.34,291335.53125,316703.0625,324003.4375,340336.28125,32,36.151292512336134,HI,324003.4375,15665.78125,339669.21875,298511.34375,49000.75
test_id_test_id_000558_25,test_id_000558,440,communication_heavy,3,4,test_id_000558_t3_c4,little,little_0,2,1.2,0.93,439,419968.72,412556.9375,447456.625,457309.25,478212.75,32,36.151292512336134,HI,457309.25,15665.78125,472975.03125,419968.71875,65655.8125
test_id_test_id_000558_26,test_id_000558,440,communication_heavy,3,5,test_id_000558_t3_c5,big,big_0,3,2.2,1.15,439,243813.05,248803.25,271465.15625,278186.96875,293298.65625,32,36.151292512336134,HI,278186.96875,15665.78125,293852.75,243813.046875,44495.40625
test_id_test_id_000558_27,test_id_000558,440,communication_heavy,3,6,test_id_000558_t3_c6,little,little_1,3,1.5,1.0,439,283288.72,310512.25,337213.34375,344832.71875,361824.6875,32,36.151292512336134,HI,344832.71875,15665.78125,360498.5,283288.71875,51312.4375
test_id_test_id_000558_28,test_id_000558,414,random,4,0,test_id_000558_t4_c0,big,big_1,1,1.4,0.98,413,130077.01,168185.890625,186096.9375,191455.1875,203918.375,32,36.151292512336134,HI,191455.1875,15665.78125,207120.96875,130077.0078125,35732.484375
test_id_test_id_000558_29,test_id_000558,414,random,4,1,test_id_000558_t4_c1,little,little_0,1,0.9,0.86,413,251683.42,263966.6875,287315.03125,294095.65625,309361.1875,32,36.151292512336134,HI,294095.65625,15665.78125,309761.4375,251683.421875,45394.5
test_id_test_id_000558_30,test_id_000558,414,random,4,2,test_id_000558_t4_c2,big,big_0,2,1.8,1.06,413,134736.44,160297.53125,177736.015625,182878.28125,194968.609375,32,36.151292512336134,HI,182878.28125,15665.78125,198544.0625,134736.4375,34671.078125
test_id_test_id_000558_31,test_id_000558,414,random,4,3,test_id_000558_t4_c3,little,little_1,2,1.2,0.93,413,248899.33,249387.265625,271893.9375,278499.9375,293383.59375,32,36.151292512336134,HI,278499.9375,15665.78125,294165.71875,248899.328125,43996.328125
test_id_test_id_000558_32,test_id_000558,414,random,4,4,test_id_000558_t4_c4,big,big_0,3,2.2,1.15,413,128012.77,153587.09375,170671.5625,175640.390625,187442.375,32,36.151292512336134,HI,175640.390625,15665.78125,191306.171875,128012.7734375,33855.28125
test_id_test_id_000558_33,test_id_000558,414,random,4,5,test_id_000558_t4_c5,little,little_1,3,1.5,1.0,413,185260.06,213126.015625,233563.328125,239705.59375,253630.953125,32,36.151292512336134,HI,239705.59375,15665.78125,255371.375,185260.0625,40504.9375
test_id_test_id_000558_34,test_id_000558,414,random,4,6,test_id_000558_t4_c6,big,big_1,0,1.0,0.9,413,163301.06,199592.875,219378.359375,225403.96875,239094.96875,32,36.151292512336134,HI,225403.96875,15665.78125,241069.75,163301.0625,39502.09375
test_id_test_id_000558_35,test_id_000558,106,diverse_fill_1,5,0,test_id_000558_t5_c0,little,little_0,1,0.9,0.86,105,160339.0,157824.03125,175325.9375,180553.8125,192793.1875,32,36.151292512336134,HI,180553.8125,15665.78125,196219.59375,160339.0,34969.15625
test_id_test_id_000558_36,test_id_000558,106,diverse_fill_1,5,1,test_id_000558_t5_c1,big,big_1,2,1.8,1.06,105,54738.805,59670.0,73050.71875,76871.203125,86129.546875,32,36.151292512336134,HI,76871.203125,15665.78125,92536.984375,54738.8046875,26459.546875
test_id_test_id_000558_37,test_id_000558,106,diverse_fill_1,5,2,test_id_000558_t5_c2,little,little_1,2,1.2,0.93,105,110865.484,117663.53125,132968.546875,137314.15625,148004.53125,32,36.151292512336134,HI,137314.15625,15665.78125,152979.9375,110865.484375,30341.0
test_id_test_id_000558_38,test_id_000558,106,diverse_fill_1,5,3,test_id_000558_t5_c3,big,big_0,3,2.2,1.15,105,45225.09,54010.515625,67142.953125,70932.296875,80023.671875,32,36.151292512336134,HI,70932.296875,15665.78125,86598.078125,45225.08984375,26013.15625
test_id_test_id_000558_39,test_id_000558,106,diverse_fill_1,5,4,test_id_000558_t5_c4,little,little_1,3,1.5,1.0,105,99221.41,96559.390625,111249.625,115292.421875,125453.421875,32,36.151292512336134,HI,115292.421875,15665.78125,130958.203125,99221.40625,28894.03125
test_id_test_id_000558_40,test_id_000558,106,diverse_fill_1,5,5,test_id_000558_t5_c5,big,big_1,0,1.0,0.9,105,92031.83,99408.28125,114265.453125,118439.0625,128854.6875,32,36.151292512336134,HI,118439.0625,15665.78125,134104.84375,92031.828125,29446.40625
test_id_test_id_000558_41,test_id_000558,106,diverse_fill_1,5,6,test_id_000558_t5_c6,little,little_0,0,0.6,0.8,105,231304.81,210302.4375,231687.234375,238221.0625,253037.5625,32,36.151292512336134,HI,238221.0625,15665.78125,253886.84375,231304.8125,42735.125
test_id_test_id_000564_00,test_id_000564,5,source_like,0,0,test_id_000564_t0_c0,big,big_0,0,1.0,0.9,4,35743.27,45727.203125,58735.609375,62719.78125,72060.71875,32,36.151292512336134,LO,62719.78125,0.0,62719.78125,35743.26953125,26333.515625
test_id_test_id_000564_01,test_id_000564,5,source_like,0,1,test_id_000564_t0_c1,little,little_1,0,0.6,0.8,4,70484.42,96984.875,111865.140625,116181.5,126816.640625,32,36.151292512336134,LO,116181.5,0.0,116181.5,70484.421875,29831.765625
test_id_test_id_000564_02,test_id_000564,5,source_like,0,2,test_id_000564_t0_c2,big,big_1,1,1.4,0.98,4,30068.65,34909.15625,47603.84375,51628.609375,60864.140625,32,36.151292512336134,LO,51628.609375,0.0,51628.609375,30068.650390625,25954.984375
test_id_test_id_000564_03,test_id_000564,5,source_like,0,3,test_id_000564_t0_c3,little,little_0,1,0.9,0.86,4,62979.766,77646.828125,92150.609375,96358.078125,106684.546875,32,36.151292512336134,LO,96358.078125,0.0,96358.078125,62979.765625,29037.71875
test_id_test_id_000564_04,test_id_000564,5,source_like,0,4,test_id_000564_t0_c4,big,big_1,2,1.8,1.06,4,24948.402,26165.71875,38856.859375,42983.96875,52247.296875,32,36.151292512336134,LO,42983.96875,0.0,42983.96875,24948.40234375,26081.578125
test_id_test_id_000564_05,test_id_000564,5,source_like,0,5,test_id_000564_t0_c5,little,little_1,2,1.2,0.93,4,43903.105,57164.03125,70634.78125,74593.703125,84083.625,32,36.151292512336134,LO,74593.703125,0.0,74593.703125,43903.10546875,26919.59375
test_id_test_id_000564_06,test_id_000564,5,source_like,0,6,test_id_000564_t0_c6,big,big_0,3,2.2,1.15,4,15752.646,21362.5,34096.578125,38269.5625,47498.640625,32,36.151292512336134,LO,38269.5625,0.0,38269.5625,15752.646484375,26136.140625
test_id_test_id_000564_07,test_id_000564,244,sink_like,1,0,test_id_000564_t1_c0,little,little_1,0,0.6,0.8,243,264118.94,269322.875,293836.9375,300941.34375,317129.59375,32,36.151292512336134,LO,300941.34375,0.0,300941.34375,264118.9375,47806.71875
test_id_test_id_000564_08,test_id_000564,244,sink_like,1,1,test_id_000564_t1_c1,big,big_1,1,1.4,0.98,243,90906.85,109064.09375,124176.640625,128420.109375,138968.8125,32,36.151292512336134,LO,128420.109375,0.0,128420.109375,90906.8515625,29904.71875
test_id_test_id_000564_09,test_id_000564,244,sink_like,1,2,test_id_000564_t1_c2,little,little_0,1,0.9,0.86,243,202016.81,212829.4375,233276.921875,239388.71875,253297.75,32,36.151292512336134,LO,239388.71875,0.0,239388.71875,202016.8125,40468.3125
test_id_test_id_000564_10,test_id_000564,244,sink_like,1,3,test_id_000564_t1_c3,big,big_0,2,1.8,1.06,243,76599.16,91695.71875,106273.609375,110311.5,120439.234375,32,36.151292512336134,LO,110311.5,0.0,110311.5,76599.15625,28743.515625
test_id_test_id_000564_11,test_id_000564,244,sink_like,1,4,test_id_000564_t1_c4,little,little_1,2,1.2,0.93,243,135116.38,162821.9375,180387.671875,185636.71875,197890.859375,32,36.151292512336134,LO,185636.71875,0.0,185636.71875,135116.375,35068.921875
test_id_test_id_000564_12,test_id_000564,244,sink_like,1,5,test_id_000564_t1_c5,big,big_1,3,2.2,1.15,243,76749.91,81513.140625,95784.90625,99745.71875,109634.40625,32,36.151292512336134,LO,99745.71875,0.0,99745.71875,76749.90625,28121.265625
test_id_test_id_000564_13,test_id_000564,244,sink_like,1,6,test_id_000564_t1_c6,little,little_1,3,1.5,1.0,243,132602.75,150922.265625,167735.9375,172651.34375,184323.0,32,36.151292512336134,LO,172651.34375,0.0,172651.34375,132602.75,33400.734375
test_id_test_id_000564_14,test_id_000564,120,middle,2,0,test_id_000564_t2_c0,big,big_1,1,1.4,0.98,119,112068.82,139234.40625,155528.25,160240.3125,171572.015625,32,36.151292512336134,LO,160240.3125,0.0,160240.3125,112068.8203125,32337.609375
test_id_test_id_000564_15,test_id_000564,120,middle,2,1,test_id_000564_t2_c1,little,little_0,1,0.9,0.86,119,232345.25,234027.40625,255577.90625,261955.1875,276384.03125,32,36.151292512336134,LO,261955.1875,0.0,261955.1875,232345.25,42356.625
test_id_test_id_000564_16,test_id_000564,120,middle,2,2,test_id_000564_t2_c2,big,big_1,2,1.8,1.06,119,125994.89,140918.28125,157317.65625,162026.3125,173370.3125,32,36.151292512336134,LO,162026.3125,0.0,162026.3125,125994.890625,32452.03125
test_id_test_id_000564_17,test_id_000564,120,middle,2,3,test_id_000564_t2_c3,little,little_1,2,1.2,0.93,119,195185.86,207884.46875,228065.828125,234160.375,247992.578125,32,36.151292512336134,LO,234160.375,0.0,234160.375,195185.859375,40108.109375
test_id_test_id_000564_18,test_id_000564,120,middle,2,4,test_id_000564_t2_c4,big,big_0,3,2.2,1.15,119,126882.01,127027.703125,142843.75,147267.9375,158149.0,32,36.151292512336134,LO,147267.9375,0.0,147267.9375,126882.0078125,31121.296875
test_id_test_id_000564_19,test_id_000564,120,middle,2,5,test_id_000564_t2_c5,little,little_0,3,1.5,1.0,119,181239.23,183947.4375,202736.21875,208393.25,221400.0625,32,36.151292512336134,LO,208393.25,0.0,208393.25,181239.234375,37452.625
test_id_test_id_000564_20,test_id_000564,120,middle,2,6,test_id_000564_t2_c6,big,big_1,0,1.0,0.9,119,166293.19,185888.5,204996.296875,210850.515625,224222.296875,32,36.151292512336134,LO,210850.515625,0.0,210850.515625,166293.1875,38333.796875
test_id_test_id_000564_21,test_id_000564,113,high_degree,3,0,test_id_000564_t3_c0,little,little_0,1,0.9,0.86,112,404551.03,359436.25,389829.6875,398394.40625,417149.46875,32,36.151292512336134,LO,398394.40625,0.0,398394.40625,404551.03125,57713.21875
test_id_test_id_000564_22,test_id_000564,113,high_degree,3,1,test_id_000564_t3_c1,big,big_1,2,1.8,1.06,112,149784.34,178250.0,196798.78125,202366.125,215227.234375,32,36.151292512336134,LO,202366.125,0.0,202366.125,149784.34375,36977.234375
test_id_test_id_000564_23,test_id_000564,113,high_degree,3,2,test_id_000564_t3_c2,little,little_0,2,1.2,0.93,112,261610.88,266446.15625,290067.5,296947.21875,312394.21875,32,36.151292512336134,LO,296947.21875,0.0,296947.21875,261610.875,45948.0625
test_id_test_id_000564_24,test_id_000564,113,high_degree,3,3,test_id_000564_t3_c3,big,big_0,3,2.2,1.15,112,138467.45,164093.734375,181806.875,187031.625,199287.46875,32,36.151292512336134,LO,187031.625,0.0,187031.625,138467.453125,35193.734375
test_id_test_id_000564_25,test_id_000564,113,high_degree,3,4,test_id_000564_t3_c4,little,little_1,3,1.5,1.0,112,212578.66,219961.6875,240895.171875,247201.953125,261450.140625,32,36.151292512336134,LO,247201.953125,0.0,247201.953125,212578.65625,41488.453125
test_id_test_id_000564_26,test_id_000564,113,high_degree,3,5,test_id_000564_t3_c5,big,big_0,0,1.0,0.9,112,251456.8,249838.96875,272382.1875,278997.71875,293911.65625,32,36.151292512336134,LO,278997.71875,0.0,278997.71875,251456.796875,44072.6875
test_id_test_id_000564_27,test_id_000564,113,high_degree,3,6,test_id_000564_t3_c6,little,little_0,0,0.6,0.8,112,413415.25,416539.6875,450427.5625,459879.625,479944.625,32,36.151292512336134,LO,459879.625,0.0,459879.625,413415.25,63404.9375
test_id_test_id_000564_28,test_id_000564,43,random,4,0,test_id_000564_t4_c0,big,big_1,2,1.8,1.06,42,62656.105,66450.921875,80138.609375,84017.3125,93517.84375,32,36.151292512336134,LO,84017.3125,0.0,84017.3125,62656.10546875,27066.921875
test_id_test_id_000564_29,test_id_000564,43,random,4,1,test_id_000564_t4_c1,little,little_1,2,1.2,0.93,42,143102.45,135936.25,152047.78125,156728.3125,167988.71875,32,36.151292512336134,LO,156728.3125,0.0,156728.3125,143102.453125,32052.46875
test_id_test_id_000564_30,test_id_000564,43,random,4,2,test_id_000564_t4_c2,big,big_0,3,2.2,1.15,42,51274.56,58685.65625,72040.015625,75874.09375,85151.15625,32,36.151292512336134,LO,75874.09375,0.0,75874.09375,51274.55859375,26465.5
test_id_test_id_000564_31,test_id_000564,43,random,4,3,test_id_000564_t4_c3,little,little_1,3,1.5,1.0,42,118171.586,112334.0625,127432.8125,131639.203125,142112.140625,32,36.151292512336134,LO,131639.203125,0.0,131639.203125,118171.5859375,29778.078125
test_id_test_id_000564_32,test_id_000564,43,random,4,4,test_id_000564_t4_c4,big,big_0,0,1.0,0.9,42,115419.414,118397.015625,133926.96875,138399.6875,149355.234375,32,36.151292512336134,LO,138399.6875,0.0,138399.6875,115419.4140625,30958.21875
test_id_test_id_000564_33,test_id_000564,43,random,4,5,test_id_000564_t4_c5,little,little_0,0,0.6,0.8,42,275157.1,253380.59375,277239.15625,284236.40625,300245.21875,32,36.151292512336134,LO,284236.40625,0.0,284236.40625,275157.09375,46864.625
test_id_test_id_000564_34,test_id_000564,43,random,4,6,test_id_000564_t4_c6,big,big_0,1,1.4,0.98,42,84815.69,87123.4375,101641.921875,105695.96875,115817.75,32,36.151292512336134,LO,105695.96875,0.0,105695.96875,84815.6875,28694.3125
test_id_test_id_000564_35,test_id_000564,20,diverse_fill_1,5,0,test_id_000564_t5_c0,little,little_1,2,1.2,0.93,19,86249.586,93468.8125,108103.015625,112198.375,122430.375,32,36.151292512336134,LO,112198.375,0.0,112198.375,86249.5859375,28961.5625
test_id_test_id_000564_36,test_id_000564,20,diverse_fill_1,5,1,test_id_000564_t5_c1,big,big_1,3,2.2,1.15,19,29864.662,40940.75,53591.140625,57398.703125,66288.859375,32,36.151292512336134,LO,57398.703125,0.0,57398.703125,29864.662109375,25348.109375
test_id_test_id_000564_37,test_id_000564,20,diverse_fill_1,5,2,test_id_000564_t5_c2,little,little_0,3,1.5,1.0,19,64430.816,76252.296875,90378.234375,94320.0625,104092.984375,32,36.151292512336134,LO,94320.0625,0.0,94320.0625,64430.81640625,27840.6875
test_id_test_id_000564_38,test_id_000564,20,diverse_fill_1,5,3,test_id_000564_t5_c3,big,big_0,0,1.0,0.9,19,72530.7,78779.71875,93131.21875,97168.15625,107168.21875,32,36.151292512336134,LO,97168.15625,0.0,97168.15625,72530.703125,28388.5
test_id_test_id_000564_39,test_id_000564,20,diverse_fill_1,5,4,test_id_000564_t5_c4,little,little_0,0,0.6,0.8,19,161819.05,175576.125,194710.4375,200546.03125,213975.046875,32,36.151292512336134,LO,200546.03125,0.0,200546.03125,161819.046875,38398.921875
test_id_test_id_000564_40,test_id_000564,20,diverse_fill_1,5,5,test_id_000564_t5_c5,big,big_0,1,1.4,0.98,19,52036.97,66924.890625,80807.765625,84723.5,94284.359375,32,36.151292512336134,LO,84723.5,0.0,84723.5,52036.96875,27359.46875
test_id_test_id_000564_41,test_id_000564,20,diverse_fill_1,5,6,test_id_000564_t5_c6,little,little_1,1,0.9,0.86,19,117268.3,128727.65625,144764.828125,149423.0,160702.640625,32,36.151292512336134,LO,149423.0,0.0,149423.0,117268.296875,31974.984375
test_id_test_id_000581_00,test_id_000581,5,source_like,0,0,test_id_000581_t0_c0,big,big_1,0,1.0,0.9,4,75409.11,80626.953125,95027.640625,99081.90625,109137.53125,32,36.151292512336134,HI,99081.90625,15665.78125,114747.6875,75409.109375,28510.578125
test_id_test_id_000581_01,test_id_000581,5,source_like,0,1,test_id_000581_t0_c1,little,little_0,0,0.6,0.8,4,185659.47,190758.734375,210998.78125,217194.078125,231349.71875,32,36.151292512336134,HI,217194.078125,15665.78125,232859.859375,185659.46875,40590.984375
test_id_test_id_000581_02,test_id_000581,5,source_like,0,2,test_id_000581_t0_c2,big,big_1,1,1.4,0.98,4,52402.938,63798.921875,77445.75,81328.140625,90776.59375,32,36.151292512336134,HI,81328.140625,15665.78125,96993.921875,52402.9375,26977.671875
test_id_test_id_000581_03,test_id_000581,5,source_like,0,3,test_id_000581_t0_c3,little,little_1,1,0.9,0.86,4,131443.36,137209.140625,153678.15625,158501.59375,170063.953125,32,36.151292512336134,HI,158501.59375,15665.78125,174167.375,131443.359375,32854.8125
test_id_test_id_000581_04,test_id_000581,5,source_like,0,4,test_id_000581_t0_c4,big,big_1,2,1.8,1.06,4,43194.445,52853.515625,65967.046875,69785.4375,78912.78125,32,36.151292512336134,HI,69785.4375,15665.78125,85451.21875,43194.4453125,26059.265625
test_id_test_id_000581_05,test_id_000581,5,source_like,0,5,test_id_000581_t0_c5,little,little_0,2,1.2,0.93,4,102253.89,100598.5,115418.90625,119557.25,129907.765625,32,36.151292512336134,HI,119557.25,15665.78125,135223.03125,102253.890625,29309.265625
test_id_test_id_000581_06,test_id_000581,5,source_like,0,6,test_id_000581_t0_c6,big,big_1,3,2.2,1.15,4,33339.965,41457.734375,54088.765625,57872.828125,66725.3125,32,36.151292512336134,HI,57872.828125,15665.78125,73538.609375,33339.96484375,25267.578125
test_id_test_id_000581_07,test_id_000581,41,sink_like,1,0,test_id_000581_t1_c0,little,little_1,0,0.6,0.8,40,424760.97,408546.6875,441894.4375,451213.1875,471112.34375,32,36.151292512336134,HI,451213.1875,15665.78125,466878.96875,424760.96875,62565.65625
test_id_test_id_000581_08,test_id_000581,41,sink_like,1,1,test_id_000581_t1_c1,big,big_0,1,1.4,0.98,40,155567.48,180242.828125,198948.328125,204599.125,217603.875,32,36.151292512336134,HI,204599.125,15665.78125,220264.90625,155567.484375,37361.046875
test_id_test_id_000581_09,test_id_000581,41,sink_like,1,2,test_id_000581_t1_c2,little,little_1,1,0.9,0.86,40,340636.2,307315.03125,333594.71875,341070.9375,357760.09375,32,36.151292512336134,HI,341070.9375,15665.78125,356736.71875,340636.1875,50445.0625
test_id_test_id_000581_10,test_id_000581,41,sink_like,1,3,test_id_000581_t1_c3,big,big_1,2,1.8,1.06,40,171169.12,181426.65625,200129.734375,205749.46875,218703.109375,32,36.151292512336134,HI,205749.46875,15665.78125,221415.25,171169.125,37276.453125
test_id_test_id_000581_11,test_id_000581,41,sink_like,1,4,test_id_000581_t1_c4,little,little_1,2,1.2,0.93,40,229960.61,242026.40625,264136.21875,270678.125,285414.53125,32,36.151292512336134,HI,270678.125,15665.78125,286343.90625,229960.609375,43388.125
test_id_test_id_000581_12,test_id_000581,41,sink_like,1,5,test_id_000581_t1_c5,big,big_1,3,2.2,1.15,40,130507.98,139932.453125,156299.125,160971.0,172257.625,32,36.151292512336134,HI,160971.0,15665.78125,176636.78125,130507.9765625,32325.171875
test_id_test_id_000581_13,test_id_000581,41,sink_like,1,6,test_id_000581_t1_c6,little,little_0,3,1.5,1.0,40,258202.56,247154.5625,269526.5625,276115.0625,290943.125,32,36.151292512336134,HI,276115.0625,15665.78125,291780.84375,258202.5625,43788.5625
test_id_test_id_000581_14,test_id_000581,55,middle,2,0,test_id_000581_t2_c0,big,big_0,1,1.4,0.98,54,155236.47,180034.59375,198645.3125,204252.15625,217171.046875,32,36.151292512336134,HI,204252.15625,15665.78125,219917.9375,155236.46875,37136.453125
test_id_test_id_000581_15,test_id_000581,55,middle,2,1,test_id_000581_t2_c1,little,little_0,1,0.9,0.86,54,223581.66,239412.71875,261277.546875,267739.03125,282327.59375,32,36.151292512336134,HI,267739.03125,15665.78125,283404.8125,223581.65625,42914.875
test_id_test_id_000581_16,test_id_000581,55,middle,2,2,test_id_000581_t2_c2,big,big_1,2,1.8,1.06,54,120671.54,144495.09375,161014.65625,165772.78125,177189.515625,32,36.151292512336134,HI,165772.78125,15665.78125,181438.5625,120671.5390625,32694.421875
test_id_test_id_000581_17,test_id_000581,55,middle,2,3,test_id_000581_t2_c3,little,little_1,2,1.2,0.93,54,250690.5,250157.421875,272698.46875,279310.46875,294208.46875,32,36.151292512336134,HI,279310.46875,15665.78125,294976.25,250690.5,44051.046875
test_id_test_id_000581_18,test_id_000581,55,middle,2,4,test_id_000581_t2_c4,big,big_0,3,2.2,1.15,54,109626.01,123315.125,138855.609375,143187.0625,153888.09375,32,36.151292512336134,HI,143187.0625,15665.78125,158852.84375,109626.0078125,30572.96875
test_id_test_id_000581_19,test_id_000581,55,middle,2,5,test_id_000581_t2_c5,little,little_1,3,1.5,1.0,54,207542.72,210913.984375,231205.40625,237302.265625,251140.625,32,36.151292512336134,HI,237302.265625,15665.78125,252968.046875,207542.71875,40226.640625
test_id_test_id_000581_20,test_id_000581,55,middle,2,6,test_id_000581_t2_c6,big,big_0,0,1.0,0.9,54,241431.56,222839.03125,243762.734375,250005.90625,264147.875,32,36.151292512336134,HI,250005.90625,15665.78125,265671.6875,241431.5625,41308.84375
test_id_test_id_000581_21,test_id_000581,33,high_degree,3,0,test_id_000581_t3_c0,little,little_1,1,0.9,0.86,32,221902.66,218633.875,239353.8125,245559.703125,259626.328125,32,36.151292512336134,HI,245559.703125,15665.78125,261225.484375,221902.65625,40992.453125
test_id_test_id_000581_22,test_id_000581,33,high_degree,3,1,test_id_000581_t3_c1,big,big_0,2,1.8,1.06,32,121422.336,133636.671875,149679.484375,154219.84375,165282.34375,32,36.151292512336134,HI,154219.84375,15665.78125,169885.625,121422.3359375,31645.671875
test_id_test_id_000581_23,test_id_000581,33,high_degree,3,2,test_id_000581_t3_c2,little,little_0,2,1.2,0.93,32,202747.6,207167.96875,227176.6875,233181.8125,246841.125,32,36.151292512336134,HI,233181.8125,15665.78125,248847.59375,202747.59375,39673.15625
test_id_test_id_000581_24,test_id_000581,33,high_degree,3,3,test_id_000581_t3_c3,big,big_1,3,2.2,1.15,32,83662.055,91943.625,106491.765625,110486.171875,120539.40625,32,36.151292512336134,HI,110486.171875,15665.78125,126151.953125,83662.0546875,28595.78125
test_id_test_id_000581_25,test_id_000581,33,high_degree,3,4,test_id_000581_t3_c4,little,little_1,3,1.5,1.0,32,137600.38,161589.65625,179020.25,184174.0,196263.09375,32,36.151292512336134,HI,184174.0,15665.78125,199839.78125,137600.375,34673.4375
test_id_test_id_000581_26,test_id_000581,33,high_degree,3,5,test_id_000581_t3_c5,big,big_0,0,1.0,0.9,32,188859.28,184514.625,203426.0625,209179.21875,222364.1875,32,36.151292512336134,HI,209179.21875,15665.78125,224845.0,188859.28125,37849.5625
test_id_test_id_000581_27,test_id_000581,33,high_degree,3,6,test_id_000581_t3_c6,little,little_0,0,0.6,0.8,32,325033.56,328698.0625,356436.125,364152.4375,381562.65625,32,36.151292512336134,HI,364152.4375,15665.78125,379818.21875,325033.5625,52864.59375
test_id_test_id_000581_28,test_id_000581,92,communication_heavy,4,0,test_id_000581_t4_c0,big,big_1,2,1.8,1.06,91,181357.1,202083.4375,222133.359375,228232.4375,242092.34375,32,36.151292512336134,HI,228232.4375,15665.78125,243898.21875,181357.09375,40008.90625
test_id_test_id_000581_29,test_id_000581,92,communication_heavy,4,1,test_id_000581_t4_c1,little,little_0,2,1.2,0.93,91,329466.5,344873.75,374153.0,382415.3125,400640.5625,32,36.151292512336134,HI,382415.3125,15665.78125,398081.09375,329466.5,55766.8125
test_id_test_id_000581_30,test_id_000581,92,communication_heavy,4,2,test_id_000581_t4_c2,big,big_1,3,2.2,1.15,91,193065.7,203983.34375,224119.46875,230236.265625,244138.046875,32,36.151292512336134,HI,230236.265625,15665.78125,245902.046875,193065.703125,40154.703125
test_id_test_id_000581_31,test_id_000581,92,communication_heavy,4,3,test_id_000581_t4_c3,little,little_0,3,1.5,1.0,91,256368.62,273785.875,297987.625,305035.9375,320833.40625,32,36.151292512336134,HI,305035.9375,15665.78125,320701.71875,256368.625,47047.53125
test_id_test_id_000581_32,test_id_000581,92,communication_heavy,4,4,test_id_000581_t4_c4,big,big_1,0,1.0,0.9,91,336559.2,321059.78125,348514.40625,356299.96875,373620.6875,32,36.151292512336134,HI,356299.96875,15665.78125,371965.75,336559.1875,52560.90625
test_id_test_id_000581_33,test_id_000581,92,communication_heavy,4,5,test_id_000581_t4_c5,little,little_1,0,0.6,0.8,91,672650.25,585475.75,633003.3125,647012.125,672276.625,32,36.151292512336134,HI,647012.125,15665.78125,662677.90625,672650.25,86800.875
test_id_test_id_000581_34,test_id_000581,92,communication_heavy,4,6,test_id_000581_t4_c6,big,big_0,1,1.4,0.98,91,249737.08,244041.171875,266400.75,273043.875,287985.03125,32,36.151292512336134,HI,273043.875,15665.78125,288709.65625,249737.078125,43943.859375
test_id_test_id_000581_35,test_id_000581,34,random,5,0,test_id_000581_t5_c0,little,little_1,2,1.2,0.93,33,180559.23,180902.875,199497.625,205107.515625,218020.46875,32,36.151292512336134,HI,205107.515625,15665.78125,220773.296875,180559.234375,37117.59375
test_id_test_id_000581_36,test_id_000581,34,random,5,1,test_id_000581_t5_c1,big,big_1,3,2.2,1.15,33,93644.71,86781.203125,101274.140625,105260.359375,115259.4375,32,36.151292512336134,HI,105260.359375,15665.78125,120926.140625,93644.7109375,28478.234375
test_id_test_id_000581_37,test_id_000581,34,random,5,2,test_id_000581_t5_c2,little,little_0,3,1.5,1.0,33,132536.4,146179.421875,162752.625,167565.375,179060.6875,32,36.151292512336134,HI,167565.375,15665.78125,183231.15625,132536.40625,32881.265625
test_id_test_id_000581_38,test_id_000581,34,random,5,3,test_id_000581_t5_c3,big,big_1,0,1.0,0.9,33,127543.99,149165.09375,166241.71875,171358.109375,183414.21875,32,36.151292512336134,HI,171358.109375,15665.78125,187023.890625,127543.9921875,34249.125
test_id_test_id_000581_39,test_id_000581,34,random,5,4,test_id_000581_t5_c4,little,little_0,0,0.6,0.8,33,357876.4,322740.1875,349918.125,357349.4375,374331.46875,32,36.151292512336134,HI,357349.4375,15665.78125,373015.21875,357876.40625,51591.28125
test_id_test_id_000581_40,test_id_000581,34,random,5,5,test_id_000581_t5_c5,big,big_0,1,1.4,0.98,33,106247.65,113958.78125,129213.578125,133497.03125,144118.03125,32,36.151292512336134,HI,133497.03125,15665.78125,149162.8125,106247.6484375,30159.25
test_id_test_id_000581_41,test_id_000581,34,random,5,6,test_id_000581_t5_c6,little,little_1,1,0.9,0.86,33,218278.77,213446.3125,233933.09375,240073.15625,254032.3125,32,36.151292512336134,HI,240073.15625,15665.78125,255738.9375,218278.765625,40586.0
test_id_test_id_000583_00,test_id_000583,1,source_like,0,0,test_id_000583_t0_c0,little,little_1,2,1.2,0.93,0,120539.125,133825.6875,149741.53125,154329.1875,165418.0,32,36.151292512336134,LO,154329.1875,0.0,154329.1875,120539.125,31592.3125
test_id_test_id_000583_01,test_id_000583,1,source_like,0,1,test_id_000583_t0_c1,big,big_0,3,2.2,1.15,0,44427.535,50952.453125,63908.296875,67672.140625,76663.53125,32,36.151292512336134,LO,67672.140625,0.0,67672.140625,44427.53515625,25711.078125
test_id_test_id_000583_02,test_id_000583,1,source_like,0,2,test_id_000583_t0_c2,little,little_1,3,1.5,1.0,0,100009.98,104330.71875,119195.3125,123310.046875,133611.46875,32,36.151292512336134,LO,123310.046875,0.0,123310.046875,100009.9765625,29280.75
test_id_test_id_000583_03,test_id_000583,1,source_like,0,3,test_id_000583_t0_c3,big,big_0,0,1.0,0.9,0,100788.99,106583.46875,121604.921875,125848.109375,136383.953125,32,36.151292512336134,LO,125848.109375,0.0,125848.109375,100788.9921875,29800.484375
test_id_test_id_000583_04,test_id_000583,1,source_like,0,4,test_id_000583_t0_c4,little,little_1,0,0.6,0.8,0,258808.06,262585.71875,286749.5625,293690.59375,309659.71875,32,36.151292512336134,LO,293690.59375,0.0,293690.59375,258808.0625,47074.0
test_id_test_id_000583_05,test_id_000583,1,source_like,0,5,test_id_000583_t0_c5,big,big_0,1,1.4,0.98,0,68899.66,79849.828125,94107.75,98079.703125,107959.28125,32,36.151292512336134,LO,98079.703125,0.0,98079.703125,68899.65625,28109.453125
test_id_test_id_000583_06,test_id_000583,1,source_like,0,6,test_id_000583_t0_c6,little,little_0,1,0.9,0.86,0,172299.28,179797.203125,198560.21875,204208.09375,217232.234375,32,36.151292512336134,LO,204208.09375,0.0,204208.09375,172299.28125,37435.03125
test_id_test_id_000583_07,test_id_000583,18,sink_like,1,0,test_id_000583_t1_c0,big,big_0,3,2.2,1.15,17,116333.79,141119.875,157466.796875,162144.375,173424.421875,32,36.151292512336134,LO,162144.375,0.0,162144.375,116333.7890625,32304.546875
test_id_test_id_000583_08,test_id_000583,18,sink_like,1,1,test_id_000583_t1_c1,little,little_1,3,1.5,1.0,17,274934.6,262468.1875,285824.59375,292641.03125,307947.75,32,36.151292512336134,LO,292641.03125,0.0,292641.03125,274934.59375,45479.5625
test_id_test_id_000583_09,test_id_000583,18,sink_like,1,2,test_id_000583_t1_c2,big,big_0,0,1.0,0.9,17,246286.45,235503.859375,257195.953125,263627.59375,278147.6875,32,36.151292512336134,LO,263627.59375,0.0,263627.59375,246286.453125,42643.828125
test_id_test_id_000583_10,test_id_000583,18,sink_like,1,3,test_id_000583_t1_c3,little,little_0,0,0.6,0.8,17,433768.1,414459.5625,448599.59375,458181.0625,478531.90625,32,36.151292512336134,LO,458181.0625,0.0,458181.0625,433768.09375,64072.34375
test_id_test_id_000583_11,test_id_000583,18,sink_like,1,4,test_id_000583_t1_c4,big,big_1,1,1.4,0.98,17,189930.02,200110.84375,219874.4375,225857.375,239470.84375,32,36.151292512336134,LO,225857.375,0.0,225857.375,189930.015625,39360.0
test_id_test_id_000583_12,test_id_000583,18,sink_like,1,5,test_id_000583_t1_c5,little,little_1,1,0.9,0.86,17,325249.22,337496.6875,366161.875,374265.21875,392187.78125,32,36.151292512336134,LO,374265.21875,0.0,374265.21875,325249.21875,54691.09375
test_id_test_id_000583_13,test_id_000583,18,sink_like,1,6,test_id_000583_t1_c6,big,big_0,2,1.8,1.06,17,169983.4,187053.53125,206053.78125,211781.015625,224923.34375,32,36.151292512336134,LO,211781.015625,0.0,211781.015625,169983.40625,37869.8125
test_id_test_id_000583_14,test_id_000583,37,middle,2,0,test_id_000583_t2_c0,little,little_0,3,1.5,1.0,36,193387.67,194496.28125,213833.59375,219649.03125,232953.46875,32,36.151292512336134,LO,219649.03125,0.0,219649.03125,193387.671875,38457.1875
test_id_test_id_000583_15,test_id_000583,37,middle,2,1,test_id_000583_t2_c1,big,big_1,0,1.0,0.9,36,216447.53,191674.1875,211018.390625,216908.390625,230352.78125,32,36.151292512336134,LO,216908.390625,0.0,216908.390625,216447.53125,38678.59375
test_id_test_id_000583_16,test_id_000583,37,middle,2,2,test_id_000583_t2_c2,little,little_1,0,0.6,0.8,36,333202.22,312940.0625,339782.53125,347369.3125,364465.9375,32,36.151292512336134,LO,347369.3125,0.0,347369.3125,333202.21875,51525.875
test_id_test_id_000583_17,test_id_000583,37,middle,2,3,test_id_000583_t2_c3,big,big_0,1,1.4,0.98,36,163061.05,163794.21875,181451.1875,186705.125,198989.6875,32,36.151292512336134,LO,186705.125,0.0,186705.125,163061.046875,35195.46875
test_id_test_id_000583_18,test_id_000583,37,middle,2,4,test_id_000583_t2_c4,little,little_0,1,0.9,0.86,36,239970.83,221361.03125,242260.625,248517.40625,262688.9375,32,36.151292512336134,LO,248517.40625,0.0,248517.40625,239970.828125,41327.90625
test_id_test_id_000583_19,test_id_000583,37,middle,2,5,test_id_000583_t2_c5,big,big_0,2,1.8,1.06,36,120243.664,122020.828125,137496.71875,141832.65625,152534.09375,32,36.151292512336134,LO,141832.65625,0.0,141832.65625,120243.6640625,30513.265625
test_id_test_id_000583_20,test_id_000583,37,middle,2,6,test_id_000583_t2_c6,little,little_1,2,1.2,0.93,36,230032.22,208846.171875,229023.03125,235092.15625,248878.9375,32,36.151292512336134,LO,235092.15625,0.0,235092.15625,230032.21875,40032.765625
test_id_test_id_000583_21,test_id_000583,19,high_degree,3,0,test_id_000583_t3_c0,big,big_0,0,1.0,0.9,18,289747.12,241359.6875,263325.1875,269787.3125,284386.0625,32,36.151292512336134,LO,269787.3125,0.0,269787.3125,289747.125,43026.375
test_id_test_id_000583_22,test_id_000583,19,high_degree,3,1,test_id_000583_t3_c1,little,little_0,0,0.6,0.8,18,351530.06,346637.375,375773.8125,383981.59375,402127.3125,32,36.151292512336134,LO,383981.59375,0.0,383981.59375,351530.0625,55489.9375
test_id_test_id_000583_23,test_id_000583,19,high_degree,3,2,test_id_000583_t3_c2,big,big_1,1,1.4,0.98,18,219820.94,204791.078125,224730.46875,230736.5625,244395.9375,32,36.151292512336134,LO,230736.5625,0.0,230736.5625,219820.9375,39604.859375
test_id_test_id_000583_24,test_id_000583,19,high_degree,3,3,test_id_000583_t3_c3,little,little_0,1,0.9,0.86,18,275125.47,265335.21875,288792.34375,295602.625,310929.46875,32,36.151292512336134,LO,295602.625,0.0,295602.625,275125.46875,45594.25
test_id_test_id_000583_25,test_id_000583,19,high_degree,3,4,test_id_000583_t3_c4,big,big_1,2,1.8,1.06,18,149856.66,165073.71875,182738.015625,187968.234375,200205.921875,32,36.151292512336134,LO,187968.234375,0.0,187968.234375,149856.65625,35132.203125
test_id_test_id_000583_26,test_id_000583,19,high_degree,3,5,test_id_000583_t3_c5,little,little_0,2,1.2,0.93,18,267556.44,249023.9375,271511.1875,278115.125,292992.59375,32,36.151292512336134,LO,278115.125,0.0,278115.125,267556.4375,43968.65625
test_id_test_id_000583_27,test_id_000583,19,high_degree,3,6,test_id_000583_t3_c6,big,big_0,3,2.2,1.15,18,133059.31,144287.171875,160798.390625,165535.09375,176919.625,32,36.151292512336134,LO,165535.09375,0.0,165535.09375,133059.3125,32632.453125
test_id_test_id_000583_28,test_id_000583,51,communication_heavy,4,0,test_id_000583_t4_c0,little,little_1,0,0.6,0.8,50,576465.9,555227.25,600459.25,613646.125,638172.75,32,36.151292512336134,LO,613646.125,0.0,613646.125,576465.875,82945.5
test_id_test_id_000583_29,test_id_000583,51,communication_heavy,4,1,test_id_000583_t4_c1,big,big_1,1,1.4,0.98,50,368850.53,321950.40625,349556.375,357396.0625,374817.8125,32,36.151292512336134,LO,357396.0625,0.0,357396.0625,368850.53125,52867.40625
test_id_test_id_000583_30,test_id_000583,51,communication_heavy,4,2,test_id_000583_t4_c2,little,little_0,1,0.9,0.86,50,521852.25,479103.53125,519277.375,530769.8125,553832.0,32,36.151292512336134,LO,530769.8125,0.0,530769.8125,521852.25,74728.46875
test_id_test_id_000583_31,test_id_000583,51,communication_heavy,4,3,test_id_000583_t4_c3,big,big_1,2,1.8,1.06,50,234498.77,241886.171875,264109.53125,270723.75,285600.75,32,36.151292512336134,LO,270723.75,0.0,270723.75,234498.765625,43714.578125
test_id_test_id_000583_32,test_id_000583,51,communication_heavy,4,4,test_id_000583_t4_c4,little,little_1,2,1.2,0.93,50,394250.03,384036.9375,416563.28125,425727.0625,445538.84375,32,36.151292512336134,LO,425727.0625,0.0,425727.0625,394250.03125,61501.90625
test_id_test_id_000583_33,test_id_000583,51,communication_heavy,4,5,test_id_000583_t4_c5,big,big_0,3,2.2,1.15,50,180177.86,198856.59375,218610.796875,224588.046875,238216.875,32,36.151292512336134,LO,224588.046875,0.0,224588.046875,180177.859375,39360.28125
test_id_test_id_000583_34,test_id_000583,51,communication_heavy,4,6,test_id_000583_t4_c6,little,little_1,3,1.5,1.0,50,347188.12,333336.625,361808.125,369876.875,387739.875,32,36.151292512336134,LO,369876.875,0.0,369876.875,347188.125,54403.25
test_id_test_id_000583_35,test_id_000583,55,random,5,0,test_id_000583_t5_c0,big,big_0,1,1.4,0.98,54,245307.69,255838.09375,278899.28125,285692.1875,300954.0625,32,36.151292512336134,LO,285692.1875,0.0,285692.1875,245307.6875,45115.96875
test_id_test_id_000583_36,test_id_000583,55,random,5,1,test_id_000583_t5_c1,little,little_1,1,0.9,0.86,54,586243.4,495461.21875,537040.75,548998.75,572634.9375,32,36.151292512336134,LO,548998.75,0.0,548998.75,586243.375,77173.71875
test_id_test_id_000583_37,test_id_000583,55,random,5,2,test_id_000583_t5_c2,big,big_1,2,1.8,1.06,54,219522.89,233616.78125,255396.078125,261922.8125,276626.875,32,36.151292512336134,LO,261922.8125,0.0,261922.8125,219522.890625,43010.09375
test_id_test_id_000583_38,test_id_000583,55,random,5,3,test_id_000583_t5_c3,little,little_1,2,1.2,0.93,54,457552.4,394700.6875,428182.59375,437633.5,457909.75,32,36.151292512336134,LO,437633.5,0.0,437633.5,457552.40625,63209.0625
test_id_test_id_000583_39,test_id_000583,55,random,5,4,test_id_000583_t5_c4,big,big_1,3,2.2,1.15,54,194225.77,212171.140625,232740.125,238968.671875,253089.515625,32,36.151292512336134,LO,238968.671875,0.0,238968.671875,194225.765625,40918.375
test_id_test_id_000583_40,test_id_000583,55,random,5,5,test_id_000583_t5_c5,little,little_0,3,1.5,1.0,54,335920.8,321620.84375,349186.71875,357023.9375,374440.4375,32,36.151292512336134,LO,357023.9375,0.0,357023.9375,335920.8125,52819.59375
test_id_test_id_000583_41,test_id_000583,55,random,5,6,test_id_000583_t5_c6,big,big_1,0,1.0,0.9,54,362858.3,340242.5625,369147.96875,377304.25,395337.25,32,36.151292512336134,LO,377304.25,0.0,377304.25,362858.3125,55094.6875
test_id_test_id_000618_00,test_id_000618,1,source_like,0,0,test_id_000618_t0_c0,little,little_0,3,1.5,1.0,0,75060.98,79725.625,94005.6875,97951.453125,107780.4375,32,36.151292512336134,HI,97951.453125,15665.78125,113617.234375,75060.9765625,28054.8125
test_id_test_id_000618_01,test_id_000618,1,source_like,0,1,test_id_000618_t0_c1,big,big_0,0,1.0,0.9,0,73383.63,76510.421875,90770.59375,94802.484375,104756.4375,32,36.151292512336134,HI,94802.484375,15665.78125,110468.265625,73383.6328125,28246.015625
test_id_test_id_000618_02,test_id_000618,1,source_like,0,2,test_id_000618_t0_c2,little,little_0,0,0.6,0.8,0,167471.75,174204.21875,193182.71875,198961.75,212260.6875,32,36.151292512336134,HI,198961.75,15665.78125,214627.53125,167471.75,38056.46875
test_id_test_id_000618_03,test_id_000618,1,source_like,0,3,test_id_000618_t0_c3,big,big_1,1,1.4,0.98,0,62030.625,64294.984375,78003.46875,81896.03125,91369.40625,32,36.151292512336134,HI,81896.03125,15665.78125,97561.8125,62030.625,27074.421875
test_id_test_id_000618_04,test_id_000618,1,source_like,0,4,test_id_000618_t0_c4,little,little_1,1,0.9,0.86,0,119915.125,126019.71875,141828.421875,146399.0625,157488.671875,32,36.151292512336134,HI,146399.0625,15665.78125,162064.84375,119915.125,31468.953125
test_id_test_id_000618_05,test_id_000618,1,source_like,0,5,test_id_000618_t0_c5,big,big_0,2,1.8,1.06,0,44397.254,53510.578125,66657.859375,70476.828125,79614.859375,32,36.151292512336134,HI,70476.828125,15665.78125,86142.609375,44397.25390625,26104.28125
test_id_test_id_000618_06,test_id_000618,1,source_like,0,6,test_id_000618_t0_c6,little,little_1,2,1.2,0.93,0,95377.17,97481.296875,112241.15625,116353.546875,126651.640625,32,36.151292512336134,HI,116353.546875,15665.78125,132019.328125,95377.171875,29170.34375
test_id_test_id_000618_07,test_id_000618,121,sink_like,1,0,test_id_000618_t1_c0,big,big_0,0,1.0,0.9,120,388734.84,369493.625,400758.90625,409552.28125,428743.40625,32,36.151292512336134,HI,409552.28125,15665.78125,425218.0625,388734.84375,59249.78125
test_id_test_id_000618_08,test_id_000618,121,sink_like,1,1,test_id_000618_t1_c1,little,little_0,0,0.6,0.8,120,612210.9,571210.4375,617425.0625,630957.5,655731.8125,32,36.151292512336134,HI,630957.5,15665.78125,646623.28125,612210.875,84521.375
test_id_test_id_000618_09,test_id_000618,121,sink_like,1,2,test_id_000618_t1_c2,big,big_1,1,1.4,0.98,120,285668.53,283194.6875,307989.96875,315155.53125,331206.6875,32,36.151292512336134,HI,315155.53125,15665.78125,330821.3125,285668.53125,48012.0
test_id_test_id_000618_10,test_id_000618,121,sink_like,1,3,test_id_000618_t1_c3,little,little_1,1,0.9,0.86,120,602253.6,513934.90625,557053.375,569531.375,593757.5625,32,36.151292512336134,HI,569531.375,15665.78125,585197.15625,602253.625,79822.65625
test_id_test_id_000618_11,test_id_000618,121,sink_like,1,4,test_id_000618_t1_c4,big,big_1,2,1.8,1.06,120,246758.55,253977.03125,276937.03125,283714.625,298938.46875,32,36.151292512336134,HI,283714.625,15665.78125,299380.40625,246758.546875,44961.4375
test_id_test_id_000618_12,test_id_000618,121,sink_like,1,5,test_id_000618_t1_c5,little,little_1,2,1.2,0.93,120,458427.6,402365.875,436459.5,446081.5,466636.125,32,36.151292512336134,HI,446081.5,15665.78125,461747.28125,458427.59375,64270.25
test_id_test_id_000618_13,test_id_000618,121,sink_like,1,6,test_id_000618_t1_c6,big,big_1,3,2.2,1.15,120,186490.8,206937.28125,227216.25,233367.15625,247333.953125,32,36.151292512336134,HI,233367.15625,15665.78125,249032.9375,186490.796875,40396.671875
test_id_test_id_000618_14,test_id_000618,149,middle,2,0,test_id_000618_t2_c0,little,little_0,0,0.6,0.8,148,614407.3,543435.3125,588127.0625,601166.375,625628.75,32,36.151292512336134,HI,601166.375,15665.78125,616832.15625,614407.3125,82193.4375
test_id_test_id_000618_15,test_id_000618,149,middle,2,1,test_id_000618_t2_c1,big,big_0,1,1.4,0.98,148,286119.75,257469.625,280563.59375,287336.4375,302552.96875,32,36.151292512336134,HI,287336.4375,15665.78125,303002.21875,286119.75,45083.34375
test_id_test_id_000618_16,test_id_000618,149,middle,2,2,test_id_000618_t2_c2,little,little_0,1,0.9,0.86,148,478277.56,430808.03125,467181.0,477492.9375,499046.1875,32,36.151292512336134,HI,477492.9375,15665.78125,493158.71875,478277.5625,68238.15625
test_id_test_id_000618_17,test_id_000618,149,middle,2,3,test_id_000618_t2_c3,big,big_0,2,1.8,1.06,148,210284.52,217931.390625,238747.375,245022.46875,259209.90625,32,36.151292512336134,HI,245022.46875,15665.78125,260688.25,210284.515625,41278.515625
test_id_test_id_000618_18,test_id_000618,149,middle,2,4,test_id_000618_t2_c4,little,little_0,2,1.2,0.93,148,280166.53,304735.625,331003.5625,338516.53125,355280.6875,32,36.151292512336134,HI,338516.53125,15665.78125,354182.3125,280166.53125,50545.0625
test_id_test_id_000618_19,test_id_000618,149,middle,2,5,test_id_000618_t2_c5,big,big_0,3,2.2,1.15,148,224228.03,216475.65625,237192.640625,243439.671875,257576.328125,32,36.151292512336134,HI,243439.671875,15665.78125,259105.453125,224228.03125,41100.671875
test_id_test_id_000618_20,test_id_000618,149,middle,2,6,test_id_000618_t2_c6,little,little_1,3,1.5,1.0,148,298968.28,292149.96875,317547.3125,324858.65625,341198.5,32,36.151292512336134,HI,324858.65625,15665.78125,340524.4375,298968.28125,49048.53125
test_id_test_id_000618_21,test_id_000618,16,high_degree,3,0,test_id_000618_t3_c0,big,big_0,1,1.4,0.98,15,224393.3,224246.546875,245398.15625,251746.609375,266080.28125,32,36.151292512336134,HI,251746.609375,15665.78125,267412.390625,224393.296875,41833.734375
test_id_test_id_000618_22,test_id_000618,16,high_degree,3,1,test_id_000618_t3_c1,little,little_1,1,0.9,0.86,15,472510.56,396183.375,429593.125,439007.6875,459200.75,32,36.151292512336134,HI,439007.6875,15665.78125,454673.46875,472510.5625,63017.375
test_id_test_id_000618_23,test_id_000618,16,high_degree,3,2,test_id_000618_t3_c2,big,big_0,2,1.8,1.06,15,238963.98,225433.65625,246621.015625,252968.21875,267300.71875,32,36.151292512336134,HI,252968.21875,15665.78125,268634.0,238963.984375,41867.0625
test_id_test_id_000618_24,test_id_000618,16,high_degree,3,3,test_id_000618_t3_c3,little,little_1,2,1.2,0.93,15,264631.7,279687.71875,304208.78125,311305.28125,327207.0,32,36.151292512336134,HI,311305.28125,15665.78125,326971.0625,264631.6875,47519.28125
test_id_test_id_000618_25,test_id_000618,16,high_degree,3,4,test_id_000618_t3_c4,big,big_1,3,2.2,1.15,15,150207.72,165203.3125,182921.046875,188154.28125,200415.5625,32,36.151292512336134,HI,188154.28125,15665.78125,203820.0625,150207.71875,35212.25
test_id_test_id_000618_26,test_id_000618,16,high_degree,3,5,test_id_000618_t3_c5,little,little_1,3,1.5,1.0,15,269810.06,264015.28125,287513.34375,294382.84375,309796.09375,32,36.151292512336134,HI,294382.84375,15665.78125,310048.625,269810.0625,45780.8125
test_id_test_id_000618_27,test_id_000618,16,high_degree,3,6,test_id_000618_t3_c6,big,big_1,0,1.0,0.9,15,257805.05,257236.34375,280285.15625,287033.40625,302214.53125,32,36.151292512336134,HI,287033.40625,15665.78125,302699.1875,257805.046875,44978.1875
test_id_test_id_000618_28,test_id_000618,67,communication_heavy,4,0,test_id_000618_t4_c0,little,little_0,1,0.9,0.86,66,835806.7,653707.875,709586.3125,726437.25,756091.1875,32,36.151292512336134,HI,726437.25,15665.78125,742103.03125,835806.6875,102383.3125
test_id_test_id_000618_29,test_id_000618,67,communication_heavy,4,1,test_id_000618_t4_c1,big,big_1,2,1.8,1.06,66,313202.66,318445.65625,345752.0625,353513.71875,370792.3125,32,36.151292512336134,HI,353513.71875,15665.78125,369179.5,313202.65625,52346.65625
test_id_test_id_000618_30,test_id_000618,67,communication_heavy,4,2,test_id_000618_t4_c2,little,little_0,2,1.2,0.93,66,574706.94,487698.09375,529090.1875,541022.0625,564757.5,32,36.151292512336134,HI,541022.0625,15665.78125,556687.84375,574706.9375,77059.40625
test_id_test_id_000618_31,test_id_000618,67,communication_heavy,4,3,test_id_000618_t4_c3,big,big_1,3,2.2,1.15,66,234358.81,257998.671875,281156.3125,287968.1875,303271.53125,32,36.151292512336134,HI,287968.1875,15665.78125,303633.96875,234358.8125,45272.859375
test_id_test_id_000618_32,test_id_000618,67,communication_heavy,4,4,test_id_000618_t4_c4,little,little_0,3,1.5,1.0,66,584413.8,475963.0,516888.53125,528710.375,552456.5,32,36.151292512336134,HI,528710.375,15665.78125,544376.15625,584413.8125,76493.5
test_id_test_id_000618_33,test_id_000618,67,communication_heavy,4,5,test_id_000618_t4_c5,big,big_0,0,1.0,0.9,66,600514.4,546138.375,592440.625,606058.5,631694.5,32,36.151292512336134,HI,606058.5,15665.78125,621724.28125,600514.375,85556.125
test_id_test_id_000618_34,test_id_000618,67,communication_heavy,4,6,test_id_000618_t4_c6,little,little_0,0,0.6,0.8,66,1008090.56,746871.0625,809962.375,829010.625,861795.0,32,36.151292512336134,HI,829010.625,15665.78125,844676.40625,1008090.5625,114923.9375
test_id_test_id_000618_35,test_id_000618,73,random,5,0,test_id_000618_t5_c0,big,big_0,2,1.8,1.06,72,120355.125,137595.25,153801.84375,158409.0,169577.34375,32,36.151292512336134,HI,158409.0,15665.78125,174074.78125,120355.125,31982.09375
test_id_test_id_000618_36,test_id_000618,73,random,5,1,test_id_000618_t5_c1,little,little_1,2,1.2,0.93,72,201142.78,206669.265625,226711.765625,232761.15625,246491.109375,32,36.151292512336134,HI,232761.15625,15665.78125,248426.9375,201142.78125,39821.84375
test_id_test_id_000618_37,test_id_000618,73,random,5,2,test_id_000618_t5_c2,big,big_0,3,2.2,1.15,72,86938.7,103546.390625,118483.5,122584.03125,132885.90625,32,36.151292512336134,HI,122584.03125,15665.78125,138249.8125,86938.703125,29339.515625
test_id_test_id_000618_38,test_id_000618,73,random,5,3,test_id_000618_t5_c3,little,little_1,3,1.5,1.0,72,171526.0,190058.84375,209132.25,214867.625,228013.265625,32,36.151292512336134,HI,214867.625,15665.78125,230533.40625,171526.0,37954.421875
test_id_test_id_000618_39,test_id_000618,73,random,5,4,test_id_000618_t5_c4,big,big_0,0,1.0,0.9,72,166277.62,184006.734375,203018.875,208849.15625,222168.0,32,36.151292512336134,HI,208849.15625,15665.78125,224514.9375,166277.625,38161.265625
test_id_test_id_000618_40,test_id_000618,73,random,5,5,test_id_000618_t5_c5,little,little_1,0,0.6,0.8,72,415346.44,382763.875,413882.125,422466.25,441258.71875,32,36.151292512336134,HI,422466.25,15665.78125,438132.03125,415346.4375,58494.84375
test_id_test_id_000618_41,test_id_000618,73,random,5,6,test_id_000618_t5_c6,big,big_0,1,1.4,0.98,72,144670.81,167755.53125,185604.65625,190913.09375,203292.1875,32,36.151292512336134,HI,190913.09375,15665.78125,206578.875,144670.8125,35536.65625
test_id_test_id_000629_00,test_id_000629,5,source_like,0,0,test_id_000629_t0_c0,big,big_0,1,1.4,0.98,4,94593.4,110681.140625,125795.140625,130012.296875,140501.859375,32,36.151292512336134,LO,130012.296875,0.0,130012.296875,94593.3984375,29820.71875
test_id_test_id_000629_01,test_id_000629,5,source_like,0,1,test_id_000629_t0_c1,little,little_1,1,0.9,0.86,4,215722.89,195640.5,215106.21875,221024.828125,234487.65625,32,36.151292512336134,LO,221024.828125,0.0,221024.828125,215722.890625,38847.15625
test_id_test_id_000629_02,test_id_000629,5,source_like,0,2,test_id_000629_t0_c2,big,big_0,2,1.8,1.06,4,70544.79,94533.40625,109244.59375,113257.765625,123368.21875,32,36.151292512336134,LO,113257.765625,0.0,113257.765625,70544.7890625,28834.8125
test_id_test_id_000629_03,test_id_000629,5,source_like,0,3,test_id_000629_t0_c3,little,little_0,2,1.2,0.93,4,165448.4,174416.671875,192553.265625,198008.875,210606.390625,32,36.151292512336134,LO,198008.875,0.0,198008.875,165448.40625,36189.71875
test_id_test_id_000629_04,test_id_000629,5,source_like,0,4,test_id_000629_t0_c4,big,big_1,3,2.2,1.15,4,63193.473,76919.53125,91111.578125,95023.734375,104758.3125,32,36.151292512336134,LO,95023.734375,0.0,95023.734375,63193.47265625,27838.78125
test_id_test_id_000629_05,test_id_000629,5,source_like,0,5,test_id_000629_t0_c5,little,little_1,3,1.5,1.0,4,139862.47,155929.515625,172871.5625,177820.578125,189527.765625,32,36.151292512336134,LO,177820.578125,0.0,177820.578125,139862.46875,33598.25
test_id_test_id_000629_06,test_id_000629,5,source_like,0,6,test_id_000629_t0_c6,big,big_0,0,1.0,0.9,4,137405.66,152054.96875,168990.84375,174014.609375,185849.65625,32,36.151292512336134,LO,174014.609375,0.0,174014.609375,137405.65625,33794.6875
test_id_test_id_000629_07,test_id_000629,74,sink_like,1,0,test_id_000629_t1_c0,little,little_0,1,0.9,0.86,73,312645.0,278453.0625,302725.0625,309699.9375,325395.375,32,36.151292512336134,LO,309699.9375,0.0,309699.9375,312645.0,46942.3125
test_id_test_id_000629_08,test_id_000629,74,sink_like,1,1,test_id_000629_t1_c1,big,big_1,2,1.8,1.06,73,139256.03,149380.46875,166212.890625,171094.34375,182734.1875,32,36.151292512336134,LO,171094.34375,0.0,171094.34375,139256.03125,33353.71875
test_id_test_id_000629_09,test_id_000629,74,sink_like,1,2,test_id_000629_t1_c2,little,little_0,2,1.2,0.93,73,236229.53,221198.171875,242069.296875,248314.765625,262448.375,32,36.151292512336134,LO,248314.765625,0.0,248314.765625,236229.53125,41250.203125
test_id_test_id_000629_10,test_id_000629,74,sink_like,1,3,test_id_000629_t1_c3,big,big_1,3,2.2,1.15,73,102998.01,111225.28125,126351.40625,130529.484375,140970.578125,32,36.151292512336134,LO,130529.484375,0.0,130529.484375,102998.0078125,29745.296875
test_id_test_id_000629_11,test_id_000629,74,sink_like,1,4,test_id_000629_t1_c4,little,little_0,3,1.5,1.0,73,179931.6,188987.59375,208086.640625,213850.46875,227054.78125,32,36.151292512336134,LO,213850.46875,0.0,213850.46875,179931.59375,38067.1875
test_id_test_id_000629_12,test_id_000629,74,sink_like,1,5,test_id_000629_t1_c5,big,big_0,0,1.0,0.9,73,173327.1,188729.28125,208042.171875,213973.8125,227488.84375,32,36.151292512336134,LO,213973.8125,0.0,213973.8125,173327.09375,38759.5625
test_id_test_id_000629_13,test_id_000629,74,sink_like,1,6,test_id_000629_t1_c6,little,little_1,0,0.6,0.8,73,406812.25,363066.4375,393013.75,401328.75,419716.75,32,36.151292512336134,LO,401328.75,0.0,401328.75,406812.25,56650.3125
test_id_test_id_000629_14,test_id_000629,56,middle,2,0,test_id_000629_t2_c0,big,big_1,2,1.8,1.06,55,159588.4,182912.3125,201783.515625,207472.9375,220566.1875,32,36.151292512336134,LO,207472.9375,0.0,207472.9375,159588.40625,37653.875
test_id_test_id_000629_15,test_id_000629,56,middle,2,1,test_id_000629_t2_c1,little,little_0,2,1.2,0.93,55,297528.5,301289.0,327290.125,334728.875,351338.8125,32,36.151292512336134,LO,334728.875,0.0,334728.875,297528.5,50049.8125
test_id_test_id_000629_16,test_id_000629,56,middle,2,2,test_id_000629_t2_c2,big,big_0,3,2.2,1.15,55,123475.02,149057.53125,165932.25,170820.59375,182487.9375,32,36.151292512336134,LO,170820.59375,0.0,170820.59375,123475.0234375,33430.40625
test_id_test_id_000629_17,test_id_000629,56,middle,2,3,test_id_000629_t2_c3,little,little_0,3,1.5,1.0,55,293826.62,271142.09375,295102.25,302074.6875,317705.1875,32,36.151292512336134,LO,302074.6875,0.0,302074.6875,293826.625,46563.09375
test_id_test_id_000629_18,test_id_000629,56,middle,2,4,test_id_000629_t2_c4,big,big_1,0,1.0,0.9,55,293197.56,271232.40625,295154.84375,302086.375,317665.125,32,36.151292512336134,LO,302086.375,0.0,302086.375,293197.5625,46432.71875
test_id_test_id_000629_19,test_id_000629,56,middle,2,5,test_id_000629_t2_c5,little,little_1,0,0.6,0.8,55,489933.78,487291.25,526815.875,538015.75,560349.375,32,36.151292512336134,LO,538015.75,0.0,538015.75,489933.78125,73058.125
test_id_test_id_000629_20,test_id_000629,56,middle,2,6,test_id_000629_t2_c6,big,big_0,1,1.4,0.98,55,178352.92,207944.03125,228283.546875,234460.25,248459.65625,32,36.151292512336134,LO,234460.25,0.0,234460.25,178352.921875,40515.625
test_id_test_id_000629_21,test_id_000629,73,high_degree,3,0,test_id_000629_t3_c0,little,little_0,2,1.2,0.93,72,320293.72,291502.875,316813.375,324083.1875,340351.5625,32,36.151292512336134,LO,324083.1875,0.0,324083.1875,320293.71875,48848.6875
test_id_test_id_000629_22,test_id_000629,73,high_degree,3,1,test_id_000629_t3_c1,big,big_0,3,2.2,1.15,72,117871.52,135776.15625,151861.46875,156425.4375,167514.53125,32,36.151292512336134,LO,156425.4375,0.0,156425.4375,117871.5234375,31738.375
test_id_test_id_000629_23,test_id_000629,73,high_degree,3,2,test_id_000629_t3_c2,little,little_1,3,1.5,1.0,72,216215.7,221165.015625,242091.25,248368.40625,262559.5625,32,36.151292512336134,LO,248368.40625,0.0,248368.40625,216215.703125,41394.546875
test_id_test_id_000629_24,test_id_000629,73,high_degree,3,3,test_id_000629_t3_c3,big,big_0,0,1.0,0.9,72,229997.75,226407.109375,247605.921875,253937.875,268252.65625,32,36.151292512336134,LO,253937.875,0.0,253937.875,229997.75,41845.546875
test_id_test_id_000629_25,test_id_000629,73,high_degree,3,4,test_id_000629_t3_c4,little,little_0,0,0.6,0.8,72,430562.28,413055.375,446905.9375,456390.125,476571.9375,32,36.151292512336134,LO,456390.125,0.0,456390.125,430562.28125,63516.5625
test_id_test_id_000629_26,test_id_000629,73,high_degree,3,5,test_id_000629_t3_c5,big,big_0,1,1.4,0.98,72,204069.89,202019.546875,221895.109375,227908.5625,241584.1875,32,36.151292512336134,LO,227908.5625,0.0,227908.5625,204069.890625,39564.640625
test_id_test_id_000629_27,test_id_000629,73,high_degree,3,6,test_id_000629_t3_c6,little,little_0,1,0.9,0.86,72,353717.72,318137.6875,345298.78125,353010.75,370176.75,32,36.151292512336134,LO,353010.75,0.0,353010.75,353717.71875,52039.0625
test_id_test_id_000629_28,test_id_000629,96,communication_heavy,4,0,test_id_000629_t4_c0,big,big_0,3,2.2,1.15,95,161544.88,178376.328125,196859.984375,202390.84375,215183.875,32,36.151292512336134,LO,202390.84375,0.0,202390.84375,161544.875,36807.546875
test_id_test_id_000629_29,test_id_000629,96,communication_heavy,4,1,test_id_000629_t4_c1,little,little_0,3,1.5,1.0,95,216763.02,238457.421875,260356.328125,266851.0625,281484.3125,32,36.151292512336134,LO,266851.0625,0.0,266851.0625,216763.015625,43026.890625
test_id_test_id_000629_30,test_id_000629,96,communication_heavy,4,2,test_id_000629_t4_c2,big,big_0,0,1.0,0.9,95,293796.7,265678.34375,289197.96875,296028.03125,311394.0625,32,36.151292512336134,LO,296028.03125,0.0,296028.03125,293796.6875,45715.71875
test_id_test_id_000629_31,test_id_000629,96,communication_heavy,4,3,test_id_000629_t4_c3,little,little_0,0,0.6,0.8,95,403738.2,419203.5625,453772.1875,463486.1875,484034.4375,32,36.151292512336134,LO,463486.1875,0.0,463486.1875,403738.1875,64830.875
test_id_test_id_000629_32,test_id_000629,96,communication_heavy,4,4,test_id_000629_t4_c4,big,big_0,1,1.4,0.98,95,197459.52,212324.546875,232726.765625,238865.578125,252783.0625,32,36.151292512336134,LO,238865.578125,0.0,238865.578125,197459.515625,40458.515625
test_id_test_id_000629_33,test_id_000629,96,communication_heavy,4,5,test_id_000629_t4_c5,little,little_1,1,0.9,0.86,95,308892.78,320436.0625,347784.0,355547.5,372817.6875,32,36.151292512336134,LO,355547.5,0.0,355547.5,308892.78125,52381.625
test_id_test_id_000629_34,test_id_000629,96,communication_heavy,4,6,test_id_000629_t4_c6,big,big_1,2,1.8,1.06,95,122550.35,161015.53125,178417.125,183541.03125,195587.296875,32,36.151292512336134,LO,183541.03125,0.0,183541.03125,122550.3515625,34571.765625
test_id_test_id_000629_35,test_id_000629,20,random,5,0,test_id_000629_t5_c0,little,little_1,3,1.5,1.0,19,81335.0,101763.25,116591.6875,120703.625,131004.359375,32,36.151292512336134,LO,120703.625,0.0,120703.625,81335.0,29241.109375
test_id_test_id_000629_36,test_id_000629,20,random,5,1,test_id_000629_t5_c1,big,big_1,0,1.0,0.9,19,104192.7,120111.234375,135772.53125,140306.125,151382.5625,32,36.151292512336134,LO,140306.125,0.0,140306.125,104192.703125,31271.328125
test_id_test_id_000629_37,test_id_000629,20,random,5,2,test_id_000629_t5_c2,little,little_0,0,0.6,0.8,19,198574.77,216914.90625,238729.59375,245402.171875,260528.546875,32,36.151292512336134,LO,245402.171875,0.0,245402.171875,198574.765625,43613.640625
test_id_test_id_000629_38,test_id_000629,20,random,5,3,test_id_000629_t5_c3,big,big_0,1,1.4,0.98,19,74822.54,87874.515625,102465.328125,106554.390625,116752.171875,32,36.151292512336134,LO,106554.390625,0.0,106554.390625,74822.5390625,28877.65625
test_id_test_id_000629_39,test_id_000629,20,random,5,4,test_id_000629_t5_c4,little,little_0,1,0.9,0.86,19,144374.97,165159.3125,183146.765625,188583.1875,201212.8125,32,36.151292512336134,LO,188583.1875,0.0,188583.1875,144374.96875,36053.5
test_id_test_id_000629_40,test_id_000629,20,random,5,5,test_id_000629_t5_c5,big,big_0,2,1.8,1.06,19,61107.44,73910.0,87988.171875,91951.0,101734.734375,32,36.151292512336134,LO,91951.0,0.0,91951.0,61107.44140625,27824.734375
test_id_test_id_000629_41,test_id_000629,20,random,5,6,test_id_000629_t5_c6,little,little_0,2,1.2,0.93,19,109816.74,130658.265625,146531.625,151111.90625,162212.21875,32,36.151292512336134,LO,151111.90625,0.0,151111.90625,109816.7421875,31553.953125
test_id_test_id_000631_00,test_id_000631,3,source_like,0,0,test_id_000631_t0_c0,little,little_1,1,0.9,0.86,2,274681.9,218713.59375,239335.375,245468.015625,259381.109375,32,36.151292512336134,HI,245468.015625,15665.78125,261133.796875,274681.90625,40667.515625
test_id_test_id_000631_01,test_id_000631,3,source_like,0,1,test_id_000631_t0_c1,big,big_0,2,1.8,1.06,2,87089.32,95949.359375,110670.65625,114715.09375,124884.71875,32,36.151292512336134,HI,114715.09375,15665.78125,130380.875,87089.3203125,28935.359375
test_id_test_id_000631_02,test_id_000631,3,source_like,0,2,test_id_000631_t0_c2,little,little_0,2,1.2,0.93,2,217375.19,189195.265625,208109.890625,213793.84375,226816.9375,32,36.151292512336134,HI,213793.84375,15665.78125,229459.625,217375.1875,37621.671875
test_id_test_id_000631_03,test_id_000631,3,source_like,0,3,test_id_000631_t0_c3,big,big_0,3,2.2,1.15,2,78145.484,88751.40625,103363.734375,107352.65625,117381.53125,32,36.151292512336134,HI,107352.65625,15665.78125,123018.4375,78145.484375,28630.125
test_id_test_id_000631_04,test_id_000631,3,source_like,0,4,test_id_000631_t0_c4,little,little_1,3,1.5,1.0,2,155375.8,153130.1875,170133.03125,175146.03125,186969.90625,32,36.151292512336134,HI,175146.03125,15665.78125,190811.8125,155375.796875,33839.71875
test_id_test_id_000631_05,test_id_000631,3,source_like,0,5,test_id_000631_t0_c5,big,big_1,0,1.0,0.9,2,166173.2,159687.46875,177145.03125,182392.15625,194624.0,32,36.151292512336134,HI,182392.15625,15665.78125,198057.9375,166173.203125,34936.53125
test_id_test_id_000631_06,test_id_000631,3,source_like,0,6,test_id_000631_t0_c6,little,little_1,0,0.6,0.8,2,398615.8,319328.9375,346402.5,353880.40625,370884.4375,32,36.151292512336134,HI,353880.40625,15665.78125,369546.1875,398615.8125,51555.5
test_id_test_id_000631_07,test_id_000631,49,sink_like,1,0,test_id_000631_t1_c0,big,big_1,2,1.8,1.06,48,209214.69,219445.453125,240483.125,246856.78125,261250.53125,32,36.151292512336134,HI,246856.78125,15665.78125,262522.5625,209214.6875,41805.078125
test_id_test_id_000631_08,test_id_000631,49,sink_like,1,1,test_id_000631_t1_c1,little,little_1,2,1.2,0.93,48,309100.2,315908.5,342963.15625,350652.15625,367779.4375,32,36.151292512336134,HI,350652.15625,15665.78125,366317.9375,309100.1875,51870.9375
test_id_test_id_000631_09,test_id_000631,49,sink_like,1,2,test_id_000631_t1_c2,big,big_1,3,2.2,1.15,48,236955.1,225820.8125,247175.359375,253612.359375,268141.78125,32,36.151292512336134,HI,253612.359375,15665.78125,269278.140625,236955.09375,42320.96875
test_id_test_id_000631_10,test_id_000631,49,sink_like,1,3,test_id_000631_t1_c3,little,little_0,3,1.5,1.0,48,343701.0,316047.6875,343194.90625,350926.375,368132.21875,32,36.151292512336134,HI,350926.375,15665.78125,366592.15625,343701.0,52084.53125
test_id_test_id_000631_11,test_id_000631,49,sink_like,1,4,test_id_000631_t1_c4,big,big_1,0,1.0,0.9,48,293728.78,300477.875,326416.25,333825.34375,350394.21875,32,36.151292512336134,HI,333825.34375,15665.78125,349491.125,293728.78125,49916.34375
test_id_test_id_000631_12,test_id_000631,49,sink_like,1,5,test_id_000631_t1_c5,little,little_0,0,0.6,0.8,48,637333.7,567202.125,613066.375,626463.75,651082.125,32,36.151292512336134,HI,626463.75,15665.78125,642129.53125,637333.6875,83880.0
test_id_test_id_000631_13,test_id_000631,49,sink_like,1,6,test_id_000631_t1_c6,big,big_0,1,1.4,0.98,48,314228.2,279473.90625,304012.96875,311112.1875,327025.65625,32,36.151292512336134,HI,311112.1875,15665.78125,326777.96875,314228.1875,47551.75
test_id_test_id_000631_14,test_id_000631,30,middle,2,0,test_id_000631_t2_c0,little,little_0,2,1.2,0.93,29,285506.97,273803.21875,297949.71875,304956.84375,320676.875,32,36.151292512336134,HI,304956.84375,15665.78125,320622.625,285506.96875,46873.65625
test_id_test_id_000631_15,test_id_000631,30,middle,2,1,test_id_000631_t2_c1,big,big_0,3,2.2,1.15,29,154013.61,168809.09375,186894.1875,192270.953125,204816.28125,32,36.151292512336134,HI,192270.953125,15665.78125,207936.734375,154013.609375,36007.1875
test_id_test_id_000631_16,test_id_000631,30,middle,2,2,test_id_000631_t2_c2,little,little_1,3,1.5,1.0,29,214494.34,223888.0625,245134.453125,251547.6875,266010.4375,32,36.151292512336134,HI,251547.6875,15665.78125,267213.46875,214494.34375,42122.375
test_id_test_id_000631_17,test_id_000631,30,middle,2,3,test_id_000631_t2_c3,big,big_1,0,1.0,0.9,29,268790.7,251128.765625,273800.4375,280462.5625,295467.875,32,36.151292512336134,HI,280462.5625,15665.78125,296128.34375,268790.6875,44339.109375
test_id_test_id_000631_18,test_id_000631,30,middle,2,4,test_id_000631_t2_c4,little,little_1,0,0.6,0.8,29,677687.3,524120.0625,566797.0,579076.375,602634.0625,32,36.151292512336134,HI,579076.375,15665.78125,594742.15625,677687.3125,78514.0
test_id_test_id_000631_19,test_id_000631,30,middle,2,5,test_id_000631_t2_c5,big,big_1,1,1.4,0.98,29,215461.36,218252.828125,239127.25,245430.578125,259676.296875,32,36.151292512336134,HI,245430.578125,15665.78125,261096.359375,215461.359375,41423.46875
test_id_test_id_000631_20,test_id_000631,30,middle,2,6,test_id_000631_t2_c6,little,little_1,1,0.9,0.86,29,396596.66,372832.125,404151.1875,412944.625,432091.0625,32,36.151292512336134,HI,412944.625,15665.78125,428610.40625,396596.65625,59258.9375
test_id_test_id_000631_21,test_id_000631,48,communication_heavy,3,0,test_id_000631_t3_c0,big,big_1,3,2.2,1.15,47,207214.17,217857.53125,238743.625,245061.1875,259344.984375,32,36.151292512336134,HI,245061.1875,15665.78125,260726.96875,207214.171875,41487.453125
test_id_test_id_000631_22,test_id_000631,48,communication_heavy,3,1,test_id_000631_t3_c1,little,little_0,3,1.5,1.0,47,332047.1,318036.25,345334.46875,353105.3125,370384.71875,32,36.151292512336134,HI,353105.3125,15665.78125,368771.09375,332047.09375,52348.46875
test_id_test_id_000631_23,test_id_000631,48,communication_heavy,3,2,test_id_000631_t3_c2,big,big_1,0,1.0,0.9,47,359012.38,347041.59375,376510.53125,384822.125,403143.125,32,36.151292512336134,HI,384822.125,15665.78125,400487.90625,359012.375,56101.53125
test_id_test_id_000631_24,test_id_000631,48,communication_heavy,3,3,test_id_000631_t3_c3,little,little_1,0,0.6,0.8,47,621569.6,560869.8125,606425.25,619735.125,644322.875,32,36.151292512336134,HI,619735.125,15665.78125,635400.90625,621569.625,83453.0625
test_id_test_id_000631_25,test_id_000631,48,communication_heavy,3,4,test_id_000631_t3_c4,big,big_0,1,1.4,0.98,47,280276.3,268260.65625,292062.40625,299000.15625,314565.1875,32,36.151292512336134,HI,299000.15625,15665.78125,314665.9375,280276.3125,46304.53125
test_id_test_id_000631_26,test_id_000631,48,communication_heavy,3,5,test_id_000631_t3_c5,little,little_1,1,0.9,0.86,47,379678.66,409483.125,443730.0625,453343.375,473830.6875,32,36.151292512336134,HI,453343.375,15665.78125,469009.15625,379678.65625,64347.5625
test_id_test_id_000631_27,test_id_000631,48,communication_heavy,3,6,test_id_000631_t3_c6,big,big_1,2,1.8,1.06,47,163778.3,198021.09375,217784.5,223784.015625,237448.03125,32,36.151292512336134,HI,223784.015625,15665.78125,239449.796875,163778.296875,39426.9375
test_id_test_id_000631_28,test_id_000631,51,random,4,0,test_id_000631_t4_c0,little,little_1,3,1.5,1.0,50,171757.31,193046.15625,212327.421875,218139.25,231428.328125,32,36.151292512336134,HI,218139.25,15665.78125,233805.03125,171757.3125,38382.171875
test_id_test_id_000631_29,test_id_000631,51,random,4,1,test_id_000631_t4_c1,big,big_1,0,1.0,0.9,50,210665.03,205940.0,225964.40625,232013.3125,245755.46875,32,36.151292512336134,HI,232013.3125,15665.78125,247679.09375,210665.03125,39815.46875
test_id_test_id_000631_30,test_id_000631,51,random,4,2,test_id_000631_t4_c2,little,little_0,0,0.6,0.8,50,362286.3,372246.875,402913.90625,411445.0,430181.25,32,36.151292512336134,HI,411445.0,15665.78125,427110.78125,362286.3125,57934.375
test_id_test_id_000631_31,test_id_000631,51,random,4,3,test_id_000631_t4_c3,big,big_0,1,1.4,0.98,50,169902.89,189759.0,208861.546875,214622.859375,227820.953125,32,36.151292512336134,HI,214622.859375,15665.78125,230288.640625,169902.890625,38061.953125
test_id_test_id_000631_32,test_id_000631,51,random,4,4,test_id_000631_t4_c4,little,little_0,1,0.9,0.86,50,228566.02,231564.375,252944.03125,259293.296875,273642.09375,32,36.151292512336134,HI,259293.296875,15665.78125,274959.078125,228566.015625,42077.71875
test_id_test_id_000631_33,test_id_000631,51,random,4,5,test_id_000631_t4_c5,big,big_0,2,1.8,1.06,50,118913.71,143584.8125,160074.046875,164814.359375,176203.625,32,36.151292512336134,HI,164814.359375,15665.78125,180480.140625,118913.7109375,32618.8125
test_id_test_id_000631_34,test_id_000631,51,random,4,6,test_id_000631_t4_c6,little,little_0,2,1.2,0.93,50,214425.27,227080.96875,248246.28125,254546.40625,268790.5625,32,36.151292512336134,HI,254546.40625,15665.78125,270212.1875,214425.265625,41709.59375
test_id_test_id_000631_35,test_id_000631,52,diverse_fill_1,5,0,test_id_000631_t5_c0,big,big_1,0,1.0,0.9,51,337717.22,319189.28125,346484.875,354226.15625,371457.96875,32,36.151292512336134,HI,354226.15625,15665.78125,369891.9375,337717.21875,52268.6875
test_id_test_id_000631_36,test_id_000631,52,diverse_fill_1,5,1,test_id_000631_t5_c1,little,little_1,0,0.6,0.8,51,631403.4,563634.0,609362.1875,622710.5,647323.75,32,36.151292512336134,HI,622710.5,15665.78125,638376.28125,631403.375,83689.75
test_id_test_id_000631_37,test_id_000631,52,diverse_fill_1,5,2,test_id_000631_t5_c2,big,big_1,1,1.4,0.98,51,273619.38,259837.75,283117.84375,289943.96875,305276.59375,32,36.151292512336134,HI,289943.96875,15665.78125,305609.75,273619.375,45438.84375
test_id_test_id_000631_38,test_id_000631,52,diverse_fill_1,5,3,test_id_000631_t5_c3,little,little_0,1,0.9,0.86,51,504745.7,455473.03125,493668.0625,504519.0625,526776.0,32,36.151292512336134,HI,504519.0625,15665.78125,520184.84375,504745.6875,71302.96875
test_id_test_id_000631_39,test_id_000631,52,diverse_fill_1,5,4,test_id_000631_t5_c4,big,big_0,2,1.8,1.06,51,192527.64,213185.5,233870.59375,240152.6875,254366.5,32,36.151292512336134,HI,240152.6875,15665.78125,255818.46875,192527.640625,41181.0
test_id_test_id_000631_40,test_id_000631,52,diverse_fill_1,5,5,test_id_000631_t5_c5,little,little_0,2,1.2,0.93,51,300259.0,318510.25,345756.375,353493.96875,370713.59375,32,36.151292512336134,HI,353493.96875,15665.78125,369159.75,300259.0,52203.34375
test_id_test_id_000631_41,test_id_000631,52,diverse_fill_1,5,6,test_id_000631_t5_c6,big,big_1,3,2.2,1.15,51,170490.9,188221.96875,207462.234375,213285.03125,226641.78125,32,36.151292512336134,HI,213285.03125,15665.78125,228950.8125,170490.90625,38419.8125
test_id_test_id_000697_00,test_id_000697,14,source_like,0,0,test_id_000697_t0_c0,big,big_1,3,2.2,1.15,13,28460.17,38337.21875,50925.34375,54765.609375,63681.328125,32,36.151292512336134,LO,54765.609375,0.0,54765.609375,28460.169921875,25344.109375
test_id_test_id_000697_01,test_id_000697,14,source_like,0,1,test_id_000697_t0_c1,little,little_0,3,1.5,1.0,13,62321.297,71870.9375,85919.734375,89842.140625,99504.875,32,36.151292512336134,LO,89842.140625,0.0,89842.140625,62321.296875,27633.9375
test_id_test_id_000697_02,test_id_000697,14,source_like,0,2,test_id_000697_t0_c2,big,big_1,0,1.0,0.9,13,63608.652,70397.515625,84512.953125,88524.65625,98344.59375,32,36.151292512336134,LO,88524.65625,0.0,88524.65625,63608.65234375,27947.078125
test_id_test_id_000697_03,test_id_000697,14,source_like,0,3,test_id_000697_t0_c3,little,little_1,0,0.6,0.8,13,147898.14,155669.71875,173549.359375,178929.96875,191513.328125,32,36.151292512336134,LO,178929.96875,0.0,178929.96875,147898.140625,35843.609375
test_id_test_id_000697_04,test_id_000697,14,source_like,0,4,test_id_000697_t0_c4,big,big_0,1,1.4,0.98,13,44247.504,51964.75,65074.953125,68930.515625,78120.234375,32,36.151292512336134,LO,68930.515625,0.0,68930.515625,44247.50390625,26155.484375
test_id_test_id_000697_05,test_id_000697,14,source_like,0,5,test_id_000697_t0_c5,little,little_0,1,0.9,0.86,13,98911.57,105086.9375,120064.140625,124323.578125,134867.9375,32,36.151292512336134,LO,124323.578125,0.0,124323.578125,98911.5703125,29781.0
test_id_test_id_000697_06,test_id_000697,14,source_like,0,6,test_id_000697_t0_c6,big,big_1,2,1.8,1.06,13,33089.04,40940.703125,53573.90625,57387.703125,66296.5625,32,36.151292512336134,LO,57387.703125,0.0,57387.703125,33089.0390625,25355.859375
test_id_test_id_000697_07,test_id_000697,116,sink_like,1,0,test_id_000697_t1_c0,little,little_0,3,1.5,1.0,115,361564.9,349969.8125,379783.0625,388203.5625,406729.375,32,36.151292512336134,LO,388203.5625,0.0,388203.5625,361564.90625,56759.5625
test_id_test_id_000697_08,test_id_000697,116,sink_like,1,1,test_id_000697_t1_c1,big,big_1,0,1.0,0.9,115,383966.44,371522.0625,402939.5625,411773.75,431035.3125,32,36.151292512336134,LO,411773.75,0.0,411773.75,383966.4375,59513.25
test_id_test_id_000697_09,test_id_000697,116,sink_like,1,2,test_id_000697_t1_c2,little,little_1,0,0.6,0.8,115,686882.4,611415.125,661158.625,675987.0,702125.125,32,36.151292512336134,LO,675987.0,0.0,675987.0,686882.375,90710.0
test_id_test_id_000697_10,test_id_000697,116,sink_like,1,3,test_id_000697_t1_c3,big,big_1,1,1.4,0.98,115,250937.81,264433.5,288010.6875,294911.0625,310393.4375,32,36.151292512336134,LO,294911.0625,0.0,294911.0625,250937.8125,45959.9375
test_id_test_id_000697_11,test_id_000697,116,sink_like,1,4,test_id_000697_t1_c4,little,little_1,1,0.9,0.86,115,579868.6,503224.0625,545380.9375,557531.1875,581360.25,32,36.151292512336134,LO,557531.1875,0.0,557531.1875,579868.625,78136.1875
test_id_test_id_000697_12,test_id_000697,116,sink_like,1,5,test_id_000697_t1_c5,big,big_0,2,1.8,1.06,115,283961.44,273153.78125,297296.8125,304320.5625,320068.3125,32,36.151292512336134,LO,304320.5625,0.0,304320.5625,283961.4375,46914.53125
test_id_test_id_000697_13,test_id_000697,116,sink_like,1,6,test_id_000697_t1_c6,little,little_0,2,1.2,0.93,115,393665.75,385518.9375,418117.875,427290.125,447119.75,32,36.151292512336134,LO,427290.125,0.0,427290.125,393665.75,61600.8125
test_id_test_id_000697_14,test_id_000697,71,middle,2,0,test_id_000697_t2_c0,big,big_1,0,1.0,0.9,70,394556.44,392161.15625,425262.75,434571.875,454627.875,32,36.151292512336134,LO,434571.875,0.0,434571.875,394556.4375,62466.71875
test_id_test_id_000697_15,test_id_000697,71,middle,2,1,test_id_000697_t2_c1,little,little_1,0,0.6,0.8,70,859018.8,677161.25,733204.125,750240.625,779237.75,32,36.151292512336134,LO,750240.625,0.0,750240.625,859018.8125,102076.5
test_id_test_id_000697_16,test_id_000697,71,middle,2,2,test_id_000697_t2_c2,big,big_0,1,1.4,0.98,70,282020.66,298451.1875,324271.4375,331674.78125,348216.9375,32,36.151292512336134,LO,331674.78125,0.0,331674.78125,282020.65625,49765.75
test_id_test_id_000697_17,test_id_000697,71,middle,2,3,test_id_000697_t2_c3,little,little_1,1,0.9,0.86,70,487682.47,498146.21875,539820.4375,551809.375,575430.125,32,36.151292512336134,LO,551809.375,0.0,551809.375,487682.46875,77283.90625
test_id_test_id_000697_18,test_id_000697,71,middle,2,4,test_id_000697_t2_c4,big,big_1,2,1.8,1.06,70,291626.16,286649.59375,311680.0625,318904.4375,335070.21875,32,36.151292512336134,LO,318904.4375,0.0,318904.4375,291626.15625,48420.625
test_id_test_id_000697_19,test_id_000697,71,middle,2,5,test_id_000697_t2_c5,little,little_0,2,1.2,0.93,70,497443.28,444423.75,482130.625,492866.6875,515051.84375,32,36.151292512336134,LO,492866.6875,0.0,492866.6875,497443.28125,70628.09375
test_id_test_id_000697_20,test_id_000697,71,middle,2,6,test_id_000697_t2_c6,big,big_1,3,2.2,1.15,70,294234.88,277160.0625,301564.875,308650.0,324531.25,32,36.151292512336134,LO,308650.0,0.0,308650.0,294234.875,47371.1875
test_id_test_id_000697_21,test_id_000697,35,high_degree,3,0,test_id_000697_t3_c0,little,little_0,0,0.6,0.8,34,839486.25,662791.875,717108.6875,733520.375,761586.125,32,36.151292512336134,LO,733520.375,0.0,733520.375,839486.25,98794.25
test_id_test_id_000697_22,test_id_000697,35,high_degree,3,1,test_id_000697_t3_c1,big,big_1,1,1.4,0.98,34,344495.28,335446.9375,364049.8125,372137.59375,390046.4375,32,36.151292512336134,LO,372137.59375,0.0,372137.59375,344495.28125,54599.5
test_id_test_id_000697_23,test_id_000697,35,high_degree,3,2,test_id_000697_t3_c2,little,little_1,1,0.9,0.86,34,524527.9,499432.21875,541076.0,553034.125,576596.125,32,36.151292512336134,LO,553034.125,0.0,553034.125,524527.875,77163.90625
test_id_test_id_000697_24,test_id_000697,35,high_degree,3,3,test_id_000697_t3_c3,big,big_0,2,1.8,1.06,34,250865.31,268400.78125,292226.75,299185.40625,314792.40625,32,36.151292512336134,LO,299185.40625,0.0,299185.40625,250865.3125,46391.625
test_id_test_id_000697_25,test_id_000697,35,high_degree,3,4,test_id_000697_t3_c4,little,little_0,2,1.2,0.93,34,363774.72,384152.6875,416560.5,425667.75,445385.0,32,36.151292512336134,LO,425667.75,0.0,425667.75,363774.71875,61232.3125
test_id_test_id_000697_26,test_id_000697,35,high_degree,3,5,test_id_000697_t3_c5,big,big_1,3,2.2,1.15,34,248286.6,264805.625,288422.6875,295339.53125,310869.84375,32,36.151292512336134,LO,295339.53125,0.0,295339.53125,248286.59375,46064.21875
test_id_test_id_000697_27,test_id_000697,35,high_degree,3,6,test_id_000697_t3_c6,little,little_0,3,1.5,1.0,34,412334.88,379090.3125,411335.3125,420427.875,440138.4375,32,36.151292512336134,LO,420427.875,0.0,420427.875,412334.875,61048.125
test_id_test_id_000697_28,test_id_000697,25,random,4,0,test_id_000697_t4_c0,big,big_1,1,1.4,0.98,24,90694.28,101640.21875,116445.0625,120518.40625,130754.5625,32,36.151292512336134,LO,120518.40625,0.0,120518.40625,90694.28125,29114.34375
test_id_test_id_000697_29,test_id_000697,25,random,4,1,test_id_000697_t4_c1,little,little_0,1,0.9,0.86,24,187978.44,193060.4375,212473.96875,218335.984375,231730.09375,32,36.151292512336134,LO,218335.984375,0.0,218335.984375,187978.4375,38669.65625
test_id_test_id_000697_30,test_id_000697,25,random,4,2,test_id_000697_t4_c2,big,big_1,2,1.8,1.06,24,65775.3,79481.375,93739.328125,97658.28125,107434.703125,32,36.151292512336134,LO,97658.28125,0.0,97658.28125,65775.296875,27953.328125
test_id_test_id_000697_31,test_id_000697,25,random,4,3,test_id_000697_t4_c3,little,little_1,2,1.2,0.93,24,138435.5,151957.0,168852.75,173854.53125,185644.25,32,36.151292512336134,LO,173854.53125,0.0,173854.53125,138435.5,33687.25
test_id_test_id_000697_32,test_id_000697,25,random,4,4,test_id_000697_t4_c4,big,big_1,3,2.2,1.15,24,55013.887,67295.875,81060.796875,84903.265625,94339.359375,32,36.151292512336134,LO,84903.265625,0.0,84903.265625,55013.88671875,27043.484375
test_id_test_id_000697_33,test_id_000697,25,random,4,5,test_id_000697_t4_c5,little,little_1,3,1.5,1.0,24,117516.09,130172.03125,145856.21875,150306.71875,161163.015625,32,36.151292512336134,LO,150306.71875,0.0,150306.71875,117516.09375,30990.984375
test_id_test_id_000697_34,test_id_000697,25,random,4,6,test_id_000697_t4_c6,big,big_1,0,1.0,0.9,24,117965.41,128481.03125,144289.828125,148868.4375,159953.265625,32,36.151292512336134,LO,148868.4375,0.0,148868.4375,117965.40625,31472.234375
test_id_test_id_000697_35,test_id_000697,124,diverse_fill_1,5,0,test_id_000697_t5_c0,little,little_0,1,0.9,0.86,123,614737.7,534357.75,579079.75,592102.875,616897.375,32,36.151292512336134,LO,592102.875,0.0,592102.875,614737.6875,82539.625
test_id_test_id_000697_36,test_id_000697,124,diverse_fill_1,5,1,test_id_000697_t5_c1,big,big_0,2,1.8,1.06,123,212188.3,236768.671875,258738.984375,265314.46875,280112.59375,32,36.151292512336134,LO,265314.46875,0.0,265314.46875,212188.296875,43343.921875
test_id_test_id_000697_37,test_id_000697,124,diverse_fill_1,5,2,test_id_000697_t5_c2,little,little_1,2,1.2,0.93,123,424815.62,411029.1875,445805.1875,455622.6875,476476.125,32,36.151292512336134,LO,455622.6875,0.0,455622.6875,424815.625,65446.9375
test_id_test_id_000697_38,test_id_000697,124,diverse_fill_1,5,3,test_id_000697_t5_c3,big,big_0,3,2.2,1.15,123,208407.36,224422.703125,245717.46875,252147.953125,266659.53125,32,36.151292512336134,LO,252147.953125,0.0,252147.953125,208407.359375,42236.828125
test_id_test_id_000697_39,test_id_000697,124,diverse_fill_1,5,4,test_id_000697_t5_c4,little,little_0,3,1.5,1.0,123,349444.3,339303.6875,368224.8125,376403.09375,394483.5,32,36.151292512336134,LO,376403.09375,0.0,376403.09375,349444.3125,55179.8125
test_id_test_id_000697_40,test_id_000697,124,diverse_fill_1,5,5,test_id_000697_t5_c5,big,big_0,0,1.0,0.9,123,454603.9,436819.1875,473840.09375,484353.375,506227.625,32,36.151292512336134,LO,484353.375,0.0,484353.375,454603.90625,69408.4375
test_id_test_id_000697_41,test_id_000697,124,diverse_fill_1,5,6,test_id_000697_t5_c6,little,little_0,0,0.6,0.8,123,760728.1,638277.0,690223.875,705825.375,732808.9375,32,36.151292512336134,LO,705825.375,0.0,705825.375,760728.125,94531.9375
test_id_test_id_000713_00,test_id_000713,11,source_like,0,0,test_id_000713_t0_c0,little,little_0,1,0.9,0.86,10,137413.2,140293.765625,156823.75,161679.09375,173262.328125,32,36.151292512336134,HI,161679.09375,15665.78125,177344.875,137413.203125,32968.5625
test_id_test_id_000713_01,test_id_000713,11,source_like,0,1,test_id_000713_t0_c1,big,big_0,2,1.8,1.06,10,47252.297,57237.453125,70539.453125,74358.3125,83562.953125,32,36.151292512336134,HI,74358.3125,15665.78125,90024.09375,47252.296875,26325.5
test_id_test_id_000713_02,test_id_000713,11,source_like,0,2,test_id_000713_t0_c2,little,little_0,2,1.2,0.93,10,105500.44,108846.515625,123878.21875,128097.78125,138602.125,32,36.151292512336134,HI,128097.78125,15665.78125,143763.5625,105500.4375,29755.609375
test_id_test_id_000713_03,test_id_000713,11,source_like,0,3,test_id_000713_t0_c3,big,big_0,3,2.2,1.15,10,33862.94,43225.390625,55914.53125,59693.296875,68568.765625,32,36.151292512336134,HI,59693.296875,15665.78125,75359.078125,33862.94140625,25343.375
test_id_test_id_000713_04,test_id_000713,11,source_like,0,4,test_id_000713_t0_c4,little,little_1,3,1.5,1.0,10,75680.164,84222.28125,98616.0625,102597.75,112548.875,32,36.151292512336134,HI,102597.75,15665.78125,118263.53125,75680.1640625,28326.59375
test_id_test_id_000713_05,test_id_000713,11,source_like,0,5,test_id_000713_t0_c5,big,big_0,0,1.0,0.9,10,79282.01,85138.90625,99661.71875,103744.0625,113903.296875,32,36.151292512336134,HI,103744.0625,15665.78125,119409.84375,79282.0078125,28764.390625
test_id_test_id_000713_06,test_id_000713,11,source_like,0,6,test_id_000713_t0_c6,little,little_1,0,0.6,0.8,10,211298.22,207650.921875,228997.75,235508.40625,250330.09375,32,36.151292512336134,HI,235508.40625,15665.78125,251174.1875,211298.21875,42679.171875
test_id_test_id_000713_07,test_id_000713,229,sink_like,1,0,test_id_000713_t1_c0,big,big_0,2,1.8,1.06,228,186239.2,211999.5625,232491.53125,238688.28125,252720.515625,32,36.151292512336134,HI,238688.28125,15665.78125,254354.0625,186239.203125,40720.953125
test_id_test_id_000713_08,test_id_000713,229,sink_like,1,1,test_id_000713_t1_c1,little,little_1,2,1.2,0.93,228,377346.84,353632.28125,383681.8125,392164.28125,410793.5625,32,36.151292512336134,HI,392164.28125,15665.78125,407830.0625,377346.84375,57161.28125
test_id_test_id_000713_09,test_id_000713,229,sink_like,1,2,test_id_000713_t1_c2,big,big_0,3,2.2,1.15,228,198362.34,204284.65625,224351.171875,230429.5625,244243.484375,32,36.151292512336134,HI,230429.5625,15665.78125,246095.34375,198362.34375,39958.828125
test_id_test_id_000713_10,test_id_000713,229,sink_like,1,3,test_id_000713_t1_c3,little,little_1,3,1.5,1.0,228,270834.0,277371.53125,301755.96875,308832.28125,324678.75,32,36.151292512336134,HI,308832.28125,15665.78125,324498.0625,270834.0,47307.21875
test_id_test_id_000713_11,test_id_000713,229,sink_like,1,4,test_id_000713_t1_c4,big,big_0,0,1.0,0.9,228,300131.75,307317.1875,333755.5,341296.0,358123.90625,32,36.151292512336134,HI,341296.0,15665.78125,356961.78125,300131.75,50806.71875
test_id_test_id_000713_12,test_id_000713,229,sink_like,1,5,test_id_000713_t1_c5,little,little_0,0,0.6,0.8,228,645144.9,586611.8125,634600.125,648809.4375,674361.0,32,36.151292512336134,HI,648809.4375,15665.78125,664475.21875,645144.875,87749.1875
test_id_test_id_000713_13,test_id_000713,229,sink_like,1,6,test_id_000713_t1_c6,big,big_1,1,1.4,0.98,228,204921.97,229040.53125,250470.6875,256888.75,271358.0,32,36.151292512336134,HI,256888.75,15665.78125,272554.53125,204921.96875,42317.46875
test_id_test_id_000713_14,test_id_000713,246,middle,2,0,test_id_000713_t2_c0,little,little_1,2,1.2,0.93,245,295481.72,274914.96875,299063.21875,306049.6875,321732.125,32,36.151292512336134,HI,306049.6875,15665.78125,321715.46875,295481.71875,46817.15625
test_id_test_id_000713_15,test_id_000713,246,middle,2,1,test_id_000713_t2_c1,big,big_0,3,2.2,1.15,245,123704.17,140886.515625,157248.34375,161918.34375,173194.390625,32,36.151292512336134,HI,161918.34375,15665.78125,177584.125,123704.171875,32307.875
test_id_test_id_000713_16,test_id_000713,246,middle,2,2,test_id_000713_t2_c2,little,little_1,3,1.5,1.0,245,189819.38,208857.8125,229085.34375,235182.625,249020.0625,32,36.151292512336134,HI,235182.625,15665.78125,250848.40625,189819.375,40162.25
test_id_test_id_000713_17,test_id_000713,246,middle,2,3,test_id_000713_t2_c3,big,big_1,0,1.0,0.9,245,217862.6,217634.859375,238314.171875,244523.515625,258583.734375,32,36.151292512336134,HI,244523.515625,15665.78125,260189.296875,217862.59375,40948.875
test_id_test_id_000713_18,test_id_000713,246,middle,2,4,test_id_000713_t2_c4,little,little_1,0,0.6,0.8,245,481387.94,429626.3125,464855.75,474759.125,495555.75,32,36.151292512336134,HI,474759.125,15665.78125,490424.90625,481387.9375,65929.4375
test_id_test_id_000713_19,test_id_000713,246,middle,2,5,test_id_000713_t2_c5,big,big_0,1,1.4,0.98,245,163987.05,181424.59375,200118.09375,205758.984375,218735.28125,32,36.151292512336134,HI,205758.984375,15665.78125,221424.765625,163987.046875,37310.6875
test_id_test_id_000713_20,test_id_000713,246,middle,2,6,test_id_000713_t2_c6,little,little_1,1,0.9,0.86,245,270383.6,262817.3125,286079.8125,292843.6875,308066.625,32,36.151292512336134,HI,292843.6875,15665.78125,308509.46875,270383.59375,45249.3125
test_id_test_id_000713_21,test_id_000713,100,communication_heavy,3,0,test_id_000713_t3_c0,big,big_0,3,2.2,1.15,99,238708.53,247649.140625,270217.71875,276909.5625,291960.0,32,36.151292512336134,HI,276909.5625,15665.78125,292575.34375,238708.53125,44310.859375
test_id_test_id_000713_22,test_id_000713,100,communication_heavy,3,1,test_id_000713_t3_c1,little,little_0,3,1.5,1.0,99,377054.44,358316.84375,388825.90625,397435.9375,416305.0,32,36.151292512336134,HI,397435.9375,15665.78125,413101.71875,377054.4375,57988.15625
test_id_test_id_000713_23,test_id_000713,100,communication_heavy,3,2,test_id_000713_t3_c2,big,big_0,0,1.0,0.9,99,316552.5,342593.4375,371658.6875,379855.0,397969.34375,32,36.151292512336134,HI,379855.0,15665.78125,395520.78125,316552.5,55375.90625
test_id_test_id_000713_24,test_id_000713,100,communication_heavy,3,3,test_id_000713_t3_c3,little,little_0,0,0.6,0.8,99,601913.0,572598.625,619134.875,632799.625,657761.3125,32,36.151292512336134,HI,632799.625,15665.78125,648465.40625,601913.0,85162.6875
test_id_test_id_000713_25,test_id_000713,100,communication_heavy,3,4,test_id_000713_t3_c4,big,big_0,1,1.4,0.98,99,276724.56,285538.15625,310485.5,317686.0,333805.75,32,36.151292512336134,HI,317686.0,15665.78125,333351.78125,276724.5625,48267.59375
test_id_test_id_000713_26,test_id_000713,100,communication_heavy,3,5,test_id_000713_t3_c5,little,little_0,1,0.9,0.86,99,470185.7,479664.375,519785.0,531249.0625,554254.125,32,36.151292512336134,HI,531249.0625,15665.78125,546914.84375,470185.6875,74589.75
test_id_test_id_000713_27,test_id_000713,100,communication_heavy,3,6,test_id_000713_t3_c6,big,big_0,2,1.8,1.06,99,251432.45,251443.078125,274240.84375,280982.84375,296127.4375,32,36.151292512336134,HI,280982.84375,15665.78125,296648.625,251432.453125,44684.359375
test_id_test_id_000713_28,test_id_000713,217,random,4,0,test_id_000713_t4_c0,little,little_1,3,1.5,1.0,216,70077.95,82909.171875,97248.9375,101237.953125,111191.4375,32,36.151292512336134,HI,101237.953125,15665.78125,116903.734375,70077.953125,28282.265625
test_id_test_id_000713_29,test_id_000713,217,random,4,1,test_id_000713_t4_c1,big,big_1,0,1.0,0.9,216,74091.36,83499.546875,98013.5625,102161.84375,112426.765625,32,36.151292512336134,HI,102161.84375,15665.78125,117827.625,74091.359375,28927.21875
test_id_test_id_000713_30,test_id_000713,217,random,4,2,test_id_000713_t4_c2,little,little_0,0,0.6,0.8,216,181249.45,208690.203125,230097.25,236649.328125,251566.203125,32,36.151292512336134,HI,236649.328125,15665.78125,252315.109375,181249.453125,42876.0
test_id_test_id_000713_31,test_id_000713,217,random,4,3,test_id_000713_t4_c3,big,big_1,1,1.4,0.98,216,53163.293,64298.6875,77972.359375,81910.734375,91491.515625,32,36.151292512336134,HI,81910.734375,15665.78125,97576.515625,53163.29296875,27192.828125
test_id_test_id_000713_32,test_id_000713,217,random,4,4,test_id_000713_t4_c4,little,little_1,1,0.9,0.86,216,132864.42,140873.875,157463.75,162366.53125,174044.84375,32,36.151292512336134,HI,162366.53125,15665.78125,178032.3125,132864.421875,33170.96875
test_id_test_id_000713_33,test_id_000713,217,random,4,5,test_id_000713_t4_c5,big,big_0,2,1.8,1.06,216,44177.375,51633.921875,64729.953125,68590.609375,77794.6875,32,36.151292512336134,HI,68590.609375,15665.78125,84256.390625,44177.375,26160.765625
test_id_test_id_000713_34,test_id_000713,217,random,4,6,test_id_000713_t4_c6,little,little_1,2,1.2,0.93,216,82052.125,97412.640625,112151.5625,116286.125,126605.0625,32,36.151292512336134,HI,116286.125,15665.78125,131951.90625,82052.125,29192.421875
test_id_test_id_000713_35,test_id_000713,307,diverse_fill_1,5,0,test_id_000713_t5_c0,big,big_0,0,1.0,0.9,306,129783.12,149831.4375,166783.171875,171828.03125,183730.8125,32,36.151292512336134,HI,171828.03125,15665.78125,187493.8125,129783.1171875,33899.375
test_id_test_id_000713_36,test_id_000713,307,diverse_fill_1,5,1,test_id_000713_t5_c1,little,little_1,0,0.6,0.8,306,320912.9,321507.71875,348682.96875,356168.40625,373221.5625,32,36.151292512336134,HI,356168.40625,15665.78125,371834.1875,320912.90625,51713.84375
test_id_test_id_000713_37,test_id_000713,307,diverse_fill_1,5,2,test_id_000713_t5_c2,big,big_1,1,1.4,0.98,306,109583.66,124404.375,139965.140625,144329.21875,155077.328125,32,36.151292512336134,HI,144329.21875,15665.78125,159995.0,109583.65625,30672.953125
test_id_test_id_000713_38,test_id_000713,307,diverse_fill_1,5,3,test_id_000713_t5_c3,little,little_0,1,0.9,0.86,306,237422.39,219655.5,240283.1875,246395.671875,260297.96875,32,36.151292512336134,HI,246395.671875,15665.78125,262061.453125,237422.390625,40642.46875
test_id_test_id_000713_39,test_id_000713,307,diverse_fill_1,5,4,test_id_000713_t5_c4,big,big_0,2,1.8,1.06,306,93935.625,107468.265625,122587.96875,126702.890625,137050.515625,32,36.151292512336134,HI,126702.890625,15665.78125,142368.671875,93935.625,29582.25
test_id_test_id_000713_40,test_id_000713,307,diverse_fill_1,5,5,test_id_000713_t5_c5,little,little_0,2,1.2,0.93,306,162129.66,175181.40625,193335.21875,198787.0625,211388.40625,32,36.151292512336134,HI,198787.0625,15665.78125,214452.84375,162129.65625,36207.0
test_id_test_id_000713_41,test_id_000713,307,diverse_fill_1,5,6,test_id_000713_t5_c6,big,big_1,3,2.2,1.15,306,72855.79,78162.625,92358.171875,96267.171875,106011.390625,32,36.151292512336134,HI,96267.171875,15665.78125,111932.953125,72855.7890625,27848.765625
test_id_test_id_000747_00,test_id_000747,3,source_like,0,0,test_id_000747_t0_c0,little,little_0,2,1.2,0.93,2,102238.92,93944.3125,108658.40625,112763.875,123042.59375,32,36.151292512336134,LO,112763.875,0.0,112763.875,102238.921875,29098.28125
test_id_test_id_000747_01,test_id_000747,3,source_like,0,1,test_id_000747_t0_c1,big,big_0,3,2.2,1.15,2,33522.473,40677.84375,53328.109375,57147.328125,66058.15625,32,36.151292512336134,LO,57147.328125,0.0,57147.328125,33522.47265625,25380.3125
test_id_test_id_000747_02,test_id_000747,3,source_like,0,2,test_id_000747_t0_c2,little,little_1,3,1.5,1.0,2,65300.81,74621.5,88702.4375,92637.078125,102371.4375,32,36.151292512336134,LO,92637.078125,0.0,92637.078125,65300.80859375,27749.9375
test_id_test_id_000747_03,test_id_000747,3,source_like,0,3,test_id_000747_t0_c3,big,big_1,0,1.0,0.9,2,66050.18,74013.71875,88195.0625,92213.859375,102107.03125,32,36.151292512336134,LO,92213.859375,0.0,92213.859375,66050.1796875,28093.3125
test_id_test_id_000747_04,test_id_000747,3,source_like,0,4,test_id_000747_t0_c4,little,little_0,0,0.6,0.8,2,163249.92,173808.796875,192893.03125,198709.53125,212112.375,32,36.151292512336134,LO,198709.53125,0.0,198709.53125,163249.921875,38303.578125
test_id_test_id_000747_05,test_id_000747,3,source_like,0,5,test_id_000747_t0_c5,big,big_1,1,1.4,0.98,2,50055.73,61754.328125,75309.984375,79169.609375,88532.953125,32,36.151292512336134,LO,79169.609375,0.0,79169.609375,50055.73046875,26778.625
test_id_test_id_000747_06,test_id_000747,3,source_like,0,6,test_id_000747_t0_c6,little,little_1,1,0.9,0.86,2,102972.43,114564.546875,129884.59375,134268.4375,145031.21875,32,36.151292512336134,LO,134268.4375,0.0,134268.4375,102972.4296875,30466.671875
test_id_test_id_000747_07,test_id_000747,129,sink_like,1,0,test_id_000747_t1_c0,big,big_0,3,2.2,1.15,128,188916.97,194108.21875,213644.1875,219562.25,233086.453125,32,36.151292512336134,LO,219562.25,0.0,219562.25,188916.96875,38978.234375
test_id_test_id_000747_08,test_id_000747,129,sink_like,1,1,test_id_000747_t1_c1,little,little_1,3,1.5,1.0,128,224634.61,249038.34375,271698.5,278412.625,293498.1875,32,36.151292512336134,LO,278412.625,0.0,278412.625,224634.609375,44459.84375
test_id_test_id_000747_09,test_id_000747,129,sink_like,1,2,test_id_000747_t1_c2,big,big_0,0,1.0,0.9,128,279648.0,272305.75,296330.375,303297.4375,318944.09375,32,36.151292512336134,LO,303297.4375,0.0,303297.4375,279648.0,46638.34375
test_id_test_id_000747_10,test_id_000747,129,sink_like,1,3,test_id_000747_t1_c3,little,little_1,0,0.6,0.8,128,631219.4,544315.5,588465.3125,601264.625,625299.375,32,36.151292512336134,LO,601264.625,0.0,601264.625,631219.375,80983.875
test_id_test_id_000747_11,test_id_000747,129,sink_like,1,4,test_id_000747_t1_c4,big,big_0,1,1.4,0.98,128,243870.06,240199.828125,262289.5625,268856.96875,283641.4375,32,36.151292512336134,LO,268856.96875,0.0,268856.96875,243870.0625,43441.609375
test_id_test_id_000747_12,test_id_000747,129,sink_like,1,5,test_id_000747_t1_c5,little,little_1,1,0.9,0.86,128,384757.9,383272.4375,415369.5,424364.0,443855.6875,32,36.151292512336134,LO,424364.0,0.0,424364.0,384757.90625,60583.25
test_id_test_id_000747_13,test_id_000747,129,sink_like,1,6,test_id_000747_t1_c6,big,big_0,2,1.8,1.06,128,212651.81,224722.1875,245930.21875,252305.0625,266694.5625,32,36.151292512336134,LO,252305.0625,0.0,252305.0625,212651.8125,41972.375
test_id_test_id_000747_14,test_id_000747,174,middle,2,0,test_id_000747_t2_c0,little,little_1,3,1.5,1.0,173,166573.5,191040.25,210261.296875,216066.359375,229346.6875,32,36.151292512336134,LO,216066.359375,0.0,216066.359375,166573.5,38306.4375
test_id_test_id_000747_15,test_id_000747,174,middle,2,1,test_id_000747_t2_c1,big,big_0,0,1.0,0.9,173,170311.83,195973.96875,215609.09375,221605.09375,235243.78125,32,36.151292512336134,LO,221605.09375,0.0,221605.09375,170311.828125,39269.8125
test_id_test_id_000747_16,test_id_000747,174,middle,2,2,test_id_000747_t2_c2,little,little_0,0,0.6,0.8,173,390973.16,359404.125,389007.21875,397243.09375,415439.3125,32,36.151292512336134,LO,397243.09375,0.0,397243.09375,390973.15625,56035.1875
test_id_test_id_000747_17,test_id_000747,174,middle,2,3,test_id_000747_t2_c3,big,big_0,1,1.4,0.98,173,121201.29,171062.28125,189159.5,194568.859375,207137.359375,32,36.151292512336134,LO,194568.859375,0.0,194568.859375,121201.2890625,36075.078125
test_id_test_id_000747_18,test_id_000747,174,middle,2,4,test_id_000747_t2_c4,little,little_0,1,0.9,0.86,173,277723.75,255534.984375,278236.0625,284834.8125,299726.375,32,36.151292512336134,LO,284834.8125,0.0,284834.8125,277723.75,44191.390625
test_id_test_id_000747_19,test_id_000747,174,middle,2,5,test_id_000747_t2_c5,big,big_1,2,1.8,1.06,173,101967.1,133480.21875,149500.75,154045.25,165106.953125,32,36.151292512336134,LO,154045.25,0.0,154045.25,101967.1015625,31626.734375
test_id_test_id_000747_20,test_id_000747,174,middle,2,6,test_id_000747_t2_c6,little,little_0,2,1.2,0.93,173,225380.94,233439.5,254930.046875,261288.890625,275659.9375,32,36.151292512336134,LO,261288.890625,0.0,261288.890625,225380.9375,42220.4375
test_id_test_id_000747_21,test_id_000747,173,high_degree,3,0,test_id_000747_t3_c0,big,big_1,0,1.0,0.9,172,131882.3,172518.5625,190725.0,196222.96875,208956.3125,32,36.151292512336134,LO,196222.96875,0.0,196222.96875,131882.296875,36437.75
test_id_test_id_000747_22,test_id_000747,173,high_degree,3,1,test_id_000747_t3_c1,little,little_0,0,0.6,0.8,172,307737.22,309564.125,336058.875,343384.5,360167.875,32,36.151292512336134,LO,343384.5,0.0,343384.5,307737.21875,50603.75
test_id_test_id_000747_23,test_id_000747,173,high_degree,3,2,test_id_000747_t3_c2,big,big_0,1,1.4,0.98,172,83605.84,108979.484375,124061.0,128284.3125,138796.421875,32,36.151292512336134,LO,128284.3125,0.0,128284.3125,83605.84375,29816.9375
test_id_test_id_000747_24,test_id_000747,173,high_degree,3,3,test_id_000747_t3_c3,little,little_0,1,0.9,0.86,172,211581.75,213436.75,233943.171875,240088.515625,254060.515625,32,36.151292512336134,LO,240088.515625,0.0,240088.515625,211581.75,40623.765625
test_id_test_id_000747_25,test_id_000747,173,high_degree,3,4,test_id_000747_t3_c4,big,big_1,2,1.8,1.06,172,74860.16,96577.40625,111320.40625,115378.125,125577.015625,32,36.151292512336134,LO,115378.125,0.0,115378.125,74860.15625,28999.609375
test_id_test_id_000747_26,test_id_000747,173,high_degree,3,5,test_id_000747_t3_c5,little,little_0,2,1.2,0.93,172,149611.25,173976.25,192191.625,197678.765625,210363.875,32,36.151292512336134,LO,197678.765625,0.0,197678.765625,149611.25,36387.625
test_id_test_id_000747_27,test_id_000747,173,high_degree,3,6,test_id_000747_t3_c6,big,big_0,3,2.2,1.15,172,55929.07,72884.671875,86784.890625,90663.734375,100277.5625,32,36.151292512336134,LO,90663.734375,0.0,90663.734375,55929.0703125,27392.890625
test_id_test_id_000747_28,test_id_000747,269,communication_heavy,4,0,test_id_000747_t4_c0,little,little_0,0,0.6,0.8,268,751007.8,632867.125,684453.75,699935.375,726822.625,32,36.151292512336134,LO,699935.375,0.0,699935.375,751007.8125,93955.5
test_id_test_id_000747_29,test_id_000747,269,communication_heavy,4,1,test_id_000747_t4_c1,big,big_0,1,1.4,0.98,268,426193.47,390793.5,424073.3125,433463.4375,453668.1875,32,36.151292512336134,LO,433463.4375,0.0,433463.4375,426193.46875,62874.6875
test_id_test_id_000747_30,test_id_000747,269,communication_heavy,4,2,test_id_000747_t4_c2,little,little_1,1,0.9,0.86,268,563038.0,527285.5625,571327.5625,584113.8125,608619.6875,32,36.151292512336134,LO,584113.8125,0.0,584113.8125,563038.0,81334.125
test_id_test_id_000747_31,test_id_000747,269,communication_heavy,4,3,test_id_000747_t4_c3,big,big_0,2,1.8,1.06,268,301456.75,290550.1875,315856.0625,323144.21875,339449.53125,32,36.151292512336134,LO,323144.21875,0.0,323144.21875,301456.75,48899.34375
test_id_test_id_000747_32,test_id_000747,269,communication_heavy,4,4,test_id_000747_t4_c4,little,little_0,2,1.2,0.93,268,519677.4,460382.625,499525.5625,510727.0625,533551.0625,32,36.151292512336134,LO,510727.0625,0.0,510727.0625,519677.40625,73168.4375
test_id_test_id_000747_33,test_id_000747,269,communication_heavy,4,5,test_id_000747_t4_c5,big,big_1,3,2.2,1.15,268,236151.5,240200.484375,262350.84375,268961.0,283836.90625,32,36.151292512336134,LO,268961.0,0.0,268961.0,236151.5,43636.421875
test_id_test_id_000747_34,test_id_000747,269,communication_heavy,4,6,test_id_000747_t4_c6,little,little_1,3,1.5,1.0,268,428874.16,385838.15625,418662.34375,427922.0625,447909.9375,32,36.151292512336134,LO,427922.0625,0.0,427922.0625,428874.15625,62071.78125
test_id_test_id_000747_35,test_id_000747,325,random,5,0,test_id_000747_t5_c0,big,big_0,1,1.4,0.98,324,67435.18,83909.765625,98470.234375,102586.328125,112799.734375,32,36.151292512336134,LO,102586.328125,0.0,102586.328125,67435.1796875,28889.96875
test_id_test_id_000747_36,test_id_000747,325,random,5,1,test_id_000747_t5_c1,little,little_1,1,0.9,0.86,324,113717.57,141583.078125,158206.09375,163125.53125,174822.515625,32,36.151292512336134,LO,163125.53125,0.0,163125.53125,113717.5703125,33239.4375
test_id_test_id_000747_37,test_id_000747,325,random,5,2,test_id_000747_t5_c2,big,big_0,2,1.8,1.06,324,52259.773,63980.125,77647.6875,81574.359375,91124.734375,32,36.151292512336134,LO,81574.359375,0.0,81574.359375,52259.7734375,27144.609375
test_id_test_id_000747_38,test_id_000747,325,random,5,3,test_id_000747_t5_c3,little,little_0,2,1.2,0.93,324,80901.875,107165.09375,122162.625,126388.375,136887.6875,32,36.151292512336134,LO,126388.375,0.0,126388.375,80901.875,29722.59375
test_id_test_id_000747_39,test_id_000747,325,random,5,4,test_id_000747_t5_c4,big,big_0,3,2.2,1.15,324,41469.062,50732.78125,63795.640625,67648.15625,76817.640625,32,36.151292512336134,LO,67648.15625,0.0,67648.15625,41469.0625,26084.859375
test_id_test_id_000747_40,test_id_000747,325,random,5,5,test_id_000747_t5_c5,little,little_0,3,1.5,1.0,324,93022.02,101415.84375,116279.265625,120405.875,130742.15625,32,36.151292512336134,LO,120405.875,0.0,120405.875,93022.0234375,29326.3125
test_id_test_id_000747_41,test_id_000747,325,random,5,6,test_id_000747_t5_c6,big,big_0,0,1.0,0.9,324,79175.76,95022.40625,109883.84375,114119.59375,124635.890625,32,36.151292512336134,LO,114119.59375,0.0,114119.59375,79175.7578125,29613.484375
test_id_test_id_000752_00,test_id_000752,2,source_like,0,0,test_id_000752_t0_c0,little,little_1,2,1.2,0.93,1,98239.69,110658.25,125728.328125,129967.09375,140490.40625,32,36.151292512336134,HI,129967.09375,15665.78125,145632.875,98239.6875,29832.15625
test_id_test_id_000752_01,test_id_000752,2,source_like,0,1,test_id_000752_t0_c1,big,big_1,3,2.2,1.15,1,37089.383,46584.90625,59377.609375,63147.296875,72068.15625,32,36.151292512336134,HI,63147.296875,15665.78125,78813.078125,37089.3828125,25483.25
test_id_test_id_000752_02,test_id_000752,2,source_like,0,2,test_id_000752_t0_c2,little,little_1,3,1.5,1.0,1,86829.04,87594.921875,102079.296875,106079.59375,116098.984375,32,36.151292512336134,HI,106079.59375,15665.78125,121745.375,86829.0390625,28504.0625
test_id_test_id_000752_03,test_id_000752,2,source_like,0,3,test_id_000752_t0_c3,big,big_0,0,1.0,0.9,1,86331.664,89228.234375,103856.046875,107967.96875,118218.53125,32,36.151292512336134,HI,107967.96875,15665.78125,123633.75,86331.6640625,28990.296875
test_id_test_id_000752_04,test_id_000752,2,source_like,0,4,test_id_000752_t0_c4,little,little_1,0,0.6,0.8,1,207759.62,224665.28125,247081.515625,253832.546875,269230.9375,32,36.151292512336134,HI,253832.546875,15665.78125,269498.328125,207759.625,44565.65625
test_id_test_id_000752_05,test_id_000752,2,source_like,0,5,test_id_000752_t0_c5,big,big_0,1,1.4,0.98,1,57633.805,65932.953125,79645.765625,83547.375,93076.5,32,36.151292512336134,HI,83547.375,15665.78125,99213.15625,57633.8046875,27143.546875
test_id_test_id_000752_06,test_id_000752,2,source_like,0,6,test_id_000752_t0_c6,little,little_0,1,0.9,0.86,1,152189.62,153370.71875,170666.125,175800.40625,187899.28125,32,36.151292512336134,HI,175800.40625,15665.78125,191466.1875,152189.625,34528.5625
test_id_test_id_000752_07,test_id_000752,11,sink_like,1,0,test_id_000752_t1_c0,big,big_0,3,2.2,1.15,10,120413.48,147076.625,163890.34375,168750.75,180376.421875,32,36.151292512336134,HI,168750.75,15665.78125,184416.53125,120413.4765625,33299.796875
test_id_test_id_000752_08,test_id_000752,11,sink_like,1,1,test_id_000752_t1_c1,little,little_0,3,1.5,1.0,10,213553.8,229011.609375,250499.984375,256953.640625,271498.15625,32,36.151292512336134,HI,256953.640625,15665.78125,272619.421875,213553.796875,42486.546875
test_id_test_id_000752_09,test_id_000752,11,sink_like,1,2,test_id_000752_t1_c2,big,big_0,0,1.0,0.9,10,235512.48,247782.546875,270270.90625,276897.71875,291832.21875,32,36.151292512336134,HI,276897.71875,15665.78125,292563.5,235512.484375,44049.671875
test_id_test_id_000752_10,test_id_000752,11,sink_like,1,3,test_id_000752_t1_c3,little,little_0,0,0.6,0.8,10,518969.62,473886.25,512313.90625,523156.0,545062.5,32,36.151292512336134,HI,523156.0,15665.78125,538821.78125,518969.625,71176.25
test_id_test_id_000752_11,test_id_000752,11,sink_like,1,4,test_id_000752_t1_c4,big,big_0,1,1.4,0.98,10,220717.81,230887.75,252393.171875,258814.9375,273301.84375,32,36.151292512336134,HI,258814.9375,15665.78125,274480.71875,220717.8125,42414.09375
test_id_test_id_000752_12,test_id_000752,11,sink_like,1,5,test_id_000752_t1_c5,little,little_1,1,0.9,0.86,10,361094.84,350274.375,379777.9375,388072.4375,406335.375,32,36.151292512336134,HI,388072.4375,15665.78125,403738.21875,361094.84375,56061.0
test_id_test_id_000752_13,test_id_000752,11,sink_like,1,6,test_id_000752_t1_c6,big,big_0,2,1.8,1.06,10,186685.6,202762.625,222749.21875,228803.84375,242572.6875,32,36.151292512336134,HI,228803.84375,15665.78125,244469.625,186685.59375,39810.0625
test_id_test_id_000752_14,test_id_000752,40,middle,2,0,test_id_000752_t2_c0,little,little_1,3,1.5,1.0,39,160489.44,178480.8125,196886.40625,202397.875,215133.6875,32,36.151292512336134,HI,202397.875,15665.78125,218063.65625,160489.4375,36652.875
test_id_test_id_000752_15,test_id_000752,40,middle,2,1,test_id_000752_t2_c1,big,big_1,0,1.0,0.9,39,145102.97,172681.0,190976.578125,196540.90625,209373.5625,32,36.151292512336134,HI,196540.90625,15665.78125,212206.6875,145102.96875,36692.5625
test_id_test_id_000752_16,test_id_000752,40,middle,2,2,test_id_000752_t2_c2,little,little_1,0,0.6,0.8,39,362064.2,346866.96875,375896.53125,383962.8125,401972.0625,32,36.151292512336134,HI,383962.8125,15665.78125,399628.59375,362064.1875,55105.09375
test_id_test_id_000752_17,test_id_000752,40,middle,2,3,test_id_000752_t2_c3,big,big_1,1,1.4,0.98,39,154303.14,168022.0625,185883.84375,191209.71875,203620.78125,32,36.151292512336134,HI,191209.71875,15665.78125,206875.5,154303.140625,35598.71875
test_id_test_id_000752_18,test_id_000752,40,middle,2,4,test_id_000752_t2_c4,little,little_1,1,0.9,0.86,39,237723.78,233394.109375,254875.734375,261220.15625,275584.8125,32,36.151292512336134,HI,261220.15625,15665.78125,276885.9375,237723.78125,42190.703125
test_id_test_id_000752_19,test_id_000752,40,middle,2,5,test_id_000752_t2_c5,big,big_1,2,1.8,1.06,39,103727.38,120801.546875,136257.53125,140571.328125,151241.90625,32,36.151292512336134,HI,140571.328125,15665.78125,156237.109375,103727.3828125,30440.359375
test_id_test_id_000752_20,test_id_000752,40,middle,2,6,test_id_000752_t2_c6,little,little_1,2,1.2,0.93,39,191099.2,207369.59375,227419.53125,233444.875,247143.25,32,36.151292512336134,HI,233444.875,15665.78125,249110.65625,191099.203125,39773.65625
test_id_test_id_000752_21,test_id_000752,56,communication_heavy,3,0,test_id_000752_t3_c0,big,big_1,0,1.0,0.9,55,377276.75,316186.90625,343319.5,351037.84375,368220.3125,32,36.151292512336134,HI,351037.84375,15665.78125,366703.625,377276.75,52033.40625
test_id_test_id_000752_22,test_id_000752,56,communication_heavy,3,1,test_id_000752_t3_c1,little,little_0,0,0.6,0.8,55,489648.38,472992.875,511783.75,522793.15625,544992.6875,32,36.151292512336134,HI,522793.15625,15665.78125,538458.9375,489648.375,71999.8125
test_id_test_id_000752_23,test_id_000752,56,communication_heavy,3,2,test_id_000752_t3_c2,big,big_1,1,1.4,0.98,55,193094.64,209840.359375,230165.375,236303.703125,250219.9375,32,36.151292512336134,HI,236303.703125,15665.78125,251969.484375,193094.640625,40379.578125
test_id_test_id_000752_24,test_id_000752,56,communication_heavy,3,3,test_id_000752_t3_c3,little,little_1,1,0.9,0.86,55,350286.1,347299.5,376706.5,385000.8125,403280.78125,32,36.151292512336134,HI,385000.8125,15665.78125,400666.59375,350286.09375,55981.28125
test_id_test_id_000752_25,test_id_000752,56,communication_heavy,3,4,test_id_000752_t3_c4,big,big_0,2,1.8,1.06,55,197552.95,200275.0,220028.34375,225993.6875,239581.484375,32,36.151292512336134,HI,225993.6875,15665.78125,241659.46875,197552.953125,39306.484375
test_id_test_id_000752_26,test_id_000752,56,communication_heavy,3,5,test_id_000752_t3_c5,little,little_1,2,1.2,0.93,55,296835.8,294739.84375,320299.1875,327639.4375,344049.21875,32,36.151292512336134,HI,327639.4375,15665.78125,343305.21875,296835.8125,49309.375
test_id_test_id_000752_27,test_id_000752,56,communication_heavy,3,6,test_id_000752_t3_c6,big,big_1,3,2.2,1.15,55,178220.03,179070.96875,197603.5625,203151.890625,215977.78125,32,36.151292512336134,HI,203151.890625,15665.78125,218817.671875,178220.03125,36906.8125
test_id_test_id_000752_28,test_id_000752,25,random,4,0,test_id_000752_t4_c0,little,little_1,0,0.6,0.8,24,363410.97,329346.03125,356965.3125,364610.0,381900.1875,32,36.151292512336134,HI,364610.0,15665.78125,380275.78125,363410.96875,52554.15625
test_id_test_id_000752_29,test_id_000752,25,random,4,1,test_id_000752_t4_c1,big,big_0,1,1.4,0.98,24,116120.97,156725.59375,173867.34375,178897.0,190776.953125,32,36.151292512336134,HI,178897.0,15665.78125,194562.78125,116120.96875,34051.359375
test_id_test_id_000752_30,test_id_000752,25,random,4,2,test_id_000752_t4_c2,little,little_0,1,0.9,0.86,24,231635.86,213328.375,233761.0625,239927.71875,253899.5,32,36.151292512336134,HI,239927.71875,15665.78125,255593.5,231635.859375,40571.125
test_id_test_id_000752_31,test_id_000752,25,random,4,3,test_id_000752_t4_c3,big,big_1,2,1.8,1.06,24,84926.164,107535.015625,122537.609375,126676.546875,137043.609375,32,36.151292512336134,HI,126676.546875,15665.78125,142342.328125,84926.1640625,29508.59375
test_id_test_id_000752_32,test_id_000752,25,random,4,4,test_id_000752_t4_c4,little,little_0,2,1.2,0.93,24,189967.2,202487.71875,222217.875,228151.90625,241666.34375,32,36.151292512336134,HI,228151.90625,15665.78125,243817.6875,189967.203125,39178.625
test_id_test_id_000752_33,test_id_000752,25,random,4,5,test_id_000752_t4_c5,big,big_1,3,2.2,1.15,24,76714.29,98256.53125,113057.3125,117103.0,127293.390625,32,36.151292512336134,HI,117103.0,15665.78125,132768.78125,76714.2890625,29036.859375
test_id_test_id_000752_34,test_id_000752,25,random,4,6,test_id_000752_t4_c6,little,little_1,3,1.5,1.0,24,160955.84,175760.65625,193959.328125,199391.328125,211975.96875,32,36.151292512336134,HI,199391.328125,15665.78125,215057.109375,160955.84375,36215.3125
test_id_test_id_000752_35,test_id_000752,78,diverse_fill_1,5,0,test_id_000752_t5_c0,big,big_0,1,1.4,0.98,77,173622.72,182534.375,201361.8125,207050.25,220127.296875,32,36.151292512336134,HI,207050.25,15665.78125,222716.03125,173622.71875,37592.921875
test_id_test_id_000752_36,test_id_000752,78,diverse_fill_1,5,1,test_id_000752_t5_c1,little,little_1,1,0.9,0.86,77,298606.28,262799.3125,285996.71875,292726.96875,307884.4375,32,36.151292512336134,HI,292726.96875,15665.78125,308392.75,298606.28125,45085.125
test_id_test_id_000752_37,test_id_000752,78,diverse_fill_1,5,2,test_id_000752_t5_c2,big,big_0,2,1.8,1.06,77,162981.27,169729.0625,187734.265625,193086.609375,205559.171875,32,36.151292512336134,HI,193086.609375,15665.78125,208752.390625,162981.265625,35830.109375
test_id_test_id_000752_38,test_id_000752,78,diverse_fill_1,5,3,test_id_000752_t5_c3,little,little_0,2,1.2,0.93,77,272135.03,240821.4375,262831.21875,269337.875,284009.6875,32,36.151292512336134,HI,269337.875,15665.78125,285003.65625,272135.03125,43188.25
test_id_test_id_000752_39,test_id_000752,78,diverse_fill_1,5,4,test_id_000752_t5_c4,big,big_1,3,2.2,1.15,77,119710.73,123966.25,139577.0625,143944.46875,154711.3125,32,36.151292512336134,HI,143944.46875,15665.78125,159610.25,119710.7265625,30745.0625
test_id_test_id_000752_40,test_id_000752,78,diverse_fill_1,5,5,test_id_000752_t5_c5,little,little_0,3,1.5,1.0,77,191161.83,198022.125,217707.859375,223673.046875,237258.0625,32,36.151292512336134,HI,223673.046875,15665.78125,239338.828125,191161.828125,39235.9375
test_id_test_id_000752_41,test_id_000752,78,diverse_fill_1,5,6,test_id_000752_t5_c6,big,big_0,0,1.0,0.9,77,270626.22,234976.390625,256573.171875,262957.0,277395.03125,32,36.151292512336134,HI,262957.0,15665.78125,278622.78125,270626.21875,42418.640625
test_id_test_id_000757_00,test_id_000757,1,source_like,0,0,test_id_000757_t0_c0,big,big_0,3,2.2,1.15,0,35303.22,45960.34375,58749.25,62530.234375,71460.359375,32,36.151292512336134,LO,62530.234375,0.0,62530.234375,35303.21875,25500.015625
test_id_test_id_000757_01,test_id_000757,1,source_like,0,1,test_id_000757_t0_c1,little,little_0,3,1.5,1.0,0,73940.99,86644.65625,101106.546875,105090.453125,115072.609375,32,36.151292512336134,LO,105090.453125,0.0,105090.453125,73940.9921875,28427.953125
test_id_test_id_000757_02,test_id_000757,1,source_like,0,2,test_id_000757_t0_c2,big,big_1,0,1.0,0.9,0,79614.03,86627.203125,101185.375,105269.515625,115448.3125,32,36.151292512336134,LO,105269.515625,0.0,105269.515625,79614.03125,28821.109375
test_id_test_id_000757_03,test_id_000757,1,source_like,0,3,test_id_000757_t0_c3,little,little_1,0,0.6,0.8,0,199568.95,209459.5625,230915.875,237452.890625,252336.75,32,36.151292512336134,LO,237452.890625,0.0,237452.890625,199568.953125,42877.1875
test_id_test_id_000757_04,test_id_000757,1,source_like,0,4,test_id_000757_t0_c4,big,big_0,1,1.4,0.98,0,51417.28,65343.03125,79041.859375,82935.578125,92436.5625,32,36.151292512336134,LO,82935.578125,0.0,82935.578125,51417.28125,27093.53125
test_id_test_id_000757_05,test_id_000757,1,source_like,0,5,test_id_000757_t0_c5,little,little_0,1,0.9,0.86,0,131481.0,146717.078125,163619.25,168604.984375,180440.1875,32,36.151292512336134,LO,168604.984375,0.0,168604.984375,131481.0,33723.109375
test_id_test_id_000757_06,test_id_000757,1,source_like,0,6,test_id_000757_t0_c6,big,big_1,2,1.8,1.06,0,40516.652,53234.171875,66325.6875,70125.5,79225.453125,32,36.151292512336134,LO,70125.5,0.0,70125.5,40516.65234375,25991.28125
test_id_test_id_000757_07,test_id_000757,66,sink_like,1,0,test_id_000757_t1_c0,little,little_1,3,1.5,1.0,65,178158.75,201398.671875,221140.90625,227085.65625,240626.65625,32,36.151292512336134,LO,227085.65625,0.0,227085.65625,178158.75,39227.984375
test_id_test_id_000757_08,test_id_000757,66,sink_like,1,1,test_id_000757_t1_c1,big,big_0,0,1.0,0.9,65,160027.86,188217.71875,207380.171875,213230.3125,226582.71875,32,36.151292512336134,LO,213230.3125,0.0,213230.3125,160027.859375,38365.0
test_id_test_id_000757_09,test_id_000757,66,sink_like,1,2,test_id_000757_t1_c2,little,little_0,0,0.6,0.8,65,364483.5,357641.0,387493.9375,395862.21875,414324.28125,32,36.151292512336134,LO,395862.21875,0.0,395862.21875,364483.5,56683.28125
test_id_test_id_000757_10,test_id_000757,66,sink_like,1,3,test_id_000757_t1_c3,big,big_0,1,1.4,0.98,65,178075.7,190698.0,209885.25,215683.375,228949.28125,32,36.151292512336134,LO,215683.375,0.0,215683.375,178075.703125,38251.28125
test_id_test_id_000757_11,test_id_000757,66,sink_like,1,4,test_id_000757_t1_c4,little,little_1,1,0.9,0.86,65,268644.38,269832.96875,293543.6875,300399.46875,315825.96875,32,36.151292512336134,LO,300399.46875,0.0,300399.46875,268644.375,45993.0
test_id_test_id_000757_12,test_id_000757,66,sink_like,1,5,test_id_000757_t1_c5,big,big_0,2,1.8,1.06,65,149970.11,164394.1875,182061.90625,187292.40625,199537.90625,32,36.151292512336134,LO,187292.40625,0.0,187292.40625,149970.109375,35143.71875
test_id_test_id_000757_13,test_id_000757,66,sink_like,1,6,test_id_000757_t1_c6,little,little_1,2,1.2,0.93,65,207521.9,218516.828125,239210.0,245404.78125,259432.015625,32,36.151292512336134,LO,245404.78125,0.0,245404.78125,207521.90625,40915.1875
test_id_test_id_000757_14,test_id_000757,131,middle,2,0,test_id_000757_t2_c0,big,big_1,0,1.0,0.9,130,211099.95,217284.5,238015.109375,244257.203125,258389.515625,32,36.151292512336134,LO,244257.203125,0.0,244257.203125,211099.953125,41105.015625
test_id_test_id_000757_15,test_id_000757,131,middle,2,1,test_id_000757_t2_c1,little,little_1,0,0.6,0.8,130,473990.66,418599.21875,452795.25,462373.5,482690.5625,32,36.151292512336134,LO,462373.5,0.0,462373.5,473990.65625,64091.34375
test_id_test_id_000757_16,test_id_000757,131,middle,2,2,test_id_000757_t2_c2,big,big_1,1,1.4,0.98,130,141194.97,169462.3125,187576.359375,193004.046875,205613.671875,32,36.151292512336134,LO,193004.046875,0.0,193004.046875,141194.96875,36151.359375
test_id_test_id_000757_17,test_id_000757,131,middle,2,3,test_id_000757_t2_c3,little,little_1,1,0.9,0.86,130,301913.06,291463.75,316560.09375,323729.125,339796.625,32,36.151292512336134,LO,323729.125,0.0,323729.125,301913.0625,48332.875
test_id_test_id_000757_18,test_id_000757,131,middle,2,4,test_id_000757_t2_c4,big,big_1,2,1.8,1.06,130,128660.266,158856.65625,176266.0,181375.34375,193423.3125,32,36.151292512336134,LO,181375.34375,0.0,181375.34375,128660.265625,34566.65625
test_id_test_id_000757_19,test_id_000757,131,middle,2,5,test_id_000757_t2_c5,little,little_1,2,1.2,0.93,130,240532.89,246155.53125,268472.03125,275044.53125,289850.40625,32,36.151292512336134,LO,275044.53125,0.0,275044.53125,240532.890625,43694.875
test_id_test_id_000757_20,test_id_000757,131,middle,2,6,test_id_000757_t2_c6,big,big_0,3,2.2,1.15,130,105114.6,145378.5,162060.875,166842.890625,178331.25,32,36.151292512336134,LO,166842.890625,0.0,166842.890625,105114.6015625,32952.75
test_id_test_id_000757_21,test_id_000757,68,high_degree,3,0,test_id_000757_t3_c0,little,little_0,0,0.6,0.8,67,208902.7,216421.71875,238109.125,244709.578125,259697.0625,32,36.151292512336134,LO,244709.578125,0.0,244709.578125,208902.703125,43275.34375
test_id_test_id_000757_22,test_id_000757,68,high_degree,3,1,test_id_000757_t3_c1,big,big_0,1,1.4,0.98,67,80029.805,89055.59375,103666.671875,107738.890625,117915.796875,32,36.151292512336134,LO,107738.890625,0.0,107738.890625,80029.8046875,28860.203125
test_id_test_id_000757_23,test_id_000757,68,high_degree,3,2,test_id_000757_t3_c2,little,little_1,1,0.9,0.86,67,139488.6,153682.796875,170946.40625,176111.28125,188232.140625,32,36.151292512336134,LO,176111.28125,0.0,176111.28125,139488.59375,34549.34375
test_id_test_id_000757_24,test_id_000757,68,high_degree,3,3,test_id_000757_t3_c3,big,big_1,2,1.8,1.06,67,59105.35,70289.8125,84194.046875,88113.359375,97754.109375,32,36.151292512336134,LO,88113.359375,0.0,88113.359375,59105.3515625,27464.296875
test_id_test_id_000757_25,test_id_000757,68,high_degree,3,4,test_id_000757_t3_c4,little,little_1,2,1.2,0.93,67,101032.625,121156.984375,136610.609375,141015.484375,151813.09375,32,36.151292512336134,LO,141015.484375,0.0,141015.484375,101032.625,30656.109375
test_id_test_id_000757_26,test_id_000757,68,high_degree,3,5,test_id_000757_t3_c5,big,big_1,3,2.2,1.15,67,54693.523,63066.0625,76676.953125,80564.90625,90023.40625,32,36.151292512336134,LO,80564.90625,0.0,80564.90625,54693.5234375,26957.34375
test_id_test_id_000757_27,test_id_000757,68,high_degree,3,6,test_id_000757_t3_c6,little,little_1,3,1.5,1.0,67,98109.57,107349.53125,122316.296875,126468.390625,136850.71875,32,36.151292512336134,LO,126468.390625,0.0,126468.390625,98109.5703125,29501.1875
test_id_test_id_000757_28,test_id_000757,156,random,4,0,test_id_000757_t4_c0,big,big_1,1,1.4,0.98,155,97705.2,108348.6875,123409.5625,127599.703125,138055.828125,32,36.151292512336134,LO,127599.703125,0.0,127599.703125,97705.203125,29707.140625
test_id_test_id_000757_29,test_id_000757,156,random,4,1,test_id_000757_t4_c1,little,little_1,1,0.9,0.86,155,219204.33,221410.078125,242264.25,248437.5,262487.75,32,36.151292512336134,LO,248437.5,0.0,248437.5,219204.328125,41077.671875
test_id_test_id_000757_30,test_id_000757,156,random,4,2,test_id_000757_t4_c2,big,big_0,2,1.8,1.06,155,83604.4,95934.34375,110706.4375,114740.84375,124898.203125,32,36.151292512336134,LO,114740.84375,0.0,114740.84375,83604.3984375,28963.859375
test_id_test_id_000757_31,test_id_000757,156,random,4,3,test_id_000757_t4_c3,little,little_1,2,1.2,0.93,155,148876.02,161775.40625,179206.84375,184398.84375,196539.59375,32,36.151292512336134,LO,184398.84375,0.0,184398.84375,148876.015625,34764.1875
test_id_test_id_000757_32,test_id_000757,156,random,4,4,test_id_000757_t4_c4,big,big_1,3,2.2,1.15,155,67771.78,75191.109375,89236.984375,93130.484375,102802.421875,32,36.151292512336134,LO,93130.484375,0.0,93130.484375,67771.78125,27611.3125
test_id_test_id_000757_33,test_id_000757,156,random,4,5,test_id_000757_t4_c5,little,little_0,3,1.5,1.0,155,131246.66,141486.890625,157730.171875,162399.71875,173637.9375,32,36.151292512336134,LO,162399.71875,0.0,162399.71875,131246.65625,32151.046875
test_id_test_id_000757_34,test_id_000757,156,random,4,6,test_id_000757_t4_c6,big,big_1,0,1.0,0.9,155,113451.43,134046.65625,150272.9375,155029.328125,166451.203125,32,36.151292512336134,LO,155029.328125,0.0,155029.328125,113451.4296875,32404.546875
test_id_test_id_000757_35,test_id_000757,149,diverse_fill_1,5,0,test_id_000757_t5_c0,little,little_0,1,0.9,0.86,148,239085.23,214167.21875,234554.640625,240671.09375,254547.625,32,36.151292512336134,LO,240671.09375,0.0,240671.09375,239085.234375,40380.40625
test_id_test_id_000757_36,test_id_000757,149,diverse_fill_1,5,1,test_id_000757_t5_c1,big,big_0,2,1.8,1.06,148,84724.13,101107.953125,115985.6875,120057.140625,130300.59375,32,36.151292512336134,LO,120057.140625,0.0,120057.140625,84724.1328125,29192.640625
test_id_test_id_000757_37,test_id_000757,149,diverse_fill_1,5,2,test_id_000757_t5_c2,little,little_0,2,1.2,0.93,148,206803.8,202440.296875,222064.671875,227933.375,241325.25,32,36.151292512336134,LO,227933.375,0.0,227933.375,206803.796875,38884.953125
test_id_test_id_000757_38,test_id_000757,149,diverse_fill_1,5,3,test_id_000757_t5_c3,big,big_0,3,2.2,1.15,148,68924.48,76837.859375,90922.140625,94828.9375,104557.1875,32,36.151292512336134,LO,94828.9375,0.0,94828.9375,68924.4765625,27719.328125
test_id_test_id_000757_39,test_id_000757,149,diverse_fill_1,5,4,test_id_000757_t5_c4,little,little_0,3,1.5,1.0,148,165122.06,168661.78125,186403.984375,191661.328125,203927.75,32,36.151292512336134,LO,191661.328125,0.0,191661.328125,165122.0625,35265.96875
test_id_test_id_000757_40,test_id_000757,149,diverse_fill_1,5,5,test_id_000757_t5_c5,big,big_0,0,1.0,0.9,148,161728.52,177407.234375,195740.125,201257.5625,213995.828125,32,36.151292512336134,LO,201257.5625,0.0,201257.5625,161728.515625,36588.59375
test_id_test_id_000757_41,test_id_000757,149,diverse_fill_1,5,6,test_id_000757_t5_c6,little,little_0,0,0.6,0.8,148,377392.4,335413.1875,363426.9375,371142.6875,388570.21875,32,36.151292512336134,LO,371142.6875,0.0,371142.6875,377392.40625,53157.03125
test_id_test_id_000760_00,test_id_000760,2,source_like,0,0,test_id_000760_t0_c0,big,big_0,2,1.8,1.06,1,26700.371,37502.9375,50059.59375,53909.15625,62831.5625,32,36.151292512336134,HI,53909.15625,15665.78125,69574.9375,26700.37109375,25328.625
test_id_test_id_000760_01,test_id_000760,2,source_like,0,1,test_id_000760_t0_c1,little,little_0,2,1.2,0.93,1,59997.41,72215.203125,86242.046875,90214.53125,99986.671875,32,36.151292512336134,HI,90214.53125,15665.78125,105880.3125,59997.41015625,27771.46875
test_id_test_id_000760_02,test_id_000760,2,source_like,0,2,test_id_000760_t0_c2,big,big_1,3,2.2,1.15,1,22517.754,31252.265625,43696.5625,47580.65625,56451.21875,32,36.151292512336134,HI,47580.65625,15665.78125,63246.4375,22517.75390625,25198.953125
test_id_test_id_000760_03,test_id_000760,2,source_like,0,3,test_id_000760_t0_c3,little,little_1,3,1.5,1.0,1,53273.305,65571.140625,79383.890625,83284.109375,92790.546875,32,36.151292512336134,HI,83284.109375,15665.78125,98949.890625,53273.3046875,27219.40625
test_id_test_id_000760_04,test_id_000760,2,source_like,0,4,test_id_000760_t0_c4,big,big_0,0,1.0,0.9,1,46287.65,58814.765625,72323.5625,76261.40625,85736.203125,32,36.151292512336134,HI,76261.40625,15665.78125,91927.1875,46287.6484375,26921.4375
test_id_test_id_000760_05,test_id_000760,2,source_like,0,5,test_id_000760_t0_c5,little,little_0,0,0.6,0.8,1,126251.25,139745.4375,156723.28125,161762.453125,173744.9375,32,36.151292512336134,HI,161762.453125,15665.78125,177428.234375,126251.25,33999.5
test_id_test_id_000760_06,test_id_000760,2,source_like,0,6,test_id_000760_t0_c6,big,big_0,1,1.4,0.98,1,37734.906,49616.84375,62681.421875,66559.03125,75743.5,32,36.151292512336134,HI,66559.03125,15665.78125,82224.8125,37734.90625,26126.65625
test_id_test_id_000760_07,test_id_000760,46,sink_like,1,0,test_id_000760_t1_c0,little,little_1,2,1.2,0.93,45,559832.56,480030.625,520834.84375,532580.75,556093.4375,32,36.151292512336134,HI,532580.75,15665.78125,548246.53125,559832.5625,76062.8125
test_id_test_id_000760_08,test_id_000760,46,sink_like,1,1,test_id_000760_t1_c1,big,big_0,3,2.2,1.15,45,338745.56,304687.65625,331029.09375,338564.125,355390.28125,32,36.151292512336134,HI,338564.125,15665.78125,354229.90625,338745.5625,50702.625
test_id_test_id_000760_09,test_id_000760,46,sink_like,1,2,test_id_000760_t1_c2,little,little_1,3,1.5,1.0,45,472380.25,414771.625,450080.75,460077.4375,481227.375,32,36.151292512336134,HI,460077.4375,15665.78125,475743.21875,472380.25,66455.75
test_id_test_id_000760_10,test_id_000760,46,sink_like,1,3,test_id_000760_t1_c3,big,big_1,0,1.0,0.9,45,452080.34,427675.1875,463727.6875,473913.625,495294.84375,32,36.151292512336134,HI,473913.625,15665.78125,489579.40625,452080.34375,67619.65625
test_id_test_id_000760_11,test_id_000760,46,sink_like,1,4,test_id_000760_t1_c4,little,little_1,0,0.6,0.8,45,829843.44,680626.0,736743.0,753759.9375,782734.375,32,36.151292512336134,HI,753759.9375,15665.78125,769425.71875,829843.4375,102108.375
test_id_test_id_000760_12,test_id_000760,46,sink_like,1,5,test_id_000760_t1_c5,big,big_1,1,1.4,0.98,45,473602.12,407788.09375,442456.0,452249.0,473091.59375,32,36.151292512336134,HI,452249.0,15665.78125,467914.78125,473602.125,65303.5
test_id_test_id_000760_13,test_id_000760,46,sink_like,1,6,test_id_000760_t1_c6,little,little_0,1,0.9,0.86,45,706787.25,593882.0,643746.375,658577.9375,685398.25,32,36.151292512336134,HI,658577.9375,15665.78125,674243.71875,706787.25,91516.25
test_id_test_id_000760_14,test_id_000760,35,middle,2,0,test_id_000760_t2_c0,big,big_1,3,2.2,1.15,34,58281.11,65790.78125,79429.1875,83275.984375,92707.15625,32,36.151292512336134,HI,83275.984375,15665.78125,98941.765625,58281.109375,26916.375
test_id_test_id_000760_15,test_id_000760,35,middle,2,1,test_id_000760_t2_c1,little,little_0,3,1.5,1.0,34,142502.3,144043.03125,160411.96875,165127.84375,176450.859375,32,36.151292512336134,HI,165127.84375,15665.78125,180793.625,142502.296875,32407.828125
test_id_test_id_000760_16,test_id_000760,35,middle,2,2,test_id_000760_t2_c2,big,big_1,0,1.0,0.9,34,117944.695,131616.484375,147754.5,152480.25,163859.9375,32,36.151292512336134,HI,152480.25,15665.78125,168146.03125,117944.6953125,32243.453125
test_id_test_id_000760_17,test_id_000760,35,middle,2,3,test_id_000760_t2_c3,little,little_0,0,0.6,0.8,34,272972.12,275061.125,299852.0625,306962.4375,323231.5625,32,36.151292512336134,HI,306962.4375,15665.78125,322628.21875,272972.125,48170.4375
test_id_test_id_000760_18,test_id_000760,35,middle,2,4,test_id_000760_t2_c4,big,big_0,1,1.4,0.98,34,88884.34,105653.421875,120658.421875,124818.8125,135227.046875,32,36.151292512336134,HI,124818.8125,15665.78125,140484.59375,88884.34375,29573.625
test_id_test_id_000760_19,test_id_000760,35,middle,2,5,test_id_000760_t2_c5,little,little_1,1,0.9,0.86,34,198031.22,200184.25,219915.65625,225857.21875,239418.125,32,36.151292512336134,HI,225857.21875,15665.78125,241523.0,198031.21875,39233.875
test_id_test_id_000760_20,test_id_000760,35,middle,2,6,test_id_000760_t2_c6,big,big_1,2,1.8,1.06,34,77585.79,86645.296875,101137.140625,105125.609375,115123.921875,32,36.151292512336134,HI,105125.609375,15665.78125,120791.390625,77585.7890625,28478.625
test_id_test_id_000760_21,test_id_000760,45,high_degree,3,0,test_id_000760_t3_c0,little,little_0,3,1.5,1.0,44,229693.55,235918.75,257692.984375,264169.125,278767.25,32,36.151292512336134,HI,264169.125,15665.78125,279834.90625,229693.546875,42848.5
test_id_test_id_000760_22,test_id_000760,45,high_degree,3,1,test_id_000760_t3_c1,big,big_1,0,1.0,0.9,44,224803.2,229461.75,250889.546875,257291.8125,271749.90625,32,36.151292512336134,HI,257291.8125,15665.78125,272957.59375,224803.203125,42288.15625
test_id_test_id_000760_23,test_id_000760,45,high_degree,3,2,test_id_000760_t3_c2,little,little_1,0,0.6,0.8,44,509684.7,470911.09375,509351.75,520243.84375,542278.5,32,36.151292512336134,HI,520243.84375,15665.78125,535909.625,509684.6875,71367.40625
test_id_test_id_000760_24,test_id_000760,45,high_degree,3,3,test_id_000760_t3_c3,big,big_1,1,1.4,0.98,44,168057.75,197659.125,217331.6875,223292.5,236874.1875,32,36.151292512336134,HI,223292.5,15665.78125,238958.28125,168057.75,39215.0625
test_id_test_id_000760_25,test_id_000760,45,high_degree,3,4,test_id_000760_t3_c4,little,little_0,1,0.9,0.86,44,334203.47,327796.875,355652.65625,363538.125,381037.0625,32,36.151292512336134,HI,363538.125,15665.78125,379203.90625,334203.46875,53240.1875
test_id_test_id_000760_26,test_id_000760,45,high_degree,3,5,test_id_000760_t3_c5,big,big_1,2,1.8,1.06,44,200166.9,208234.28125,228412.234375,234490.359375,248296.53125,32,36.151292512336134,HI,234490.359375,15665.78125,250156.140625,200166.90625,40062.25
test_id_test_id_000760_27,test_id_000760,45,high_degree,3,6,test_id_000760_t3_c6,little,little_1,2,1.2,0.93,44,268064.3,279817.75,304325.875,311410.0,327293.375,32,36.151292512336134,HI,311410.0,15665.78125,327075.78125,268064.3125,47475.625
test_id_test_id_000760_28,test_id_000760,48,random,4,0,test_id_000760_t4_c0,big,big_1,0,1.0,0.9,47,297154.6,279638.09375,304146.03125,311229.28125,327116.5,32,36.151292512336134,HI,311229.28125,15665.78125,326895.0625,297154.59375,47478.40625
test_id_test_id_000760_29,test_id_000760,48,random,4,1,test_id_000760_t4_c1,little,little_1,0,0.6,0.8,47,578177.75,528510.5,571732.625,584230.1875,608064.6875,32,36.151292512336134,HI,584230.1875,15665.78125,599895.96875,578177.75,79554.1875
test_id_test_id_000760_30,test_id_000760,48,random,4,2,test_id_000760_t4_c2,big,big_0,1,1.4,0.98,47,319778.16,277896.0625,302307.0625,309372.5,325210.15625,32,36.151292512336134,HI,309372.5,15665.78125,325038.28125,319778.15625,47314.09375
test_id_test_id_000760_31,test_id_000760,48,random,4,3,test_id_000760_t4_c3,little,little_0,1,0.9,0.86,47,444409.78,417861.28125,453039.6875,462972.8125,483962.34375,32,36.151292512336134,HI,462972.8125,15665.78125,478638.59375,444409.78125,66101.0625
test_id_test_id_000760_32,test_id_000760,48,random,4,4,test_id_000760_t4_c4,big,big_0,2,1.8,1.06,47,214695.53,220905.28125,241880.96875,248192.734375,262455.34375,32,36.151292512336134,HI,248192.734375,15665.78125,263858.515625,214695.53125,41550.0625
test_id_test_id_000760_33,test_id_000760,48,random,4,5,test_id_000760_t4_c5,little,little_1,2,1.2,0.93,47,313088.9,328390.40625,356427.25,364379.6875,382016.59375,32,36.151292512336134,HI,364379.6875,15665.78125,380045.46875,313088.90625,53626.1875
test_id_test_id_000760_34,test_id_000760,48,random,4,6,test_id_000760_t4_c6,big,big_1,3,2.2,1.15,47,188380.16,194862.0625,214360.21875,220251.15625,233714.125,32,36.151292512336134,HI,220251.15625,15665.78125,235916.9375,188380.15625,38852.0625
test_id_test_id_000760_35,test_id_000760,29,diverse_fill_1,5,0,test_id_000760_t5_c0,little,little_0,0,0.6,0.8,28,683585.9,598451.3125,646800.25,661096.75,686612.5625,32,36.151292512336134,HI,661096.75,15665.78125,676762.53125,683585.875,88161.25
test_id_test_id_000760_36,test_id_000760,29,diverse_fill_1,5,1,test_id_000760_t5_c1,big,big_1,1,1.4,0.98,28,284819.5,283157.25,307946.40625,315111.875,331162.96875,32,36.151292512336134,HI,315111.875,15665.78125,330777.65625,284819.5,48005.71875
test_id_test_id_000760_37,test_id_000760,29,diverse_fill_1,5,2,test_id_000760_t5_c2,little,little_0,1,0.9,0.86,28,512965.53,461610.59375,500047.5,510942.71875,533203.25,32,36.151292512336134,HI,510942.71875,15665.78125,526608.5,512965.53125,71592.65625
test_id_test_id_000760_38,test_id_000760,29,diverse_fill_1,5,3,test_id_000760_t5_c3,big,big_1,2,1.8,1.06,28,279658.72,277372.6875,301788.40625,308872.59375,324750.59375,32,36.151292512336134,HI,308872.59375,15665.78125,324538.375,279658.71875,47377.90625
test_id_test_id_000760_39,test_id_000760,29,diverse_fill_1,5,4,test_id_000760_t5_c4,little,little_0,2,1.2,0.93,28,404503.72,388406.15625,421216.25,430450.6875,450372.125,32,36.151292512336134,HI,430450.6875,15665.78125,446116.46875,404503.71875,61965.96875
test_id_test_id_000760_40,test_id_000760,29,diverse_fill_1,5,5,test_id_000760_t5_c5,big,big_1,3,2.2,1.15,28,240201.36,240466.6875,262621.4375,269226.84375,284103.75,32,36.151292512336134,HI,269226.84375,15665.78125,284892.625,240201.359375,43637.0625
test_id_test_id_000760_41,test_id_000760,29,diverse_fill_1,5,6,test_id_000760_t5_c6,little,little_0,3,1.5,1.0,28,351844.06,339028.875,367943.625,376125.375,394204.4375,32,36.151292512336134,HI,376125.375,15665.78125,391791.15625,351844.0625,55175.5625
test_id_test_id_000779_00,test_id_000779,8,source_like,0,0,test_id_000779_t0_c0,big,big_0,2,1.8,1.06,7,58055.41,65509.65625,79176.84375,83022.40625,92430.171875,32,36.151292512336134,LO,83022.40625,0.0,83022.40625,58055.41015625,26920.515625
test_id_test_id_000779_01,test_id_000779,8,source_like,0,1,test_id_000779_t0_c1,little,little_0,2,1.2,0.93,7,123782.586,126852.671875,142494.671875,146975.828125,157889.6875,32,36.151292512336134,LO,146975.828125,0.0,146975.828125,123782.5859375,31037.015625
test_id_test_id_000779_02,test_id_000779,8,source_like,0,2,test_id_000779_t0_c2,big,big_1,3,2.2,1.15,7,48487.098,59393.5,72786.1875,76589.671875,85802.109375,32,36.151292512336134,LO,76589.671875,0.0,76589.671875,48487.09765625,26408.609375
test_id_test_id_000779_03,test_id_000779,8,source_like,0,3,test_id_000779_t0_c3,little,little_0,3,1.5,1.0,7,96720.336,100268.484375,115034.28125,119111.078125,129340.90625,32,36.151292512336134,LO,119111.078125,0.0,119111.078125,96720.3359375,29072.421875
test_id_test_id_000779_04,test_id_000779,8,source_like,0,4,test_id_000779_t0_c4,big,big_1,0,1.0,0.9,7,99127.016,99238.703125,114121.03125,118324.453125,128782.15625,32,36.151292512336134,LO,118324.453125,0.0,118324.453125,99127.015625,29543.453125
test_id_test_id_000779_05,test_id_000779,8,source_like,0,5,test_id_000779_t0_c5,little,little_1,0,0.6,0.8,7,244865.2,233920.78125,256693.875,263501.53125,278999.5625,32,36.151292512336134,LO,263501.53125,0.0,263501.53125,244865.203125,45078.78125
test_id_test_id_000779_06,test_id_000779,8,source_like,0,6,test_id_000779_t0_c6,big,big_1,1,1.4,0.98,7,71732.414,80340.5625,94641.78125,98608.609375,108487.625,32,36.151292512336134,LO,98608.609375,0.0,98608.609375,71732.4140625,28147.0625
test_id_test_id_000779_07,test_id_000779,111,sink_like,1,0,test_id_000779_t1_c0,little,little_1,2,1.2,0.93,110,455751.2,393135.6875,426503.1875,435925.34375,456160.0625,32,36.151292512336134,LO,435925.34375,0.0,435925.34375,455751.1875,63024.375
test_id_test_id_000779_08,test_id_000779,111,sink_like,1,1,test_id_000779_t1_c1,big,big_1,3,2.2,1.15,110,162886.55,183370.4375,202302.59375,208013.125,221158.59375,32,36.151292512336134,LO,208013.125,0.0,208013.125,162886.546875,37788.15625
test_id_test_id_000779_09,test_id_000779,111,sink_like,1,2,test_id_000779_t1_c2,little,little_0,3,1.5,1.0,110,291503.38,298940.96875,324832.375,332260.9375,348851.6875,32,36.151292512336134,LO,332260.9375,0.0,332260.9375,291503.375,49910.71875
test_id_test_id_000779_10,test_id_000779,111,sink_like,1,3,test_id_000779_t1_c3,big,big_0,0,1.0,0.9,110,403722.8,358106.03125,388482.28125,397041.46875,415805.9375,32,36.151292512336134,LO,397041.46875,0.0,397041.46875,403722.8125,57699.90625
test_id_test_id_000779_11,test_id_000779,111,sink_like,1,4,test_id_000779_t1_c4,little,little_0,0,0.6,0.8,110,659431.4,578462.125,625313.0,639080.125,664073.875,32,36.151292512336134,LO,639080.125,0.0,639080.125,659431.375,85611.75
test_id_test_id_000779_12,test_id_000779,111,sink_like,1,5,test_id_000779_t1_c5,big,big_1,1,1.4,0.98,110,265619.38,261964.9375,285375.5,292230.8125,307623.15625,32,36.151292512336134,LO,292230.8125,0.0,292230.8125,265619.375,45658.21875
test_id_test_id_000779_13,test_id_000779,111,sink_like,1,6,test_id_000779_t1_c6,little,little_1,1,0.9,0.86,110,394581.1,409700.8125,443879.75,453460.5,473885.4375,32,36.151292512336134,LO,453460.5,0.0,453460.5,394581.09375,64184.625
test_id_test_id_000779_14,test_id_000779,68,middle,2,0,test_id_000779_t2_c0,big,big_0,3,2.2,1.15,67,139737.42,154237.125,171382.421875,176375.640625,188222.3125,32,36.151292512336134,LO,176375.640625,0.0,176375.640625,139737.421875,33985.1875
test_id_test_id_000779_15,test_id_000779,68,middle,2,1,test_id_000779_t2_c1,little,little_0,3,1.5,1.0,67,241582.19,231621.453125,253143.015625,259563.484375,274040.125,32,36.151292512336134,LO,259563.484375,0.0,259563.484375,241582.1875,42418.671875
test_id_test_id_000779_16,test_id_000779,68,middle,2,2,test_id_000779_t2_c2,big,big_1,0,1.0,0.9,67,226413.9,222574.765625,243603.0625,249916.625,264186.53125,32,36.151292512336134,LO,249916.625,0.0,249916.625,226413.90625,41611.765625
test_id_test_id_000779_17,test_id_000779,68,middle,2,3,test_id_000779_t2_c3,little,little_1,0,0.6,0.8,67,457117.38,439869.0625,475644.0625,485682.21875,506600.0,32,36.151292512336134,LO,485682.21875,0.0,485682.21875,457117.375,66730.9375
test_id_test_id_000779_18,test_id_000779,68,middle,2,4,test_id_000779_t2_c4,big,big_0,1,1.4,0.98,67,214243.4,215947.09375,236585.25,242794.71875,256852.0625,32,36.151292512336134,LO,242794.71875,0.0,242794.71875,214243.40625,40904.96875
test_id_test_id_000779_19,test_id_000779,68,middle,2,5,test_id_000779_t2_c5,little,little_1,1,0.9,0.86,67,299864.03,292663.1875,317909.21875,325134.5625,341311.625,32,36.151292512336134,LO,325134.5625,0.0,325134.5625,299864.03125,48648.4375
test_id_test_id_000779_20,test_id_000779,68,middle,2,6,test_id_000779_t2_c6,big,big_1,2,1.8,1.06,67,187525.16,191378.25,210653.96875,216473.515625,229793.0,32,36.151292512336134,LO,216473.515625,0.0,216473.515625,187525.15625,38414.75
test_id_test_id_000779_21,test_id_000779,98,random,3,0,test_id_000779_t3_c0,little,little_1,3,1.5,1.0,97,128832.27,141010.328125,157305.75,162012.140625,173317.28125,32,36.151292512336134,LO,162012.140625,0.0,162012.140625,128832.2734375,32306.953125
test_id_test_id_000779_22,test_id_000779,98,random,3,1,test_id_000779_t3_c1,big,big_0,0,1.0,0.9,97,147988.67,165821.6875,183698.765625,189099.84375,201650.5,32,36.151292512336134,LO,189099.84375,0.0,189099.84375,147988.671875,35828.8125
test_id_test_id_000779_23,test_id_000779,98,random,3,2,test_id_000779_t3_c2,little,little_1,0,0.6,0.8,97,315596.2,297508.4375,323464.53125,330763.15625,347449.40625,32,36.151292512336134,LO,330763.15625,0.0,330763.15625,315596.1875,49940.96875
test_id_test_id_000779_24,test_id_000779,98,random,3,3,test_id_000779_t3_c3,big,big_1,1,1.4,0.98,97,121214.82,131749.0625,147704.34375,152272.390625,163371.25,32,36.151292512336134,LO,152272.390625,0.0,152272.390625,121214.8203125,31622.1875
test_id_test_id_000779_25,test_id_000779,98,random,3,4,test_id_000779_t3_c4,little,little_1,1,0.9,0.86,97,192535.52,200403.1875,220267.9375,226301.984375,240025.984375,32,36.151292512336134,LO,226301.984375,0.0,226301.984375,192535.515625,39622.796875
test_id_test_id_000779_26,test_id_000779,98,random,3,5,test_id_000779_t3_c5,big,big_1,2,1.8,1.06,97,94052.266,100244.46875,115093.09375,119183.453125,129456.078125,32,36.151292512336134,LO,119183.453125,0.0,119183.453125,94052.265625,29211.609375
test_id_test_id_000779_27,test_id_000779,98,random,3,6,test_id_000779_t3_c6,little,little_0,2,1.2,0.93,97,184171.47,179198.5625,197661.640625,203225.0,216044.75,32,36.151292512336134,LO,203225.0,0.0,203225.0,184171.46875,36846.1875
test_id_test_id_000779_28,test_id_000779,83,diverse_fill_1,4,0,test_id_000779_t4_c0,big,big_1,0,1.0,0.9,82,146150.8,154372.34375,171675.375,176871.875,189061.71875,32,36.151292512336134,LO,176871.875,0.0,176871.875,146150.796875,34689.375
test_id_test_id_000779_29,test_id_000779,83,diverse_fill_1,4,1,test_id_000779_t4_c1,little,little_1,0,0.6,0.8,82,315301.44,281094.6875,306075.9375,313197.46875,329512.15625,32,36.151292512336134,LO,313197.46875,0.0,313197.46875,315301.4375,48417.46875
test_id_test_id_000779_30,test_id_000779,83,diverse_fill_1,4,2,test_id_000779_t4_c2,big,big_1,1,1.4,0.98,82,110079.08,119993.0625,135457.34375,139812.21875,150555.296875,32,36.151292512336134,LO,139812.21875,0.0,139812.21875,110079.078125,30562.234375
test_id_test_id_000779_31,test_id_000779,83,diverse_fill_1,4,3,test_id_000779_t4_c3,little,little_0,1,0.9,0.86,82,226351.73,204818.671875,224916.921875,231005.71875,244844.390625,32,36.151292512336134,LO,231005.71875,0.0,231005.71875,226351.734375,40025.71875
test_id_test_id_000779_32,test_id_000779,83,diverse_fill_1,4,4,test_id_000779_t4_c4,big,big_1,2,1.8,1.06,82,87792.67,94084.546875,108756.9375,112788.828125,122927.046875,32,36.151292512336134,LO,112788.828125,0.0,112788.828125,87792.671875,28842.5
test_id_test_id_000779_33,test_id_000779,83,diverse_fill_1,4,5,test_id_000779_t4_c5,little,little_1,2,1.2,0.93,82,194945.62,184127.75,202844.546875,208477.90625,221432.8125,32,36.151292512336134,LO,208477.90625,0.0,208477.90625,194945.625,37305.0625
test_id_test_id_000779_34,test_id_000779,83,diverse_fill_1,4,6,test_id_000779_t4_c6,big,big_1,3,2.2,1.15,82,79610.17,83768.875,98168.0625,102128.0625,112045.546875,32,36.151292512336134,LO,102128.0625,0.0,102128.0625,79610.171875,28276.671875
test_id_test_id_000779_35,test_id_000779,5,diverse_fill_2,5,0,test_id_000779_t5_c0,little,little_1,0,0.6,0.8,4,153191.56,152090.25,169569.375,174806.90625,187083.453125,32,36.151292512336134,LO,174806.90625,0.0,174806.90625,153191.5625,34993.203125
test_id_test_id_000779_36,test_id_000779,5,diverse_fill_2,5,1,test_id_000779_t5_c1,big,big_1,1,1.4,0.98,4,44893.754,53629.796875,66818.125,70676.796875,79900.421875,32,36.151292512336134,LO,70676.796875,0.0,70676.796875,44893.75390625,26270.625
test_id_test_id_000779_37,test_id_000779,5,diverse_fill_2,5,2,test_id_000779_t5_c2,little,little_0,1,0.9,0.86,4,111311.68,115509.984375,130996.875,135447.265625,146373.65625,32,36.151292512336134,LO,135447.265625,0.0,135447.265625,111311.6796875,30863.671875
test_id_test_id_000779_38,test_id_000779,5,diverse_fill_2,5,3,test_id_000779_t5_c3,big,big_1,2,1.8,1.06,4,36307.09,44191.796875,56969.28125,60796.125,69787.03125,32,36.151292512336134,LO,60796.125,0.0,60796.125,36307.08984375,25595.234375
test_id_test_id_000779_39,test_id_000779,5,diverse_fill_2,5,4,test_id_000779_t5_c4,little,little_1,2,1.2,0.93,4,84419.414,86226.8125,100708.984375,104755.515625,114855.703125,32,36.151292512336134,LO,104755.515625,0.0,104755.515625,84419.4140625,28628.890625
test_id_test_id_000779_40,test_id_000779,5,diverse_fill_2,5,5,test_id_000779_t5_c5,big,big_1,3,2.2,1.15,4,31329.717,37832.6875,50407.46875,54242.875,63134.765625,32,36.151292512336134,LO,54242.875,0.0,54242.875,31329.716796875,25302.078125
test_id_test_id_000779_41,test_id_000779,5,diverse_fill_2,5,6,test_id_000779_t5_c6,little,little_0,3,1.5,1.0,4,68376.61,72649.84375,86700.265625,90623.75,100302.984375,32,36.151292512336134,LO,90623.75,0.0,90623.75,68376.609375,27653.140625
test_id_test_id_000814_00,test_id_000814,1,source_like,0,0,test_id_000814_t0_c0,big,big_1,0,1.0,0.9,0,92566.68,98144.703125,112969.78125,117135.5625,127532.203125,32,36.151292512336134,HI,117135.5625,15665.78125,132801.34375,92566.6796875,29387.5
test_id_test_id_000814_01,test_id_000814,1,source_like,0,1,test_id_000814_t0_c1,little,little_1,0,0.6,0.8,0,217905.66,218961.734375,240888.21875,247531.765625,262624.375,32,36.151292512336134,HI,247531.765625,15665.78125,263197.546875,217905.65625,43662.640625
test_id_test_id_000814_02,test_id_000814,1,source_like,0,2,test_id_000814_t0_c2,big,big_0,1,1.4,0.98,0,64396.074,71919.75,85885.734375,89809.546875,99479.84375,32,36.151292512336134,HI,89809.546875,15665.78125,105475.328125,64396.07421875,27560.09375
test_id_test_id_000814_03,test_id_000814,1,source_like,0,3,test_id_000814_t0_c3,little,little_0,1,0.9,0.86,0,145422.64,159501.28125,177108.53125,182367.375,194670.09375,32,36.151292512336134,HI,182367.375,15665.78125,198033.15625,145422.640625,35168.8125
test_id_test_id_000814_04,test_id_000814,1,source_like,0,4,test_id_000814_t0_c4,big,big_0,2,1.8,1.06,0,51920.938,63083.125,76645.234375,80474.921875,89805.65625,32,36.151292512336134,HI,80474.921875,15665.78125,96140.703125,51920.9375,26722.53125
test_id_test_id_000814_05,test_id_000814,1,source_like,0,5,test_id_000814_t0_c5,little,little_1,2,1.2,0.93,0,110467.805,120922.609375,136312.78125,140677.796875,151407.78125,32,36.151292512336134,HI,140677.796875,15665.78125,156343.578125,110467.8046875,30485.171875
test_id_test_id_000814_06,test_id_000814,1,source_like,0,6,test_id_000814_t0_c6,big,big_0,3,2.2,1.15,0,42125.363,49441.0,62340.46875,66106.921875,75073.328125,32,36.151292512336134,HI,66106.921875,15665.78125,81772.703125,42125.36328125,25632.328125
test_id_test_id_000814_07,test_id_000814,6,sink_like,1,0,test_id_000814_t1_c0,little,little_1,0,0.6,0.8,5,293117.38,283702.84375,308802.84375,315946.90625,332290.96875,32,36.151292512336134,HI,315946.90625,15665.78125,331612.6875,293117.375,48588.125
test_id_test_id_000814_08,test_id_000814,6,sink_like,1,1,test_id_000814_t1_c1,big,big_1,1,1.4,0.98,5,101091.54,124670.65625,140288.6875,144704.75,155545.671875,32,36.151292512336134,HI,144704.75,15665.78125,160370.53125,101091.5390625,30875.015625
test_id_test_id_000814_09,test_id_000814,6,sink_like,1,2,test_id_000814_t1_c2,little,little_1,1,0.9,0.86,5,205230.14,202876.375,222841.734375,228898.96875,242665.796875,32,36.151292512336134,HI,228898.96875,15665.78125,244564.75,205230.140625,39789.421875
test_id_test_id_000814_10,test_id_000814,6,sink_like,1,3,test_id_000814_t1_c3,big,big_0,2,1.8,1.06,5,93465.25,106279.5,121327.875,125458.265625,135824.484375,32,36.151292512336134,HI,125458.265625,15665.78125,141124.046875,93465.25,29544.984375
test_id_test_id_000814_11,test_id_000814,6,sink_like,1,4,test_id_000814_t1_c4,little,little_1,2,1.2,0.93,5,155188.72,173862.359375,192048.265625,197532.03125,210200.78125,32,36.151292512336134,HI,197532.03125,15665.78125,213197.8125,155188.71875,36338.421875
test_id_test_id_000814_12,test_id_000814,6,sink_like,1,5,test_id_000814_t1_c5,big,big_0,3,2.2,1.15,5,73257.83,79032.484375,93218.203125,97136.3125,106912.5625,32,36.151292512336134,HI,97136.3125,15665.78125,112802.09375,73257.828125,27880.078125
test_id_test_id_000814_13,test_id_000814,6,sink_like,1,6,test_id_000814_t1_c6,little,little_0,3,1.5,1.0,5,151512.9,157205.25,174297.453125,179310.734375,191145.875,32,36.151292512336134,HI,179310.734375,15665.78125,194976.515625,151512.90625,33940.625
test_id_test_id_000814_14,test_id_000814,213,middle,2,0,test_id_000814_t2_c0,big,big_1,1,1.4,0.98,212,163751.03,161985.21875,179525.921875,184741.359375,196962.890625,32,36.151292512336134,HI,184741.359375,15665.78125,200407.140625,163751.03125,34977.671875
test_id_test_id_000814_15,test_id_000814,213,middle,2,1,test_id_000814_t2_c1,little,little_0,1,0.9,0.86,212,214489.88,221509.328125,242363.65625,248567.359375,262654.125,32,36.151292512336134,HI,248567.359375,15665.78125,264233.140625,214489.875,41144.796875
test_id_test_id_000814_16,test_id_000814,213,middle,2,2,test_id_000814_t2_c2,big,big_1,2,1.8,1.06,212,108731.56,115416.390625,130734.8125,134995.3125,145587.96875,32,36.151292512336134,HI,134995.3125,15665.78125,150661.09375,108731.5625,30171.578125
test_id_test_id_000814_17,test_id_000814,213,middle,2,3,test_id_000814_t2_c3,little,little_1,2,1.2,0.93,212,158825.16,178153.171875,196601.65625,202162.265625,214984.65625,32,36.151292512336134,HI,202162.265625,15665.78125,217828.046875,158825.15625,36831.484375
test_id_test_id_000814_18,test_id_000814,213,middle,2,4,test_id_000814_t2_c4,big,big_0,3,2.2,1.15,212,70360.33,82821.15625,97056.328125,100988.1875,110837.6875,32,36.151292512336134,HI,100988.1875,15665.78125,116653.96875,70360.328125,28016.53125
test_id_test_id_000814_19,test_id_000814,213,middle,2,5,test_id_000814_t2_c5,little,little_1,3,1.5,1.0,212,142978.55,167861.03125,185646.3125,190932.375,203264.59375,32,36.151292512336134,HI,190932.375,15665.78125,206598.15625,142978.546875,35403.5625
test_id_test_id_000814_20,test_id_000814,213,middle,2,6,test_id_000814_t2_c6,big,big_1,0,1.0,0.9,212,144943.66,162629.765625,180372.625,185729.28125,198202.71875,32,36.151292512336134,HI,185729.28125,15665.78125,201395.0625,144943.65625,35572.953125
test_id_test_id_000814_21,test_id_000814,436,high_degree,3,0,test_id_000814_t3_c0,little,little_1,1,0.9,0.86,435,323854.53,286937.25,311765.34375,318864.84375,334821.625,32,36.151292512336134,HI,318864.84375,15665.78125,334530.625,323854.53125,47884.375
test_id_test_id_000814_22,test_id_000814,436,high_degree,3,1,test_id_000814_t3_c1,big,big_1,2,1.8,1.06,435,115059.97,135795.296875,151921.5625,156501.421875,167624.4375,32,36.151292512336134,HI,156501.421875,15665.78125,172167.203125,115059.96875,31829.140625
test_id_test_id_000814_23,test_id_000814,436,high_degree,3,2,test_id_000814_t3_c2,little,little_1,2,1.2,0.93,435,244906.14,234383.484375,255949.609375,262331.84375,276751.1875,32,36.151292512336134,HI,262331.84375,15665.78125,277997.625,244906.140625,42367.703125
test_id_test_id_000814_24,test_id_000814,436,high_degree,3,3,test_id_000814_t3_c3,big,big_1,3,2.2,1.15,435,93658.71,101625.9375,116459.484375,120537.46875,130789.203125,32,36.151292512336134,HI,120537.46875,15665.78125,136203.25,93658.7109375,29163.265625
test_id_test_id_000814_25,test_id_000814,436,high_degree,3,4,test_id_000814_t3_c4,little,little_0,3,1.5,1.0,435,156859.84,177513.140625,195970.875,201522.125,214333.09375,32,36.151292512336134,HI,201522.125,15665.78125,217187.90625,156859.84375,36819.953125
test_id_test_id_000814_26,test_id_000814,436,high_degree,3,5,test_id_000814_t3_c5,big,big_1,0,1.0,0.9,435,190210.38,194647.0,214202.96875,220173.171875,233763.84375,32,36.151292512336134,HI,220173.171875,15665.78125,235838.953125,190210.375,39116.84375
test_id_test_id_000814_27,test_id_000814,436,high_degree,3,6,test_id_000814_t3_c6,little,little_1,0,0.6,0.8,435,385717.38,367400.71875,397665.75,406078.34375,424616.125,32,36.151292512336134,HI,406078.34375,15665.78125,421744.125,385717.375,57215.40625
test_id_test_id_000814_28,test_id_000814,231,communication_heavy,4,0,test_id_000814_t4_c0,big,big_0,2,1.8,1.06,230,217895.34,231322.3125,252950.765625,259438.53125,274054.3125,32,36.151292512336134,HI,259438.53125,15665.78125,275104.3125,217895.34375,42732.0
test_id_test_id_000814_29,test_id_000814,231,communication_heavy,4,1,test_id_000814_t4_c1,little,little_0,2,1.2,0.93,230,401996.53,387211.25,420021.90625,429270.875,449223.3125,32,36.151292512336134,HI,429270.875,15665.78125,444936.65625,401996.53125,62012.0625
test_id_test_id_000814_30,test_id_000814,231,communication_heavy,4,2,test_id_000814_t4_c2,big,big_0,3,2.2,1.15,230,256031.38,239890.6875,261997.828125,268587.84375,283422.28125,32,36.151292512336134,HI,268587.84375,15665.78125,284253.625,256031.375,43531.59375
test_id_test_id_000814_31,test_id_000814,231,communication_heavy,4,3,test_id_000814_t4_c3,little,little_1,3,1.5,1.0,230,360351.44,324581.0,352367.125,360259.8125,377783.15625,32,36.151292512336134,HI,360259.8125,15665.78125,375925.59375,360351.4375,53202.15625
test_id_test_id_000814_32,test_id_000814,231,communication_heavy,4,4,test_id_000814_t4_c4,big,big_0,0,1.0,0.9,230,325769.84,326936.28125,354818.28125,362714.3125,380256.75,32,36.151292512336134,HI,362714.3125,15665.78125,378380.09375,325769.84375,53320.46875
test_id_test_id_000814_33,test_id_000814,231,communication_heavy,4,5,test_id_000814_t4_c5,little,little_1,0,0.6,0.8,230,662975.75,593824.375,642304.75,656680.0,682407.125,32,36.151292512336134,HI,656680.0,15665.78125,672345.78125,662975.75,88582.75
test_id_test_id_000814_34,test_id_000814,231,communication_heavy,4,6,test_id_000814_t4_c6,big,big_0,1,1.4,0.98,230,325389.22,300096.0,326064.40625,333500.78125,350112.40625,32,36.151292512336134,HI,333500.78125,15665.78125,349166.5625,325389.21875,50016.40625
test_id_test_id_000814_35,test_id_000814,423,random,5,0,test_id_000814_t5_c0,little,little_1,2,1.2,0.93,422,217938.39,229735.546875,251091.171875,257447.6875,271808.09375,32,36.151292512336134,HI,257447.6875,15665.78125,273113.46875,217938.390625,42072.546875
test_id_test_id_000814_36,test_id_000814,423,random,5,1,test_id_000814_t5_c1,big,big_1,3,2.2,1.15,422,131784.36,144583.78125,161193.96875,165945.71875,177376.34375,32,36.151292512336134,HI,165945.71875,15665.78125,181611.5,131784.359375,32792.5625
test_id_test_id_000814_37,test_id_000814,423,random,5,2,test_id_000814_t5_c2,little,little_1,3,1.5,1.0,422,205043.48,206618.96875,226678.140625,232715.796875,246439.53125,32,36.151292512336134,HI,232715.796875,15665.78125,248381.578125,205043.484375,39820.5625
test_id_test_id_000814_38,test_id_000814,423,random,5,3,test_id_000814_t5_c3,big,big_1,0,1.0,0.9,422,161011.86,191056.3125,210434.40625,216363.9375,229871.0,32,36.151292512336134,HI,216363.9375,15665.78125,232029.71875,161011.859375,38814.6875
test_id_test_id_000814_39,test_id_000814,423,random,5,4,test_id_000814_t5_c4,little,little_1,0,0.6,0.8,422,469756.4,407688.96875,441143.09375,450496.375,470510.375,32,36.151292512336134,HI,450496.375,15665.78125,466162.15625,469756.40625,62821.40625
test_id_test_id_000814_40,test_id_000814,423,random,5,5,test_id_000814_t5_c5,big,big_1,1,1.4,0.98,422,151493.48,169333.375,187324.359375,192699.4375,205200.125,32,36.151292512336134,HI,192699.4375,15665.78125,208365.21875,151493.484375,35866.75
test_id_test_id_000814_41,test_id_000814,423,random,5,6,test_id_000814_t5_c6,little,little_0,1,0.9,0.86,422,257210.72,244432.9375,266573.40625,273085.15625,287787.0,32,36.151292512336134,HI,273085.15625,15665.78125,288750.9375,257210.71875,43354.0625
test_id_test_id_000832_00,test_id_000832,1,source_like,0,0,test_id_000832_t0_c0,big,big_1,3,2.2,1.15,0,42930.598,50241.609375,63163.046875,66922.171875,75890.109375,32,36.151292512336134,LO,66922.171875,0.0,66922.171875,42930.59765625,25648.5
test_id_test_id_000832_01,test_id_000832,1,source_like,0,1,test_id_000832_t0_c1,little,little_0,3,1.5,1.0,0,93625.74,101589.234375,116392.453125,120478.484375,130727.25,32,36.151292512336134,LO,120478.484375,0.0,120478.484375,93625.7421875,29138.015625
test_id_test_id_000832_02,test_id_000832,1,source_like,0,2,test_id_000832_t0_c2,big,big_0,0,1.0,0.9,0,94171.93,101426.78125,116335.203125,120534.984375,130991.28125,32,36.151292512336134,LO,120534.984375,0.0,120534.984375,94171.9296875,29564.5
test_id_test_id_000832_03,test_id_000832,1,source_like,0,3,test_id_000832_t0_c3,little,little_0,0,0.6,0.8,0,257625.4,254595.96875,278409.15625,285332.875,301212.03125,32,36.151292512336134,LO,285332.875,0.0,285332.875,257625.40625,46616.0625
test_id_test_id_000832_04,test_id_000832,1,source_like,0,4,test_id_000832_t0_c4,big,big_0,1,1.4,0.98,0,75781.375,82234.296875,96605.78125,100567.921875,110462.03125,32,36.151292512336134,LO,100567.921875,0.0,100567.921875,75781.375,28227.734375
test_id_test_id_000832_05,test_id_000832,1,source_like,0,5,test_id_000832_t0_c5,little,little_0,1,0.9,0.86,0,169864.53,172761.96875,191091.59375,196601.234375,209360.578125,32,36.151292512336134,LO,196601.234375,0.0,196601.234375,169864.53125,36598.609375
test_id_test_id_000832_06,test_id_000832,1,source_like,0,6,test_id_000832_t0_c6,big,big_1,2,1.8,1.06,0,58639.62,67735.09375,81515.96875,85363.59375,94809.234375,32,36.151292512336134,LO,85363.59375,0.0,85363.59375,58639.62109375,27074.140625
test_id_test_id_000832_07,test_id_000832,147,sink_like,1,0,test_id_000832_t1_c0,little,little_1,3,1.5,1.0,146,285011.7,274042.53125,298230.40625,305266.8125,321033.96875,32,36.151292512336134,LO,305266.8125,0.0,305266.8125,285011.6875,46991.4375
test_id_test_id_000832_08,test_id_000832,147,sink_like,1,1,test_id_000832_t1_c1,big,big_0,0,1.0,0.9,146,367212.66,327685.125,355684.0,363614.625,381211.125,32,36.151292512336134,LO,363614.625,0.0,363614.625,367212.65625,53526.0
test_id_test_id_000832_09,test_id_000832,147,sink_like,1,2,test_id_000832_t1_c2,little,little_0,0,0.6,0.8,146,583039.0,528464.75,571328.375,583667.125,607249.125,32,36.151292512336134,LO,583667.125,0.0,583667.125,583039.0,78784.375
test_id_test_id_000832_10,test_id_000832,147,sink_like,1,3,test_id_000832_t1_c3,big,big_0,1,1.4,0.98,146,256456.38,247892.84375,270429.6875,277090.0625,292070.9375,32,36.151292512336134,LO,277090.0625,0.0,277090.0625,256456.375,44178.09375
test_id_test_id_000832_11,test_id_000832,147,sink_like,1,4,test_id_000832_t1_c4,little,little_1,1,0.9,0.86,146,426293.28,398412.71875,431761.0,441118.0,461198.375,32,36.151292512336134,LO,441118.0,0.0,441118.0,426293.28125,62785.65625
test_id_test_id_000832_12,test_id_000832,147,sink_like,1,5,test_id_000832_t1_c5,big,big_1,2,1.8,1.06,146,175673.98,196418.65625,216114.5,222096.421875,235732.0625,32,36.151292512336134,LO,222096.421875,0.0,222096.421875,175673.984375,39313.40625
test_id_test_id_000832_13,test_id_000832,147,sink_like,1,6,test_id_000832_t1_c6,little,little_0,2,1.2,0.93,146,374384.12,344396.53125,373674.46875,381944.9375,400179.71875,32,36.151292512336134,LO,381944.9375,0.0,381944.9375,374384.125,55783.1875
test_id_test_id_000832_14,test_id_000832,82,middle,2,0,test_id_000832_t2_c0,big,big_0,0,1.0,0.9,81,176084.1,192567.265625,212006.140625,217941.875,231472.53125,32,36.151292512336134,LO,217941.875,0.0,217941.875,176084.09375,38905.265625
test_id_test_id_000832_15,test_id_000832,82,middle,2,1,test_id_000832_t2_c1,little,little_1,0,0.6,0.8,81,399981.78,373314.125,403999.5,412468.125,431126.75,32,36.151292512336134,LO,412468.125,0.0,412468.125,399981.78125,57812.625
test_id_test_id_000832_16,test_id_000832,82,middle,2,2,test_id_000832_t2_c2,big,big_0,1,1.4,0.98,81,151133.73,164453.703125,182127.984375,187375.015625,199647.8125,32,36.151292512336134,LO,187375.015625,0.0,187375.015625,151133.734375,35194.109375
test_id_test_id_000832_17,test_id_000832,82,middle,2,3,test_id_000832_t2_c3,little,little_0,1,0.9,0.86,81,255908.86,230621.328125,251948.109375,258276.6875,272596.34375,32,36.151292512336134,LO,258276.6875,0.0,258276.6875,255908.859375,41975.015625
test_id_test_id_000832_18,test_id_000832,82,middle,2,4,test_id_000832_t2_c4,big,big_1,2,1.8,1.06,81,123522.266,136727.015625,152896.46875,157491.109375,168640.703125,32,36.151292512336134,LO,157491.109375,0.0,157491.109375,123522.265625,31913.6875
test_id_test_id_000832_19,test_id_000832,82,middle,2,5,test_id_000832_t2_c5,little,little_0,2,1.2,0.93,81,187027.6,200789.5625,220573.296875,226568.5,240199.296875,32,36.151292512336134,LO,226568.5,0.0,226568.5,187027.59375,39409.734375
test_id_test_id_000832_20,test_id_000832,82,middle,2,6,test_id_000832_t2_c6,big,big_1,3,2.2,1.15,81,101549.34,107549.84375,122615.859375,126753.28125,137130.59375,32,36.151292512336134,LO,126753.28125,0.0,126753.28125,101549.34375,29580.75
test_id_test_id_000832_21,test_id_000832,45,high_degree,3,0,test_id_000832_t3_c0,little,little_0,0,0.6,0.8,44,779969.75,607548.0,656912.3125,671537.125,697501.5,32,36.151292512336134,LO,671537.125,0.0,671537.125,779969.75,89953.5
test_id_test_id_000832_22,test_id_000832,45,high_degree,3,1,test_id_000832_t3_c1,big,big_1,1,1.4,0.98,44,264306.0,252221.671875,275088.15625,281844.78125,297033.21875,32,36.151292512336134,LO,281844.78125,0.0,281844.78125,264306.0,44811.546875
test_id_test_id_000832_23,test_id_000832,45,high_degree,3,2,test_id_000832_t3_c2,little,little_0,1,0.9,0.86,44,533490.4,451941.8125,489745.375,500460.0625,522516.5625,32,36.151292512336134,LO,500460.0625,0.0,500460.0625,533490.375,70574.75
test_id_test_id_000832_24,test_id_000832,45,high_degree,3,3,test_id_000832_t3_c3,big,big_1,2,1.8,1.06,44,231435.22,239447.4375,261560.3125,268160.125,283015.46875,32,36.151292512336134,LO,268160.125,0.0,268160.125,231435.21875,43568.03125
test_id_test_id_000832_25,test_id_000832,45,high_degree,3,4,test_id_000832_t3_c4,little,little_1,2,1.2,0.93,44,347046.2,327815.75,355744.375,363649.90625,381202.4375,32,36.151292512336134,LO,363649.90625,0.0,363649.90625,347046.1875,53386.6875
test_id_test_id_000832_26,test_id_000832,45,high_degree,3,5,test_id_000832_t3_c5,big,big_0,3,2.2,1.15,44,192044.5,207032.671875,227377.328125,233559.796875,247598.96875,32,36.151292512336134,LO,233559.796875,0.0,233559.796875,192044.5,40566.296875
test_id_test_id_000832_27,test_id_000832,45,high_degree,3,6,test_id_000832_t3_c6,little,little_1,3,1.5,1.0,44,293424.88,286045.03125,311044.59375,318267.1875,334437.125,32,36.151292512336134,LO,318267.1875,0.0,318267.1875,293424.875,48392.09375
test_id_test_id_000832_28,test_id_000832,96,communication_heavy,4,0,test_id_000832_t4_c0,big,big_1,1,1.4,0.98,95,237305.98,241139.578125,263280.9375,269860.3125,284667.03125,32,36.151292512336134,LO,269860.3125,0.0,269860.3125,237305.984375,43527.453125
test_id_test_id_000832_29,test_id_000832,96,communication_heavy,4,1,test_id_000832_t4_c1,little,little_0,1,0.9,0.86,95,507171.0,448799.125,486632.25,497390.90625,519558.4375,32,36.151292512336134,LO,497390.90625,0.0,497390.90625,507171.0,70759.3125
test_id_test_id_000832_30,test_id_000832,96,communication_heavy,4,2,test_id_000832_t4_c2,big,big_1,2,1.8,1.06,95,232978.95,229904.046875,251407.046875,257850.625,272376.78125,32,36.151292512336134,LO,257850.625,0.0,257850.625,232978.953125,42472.734375
test_id_test_id_000832_31,test_id_000832,96,communication_heavy,4,3,test_id_000832_t4_c3,little,little_0,2,1.2,0.93,95,269616.72,301196.71875,327204.5,334651.25,351281.09375,32,36.151292512336134,LO,334651.25,0.0,334651.25,269616.71875,50084.375
test_id_test_id_000832_32,test_id_000832,96,communication_heavy,4,4,test_id_000832_t4_c4,big,big_0,3,2.2,1.15,95,189493.64,197710.625,217408.625,223370.96875,236971.84375,32,36.151292512336134,LO,223370.96875,0.0,223370.96875,189493.640625,39261.21875
test_id_test_id_000832_33,test_id_000832,96,communication_heavy,4,5,test_id_000832_t4_c5,little,little_0,3,1.5,1.0,95,279076.84,278232.1875,302689.4375,309786.8125,325681.84375,32,36.151292512336134,LO,309786.8125,0.0,309786.8125,279076.84375,47449.65625
test_id_test_id_000832_34,test_id_000832,96,communication_heavy,4,6,test_id_000832_t4_c6,big,big_0,0,1.0,0.9,95,312662.2,314552.4375,341525.1875,349197.40625,366291.21875,32,36.151292512336134,LO,349197.40625,0.0,349197.40625,312662.1875,51738.78125
test_id_test_id_000832_35,test_id_000832,90,random,5,0,test_id_000832_t5_c0,little,little_0,1,0.9,0.86,89,281288.72,247229.75,269519.5,276024.75,290749.5625,32,36.151292512336134,LO,276024.75,0.0,276024.75,281288.71875,43519.8125
test_id_test_id_000832_36,test_id_000832,90,random,5,1,test_id_000832_t5_c1,big,big_1,2,1.8,1.06,89,106312.94,114922.46875,130166.109375,134397.59375,144930.09375,32,36.151292512336134,LO,134397.59375,0.0,134397.59375,106312.9375,30007.625
test_id_test_id_000832_37,test_id_000832,90,random,5,2,test_id_000832_t5_c2,little,little_1,2,1.2,0.93,89,156044.2,181984.421875,200691.25,206356.8125,219366.1875,32,36.151292512336134,LO,206356.8125,0.0,206356.8125,156044.203125,37381.765625
test_id_test_id_000832_38,test_id_000832,90,random,5,3,test_id_000832_t5_c3,big,big_0,3,2.2,1.15,89,94658.77,97277.0625,112013.53125,116050.546875,126216.203125,32,36.151292512336134,LO,116050.546875,0.0,116050.546875,94658.7734375,28939.140625
test_id_test_id_000832_39,test_id_000832,90,random,5,4,test_id_000832_t5_c4,little,little_0,3,1.5,1.0,89,179852.83,181233.03125,199751.46875,205290.15625,218077.578125,32,36.151292512336134,LO,205290.15625,0.0,205290.15625,179852.828125,36844.546875
test_id_test_id_000832_40,test_id_000832,90,random,5,5,test_id_000832_t5_c5,big,big_0,0,1.0,0.9,89,195857.42,186540.1875,205543.46875,211312.9375,224534.890625,32,36.151292512336134,LO,211312.9375,0.0,211312.9375,195857.421875,37994.703125
test_id_test_id_000832_41,test_id_000832,90,random,5,6,test_id_000832_t5_c6,little,little_1,0,0.6,0.8,89,297567.97,295230.90625,320995.40625,328329.0,344964.46875,32,36.151292512336134,LO,328329.0,0.0,328329.0,297567.96875,49733.5625
test_id_test_id_000844_00,test_id_000844,5,source_like,0,0,test_id_000844_t0_c0,little,little_0,3,1.5,1.0,4,105348.69,109440.5625,124417.453125,128570.59375,138943.390625,32,36.151292512336134,HI,128570.59375,15665.78125,144236.375,105348.6875,29502.828125
test_id_test_id_000844_01,test_id_000844,5,source_like,0,1,test_id_000844_t0_c1,big,big_0,0,1.0,0.9,4,102518.71,109003.421875,124111.0,128394.40625,138998.453125,32,36.151292512336134,HI,128394.40625,15665.78125,144060.1875,102518.7109375,29995.03125
test_id_test_id_000844_02,test_id_000844,5,source_like,0,2,test_id_000844_t0_c2,little,little_0,0,0.6,0.8,4,273764.75,267819.6875,292168.09375,299100.125,315081.84375,32,36.151292512336134,HI,299100.125,15665.78125,314765.90625,273764.75,47262.15625
test_id_test_id_000844_03,test_id_000844,5,source_like,0,3,test_id_000844_t0_c3,big,big_0,1,1.4,0.98,4,74425.47,86831.765625,101312.3125,105304.015625,115306.0625,32,36.151292512336134,HI,105304.015625,15665.78125,120969.796875,74425.46875,28474.296875
test_id_test_id_000844_04,test_id_000844,5,source_like,0,4,test_id_000844_t0_c4,little,little_0,1,0.9,0.86,4,164891.11,170764.4375,189003.21875,194513.46875,207250.09375,32,36.151292512336134,HI,194513.46875,15665.78125,210179.25,164891.109375,36485.65625
test_id_test_id_000844_05,test_id_000844,5,source_like,0,5,test_id_000844_t0_c5,big,big_0,2,1.8,1.06,4,58700.266,70991.375,84913.921875,88785.375,98336.765625,32,36.151292512336134,HI,88785.375,15665.78125,104451.15625,58700.265625,27345.390625
test_id_test_id_000844_06,test_id_000844,5,source_like,0,6,test_id_000844_t0_c6,little,little_1,2,1.2,0.93,4,122362.93,134080.296875,150040.28125,154654.65625,165785.734375,32,36.151292512336134,HI,154654.65625,15665.78125,170320.4375,122362.9296875,31705.4375
test_id_test_id_000844_07,test_id_000844,65,sink_like,1,0,test_id_000844_t1_c0,big,big_0,0,1.0,0.9,64,299368.78,281006.375,305591.0625,312678.875,328581.5,32,36.151292512336134,HI,312678.875,15665.78125,328344.65625,299368.78125,47575.125
test_id_test_id_000844_08,test_id_000844,65,sink_like,1,1,test_id_000844_t1_c1,little,little_1,0,0.6,0.8,64,549659.2,507454.375,548616.9375,560372.6875,583321.1875,32,36.151292512336134,HI,560372.6875,15665.78125,576038.46875,549659.1875,75866.8125
test_id_test_id_000844_09,test_id_000844,65,sink_like,1,2,test_id_000844_t1_c2,big,big_0,1,1.4,0.98,64,218342.39,224469.46875,245689.359375,252073.59375,266481.6875,32,36.151292512336134,HI,252073.59375,15665.78125,267739.375,218342.390625,42012.21875
test_id_test_id_000844_10,test_id_000844,65,sink_like,1,3,test_id_000844_t1_c3,little,little_1,1,0.9,0.86,64,438357.34,416790.0625,451858.34375,461761.46875,482695.9375,32,36.151292512336134,HI,461761.46875,15665.78125,477427.25,438357.34375,65905.875
test_id_test_id_000844_11,test_id_000844,65,sink_like,1,4,test_id_000844_t1_c4,big,big_1,2,1.8,1.06,64,151530.23,185427.03125,204446.125,210190.6875,223382.78125,32,36.151292512336134,HI,210190.6875,15665.78125,225856.46875,151530.234375,37955.75
test_id_test_id_000844_12,test_id_000844,65,sink_like,1,5,test_id_000844_t1_c5,little,little_1,2,1.2,0.93,64,320985.9,311878.34375,338652.65625,346281.0625,363274.25,32,36.151292512336134,HI,346281.0625,15665.78125,361946.84375,320985.90625,51395.90625
test_id_test_id_000844_13,test_id_000844,65,sink_like,1,6,test_id_000844_t1_c6,big,big_1,3,2.2,1.15,64,116158.27,146246.734375,162936.9375,167756.109375,179295.1875,32,36.151292512336134,HI,167756.109375,15665.78125,183421.890625,116158.2734375,33048.453125
test_id_test_id_000844_14,test_id_000844,176,middle,2,0,test_id_000844_t2_c0,little,little_0,0,0.6,0.8,175,477154.94,455660.375,492842.25,503325.9375,524847.0,32,36.151292512336134,HI,503325.9375,15665.78125,518991.71875,477154.9375,69186.625
test_id_test_id_000844_15,test_id_000844,176,middle,2,1,test_id_000844_t2_c1,big,big_1,1,1.4,0.98,175,230357.12,229559.140625,250931.46875,257300.609375,271681.96875,32,36.151292512336134,HI,257300.609375,15665.78125,272966.390625,230357.125,42122.828125
test_id_test_id_000844_16,test_id_000844,176,middle,2,2,test_id_000844_t2_c2,little,little_1,1,0.9,0.86,175,309122.8,317355.78125,344408.0,352086.5,369179.3125,32,36.151292512336134,HI,352086.5,15665.78125,367752.28125,309122.8125,51823.53125
test_id_test_id_000844_17,test_id_000844,176,middle,2,3,test_id_000844_t2_c3,big,big_0,2,1.8,1.06,175,142951.8,173729.5625,191958.875,197403.90625,210036.78125,32,36.151292512336134,HI,197403.90625,15665.78125,213069.6875,142951.796875,36307.21875
test_id_test_id_000844_18,test_id_000844,176,middle,2,4,test_id_000844_t2_c4,little,little_0,2,1.2,0.93,175,313348.7,299666.28125,325583.65625,333007.34375,349588.6875,32,36.151292512336134,HI,333007.34375,15665.78125,348673.125,313348.6875,49922.40625
test_id_test_id_000844_19,test_id_000844,176,middle,2,5,test_id_000844_t2_c5,big,big_0,3,2.2,1.15,175,128985.4,144880.125,161438.828125,166198.96875,177626.09375,32,36.151292512336134,HI,166198.96875,15665.78125,181864.75,128985.3984375,32745.96875
test_id_test_id_000844_20,test_id_000844,176,middle,2,6,test_id_000844_t2_c6,little,little_0,3,1.5,1.0,175,231309.33,238293.8125,260197.625,266701.96875,281352.75,32,36.151292512336134,HI,266701.96875,15665.78125,282367.75,231309.328125,43058.9375
test_id_test_id_000844_21,test_id_000844,59,high_degree,3,0,test_id_000844_t3_c0,big,big_1,1,1.4,0.98,58,126803.03,162112.75,179670.359375,184894.109375,197124.1875,32,36.151292512336134,HI,184894.109375,15665.78125,200559.890625,126803.03125,35011.4375
test_id_test_id_000844_22,test_id_000844,59,high_degree,3,1,test_id_000844_t3_c1,little,little_1,1,0.9,0.86,58,218099.39,245550.53125,267739.375,274227.15625,288900.0625,32,36.151292512336134,HI,274227.15625,15665.78125,289892.9375,218099.390625,43349.53125
test_id_test_id_000844_23,test_id_000844,59,high_degree,3,2,test_id_000844_t3_c2,big,big_1,2,1.8,1.06,58,105934.97,127420.859375,143190.71875,147640.46875,158547.34375,32,36.151292512336134,HI,147640.46875,15665.78125,163306.25,105934.96875,31126.484375
test_id_test_id_000844_24,test_id_000844,59,high_degree,3,3,test_id_000844_t3_c3,little,little_1,2,1.2,0.93,58,151109.1,190093.21875,209208.9375,214983.5,228199.625,32,36.151292512336134,HI,214983.5,15665.78125,230649.28125,151109.09375,38106.40625
test_id_test_id_000844_25,test_id_000844,59,high_degree,3,4,test_id_000844_t3_c4,big,big_1,3,2.2,1.15,58,74023.25,97740.171875,112473.046875,116514.53125,126686.734375,32,36.151292512336134,HI,116514.53125,15665.78125,132180.3125,74023.25,28946.5625
test_id_test_id_000844_26,test_id_000844,59,high_degree,3,5,test_id_000844_t3_c5,little,little_0,3,1.5,1.0,58,116861.45,158144.765625,175374.28125,180449.390625,192400.265625,32,36.151292512336134,HI,180449.390625,15665.78125,196115.171875,116861.453125,34255.5
test_id_test_id_000844_27,test_id_000844,59,high_degree,3,6,test_id_000844_t3_c6,big,big_0,0,1.0,0.9,58,125229.55,169649.671875,187770.1875,193268.0,205984.015625,32,36.151292512336134,HI,193268.0,15665.78125,208933.78125,125229.546875,36334.34375
test_id_test_id_000844_28,test_id_000844,197,communication_heavy,4,0,test_id_000844_t4_c0,little,little_1,1,0.9,0.86,196,345805.28,342459.375,371511.96875,379718.15625,397828.84375,32,36.151292512336134,HI,379718.15625,15665.78125,395383.9375,345805.28125,55369.46875
test_id_test_id_000844_29,test_id_000844,197,communication_heavy,4,1,test_id_000844_t4_c1,big,big_1,2,1.8,1.06,196,156368.67,177276.1875,195681.40625,201191.125,213935.625,32,36.151292512336134,HI,201191.125,15665.78125,216856.90625,156368.671875,36659.4375
test_id_test_id_000844_30,test_id_000844,197,communication_heavy,4,2,test_id_000844_t4_c2,little,little_1,2,1.2,0.93,196,235322.5,259812.84375,283012.46875,289797.65625,305045.28125,32,36.151292512336134,HI,289797.65625,15665.78125,305463.4375,235322.5,45232.4375
test_id_test_id_000844_31,test_id_000844,197,communication_heavy,4,3,test_id_000844_t4_c3,big,big_0,3,2.2,1.15,196,144539.22,164327.609375,181987.09375,187195.34375,199409.75,32,36.151292512336134,HI,187195.34375,15665.78125,202861.125,144539.21875,35082.140625
test_id_test_id_000844_32,test_id_000844,197,communication_heavy,4,4,test_id_000844_t4_c4,little,little_0,3,1.5,1.0,196,253866.48,249052.84375,271586.34375,278226.15625,293158.53125,32,36.151292512336134,HI,278226.15625,15665.78125,293891.9375,253866.484375,44105.6875
test_id_test_id_000844_33,test_id_000844,197,communication_heavy,4,5,test_id_000844_t4_c5,big,big_0,0,1.0,0.9,196,303742.38,270646.0625,294487.3125,301393.28125,316915.46875,32,36.151292512336134,HI,301393.28125,15665.78125,317059.0625,303742.375,46269.40625
test_id_test_id_000844_34,test_id_000844,197,communication_heavy,4,6,test_id_000844_t4_c6,little,little_1,0,0.6,0.8,196,396353.38,419693.09375,454140.46875,463798.875,484237.8125,32,36.151292512336134,HI,463798.875,15665.78125,479464.65625,396353.375,64544.71875
test_id_test_id_000844_35,test_id_000844,192,random,5,0,test_id_000844_t5_c0,big,big_0,2,1.8,1.06,191,112846.01,127951.40625,143706.84375,148113.0625,158946.609375,32,36.151292512336134,HI,148113.0625,15665.78125,163778.84375,112846.0078125,30995.203125
test_id_test_id_000844_36,test_id_000844,192,random,5,1,test_id_000844_t5_c1,little,little_0,2,1.2,0.93,191,192012.05,191015.8125,210203.78125,216019.78125,229304.0,32,36.151292512336134,HI,216019.78125,15665.78125,231685.5625,192012.046875,38288.1875
test_id_test_id_000844_37,test_id_000844,192,random,5,2,test_id_000844_t5_c2,big,big_1,3,2.2,1.15,191,85441.53,93268.03125,107926.109375,111938.953125,122041.65625,32,36.151292512336134,HI,111938.953125,15665.78125,127604.734375,85441.53125,28773.625
test_id_test_id_000844_38,test_id_000844,192,random,5,3,test_id_000844_t5_c3,little,little_0,3,1.5,1.0,191,172210.61,172300.53125,190309.71875,195670.609375,208130.71875,32,36.151292512336134,HI,195670.609375,15665.78125,211336.390625,172210.609375,35830.1875
test_id_test_id_000844_39,test_id_000844,192,random,5,4,test_id_000844_t5_c4,big,big_0,0,1.0,0.9,191,163038.47,180369.859375,199026.328125,204691.40625,217710.46875,32,36.151292512336134,HI,204691.40625,15665.78125,220357.1875,163038.46875,37340.609375
test_id_test_id_000844_40,test_id_000844,192,random,5,5,test_id_000844_t5_c5,little,little_1,0,0.6,0.8,191,398947.47,340857.90625,369094.1875,376838.125,394309.5,32,36.151292512336134,HI,376838.125,15665.78125,392503.90625,398947.46875,53451.59375
test_id_test_id_000844_41,test_id_000844,192,random,5,6,test_id_000844_t5_c6,big,big_1,1,1.4,0.98,191,116555.81,134642.78125,150708.125,155304.5,166444.359375,32,36.151292512336134,HI,155304.5,15665.78125,170970.28125,116555.8125,31801.578125
test_id_test_id_000862_00,test_id_000862,11,source_like,0,0,test_id_000862_t0_c0,big,big_0,0,1.0,0.9,10,154678.6,170585.625,188636.125,194087.75,206692.90625,32,36.151292512336134,LO,194087.75,0.0,194087.75,154678.59375,36107.28125
test_id_test_id_000862_01,test_id_000862,11,source_like,0,1,test_id_000862_t0_c1,little,little_0,0,0.6,0.8,10,402394.88,326396.4375,353782.4375,361289.6875,378361.53125,32,36.151292512336134,LO,361289.6875,0.0,361289.6875,402394.875,51965.09375
test_id_test_id_000862_02,test_id_000862,11,source_like,0,2,test_id_000862_t0_c2,big,big_0,1,1.4,0.98,10,114947.59,128524.625,144278.9375,148771.390625,159719.59375,32,36.151292512336134,LO,148771.390625,0.0,148771.390625,114947.59375,31194.96875
test_id_test_id_000862_03,test_id_000862,11,source_like,0,3,test_id_000862_t0_c3,little,little_1,1,0.9,0.86,10,253664.7,214022.53125,234450.421875,240574.484375,254458.859375,32,36.151292512336134,LO,240574.484375,0.0,240574.484375,253664.703125,40436.328125
test_id_test_id_000862_04,test_id_000862,11,source_like,0,4,test_id_000862_t0_c4,big,big_1,2,1.8,1.06,10,83603.19,95588.265625,110266.640625,114325.953125,124515.34375,32,36.151292512336134,LO,114325.953125,0.0,114325.953125,83603.1875,28927.078125
test_id_test_id_000862_05,test_id_000862,11,source_like,0,5,test_id_000862_t0_c5,little,little_0,2,1.2,0.93,10,204597.39,193157.140625,212307.796875,218062.625,231221.6875,32,36.151292512336134,LO,218062.625,0.0,218062.625,204597.390625,38064.546875
test_id_test_id_000862_06,test_id_000862,11,source_like,0,6,test_id_000862_t0_c6,big,big_0,3,2.2,1.15,10,78495.484,92119.296875,106796.578125,110812.375,120919.21875,32,36.151292512336134,LO,110812.375,0.0,110812.375,78495.484375,28799.921875
test_id_test_id_000862_07,test_id_000862,166,sink_like,1,0,test_id_000862_t1_c0,little,little_1,0,0.6,0.8,165,606920.8,568170.0,613961.0,627318.375,651867.125,32,36.151292512336134,LO,627318.375,0.0,627318.375,606920.8125,83697.125
test_id_test_id_000862_08,test_id_000862,166,sink_like,1,1,test_id_000862_t1_c1,big,big_0,1,1.4,0.98,165,242201.89,256682.171875,279819.96875,286635.8125,301948.75,32,36.151292512336134,LO,286635.8125,0.0,286635.8125,242201.890625,45266.578125
test_id_test_id_000862_09,test_id_000862,166,sink_like,1,2,test_id_000862_t1_c2,little,little_1,1,0.9,0.86,165,465268.56,466643.1875,505551.75,516604.53125,539076.75,32,36.151292512336134,LO,516604.53125,0.0,516604.53125,465268.5625,72433.5625
test_id_test_id_000862_10,test_id_000862,166,sink_like,1,3,test_id_000862_t1_c3,big,big_1,2,1.8,1.06,165,208605.11,236776.53125,258777.453125,265369.125,280205.34375,32,36.151292512336134,LO,265369.125,0.0,265369.125,208605.109375,43428.8125
test_id_test_id_000862_11,test_id_000862,166,sink_like,1,4,test_id_000862_t1_c4,little,little_0,2,1.2,0.93,165,428416.75,390324.125,423387.9375,432708.75,452777.875,32,36.151292512336134,LO,432708.75,0.0,432708.75,428416.75,62453.75
test_id_test_id_000862_12,test_id_000862,166,sink_like,1,5,test_id_000862_t1_c5,big,big_0,3,2.2,1.15,165,150004.88,183718.546875,202670.140625,208388.3125,221551.5,32,36.151292512336134,LO,208388.3125,0.0,208388.3125,150004.875,37832.953125
test_id_test_id_000862_13,test_id_000862,166,sink_like,1,6,test_id_000862_t1_c6,little,little_0,3,1.5,1.0,165,323716.9,320147.3125,347594.625,355398.125,372750.4375,32,36.151292512336134,LO,355398.125,0.0,355398.125,323716.90625,52603.125
test_id_test_id_000862_14,test_id_000862,163,middle,2,0,test_id_000862_t2_c0,big,big_0,1,1.4,0.98,162,237579.86,246376.34375,268854.09375,275516.34375,290498.125,32,36.151292512336134,LO,275516.34375,0.0,275516.34375,237579.859375,44121.78125
test_id_test_id_000862_15,test_id_000862,163,middle,2,1,test_id_000862_t2_c1,little,little_1,1,0.9,0.86,162,471372.06,443148.21875,480215.5625,490695.5,512438.71875,32,36.151292512336134,LO,490695.5,0.0,490695.5,471372.0625,69290.5
test_id_test_id_000862_16,test_id_000862,163,middle,2,2,test_id_000862_t2_c2,big,big_1,2,1.8,1.06,162,220602.69,232616.171875,254301.5625,260796.921875,275430.53125,32,36.151292512336134,LO,260796.921875,0.0,260796.921875,220602.6875,42814.359375
test_id_test_id_000862_17,test_id_000862,163,middle,2,3,test_id_000862_t2_c3,little,little_1,2,1.2,0.93,162,349782.3,349274.8125,378908.59375,387266.34375,405665.75,32,36.151292512336134,LO,387266.34375,0.0,387266.34375,349782.3125,56390.9375
test_id_test_id_000862_18,test_id_000862,163,middle,2,4,test_id_000862_t2_c4,big,big_1,3,2.2,1.15,162,186038.48,218825.96875,239746.90625,246066.90625,260357.125,32,36.151292512336134,LO,246066.90625,0.0,246066.90625,186038.484375,41531.15625
test_id_test_id_000862_19,test_id_000862,163,middle,2,5,test_id_000862_t2_c5,little,little_1,3,1.5,1.0,162,255836.08,268673.90625,292532.84375,299503.5625,315134.25,32,36.151292512336134,LO,299503.5625,0.0,299503.5625,255836.078125,46460.34375
test_id_test_id_000862_20,test_id_000862,163,middle,2,6,test_id_000862_t2_c6,big,big_1,0,1.0,0.9,162,304908.8,309995.125,336612.03125,344185.5625,361083.0625,32,36.151292512336134,LO,344185.5625,0.0,344185.5625,304908.8125,51087.9375
test_id_test_id_000862_21,test_id_000862,61,random,3,0,test_id_000862_t3_c0,little,little_1,1,0.9,0.86,60,129698.625,161004.3125,178869.8125,184286.90625,196874.75,32,36.151292512336134,LO,184286.90625,0.0,184286.90625,129698.625,35870.4375
test_id_test_id_000862_22,test_id_000862,61,random,3,1,test_id_000862_t3_c1,big,big_0,2,1.8,1.06,60,54155.95,63679.03125,77278.25,81169.8125,90648.421875,32,36.151292512336134,LO,81169.8125,0.0,81169.8125,54155.94921875,26969.390625
test_id_test_id_000862_23,test_id_000862,61,random,3,2,test_id_000862_t3_c2,little,little_0,2,1.2,0.93,60,108811.69,128408.359375,144211.484375,148775.03125,159848.5,32,36.151292512336134,LO,148775.03125,0.0,148775.03125,108811.6875,31440.140625
test_id_test_id_000862_24,test_id_000862,61,random,3,3,test_id_000862_t3_c3,big,big_0,3,2.2,1.15,60,38644.457,50668.96875,63685.390625,67495.875,76577.015625,32,36.151292512336134,LO,67495.875,0.0,67495.875,38644.45703125,25908.046875
test_id_test_id_000862_25,test_id_000862,61,random,3,4,test_id_000862_t3_c4,little,little_0,3,1.5,1.0,60,82840.51,99545.3125,114322.859375,118438.46875,128737.125,32,36.151292512336134,LO,118438.46875,0.0,118438.46875,82840.5078125,29191.8125
test_id_test_id_000862_26,test_id_000862,61,random,3,5,test_id_000862_t3_c5,big,big_0,0,1.0,0.9,60,101786.95,116131.09375,131695.171875,136201.15625,147238.5,32,36.151292512336134,LO,136201.15625,0.0,136201.15625,101786.953125,31107.40625
test_id_test_id_000862_27,test_id_000862,61,random,3,6,test_id_000862_t3_c6,little,little_0,0,0.6,0.8,60,214734.61,250447.21875,274298.0,281316.34375,297404.84375,32,36.151292512336134,LO,281316.34375,0.0,281316.34375,214734.609375,46957.625
test_id_test_id_000862_28,test_id_000862,14,diverse_fill_1,4,0,test_id_000862_t4_c0,big,big_0,2,1.8,1.06,13,44065.77,54811.625,68006.015625,71823.1875,80982.796875,32,36.151292512336134,LO,71823.1875,0.0,71823.1875,44065.76953125,26171.171875
test_id_test_id_000862_29,test_id_000862,14,diverse_fill_1,4,1,test_id_000862_t4_c1,little,little_1,2,1.2,0.93,13,102620.1,103901.71875,118798.03125,122968.375,133379.09375,32,36.151292512336134,LO,122968.375,0.0,122968.375,102620.1015625,29477.375
test_id_test_id_000862_30,test_id_000862,14,diverse_fill_1,4,2,test_id_000862_t4_c2,big,big_0,3,2.2,1.15,13,35884.17,43585.703125,56305.21875,60094.875,68997.515625,32,36.151292512336134,LO,60094.875,0.0,60094.875,35884.171875,25411.8125
test_id_test_id_000862_31,test_id_000862,14,diverse_fill_1,4,3,test_id_000862_t4_c3,little,little_0,3,1.5,1.0,13,78976.46,83542.25,97933.84375,101903.953125,111828.609375,32,36.151292512336134,LO,101903.953125,0.0,101903.953125,78976.4609375,28286.359375
test_id_test_id_000862_32,test_id_000862,14,diverse_fill_1,4,4,test_id_000862_t4_c4,big,big_1,0,1.0,0.9,13,75911.95,85603.671875,100174.75,104266.34375,114455.46875,32,36.151292512336134,LO,104266.34375,0.0,104266.34375,75911.953125,28851.796875
test_id_test_id_000862_33,test_id_000862,14,diverse_fill_1,4,5,test_id_000862_t4_c5,little,little_0,0,0.6,0.8,13,185903.14,184944.078125,204677.734375,210712.5,224515.75,32,36.151292512336134,LO,210712.5,0.0,210712.5,185903.140625,39571.671875
test_id_test_id_000862_34,test_id_000862,14,diverse_fill_1,4,6,test_id_000862_t4_c6,big,big_1,1,1.4,0.98,13,54977.863,64931.984375,78627.265625,82522.546875,92019.125,32,36.151292512336134,LO,82522.546875,0.0,82522.546875,54977.86328125,27087.140625
test_id_test_id_000862_35,test_id_000862,105,diverse_fill_2,5,0,test_id_000862_t5_c0,little,little_0,2,1.2,0.93,104,149902.39,144708.640625,161281.53125,166154.125,177743.90625,32,36.151292512336134,LO,166154.125,0.0,166154.125,149902.390625,33035.265625
test_id_test_id_000862_36,test_id_000862,105,diverse_fill_2,5,1,test_id_000862_t5_c1,big,big_0,3,2.2,1.15,104,54080.15,58651.375,71985.671875,75807.046875,85058.515625,32,36.151292512336134,LO,75807.046875,0.0,75807.046875,54080.1484375,26407.140625
test_id_test_id_000862_37,test_id_000862,105,diverse_fill_2,5,2,test_id_000862_t5_c2,little,little_1,3,1.5,1.0,104,114547.15,115999.21875,131212.34375,135474.703125,146037.3125,32,36.151292512336134,LO,135474.703125,0.0,135474.703125,114547.1484375,30038.09375
test_id_test_id_000862_38,test_id_000862,105,diverse_fill_2,5,3,test_id_000862_t5_c3,big,big_1,0,1.0,0.9,104,115916.61,118746.390625,134346.640625,138864.125,149895.515625,32,36.151292512336134,LO,138864.125,0.0,138864.125,115916.609375,31149.125
test_id_test_id_000862_39,test_id_000862,105,diverse_fill_2,5,4,test_id_000862_t5_c4,little,little_0,0,0.6,0.8,104,284895.22,266100.65625,290528.6875,297547.40625,313706.59375,32,36.151292512336134,LO,297547.40625,0.0,297547.40625,284895.21875,47605.9375
test_id_test_id_000862_40,test_id_000862,105,diverse_fill_2,5,5,test_id_000862_t5_c5,big,big_0,1,1.4,0.98,104,81437.4,86371.765625,100851.375,104909.125,115026.75,32,36.151292512336134,LO,104909.125,0.0,104909.125,81437.3984375,28654.984375
test_id_test_id_000862_41,test_id_000862,105,diverse_fill_2,5,6,test_id_000862_t5_c6,little,little_1,1,0.9,0.86,104,189544.73,185337.21875,204518.21875,210359.53125,223736.09375,32,36.151292512336134,LO,210359.53125,0.0,210359.53125,189544.734375,38398.875
test_id_test_id_000871_00,test_id_000871,51,source_like,0,0,test_id_000871_t0_c0,big,big_1,1,1.4,0.98,50,50573.105,57912.328125,71340.796875,75208.3125,84514.015625,32,36.151292512336134,HI,75208.3125,15665.78125,90874.09375,50573.10546875,26601.6875
test_id_test_id_000871_01,test_id_000871,51,source_like,0,1,test_id_000871_t0_c1,little,little_1,1,0.9,0.86,50,98897.586,107320.453125,122384.28125,126667.3125,137264.90625,32,36.151292512336134,HI,126667.3125,15665.78125,142333.09375,98897.5859375,29944.453125
test_id_test_id_000871_02,test_id_000871,51,source_like,0,2,test_id_000871_t0_c2,big,big_0,2,1.8,1.06,50,39719.785,48702.0625,61661.796875,65487.8125,74553.609375,32,36.151292512336134,HI,65487.8125,15665.78125,81153.59375,39719.78515625,25851.546875
test_id_test_id_000871_03,test_id_000871,51,source_like,0,3,test_id_000871_t0_c3,little,little_1,2,1.2,0.93,50,82598.96,82947.875,97334.75,101355.703125,111371.375,32,36.151292512336134,HI,101355.703125,15665.78125,117021.484375,82598.9609375,28423.5
test_id_test_id_000871_04,test_id_000871,51,source_like,0,4,test_id_000871_t0_c4,big,big_0,3,2.2,1.15,50,29161.74,34947.0,47419.65625,51246.9375,60069.109375,32,36.151292512336134,HI,51246.9375,15665.78125,66912.71875,29161.740234375,25122.109375
test_id_test_id_000871_05,test_id_000871,51,source_like,0,5,test_id_000871_t0_c5,little,little_1,3,1.5,1.0,50,60907.83,69443.859375,83339.328125,87240.8125,96824.25,32,36.151292512336134,HI,87240.8125,15665.78125,102906.59375,60907.828125,27380.390625
test_id_test_id_000871_06,test_id_000871,51,source_like,0,6,test_id_000871_t0_c6,big,big_1,0,1.0,0.9,50,63475.0,65993.65625,79820.203125,83779.671875,93422.234375,32,36.151292512336134,HI,83779.671875,15665.78125,99445.453125,63475.0,27428.578125
test_id_test_id_000871_07,test_id_000871,397,sink_like,1,0,test_id_000871_t1_c0,little,little_0,1,0.9,0.86,396,758223.06,601475.5,651857.75,666850.375,693844.875,32,36.151292512336134,HI,666850.375,15665.78125,682516.15625,758223.0625,92369.375
test_id_test_id_000871_08,test_id_000871,397,sink_like,1,1,test_id_000871_t1_c1,big,big_1,2,1.8,1.06,396,422395.8,427582.09375,464143.125,474527.09375,496295.3125,32,36.151292512336134,HI,474527.09375,15665.78125,490192.875,422395.8125,68713.21875
test_id_test_id_000871_09,test_id_000871,397,sink_like,1,2,test_id_000871_t1_c2,little,little_0,2,1.2,0.93,396,623851.44,518852.4375,562930.6875,575769.6875,600607.75,32,36.151292512336134,HI,575769.6875,15665.78125,591435.46875,623851.4375,81755.3125
test_id_test_id_000871_10,test_id_000871,397,sink_like,1,3,test_id_000871_t1_c3,big,big_0,3,2.2,1.15,396,425491.03,390051.84375,423513.9375,432979.9375,453349.4375,32,36.151292512336134,HI,432979.9375,15665.78125,448645.71875,425491.03125,63297.59375
test_id_test_id_000871_11,test_id_000871,397,sink_like,1,4,test_id_000871_t1_c4,little,little_0,3,1.5,1.0,396,583165.9,501637.6875,544813.6875,557387.5625,582092.875,32,36.151292512336134,HI,557387.5625,15665.78125,573053.34375,583165.875,80455.1875
test_id_test_id_000871_12,test_id_000871,397,sink_like,1,5,test_id_000871_t1_c5,big,big_1,0,1.0,0.9,396,532460.8,514852.25,558208.0,570783.6875,595173.4375,32,36.151292512336134,HI,570783.6875,15665.78125,586449.46875,532460.8125,80321.1875
test_id_test_id_000871_13,test_id_000871,397,sink_like,1,6,test_id_000871_t1_c6,little,little_1,0,0.6,0.8,396,1161736.0,829708.6875,902928.0625,924083.5,963881.9375,32,36.151292512336134,HI,924083.5,15665.78125,939749.28125,1161736.0,134173.25
test_id_test_id_000871_14,test_id_000871,246,middle,2,0,test_id_000871_t2_c0,big,big_1,2,1.8,1.06,245,491238.75,437712.5625,475266.78125,485975.875,508231.0,32,36.151292512336134,HI,485975.875,15665.78125,501641.65625,491238.75,70518.4375
test_id_test_id_000871_15,test_id_000871,246,middle,2,1,test_id_000871_t2_c1,little,little_1,2,1.2,0.93,245,652595.2,551816.8125,598955.0,612863.75,639018.375,32,36.151292512336134,HI,612863.75,15665.78125,628529.53125,652595.1875,87201.5625
test_id_test_id_000871_16,test_id_000871,246,middle,2,2,test_id_000871_t2_c2,big,big_0,3,2.2,1.15,245,411744.66,385820.75,418952.6875,428323.25,448540.75,32,36.151292512336134,HI,428323.25,15665.78125,443989.03125,411744.65625,62720.0
test_id_test_id_000871_17,test_id_000871,246,middle,2,3,test_id_000871_t2_c3,little,little_1,3,1.5,1.0,245,571839.94,490894.4375,533001.375,545199.5625,569406.5625,32,36.151292512336134,HI,545199.5625,15665.78125,560865.34375,571839.9375,78512.125
test_id_test_id_000871_18,test_id_000871,246,middle,2,4,test_id_000871_t2_c4,big,big_1,0,1.0,0.9,245,640299.56,586892.125,636720.625,651574.875,678627.5,32,36.151292512336134,HI,651574.875,15665.78125,667240.65625,640299.5625,91735.375
test_id_test_id_000871_19,test_id_000871,246,middle,2,5,test_id_000871_t2_c5,little,little_1,0,0.6,0.8,245,970633.56,782088.125,849071.8125,868991.75,904257.75,32,36.151292512336134,HI,868991.75,15665.78125,884657.53125,970633.5625,122169.625
test_id_test_id_000871_20,test_id_000871,246,middle,2,6,test_id_000871_t2_c6,big,big_1,1,1.4,0.98,245,417406.56,431855.75,468470.8125,478835.375,500522.0,32,36.151292512336134,HI,478835.375,15665.78125,494501.15625,417406.5625,68666.25
test_id_test_id_000871_21,test_id_000871,198,communication_heavy,3,0,test_id_000871_t3_c0,little,little_1,2,1.2,0.93,197,791145.4,657708.5625,715425.125,732930.75,764062.375,32,36.151292512336134,HI,732930.75,15665.78125,748596.53125,791145.375,106353.8125
test_id_test_id_000871_22,test_id_000871,198,communication_heavy,3,1,test_id_000871_t3_c1,big,big_1,3,2.2,1.15,197,338879.44,412964.4375,448696.5,458862.8125,480375.34375,32,36.151292512336134,HI,458862.8125,15665.78125,474528.59375,338879.4375,67410.90625
test_id_test_id_000871_23,test_id_000871,198,communication_heavy,3,2,test_id_000871_t3_c2,little,little_1,3,1.5,1.0,197,737484.0,613203.625,667494.9375,683962.75,713803.125,32,36.151292512336134,HI,683962.75,15665.78125,699628.53125,737484.0,100599.5
test_id_test_id_000871_24,test_id_000871,198,communication_heavy,3,3,test_id_000871_t3_c3,big,big_0,0,1.0,0.9,197,680730.75,624083.125,677176.375,693165.5,721582.3125,32,36.151292512336134,HI,693165.5,15665.78125,708831.28125,680730.75,97499.1875
test_id_test_id_000871_25,test_id_000871,198,communication_heavy,3,4,test_id_000871_t3_c4,little,little_0,0,0.6,0.8,197,1459919.4,1012390.0,1113356.125,1138271.75,1207996.5,32,36.151292512336134,HI,1138271.75,15665.78125,1153937.53125,1459919.375,195606.5
test_id_test_id_000871_26,test_id_000871,198,communication_heavy,3,5,test_id_000871_t3_c5,big,big_0,1,1.4,0.98,197,543077.6,532009.375,577685.25,591111.125,616767.0,32,36.151292512336134,HI,591111.125,15665.78125,606776.90625,543077.625,84757.625
test_id_test_id_000871_27,test_id_000871,198,communication_heavy,3,6,test_id_000871_t3_c6,little,little_0,1,0.9,0.86,197,1116090.4,853779.875,933595.8125,955793.875,1001007.1875,32,36.151292512336134,HI,955793.875,15665.78125,971459.65625,1116090.375,147227.3125
test_id_test_id_000871_28,test_id_000871,355,random,4,0,test_id_000871_t4_c0,big,big_0,3,2.2,1.15,354,356752.72,335420.25,364150.46875,372282.0,390294.59375,32,36.151292512336134,HI,372282.0,15665.78125,387947.78125,356752.71875,54874.34375
test_id_test_id_000871_29,test_id_000871,355,random,4,1,test_id_000871_t4_c1,little,little_0,3,1.5,1.0,354,552902.44,459468.6875,498679.34375,509903.40625,532811.1875,32,36.151292512336134,HI,509903.40625,15665.78125,525569.1875,552902.4375,73342.5
test_id_test_id_000871_30,test_id_000871,355,random,4,2,test_id_000871_t4_c2,big,big_1,0,1.0,0.9,354,680669.4,572252.0,620779.875,635175.875,661689.375,32,36.151292512336134,HI,635175.875,15665.78125,650841.65625,680669.375,89437.375
test_id_test_id_000871_31,test_id_000871,355,random,4,3,test_id_000871_t4_c3,little,little_0,0,0.6,0.8,354,1029973.75,778544.75,845084.25,864985.4375,899920.5625,32,36.151292512336134,HI,864985.4375,15665.78125,880651.21875,1029973.75,121375.8125
test_id_test_id_000871_32,test_id_000871,355,random,4,4,test_id_000871_t4_c4,big,big_0,1,1.4,0.98,354,441019.03,415872.8125,451104.3125,461044.375,482101.0,32,36.151292512336134,HI,461044.375,15665.78125,476710.15625,441019.03125,66228.1875
test_id_test_id_000871_33,test_id_000871,355,random,4,5,test_id_000871_t4_c5,little,little_1,1,0.9,0.86,354,1078223.0,780605.5,851251.625,872088.125,910477.75,32,36.151292512336134,HI,872088.125,15665.78125,887753.90625,1078223.0,129872.25
test_id_test_id_000871_34,test_id_000871,355,random,4,6,test_id_000871_t4_c6,big,big_0,2,1.8,1.06,354,383299.3,372942.09375,404664.4375,413589.6875,433033.9375,32,36.151292512336134,HI,413589.6875,15665.78125,429255.46875,383299.3125,60091.84375
test_id_test_id_000871_35,test_id_000871,203,diverse_fill_1,5,0,test_id_000871_t5_c0,little,little_0,3,1.5,1.0,202,449733.16,480432.8125,521517.84375,533361.0625,557095.125,32,36.151292512336134,HI,533361.0625,15665.78125,549026.84375,449733.15625,76662.3125
test_id_test_id_000871_36,test_id_000871,203,diverse_fill_1,5,1,test_id_000871_t5_c1,big,big_0,0,1.0,0.9,202,509983.25,549253.25,595527.0625,609115.9375,634647.75,32,36.151292512336134,HI,609115.9375,15665.78125,624781.71875,509983.25,85394.5
test_id_test_id_000871_37,test_id_000871,203,diverse_fill_1,5,2,test_id_000871_t5_c2,little,little_1,0,0.6,0.8,202,1179597.6,967805.75,1062017.125,1085816.0,1146421.5,32,36.151292512336134,HI,1085816.0,15665.78125,1101481.78125,1179597.625,178615.75
test_id_test_id_000871_38,test_id_000871,203,diverse_fill_1,5,3,test_id_000871_t5_c3,big,big_1,1,1.4,0.98,202,448802.38,474872.78125,515323.9375,526939.6875,550343.5,32,36.151292512336134,HI,526939.6875,15665.78125,542605.46875,448802.375,75470.71875
test_id_test_id_000871_39,test_id_000871,203,diverse_fill_1,5,4,test_id_000871_t5_c4,little,little_1,1,0.9,0.86,202,770740.06,714017.875,776047.625,794724.8125,827604.8125,32,36.151292512336134,HI,794724.8125,15665.78125,810390.59375,770740.0625,113586.9375
test_id_test_id_000871_40,test_id_000871,203,diverse_fill_1,5,5,test_id_000871_t5_c5,big,big_1,2,1.8,1.06,202,428697.9,444694.78125,482878.78125,493789.875,516332.375,32,36.151292512336134,HI,493789.875,15665.78125,509455.65625,428697.90625,71637.59375
test_id_test_id_000871_41,test_id_000871,203,diverse_fill_1,5,6,test_id_000871_t5_c6,little,little_1,2,1.2,0.93,202,652293.3,617104.5,670914.9375,687151.375,716437.875,32,36.151292512336134,HI,687151.375,15665.78125,702817.15625,652293.3125,99333.375
test_id_test_id_000898_00,test_id_000898,45,source_like,0,0,test_id_000898_t0_c0,big,big_0,3,2.2,1.15,44,59036.05,68013.53125,81791.234375,85643.0,95115.90625,32,36.151292512336134,LO,85643.0,0.0,85643.0,59036.05078125,27102.375
test_id_test_id_000898_01,test_id_000898,45,source_like,0,1,test_id_000898_t0_c1,little,little_0,3,1.5,1.0,44,143215.7,148052.828125,164522.34375,169284.34375,180660.640625,32,36.151292512336134,LO,169284.34375,0.0,169284.34375,143215.703125,32607.8125
test_id_test_id_000898_02,test_id_000898,45,source_like,0,2,test_id_000898_t0_c2,big,big_0,0,1.0,0.9,44,125463.92,139754.9375,156073.0,160861.40625,172287.625,32,36.151292512336134,LO,160861.40625,0.0,160861.40625,125463.921875,32532.6875
test_id_test_id_000898_03,test_id_000898,45,source_like,0,3,test_id_000898_t0_c3,little,little_1,0,0.6,0.8,44,325082.06,298627.625,324506.3125,331710.4375,348217.71875,32,36.151292512336134,LO,331710.4375,0.0,331710.4375,325082.0625,49590.09375
test_id_test_id_000898_04,test_id_000898,45,source_like,0,4,test_id_000898_t0_c4,big,big_0,1,1.4,0.98,44,92512.336,110498.296875,125506.796875,129656.703125,140027.515625,32,36.151292512336134,LO,129656.703125,0.0,129656.703125,92512.3359375,29529.21875
test_id_test_id_000898_05,test_id_000898,45,source_like,0,5,test_id_000898_t0_c5,little,little_0,1,0.9,0.86,44,218383.23,198637.109375,218212.65625,224108.765625,237545.703125,32,36.151292512336134,LO,224108.765625,0.0,224108.765625,218383.234375,38908.59375
test_id_test_id_000898_06,test_id_000898,45,source_like,0,6,test_id_000898_t0_c6,big,big_1,2,1.8,1.06,44,72625.11,85547.28125,100008.453125,103960.375,113876.15625,32,36.151292512336134,LO,103960.375,0.0,103960.375,72625.109375,28328.875
test_id_test_id_000898_07,test_id_000898,322,sink_like,1,0,test_id_000898_t1_c0,little,little_1,3,1.5,1.0,321,537213.9,525478.5,570723.1875,583999.5,609551.3125,32,36.151292512336134,LO,583999.5,0.0,583999.5,537213.875,84072.8125
test_id_test_id_000898_08,test_id_000898,322,sink_like,1,1,test_id_000898_t1_c1,big,big_0,0,1.0,0.9,321,804966.7,687949.125,747901.75,766120.9375,798042.875,32,36.151292512336134,LO,766120.9375,0.0,766120.9375,804966.6875,110093.75
test_id_test_id_000898_09,test_id_000898,322,sink_like,1,2,test_id_000898_t1_c2,little,little_0,0,0.6,0.8,321,1503117.9,1070328.125,1179703.25,1207141.5,1291442.25,32,36.151292512336134,LO,1207141.5,0.0,1207141.5,1503117.875,221114.125
test_id_test_id_000898_10,test_id_000898,322,sink_like,1,3,test_id_000898_t1_c3,big,big_0,1,1.4,0.98,321,623870.7,575859.875,625595.3125,640448.3125,667844.625,32,36.151292512336134,LO,640448.3125,0.0,640448.3125,623870.6875,91984.75
test_id_test_id_000898_11,test_id_000898,322,sink_like,1,4,test_id_000898_t1_c4,little,little_1,1,0.9,0.86,321,971310.06,812779.9375,886703.75,908017.625,948626.0625,32,36.151292512336134,LO,908017.625,0.0,908017.625,971310.0625,135846.125
test_id_test_id_000898_12,test_id_000898,322,sink_like,1,5,test_id_000898_t1_c5,big,big_0,2,1.8,1.06,321,438613.47,451876.3125,490671.5625,501774.125,524576.5625,32,36.151292512336134,LO,501774.125,0.0,501774.125,438613.46875,72700.25
test_id_test_id_000898_13,test_id_000898,322,sink_like,1,6,test_id_000898_t1_c6,little,little_0,2,1.2,0.93,321,588921.75,560655.8125,608365.1875,622459.875,648763.125,32,36.151292512336134,LO,622459.875,0.0,622459.875,588921.75,88107.3125
test_id_test_id_000898_14,test_id_000898,216,middle,2,0,test_id_000898_t2_c0,big,big_1,0,1.0,0.9,215,355050.4,347470.875,376961.84375,385275.40625,403598.125,32,36.151292512336134,LO,385275.40625,0.0,385275.40625,355050.40625,56127.25
test_id_test_id_000898_15,test_id_000898,216,middle,2,1,test_id_000898_t2_c1,little,little_0,0,0.6,0.8,215,716890.0,605881.9375,655225.5,669892.625,695884.5,32,36.151292512336134,LO,669892.625,0.0,669892.625,716890.0,90002.5625
test_id_test_id_000898_16,test_id_000898,216,middle,2,2,test_id_000898_t2_c2,big,big_1,1,1.4,0.98,215,214806.78,241294.203125,263479.53125,270083.1875,284936.75,32,36.151292512336134,LO,270083.1875,0.0,270083.1875,214806.78125,43642.546875
test_id_test_id_000898_17,test_id_000898,216,middle,2,3,test_id_000898_t2_c3,little,little_1,1,0.9,0.86,215,459037.94,441912.5,478796.75,489211.125,510845.9375,32,36.151292512336134,LO,489211.125,0.0,489211.125,459037.9375,68933.4375
test_id_test_id_000898_18,test_id_000898,216,middle,2,4,test_id_000898_t2_c4,big,big_1,2,1.8,1.06,215,219510.11,232124.234375,253783.171875,260274.171875,274896.9375,32,36.151292512336134,LO,260274.171875,0.0,260274.171875,219510.109375,42772.703125
test_id_test_id_000898_19,test_id_000898,216,middle,2,5,test_id_000898_t2_c5,little,little_1,2,1.2,0.93,215,423700.44,388097.875,420982.375,430252.6875,450240.0625,32,36.151292512336134,LO,430252.6875,0.0,430252.6875,423700.4375,62142.1875
test_id_test_id_000898_20,test_id_000898,216,middle,2,6,test_id_000898_t2_c6,big,big_0,3,2.2,1.15,215,179276.97,205602.296875,225776.890625,231891.765625,245784.71875,32,36.151292512336134,LO,231891.765625,0.0,231891.765625,179276.96875,40182.421875
test_id_test_id_000898_21,test_id_000898,55,high_degree,3,0,test_id_000898_t3_c0,little,little_1,0,0.6,0.8,54,845965.9,710861.0,769815.875,787678.625,818073.1875,32,36.151292512336134,LO,787678.625,0.0,787678.625,845965.875,107212.1875
test_id_test_id_000898_22,test_id_000898,55,high_degree,3,1,test_id_000898_t3_c1,big,big_0,1,1.4,0.98,54,529124.5,477016.5625,517702.03125,529405.5,552926.5625,32,36.151292512336134,LO,529405.5,0.0,529405.5,529124.5,75910.0
test_id_test_id_000898_23,test_id_000898,55,high_degree,3,2,test_id_000898_t3_c2,little,little_0,1,0.9,0.86,54,860609.4,666471.0,723439.125,740636.0,770779.625,32,36.151292512336134,LO,740636.0,0.0,740636.0,860609.375,104308.625
test_id_test_id_000898_24,test_id_000898,55,high_degree,3,3,test_id_000898_t3_c3,big,big_1,2,1.8,1.06,54,406561.16,381937.5625,414435.09375,423583.75,443407.78125,32,36.151292512336134,LO,423583.75,0.0,423583.75,406561.15625,61470.21875
test_id_test_id_000898_25,test_id_000898,55,high_degree,3,4,test_id_000898_t3_c4,little,little_1,2,1.2,0.93,54,815730.0,625151.25,679801.375,696329.375,726012.3125,32,36.151292512336134,LO,696329.375,0.0,696329.375,815730.0,100861.0625
test_id_test_id_000898_26,test_id_000898,55,high_degree,3,5,test_id_000898_t3_c5,big,big_1,3,2.2,1.15,54,309711.47,323746.9375,351535.28125,359422.15625,376964.71875,32,36.151292512336134,LO,359422.15625,0.0,359422.15625,309711.46875,53217.78125
test_id_test_id_000898_27,test_id_000898,55,high_degree,3,6,test_id_000898_t3_c6,little,little_1,3,1.5,1.0,54,490061.88,444397.3125,482227.3125,492999.9375,515275.0,32,36.151292512336134,LO,492999.9375,0.0,492999.9375,490061.875,70877.6875
test_id_test_id_000898_28,test_id_000898,327,communication_heavy,4,0,test_id_000898_t4_c0,big,big_0,1,1.4,0.98,326,646902.56,570010.75,619158.375,633813.25,660926.6875,32,36.151292512336134,LO,633813.25,0.0,633813.25,646902.5625,90915.9375
test_id_test_id_000898_29,test_id_000898,327,communication_heavy,4,1,test_id_000898_t4_c1,little,little_0,1,0.9,0.86,326,1271604.9,1007893.6875,1112156.25,1137401.0,1208665.0,32,36.151292512336134,LO,1137401.0,0.0,1137401.0,1271604.875,200771.3125
test_id_test_id_000898_30,test_id_000898,327,communication_heavy,4,2,test_id_000898_t4_c2,big,big_1,2,1.8,1.06,326,463082.25,457430.1875,496726.5,507988.8125,531017.4375,32,36.151292512336134,LO,507988.8125,0.0,507988.8125,463082.25,73587.25
test_id_test_id_000898_31,test_id_000898,327,communication_heavy,4,3,test_id_000898_t4_c3,little,little_1,2,1.2,0.93,326,930056.7,723829.8125,789073.625,808773.25,844090.0,32,36.151292512336134,LO,808773.25,0.0,808773.25,930056.6875,120260.1875
test_id_test_id_000898_32,test_id_000898,327,communication_heavy,4,4,test_id_000898_t4_c4,big,big_0,3,2.2,1.15,326,381004.38,411679.59375,447218.59375,457318.5625,478716.6875,32,36.151292512336134,LO,457318.5625,0.0,457318.5625,381004.375,67037.09375
test_id_test_id_000898_33,test_id_000898,327,communication_heavy,4,5,test_id_000898_t4_c5,little,little_1,3,1.5,1.0,326,770936.25,618252.4375,672838.875,689383.0,719285.25,32,36.151292512336134,LO,689383.0,0.0,689383.0,770936.25,101032.8125
test_id_test_id_000898_34,test_id_000898,327,communication_heavy,4,6,test_id_000898_t4_c6,big,big_0,0,1.0,0.9,326,900792.5,734347.625,799487.25,819147.5,854045.875,32,36.151292512336134,LO,819147.5,0.0,819147.5,900792.5,119698.25
test_id_test_id_000898_35,test_id_000898,300,random,5,0,test_id_000898_t5_c0,little,little_1,1,0.9,0.86,299,108984.85,111422.28125,126594.015625,130934.890625,141627.4375,32,36.151292512336134,LO,130934.890625,0.0,130934.890625,108984.8515625,30205.15625
test_id_test_id_000898_36,test_id_000898,300,random,5,1,test_id_000898_t5_c1,big,big_1,2,1.8,1.06,299,37680.04,51735.828125,64896.78125,68792.90625,78063.9375,32,36.151292512336134,LO,68792.90625,0.0,68792.90625,37680.0390625,26328.109375
test_id_test_id_000898_37,test_id_000898,300,random,5,2,test_id_000898_t5_c2,little,little_1,2,1.2,0.93,299,74077.52,82864.375,97210.515625,101228.875,111232.890625,32,36.151292512336134,LO,101228.875,0.0,101228.875,74077.5234375,28368.515625
test_id_test_id_000898_38,test_id_000898,300,random,5,3,test_id_000898_t5_c3,big,big_0,3,2.2,1.15,299,29961.582,38407.5625,51025.78125,54881.421875,63833.84375,32,36.151292512336134,LO,54881.421875,0.0,54881.421875,29961.58203125,25426.28125
test_id_test_id_000898_39,test_id_000898,300,random,5,4,test_id_000898_t5_c4,little,little_1,3,1.5,1.0,299,65456.715,73815.984375,87884.3125,91822.09375,101552.390625,32,36.151292512336134,LO,91822.09375,0.0,91822.09375,65456.71484375,27736.40625
test_id_test_id_000898_40,test_id_000898,300,random,5,5,test_id_000898_t5_c5,big,big_1,0,1.0,0.9,299,64233.746,69224.625,83213.40625,87245.828125,97090.328125,32,36.151292512336134,LO,87245.828125,0.0,87245.828125,64233.74609375,27865.703125
test_id_test_id_000898_41,test_id_000898,300,random,5,6,test_id_000898_t5_c6,little,little_1,0,0.6,0.8,299,145766.48,162143.296875,180285.3125,185784.1875,198557.6875,32,36.151292512336134,LO,185784.1875,0.0,185784.1875,145766.484375,36414.390625
test_id_test_id_000908_00,test_id_000908,2,source_like,0,0,test_id_000908_t0_c0,big,big_1,3,2.2,1.15,1,45953.56,49907.09375,62872.4375,66664.1875,75685.828125,32,36.151292512336134,HI,66664.1875,15665.78125,82329.96875,45953.55859375,25778.734375
test_id_test_id_000908_01,test_id_000908,2,source_like,0,1,test_id_000908_t0_c1,little,little_0,3,1.5,1.0,1,91312.78,87739.0,102251.34375,106247.25,116265.421875,32,36.151292512336134,HI,106247.25,15665.78125,121913.03125,91312.78125,28526.421875
test_id_test_id_000908_02,test_id_000908,2,source_like,0,2,test_id_000908_t0_c2,big,big_1,0,1.0,0.9,1,82253.516,84563.25,99085.484375,103174.796875,113337.578125,32,36.151292512336134,HI,103174.796875,15665.78125,118840.578125,82253.515625,28774.328125
test_id_test_id_000908_03,test_id_000908,2,source_like,0,3,test_id_000908_t0_c3,little,little_0,0,0.6,0.8,1,208381.75,211353.46875,232947.59375,239519.578125,254482.703125,32,36.151292512336134,HI,239519.578125,15665.78125,255185.359375,208381.75,43129.234375
test_id_test_id_000908_04,test_id_000908,2,source_like,0,4,test_id_000908_t0_c4,big,big_1,1,1.4,0.98,1,60495.406,66827.140625,80597.71875,84504.703125,94057.796875,32,36.151292512336134,HI,84504.703125,15665.78125,100170.484375,60495.40625,27230.65625
test_id_test_id_000908_05,test_id_000908,2,source_like,0,5,test_id_000908_t0_c5,little,little_1,1,0.9,0.86,1,144467.95,144462.890625,161251.90625,166203.0,177963.28125,32,36.151292512336134,HI,166203.0,15665.78125,181868.78125,144467.953125,33500.390625
test_id_test_id_000908_06,test_id_000908,2,source_like,0,6,test_id_000908_t0_c6,big,big_1,2,1.8,1.06,1,54222.52,58004.796875,71342.546875,75161.015625,84376.703125,32,36.151292512336134,HI,75161.015625,15665.78125,90826.796875,54222.51953125,26371.90625
test_id_test_id_000908_07,test_id_000908,293,sink_like,1,0,test_id_000908_t1_c0,little,little_0,3,1.5,1.0,292,372643.62,357224.9375,387607.96875,396177.40625,414977.71875,32,36.151292512336134,HI,396177.40625,15665.78125,411843.1875,372643.625,57752.78125
test_id_test_id_000908_08,test_id_000908,293,sink_like,1,1,test_id_000908_t1_c1,big,big_1,0,1.0,0.9,292,377173.66,390040.625,422965.15625,432221.65625,452191.125,32,36.151292512336134,HI,432221.65625,15665.78125,447887.4375,377173.65625,62150.5
test_id_test_id_000908_09,test_id_000908,293,sink_like,1,2,test_id_000908_t1_c2,little,little_1,0,0.6,0.8,292,669864.4,613421.25,663318.5,678195.5,704395.25,32,36.151292512336134,HI,678195.5,15665.78125,693861.28125,669864.375,90974.0
test_id_test_id_000908_10,test_id_000908,293,sink_like,1,3,test_id_000908_t1_c3,big,big_0,1,1.4,0.98,292,343682.22,336812.8125,365540.0625,373661.53125,391636.1875,32,36.151292512336134,HI,373661.53125,15665.78125,389327.3125,343682.21875,54823.375
test_id_test_id_000908_11,test_id_000908,293,sink_like,1,4,test_id_000908_t1_c4,little,little_1,1,0.9,0.86,292,623441.56,544916.375,590575.25,603931.0,629099.375,32,36.151292512336134,HI,603931.0,15665.78125,619596.78125,623441.5625,84183.0
test_id_test_id_000908_12,test_id_000908,293,sink_like,1,5,test_id_000908_t1_c5,big,big_0,2,1.8,1.06,292,200019.08,236093.125,258011.078125,264570.8125,279334.875,32,36.151292512336134,HI,264570.8125,15665.78125,280236.59375,200019.078125,43241.75
test_id_test_id_000908_13,test_id_000908,293,sink_like,1,6,test_id_000908_t1_c6,little,little_0,2,1.2,0.93,292,449747.2,422335.0,458115.5,468242.6875,489565.34375,32,36.151292512336134,HI,468242.6875,15665.78125,483908.46875,449747.1875,67230.34375
test_id_test_id_000908_14,test_id_000908,168,middle,2,0,test_id_000908_t2_c0,big,big_0,0,1.0,0.9,167,268972.1,264456.84375,287941.71875,294777.5,310150.84375,32,36.151292512336134,HI,294777.5,15665.78125,310443.28125,268972.09375,45694.0
test_id_test_id_000908_15,test_id_000908,168,middle,2,1,test_id_000908_t2_c1,little,little_0,0,0.6,0.8,167,526544.0,491575.8125,531586.75,542966.5,565538.875,32,36.151292512336134,HI,542966.5,15665.78125,558632.28125,526544.0,73963.0625
test_id_test_id_000908_16,test_id_000908,168,middle,2,2,test_id_000908_t2_c2,big,big_1,1,1.4,0.98,167,170707.34,204501.6875,224602.5,230701.8125,244545.953125,32,36.151292512336134,HI,230701.8125,15665.78125,246367.59375,170707.34375,40044.265625
test_id_test_id_000908_17,test_id_000908,168,middle,2,3,test_id_000908_t2_c3,little,little_0,1,0.9,0.86,167,397860.44,376835.25,408584.875,417517.21875,436908.8125,32,36.151292512336134,HI,417517.21875,15665.78125,433183.0,397860.4375,60073.5625
test_id_test_id_000908_18,test_id_000908,168,middle,2,4,test_id_000908_t2_c4,big,big_0,2,1.8,1.06,167,170727.11,191719.78125,211052.90625,216897.015625,230267.046875,32,36.151292512336134,HI,216897.015625,15665.78125,232562.796875,170727.109375,38547.265625
test_id_test_id_000908_19,test_id_000908,168,middle,2,5,test_id_000908_t2_c5,little,little_1,2,1.2,0.93,167,269710.38,283311.84375,308062.59375,315207.125,331208.625,32,36.151292512336134,HI,315207.125,15665.78125,330872.90625,269710.375,47896.78125
test_id_test_id_000908_20,test_id_000908,168,middle,2,6,test_id_000908_t2_c6,big,big_0,3,2.2,1.15,167,121168.65,155072.796875,172234.28125,177239.0625,189101.75,32,36.151292512336134,HI,177239.0625,15665.78125,192904.84375,121168.6484375,34028.953125
test_id_test_id_000908_21,test_id_000908,218,high_degree,3,0,test_id_000908_t3_c0,little,little_1,0,0.6,0.8,217,550983.8,535429.625,579086.5625,591718.3125,615676.25,32,36.151292512336134,HI,591718.3125,15665.78125,607384.09375,550983.8125,80246.625
test_id_test_id_000908_22,test_id_000908,218,high_degree,3,1,test_id_000908_t3_c1,big,big_0,1,1.4,0.98,217,321227.4,292689.15625,318137.09375,325444.40625,341787.0,32,36.151292512336134,HI,325444.40625,15665.78125,341110.1875,321227.40625,49097.84375
test_id_test_id_000908_23,test_id_000908,218,high_degree,3,2,test_id_000908_t3_c2,little,little_0,1,0.9,0.86,217,385664.5,404462.0625,438354.5625,447875.75,468223.5,32,36.151292512336134,HI,447875.75,15665.78125,463541.53125,385664.5,63761.4375
test_id_test_id_000908_24,test_id_000908,218,high_degree,3,3,test_id_000908_t3_c3,big,big_0,2,1.8,1.06,217,230986.14,230797.75,252343.25,258794.046875,273334.1875,32,36.151292512336134,HI,258794.046875,15665.78125,274459.828125,230986.140625,42536.4375
test_id_test_id_000908_25,test_id_000908,218,high_degree,3,4,test_id_000908_t3_c4,little,little_0,2,1.2,0.93,217,328725.03,335841.0625,364437.59375,372528.625,390428.59375,32,36.151292512336134,HI,372528.625,15665.78125,388194.40625,328725.03125,54587.53125
test_id_test_id_000908_26,test_id_000908,218,high_degree,3,5,test_id_000908_t3_c5,big,big_1,3,2.2,1.15,217,151825.73,182773.125,201594.0,207253.34375,220294.0,32,36.151292512336134,HI,207253.34375,15665.78125,222919.125,151825.734375,37520.875
test_id_test_id_000908_27,test_id_000908,218,high_degree,3,6,test_id_000908_t3_c6,little,little_1,3,1.5,1.0,217,232741.92,259697.921875,282972.5,289810.78125,305154.65625,32,36.151292512336134,HI,289810.78125,15665.78125,305476.5625,232741.921875,45456.734375
test_id_test_id_000908_28,test_id_000908,254,communication_heavy,4,0,test_id_000908_t4_c0,big,big_0,1,1.4,0.98,253,325922.9,310261.5,336942.59375,344550.90625,361515.34375,32,36.151292512336134,HI,344550.90625,15665.78125,360216.6875,325922.90625,51253.84375
test_id_test_id_000908_29,test_id_000908,254,communication_heavy,4,1,test_id_000908_t4_c1,little,little_1,1,0.9,0.86,253,554754.5,510950.0625,553672.25,566015.75,590034.25,32,36.151292512336134,HI,566015.75,15665.78125,581681.53125,554754.5,79084.1875
test_id_test_id_000908_30,test_id_000908,254,communication_heavy,4,2,test_id_000908_t4_c2,big,big_0,2,1.8,1.06,253,345699.78,313954.25,340954.71875,348645.5,365775.96875,32,36.151292512336134,HI,348645.5,15665.78125,364311.28125,345699.78125,51821.71875
test_id_test_id_000908_31,test_id_000908,254,communication_heavy,4,3,test_id_000908_t4_c3,little,little_0,2,1.2,0.93,253,436676.94,427217.9375,463392.375,473638.8125,495128.53125,32,36.151292512336134,HI,473638.8125,15665.78125,489304.59375,436676.9375,67910.59375
test_id_test_id_000908_32,test_id_000908,254,communication_heavy,4,4,test_id_000908_t4_c4,big,big_0,3,2.2,1.15,253,243849.4,247999.40625,270584.96875,277281.5625,292338.21875,32,36.151292512336134,HI,277281.5625,15665.78125,292947.34375,243849.40625,44338.8125
test_id_test_id_000908_33,test_id_000908,254,communication_heavy,4,5,test_id_000908_t4_c5,little,little_1,3,1.5,1.0,253,397103.6,382273.5625,414782.84375,423950.0,443786.8125,32,36.151292512336134,HI,423950.0,15665.78125,439615.78125,397103.59375,61513.25
test_id_test_id_000908_34,test_id_000908,254,communication_heavy,4,6,test_id_000908_t4_c6,big,big_1,0,1.0,0.9,253,351091.62,373970.1875,405544.0625,414415.1875,433743.59375,32,36.151292512336134,HI,414415.1875,15665.78125,430080.96875,351091.625,59773.40625
test_id_test_id_000908_35,test_id_000908,180,random,5,0,test_id_000908_t5_c0,little,little_1,1,0.9,0.86,179,383750.88,381826.78125,413950.53125,422978.125,442534.3125,32,36.151292512336134,HI,422978.125,15665.78125,438643.90625,383750.875,60707.53125
test_id_test_id_000908_36,test_id_000908,180,random,5,1,test_id_000908_t5_c1,big,big_0,2,1.8,1.06,179,181795.53,203960.53125,223998.0625,230067.625,243856.4375,32,36.151292512336134,HI,230067.625,15665.78125,245733.40625,181795.53125,39895.90625
test_id_test_id_000908_37,test_id_000908,180,random,5,2,test_id_000908_t5_c2,little,little_0,2,1.2,0.93,179,303356.66,325617.0625,353460.875,361366.0,378905.5625,32,36.151292512336134,HI,361366.0,15665.78125,377031.78125,303356.65625,53288.5
test_id_test_id_000908_38,test_id_000908,180,random,5,3,test_id_000908_t5_c3,big,big_0,3,2.2,1.15,179,129609.32,159764.609375,177199.53125,182321.15625,194387.25,32,36.151292512336134,HI,182321.15625,15665.78125,197986.9375,129609.3203125,34622.640625
test_id_test_id_000908_39,test_id_000908,180,random,5,4,test_id_000908_t5_c4,little,little_1,3,1.5,1.0,179,247470.56,255673.296875,278673.71875,285441.0,300636.0625,32,36.151292512336134,HI,285441.0,15665.78125,301106.78125,247470.5625,44962.765625
test_id_test_id_000908_40,test_id_000908,180,random,5,5,test_id_000908_t5_c5,big,big_0,0,1.0,0.9,179,273739.56,274786.75,298950.53125,305945.625,321647.1875,32,36.151292512336134,HI,305945.625,15665.78125,321611.40625,273739.5625,46860.4375
test_id_test_id_000908_41,test_id_000908,180,random,5,6,test_id_000908_t5_c6,little,little_0,0,0.6,0.8,179,597329.75,525787.1875,568670.9375,581042.1875,604700.0,32,36.151292512336134,HI,581042.1875,15665.78125,596707.96875,597329.75,78912.8125
test_id_test_id_000957_00,test_id_000957,6,source_like,0,0,test_id_000957_t0_c0,little,little_0,3,1.5,1.0,5,83990.91,87593.53125,102120.328125,106102.6875,116098.703125,32,36.151292512336134,LO,106102.6875,0.0,106102.6875,83990.90625,28505.171875
test_id_test_id_000957_01,test_id_000957,6,source_like,0,1,test_id_000957_t0_c1,big,big_0,0,1.0,0.9,5,79367.55,85983.21875,100530.59375,104605.359375,114762.859375,32,36.151292512336134,LO,104605.359375,0.0,104605.359375,79367.546875,28779.640625
test_id_test_id_000957_02,test_id_000957,6,source_like,0,2,test_id_000957_t0_c2,little,little_1,0,0.6,0.8,5,203319.23,190895.28125,211050.3125,217220.25,231294.625,32,36.151292512336134,LO,217220.25,0.0,217220.25,203319.234375,40399.34375
test_id_test_id_000957_03,test_id_000957,6,source_like,0,3,test_id_000957_t0_c3,big,big_0,1,1.4,0.98,5,57711.336,64207.390625,77851.25,81742.921875,91222.09375,32,36.151292512336134,LO,81742.921875,0.0,81742.921875,57711.3359375,27014.703125
test_id_test_id_000957_04,test_id_000957,6,source_like,0,4,test_id_000957_t0_c4,little,little_0,1,0.9,0.86,5,134472.92,141517.3125,158148.921875,163035.9375,174687.625,32,36.151292512336134,LO,163035.9375,0.0,163035.9375,134472.921875,33170.3125
test_id_test_id_000957_05,test_id_000957,6,source_like,0,5,test_id_000957_t0_c5,big,big_1,2,1.8,1.06,5,44175.207,53866.65625,66997.390625,70806.53125,79937.171875,32,36.151292512336134,LO,70806.53125,0.0,70806.53125,44175.20703125,26070.515625
test_id_test_id_000957_06,test_id_000957,6,source_like,0,6,test_id_000957_t0_c6,little,little_0,2,1.2,0.93,5,107984.43,106034.015625,120973.25,125159.078125,135592.421875,32,36.151292512336134,LO,125159.078125,0.0,125159.078125,107984.4296875,29558.40625
test_id_test_id_000957_07,test_id_000957,205,sink_like,1,0,test_id_000957_t1_c0,big,big_1,0,1.0,0.9,204,406244.78,377024.28125,408939.53125,417920.75,437431.59375,32,36.151292512336134,LO,417920.75,0.0,417920.75,406244.78125,60407.3125
test_id_test_id_000957_08,test_id_000957,205,sink_like,1,1,test_id_000957_t1_c1,little,little_0,0,0.6,0.8,204,705355.1,606127.75,655247.125,669845.375,695679.0,32,36.151292512336134,LO,669845.375,0.0,669845.375,705355.125,89551.25
test_id_test_id_000957_09,test_id_000957,205,sink_like,1,2,test_id_000957_t1_c2,big,big_0,1,1.4,0.98,204,252975.53,259403.53125,282683.9375,289524.0625,304880.875,32,36.151292512336134,LO,289524.0625,0.0,289524.0625,252975.53125,45477.34375
test_id_test_id_000957_10,test_id_000957,205,sink_like,1,3,test_id_000957_t1_c3,little,little_1,1,0.9,0.86,204,464006.97,464637.28125,503406.0625,514414.8125,536835.5,32,36.151292512336134,LO,514414.8125,0.0,514414.8125,464006.96875,72198.21875
test_id_test_id_000957_11,test_id_000957,205,sink_like,1,4,test_id_000957_t1_c4,big,big_1,2,1.8,1.06,204,174378.9,210218.90625,230708.421875,236929.21875,251019.6875,32,36.151292512336134,LO,236929.21875,0.0,236929.21875,174378.90625,40800.78125
test_id_test_id_000957_12,test_id_000957,205,sink_like,1,5,test_id_000957_t1_c5,little,little_1,2,1.2,0.93,204,391057.62,373892.625,405521.25,414419.1875,433786.46875,32,36.151292512336134,LO,414419.1875,0.0,414419.1875,391057.625,59893.84375
test_id_test_id_000957_13,test_id_000957,205,sink_like,1,6,test_id_000957_t1_c6,big,big_1,3,2.2,1.15,204,209322.86,223459.5,244696.65625,251112.140625,265594.40625,32,36.151292512336134,LO,251112.140625,0.0,251112.140625,209322.859375,42134.90625
test_id_test_id_000957_14,test_id_000957,128,middle,2,0,test_id_000957_t2_c0,little,little_0,0,0.6,0.8,127,508565.84,468448.0,506560.3125,517320.125,539167.0,32,36.151292512336134,LO,517320.125,0.0,517320.125,508565.84375,70719.0
test_id_test_id_000957_15,test_id_000957,128,middle,2,1,test_id_000957_t2_c1,big,big_0,1,1.4,0.98,127,182871.58,201510.75,221461.765625,227523.40625,241296.1875,32,36.151292512336134,LO,227523.40625,0.0,227523.40625,182871.578125,39785.4375
test_id_test_id_000957_16,test_id_000957,128,middle,2,2,test_id_000957_t2_c2,little,little_1,1,0.9,0.86,127,367239.66,361582.03125,392078.3125,400660.71875,419441.1875,32,36.151292512336134,LO,400660.71875,0.0,400660.71875,367239.65625,57859.15625
test_id_test_id_000957_17,test_id_000957,128,middle,2,3,test_id_000957_t2_c3,big,big_1,2,1.8,1.06,127,171102.67,190145.625,209384.921875,215197.59375,228508.34375,32,36.151292512336134,LO,215197.59375,0.0,215197.59375,171102.671875,38362.71875
test_id_test_id_000957_18,test_id_000957,128,middle,2,4,test_id_000957_t2_c4,little,little_1,2,1.2,0.93,127,266385.5,265967.375,289581.28125,296465.90625,311922.5,32,36.151292512336134,LO,296465.90625,0.0,296465.90625,266385.5,45955.125
test_id_test_id_000957_19,test_id_000957,128,middle,2,5,test_id_000957_t2_c5,big,big_0,3,2.2,1.15,127,158285.3,172289.78125,190502.8125,195928.0,208546.3125,32,36.151292512336134,LO,195928.0,0.0,195928.0,158285.296875,36256.53125
test_id_test_id_000957_20,test_id_000957,128,middle,2,6,test_id_000957_t2_c6,little,little_1,3,1.5,1.0,127,206818.81,225108.0625,246331.359375,252707.84375,267094.5,32,36.151292512336134,LO,252707.84375,0.0,252707.84375,206818.8125,41986.4375
test_id_test_id_000957_21,test_id_000957,188,communication_heavy,3,0,test_id_000957_t3_c0,big,big_0,1,1.4,0.98,187,374902.75,349014.75,378719.8125,387099.84375,405556.75,32,36.151292512336134,LO,387099.84375,0.0,387099.84375,374902.75,56542.0
test_id_test_id_000957_22,test_id_000957,188,communication_heavy,3,1,test_id_000957_t3_c1,little,little_1,1,0.9,0.86,187,690404.75,552222.625,598394.8125,611916.5625,637243.8125,32,36.151292512336134,LO,611916.5625,0.0,611916.5625,690404.75,85021.1875
test_id_test_id_000957_23,test_id_000957,188,communication_heavy,3,2,test_id_000957_t3_c2,big,big_1,2,1.8,1.06,187,277166.9,274076.4375,298277.46875,305319.65625,321104.84375,32,36.151292512336134,LO,305319.65625,0.0,305319.65625,277166.90625,47028.40625
test_id_test_id_000957_24,test_id_000957,188,communication_heavy,3,3,test_id_000957_t3_c3,little,little_0,2,1.2,0.93,187,428679.0,411452.6875,446202.125,456003.25,476825.40625,32,36.151292512336134,LO,456003.25,0.0,456003.25,428679.0,65372.71875
test_id_test_id_000957_25,test_id_000957,188,communication_heavy,3,4,test_id_000957_t3_c4,big,big_0,3,2.2,1.15,187,226547.64,238916.109375,260985.28125,267575.96875,282413.71875,32,36.151292512336134,LO,267575.96875,0.0,267575.96875,226547.640625,43497.609375
test_id_test_id_000957_26,test_id_000957,188,communication_heavy,3,5,test_id_000957_t3_c5,little,little_0,3,1.5,1.0,187,306667.78,323873.0,351573.84375,359437.78125,376917.1875,32,36.151292512336134,LO,359437.78125,0.0,359437.78125,306667.78125,53044.1875
test_id_test_id_000957_27,test_id_000957,188,communication_heavy,3,6,test_id_000957_t3_c6,big,big_0,0,1.0,0.9,187,522122.16,460679.53125,499716.59375,510870.5,533609.125,32,36.151292512336134,LO,510870.5,0.0,510870.5,522122.15625,72929.59375
test_id_test_id_000957_28,test_id_000957,32,random,4,0,test_id_000957_t4_c0,little,little_1,1,0.9,0.86,31,76654.35,89508.671875,104108.6875,108248.09375,118543.59375,32,36.151292512336134,LO,108248.09375,0.0,108248.09375,76654.3515625,29034.921875
test_id_test_id_000957_29,test_id_000957,32,random,4,1,test_id_000957_t4_c1,big,big_1,2,1.8,1.06,31,29062.027,39473.546875,52108.296875,55975.15625,64971.8125,32,36.151292512336134,LO,55975.15625,0.0,55975.15625,29062.02734375,25498.265625
test_id_test_id_000957_30,test_id_000957,32,random,4,2,test_id_000957_t4_c2,little,little_0,2,1.2,0.93,31,58605.76,70174.640625,84127.109375,88081.390625,97785.78125,32,36.151292512336134,LO,88081.390625,0.0,88081.390625,58605.76171875,27611.140625
test_id_test_id_000957_31,test_id_000957,32,random,4,3,test_id_000957_t4_c3,big,big_0,3,2.2,1.15,31,21810.127,31628.921875,44128.140625,48051.859375,57017.71875,32,36.151292512336134,LO,48051.859375,0.0,48051.859375,21810.126953125,25388.796875
test_id_test_id_000957_32,test_id_000957,32,random,4,4,test_id_000957_t4_c4,little,little_1,3,1.5,1.0,31,52075.62,63736.09375,77514.71875,81429.609375,90928.6875,32,36.151292512336134,LO,81429.609375,0.0,81429.609375,52075.62109375,27192.59375
test_id_test_id_000957_33,test_id_000957,32,random,4,5,test_id_000957_t4_c5,big,big_0,0,1.0,0.9,31,44443.297,55208.921875,68549.734375,72474.828125,81860.03125,32,36.151292512336134,LO,72474.828125,0.0,72474.828125,44443.296875,26651.109375
test_id_test_id_000957_34,test_id_000957,32,random,4,6,test_id_000957_t4_c6,little,little_0,0,0.6,0.8,31,115959.12,123319.421875,139154.84375,143769.90625,154937.5,32,36.151292512336134,LO,143769.90625,0.0,143769.90625,115959.1171875,31618.078125
test_id_test_id_000957_35,test_id_000957,241,diverse_fill_1,5,0,test_id_000957_t5_c0,big,big_0,2,1.8,1.06,240,56154.133,62414.5,75916.421875,79770.90625,89154.5,32,36.151292512336134,LO,79770.90625,0.0,79770.90625,56154.1328125,26740.0
test_id_test_id_000957_36,test_id_000957,241,diverse_fill_1,5,1,test_id_000957_t5_c1,little,little_0,2,1.2,0.93,240,127889.445,134247.65625,150229.40625,154839.828125,165988.640625,32,36.151292512336134,LO,154839.828125,0.0,154839.828125,127889.4453125,31740.984375
test_id_test_id_000957_37,test_id_000957,241,diverse_fill_1,5,2,test_id_000957_t5_c2,big,big_0,3,2.2,1.15,240,50869.01,58014.125,71337.171875,75171.71875,84437.65625,32,36.151292512336134,LO,75171.71875,0.0,75171.71875,50869.01171875,26423.53125
test_id_test_id_000957_38,test_id_000957,241,diverse_fill_1,5,3,test_id_000957_t5_c3,little,little_0,3,1.5,1.0,240,101327.82,103801.375,118681.015625,122798.578125,133115.390625,32,36.151292512336134,LO,122798.578125,0.0,122798.578125,101327.8203125,29314.015625
test_id_test_id_000957_39,test_id_000957,241,diverse_fill_1,5,4,test_id_000957_t5_c4,big,big_1,0,1.0,0.9,240,98503.27,103846.8125,118917.125,123208.578125,133847.484375,32,36.151292512336134,LO,123208.578125,0.0,123208.578125,98503.2734375,30000.671875
test_id_test_id_000957_40,test_id_000957,241,diverse_fill_1,5,5,test_id_000957_t5_c5,little,little_1,0,0.6,0.8,240,245642.52,230093.75,252680.828125,259484.46875,274963.1875,32,36.151292512336134,LO,259484.46875,0.0,259484.46875,245642.515625,44869.4375
test_id_test_id_000957_41,test_id_000957,241,diverse_fill_1,5,6,test_id_000957_t5_c6,big,big_0,1,1.4,0.98,240,80697.48,92446.796875,107150.15625,111226.109375,121437.40625,32,36.151292512336134,LO,111226.109375,0.0,111226.109375,80697.4765625,28990.609375
test_id_test_id_000974_00,test_id_000974,3,source_like,0,0,test_id_000974_t0_c0,little,little_1,2,1.2,0.93,2,121510.81,129369.046875,145068.96875,149564.34375,160499.5625,32,36.151292512336134,HI,149564.34375,15665.78125,165230.125,121510.8125,31130.515625
test_id_test_id_000974_01,test_id_000974,3,source_like,0,1,test_id_000974_t0_c1,big,big_1,3,2.2,1.15,2,46211.473,51766.484375,64770.59375,68542.453125,77562.375,32,36.151292512336134,HI,68542.453125,15665.78125,84208.234375,46211.47265625,25795.890625
test_id_test_id_000974_02,test_id_000974,3,source_like,0,2,test_id_000974_t0_c2,little,little_1,3,1.5,1.0,2,104558.78,103041.4375,117867.15625,121958.6875,132221.859375,32,36.151292512336134,HI,121958.6875,15665.78125,137624.46875,104558.78125,29180.421875
test_id_test_id_000974_03,test_id_000974,3,source_like,0,3,test_id_000974_t0_c3,big,big_0,0,1.0,0.9,2,103285.35,104945.203125,119911.703125,124119.046875,134597.8125,32,36.151292512336134,HI,124119.046875,15665.78125,139784.828125,103285.3515625,29652.609375
test_id_test_id_000974_04,test_id_000974,3,source_like,0,4,test_id_000974_t0_c4,little,little_0,0,0.6,0.8,2,239328.22,225838.984375,248150.765625,254889.171875,270184.625,32,36.151292512336134,HI,254889.171875,15665.78125,270554.953125,239328.21875,44345.640625
test_id_test_id_000974_05,test_id_000974,3,source_like,0,5,test_id_000974_t0_c5,big,big_0,1,1.4,0.98,2,68705.7,78410.96875,92632.046875,96589.359375,106421.625,32,36.151292512336134,HI,96589.359375,15665.78125,112255.140625,68705.703125,28010.65625
test_id_test_id_000974_06,test_id_000974,3,source_like,0,6,test_id_000974_t0_c6,little,little_1,1,0.9,0.86,2,192158.84,181815.234375,200715.40625,206395.53125,219499.078125,32,36.151292512336134,HI,206395.53125,15665.78125,222061.3125,192158.84375,37683.84375
test_id_test_id_000974_07,test_id_000974,5,sink_like,1,0,test_id_000974_t1_c0,big,big_0,3,2.2,1.15,4,90015.945,109689.828125,124726.34375,128881.5625,139274.796875,32,36.151292512336134,HI,128881.5625,15665.78125,144547.34375,90015.9453125,29584.96875
test_id_test_id_000974_08,test_id_000974,5,sink_like,1,1,test_id_000974_t1_c1,little,little_1,3,1.5,1.0,4,235333.7,225776.015625,246853.71875,253130.25,267322.21875,32,36.151292512336134,HI,253130.25,15665.78125,268796.03125,235333.703125,41546.203125
test_id_test_id_000974_09,test_id_000974,5,sink_like,1,2,test_id_000974_t1_c2,big,big_0,0,1.0,0.9,4,212005.94,210317.28125,230677.515625,236838.125,250803.40625,32,36.151292512336134,HI,236838.125,15665.78125,252503.90625,212005.9375,40486.125
test_id_test_id_000974_10,test_id_000974,5,sink_like,1,3,test_id_000974_t1_c3,little,little_0,0,0.6,0.8,4,472752.25,406697.09375,440025.125,449348.0625,469312.75,32,36.151292512336134,HI,449348.0625,15665.78125,465013.84375,472752.25,62615.65625
test_id_test_id_000974_11,test_id_000974,5,sink_like,1,4,test_id_000974_t1_c4,big,big_0,1,1.4,0.98,4,168154.02,181842.3125,200587.171875,206240.875,219249.328125,32,36.151292512336134,HI,206240.875,15665.78125,221906.65625,168154.015625,37407.015625
test_id_test_id_000974_12,test_id_000974,5,sink_like,1,5,test_id_000974_t1_c5,little,little_0,1,0.9,0.86,4,305933.12,275163.9375,299182.40625,306101.125,321658.40625,32,36.151292512336134,HI,306101.125,15665.78125,321766.90625,305933.125,46494.46875
test_id_test_id_000974_13,test_id_000974,5,sink_like,1,6,test_id_000974_t1_c6,big,big_1,2,1.8,1.06,4,103282.195,130465.234375,146306.5625,150791.8125,161742.0,32,36.151292512336134,HI,150791.8125,15665.78125,166457.59375,103282.1953125,31276.765625
test_id_test_id_000974_14,test_id_000974,26,middle,2,0,test_id_000974_t2_c0,little,little_0,3,1.5,1.0,25,317467.28,297962.875,323779.6875,331189.28125,347746.875,32,36.151292512336134,HI,331189.28125,15665.78125,346855.0625,317467.28125,49784.0
test_id_test_id_000974_15,test_id_000974,26,middle,2,1,test_id_000974_t2_c1,big,big_1,0,1.0,0.9,25,372673.5,344024.84375,373251.96875,381493.0625,399684.21875,32,36.151292512336134,HI,381493.0625,15665.78125,397158.84375,372673.5,55659.375
test_id_test_id_000974_16,test_id_000974,26,middle,2,2,test_id_000974_t2_c2,little,little_0,0,0.6,0.8,25,783472.3,599527.0,648084.0,662429.3125,688039.875,32,36.151292512336134,HI,662429.3125,15665.78125,678095.09375,783472.3125,88512.875
test_id_test_id_000974_17,test_id_000974,26,middle,2,3,test_id_000974_t2_c3,big,big_1,1,1.4,0.98,25,284768.9,273161.125,297285.96875,304297.0625,320023.28125,32,36.151292512336134,HI,304297.0625,15665.78125,319962.84375,284768.90625,46862.15625
test_id_test_id_000974_18,test_id_000974,26,middle,2,4,test_id_000974_t2_c4,little,little_1,1,0.9,0.86,25,598269.2,470706.375,510156.9375,521410.6875,544180.25,32,36.151292512336134,HI,521410.6875,15665.78125,537076.46875,598269.1875,73473.875
test_id_test_id_000974_19,test_id_000974,26,middle,2,5,test_id_000974_t2_c5,big,big_0,2,1.8,1.06,25,200549.39,211923.09375,232554.671875,238822.75,253017.203125,32,36.151292512336134,HI,238822.75,15665.78125,254488.53125,200549.390625,41094.109375
test_id_test_id_000974_20,test_id_000974,26,middle,2,6,test_id_000974_t2_c6,little,little_1,2,1.2,0.93,25,391421.8,340359.375,369245.75,377396.15625,395417.6875,32,36.151292512336134,HI,377396.15625,15665.78125,393061.9375,391421.8125,55058.3125
test_id_test_id_000974_21,test_id_000974,16,high_degree,3,0,test_id_000974_t3_c0,big,big_1,0,1.0,0.9,15,276171.94,249427.25,271993.90625,278630.0,293589.15625,32,36.151292512336134,HI,278630.0,15665.78125,294295.78125,276171.9375,44161.90625
test_id_test_id_000974_22,test_id_000974,16,high_degree,3,1,test_id_000974_t3_c1,little,little_1,0,0.6,0.8,15,544301.56,480134.25,519114.875,530141.3125,552285.5,32,36.151292512336134,HI,530141.3125,15665.78125,545807.09375,544301.5625,72151.25
test_id_test_id_000974_23,test_id_000974,16,high_degree,3,2,test_id_000974_t3_c2,big,big_0,1,1.4,0.98,15,225894.75,226571.96875,247858.609375,254237.65625,268641.65625,32,36.151292512336134,HI,254237.65625,15665.78125,269903.4375,225894.75,42069.6875
test_id_test_id_000974_24,test_id_000974,16,high_degree,3,3,test_id_000974_t3_c3,little,little_1,1,0.9,0.86,15,344220.84,332593.9375,360716.46875,368646.96875,386225.75,32,36.151292512336134,HI,368646.96875,15665.78125,384312.75,344220.84375,53631.8125
test_id_test_id_000974_25,test_id_000974,16,high_degree,3,4,test_id_000974_t3_c4,big,big_0,2,1.8,1.06,15,149338.2,172686.3125,190946.234375,196406.34375,209084.0625,32,36.151292512336134,HI,196406.34375,15665.78125,212072.125,149338.203125,36397.75
test_id_test_id_000974_26,test_id_000974,16,high_degree,3,5,test_id_000974_t3_c5,little,little_1,2,1.2,0.93,15,345705.56,298918.65625,324754.4375,332150.5625,348678.625,32,36.151292512336134,HI,332150.5625,15665.78125,347816.34375,345705.5625,49759.96875
test_id_test_id_000974_27,test_id_000974,16,high_degree,3,6,test_id_000974_t3_c6,big,big_0,3,2.2,1.15,15,139553.48,155517.125,172763.46875,177802.0,189736.59375,32,36.151292512336134,HI,177802.0,15665.78125,193467.78125,139553.484375,34219.46875
test_id_test_id_000974_28,test_id_000974,40,communication_heavy,4,0,test_id_000974_t4_c0,little,little_0,0,0.6,0.8,39,503578.47,517917.6875,560076.5,572177.625,595560.75,32,36.151292512336134,HI,572177.625,15665.78125,587843.40625,503578.46875,77643.0625
test_id_test_id_000974_29,test_id_000974,40,communication_heavy,4,1,test_id_000974_t4_c1,big,big_1,1,1.4,0.98,39,244150.17,264087.0625,287613.59375,294490.8125,309928.84375,32,36.151292512336134,HI,294490.8125,15665.78125,310156.59375,244150.171875,45841.78125
test_id_test_id_000974_30,test_id_000974,40,communication_heavy,4,2,test_id_000974_t4_c2,little,little_0,1,0.9,0.86,39,570069.25,491430.0,532858.875,544790.5625,568434.25,32,36.151292512336134,HI,544790.5625,15665.78125,560456.34375,570069.25,77004.25
test_id_test_id_000974_31,test_id_000974,40,communication_heavy,4,3,test_id_000974_t4_c3,big,big_1,2,1.8,1.06,39,215406.19,237125.71875,259032.125,265561.96875,280267.53125,32,36.151292512336134,HI,265561.96875,15665.78125,281227.75,215406.1875,43141.8125
test_id_test_id_000974_32,test_id_000974,40,communication_heavy,4,4,test_id_000974_t4_c4,little,little_0,2,1.2,0.93,39,363746.3,351740.15625,381585.5,390006.4375,408520.75,32,36.151292512336134,HI,390006.4375,15665.78125,405672.21875,363746.3125,56780.59375
test_id_test_id_000974_33,test_id_000974,40,communication_heavy,4,5,test_id_000974_t4_c5,big,big_0,3,2.2,1.15,39,156378.42,185946.28125,204898.53125,210596.734375,223704.390625,32,36.151292512336134,HI,210596.734375,15665.78125,226262.515625,156378.421875,37758.109375
test_id_test_id_000974_34,test_id_000974,40,communication_heavy,4,6,test_id_000974_t4_c6,little,little_0,3,1.5,1.0,39,282591.88,303031.28125,329201.78125,336697.40625,353420.03125,32,36.151292512336134,HI,336697.40625,15665.78125,352363.1875,282591.875,50388.75
test_id_test_id_000974_35,test_id_000974,46,random,5,0,test_id_000974_t5_c0,big,big_0,1,1.4,0.98,45,200572.94,216101.734375,236741.75,242947.90625,257000.125,32,36.151292512336134,HI,242947.90625,15665.78125,258613.6875,200572.9375,40898.390625
test_id_test_id_000974_36,test_id_000974,46,random,5,1,test_id_000974_t5_c1,little,little_1,1,0.9,0.86,45,324684.4,325647.375,353366.40625,361220.53125,378662.96875,32,36.151292512336134,HI,361220.53125,15665.78125,376886.3125,324684.40625,53015.59375
test_id_test_id_000974_37,test_id_000974,46,random,5,2,test_id_000974_t5_c2,big,big_1,2,1.8,1.06,45,123406.016,162455.75,179996.125,185172.09375,197321.0625,32,36.151292512336134,HI,185172.09375,15665.78125,200837.875,123406.015625,34865.3125
test_id_test_id_000974_38,test_id_000974,46,random,5,3,test_id_000974_t5_c3,little,little_0,2,1.2,0.93,45,286108.62,281294.75,305894.25,312997.46875,328917.96875,32,36.151292512336134,HI,312997.46875,15665.78125,328663.25,286108.625,47623.21875
test_id_test_id_000974_39,test_id_000974,46,random,5,4,test_id_000974_t5_c4,big,big_0,3,2.2,1.15,45,119218.13,149509.90625,166315.75,171175.390625,182776.09375,32,36.151292512336134,HI,171175.390625,15665.78125,186841.171875,119218.1328125,33266.1875
test_id_test_id_000974_40,test_id_000974,46,random,5,5,test_id_000974_t5_c5,little,little_1,3,1.5,1.0,45,184558.83,218517.640625,239306.4375,245552.71875,259684.640625,32,36.151292512336134,HI,245552.71875,15665.78125,261218.5,184558.828125,41167.0
test_id_test_id_000974_41,test_id_000974,46,random,5,6,test_id_000974_t5_c6,big,big_0,0,1.0,0.9,45,293731.97,278638.9375,303019.59375,310048.90625,325834.34375,32,36.151292512336134,HI,310048.90625,15665.78125,325714.6875,293731.96875,47195.40625
test_id_test_id_000979_00,test_id_000979,5,source_like,0,0,test_id_000979_t0_c0,big,big_0,3,2.2,1.15,4,27482.838,37470.15625,50009.46875,53829.46875,62684.34375,32,36.151292512336134,LO,53829.46875,0.0,53829.46875,27482.837890625,25214.1875
test_id_test_id_000979_01,test_id_000979,5,source_like,0,1,test_id_000979_t0_c1,little,little_0,3,1.5,1.0,4,62039.996,73054.03125,87139.328125,91063.34375,100748.671875,32,36.151292512336134,LO,91063.34375,0.0,91063.34375,62039.99609375,27694.640625
test_id_test_id_000979_02,test_id_000979,5,source_like,0,2,test_id_000979_t0_c2,big,big_1,0,1.0,0.9,4,66492.55,72466.734375,86656.96875,90676.8125,100547.359375,32,36.151292512336134,LO,90676.8125,0.0,90676.8125,66492.546875,28080.625
test_id_test_id_000979_03,test_id_000979,5,source_like,0,3,test_id_000979_t0_c3,little,little_0,0,0.6,0.8,4,153277.17,157253.75,175115.6875,180493.53125,193041.09375,32,36.151292512336134,LO,180493.53125,0.0,180493.53125,153277.171875,35787.34375
test_id_test_id_000979_04,test_id_000979,5,source_like,0,4,test_id_000979_t0_c4,big,big_0,1,1.4,0.98,4,44069.332,54932.5625,68172.953125,72030.578125,81276.0,32,36.151292512336134,LO,72030.578125,0.0,72030.578125,44069.33203125,26343.4375
test_id_test_id_000979_05,test_id_000979,5,source_like,0,5,test_id_000979_t0_c5,little,little_0,1,0.9,0.86,4,103571.47,109785.828125,124935.796875,129253.828125,139906.796875,32,36.151292512336134,LO,129253.828125,0.0,129253.828125,103571.46875,30120.96875
test_id_test_id_000979_06,test_id_000979,5,source_like,0,6,test_id_000979_t0_c6,big,big_0,2,1.8,1.06,4,37745.066,48989.625,61966.65625,65796.453125,74875.703125,32,36.151292512336134,LO,65796.453125,0.0,65796.453125,37745.06640625,25886.078125
test_id_test_id_000979_07,test_id_000979,57,sink_like,1,0,test_id_000979_t1_c0,little,little_0,3,1.5,1.0,56,307456.03,309193.53125,335825.65625,343432.78125,360381.5,32,36.151292512336134,LO,343432.78125,0.0,343432.78125,307456.03125,51187.96875
test_id_test_id_000979_08,test_id_000979,57,sink_like,1,1,test_id_000979_t1_c1,big,big_1,0,1.0,0.9,56,313516.44,323176.375,350798.9375,358634.25,376052.0625,32,36.151292512336134,LO,358634.25,0.0,358634.25,313516.4375,52875.6875
test_id_test_id_000979_09,test_id_000979,57,sink_like,1,2,test_id_000979_t1_c2,little,little_1,0,0.6,0.8,56,469595.66,505643.0625,546954.125,558777.125,581895.3125,32,36.151292512336134,LO,558777.125,0.0,558777.125,469595.65625,76252.25
test_id_test_id_000979_10,test_id_000979,57,sink_like,1,3,test_id_000979_t1_c3,big,big_1,1,1.4,0.98,56,236080.03,249022.875,271632.0,278312.21875,293327.59375,32,36.151292512336134,LO,278312.21875,0.0,278312.21875,236080.03125,44304.71875
test_id_test_id_000979_11,test_id_000979,57,sink_like,1,4,test_id_000979_t1_c4,little,little_1,1,0.9,0.86,56,421395.25,427954.0,463870.4375,474008.1875,495286.6875,32,36.151292512336134,LO,474008.1875,0.0,474008.1875,421395.25,67332.6875
test_id_test_id_000979_12,test_id_000979,57,sink_like,1,5,test_id_000979_t1_c5,big,big_0,2,1.8,1.06,56,234076.58,241890.1875,264079.96875,270673.0,285505.6875,32,36.151292512336134,LO,270673.0,0.0,270673.0,234076.578125,43615.5
test_id_test_id_000979_13,test_id_000979,57,sink_like,1,6,test_id_000979_t1_c6,little,little_0,2,1.2,0.93,56,407924.38,390313.0625,423454.0625,432810.03125,452940.6875,32,36.151292512336134,LO,432810.03125,0.0,432810.03125,407924.375,62627.625
test_id_test_id_000979_14,test_id_000979,83,middle,2,0,test_id_000979_t2_c0,big,big_1,0,1.0,0.9,82,197027.72,220900.96875,241772.5625,248028.125,262177.75,32,36.151292512336134,LO,248028.125,0.0,248028.125,197027.71875,41276.78125
test_id_test_id_000979_15,test_id_000979,83,middle,2,1,test_id_000979_t2_c1,little,little_0,0,0.6,0.8,82,348439.97,374694.125,405802.375,414523.75,433533.125,32,36.151292512336134,LO,414523.75,0.0,414523.75,348439.96875,58839.0
test_id_test_id_000979_16,test_id_000979,83,middle,2,2,test_id_000979_t2_c2,big,big_0,1,1.4,0.98,82,196953.3,207925.1875,228063.75,234132.28125,247908.40625,32,36.151292512336134,LO,234132.28125,0.0,234132.28125,196953.296875,39983.21875
test_id_test_id_000979_17,test_id_000979,83,middle,2,3,test_id_000979_t2_c3,little,little_0,1,0.9,0.86,82,278584.44,287749.15625,312715.28125,319887.9375,335960.90625,32,36.151292512336134,LO,319887.9375,0.0,319887.9375,278584.4375,48211.75
test_id_test_id_000979_18,test_id_000979,83,middle,2,4,test_id_000979_t2_c4,big,big_1,2,1.8,1.06,82,156746.1,191890.34375,211130.109375,216931.46875,230206.671875,32,36.151292512336134,LO,216931.46875,0.0,216931.46875,156746.09375,38316.328125
test_id_test_id_000979_19,test_id_000979,83,middle,2,5,test_id_000979_t2_c5,little,little_0,2,1.2,0.93,82,276830.97,284793.84375,309656.40625,316822.375,332872.3125,32,36.151292512336134,LO,316822.375,0.0,316822.375,276830.96875,48078.46875
test_id_test_id_000979_20,test_id_000979,83,middle,2,6,test_id_000979_t2_c6,big,big_0,3,2.2,1.15,82,124604.58,154291.265625,171372.71875,176344.015625,188138.625,32,36.151292512336134,LO,176344.015625,0.0,176344.015625,124604.578125,33847.359375
test_id_test_id_000979_21,test_id_000979,23,high_degree,3,0,test_id_000979_t3_c0,little,little_1,0,0.6,0.8,22,397037.94,360437.25,390070.9375,398190.84375,416290.5,32,36.151292512336134,LO,398190.84375,0.0,398190.84375,397037.9375,55853.25
test_id_test_id_000979_22,test_id_000979,23,high_degree,3,1,test_id_000979_t3_c1,big,big_0,1,1.4,0.98,22,135818.0,153052.09375,170053.265625,175030.46875,186823.875,32,36.151292512336134,LO,175030.46875,0.0,175030.46875,135818.0,33771.78125
test_id_test_id_000979_23,test_id_000979,23,high_degree,3,2,test_id_000979_t3_c2,little,little_0,1,0.9,0.86,22,262702.7,227303.09375,248426.984375,254701.8125,268913.0625,32,36.151292512336134,LO,254701.8125,0.0,254701.8125,262702.6875,41609.96875
test_id_test_id_000979_24,test_id_000979,23,high_degree,3,3,test_id_000979_t3_c3,big,big_1,2,1.8,1.06,22,113041.33,123743.640625,139337.421875,143695.78125,154446.5,32,36.151292512336134,LO,143695.78125,0.0,143695.78125,113041.328125,30702.859375
test_id_test_id_000979_25,test_id_000979,23,high_degree,3,4,test_id_000979_t3_c4,little,little_0,2,1.2,0.93,22,190933.56,195220.03125,214661.4375,220557.03125,233991.21875,32,36.151292512336134,LO,220557.03125,0.0,220557.03125,190933.5625,38771.1875
test_id_test_id_000979_26,test_id_000979,23,high_degree,3,5,test_id_000979_t3_c5,big,big_1,3,2.2,1.15,22,78162.016,86728.515625,101101.78125,105064.640625,115016.984375,32,36.151292512336134,LO,105064.640625,0.0,105064.640625,78162.015625,28288.46875
test_id_test_id_000979_27,test_id_000979,23,high_degree,3,6,test_id_000979_t3_c6,little,little_1,3,1.5,1.0,22,168711.31,175705.09375,193953.3125,199410.9375,212045.6875,32,36.151292512336134,LO,199410.9375,0.0,199410.9375,168711.3125,36340.59375
test_id_test_id_000979_28,test_id_000979,160,communication_heavy,4,0,test_id_000979_t4_c0,big,big_0,1,1.4,0.98,159,401730.28,373854.5,405551.15625,414464.9375,433876.8125,32,36.151292512336134,LO,414464.9375,0.0,414464.9375,401730.28125,60022.3125
test_id_test_id_000979_29,test_id_000979,160,communication_heavy,4,1,test_id_000979_t4_c1,little,little_0,1,0.9,0.86,159,587207.94,529720.1875,573872.75,586691.75,611208.5625,32,36.151292512336134,LO,586691.75,0.0,586691.75,587207.9375,81488.375
test_id_test_id_000979_30,test_id_000979,160,communication_heavy,4,2,test_id_000979_t4_c2,big,big_1,2,1.8,1.06,159,343511.1,337862.71875,366705.65625,374859.125,392900.9375,32,36.151292512336134,LO,374859.125,0.0,374859.125,343511.09375,55038.21875
test_id_test_id_000979_31,test_id_000979,160,communication_heavy,4,3,test_id_000979_t4_c3,little,little_1,2,1.2,0.93,159,659641.6,527525.4375,572648.125,585874.625,611237.0,32,36.151292512336134,LO,585874.625,0.0,585874.625,659641.625,83711.5625
test_id_test_id_000979_32,test_id_000979,160,communication_heavy,4,4,test_id_000979_t4_c4,big,big_0,3,2.2,1.15,159,286482.5,286752.09375,311810.5625,319046.53125,335253.84375,32,36.151292512336134,LO,319046.53125,0.0,319046.53125,286482.5,48501.75
test_id_test_id_000979_33,test_id_000979,160,communication_heavy,4,5,test_id_000979_t4_c5,little,little_0,3,1.5,1.0,159,421915.22,396550.8125,430219.0625,439712.84375,460077.125,32,36.151292512336134,LO,439712.84375,0.0,439712.84375,421915.21875,63526.3125
test_id_test_id_000979_34,test_id_000979,160,communication_heavy,4,6,test_id_000979_t4_c6,big,big_1,0,1.0,0.9,159,615496.4,528116.4375,572889.0,585973.625,611018.0625,32,36.151292512336134,LO,585973.625,0.0,585973.625,615496.375,82901.625
test_id_test_id_000979_35,test_id_000979,173,random,5,0,test_id_000979_t5_c0,little,little_1,1,0.9,0.86,172,563953.6,466073.625,505350.3125,516574.75,539343.0,32,36.151292512336134,LO,516574.75,0.0,516574.75,563953.625,73269.375
test_id_test_id_000979_36,test_id_000979,173,random,5,1,test_id_000979_t5_c1,big,big_1,2,1.8,1.06,172,199613.89,209443.28125,229843.15625,236028.703125,250045.125,32,36.151292512336134,LO,236028.703125,0.0,236028.703125,199613.890625,40601.84375
test_id_test_id_000979_37,test_id_000979,173,random,5,2,test_id_000979_t5_c2,little,little_0,2,1.2,0.93,172,379321.9,361284.125,391955.8125,400607.5,419536.8125,32,36.151292512336134,LO,400607.5,0.0,400607.5,379321.90625,58252.6875
test_id_test_id_000979_38,test_id_000979,173,random,5,3,test_id_000979_t5_c3,big,big_1,3,2.2,1.15,172,159371.73,179689.78125,198345.734375,203949.25,216887.25,32,36.151292512336134,LO,203949.25,0.0,203949.25,159371.734375,37197.46875
test_id_test_id_000979_39,test_id_000979,173,random,5,4,test_id_000979_t5_c4,little,little_0,3,1.5,1.0,172,295765.4,288045.71875,313176.1875,320427.53125,336643.59375,32,36.151292512336134,LO,320427.53125,0.0,320427.53125,295765.40625,48597.875
test_id_test_id_000979_40,test_id_000979,173,random,5,5,test_id_000979_t5_c5,big,big_1,0,1.0,0.9,172,280764.75,277934.625,302326.6875,309381.8125,325205.4375,32,36.151292512336134,LO,309381.8125,0.0,309381.8125,280764.75,47270.8125
test_id_test_id_000979_41,test_id_000979,173,random,5,6,test_id_000979_t5_c6,little,little_0,0,0.6,0.8,172,584114.6,546640.75,591211.3125,604175.625,628459.625,32,36.151292512336134,LO,604175.625,0.0,604175.625,584114.625,81818.875
test_id_test_id_000986_00,test_id_000986,1,source_like,0,0,test_id_000986_t0_c0,little,little_0,0,0.6,0.8,0,253582.86,254149.125,277915.71875,284832.125,300678.5625,32,36.151292512336134,HI,284832.125,15665.78125,300497.90625,253582.859375,46529.4375
test_id_test_id_000986_01,test_id_000986,1,source_like,0,1,test_id_000986_t0_c1,big,big_0,1,1.4,0.98,0,67607.81,79262.828125,93508.84375,97477.703125,107341.984375,32,36.151292512336134,HI,97477.703125,15665.78125,113143.484375,67607.8125,28079.15625
test_id_test_id_000986_02,test_id_000986,1,source_like,0,2,test_id_000986_t0_c2,little,little_1,1,0.9,0.86,0,157242.66,170682.8125,188907.34375,194401.6875,207117.03125,32,36.151292512336134,HI,194401.6875,15665.78125,210067.46875,157242.65625,36434.21875
test_id_test_id_000986_03,test_id_000986,1,source_like,0,3,test_id_000986_t0_c3,big,big_0,2,1.8,1.06,0,55482.723,70279.375,84178.171875,88030.140625,97525.8125,32,36.151292512336134,HI,88030.140625,15665.78125,103695.921875,55482.72265625,27246.4375
test_id_test_id_000986_04,test_id_000986,1,source_like,0,4,test_id_000986_t0_c4,little,little_1,2,1.2,0.93,0,131290.8,138377.515625,154456.9375,159095.9375,170275.4375,32,36.151292512336134,HI,159095.9375,15665.78125,174761.71875,131290.796875,31897.921875
test_id_test_id_000986_05,test_id_000986,1,source_like,0,5,test_id_000986_t0_c5,big,big_0,3,2.2,1.15,0,48008.29,57415.234375,70689.921875,74477.203125,83625.796875,32,36.151292512336134,HI,74477.203125,15665.78125,90142.984375,48008.2890625,26210.5625
test_id_test_id_000986_06,test_id_000986,1,source_like,0,6,test_id_000986_t0_c6,little,little_0,3,1.5,1.0,0,102207.84,105773.875,120670.15625,124792.078125,135109.203125,32,36.151292512336134,HI,124792.078125,15665.78125,140457.859375,102207.84375,29335.328125
test_id_test_id_000986_07,test_id_000986,5,sink_like,1,0,test_id_000986_t1_c0,big,big_1,1,1.4,0.98,4,81471.07,104346.609375,119387.40625,123598.703125,134103.109375,32,36.151292512336134,HI,123598.703125,15665.78125,139264.484375,81471.0703125,29756.5
test_id_test_id_000986_08,test_id_000986,5,sink_like,1,1,test_id_000986_t1_c1,little,little_1,1,0.9,0.86,4,153674.61,165403.9375,183366.34375,188790.28125,201390.34375,32,36.151292512336134,HI,188790.28125,15665.78125,204456.0625,153674.609375,35986.40625
test_id_test_id_000986_09,test_id_000986,5,sink_like,1,2,test_id_000986_t1_c2,big,big_0,2,1.8,1.06,4,60036.56,72256.921875,86210.703125,90138.078125,99828.59375,32,36.151292512336134,HI,90138.078125,15665.78125,105803.859375,60036.55859375,27571.671875
test_id_test_id_000986_10,test_id_000986,5,sink_like,1,3,test_id_000986_t1_c3,little,little_1,2,1.2,0.93,4,130783.5,139905.9375,156196.65625,160939.625,172315.75,32,36.151292512336134,HI,160939.625,15665.78125,176605.40625,130783.5,32409.8125
test_id_test_id_000986_11,test_id_000986,5,sink_like,1,4,test_id_000986_t1_c4,big,big_1,3,2.2,1.15,4,43832.582,55898.359375,69108.78125,72923.546875,82114.796875,32,36.151292512336134,HI,72923.546875,15665.78125,88589.328125,43832.58203125,26216.4375
test_id_test_id_000986_12,test_id_000986,5,sink_like,1,5,test_id_000986_t1_c5,little,little_1,3,1.5,1.0,4,101522.78,112244.234375,127353.953125,131569.421875,142059.3125,32,36.151292512336134,HI,131569.421875,15665.78125,147235.203125,101522.78125,29815.078125
test_id_test_id_000986_13,test_id_000986,5,sink_like,1,6,test_id_000986_t1_c6,big,big_0,0,1.0,0.9,4,102281.27,116141.109375,131633.828125,136098.96875,147045.59375,32,36.151292512336134,HI,136098.96875,15665.78125,151764.75,102281.2734375,30904.484375
test_id_test_id_000986_14,test_id_000986,189,middle,2,0,test_id_000986_t2_c0,little,little_1,1,0.9,0.86,188,288441.56,278505.125,302777.5625,309756.0625,325451.40625,32,36.151292512336134,HI,309756.0625,15665.78125,325421.84375,288441.5625,46946.28125
test_id_test_id_000986_15,test_id_000986,189,middle,2,1,test_id_000986_t2_c1,big,big_0,2,1.8,1.06,188,109079.84,129616.9375,145432.40625,149894.4375,160811.859375,32,36.151292512336134,HI,149894.4375,15665.78125,165560.21875,109079.84375,31194.921875
test_id_test_id_000986_16,test_id_000986,189,middle,2,2,test_id_000986_t2_c2,little,little_0,2,1.2,0.93,188,236768.23,237638.6875,259431.09375,265873.96875,280420.71875,32,36.151292512336134,HI,265873.96875,15665.78125,281539.75,236768.234375,42782.03125
test_id_test_id_000986_17,test_id_000986,189,middle,2,3,test_id_000986_t2_c3,big,big_0,3,2.2,1.15,188,105008.23,117502.0,132887.53125,137143.828125,147729.796875,32,36.151292512336134,HI,137143.828125,15665.78125,152809.609375,105008.2265625,30227.796875
test_id_test_id_000986_18,test_id_000986,189,middle,2,4,test_id_000986_t2_c4,little,little_1,3,1.5,1.0,188,174334.08,192120.125,211401.8125,217220.15625,230532.046875,32,36.151292512336134,HI,217220.15625,15665.78125,232885.9375,174334.078125,38411.921875
test_id_test_id_000986_19,test_id_000986,189,middle,2,5,test_id_000986_t2_c5,big,big_0,0,1.0,0.9,188,179006.23,193188.328125,212678.03125,218636.1875,232202.28125,32,36.151292512336134,HI,218636.1875,15665.78125,234301.96875,179006.234375,39013.953125
test_id_test_id_000986_20,test_id_000986,189,middle,2,6,test_id_000986_t2_c6,little,little_0,0,0.6,0.8,188,396781.75,374474.25,405327.9375,413918.65625,432755.40625,32,36.151292512336134,HI,413918.65625,15665.78125,429584.4375,396781.75,58281.15625
test_id_test_id_000986_21,test_id_000986,15,high_degree,3,0,test_id_000986_t3_c0,big,big_0,2,1.8,1.06,14,109686.67,137721.65625,153946.3125,158573.796875,169777.5,32,36.151292512336134,HI,158573.796875,15665.78125,174239.578125,109686.671875,32055.84375
test_id_test_id_000986_22,test_id_000986,15,high_degree,3,1,test_id_000986_t3_c1,little,little_0,2,1.2,0.93,14,212682.94,213407.78125,233895.734375,240072.25,254062.0625,32,36.151292512336134,HI,240072.25,15665.78125,255738.03125,212682.9375,40654.28125
test_id_test_id_000986_23,test_id_000986,15,high_degree,3,2,test_id_000986_t3_c2,big,big_1,3,2.2,1.15,14,110522.8,128381.5625,144222.234375,148655.453125,159545.625,32,36.151292512336134,HI,148655.453125,15665.78125,164321.234375,110522.796875,31164.0625
test_id_test_id_000986_24,test_id_000986,15,high_degree,3,3,test_id_000986_t3_c3,little,little_1,3,1.5,1.0,14,182985.0,200211.8125,219909.890625,225844.1875,239371.953125,32,36.151292512336134,HI,225844.1875,15665.78125,241509.96875,182985.0,39160.140625
test_id_test_id_000986_25,test_id_000986,15,high_degree,3,4,test_id_000986_t3_c4,big,big_0,0,1.0,0.9,14,185054.61,201129.9375,220997.40625,227037.0,240764.125,32,36.151292512336134,HI,227037.0,15665.78125,242702.78125,185054.609375,39634.1875
test_id_test_id_000986_26,test_id_000986,15,high_degree,3,5,test_id_000986_t3_c5,little,little_1,0,0.6,0.8,14,368625.38,352869.25,382064.5625,390201.15625,408235.25,32,36.151292512336134,HI,390201.15625,15665.78125,405866.9375,368625.375,55366.0
test_id_test_id_000986_27,test_id_000986,15,high_degree,3,6,test_id_000986_t3_c6,big,big_1,1,1.4,0.98,14,139701.48,167775.375,185689.765625,191033.65625,203483.40625,32,36.151292512336134,HI,191033.65625,15665.78125,206699.4375,139701.484375,35708.03125
test_id_test_id_000986_28,test_id_000986,370,communication_heavy,4,0,test_id_000986_t4_c0,little,little_1,2,1.2,0.93,369,400393.12,389674.0,422645.375,431934.0,451946.375,32,36.151292512336134,HI,431934.0,15665.78125,447599.78125,400393.125,62272.375
test_id_test_id_000986_29,test_id_000986,370,communication_heavy,4,1,test_id_000986_t4_c1,big,big_1,3,2.2,1.15,369,185591.34,217031.28125,237876.453125,244179.1875,258444.734375,32,36.151292512336134,HI,244179.1875,15665.78125,259844.96875,185591.34375,41413.453125
test_id_test_id_000986_30,test_id_000986,370,communication_heavy,4,2,test_id_000986_t4_c2,little,little_0,3,1.5,1.0,369,357399.44,359237.1875,389882.25,398536.375,417483.0,32,36.151292512336134,HI,398536.375,15665.78125,414202.15625,357399.4375,58245.8125
test_id_test_id_000986_31,test_id_000986,370,communication_heavy,4,3,test_id_000986_t4_c3,big,big_1,0,1.0,0.9,369,306188.66,334340.8125,362762.28125,370789.0625,388581.5625,32,36.151292512336134,HI,370789.0625,15665.78125,386454.84375,306188.65625,54240.75
test_id_test_id_000986_32,test_id_000986,370,communication_heavy,4,4,test_id_000986_t4_c4,little,little_0,0,0.6,0.8,369,680894.8,594044.5,642204.0625,656415.9375,681906.25,32,36.151292512336134,HI,656415.9375,15665.78125,672081.71875,680894.8125,87861.75
test_id_test_id_000986_33,test_id_000986,370,communication_heavy,4,5,test_id_000986_t4_c5,big,big_1,1,1.4,0.98,369,294999.34,301502.40625,327566.46875,335024.6875,351684.1875,32,36.151292512336134,HI,335024.6875,15665.78125,350690.46875,294999.34375,50181.78125
test_id_test_id_000986_34,test_id_000986,370,communication_heavy,4,6,test_id_000986_t4_c6,little,little_1,1,0.9,0.86,369,547587.8,493383.375,534694.125,546553.0,570050.375,32,36.151292512336134,HI,546553.0,15665.78125,562218.78125,547587.8125,76667.0
test_id_test_id_000986_35,test_id_000986,256,random,5,0,test_id_000986_t5_c0,big,big_0,3,2.2,1.15,255,55388.88,61499.0,74965.96875,78815.53125,88176.84375,32,36.151292512336134,HI,78815.53125,15665.78125,94481.3125,55388.87890625,26677.84375
test_id_test_id_000986_36,test_id_000986,256,random,5,1,test_id_000986_t5_c1,little,little_0,3,1.5,1.0,255,120515.375,123924.859375,139444.8125,143829.296875,154602.9375,32,36.151292512336134,HI,143829.296875,15665.78125,159495.078125,120515.375,30678.078125
test_id_test_id_000986_37,test_id_000986,256,random,5,2,test_id_000986_t5_c2,big,big_0,0,1.0,0.9,255,116359.07,125096.5,140951.90625,145564.75,156764.9375,32,36.151292512336134,HI,145564.75,15665.78125,161230.53125,116359.0703125,31668.4375
test_id_test_id_000986_38,test_id_000986,256,random,5,3,test_id_000986_t5_c3,little,little_1,0,0.6,0.8,255,204351.6,225745.828125,247971.03125,254712.40625,269996.5625,32,36.151292512336134,HI,254712.40625,15665.78125,270378.1875,204351.59375,44250.734375
test_id_test_id_000986_39,test_id_000986,256,random,5,4,test_id_000986_t5_c4,big,big_1,1,1.4,0.98,255,100178.94,106442.703125,121589.828125,125853.609375,136461.703125,32,36.151292512336134,HI,125853.609375,15665.78125,141519.390625,100178.9375,30019.0
test_id_test_id_000986_40,test_id_000986,256,random,5,5,test_id_000986_t5_c5,little,little_1,1,0.9,0.86,255,168457.31,177479.125,196104.3125,201752.4375,214766.171875,32,36.151292512336134,HI,201752.4375,15665.78125,217418.21875,168457.3125,37287.046875
test_id_test_id_000986_41,test_id_000986,256,random,5,6,test_id_000986_t5_c6,big,big_1,2,1.8,1.06,255,56626.78,68665.65625,82431.53125,86324.625,95894.265625,32,36.151292512336134,HI,86324.625,15665.78125,101990.40625,56626.78125,27228.609375
test_id_test_id_000988_00,test_id_000988,2,source_like,0,0,test_id_000988_t0_c0,little,little_1,0,0.6,0.8,1,179172.38,183024.90625,202756.734375,208788.6875,222620.59375,32,36.151292512336134,LO,208788.6875,0.0,208788.6875,179172.375,39595.6875
test_id_test_id_000988_01,test_id_000988,2,source_like,0,1,test_id_000988_t0_c1,big,big_1,1,1.4,0.98,1,53035.87,61079.796875,74606.171875,78479.875,87862.859375,32,36.151292512336134,LO,78479.875,0.0,78479.875,53035.87109375,26783.0625
test_id_test_id_000988_02,test_id_000988,2,source_like,0,2,test_id_000988_t0_c2,little,little_0,1,0.9,0.86,1,119385.02,128037.421875,143981.40625,148603.75,159798.0,32,36.151292512336134,LO,148603.75,0.0,148603.75,119385.0234375,31760.578125
test_id_test_id_000988_03,test_id_000988,2,source_like,0,3,test_id_000988_t0_c3,big,big_0,2,1.8,1.06,1,35768.28,46291.65625,59108.734375,62906.921875,71878.859375,32,36.151292512336134,LO,62906.921875,0.0,62906.921875,35768.28125,25587.203125
test_id_test_id_000988_04,test_id_000988,2,source_like,0,4,test_id_000988_t0_c4,little,little_0,2,1.2,0.93,1,89835.91,95074.03125,109755.9375,113853.125,124103.765625,32,36.151292512336134,LO,113853.125,0.0,113853.125,89835.90625,29029.734375
test_id_test_id_000988_05,test_id_000988,2,source_like,0,5,test_id_000988_t0_c5,big,big_1,3,2.2,1.15,1,37358.812,44908.609375,57697.0625,61505.515625,70471.359375,32,36.151292512336134,LO,61505.515625,0.0,61505.515625,37358.8125,25562.75
test_id_test_id_000988_06,test_id_000988,2,source_like,0,6,test_id_000988_t0_c6,little,little_0,3,1.5,1.0,1,76206.95,80263.78125,94594.78125,98554.015625,108418.328125,32,36.151292512336134,LO,98554.015625,0.0,98554.015625,76206.953125,28154.546875
test_id_test_id_000988_07,test_id_000988,33,sink_like,1,0,test_id_000988_t1_c0,big,big_1,1,1.4,0.98,32,218693.55,228633.328125,250010.609375,256403.53125,270828.53125,32,36.151292512336134,LO,256403.53125,0.0,256403.53125,218693.546875,42195.203125
test_id_test_id_000988_08,test_id_000988,33,sink_like,1,1,test_id_000988_t1_c1,little,little_1,1,0.9,0.86,32,365266.72,355236.4375,385163.5,393579.3125,412066.0,32,36.151292512336134,LO,393579.3125,0.0,393579.3125,365266.71875,56829.5625
test_id_test_id_000988_09,test_id_000988,33,sink_like,1,2,test_id_000988_t1_c2,big,big_1,2,1.8,1.06,32,203069.7,215154.546875,235770.59375,241982.578125,256046.625,32,36.151292512336134,LO,241982.578125,0.0,241982.578125,203069.703125,40892.078125
test_id_test_id_000988_10,test_id_000988,33,sink_like,1,3,test_id_000988_t1_c3,little,little_1,2,1.2,0.93,32,275206.22,277299.46875,301648.1875,308698.65625,324501.9375,32,36.151292512336134,LO,308698.65625,0.0,308698.65625,275206.21875,47202.46875
test_id_test_id_000988_11,test_id_000988,33,sink_like,1,4,test_id_000988_t1_c4,big,big_1,3,2.2,1.15,32,114781.79,142165.96875,158620.75,163341.75,174706.6875,32,36.151292512336134,LO,163341.75,0.0,163341.75,114781.7890625,32540.71875
test_id_test_id_000988_12,test_id_000988,33,sink_like,1,5,test_id_000988_t1_c5,little,little_1,3,1.5,1.0,32,230716.3,243449.40625,265706.125,272308.5,287157.03125,32,36.151292512336134,LO,272308.5,0.0,272308.5,230716.296875,43707.625
test_id_test_id_000988_13,test_id_000988,33,sink_like,1,6,test_id_000988_t1_c6,big,big_1,0,1.0,0.9,32,268198.38,259611.203125,282801.125,289573.5625,304811.9375,32,36.151292512336134,LO,289573.5625,0.0,289573.5625,268198.375,45200.734375
test_id_test_id_000988_14,test_id_000988,14,middle,2,0,test_id_000988_t2_c0,little,little_0,1,0.9,0.86,13,208054.56,206915.21875,227072.421875,233164.84375,247006.78125,32,36.151292512336134,LO,233164.84375,0.0,233164.84375,208054.5625,40091.5625
test_id_test_id_000988_15,test_id_000988,14,middle,2,1,test_id_000988_t2_c1,big,big_0,2,1.8,1.06,13,91975.62,108451.9375,123564.8125,127731.5625,138163.65625,32,36.151292512336134,LO,127731.5625,0.0,127731.5625,91975.6171875,29711.71875
test_id_test_id_000988_16,test_id_000988,14,middle,2,2,test_id_000988_t2_c2,little,little_1,2,1.2,0.93,13,168463.12,188053.0625,207029.34375,212754.78125,225880.5,32,36.151292512336134,LO,212754.78125,0.0,212754.78125,168463.125,37827.4375
test_id_test_id_000988_17,test_id_000988,14,middle,2,3,test_id_000988_t2_c3,big,big_0,3,2.2,1.15,13,60015.9,74140.703125,88093.71875,91979.40625,101626.96875,32,36.151292512336134,LO,91979.40625,0.0,91979.40625,60015.8984375,27486.265625
test_id_test_id_000988_18,test_id_000988,14,middle,2,4,test_id_000988_t2_c4,little,little_0,3,1.5,1.0,13,132903.95,153624.78125,170591.8125,175561.65625,187327.59375,32,36.151292512336134,LO,175561.65625,0.0,175561.65625,132903.953125,33702.8125
test_id_test_id_000988_19,test_id_000988,14,middle,2,5,test_id_000988_t2_c5,big,big_0,0,1.0,0.9,13,145716.53,168494.1875,186524.34375,191980.9375,204630.28125,32,36.151292512336134,LO,191980.9375,0.0,191980.9375,145716.53125,36136.09375
test_id_test_id_000988_20,test_id_000988,14,middle,2,6,test_id_000988_t2_c6,little,little_0,0,0.6,0.8,13,302642.97,304402.96875,330658.09375,337991.875,354757.09375,32,36.151292512336134,LO,337991.875,0.0,337991.875,302642.96875,50354.125
test_id_test_id_000988_21,test_id_000988,45,communication_heavy,3,0,test_id_000988_t3_c0,big,big_0,2,1.8,1.06,44,335132.88,311241.71875,338024.625,345661.71875,362685.0,32,36.151292512336134,LO,345661.71875,0.0,345661.71875,335132.875,51443.28125
test_id_test_id_000988_22,test_id_000988,45,communication_heavy,3,1,test_id_000988_t3_c1,little,little_0,2,1.2,0.93,44,562962.3,463692.6875,503111.09375,514403.25,537344.6875,32,36.151292512336134,LO,514403.25,0.0,514403.25,562962.3125,73652.0
test_id_test_id_000988_23,test_id_000988,45,communication_heavy,3,2,test_id_000988_t3_c2,big,big_1,3,2.2,1.15,44,288357.4,264629.75,288226.8125,295139.21875,310653.46875,32,36.151292512336134,LO,295139.21875,0.0,295139.21875,288357.40625,46023.71875
test_id_test_id_000988_24,test_id_000988,45,communication_heavy,3,3,test_id_000988_t3_c3,little,little_0,3,1.5,1.0,44,355140.22,351669.90625,381563.3125,389995.1875,408547.0,32,36.151292512336134,LO,389995.1875,0.0,389995.1875,355140.21875,56877.09375
test_id_test_id_000988_25,test_id_000988,45,communication_heavy,3,4,test_id_000988_t3_c4,big,big_1,0,1.0,0.9,44,467242.44,430408.4375,466760.1875,477049.125,498589.4375,32,36.151292512336134,LO,477049.125,0.0,477049.125,467242.4375,68181.0
test_id_test_id_000988_26,test_id_000988,45,communication_heavy,3,5,test_id_000988_t3_c5,little,little_1,0,0.6,0.8,44,794863.2,645849.9375,698715.5,714649.1875,742118.875,32,36.151292512336134,LO,714649.1875,0.0,714649.1875,794863.1875,96268.9375
test_id_test_id_000988_27,test_id_000988,45,communication_heavy,3,6,test_id_000988_t3_c6,big,big_1,1,1.4,0.98,44,408998.84,360212.09375,390810.3125,399427.625,418317.84375,32,36.151292512336134,LO,399427.625,0.0,399427.625,408998.84375,58105.75
test_id_test_id_000988_28,test_id_000988,38,random,4,0,test_id_000988_t4_c0,little,little_0,2,1.2,0.93,37,219685.2,223550.78125,244537.078125,250804.796875,264981.21875,32,36.151292512336134,LO,250804.796875,0.0,250804.796875,219685.203125,41430.4375
test_id_test_id_000988_29,test_id_000988,38,random,4,1,test_id_000988_t4_c1,big,big_1,3,2.2,1.15,37,126064.27,138004.140625,154285.640625,158901.65625,170099.53125,32,36.151292512336134,LO,158901.65625,0.0,158901.65625,126064.2734375,32095.390625
test_id_test_id_000988_30,test_id_000988,38,random,4,2,test_id_000988_t4_c2,little,little_1,3,1.5,1.0,37,192413.64,204161.71875,224053.3125,230037.9375,243655.96875,32,36.151292512336134,LO,230037.9375,0.0,230037.9375,192413.640625,39494.25
test_id_test_id_000988_31,test_id_000988,38,random,4,3,test_id_000988_t4_c3,big,big_1,0,1.0,0.9,37,211249.6,201730.3125,221595.53125,227627.046875,241332.546875,32,36.151292512336134,LO,227627.046875,0.0,227627.046875,211249.59375,39602.234375
test_id_test_id_000988_32,test_id_000988,38,random,4,4,test_id_000988_t4_c4,little,little_1,0,0.6,0.8,37,385975.12,378681.4375,409885.75,418588.625,437602.125,32,36.151292512336134,LO,418588.625,0.0,418588.625,385975.125,58920.6875
test_id_test_id_000988_33,test_id_000988,38,random,4,5,test_id_000988_t4_c5,big,big_0,1,1.4,0.98,37,149110.52,171546.796875,189681.90625,195116.4375,207724.28125,32,36.151292512336134,LO,195116.4375,0.0,195116.4375,149110.515625,36177.484375
test_id_test_id_000988_34,test_id_000988,38,random,4,6,test_id_000988_t4_c6,little,little_1,1,0.9,0.86,37,246652.25,240029.859375,261869.609375,268308.71875,282849.375,32,36.151292512336134,LO,268308.71875,0.0,268308.71875,246652.25,42819.515625
test_id_test_id_000988_35,test_id_000988,36,diverse_fill_1,5,0,test_id_000988_t5_c0,big,big_1,3,2.2,1.15,35,163952.3,178510.90625,197123.1875,202711.25,215625.265625,32,36.151292512336134,LO,202711.25,0.0,202711.25,163952.296875,37114.359375
test_id_test_id_000988_36,test_id_000988,36,diverse_fill_1,5,1,test_id_000988_t5_c1,little,little_1,3,1.5,1.0,35,232148.47,251615.6875,274375.21875,281091.59375,296183.09375,32,36.151292512336134,LO,281091.59375,0.0,281091.59375,232148.46875,44567.40625
test_id_test_id_000988_37,test_id_000988,36,diverse_fill_1,5,2,test_id_000988_t5_c2,big,big_1,0,1.0,0.9,35,278067.97,277569.8125,301924.90625,308960.0,324754.9375,32,36.151292512336134,LO,308960.0,0.0,308960.0,278067.96875,47185.125
test_id_test_id_000988_38,test_id_000988,36,diverse_fill_1,5,3,test_id_000988_t5_c3,little,little_0,0,0.6,0.8,35,553732.1,506138.5,547371.8125,559163.75,582195.625,32,36.151292512336134,LO,559163.75,0.0,559163.75,553732.125,76057.125
test_id_test_id_000988_39,test_id_000988,36,diverse_fill_1,5,4,test_id_000988_t5_c4,big,big_0,1,1.4,0.98,35,193083.47,213268.828125,233875.5625,240114.5,254231.765625,32,36.151292512336134,LO,240114.5,0.0,240114.5,193083.46875,40962.9375
test_id_test_id_000988_40,test_id_000988,36,diverse_fill_1,5,5,test_id_000988_t5_c5,little,little_1,1,0.9,0.86,35,398689.34,404785.5625,438920.59375,448551.625,469083.5625,32,36.151292512336134,LO,448551.625,0.0,448551.625,398689.34375,64298.0
test_id_test_id_000988_41,test_id_000988,36,diverse_fill_1,5,6,test_id_000988_t5_c6,big,big_1,2,1.8,1.06,35,159587.11,189469.84375,208725.234375,214554.359375,227900.78125,32,36.151292512336134,LO,214554.359375,0.0,214554.359375,159587.109375,38430.9375
test_id_test_id_000989_00,test_id_000989,1,source_like,0,0,test_id_000989_t0_c0,big,big_1,1,1.4,0.98,0,58476.516,62076.25,75619.796875,79489.890625,88886.109375,32,36.151292512336134,HI,79489.890625,15665.78125,95155.671875,58476.515625,26809.859375
test_id_test_id_000989_01,test_id_000989,1,source_like,0,1,test_id_000989_t0_c1,little,little_1,1,0.9,0.86,0,137057.98,135608.859375,151926.4375,156693.890625,168137.03125,32,36.151292512336134,HI,156693.890625,15665.78125,172359.671875,137057.984375,32528.171875
test_id_test_id_000989_02,test_id_000989,1,source_like,0,2,test_id_000989_t0_c2,big,big_0,2,1.8,1.06,0,49091.824,55341.046875,68556.84375,72371.09375,81533.34375,32,36.151292512336134,HI,72371.09375,15665.78125,88036.875,49091.82421875,26192.296875
test_id_test_id_000989_03,test_id_000989,1,source_like,0,3,test_id_000989_t0_c3,little,little_0,2,1.2,0.93,0,103656.83,100205.703125,115004.953125,119137.46875,129469.9375,32,36.151292512336134,HI,119137.46875,15665.78125,134803.25,103656.828125,29264.234375
test_id_test_id_000989_04,test_id_000989,1,source_like,0,4,test_id_000989_t0_c4,big,big_0,3,2.2,1.15,0,43146.016,47701.171875,60559.953125,64344.640625,73314.21875,32,36.151292512336134,HI,64344.640625,15665.78125,80010.421875,43146.015625,25613.046875
test_id_test_id_000989_05,test_id_000989,1,source_like,0,5,test_id_000989_t0_c5,little,little_0,3,1.5,1.0,0,80686.69,82012.84375,96355.703125,100323.46875,110224.34375,32,36.151292512336134,HI,100323.46875,15665.78125,115989.25,80686.6875,28211.5
test_id_test_id_000989_06,test_id_000989,1,source_like,0,6,test_id_000989_t0_c6,big,big_1,0,1.0,0.9,0,77108.9,79699.234375,94063.640625,98112.09375,108141.859375,32,36.151292512336134,HI,98112.09375,15665.78125,113777.875,77108.8984375,28442.625
test_id_test_id_000989_07,test_id_000989,15,sink_like,1,0,test_id_000989_t1_c0,little,little_0,1,0.9,0.86,14,202327.67,198244.03125,217913.40625,223841.359375,237377.15625,32,36.151292512336134,HI,223841.359375,15665.78125,239507.140625,202327.671875,39133.125
test_id_test_id_000989_08,test_id_000989,15,sink_like,1,1,test_id_000989_t1_c1,big,big_1,2,1.8,1.06,14,67628.03,82715.15625,97047.84375,100993.125,110862.765625,32,36.151292512336134,HI,100993.125,15665.78125,116658.90625,67628.03125,28147.609375
test_id_test_id_000989_09,test_id_000989,15,sink_like,1,2,test_id_000989_t1_c2,little,little_1,2,1.2,0.93,14,150855.69,156661.28125,173798.90625,178880.296875,190823.125,32,36.151292512336134,HI,178880.296875,15665.78125,194546.078125,150855.6875,34161.84375
test_id_test_id_000989_10,test_id_000989,15,sink_like,1,3,test_id_000989_t1_c3,big,big_1,3,2.2,1.15,14,63373.367,80219.5625,94552.203125,98484.6875,108300.078125,32,36.151292512336134,HI,98484.6875,15665.78125,114150.46875,63373.3671875,28080.515625
test_id_test_id_000989_11,test_id_000989,15,sink_like,1,4,test_id_000989_t1_c4,little,little_1,3,1.5,1.0,14,109730.625,122914.015625,138382.875,142744.359375,153465.75,32,36.151292512336134,HI,142744.359375,15665.78125,158410.140625,109730.625,30551.734375
test_id_test_id_000989_12,test_id_000989,15,sink_like,1,5,test_id_000989_t1_c5,big,big_0,0,1.0,0.9,14,126950.05,143246.796875,159759.25,164604.71875,176165.21875,32,36.151292512336134,HI,164604.71875,15665.78125,180270.5,126950.046875,32918.421875
test_id_test_id_000989_13,test_id_000989,15,sink_like,1,6,test_id_000989_t1_c6,little,little_1,0,0.6,0.8,14,318416.03,282434.34375,307510.625,314606.90625,330896.1875,32,36.151292512336134,HI,314606.90625,15665.78125,330272.6875,318416.03125,48461.84375
test_id_test_id_000989_14,test_id_000989,128,middle,2,0,test_id_000989_t2_c0,big,big_0,2,1.8,1.06,127,50771.117,61856.34375,75479.765625,79409.28125,88923.390625,32,36.151292512336134,HI,79409.28125,15665.78125,95075.0625,50771.1171875,27067.046875
test_id_test_id_000989_15,test_id_000989,128,middle,2,1,test_id_000989_t2_c1,little,little_0,2,1.2,0.93,127,93014.19,105254.375,120175.40625,124367.578125,134813.15625,32,36.151292512336134,HI,124367.578125,15665.78125,140033.359375,93014.1875,29558.78125
test_id_test_id_000989_16,test_id_000989,128,middle,2,2,test_id_000989_t2_c2,big,big_1,3,2.2,1.15,127,38290.715,44690.828125,57518.9375,61363.65625,70406.421875,32,36.151292512336134,HI,61363.65625,15665.78125,77029.4375,38290.71484375,25715.59375
test_id_test_id_000989_17,test_id_000989,128,middle,2,3,test_id_000989_t2_c3,little,little_0,3,1.5,1.0,127,62416.98,79583.078125,93805.6875,97773.90625,107646.046875,32,36.151292512336134,HI,97773.90625,15665.78125,113439.6875,62416.98046875,28062.96875
test_id_test_id_000989_18,test_id_000989,128,middle,2,4,test_id_000989_t2_c4,big,big_0,0,1.0,0.9,127,80602.66,84603.515625,99146.859375,103290.21875,113559.65625,32,36.151292512336134,HI,103290.21875,15665.78125,118956.0,80602.65625,28956.140625
test_id_test_id_000989_19,test_id_000989,128,middle,2,5,test_id_000989_t2_c5,little,little_1,0,0.6,0.8,127,157436.89,171216.765625,189908.71875,195615.03125,208759.828125,32,36.151292512336134,HI,195615.03125,15665.78125,211280.8125,157436.890625,37543.0625
test_id_test_id_000989_20,test_id_000989,128,middle,2,6,test_id_000989_t2_c6,big,big_1,1,1.4,0.98,127,54562.76,67398.625,81230.96875,85178.1875,94822.484375,32,36.151292512336134,HI,85178.1875,15665.78125,100843.96875,54562.76171875,27423.859375
test_id_test_id_000989_21,test_id_000989,81,high_degree,3,0,test_id_000989_t3_c0,little,little_0,2,1.2,0.93,80,160689.47,170095.796875,188056.640625,193444.734375,205949.375,32,36.151292512336134,HI,193444.734375,15665.78125,209110.515625,160689.46875,35853.578125
test_id_test_id_000989_22,test_id_000989,81,high_degree,3,1,test_id_000989_t3_c1,big,big_0,3,2.2,1.15,80,62845.363,73096.484375,86988.265625,90860.3125,100465.265625,32,36.151292512336134,HI,90860.3125,15665.78125,106526.09375,62845.36328125,27368.78125
test_id_test_id_000989_23,test_id_000989,81,high_degree,3,2,test_id_000989_t3_c2,little,little_0,3,1.5,1.0,80,150695.5,159252.4375,176470.34375,181525.9375,193444.03125,32,36.151292512336134,HI,181525.9375,15665.78125,197191.71875,150695.5,34191.59375
test_id_test_id_000989_24,test_id_000989,81,high_degree,3,3,test_id_000989_t3_c3,big,big_1,0,1.0,0.9,80,148054.47,154327.375,171582.125,176745.53125,188877.125,32,36.151292512336134,HI,176745.53125,15665.78125,192411.3125,148054.46875,34549.75
test_id_test_id_000989_25,test_id_000989,81,high_degree,3,4,test_id_000989_t3_c4,little,little_1,0,0.6,0.8,80,323036.22,304531.8125,330875.28125,338247.5625,355072.5,32,36.151292512336134,HI,338247.5625,15665.78125,353913.34375,323036.21875,50540.6875
test_id_test_id_000989_26,test_id_000989,81,high_degree,3,5,test_id_000989_t3_c5,big,big_1,1,1.4,0.98,80,112018.09,123733.609375,139341.28125,143755.5625,154598.015625,32,36.151292512336134,HI,143755.5625,15665.78125,159421.34375,112018.09375,30864.40625
test_id_test_id_000989_27,test_id_000989,81,high_degree,3,6,test_id_000989_t3_c6,little,little_0,1,0.9,0.86,80,250887.38,223688.703125,244630.296875,250827.859375,264918.875,32,36.151292512336134,HI,250827.859375,15665.78125,266493.640625,250887.375,41230.171875
test_id_test_id_000989_28,test_id_000989,237,communication_heavy,4,0,test_id_000989_t4_c0,big,big_1,3,2.2,1.15,236,132376.3,134091.5,150126.8125,154659.0,165702.15625,32,36.151292512336134,HI,154659.0,15665.78125,170324.78125,132376.296875,31610.65625
test_id_test_id_000989_29,test_id_000989,237,communication_heavy,4,1,test_id_000989_t4_c1,little,little_1,3,1.5,1.0,236,188755.31,193544.0,212892.046875,218728.21875,232071.328125,32,36.151292512336134,HI,218728.21875,15665.78125,234394.0,188755.3125,38527.328125
test_id_test_id_000989_30,test_id_000989,237,communication_heavy,4,2,test_id_000989_t4_c2,big,big_0,0,1.0,0.9,236,267626.2,229110.984375,250361.046875,256663.734375,270934.125,32,36.151292512336134,HI,256663.734375,15665.78125,272329.515625,267626.1875,41823.140625
test_id_test_id_000989_31,test_id_000989,237,communication_heavy,4,3,test_id_000989_t4_c3,little,little_1,0,0.6,0.8,236,363856.25,355978.375,385604.53125,393899.875,412222.0,32,36.151292512336134,HI,393899.875,15665.78125,409565.65625,363856.25,56243.625
test_id_test_id_000989_32,test_id_000989,237,communication_heavy,4,4,test_id_000989_t4_c4,big,big_1,1,1.4,0.98,236,179031.19,182902.859375,201675.75,207338.84375,220360.59375,32,36.151292512336134,HI,207338.84375,15665.78125,223004.625,179031.1875,37457.734375
test_id_test_id_000989_33,test_id_000989,237,communication_heavy,4,5,test_id_000989_t4_c5,little,little_0,1,0.9,0.86,236,345404.75,292578.5625,317850.53125,325081.6875,341292.53125,32,36.151292512336134,HI,325081.6875,15665.78125,340747.46875,345404.75,48713.96875
test_id_test_id_000989_34,test_id_000989,237,communication_heavy,4,6,test_id_000989_t4_c6,big,big_1,2,1.8,1.06,236,138120.25,155702.9375,172867.421875,177891.34375,189774.484375,32,36.151292512336134,HI,177891.34375,15665.78125,193557.125,138120.25,34071.546875
test_id_test_id_000989_35,test_id_000989,251,random,5,0,test_id_000989_t5_c0,little,little_1,3,1.5,1.0,250,68005.31,90705.5,105289.75,109331.5,119456.6875,32,36.151292512336134,HI,109331.5,15665.78125,124997.28125,68005.3125,28751.1875
test_id_test_id_000989_36,test_id_000989,251,random,5,1,test_id_000989_t5_c1,big,big_1,0,1.0,0.9,250,83286.17,98049.375,113025.671875,117324.5,127970.953125,32,36.151292512336134,HI,117324.5,15665.78125,132990.28125,83286.171875,29921.578125
test_id_test_id_000989_37,test_id_000989,251,random,5,2,test_id_000989_t5_c2,little,little_1,0,0.6,0.8,250,128106.83,165963.5625,184143.25,189666.65625,202444.984375,32,36.151292512336134,HI,189666.65625,15665.78125,205332.4375,128106.828125,36481.421875
test_id_test_id_000989_38,test_id_000989,251,random,5,3,test_id_000989_t5_c3,big,big_1,1,1.4,0.98,250,55449.85,67656.75,81551.75,85552.890625,95306.828125,32,36.151292512336134,HI,85552.890625,15665.78125,101218.671875,55449.8515625,27650.078125
test_id_test_id_000989_39,test_id_000989,251,random,5,4,test_id_000989_t5_c4,little,little_1,1,0.9,0.86,250,101116.79,130798.09375,146738.65625,151388.65625,162595.65625,32,36.151292512336134,HI,151388.65625,15665.78125,167054.4375,101116.7890625,31797.5625
test_id_test_id_000989_40,test_id_000989,251,random,5,5,test_id_000989_t5_c5,big,big_1,2,1.8,1.06,250,54067.82,61930.296875,75654.890625,79670.421875,89355.109375,32,36.151292512336134,HI,79670.421875,15665.78125,95336.203125,54067.8203125,27424.8125
test_id_test_id_000989_41,test_id_000989,251,random,5,6,test_id_000989_t5_c6,little,little_0,2,1.2,0.93,250,84862.88,107577.25,122541.828125,126761.25,137244.109375,32,36.151292512336134,HI,126761.25,15665.78125,142427.03125,84862.8828125,29666.859375
test_id_test_id_000996_00,test_id_000996,1,source_like,0,0,test_id_000996_t0_c0,big,big_1,0,1.0,0.9,0,139054.31,145826.75,162401.5625,167278.625,178860.765625,32,36.151292512336134,LO,167278.625,0.0,167278.625,139054.3125,33034.015625
test_id_test_id_000996_01,test_id_000996,1,source_like,0,1,test_id_000996_t0_c1,little,little_1,0,0.6,0.8,0,328468.9,297785.84375,323677.9375,330904.5,347455.0,32,36.151292512336134,LO,330904.5,0.0,330904.5,328468.90625,49669.15625
test_id_test_id_000996_02,test_id_000996,1,source_like,0,2,test_id_000996_t0_c2,big,big_1,1,1.4,0.98,0,87169.24,102483.859375,117369.921875,121505.703125,131846.265625,32,36.151292512336134,LO,121505.703125,0.0,121505.703125,87169.2421875,29362.40625
test_id_test_id_000996_03,test_id_000996,1,source_like,0,3,test_id_000996_t0_c3,little,little_1,1,0.9,0.86,0,224323.52,201000.0625,220740.109375,226686.25,240227.0625,32,36.151292512336134,LO,226686.25,0.0,226686.25,224323.515625,39227.0
test_id_test_id_000996_04,test_id_000996,1,source_like,0,4,test_id_000996_t0_c4,big,big_0,2,1.8,1.06,0,73639.49,87355.6875,101868.453125,105835.15625,115799.90625,32,36.151292512336134,LO,105835.15625,0.0,105835.15625,73639.4921875,28444.21875
test_id_test_id_000996_05,test_id_000996,1,source_like,0,5,test_id_000996_t0_c5,little,little_1,2,1.2,0.93,0,163940.72,167117.28125,184807.4375,190099.625,202400.765625,32,36.151292512336134,LO,190099.625,0.0,190099.625,163940.71875,35283.484375
test_id_test_id_000996_06,test_id_000996,1,source_like,0,6,test_id_000996_t0_c6,big,big_0,3,2.2,1.15,0,58248.03,64726.859375,78338.71875,82181.015625,91583.359375,32,36.151292512336134,LO,82181.015625,0.0,82181.015625,58248.03125,26856.5
test_id_test_id_000996_07,test_id_000996,64,sink_like,1,0,test_id_000996_t1_c0,little,little_0,0,0.6,0.8,63,1132040.9,800401.25,870098.1875,890690.25,927866.3125,32,36.151292512336134,LO,890690.25,0.0,890690.25,1132040.875,127465.0625
test_id_test_id_000996_08,test_id_000996,64,sink_like,1,1,test_id_000996_t1_c1,big,big_0,1,1.4,0.98,63,471931.22,400059.84375,433969.625,443520.28125,463977.25,32,36.151292512336134,LO,443520.28125,0.0,443520.28125,471931.21875,63917.40625
test_id_test_id_000996_09,test_id_000996,64,sink_like,1,2,test_id_000996_t1_c2,little,little_0,1,0.9,0.86,63,690198.3,548428.25,594178.75,607556.75,632692.0625,32,36.151292512336134,LO,607556.75,0.0,607556.75,690198.3125,84263.8125
test_id_test_id_000996_10,test_id_000996,64,sink_like,1,3,test_id_000996_t1_c3,big,big_0,2,1.8,1.06,63,464691.22,381299.25,413787.3125,422944.375,442777.8125,32,36.151292512336134,LO,422944.375,0.0,422944.375,464691.21875,61478.5625
test_id_test_id_000996_11,test_id_000996,64,sink_like,1,4,test_id_000996_t1_c4,little,little_1,2,1.2,0.93,63,753301.9,550935.125,598270.75,612270.875,638604.125,32,36.151292512336134,LO,612270.875,0.0,612270.875,753301.875,87669.0
test_id_test_id_000996_12,test_id_000996,64,sink_like,1,5,test_id_000996_t1_c5,big,big_0,3,2.2,1.15,63,313708.8,290574.78125,315889.75,323183.59375,339510.9375,32,36.151292512336134,LO,323183.59375,0.0,323183.59375,313708.8125,48936.15625
test_id_test_id_000996_13,test_id_000996,64,sink_like,1,6,test_id_000996_t1_c6,little,little_0,3,1.5,1.0,63,540318.94,438174.4375,475528.6875,486161.75,508245.71875,32,36.151292512336134,LO,486161.75,0.0,486161.75,540318.9375,70071.28125
test_id_test_id_000996_14,test_id_000996,33,middle,2,0,test_id_000996_t2_c0,big,big_1,1,1.4,0.98,32,201512.19,202399.09375,222303.34375,228324.015625,242018.46875,32,36.151292512336134,LO,228324.015625,0.0,228324.015625,201512.1875,39619.375
test_id_test_id_000996_15,test_id_000996,33,middle,2,1,test_id_000996_t2_c1,little,little_1,1,0.9,0.86,32,323805.25,286728.75,311581.0,318714.4375,334714.5,32,36.151292512336134,LO,318714.4375,0.0,318714.4375,323805.25,47985.75
test_id_test_id_000996_16,test_id_000996,33,middle,2,2,test_id_000996_t2_c2,big,big_0,2,1.8,1.06,32,173720.06,177492.1875,195940.796875,201465.53125,214246.0625,32,36.151292512336134,LO,201465.53125,0.0,201465.53125,173720.0625,36753.875
test_id_test_id_000996_17,test_id_000996,33,middle,2,3,test_id_000996_t2_c3,little,little_1,2,1.2,0.93,32,283453.34,256062.359375,279007.78125,285723.5625,300838.40625,32,36.151292512336134,LO,285723.5625,0.0,285723.5625,283453.34375,44776.046875
test_id_test_id_000996_18,test_id_000996,33,middle,2,4,test_id_000996_t2_c4,big,big_1,3,2.2,1.15,32,111177.414,122852.21875,138352.171875,142683.875,153379.1875,32,36.151292512336134,LO,142683.875,0.0,142683.875,111177.4140625,30526.96875
test_id_test_id_000996_19,test_id_000996,33,middle,2,5,test_id_000996_t2_c5,little,little_1,3,1.5,1.0,32,204891.58,204930.34375,224976.21875,231032.375,244795.265625,32,36.151292512336134,LO,231032.375,0.0,231032.375,204891.578125,39864.921875
test_id_test_id_000996_20,test_id_000996,33,middle,2,6,test_id_000996_t2_c6,big,big_1,0,1.0,0.9,32,188289.36,201044.296875,220985.28125,227073.5625,240888.0625,32,36.151292512336134,LO,227073.5625,0.0,227073.5625,188289.359375,39843.765625
test_id_test_id_000996_21,test_id_000996,7,random,3,0,test_id_000996_t3_c0,little,little_0,1,0.9,0.86,6,166909.89,177511.03125,196216.25,201924.5,215036.390625,32,36.151292512336134,LO,201924.5,0.0,201924.5,166909.890625,37525.359375
test_id_test_id_000996_22,test_id_000996,7,random,3,1,test_id_000996_t3_c1,big,big_1,2,1.8,1.06,6,59221.727,73108.84375,87098.609375,91014.375,100693.765625,32,36.151292512336134,LO,91014.375,0.0,91014.375,59221.7265625,27584.921875
test_id_test_id_000996_23,test_id_000996,7,random,3,2,test_id_000996_t3_c2,little,little_1,2,1.2,0.93,6,126221.805,145914.15625,162516.96875,167389.625,178981.046875,32,36.151292512336134,LO,167389.625,0.0,167389.625,126221.8046875,33066.890625
test_id_test_id_000996_24,test_id_000996,7,random,3,3,test_id_000996_t3_c3,big,big_0,3,2.2,1.15,6,52270.574,66151.84375,79862.546875,83730.703125,93202.15625,32,36.151292512336134,LO,83730.703125,0.0,83730.703125,52270.57421875,27050.3125
test_id_test_id_000996_25,test_id_000996,7,random,3,4,test_id_000996_t3_c4,little,little_1,3,1.5,1.0,6,112046.41,124117.953125,139616.5,143980.9375,154718.59375,32,36.151292512336134,LO,143980.9375,0.0,143980.9375,112046.40625,30600.640625
test_id_test_id_000996_26,test_id_000996,7,random,3,5,test_id_000996_t3_c5,big,big_0,0,1.0,0.9,6,109496.59,118965.4375,134594.546875,139117.9375,150167.25,32,36.151292512336134,LO,139117.9375,0.0,139117.9375,109496.59375,31201.8125
test_id_test_id_000996_27,test_id_000996,7,random,3,6,test_id_000996_t3_c6,little,little_0,0,0.6,0.8,6,264079.2,272348.96875,297029.53125,304079.125,320290.53125,32,36.151292512336134,LO,304079.125,0.0,304079.125,264079.1875,47941.5625
test_id_test_id_000996_28,test_id_000996,27,diverse_fill_1,4,0,test_id_000996_t4_c0,big,big_1,2,1.8,1.06,26,113210.96,145608.703125,162169.125,166946.59375,178392.53125,32,36.151292512336134,LO,166946.59375,0.0,166946.59375,113210.9609375,32783.828125
test_id_test_id_000996_29,test_id_000996,27,diverse_fill_1,4,1,test_id_000996_t4_c1,little,little_0,2,1.2,0.93,26,233957.27,243084.203125,265207.59375,271727.375,286431.3125,32,36.151292512336134,LO,271727.375,0.0,271727.375,233957.265625,43347.109375
test_id_test_id_000996_30,test_id_000996,27,diverse_fill_1,4,2,test_id_000996_t4_c2,big,big_0,3,2.2,1.15,26,93880.26,118607.265625,133934.15625,138187.09375,148748.75,32,36.151292512336134,LO,138187.09375,0.0,138187.09375,93880.2578125,30141.484375
test_id_test_id_000996_31,test_id_000996,27,diverse_fill_1,4,3,test_id_000996_t4_c3,little,little_1,3,1.5,1.0,26,155556.52,194515.78125,213890.78125,219730.0,233075.640625,32,36.151292512336134,LO,219730.0,0.0,219730.0,155556.515625,38559.859375
test_id_test_id_000996_32,test_id_000996,27,diverse_fill_1,4,4,test_id_000996_t4_c4,big,big_0,0,1.0,0.9,26,235651.44,220602.421875,241391.328125,247599.578125,261668.9375,32,36.151292512336134,LO,247599.578125,0.0,247599.578125,235651.4375,41066.515625
test_id_test_id_000996_33,test_id_000996,27,diverse_fill_1,4,5,test_id_000996_t4_c5,little,little_0,0,0.6,0.8,26,395290.38,378034.9375,409470.8125,418282.53125,437491.4375,32,36.151292512336134,LO,418282.53125,0.0,418282.53125,395290.375,59456.5
test_id_test_id_000996_34,test_id_000996,27,diverse_fill_1,4,6,test_id_000996_t4_c6,big,big_1,1,1.4,0.98,26,155053.73,182472.875,201194.359375,206839.5625,219823.15625,32,36.151292512336134,LO,206839.5625,0.0,206839.5625,155053.734375,37350.28125
test_id_test_id_000996_35,test_id_000996,51,diverse_fill_2,5,0,test_id_000996_t5_c0,little,little_0,2,1.2,0.93,50,253057.88,234118.4375,255713.0625,262117.734375,276578.34375,32,36.151292512336134,LO,262117.734375,0.0,262117.734375,253057.875,42459.90625
test_id_test_id_000996_36,test_id_000996,51,diverse_fill_2,5,1,test_id_000996_t5_c1,big,big_1,3,2.2,1.15,50,123411.47,132079.984375,148029.53125,152521.0,163498.96875,32,36.151292512336134,LO,152521.0,0.0,152521.0,123411.46875,31418.984375
test_id_test_id_000996_37,test_id_000996,51,diverse_fill_2,5,2,test_id_000996_t5_c2,little,little_0,3,1.5,1.0,50,221290.66,215741.140625,236294.390625,242454.921875,256417.859375,32,36.151292512336134,LO,242454.921875,0.0,242454.921875,221290.65625,40676.71875
test_id_test_id_000996_38,test_id_000996,51,diverse_fill_2,5,3,test_id_000996_t5_c3,big,big_0,0,1.0,0.9,50,195830.0,200876.515625,220775.734375,226840.796875,240611.671875,32,36.151292512336134,LO,226840.796875,0.0,226840.796875,195830.0,39735.15625
test_id_test_id_000996_39,test_id_000996,51,diverse_fill_2,5,4,test_id_000996_t5_c4,little,little_0,0,0.6,0.8,50,426171.25,382026.4375,413419.65625,422167.21875,441240.59375,32,36.151292512336134,LO,422167.21875,0.0,422167.21875,426171.25,59214.15625
test_id_test_id_000996_40,test_id_000996,51,diverse_fill_2,5,5,test_id_000996_t5_c5,big,big_1,1,1.4,0.98,50,188102.42,194863.890625,214301.0625,220173.234375,233584.203125,32,36.151292512336134,LO,220173.234375,0.0,220173.234375,188102.421875,38720.3125
test_id_test_id_000996_41,test_id_000996,51,diverse_fill_2,5,6,test_id_000996_t5_c6,little,little_0,1,0.9,0.86,50,279000.84,257720.28125,280650.59375,287330.96875,302385.71875,32,36.151292512336134,LO,287330.96875,0.0,287330.96875,279000.84375,44665.4375
