sample_id,graph_id,target_node,target_role,target_index,context_index,context_id,core_type,core_id,dvfs_level,frequency_ghz,voltage_v,local_target_node_index,y_exec_us_raw,Q50_pred_us,Q90_pred_us,Q95_pred_us,Q99_pred_us,scenario_active_core_count,active_core_count_zscore,criticality,Qhat_base_us,q_conf_us,C_e_us,y_exec_us_original_context_NOT_GROUND_TRUTH_for_this_scenario,uncertainty_spread_us
test_id_test_id_000008_00,test_id_000008,7,source_like,0,0,test_id_000008_t0_c0,big,big_1,1,1.4,0.98,6,70442.24,66398.4375,80164.84375,84060.15625,93589.390625,8,6.736035493669471,HI,84060.15625,15665.78125,99725.9375,70442.2421875,27190.953125
test_id_test_id_000008_01,test_id_000008,7,source_like,0,1,test_id_000008_t0_c1,little,little_0,1,0.9,0.86,6,159207.81,156565.71875,174062.046875,179270.3125,191532.21875,8,6.736035493669471,HI,179270.3125,15665.78125,194936.09375,159207.8125,34966.5
test_id_test_id_000008_02,test_id_000008,7,source_like,0,2,test_id_000008_t0_c2,big,big_0,2,1.8,1.06,6,54589.582,51012.265625,64038.0625,67831.8125,76876.546875,8,6.736035493669471,HI,67831.8125,15665.78125,83497.59375,54589.58203125,25864.28125
test_id_test_id_000008_03,test_id_000008,7,source_like,0,3,test_id_000008_t0_c3,little,little_1,2,1.2,0.93,6,113274.22,109213.6875,124423.96875,128673.328125,139249.921875,8,6.736035493669471,HI,128673.328125,15665.78125,144339.109375,113274.21875,30036.234375
test_id_test_id_000008_04,test_id_000008,7,source_like,0,4,test_id_000008_t0_c4,big,big_1,3,2.2,1.15,6,42978.164,42212.453125,54863.328125,58617.671875,67412.796875,8,6.736035493669471,HI,58617.671875,15665.78125,74283.453125,42978.1640625,25200.34375
test_id_test_id_000008_05,test_id_000008,7,source_like,0,5,test_id_000008_t0_c5,little,little_1,3,1.5,1.0,6,101568.36,92042.609375,106768.6875,110800.28125,120934.0,8,6.736035493669471,HI,110800.28125,15665.78125,126466.0625,101568.359375,28891.390625
test_id_test_id_000008_06,test_id_000008,7,source_like,0,6,test_id_000008_t0_c6,big,big_1,0,1.0,0.9,6,86958.97,86298.5625,101017.078125,105124.171875,115353.375,8,6.736035493669471,HI,105124.171875,15665.78125,120789.953125,86958.96875,29054.8125
test_id_test_id_000008_07,test_id_000008,65,sink_like,1,0,test_id_000008_t1_c0,little,little_1,1,0.9,0.86,64,480436.7,474158.625,514356.5,525906.1875,549150.25,8,6.736035493669471,HI,525906.1875,15665.78125,541571.96875,480436.6875,74991.625
test_id_test_id_000008_08,test_id_000008,65,sink_like,1,1,test_id_000008_t1_c1,big,big_0,2,1.8,1.06,64,184915.81,185254.8125,203960.453125,209534.453125,222398.515625,8,6.736035493669471,HI,209534.453125,15665.78125,225200.234375,184915.8125,37143.703125
test_id_test_id_000008_09,test_id_000008,65,sink_like,1,2,test_id_000008_t1_c2,little,little_1,2,1.2,0.93,64,285244.62,288655.875,313732.59375,320943.5,337096.90625,8,6.736035493669471,HI,320943.5,15665.78125,336609.28125,285244.625,48441.03125
test_id_test_id_000008_10,test_id_000008,65,sink_like,1,3,test_id_000008_t1_c3,big,big_0,3,2.2,1.15,64,137987.05,151531.6875,168291.9375,173143.828125,184708.5,8,6.736035493669471,HI,173143.828125,15665.78125,188809.609375,137987.046875,33176.8125
test_id_test_id_000008_11,test_id_000008,65,sink_like,1,4,test_id_000008_t1_c4,little,little_1,3,1.5,1.0,64,308756.97,329864.125,358124.59375,366155.5625,383927.875,8,6.736035493669471,HI,366155.5625,15665.78125,381821.34375,308756.96875,54063.75
test_id_test_id_000008_12,test_id_000008,65,sink_like,1,5,test_id_000008_t1_c5,big,big_1,0,1.0,0.9,64,302246.25,311945.40625,338739.78125,346368.4375,363395.40625,8,6.736035493669471,HI,346368.4375,15665.78125,362034.21875,302246.25,51450.0
test_id_test_id_000008_13,test_id_000008,65,sink_like,1,6,test_id_000008_t1_c6,little,little_0,0,0.6,0.8,64,591964.4,606946.875,655498.0625,669882.75,695117.25,8,6.736035493669471,HI,669882.75,15665.78125,685548.53125,591964.375,88170.375
test_id_test_id_000008_14,test_id_000008,66,middle,2,0,test_id_000008_t2_c0,big,big_1,2,1.8,1.06,65,223297.97,226475.28125,247667.421875,253986.71875,268281.375,8,6.736035493669471,HI,253986.71875,15665.78125,269652.5,223297.96875,41806.09375
test_id_test_id_000008_15,test_id_000008,66,middle,2,1,test_id_000008_t2_c1,little,little_0,2,1.2,0.93,65,430506.66,421315.375,457294.875,467536.71875,489060.625,8,6.736035493669471,HI,467536.71875,15665.78125,483202.5,430506.65625,67745.25
test_id_test_id_000008_16,test_id_000008,66,middle,2,2,test_id_000008_t2_c2,big,big_1,3,2.2,1.15,65,171414.8,183347.921875,202027.03125,207604.21875,220486.9375,8,6.736035493669471,HI,207604.21875,15665.78125,223270.0,171414.796875,37139.015625
test_id_test_id_000008_17,test_id_000008,66,middle,2,3,test_id_000008_t2_c3,little,little_0,3,1.5,1.0,65,265097.97,266633.15625,290259.3125,297145.34375,312612.53125,8,6.736035493669471,HI,297145.34375,15665.78125,312811.125,265097.96875,45979.375
test_id_test_id_000008_18,test_id_000008,66,middle,2,4,test_id_000008_t2_c4,big,big_1,0,1.0,0.9,65,354123.5,349490.90625,379207.21875,387602.3125,406086.15625,8,6.736035493669471,HI,387602.3125,15665.78125,403268.09375,354123.5,56595.25
test_id_test_id_000008_19,test_id_000008,66,middle,2,5,test_id_000008_t2_c5,little,little_1,0,0.6,0.8,65,592268.2,594365.9375,641622.125,655512.375,680280.125,8,6.736035493669471,HI,655512.375,15665.78125,671178.15625,592268.1875,85914.1875
test_id_test_id_000008_20,test_id_000008,66,middle,2,6,test_id_000008_t2_c6,big,big_1,1,1.4,0.98,65,282639.0,274871.34375,299053.46875,306066.96875,321797.40625,8,6.736035493669471,HI,306066.96875,15665.78125,321732.75,282639.0,46926.0625
test_id_test_id_000008_21,test_id_000008,23,high_degree,3,0,test_id_000008_t3_c0,little,little_0,2,1.2,0.93,22,209186.8,216750.875,237243.8125,243337.953125,257195.703125,8,6.736035493669471,HI,243337.953125,15665.78125,259003.734375,209186.796875,40444.828125
test_id_test_id_000008_22,test_id_000008,23,high_degree,3,1,test_id_000008_t3_c1,big,big_1,3,2.2,1.15,22,119814.84,119742.0,135020.78125,139264.75,149798.71875,8,6.736035493669471,HI,139264.75,15665.78125,154930.53125,119814.84375,30056.71875
test_id_test_id_000008_23,test_id_000008,23,high_degree,3,2,test_id_000008_t3_c2,little,little_0,3,1.5,1.0,22,219821.97,217275.84375,237745.125,243815.6875,257625.984375,8,6.736035493669471,HI,243815.6875,15665.78125,259481.46875,219821.96875,40350.140625
test_id_test_id_000008_24,test_id_000008,23,high_degree,3,3,test_id_000008_t3_c3,big,big_1,0,1.0,0.9,22,282324.5,282750.5,307398.40625,314479.71875,330388.6875,8,6.736035493669471,HI,314479.71875,15665.78125,330145.5,282324.5,47638.1875
test_id_test_id_000008_25,test_id_000008,23,high_degree,3,4,test_id_000008_t3_c4,little,little_1,0,0.6,0.8,22,466692.97,476267.9375,514149.875,524793.5625,546195.5625,8,6.736035493669471,HI,524793.5625,15665.78125,540459.34375,466692.96875,69927.625
test_id_test_id_000008_26,test_id_000008,23,high_degree,3,5,test_id_000008_t3_c5,big,big_1,1,1.4,0.98,22,161772.53,161374.296875,178645.078125,183702.125,195623.90625,8,6.736035493669471,HI,183702.125,15665.78125,199367.90625,161772.53125,34249.609375
test_id_test_id_000008_27,test_id_000008,23,high_degree,3,6,test_id_000008_t3_c6,little,little_1,1,0.9,0.86,22,362704.0,346234.125,375653.90625,383969.3125,402290.6875,8,6.736035493669471,HI,383969.3125,15665.78125,399635.09375,362704.0,56056.5625
test_id_test_id_000008_28,test_id_000008,79,communication_heavy,4,0,test_id_000008_t4_c0,big,big_1,3,2.2,1.15,78,245524.11,253360.890625,276158.0,282854.625,297926.53125,8,6.736035493669471,HI,282854.625,15665.78125,298520.40625,245524.109375,44565.640625
test_id_test_id_000008_29,test_id_000008,79,communication_heavy,4,1,test_id_000008_t4_c1,little,little_1,3,1.5,1.0,78,469560.47,442220.875,480038.9375,490842.3125,513190.53125,8,6.736035493669471,HI,490842.3125,15665.78125,506508.09375,469560.46875,70969.65625
test_id_test_id_000008_30,test_id_000008,79,communication_heavy,4,2,test_id_000008_t4_c2,big,big_1,0,1.0,0.9,78,498484.72,486642.03125,527818.5,539688.6875,563285.75,8,6.736035493669471,HI,539688.6875,15665.78125,555354.46875,498484.71875,76643.71875
test_id_test_id_000008_31,test_id_000008,79,communication_heavy,4,3,test_id_000008_t4_c3,little,little_0,0,0.6,0.8,78,836958.8,767124.5,831228.75,850583.875,883857.5625,8,6.736035493669471,HI,850583.875,15665.78125,866249.65625,836958.8125,116733.0625
test_id_test_id_000008_32,test_id_000008,79,communication_heavy,4,4,test_id_000008_t4_c4,big,big_0,1,1.4,0.98,78,500006.78,458880.875,498058.125,509293.375,532201.8125,8,6.736035493669471,HI,509293.375,15665.78125,524959.15625,500006.78125,73320.9375
test_id_test_id_000008_33,test_id_000008,79,communication_heavy,4,5,test_id_000008_t4_c5,little,little_1,1,0.9,0.86,78,751929.5,687221.0,746653.8125,764672.75,796062.25,8,6.736035493669471,HI,764672.75,15665.78125,780338.53125,751929.5,108841.25
test_id_test_id_000008_34,test_id_000008,79,communication_heavy,4,6,test_id_000008_t4_c6,big,big_1,2,1.8,1.06,78,375351.1,339213.46875,368130.0,376313.0625,394405.40625,8,6.736035493669471,HI,376313.0625,15665.78125,391978.84375,375351.09375,55191.9375
test_id_test_id_000008_35,test_id_000008,17,random,5,0,test_id_000008_t5_c0,little,little_0,3,1.5,1.0,16,103270.19,105130.015625,120050.375,124156.53125,134462.671875,8,6.736035493669471,HI,124156.53125,15665.78125,139822.3125,103270.1875,29332.65625
test_id_test_id_000008_36,test_id_000008,17,random,5,1,test_id_000008_t5_c1,big,big_0,0,1.0,0.9,16,123728.664,135671.328125,151959.1875,156679.375,168078.09375,8,6.736035493669471,HI,156679.375,15665.78125,172345.15625,123728.6640625,32406.765625
test_id_test_id_000008_37,test_id_000008,17,random,5,2,test_id_000008_t5_c2,little,little_0,0,0.6,0.8,16,274085.12,274546.0625,299495.3125,306702.15625,323194.0,8,6.736035493669471,HI,306702.15625,15665.78125,322367.9375,274085.125,48647.9375
test_id_test_id_000008_38,test_id_000008,17,random,5,3,test_id_000008_t5_c3,big,big_0,1,1.4,0.98,16,106979.34,112290.8125,127580.765625,131812.140625,142371.03125,8,6.736035493669471,HI,131812.140625,15665.78125,147477.921875,106979.34375,30080.21875
test_id_test_id_000008_39,test_id_000008,17,random,5,4,test_id_000008_t5_c4,little,little_1,1,0.9,0.86,16,177246.38,186499.46875,205500.53125,211215.59375,224374.0625,8,6.736035493669471,HI,211215.59375,15665.78125,226881.375,177246.375,37874.59375
test_id_test_id_000008_40,test_id_000008,17,random,5,5,test_id_000008_t5_c5,big,big_1,2,1.8,1.06,16,82254.74,79863.859375,94074.265625,97994.6875,107786.0625,8,6.736035493669471,HI,97994.6875,15665.78125,113660.46875,82254.7421875,27922.203125
test_id_test_id_000008_41,test_id_000008,17,random,5,6,test_id_000008_t5_c6,little,little_0,2,1.2,0.93,16,135978.0,136038.6875,152131.15625,156741.84375,167905.34375,8,6.736035493669471,HI,156741.84375,15665.78125,172407.625,135978.0,31866.65625
test_id_test_id_000028_00,test_id_000028,2,source_like,0,0,test_id_000028_t0_c0,big,big_1,2,1.8,1.06,1,27038.959,31260.546875,43691.5625,47521.359375,56243.921875,8,6.736035493669471,LO,47521.359375,0.0,47521.359375,27038.958984375,24983.375
test_id_test_id_000028_01,test_id_000028,2,source_like,0,1,test_id_000028_t0_c1,little,little_1,2,1.2,0.93,1,67333.8,70292.84375,84379.59375,88356.40625,98109.296875,8,6.736035493669471,LO,88356.40625,0.0,88356.40625,67333.796875,27816.453125
test_id_test_id_000028_02,test_id_000028,2,source_like,0,2,test_id_000028_t0_c2,big,big_0,3,2.2,1.15,1,23742.514,28524.03125,40947.765625,44817.109375,53562.125,8,6.736035493669471,LO,44817.109375,0.0,44817.109375,23742.513671875,25038.09375
test_id_test_id_000028_03,test_id_000028,2,source_like,0,3,test_id_000028_t0_c3,little,little_1,3,1.5,1.0,1,50391.758,54599.171875,67843.84375,71678.84375,80869.171875,8,6.736035493669471,LO,71678.84375,0.0,71678.84375,50391.7578125,26270.0
test_id_test_id_000028_04,test_id_000028,2,source_like,0,4,test_id_000028_t0_c4,big,big_0,0,1.0,0.9,1,53916.734,55764.34375,69189.453125,73106.3125,82480.25,8,6.736035493669471,LO,73106.3125,0.0,73106.3125,53916.734375,26715.90625
test_id_test_id_000028_05,test_id_000028,2,source_like,0,5,test_id_000028_t0_c5,little,little_1,0,0.6,0.8,1,131024.27,133460.0,150354.09375,155395.3125,167451.5625,8,6.736035493669471,LO,155395.3125,0.0,155395.3125,131024.2734375,33991.5625
test_id_test_id_000028_06,test_id_000028,2,source_like,0,6,test_id_000028_t0_c6,big,big_0,1,1.4,0.98,1,40917.723,43635.625,56526.0625,60412.078125,69493.671875,8,6.736035493669471,LO,60412.078125,0.0,60412.078125,40917.72265625,25858.046875
test_id_test_id_000028_07,test_id_000028,59,sink_like,1,0,test_id_000028_t1_c0,little,little_1,2,1.2,0.93,58,350510.44,358254.46875,388701.375,397299.0,416140.28125,8,6.736035493669471,LO,397299.0,0.0,397299.0,350510.4375,57885.8125
test_id_test_id_000028_08,test_id_000028,59,sink_like,1,1,test_id_000028_t1_c1,big,big_1,3,2.2,1.15,58,222945.66,232407.203125,253990.09375,260414.0625,274931.625,8,6.736035493669471,LO,260414.0625,0.0,260414.0625,222945.65625,42524.421875
test_id_test_id_000028_09,test_id_000028,59,sink_like,1,2,test_id_000028_t1_c2,little,little_0,3,1.5,1.0,58,368660.47,374409.625,406326.0,415349.8125,434938.0,8,6.736035493669471,LO,415349.8125,0.0,415349.8125,368660.46875,60528.375
test_id_test_id_000028_10,test_id_000028,59,sink_like,1,3,test_id_000028_t1_c3,big,big_1,0,1.0,0.9,58,416803.62,395764.59375,429377.125,438876.8125,459255.5,8,6.736035493669471,LO,438876.8125,0.0,438876.8125,416803.625,63490.90625
test_id_test_id_000028_11,test_id_000028,59,sink_like,1,4,test_id_000028_t1_c4,little,little_0,0,0.6,0.8,58,838226.25,838944.375,912508.4375,933672.0,973888.75,8,6.736035493669471,LO,933672.0,0.0,933672.0,838226.25,134944.375
test_id_test_id_000028_12,test_id_000028,59,sink_like,1,5,test_id_000028_t1_c5,big,big_0,1,1.4,0.98,58,256777.38,273760.625,297840.125,304816.03125,320485.4375,8,6.736035493669471,LO,304816.03125,0.0,304816.03125,256777.375,46724.8125
test_id_test_id_000028_13,test_id_000028,59,sink_like,1,6,test_id_000028_t1_c6,little,little_1,1,0.9,0.86,58,529181.4,528820.9375,573415.375,586421.5,611292.375,8,6.736035493669471,LO,586421.5,0.0,586421.5,529181.375,82471.4375
test_id_test_id_000028_14,test_id_000028,33,middle,2,0,test_id_000028_t2_c0,big,big_0,3,2.2,1.15,32,118596.56,123247.46875,138678.3125,142982.9375,153620.0,8,6.736035493669471,LO,142982.9375,0.0,142982.9375,118596.5625,30372.53125
test_id_test_id_000028_15,test_id_000028,33,middle,2,1,test_id_000028_t2_c1,little,little_1,3,1.5,1.0,32,252601.58,243977.78125,266083.71875,272580.9375,287238.96875,8,6.736035493669471,LO,272580.9375,0.0,272580.9375,252601.578125,43261.1875
test_id_test_id_000028_16,test_id_000028,33,middle,2,2,test_id_000028_t2_c2,big,big_0,0,1.0,0.9,32,239575.17,239181.890625,261048.890625,267492.46875,282063.53125,8,6.736035493669471,LO,267492.46875,0.0,267492.46875,239575.171875,42881.640625
test_id_test_id_000028_17,test_id_000028,33,middle,2,3,test_id_000028_t2_c3,little,little_1,0,0.6,0.8,32,528200.44,523340.0625,564626.25,576387.875,598882.1875,8,6.736035493669471,LO,576387.875,0.0,576387.875,528200.4375,75542.125
test_id_test_id_000028_18,test_id_000028,33,middle,2,4,test_id_000028_t2_c4,big,big_0,1,1.4,0.98,32,195658.6,203547.1875,223272.25,229156.640625,242601.6875,8,6.736035493669471,LO,229156.640625,0.0,229156.640625,195658.59375,39054.5
test_id_test_id_000028_19,test_id_000028,33,middle,2,5,test_id_000028_t2_c5,little,little_1,1,0.9,0.86,32,348932.62,340769.15625,369640.53125,377794.125,395812.59375,8,6.736035493669471,LO,377794.125,0.0,377794.125,348932.625,55043.4375
test_id_test_id_000028_20,test_id_000028,33,middle,2,6,test_id_000028_t2_c6,big,big_0,2,1.8,1.06,32,134338.89,135267.25,151187.0,155703.34375,166689.625,8,6.736035493669471,LO,155703.34375,0.0,155703.34375,134338.890625,31422.375
test_id_test_id_000028_21,test_id_000028,5,high_degree,3,0,test_id_000028_t3_c0,little,little_1,3,1.5,1.0,4,202953.7,219739.734375,240281.359375,246347.609375,260154.28125,8,6.736035493669471,LO,246347.609375,0.0,246347.609375,202953.703125,40414.546875
test_id_test_id_000028_22,test_id_000028,5,high_degree,3,1,test_id_000028_t3_c1,big,big_0,0,1.0,0.9,4,239920.45,236367.640625,257967.75,264308.21875,278680.59375,8,6.736035493669471,LO,264308.21875,0.0,264308.21875,239920.453125,42312.953125
test_id_test_id_000028_23,test_id_000028,5,high_degree,3,2,test_id_000028_t3_c2,little,little_1,0,0.6,0.8,4,332741.12,381824.9375,413205.0,421911.5625,440943.1875,8,6.736035493669471,LO,421911.5625,0.0,421911.5625,332741.125,59118.25
test_id_test_id_000028_24,test_id_000028,5,high_degree,3,3,test_id_000028_t3_c3,big,big_1,1,1.4,0.98,4,168963.83,169675.6875,187404.796875,192632.140625,204857.5625,8,6.736035493669471,LO,192632.140625,0.0,192632.140625,168963.828125,35181.875
test_id_test_id_000028_25,test_id_000028,5,high_degree,3,4,test_id_000028_t3_c4,little,little_1,1,0.9,0.86,4,231543.4,256424.9375,279312.25,285967.46875,301009.71875,8,6.736035493669471,LO,285967.46875,0.0,285967.46875,231543.40625,44584.78125
test_id_test_id_000028_26,test_id_000028,5,high_degree,3,5,test_id_000028_t3_c5,big,big_1,2,1.8,1.06,4,161761.61,164258.65625,181720.921875,186841.8125,198882.25,8,6.736035493669471,LO,186841.8125,0.0,186841.8125,161761.609375,34623.59375
test_id_test_id_000028_27,test_id_000028,5,high_degree,3,6,test_id_000028_t3_c6,little,little_0,2,1.2,0.93,4,231348.98,240321.5,262160.3125,268563.09375,283056.625,8,6.736035493669471,LO,268563.09375,0.0,268563.09375,231348.984375,42735.125
test_id_test_id_000028_28,test_id_000028,51,communication_heavy,4,0,test_id_000028_t4_c0,big,big_0,0,1.0,0.9,50,559509.44,550831.0,597375.9375,611079.125,636727.1875,8,6.736035493669471,LO,611079.125,0.0,611079.125,559509.4375,85896.1875
test_id_test_id_000028_29,test_id_000028,51,communication_heavy,4,1,test_id_000028_t4_c1,little,little_1,0,0.6,0.8,50,960533.06,956058.375,1045991.0,1068981.0,1125381.5,8,6.736035493669471,LO,1068981.0,0.0,1068981.0,960533.0625,169323.125
test_id_test_id_000028_30,test_id_000028,51,communication_heavy,4,2,test_id_000028_t4_c2,big,big_0,1,1.4,0.98,50,353634.0,375970.0625,407854.0625,416831.5625,436347.75,8,6.736035493669471,LO,416831.5625,0.0,416831.5625,353634.0,60377.6875
test_id_test_id_000028_31,test_id_000028,51,communication_heavy,4,3,test_id_000028_t4_c3,little,little_0,1,0.9,0.86,50,669014.3,660254.6875,716549.8125,733558.0,763260.1875,8,6.736035493669471,LO,733558.0,0.0,733558.0,669014.3125,103005.5
test_id_test_id_000028_32,test_id_000028,51,communication_heavy,4,4,test_id_000028_t4_c4,big,big_1,2,1.8,1.06,50,386634.34,376403.875,408454.21875,417502.75,437148.0625,8,6.736035493669471,LO,417502.75,0.0,417502.75,386634.34375,60744.1875
test_id_test_id_000028_33,test_id_000028,51,communication_heavy,4,5,test_id_000028_t4_c5,little,little_0,2,1.2,0.93,50,505799.53,478750.03125,519509.125,531245.5625,554782.5,8,6.736035493669471,LO,531245.5625,0.0,531245.5625,505799.53125,76032.46875
test_id_test_id_000028_34,test_id_000028,51,communication_heavy,4,6,test_id_000028_t4_c6,big,big_0,3,2.2,1.15,50,297372.4,309829.40625,336501.5,344119.75,361110.6875,8,6.736035493669471,LO,344119.75,0.0,344119.75,297372.40625,51281.28125
test_id_test_id_000028_35,test_id_000028,4,random,5,0,test_id_000028_t5_c0,little,little_0,0,0.6,0.8,3,380343.8,366903.1875,396639.3125,404718.75,422726.25,8,6.736035493669471,LO,404718.75,0.0,404718.75,380343.8125,55823.0625
test_id_test_id_000028_36,test_id_000028,4,random,5,1,test_id_000028_t5_c1,big,big_0,1,1.4,0.98,3,125351.14,127195.53125,142878.25,147279.90625,158098.359375,8,6.736035493669471,LO,147279.90625,0.0,147279.90625,125351.140625,30902.828125
test_id_test_id_000028_37,test_id_000028,4,random,5,2,test_id_000028_t5_c2,little,little_0,1,0.9,0.86,3,270288.12,253669.921875,276321.0625,282900.125,297782.59375,8,6.736035493669471,LO,282900.125,0.0,282900.125,270288.125,44112.671875
test_id_test_id_000028_38,test_id_000028,4,random,5,3,test_id_000028_t5_c3,big,big_1,2,1.8,1.06,3,112127.31,111145.875,126278.015625,130424.25,140818.015625,8,6.736035493669471,LO,130424.25,0.0,130424.25,112127.3125,29672.140625
test_id_test_id_000028_39,test_id_000028,4,random,5,4,test_id_000028_t5_c4,little,little_0,2,1.2,0.93,3,182142.36,176794.171875,195027.03125,200477.875,213100.59375,8,6.736035493669471,LO,200477.875,0.0,200477.875,182142.359375,36306.421875
test_id_test_id_000028_40,test_id_000028,4,random,5,5,test_id_000028_t5_c5,big,big_1,3,2.2,1.15,3,73315.336,70412.640625,84160.46875,87988.453125,97471.453125,8,6.736035493669471,LO,87988.453125,0.0,87988.453125,73315.3359375,27058.8125
test_id_test_id_000028_41,test_id_000028,4,random,5,6,test_id_000028_t5_c6,little,little_0,3,1.5,1.0,3,140200.61,137214.75,153270.78125,157846.078125,168934.546875,8,6.736035493669471,LO,157846.078125,0.0,157846.078125,140200.609375,31719.796875
test_id_test_id_000099_00,test_id_000099,1,source_like,0,0,test_id_000099_t0_c0,little,little_0,0,0.6,0.8,0,133284.88,124143.1875,140332.890625,145073.703125,156548.6875,8,6.736035493669471,HI,145073.703125,15665.78125,160739.484375,133284.875,32405.5
test_id_test_id_000099_01,test_id_000099,1,source_like,0,1,test_id_000099_t0_c1,big,big_1,1,1.4,0.98,0,50333.73,44804.109375,57710.5625,61580.34375,70653.390625,8,6.736035493669471,HI,61580.34375,15665.78125,77246.125,50333.73046875,25849.28125
test_id_test_id_000099_02,test_id_000099,1,source_like,0,2,test_id_000099_t0_c2,little,little_0,1,0.9,0.86,0,90471.35,86804.984375,101503.0,105622.625,115882.328125,8,6.736035493669471,HI,105622.625,15665.78125,121288.40625,90471.3515625,29077.34375
test_id_test_id_000099_03,test_id_000099,1,source_like,0,3,test_id_000099_t0_c3,big,big_0,2,1.8,1.06,0,39719.402,32511.03125,45036.46875,48924.3125,57798.109375,8,6.736035493669471,HI,48924.3125,15665.78125,64590.09375,39719.40234375,25287.078125
test_id_test_id_000099_04,test_id_000099,1,source_like,0,4,test_id_000099_t0_c4,little,little_0,2,1.2,0.93,0,72783.18,68101.421875,82088.390625,86049.703125,95733.984375,8,6.736035493669471,HI,86049.703125,15665.78125,101715.484375,72783.1796875,27632.5625
test_id_test_id_000099_05,test_id_000099,1,source_like,0,5,test_id_000099_t0_c5,big,big_0,3,2.2,1.15,0,26612.852,28091.84375,40484.796875,44341.671875,53055.84375,8,6.736035493669471,HI,44341.671875,15665.78125,60007.453125,26612.8515625,24964.0
test_id_test_id_000099_06,test_id_000099,1,source_like,0,6,test_id_000099_t0_c6,little,little_0,3,1.5,1.0,0,61860.625,56194.1875,69568.09375,73432.140625,82702.515625,8,6.736035493669471,HI,73432.140625,15665.78125,89097.921875,61860.625,26508.328125
test_id_test_id_000099_07,test_id_000099,7,sink_like,1,0,test_id_000099_t1_c0,big,big_1,1,1.4,0.98,6,183482.77,179747.6875,198122.640625,203581.03125,216236.46875,8,6.736035493669471,HI,203581.03125,15665.78125,219246.8125,183482.765625,36488.78125
test_id_test_id_000099_08,test_id_000099,7,sink_like,1,1,test_id_000099_t1_c1,little,little_0,1,0.9,0.86,6,322420.88,328449.34375,356379.4375,364287.125,381840.0,8,6.736035493669471,HI,364287.125,15665.78125,379952.90625,322420.875,53390.65625
test_id_test_id_000099_09,test_id_000099,7,sink_like,1,2,test_id_000099_t1_c2,big,big_1,2,1.8,1.06,6,126874.97,125138.328125,140617.875,144963.078125,155661.734375,8,6.736035493669471,HI,144963.078125,15665.78125,160628.859375,126874.96875,30523.40625
test_id_test_id_000099_10,test_id_000099,7,sink_like,1,3,test_id_000099_t1_c3,little,little_0,2,1.2,0.93,6,239830.88,244102.6875,266298.8125,272834.90625,287589.84375,8,6.736035493669471,HI,272834.90625,15665.78125,288500.6875,239830.875,43487.15625
test_id_test_id_000099_11,test_id_000099,7,sink_like,1,4,test_id_000099_t1_c4,big,big_1,3,2.2,1.15,6,137230.58,142220.578125,158586.125,163257.28125,174527.546875,8,6.736035493669471,HI,163257.28125,15665.78125,178923.0625,137230.578125,32306.96875
test_id_test_id_000099_12,test_id_000099,7,sink_like,1,5,test_id_000099_t1_c5,little,little_0,3,1.5,1.0,6,221797.98,219080.859375,239712.8125,245842.46875,259771.671875,8,6.736035493669471,HI,245842.46875,15665.78125,261508.25,221797.984375,40690.8125
test_id_test_id_000099_13,test_id_000099,7,sink_like,1,6,test_id_000099_t1_c6,big,big_1,0,1.0,0.9,6,218022.64,215655.015625,236231.234375,242394.40625,256392.03125,8,6.736035493669471,HI,242394.40625,15665.78125,258060.1875,218022.640625,40737.015625
test_id_test_id_000099_14,test_id_000099,103,middle,2,0,test_id_000099_t2_c0,little,little_1,1,0.9,0.86,102,197923.11,199329.15625,218974.84375,224864.3125,238351.234375,8,6.736035493669471,HI,224864.3125,15665.78125,240530.09375,197923.109375,39022.078125
test_id_test_id_000099_15,test_id_000099,103,middle,2,1,test_id_000099_t2_c1,big,big_1,2,1.8,1.06,102,88012.87,92026.125,106619.09375,110615.265625,120675.546875,8,6.736035493669471,HI,110615.265625,15665.78125,126281.046875,88012.8671875,28649.421875
test_id_test_id_000099_16,test_id_000099,103,middle,2,2,test_id_000099_t2_c2,little,little_1,2,1.2,0.93,102,162176.4,163633.53125,181068.3125,186205.921875,198274.328125,8,6.736035493669471,HI,186205.921875,15665.78125,201871.703125,162176.40625,34640.796875
test_id_test_id_000099_17,test_id_000099,103,middle,2,3,test_id_000099_t2_c3,big,big_0,3,2.2,1.15,102,80361.83,75969.796875,89993.359375,93873.953125,103536.78125,8,6.736035493669471,HI,93873.953125,15665.78125,109539.734375,80361.828125,27566.984375
test_id_test_id_000099_18,test_id_000099,103,middle,2,4,test_id_000099_t2_c4,little,little_1,3,1.5,1.0,102,120396.02,119915.15625,135283.90625,139567.65625,150181.359375,8,6.736035493669471,HI,139567.65625,15665.78125,155233.4375,120396.0234375,30266.203125
test_id_test_id_000099_19,test_id_000099,103,middle,2,5,test_id_000099_t2_c5,big,big_1,0,1.0,0.9,102,140806.08,140108.734375,156584.109375,161379.75,172898.46875,8,6.736035493669471,HI,161379.75,15665.78125,177045.53125,140806.078125,32789.734375
test_id_test_id_000099_20,test_id_000099,103,middle,2,6,test_id_000099_t2_c6,little,little_1,0,0.6,0.8,102,246474.77,265976.0625,290524.75,297704.78125,314117.9375,8,6.736035493669471,HI,297704.78125,15665.78125,313370.5625,246474.765625,48141.875
test_id_test_id_000099_21,test_id_000099,11,high_degree,3,0,test_id_000099_t3_c0,big,big_1,2,1.8,1.06,10,136856.05,149263.1875,165951.75,170764.59375,182271.625,8,6.736035493669471,HI,170764.59375,15665.78125,186430.375,136856.046875,33008.4375
test_id_test_id_000099_22,test_id_000099,11,high_degree,3,1,test_id_000099_t3_c1,little,little_1,2,1.2,0.93,10,199045.28,204402.625,224143.859375,230025.59375,243468.390625,8,6.736035493669471,HI,230025.59375,15665.78125,245691.375,199045.28125,39065.765625
test_id_test_id_000099_23,test_id_000099,11,high_degree,3,2,test_id_000099_t3_c2,big,big_1,3,2.2,1.15,10,113073.39,130747.25,146571.5625,151001.921875,161868.28125,8,6.736035493669471,HI,151001.921875,15665.78125,166667.703125,113073.390625,31121.03125
test_id_test_id_000099_24,test_id_000099,11,high_degree,3,3,test_id_000099_t3_c3,little,little_0,3,1.5,1.0,10,176332.36,184044.84375,202573.0,208064.796875,220777.59375,8,6.736035493669471,HI,208064.796875,15665.78125,223730.578125,176332.359375,36732.75
test_id_test_id_000099_25,test_id_000099,11,high_degree,3,4,test_id_000099_t3_c4,big,big_1,0,1.0,0.9,10,181687.5,195723.671875,215083.015625,220895.359375,234207.34375,8,6.736035493669471,HI,220895.359375,15665.78125,236561.140625,181687.5,38483.671875
test_id_test_id_000099_26,test_id_000099,11,high_degree,3,5,test_id_000099_t3_c5,little,little_1,0,0.6,0.8,10,421904.6,407641.59375,440570.75,449668.0625,469197.0,8,6.736035493669471,HI,449668.0625,15665.78125,465333.84375,421904.59375,61555.40625
test_id_test_id_000099_27,test_id_000099,11,high_degree,3,6,test_id_000099_t3_c6,big,big_1,1,1.4,0.98,10,142957.31,142107.09375,158377.59375,163042.828125,174285.5625,8,6.736035493669471,HI,163042.828125,15665.78125,178708.609375,142957.3125,32178.46875
test_id_test_id_000099_28,test_id_000099,73,communication_heavy,4,0,test_id_000099_t4_c0,little,little_0,2,1.2,0.93,72,373228.84,348526.75,378213.5625,386614.59375,405089.75,8,6.736035493669471,HI,386614.59375,15665.78125,402280.375,373228.84375,56563.0
test_id_test_id_000099_29,test_id_000099,73,communication_heavy,4,1,test_id_000099_t4_c1,big,big_0,3,2.2,1.15,72,139802.7,142322.5,158638.328125,163310.9375,174570.90625,8,6.736035493669471,HI,163310.9375,15665.78125,178976.71875,139802.703125,32248.40625
test_id_test_id_000099_30,test_id_000099,73,communication_heavy,4,2,test_id_000099_t4_c2,little,little_1,3,1.5,1.0,72,283103.25,267624.375,291317.15625,298217.6875,313711.03125,8,6.736035493669471,HI,298217.6875,15665.78125,313883.46875,283103.25,46086.65625
test_id_test_id_000099_31,test_id_000099,73,communication_heavy,4,3,test_id_000099_t4_c3,big,big_1,0,1.0,0.9,72,309210.53,306132.78125,332483.65625,340002.1875,356803.4375,8,6.736035493669471,HI,340002.1875,15665.78125,355667.96875,309210.53125,50670.65625
test_id_test_id_000099_32,test_id_000099,73,communication_heavy,4,4,test_id_000099_t4_c4,little,little_1,0,0.6,0.8,72,686008.3,632073.8125,682522.125,697550.625,723500.5,8,6.736035493669471,HI,697550.625,15665.78125,713216.40625,686008.3125,91426.6875
test_id_test_id_000099_33,test_id_000099,73,communication_heavy,4,5,test_id_000099_t4_c5,big,big_0,1,1.4,0.98,72,213283.61,209980.125,230201.859375,236256.5625,250038.0625,8,6.736035493669471,HI,236256.5625,15665.78125,251922.34375,213283.609375,40057.9375
test_id_test_id_000099_34,test_id_000099,73,communication_heavy,4,6,test_id_000099_t4_c6,little,little_1,1,0.9,0.86,72,542756.44,518620.125,562480.1875,575219.75,599874.75,8,6.736035493669471,HI,575219.75,15665.78125,590885.53125,542756.4375,81254.625
test_id_test_id_000099_35,test_id_000099,137,random,5,0,test_id_000099_t5_c0,big,big_1,3,2.2,1.15,136,86972.93,93743.453125,108334.375,112322.59375,122378.6875,8,6.736035493669471,HI,112322.59375,15665.78125,127988.375,86972.9296875,28635.234375
test_id_test_id_000099_36,test_id_000099,137,random,5,1,test_id_000099_t5_c1,little,little_1,3,1.5,1.0,136,134446.14,144816.25,161231.828125,165952.40625,177291.78125,8,6.736035493669471,HI,165952.40625,15665.78125,181618.1875,134446.140625,32475.53125
test_id_test_id_000099_37,test_id_000099,137,random,5,2,test_id_000099_t5_c2,big,big_1,0,1.0,0.9,136,141327.89,158013.296875,175342.921875,180480.65625,192576.03125,8,6.736035493669471,HI,180480.65625,15665.78125,196146.4375,141327.890625,34562.734375
test_id_test_id_000099_38,test_id_000099,137,random,5,3,test_id_000099_t5_c3,little,little_0,0,0.6,0.8,136,338234.44,345427.65625,373918.59375,381703.28125,399282.5625,8,6.736035493669471,HI,381703.28125,15665.78125,397369.0625,338234.4375,53854.90625
test_id_test_id_000099_39,test_id_000099,137,random,5,4,test_id_000099_t5_c4,big,big_1,1,1.4,0.98,136,127757.305,133011.875,148945.9375,153463.65625,164475.203125,8,6.736035493669471,HI,153463.65625,15665.78125,169129.4375,127757.3046875,31463.328125
test_id_test_id_000099_40,test_id_000099,137,random,5,5,test_id_000099_t5_c5,little,little_1,1,0.9,0.86,136,256469.39,273954.65625,297955.84375,304859.90625,320431.59375,8,6.736035493669471,HI,304859.90625,15665.78125,320525.6875,256469.390625,46476.9375
test_id_test_id_000099_41,test_id_000099,137,random,5,6,test_id_000099_t5_c6,big,big_1,2,1.8,1.06,136,102297.44,110917.671875,126022.6875,130176.9375,140578.921875,8,6.736035493669471,HI,130176.9375,15665.78125,145842.71875,102297.4375,29661.25
test_id_test_id_000131_00,test_id_000131,1,source_like,0,0,test_id_000131_t0_c0,little,little_0,0,0.6,0.8,0,278465.62,266452.53125,291003.84375,298118.59375,314455.40625,8,6.736035493669471,LO,298118.59375,0.0,298118.59375,278465.625,48002.875
test_id_test_id_000131_01,test_id_000131,1,source_like,0,1,test_id_000131_t0_c1,big,big_1,1,1.4,0.98,0,89371.41,82353.78125,96765.640625,100716.390625,110595.984375,8,6.736035493669471,LO,100716.390625,0.0,100716.390625,89371.40625,28242.203125
test_id_test_id_000131_02,test_id_000131,1,source_like,0,2,test_id_000131_t0_c2,little,little_0,1,0.9,0.86,0,172972.36,176989.03125,195800.921875,201545.3125,214756.25,8,6.736035493669471,LO,201545.3125,0.0,201545.3125,172972.359375,37767.21875
test_id_test_id_000131_03,test_id_000131,1,source_like,0,3,test_id_000131_t0_c3,big,big_0,2,1.8,1.06,0,64943.78,64544.296875,78157.265625,81977.640625,91323.984375,8,6.736035493669471,LO,81977.640625,0.0,81977.640625,64943.78125,26779.6875
test_id_test_id_000131_04,test_id_000131,1,source_like,0,4,test_id_000131_t0_c4,little,little_0,2,1.2,0.93,0,140003.53,134154.046875,150225.984375,154859.03125,166058.78125,8,6.736035493669471,LO,154859.03125,0.0,154859.03125,140003.53125,31904.734375
test_id_test_id_000131_05,test_id_000131,1,source_like,0,5,test_id_000131_t0_c5,big,big_0,3,2.2,1.15,0,52130.49,51550.875,64568.015625,68331.171875,77325.140625,8,6.736035493669471,LO,68331.171875,0.0,68331.171875,52130.48828125,25774.265625
test_id_test_id_000131_06,test_id_000131,1,source_like,0,6,test_id_000131_t0_c6,little,little_0,3,1.5,1.0,0,114006.2,111304.96875,126456.34375,130630.515625,141066.96875,8,6.736035493669471,LO,130630.515625,0.0,130630.515625,114006.203125,29762.0
test_id_test_id_000131_07,test_id_000131,23,sink_like,1,0,test_id_000131_t1_c0,big,big_1,1,1.4,0.98,22,215223.0,205991.1875,225805.140625,231697.609375,245162.734375,8,6.736035493669471,LO,231697.609375,0.0,231697.609375,215223.0,39171.546875
test_id_test_id_000131_08,test_id_000131,23,sink_like,1,1,test_id_000131_t1_c1,little,little_1,1,0.9,0.86,22,376549.78,364237.375,395217.21875,403968.78125,423084.84375,8,6.736035493669471,LO,403968.78125,0.0,403968.78125,376549.78125,58847.46875
test_id_test_id_000131_09,test_id_000131,23,sink_like,1,2,test_id_000131_t1_c2,big,big_0,2,1.8,1.06,22,137688.9,143651.171875,159917.78125,164574.125,175790.90625,8,6.736035493669471,LO,164574.125,0.0,164574.125,137688.90625,32139.734375
test_id_test_id_000131_10,test_id_000131,23,sink_like,1,3,test_id_000131_t1_c3,little,little_1,2,1.2,0.93,22,288831.75,278157.1875,302486.28125,309497.28125,325247.40625,8,6.736035493669471,LO,309497.28125,0.0,309497.28125,288831.75,47090.21875
test_id_test_id_000131_11,test_id_000131,23,sink_like,1,4,test_id_000131_t1_c4,big,big_0,3,2.2,1.15,22,182959.53,181279.90625,199783.25,205292.9375,218041.828125,8,6.736035493669471,LO,205292.9375,0.0,205292.9375,182959.53125,36761.921875
test_id_test_id_000131_12,test_id_000131,23,sink_like,1,5,test_id_000131_t1_c5,little,little_1,3,1.5,1.0,22,214458.84,209653.9375,229576.015625,235460.6875,248925.046875,8,6.736035493669471,LO,235460.6875,0.0,235460.6875,214458.84375,39271.109375
test_id_test_id_000131_13,test_id_000131,23,sink_like,1,6,test_id_000131_t1_c6,big,big_0,0,1.0,0.9,22,287562.16,268183.40625,291833.65625,298670.03125,314079.4375,8,6.736035493669471,LO,298670.03125,0.0,298670.03125,287562.15625,45896.03125
test_id_test_id_000131_14,test_id_000131,96,middle,2,0,test_id_000131_t2_c0,little,little_1,1,0.9,0.86,95,299366.53,291176.4375,316350.65625,323556.03125,339724.46875,8,6.736035493669471,LO,323556.03125,0.0,323556.03125,299366.53125,48548.03125
test_id_test_id_000131_15,test_id_000131,96,middle,2,1,test_id_000131_t2_c1,big,big_1,2,1.8,1.06,95,118685.9,116030.25,131177.390625,135375.453125,145832.6875,8,6.736035493669471,LO,135375.453125,0.0,135375.453125,118685.8984375,29802.4375
test_id_test_id_000131_16,test_id_000131,96,middle,2,2,test_id_000131_t2_c2,little,little_0,2,1.2,0.93,95,243879.92,255273.65625,278074.9375,284723.59375,299712.1875,8,6.736035493669471,LO,284723.59375,0.0,284723.59375,243879.921875,44438.53125
test_id_test_id_000131_17,test_id_000131,96,middle,2,3,test_id_000131_t2_c3,big,big_1,3,2.2,1.15,95,95304.58,95598.859375,110126.984375,114111.109375,124162.34375,8,6.736035493669471,LO,114111.109375,0.0,114111.109375,95304.578125,28563.484375
test_id_test_id_000131_18,test_id_000131,96,middle,2,4,test_id_000131_t2_c4,little,little_0,3,1.5,1.0,95,186679.67,186871.5625,205611.28125,211184.375,224046.71875,8,6.736035493669471,LO,211184.375,0.0,211184.375,186679.671875,37175.15625
test_id_test_id_000131_19,test_id_000131,96,middle,2,5,test_id_000131_t2_c5,big,big_0,0,1.0,0.9,95,231280.83,231045.0,252353.46875,258639.921875,272892.71875,8,6.736035493669471,LO,258639.921875,0.0,258639.921875,231280.828125,41847.71875
test_id_test_id_000131_20,test_id_000131,96,middle,2,6,test_id_000131_t2_c6,little,little_1,0,0.6,0.8,95,413380.97,439176.1875,474255.9375,484003.09375,504349.09375,8,6.736035493669471,LO,484003.09375,0.0,484003.09375,413380.96875,65172.90625
test_id_test_id_000131_21,test_id_000131,20,high_degree,3,0,test_id_000131_t3_c0,big,big_1,2,1.8,1.06,19,173468.7,172626.765625,190548.0,195840.375,208187.84375,8,6.736035493669471,LO,195840.375,0.0,195840.375,173468.703125,35561.078125
test_id_test_id_000131_22,test_id_000131,20,high_degree,3,1,test_id_000131_t3_c1,little,little_0,2,1.2,0.93,19,410819.3,382847.40625,415468.21875,424699.75,444625.0,8,6.736035493669471,LO,424699.75,0.0,424699.75,410819.3125,61777.59375
test_id_test_id_000131_23,test_id_000131,20,high_degree,3,2,test_id_000131_t3_c2,big,big_0,3,2.2,1.15,19,194552.06,183771.625,202447.796875,208020.15625,220888.625,8,6.736035493669471,LO,208020.15625,0.0,208020.15625,194552.0625,37117.0
test_id_test_id_000131_24,test_id_000131,20,high_degree,3,3,test_id_000131_t3_c3,little,little_1,3,1.5,1.0,19,322793.97,305766.5625,332141.625,339689.25,356509.59375,8,6.736035493669471,LO,339689.25,0.0,339689.25,322793.96875,50743.03125
test_id_test_id_000131_25,test_id_000131,20,high_degree,3,4,test_id_000131_t3_c4,big,big_1,0,1.0,0.9,19,313459.62,306076.125,332410.09375,339921.40625,356713.5,8,6.736035493669471,LO,339921.40625,0.0,339921.40625,313459.625,50637.375
test_id_test_id_000131_26,test_id_000131,20,high_degree,3,5,test_id_000131_t3_c5,little,little_1,0,0.6,0.8,19,596355.3,583749.125,630325.5,643973.375,668520.5,8,6.736035493669471,LO,643973.375,0.0,643973.375,596355.3125,84771.375
test_id_test_id_000131_27,test_id_000131,20,high_degree,3,6,test_id_000131_t3_c6,big,big_1,1,1.4,0.98,19,290282.4,272825.0625,296846.6875,303810.125,319443.0,8,6.736035493669471,LO,303810.125,0.0,303810.125,290282.40625,46617.9375
test_id_test_id_000131_28,test_id_000131,202,communication_heavy,4,0,test_id_000131_t4_c0,little,little_0,2,1.2,0.93,201,650700.3,573598.25,623369.75,638252.25,665732.0,8,6.736035493669471,LO,638252.25,0.0,638252.25,650700.3125,92133.75
test_id_test_id_000131_29,test_id_000131,202,communication_heavy,4,1,test_id_000131_t4_c1,big,big_0,3,2.2,1.15,201,282160.25,251021.15625,273711.25,280394.34375,295443.4375,8,6.736035493669471,LO,280394.34375,0.0,280394.34375,282160.25,44422.28125
test_id_test_id_000131_30,test_id_000131,202,communication_heavy,4,2,test_id_000131_t4_c2,little,little_0,3,1.5,1.0,201,465714.9,414272.1875,449694.8125,459759.5625,481033.5625,8,6.736035493669471,LO,459759.5625,0.0,459759.5625,465714.90625,66761.375
test_id_test_id_000131_31,test_id_000131,202,communication_heavy,4,3,test_id_000131_t4_c3,big,big_0,0,1.0,0.9,201,401464.72,392283.625,425529.71875,434907.6875,455088.875,8,6.736035493669471,LO,434907.6875,0.0,434907.6875,401464.71875,62805.25
test_id_test_id_000131_32,test_id_000131,202,communication_heavy,4,4,test_id_000131_t4_c4,little,little_0,0,0.6,0.8,201,973737.6,913926.4375,997884.375,1020129.5625,1069689.375,8,6.736035493669471,LO,1020129.5625,0.0,1020129.5625,973737.625,155762.9375
test_id_test_id_000131_33,test_id_000131,202,communication_heavy,4,5,test_id_000131_t4_c5,big,big_0,1,1.4,0.98,201,337583.84,310257.3125,336904.75,344503.59375,361450.6875,8,6.736035493669471,LO,344503.59375,0.0,344503.59375,337583.84375,51193.375
test_id_test_id_000131_34,test_id_000131,202,communication_heavy,4,6,test_id_000131_t4_c6,little,little_0,1,0.9,0.86,201,537824.94,502988.25,545247.9375,557439.75,581362.75,8,6.736035493669471,LO,557439.75,0.0,557439.75,537824.9375,78374.5
test_id_test_id_000131_35,test_id_000131,52,random,5,0,test_id_000131_t5_c0,big,big_0,3,2.2,1.15,51,106479.11,111826.78125,126914.75,131052.09375,141419.421875,8,6.736035493669471,LO,131052.09375,0.0,131052.09375,106479.109375,29592.640625
test_id_test_id_000131_36,test_id_000131,52,random,5,1,test_id_000131_t5_c1,little,little_1,3,1.5,1.0,51,123541.31,143339.15625,159568.5,164208.140625,175398.0625,8,6.736035493669471,LO,164208.140625,0.0,164208.140625,123541.3125,32058.90625
test_id_test_id_000131_37,test_id_000131,52,random,5,2,test_id_000131_t5_c2,big,big_0,0,1.0,0.9,51,215493.69,211298.40625,231415.671875,237384.546875,251011.5,8,6.736035493669471,LO,237384.546875,0.0,237384.546875,215493.6875,39713.09375
test_id_test_id_000131_38,test_id_000131,52,random,5,3,test_id_000131_t5_c3,little,little_1,0,0.6,0.8,51,322264.38,326891.625,354741.4375,362585.9375,380155.0,8,6.736035493669471,LO,362585.9375,0.0,362585.9375,322264.375,53263.375
test_id_test_id_000131_39,test_id_000131,52,random,5,4,test_id_000131_t5_c4,big,big_0,1,1.4,0.98,51,169647.4,179834.59375,198146.40625,203592.21875,216211.421875,8,6.736035493669471,LO,203592.21875,0.0,203592.21875,169647.40625,36376.828125
test_id_test_id_000131_40,test_id_000131,52,random,5,5,test_id_000131_t5_c5,little,little_1,1,0.9,0.86,51,216902.6,222960.84375,243736.671875,249848.84375,263785.46875,8,6.736035493669471,LO,249848.84375,0.0,249848.84375,216902.59375,40824.625
test_id_test_id_000131_41,test_id_000131,52,random,5,6,test_id_000131_t5_c6,big,big_0,2,1.8,1.06,51,113668.305,119542.09375,134841.75,139089.71875,149635.0625,8,6.736035493669471,LO,139089.71875,0.0,139089.71875,113668.3046875,30092.96875
test_id_test_id_000150_00,test_id_000150,1,source_like,0,0,test_id_000150_t0_c0,big,big_1,2,1.8,1.06,0,20048.045,20550.984375,33302.109375,37489.0,46699.15625,8,6.736035493669471,HI,37489.0,15665.78125,53154.78125,20048.044921875,26148.171875
test_id_test_id_000150_01,test_id_000150,1,source_like,0,1,test_id_000150_t0_c1,little,little_0,2,1.2,0.93,0,42588.01,45187.578125,58326.6875,62320.546875,71626.328125,8,6.736035493669471,HI,62320.546875,15665.78125,77986.328125,42588.01171875,26438.75
test_id_test_id_000150_02,test_id_000150,1,source_like,0,2,test_id_000150_t0_c2,big,big_1,3,2.2,1.15,0,19034.576,20632.15625,33610.5,37925.8125,47389.0625,8,6.736035493669471,HI,37925.8125,15665.78125,53591.59375,19034.576171875,26756.90625
test_id_test_id_000150_03,test_id_000150,1,source_like,0,3,test_id_000150_t0_c3,little,little_1,3,1.5,1.0,0,32422.738,31934.78125,44473.9375,48404.28125,57368.28125,8,6.736035493669471,HI,48404.28125,15665.78125,64070.0625,32422.73828125,25433.5
test_id_test_id_000150_04,test_id_000150,1,source_like,0,4,test_id_000150_t0_c4,big,big_0,0,1.0,0.9,0,36400.41,33768.03125,46437.765625,50438.609375,59582.125,8,6.736035493669471,HI,50438.609375,15665.78125,66104.390625,36400.41015625,25814.09375
test_id_test_id_000150_05,test_id_000150,1,source_like,0,5,test_id_000150_t0_c5,little,little_0,0,0.6,0.8,0,68380.766,75718.984375,90257.578125,94460.953125,104759.875,8,6.736035493669471,HI,94460.953125,15665.78125,110126.734375,68380.765625,29040.890625
test_id_test_id_000150_06,test_id_000150,1,source_like,0,6,test_id_000150_t0_c6,big,big_1,1,1.4,0.98,0,22122.502,21813.46875,34300.671875,38319.390625,47241.6875,8,6.736035493669471,HI,38319.390625,15665.78125,53985.171875,22122.501953125,25428.21875
test_id_test_id_000150_07,test_id_000150,57,sink_like,1,0,test_id_000150_t1_c0,little,little_1,2,1.2,0.93,56,168968.84,160270.109375,177544.59375,182629.515625,194607.46875,8,6.736035493669471,HI,182629.515625,15665.78125,198295.296875,168968.84375,34337.359375
test_id_test_id_000150_08,test_id_000150,57,sink_like,1,1,test_id_000150_t1_c1,big,big_1,3,2.2,1.15,56,67327.56,64976.125,78531.953125,82346.078125,91702.0625,8,6.736035493669471,HI,82346.078125,15665.78125,98011.859375,67327.5625,26725.9375
test_id_test_id_000150_09,test_id_000150,57,sink_like,1,2,test_id_000150_t1_c2,little,little_0,3,1.5,1.0,56,138830.69,141281.84375,157528.125,162168.171875,173374.0625,8,6.736035493669471,HI,162168.171875,15665.78125,177833.953125,138830.6875,32092.21875
test_id_test_id_000150_10,test_id_000150,57,sink_like,1,3,test_id_000150_t1_c3,big,big_1,0,1.0,0.9,56,127737.336,120818.828125,136525.015625,140993.78125,151973.21875,8,6.736035493669471,HI,140993.78125,15665.78125,156659.5625,127737.3359375,31154.390625
test_id_test_id_000150_11,test_id_000150,57,sink_like,1,4,test_id_000150_t1_c4,little,little_0,0,0.6,0.8,56,285076.3,294999.3125,320822.5625,328059.40625,344759.59375,8,6.736035493669471,HI,328059.40625,15665.78125,343725.1875,285076.3125,49760.28125
test_id_test_id_000150_12,test_id_000150,57,sink_like,1,5,test_id_000150_t1_c5,big,big_0,1,1.4,0.98,56,102205.35,101744.8125,116679.21875,120797.609375,131133.546875,8,6.736035493669471,HI,120797.609375,15665.78125,136463.390625,102205.3515625,29388.734375
test_id_test_id_000150_13,test_id_000150,57,sink_like,1,6,test_id_000150_t1_c6,little,little_0,1,0.9,0.86,56,192874.11,189652.75,209060.28125,214955.296875,228467.296875,8,6.736035493669471,HI,214955.296875,15665.78125,230621.078125,192874.109375,38814.546875
test_id_test_id_000150_14,test_id_000150,51,middle,2,0,test_id_000150_t2_c0,big,big_1,3,2.2,1.15,50,51400.918,55229.1875,68361.75,72129.578125,81214.03125,8,6.736035493669471,HI,72129.578125,15665.78125,87795.359375,51400.91796875,25984.84375
test_id_test_id_000150_15,test_id_000150,51,middle,2,1,test_id_000150_t2_c1,little,little_0,3,1.5,1.0,50,99550.77,102249.375,117107.71875,121215.84375,131521.3125,8,6.736035493669471,HI,121215.84375,15665.78125,136881.625,99550.7734375,29271.9375
test_id_test_id_000150_16,test_id_000150,51,middle,2,2,test_id_000150_t2_c2,big,big_0,0,1.0,0.9,50,113417.82,117759.75,133441.984375,137918.96875,148928.15625,8,6.736035493669471,HI,137918.96875,15665.78125,153584.75,113417.8203125,31168.40625
test_id_test_id_000150_17,test_id_000150,51,middle,2,3,test_id_000150_t2_c3,little,little_0,0,0.6,0.8,50,226988.05,247601.1875,271243.875,278317.78125,294412.90625,8,6.736035493669471,HI,278317.78125,15665.78125,293983.5625,226988.046875,46811.71875
test_id_test_id_000150_18,test_id_000150,51,middle,2,4,test_id_000150_t2_c4,big,big_0,1,1.4,0.98,50,89936.91,88180.84375,102752.703125,106794.921875,116912.359375,8,6.736035493669471,HI,106794.921875,15665.78125,122460.703125,89936.90625,28731.515625
test_id_test_id_000150_19,test_id_000150,51,middle,2,5,test_id_000150_t2_c5,little,little_1,1,0.9,0.86,50,185976.83,182894.3125,201796.90625,207498.46875,220650.921875,8,6.736035493669471,HI,207498.46875,15665.78125,223164.25,185976.828125,37756.609375
test_id_test_id_000150_20,test_id_000150,51,middle,2,6,test_id_000150_t2_c6,big,big_1,2,1.8,1.06,50,67372.59,67065.3125,80743.234375,84597.5,94068.34375,8,6.736035493669471,HI,84597.5,15665.78125,100263.28125,67372.59375,27003.03125
test_id_test_id_000150_21,test_id_000150,84,communication_heavy,3,0,test_id_000150_t3_c0,little,little_0,3,1.5,1.0,83,199838.45,210901.828125,230906.96875,236823.71875,250339.59375,8,6.736035493669471,HI,236823.71875,15665.78125,252489.5,199838.453125,39437.765625
test_id_test_id_000150_22,test_id_000150,84,communication_heavy,3,1,test_id_000150_t3_c1,big,big_0,0,1.0,0.9,83,222285.28,210134.375,230168.421875,236115.28125,249693.640625,8,6.736035493669471,HI,236115.28125,15665.78125,251781.0625,222285.28125,39559.265625
test_id_test_id_000150_23,test_id_000150,84,communication_heavy,3,2,test_id_000150_t3_c2,little,little_1,0,0.6,0.8,83,456056.7,448836.25,485903.1875,496408.8125,518037.28125,8,6.736035493669471,HI,496408.8125,15665.78125,512074.59375,456056.6875,69201.03125
test_id_test_id_000150_24,test_id_000150,84,communication_heavy,3,3,test_id_000150_t3_c3,big,big_0,1,1.4,0.98,83,141240.72,144032.921875,160342.171875,165022.84375,176283.8125,8,6.736035493669471,HI,165022.84375,15665.78125,180688.625,141240.71875,32250.890625
test_id_test_id_000150_25,test_id_000150,84,communication_heavy,3,4,test_id_000150_t3_c4,little,little_1,1,0.9,0.86,83,293694.28,288112.0,313099.34375,320250.71875,336321.09375,8,6.736035493669471,HI,320250.71875,15665.78125,335916.5,293694.28125,48209.09375
test_id_test_id_000150_26,test_id_000150,84,communication_heavy,3,5,test_id_000150_t3_c5,big,big_1,2,1.8,1.06,83,136730.84,144623.09375,161007.84375,165705.296875,177002.421875,8,6.736035493669471,HI,165705.296875,15665.78125,181371.078125,136730.84375,32379.328125
test_id_test_id_000150_27,test_id_000150,84,communication_heavy,3,6,test_id_000150_t3_c6,little,little_0,2,1.2,0.93,83,203801.31,196836.203125,215960.390625,221608.25,234615.875,8,6.736035493669471,HI,221608.25,15665.78125,237274.03125,203801.3125,37779.671875
test_id_test_id_000150_28,test_id_000150,25,random,4,0,test_id_000150_t4_c0,big,big_1,0,1.0,0.9,24,150186.42,162722.03125,180252.625,185460.0625,197675.28125,8,6.736035493669471,HI,185460.0625,15665.78125,201125.84375,150186.421875,34953.25
test_id_test_id_000150_29,test_id_000150,25,random,4,1,test_id_000150_t4_c1,little,little_1,0,0.6,0.8,24,359161.94,345676.84375,373737.75,381278.1875,398425.4375,8,6.736035493669471,HI,381278.1875,15665.78125,396943.96875,359161.9375,52748.59375
test_id_test_id_000150_30,test_id_000150,25,random,4,2,test_id_000150_t4_c2,big,big_1,1,1.4,0.98,24,102772.195,111321.75,126468.546875,130652.609375,141110.046875,8,6.736035493669471,HI,130652.609375,15665.78125,146318.390625,102772.1953125,29788.296875
test_id_test_id_000150_31,test_id_000150,25,random,4,3,test_id_000150_t4_c3,little,little_0,1,0.9,0.86,24,217148.48,213151.8125,233675.84375,239853.9375,253887.765625,8,6.736035493669471,HI,239853.9375,15665.78125,255519.71875,217148.484375,40735.953125
test_id_test_id_000150_32,test_id_000150,25,random,4,4,test_id_000150_t4_c4,big,big_1,2,1.8,1.06,24,80641.805,87251.5,101648.4375,105596.84375,115527.90625,8,6.736035493669471,HI,105596.84375,15665.78125,121262.625,80641.8046875,28276.40625
test_id_test_id_000150_33,test_id_000150,25,random,4,5,test_id_000150_t4_c5,little,little_0,2,1.2,0.93,24,183197.08,190553.6875,209425.515625,215037.09375,227965.359375,8,6.736035493669471,HI,215037.09375,15665.78125,230702.875,183197.078125,37411.671875
test_id_test_id_000150_34,test_id_000150,25,random,4,6,test_id_000150_t4_c6,big,big_0,3,2.2,1.15,24,65134.047,69094.65625,82813.546875,86639.40625,96092.078125,8,6.736035493669471,HI,86639.40625,15665.78125,102305.1875,65134.046875,26997.421875
test_id_test_id_000150_35,test_id_000150,2,diverse_fill_1,5,0,test_id_000150_t5_c0,little,little_0,0,0.6,0.8,1,336569.4,341929.625,370193.3125,377954.09375,395446.625,8,6.736035493669471,HI,377954.09375,15665.78125,393619.875,336569.40625,53517.0
test_id_test_id_000150_36,test_id_000150,2,diverse_fill_1,5,1,test_id_000150_t5_c1,big,big_1,1,1.4,0.98,1,121595.92,118852.796875,134209.484375,138474.8125,149061.5,8,6.736035493669471,HI,138474.8125,15665.78125,154140.59375,121595.921875,30208.703125
test_id_test_id_000150_37,test_id_000150,2,diverse_fill_1,5,2,test_id_000150_t5_c2,little,little_1,1,0.9,0.86,1,259233.14,260145.71875,283120.90625,289750.4375,304735.4375,8,6.736035493669471,HI,289750.4375,15665.78125,305416.21875,259233.140625,44589.71875
test_id_test_id_000150_38,test_id_000150,2,diverse_fill_1,5,3,test_id_000150_t5_c3,big,big_0,2,1.8,1.06,1,85773.836,84923.859375,99203.015625,103127.03125,112987.375,8,6.736035493669471,HI,103127.03125,15665.78125,118792.8125,85773.8359375,28063.515625
test_id_test_id_000150_39,test_id_000150,2,diverse_fill_1,5,4,test_id_000150_t5_c4,little,little_0,2,1.2,0.93,1,186869.73,181422.21875,199760.0,205215.609375,217832.453125,8,6.736035493669471,HI,205215.609375,15665.78125,220881.390625,186869.734375,36410.234375
test_id_test_id_000150_40,test_id_000150,2,diverse_fill_1,5,5,test_id_000150_t5_c5,big,big_1,3,2.2,1.15,1,82551.6,77412.25,91465.28125,95341.671875,105022.015625,8,6.736035493669471,HI,95341.671875,15665.78125,111007.453125,82551.6015625,27609.765625
test_id_test_id_000150_41,test_id_000150,2,diverse_fill_1,5,6,test_id_000150_t5_c6,little,little_1,3,1.5,1.0,1,172767.4,166672.8125,184131.40625,189242.734375,201247.609375,8,6.736035493669471,HI,189242.734375,15665.78125,204908.515625,172767.40625,34574.796875
test_id_test_id_000168_00,test_id_000168,24,source_like,0,0,test_id_000168_t0_c0,big,big_0,0,1.0,0.9,23,103481.42,104529.21875,119717.6875,123986.421875,134602.984375,8,6.736035493669471,LO,123986.421875,0.0,123986.421875,103481.421875,30073.765625
test_id_test_id_000168_01,test_id_000168,24,source_like,0,1,test_id_000168_t0_c1,little,little_0,0,0.6,0.8,23,278526.5,292591.0,318132.375,325225.5625,341614.875,8,6.736035493669471,LO,325225.5625,0.0,325225.5625,278526.5,49023.875
test_id_test_id_000168_02,test_id_000168,24,source_like,0,2,test_id_000168_t0_c2,big,big_0,1,1.4,0.98,23,76495.66,78403.453125,92615.359375,96566.25,106395.703125,8,6.736035493669471,LO,96566.25,0.0,96566.25,76495.65625,27992.25
test_id_test_id_000168_03,test_id_000168,24,source_like,0,3,test_id_000168_t0_c3,little,little_1,1,0.9,0.86,23,178071.56,179804.53125,198744.390625,204510.046875,217761.71875,8,6.736035493669471,LO,204510.046875,0.0,204510.046875,178071.5625,37957.1875
test_id_test_id_000168_04,test_id_000168,24,source_like,0,4,test_id_000168_t0_c4,big,big_0,2,1.8,1.06,23,60466.027,61035.421875,74477.96875,78297.5,87586.5,8,6.736035493669471,LO,78297.5,0.0,78297.5,60466.02734375,26551.078125
test_id_test_id_000168_05,test_id_000168,24,source_like,0,5,test_id_000168_t0_c5,little,little_0,2,1.2,0.93,23,134058.11,135420.8125,151501.0,156133.625,167323.328125,8,6.736035493669471,LO,156133.625,0.0,156133.625,134058.109375,31902.515625
test_id_test_id_000168_06,test_id_000168,24,source_like,0,6,test_id_000168_t0_c6,big,big_1,3,2.2,1.15,23,52322.46,50960.640625,63958.21875,67725.96875,76720.9375,8,6.736035493669471,LO,67725.96875,0.0,67725.96875,52322.4609375,25760.296875
test_id_test_id_000168_07,test_id_000168,282,sink_like,1,0,test_id_000168_t1_c0,little,little_1,0,0.6,0.8,281,447969.7,440023.25,475165.46875,484930.9375,505258.0625,8,6.736035493669471,LO,484930.9375,0.0,484930.9375,447969.6875,65234.8125
test_id_test_id_000168_08,test_id_000168,282,sink_like,1,1,test_id_000168_t1_c1,big,big_0,1,1.4,0.98,281,159543.25,159881.125,177131.125,182186.265625,194111.59375,8,6.736035493669471,LO,182186.265625,0.0,182186.265625,159543.25,34230.46875
test_id_test_id_000168_09,test_id_000168,282,sink_like,1,2,test_id_000168_t1_c2,little,little_1,1,0.9,0.86,281,270259.7,263018.3125,286313.3125,293062.65625,308299.25,8,6.736035493669471,LO,293062.65625,0.0,293062.65625,270259.6875,45280.9375
test_id_test_id_000168_10,test_id_000168,282,sink_like,1,3,test_id_000168_t1_c3,big,big_1,2,1.8,1.06,281,139203.53,137793.21875,153887.640625,158458.40625,169547.625,8,6.736035493669471,LO,158458.40625,0.0,158458.40625,139203.53125,31754.40625
test_id_test_id_000168_11,test_id_000168,282,sink_like,1,4,test_id_000168_t1_c4,little,little_1,2,1.2,0.93,281,176417.0,187376.34375,206131.625,211726.234375,224616.03125,8,6.736035493669471,LO,211726.234375,0.0,211726.234375,176417.0,37239.6875
test_id_test_id_000168_12,test_id_000168,282,sink_like,1,5,test_id_000168_t1_c5,big,big_0,3,2.2,1.15,281,96362.65,98202.921875,112793.640625,116796.703125,126891.28125,8,6.736035493669471,LO,116796.703125,0.0,116796.703125,96362.6484375,28688.359375
test_id_test_id_000168_13,test_id_000168,282,sink_like,1,6,test_id_000168_t1_c6,little,little_1,3,1.5,1.0,281,182164.17,182832.703125,201299.59375,206775.140625,219455.34375,8,6.736035493669471,LO,206775.140625,0.0,206775.140625,182164.171875,36622.640625
test_id_test_id_000168_14,test_id_000168,229,middle,2,0,test_id_000168_t2_c0,big,big_0,1,1.4,0.98,228,306896.97,324508.875,352250.75,360125.40625,377625.375,8,6.736035493669471,LO,360125.40625,0.0,360125.40625,306896.96875,53116.5
test_id_test_id_000168_15,test_id_000168,229,middle,2,1,test_id_000168_t2_c1,little,little_1,1,0.9,0.86,228,570467.94,559466.8125,606522.375,620363.5,646108.875,8,6.736035493669471,LO,620363.5,0.0,620363.5,570467.9375,86642.0625
test_id_test_id_000168_16,test_id_000168,229,middle,2,2,test_id_000168_t2_c2,big,big_1,2,1.8,1.06,228,299877.2,316564.25,343732.78125,351469.625,368696.96875,8,6.736035493669471,LO,351469.625,0.0,351469.625,299877.1875,52132.71875
test_id_test_id_000168_17,test_id_000168,229,middle,2,3,test_id_000168_t2_c3,little,little_1,2,1.2,0.93,228,401471.66,389222.8125,422261.25,431590.53125,451681.5,8,6.736035493669471,LO,431590.53125,0.0,431590.53125,401471.65625,62458.6875
test_id_test_id_000168_18,test_id_000168,229,middle,2,4,test_id_000168_t2_c4,big,big_1,3,2.2,1.15,228,263641.28,264068.59375,287577.4375,294446.46875,309886.375,8,6.736035493669471,LO,294446.46875,0.0,294446.46875,263641.28125,45817.78125
test_id_test_id_000168_19,test_id_000168,229,middle,2,5,test_id_000168_t2_c5,little,little_0,3,1.5,1.0,228,357196.28,361020.96875,391772.1875,400464.375,419472.34375,8,6.736035493669471,LO,400464.375,0.0,400464.375,357196.28125,58451.375
test_id_test_id_000168_20,test_id_000168,229,middle,2,6,test_id_000168_t2_c6,big,big_1,0,1.0,0.9,228,309477.75,335410.28125,363951.75,372022.09375,389913.9375,8,6.736035493669471,LO,372022.09375,0.0,372022.09375,309477.75,54503.65625
test_id_test_id_000168_21,test_id_000168,221,communication_heavy,3,0,test_id_000168_t3_c0,little,little_0,1,0.9,0.86,220,588785.44,580258.6875,628906.5625,643303.4375,669581.0,8,6.736035493669471,LO,643303.4375,0.0,643303.4375,588785.4375,89322.3125
test_id_test_id_000168_22,test_id_000168,221,communication_heavy,3,1,test_id_000168_t3_c1,big,big_1,2,1.8,1.06,220,319038.56,329501.71875,357660.8125,365649.15625,383368.46875,8,6.736035493669471,LO,365649.15625,0.0,365649.15625,319038.5625,53866.75
test_id_test_id_000168_23,test_id_000168,221,communication_heavy,3,2,test_id_000168_t3_c2,little,little_0,2,1.2,0.93,220,577038.06,558598.375,606683.75,620963.0625,647603.625,8,6.736035493669471,LO,620963.0625,0.0,620963.0625,577038.0625,89005.25
test_id_test_id_000168_24,test_id_000168,221,communication_heavy,3,3,test_id_000168_t3_c3,big,big_0,3,2.2,1.15,220,287560.1,287787.09375,312872.34375,320106.84375,336311.75,8,6.736035493669471,LO,320106.84375,0.0,320106.84375,287560.09375,48524.65625
test_id_test_id_000168_25,test_id_000168,221,communication_heavy,3,4,test_id_000168_t3_c4,little,little_0,3,1.5,1.0,220,402424.16,396561.125,430340.75,439897.3125,460365.1875,8,6.736035493669471,LO,439897.3125,0.0,439897.3125,402424.15625,63804.0625
test_id_test_id_000168_26,test_id_000168,221,communication_heavy,3,5,test_id_000168_t3_c5,big,big_1,0,1.0,0.9,220,351568.66,381617.9375,413931.3125,423034.9375,442765.0,8,6.736035493669471,LO,423034.9375,0.0,423034.9375,351568.65625,61147.0625
test_id_test_id_000168_27,test_id_000168,221,communication_heavy,3,6,test_id_000168_t3_c6,little,little_0,0,0.6,0.8,220,787891.44,795543.75,862925.75,883004.375,918505.0,8,6.736035493669471,LO,883004.375,0.0,883004.375,787891.4375,122961.25
test_id_test_id_000168_28,test_id_000168,80,random,4,0,test_id_000168_t4_c0,big,big_1,2,1.8,1.06,79,60008.87,65847.59375,79505.1875,83353.40625,92787.953125,8,6.736035493669471,LO,83353.40625,0.0,83353.40625,60008.87109375,26940.359375
test_id_test_id_000168_29,test_id_000168,80,random,4,1,test_id_000168_t4_c1,little,little_0,2,1.2,0.93,79,143145.2,137580.828125,153846.078125,158574.15625,169928.46875,8,6.736035493669471,LO,158574.15625,0.0,158574.15625,143145.203125,32347.640625
test_id_test_id_000168_30,test_id_000168,80,random,4,2,test_id_000168_t4_c2,big,big_0,3,2.2,1.15,79,52779.9,53459.984375,66579.96875,70364.4375,79442.09375,8,6.736035493669471,LO,70364.4375,0.0,70364.4375,52779.8984375,25982.109375
test_id_test_id_000168_31,test_id_000168,80,random,4,3,test_id_000168_t4_c3,little,little_1,3,1.5,1.0,79,123000.81,113813.390625,129040.578125,133275.03125,143807.4375,8,6.736035493669471,LO,133275.03125,0.0,133275.03125,123000.8125,29994.046875
test_id_test_id_000168_32,test_id_000168,80,random,4,4,test_id_000168_t4_c4,big,big_1,0,1.0,0.9,79,119854.48,115883.421875,131325.96875,135702.015625,146497.4375,8,6.736035493669471,LO,135702.015625,0.0,135702.015625,119854.4765625,30614.015625
test_id_test_id_000168_33,test_id_000168,80,random,4,5,test_id_000168_t4_c5,little,little_1,0,0.6,0.8,79,312839.94,303263.5625,329353.28125,336540.75,353114.9375,8,6.736035493669471,LO,336540.75,0.0,336540.75,312839.9375,49851.375
test_id_test_id_000168_34,test_id_000168,80,random,4,6,test_id_000168_t4_c6,big,big_1,1,1.4,0.98,79,84232.1,81487.078125,95782.484375,99757.125,109671.453125,8,6.736035493669471,LO,99757.125,0.0,99757.125,84232.1015625,28184.375
test_id_test_id_000168_35,test_id_000168,47,diverse_fill_1,5,0,test_id_000168_t5_c0,little,little_1,2,1.2,0.93,46,98953.43,89207.53125,103915.609375,107999.171875,118206.21875,8,6.736035493669471,LO,107999.171875,0.0,107999.171875,98953.4296875,28998.6875
test_id_test_id_000168_36,test_id_000168,47,diverse_fill_1,5,1,test_id_000168_t5_c1,big,big_1,3,2.2,1.15,46,33168.832,35480.609375,47967.0625,51752.578125,60471.328125,8,6.736035493669471,LO,51752.578125,0.0,51752.578125,33168.83203125,24990.71875
test_id_test_id_000168_37,test_id_000168,47,diverse_fill_1,5,2,test_id_000168_t5_c2,little,little_1,3,1.5,1.0,46,77508.4,74005.484375,88148.234375,92089.265625,101831.40625,8,6.736035493669471,LO,92089.265625,0.0,92089.265625,77508.3984375,27825.921875
test_id_test_id_000168_38,test_id_000168,47,diverse_fill_1,5,3,test_id_000168_t5_c3,big,big_1,0,1.0,0.9,46,72011.42,73197.8125,87418.296875,91430.5625,101304.078125,8,6.736035493669471,LO,91430.5625,0.0,91430.5625,72011.421875,28106.265625
test_id_test_id_000168_39,test_id_000168,47,diverse_fill_1,5,4,test_id_000168_t5_c4,little,little_1,0,0.6,0.8,46,209370.55,180782.3125,200584.03125,206682.6875,220709.078125,8,6.736035493669471,LO,206682.6875,0.0,206682.6875,209370.546875,39926.765625
test_id_test_id_000168_40,test_id_000168,47,diverse_fill_1,5,5,test_id_000168_t5_c5,big,big_0,1,1.4,0.98,46,61832.543,61622.078125,75286.265625,79191.3125,88643.046875,8,6.736035493669471,LO,79191.3125,0.0,79191.3125,61832.54296875,27020.96875
test_id_test_id_000168_41,test_id_000168,47,diverse_fill_1,5,6,test_id_000168_t5_c6,little,little_0,1,0.9,0.86,46,130499.336,121087.390625,136899.25,141450.03125,152574.5625,8,6.736035493669471,LO,141450.03125,0.0,141450.03125,130499.3359375,31487.171875
test_id_test_id_000190_00,test_id_000190,35,source_like,0,0,test_id_000190_t0_c0,little,little_0,0,0.6,0.8,34,294125.03,295125.65625,320761.5625,327881.25,344319.5625,8,6.736035493669471,HI,327881.25,15665.78125,343547.03125,294125.03125,49193.90625
test_id_test_id_000190_01,test_id_000190,35,source_like,0,1,test_id_000190_t0_c1,big,big_1,1,1.4,0.98,34,94348.914,87221.359375,101737.4375,105729.21875,115741.984375,8,6.736035493669471,HI,105729.21875,15665.78125,121395.0,94348.9140625,28520.625
test_id_test_id_000190_02,test_id_000190,35,source_like,0,2,test_id_000190_t0_c2,little,little_1,1,0.9,0.86,34,197133.64,194495.921875,213942.28125,219804.125,233210.34375,8,6.736035493669471,HI,219804.125,15665.78125,235469.90625,197133.640625,38714.421875
test_id_test_id_000190_03,test_id_000190,35,source_like,0,3,test_id_000190_t0_c3,big,big_1,2,1.8,1.06,34,64174.13,62358.375,75845.359375,79669.03125,88992.421875,8,6.736035493669471,HI,79669.03125,15665.78125,95334.8125,64174.12890625,26634.046875
test_id_test_id_000190_04,test_id_000190,35,source_like,0,4,test_id_000190_t0_c4,little,little_1,2,1.2,0.93,34,155761.11,149077.65625,165709.625,170556.109375,182094.6875,8,6.736035493669471,HI,170556.109375,15665.78125,186221.890625,155761.109375,33017.03125
test_id_test_id_000190_05,test_id_000190,35,source_like,0,5,test_id_000190_t0_c5,big,big_1,3,2.2,1.15,34,54861.02,51931.28125,64957.21875,68720.265625,77725.9375,8,6.736035493669471,HI,68720.265625,15665.78125,84386.046875,54861.01953125,25794.65625
test_id_test_id_000190_06,test_id_000190,35,source_like,0,6,test_id_000190_t0_c6,little,little_1,3,1.5,1.0,34,124244.36,119599.734375,134983.625,139271.109375,149888.296875,8,6.736035493669471,HI,139271.109375,15665.78125,154936.890625,124244.359375,30288.5625
test_id_test_id_000190_07,test_id_000190,282,sink_like,1,0,test_id_000190_t1_c0,big,big_1,1,1.4,0.98,281,505927.22,457912.25,496856.71875,507996.0,530752.625,8,6.736035493669471,HI,507996.0,15665.78125,523661.78125,505927.21875,72840.375
test_id_test_id_000190_08,test_id_000190,282,sink_like,1,1,test_id_000190_t1_c1,little,little_0,1,0.9,0.86,281,755130.75,733400.0,798024.8125,817529.5,851870.0625,8,6.736035493669471,HI,817529.5,15665.78125,833195.28125,755130.75,118470.0625
test_id_test_id_000190_09,test_id_000190,282,sink_like,1,2,test_id_000190_t1_c2,big,big_1,2,1.8,1.06,281,407980.25,406306.8125,440911.59375,450702.9375,471556.1875,8,6.736035493669471,HI,450702.9375,15665.78125,466368.71875,407980.25,65249.375
test_id_test_id_000190_10,test_id_000190,282,sink_like,1,3,test_id_000190_t1_c3,little,little_1,2,1.2,0.93,281,512377.06,478242.3125,518992.03125,530725.9375,554270.0,8,6.736035493669471,HI,530725.9375,15665.78125,546391.71875,512377.0625,76027.6875
test_id_test_id_000190_11,test_id_000190,282,sink_like,1,4,test_id_000190_t1_c4,big,big_0,3,2.2,1.15,281,413741.62,384877.21875,417765.3125,427070.125,447153.28125,8,6.736035493669471,HI,427070.125,15665.78125,442735.90625,413741.625,62276.0625
test_id_test_id_000190_12,test_id_000190,282,sink_like,1,5,test_id_000190_t1_c5,little,little_0,3,1.5,1.0,281,611294.1,554956.5,603288.875,617702.625,644700.25,8,6.736035493669471,HI,617702.625,15665.78125,633368.40625,611294.125,89743.75
test_id_test_id_000190_13,test_id_000190,282,sink_like,1,6,test_id_000190_t1_c6,big,big_0,0,1.0,0.9,281,580364.9,546713.875,592826.375,606394.125,631842.0,8,6.736035493669471,HI,606394.125,15665.78125,622059.90625,580364.875,85128.125
test_id_test_id_000190_14,test_id_000190,204,middle,2,0,test_id_000190_t2_c0,little,little_1,1,0.9,0.86,203,519179.06,513863.5625,557027.0625,569520.1875,593773.0,8,6.736035493669471,HI,569520.1875,15665.78125,585185.96875,519179.0625,79909.4375
test_id_test_id_000190_15,test_id_000190,204,middle,2,1,test_id_000190_t2_c1,big,big_0,2,1.8,1.06,203,280645.62,293217.8125,318645.21875,325953.375,342300.46875,8,6.736035493669471,HI,325953.375,15665.78125,341619.15625,280645.625,49082.65625
test_id_test_id_000190_16,test_id_000190,204,middle,2,2,test_id_000190_t2_c2,little,little_1,2,1.2,0.93,203,565592.8,538557.125,584802.5,598433.625,624301.625,8,6.736035493669471,HI,598433.625,15665.78125,614099.40625,565592.8125,85744.5
test_id_test_id_000190_17,test_id_000190,204,middle,2,3,test_id_000190_t2_c3,big,big_0,3,2.2,1.15,203,240553.84,240213.390625,262182.46875,268676.34375,283330.71875,8,6.736035493669471,HI,268676.34375,15665.78125,284342.125,240553.84375,43117.328125
test_id_test_id_000190_18,test_id_000190,204,middle,2,4,test_id_000190_t2_c4,little,little_1,3,1.5,1.0,203,499232.6,489994.5,532248.625,544537.875,568897.625,8,6.736035493669471,HI,544537.875,15665.78125,560203.65625,499232.59375,78903.125
test_id_test_id_000190_19,test_id_000190,204,middle,2,5,test_id_000190_t2_c5,big,big_0,0,1.0,0.9,203,434556.8,443912.03125,481507.0,492213.375,514345.3125,8,6.736035493669471,HI,492213.375,15665.78125,507879.15625,434556.8125,70433.28125
test_id_test_id_000190_20,test_id_000190,204,middle,2,6,test_id_000190_t2_c6,little,little_0,0,0.6,0.8,203,798060.94,823260.0625,894077.875,914797.9375,952817.875,8,6.736035493669471,HI,914797.9375,15665.78125,930463.71875,798060.9375,129557.8125
test_id_test_id_000190_21,test_id_000190,211,random,3,0,test_id_000190_t3_c0,big,big_0,2,1.8,1.06,210,166436.61,177952.6875,196168.34375,201561.875,214092.5625,8,6.736035493669471,HI,201561.875,15665.78125,217227.65625,166436.609375,36139.875
test_id_test_id_000190_22,test_id_000190,211,random,3,1,test_id_000190_t3_c1,little,little_0,2,1.2,0.93,210,351894.25,375740.03125,407783.78125,416847.9375,436502.125,8,6.736035493669471,HI,416847.9375,15665.78125,432513.71875,351894.25,60762.09375
test_id_test_id_000190_23,test_id_000190,211,random,3,2,test_id_000190_t3_c2,big,big_1,3,2.2,1.15,210,175035.0,178958.8125,197313.03125,202766.53125,215412.0625,8,6.736035493669471,HI,202766.53125,15665.78125,218432.3125,175035.0,36453.25
test_id_test_id_000190_24,test_id_000190,211,random,3,3,test_id_000190_t3_c3,little,little_1,3,1.5,1.0,210,201351.52,224632.734375,245475.28125,251615.25,265581.625,8,6.736035493669471,HI,251615.25,15665.78125,267281.03125,201351.515625,40948.890625
test_id_test_id_000190_25,test_id_000190,211,random,3,4,test_id_000190_t3_c4,big,big_1,0,1.0,0.9,210,316014.47,322710.84375,350343.15625,358187.0625,375635.15625,8,6.736035493669471,HI,358187.0625,15665.78125,373852.84375,316014.46875,52924.3125
test_id_test_id_000190_26,test_id_000190,211,random,3,5,test_id_000190_t3_c5,little,little_0,0,0.6,0.8,210,485865.75,522777.9375,565211.0625,577425.0,600844.0,8,6.736035493669471,HI,577425.0,15665.78125,593090.78125,485865.75,78066.0625
test_id_test_id_000190_27,test_id_000190,211,random,3,6,test_id_000190_t3_c6,big,big_1,1,1.4,0.98,210,210380.11,220671.40625,241385.875,247530.34375,261489.828125,8,6.736035493669471,HI,247530.34375,15665.78125,263196.125,210380.109375,40818.421875
test_id_test_id_000190_28,test_id_000190,52,diverse_fill_1,4,0,test_id_000190_t4_c0,little,little_1,2,1.2,0.93,51,103009.77,97758.515625,112679.984375,116815.96875,127174.03125,8,6.736035493669471,HI,116815.96875,15665.78125,132481.75,103009.7734375,29415.515625
test_id_test_id_000190_29,test_id_000190,52,diverse_fill_1,4,1,test_id_000190_t4_c1,big,big_1,3,2.2,1.15,51,37634.65,41018.171875,53671.0,57462.21875,66311.6875,8,6.736035493669471,HI,57462.21875,15665.78125,73128.0,37634.6484375,25293.515625
test_id_test_id_000190_30,test_id_000190,52,diverse_fill_1,4,2,test_id_000190_t4_c2,little,little_1,3,1.5,1.0,51,81878.5,77052.859375,91274.34375,95224.15625,105030.546875,8,6.736035493669471,HI,95224.15625,15665.78125,110889.9375,81878.5,27977.6875
test_id_test_id_000190_31,test_id_000190,52,diverse_fill_1,4,3,test_id_000190_t4_c3,big,big_0,0,1.0,0.9,51,79222.305,80415.671875,94934.34375,98998.4375,109079.484375,8,6.736035493669471,HI,98998.4375,15665.78125,114664.21875,79222.3046875,28663.8125
test_id_test_id_000190_32,test_id_000190,52,diverse_fill_1,4,4,test_id_000190_t4_c4,little,little_1,0,0.6,0.8,51,201017.23,185402.140625,205450.4375,211630.953125,225767.28125,8,6.736035493669471,HI,211630.953125,15665.78125,227296.734375,201017.234375,40365.140625
test_id_test_id_000190_33,test_id_000190,52,diverse_fill_1,4,5,test_id_000190_t4_c5,big,big_0,1,1.4,0.98,51,57127.97,56214.25,69516.953125,73360.6875,82603.296875,8,6.736035493669471,HI,73360.6875,15665.78125,89026.46875,57127.96875,26389.046875
test_id_test_id_000190_34,test_id_000190,52,diverse_fill_1,4,6,test_id_000190_t4_c6,little,little_0,1,0.9,0.86,51,137455.42,134122.0625,150503.3125,155284.8125,166802.09375,8,6.736035493669471,HI,155284.8125,15665.78125,170950.59375,137455.421875,32680.03125
test_id_test_id_000190_35,test_id_000190,101,diverse_fill_2,5,0,test_id_000190_t5_c0,big,big_0,3,2.2,1.15,100,35989.25,37192.609375,49742.5625,53545.578125,62339.734375,8,6.736035493669471,HI,53545.578125,15665.78125,69211.359375,35989.25,25147.125
test_id_test_id_000190_36,test_id_000190,101,diverse_fill_2,5,1,test_id_000190_t5_c1,little,little_1,3,1.5,1.0,100,76247.93,71067.484375,85047.90625,88964.796875,98615.28125,8,6.736035493669471,HI,88964.796875,15665.78125,104630.578125,76247.9296875,27547.796875
test_id_test_id_000190_37,test_id_000190,101,diverse_fill_2,5,2,test_id_000190_t5_c2,big,big_1,0,1.0,0.9,100,71749.2,68895.515625,82893.859375,86867.328125,96594.671875,8,6.736035493669471,HI,86867.328125,15665.78125,102533.109375,71749.203125,27699.15625
test_id_test_id_000190_38,test_id_000190,101,diverse_fill_2,5,3,test_id_000190_t5_c3,little,little_1,0,0.6,0.8,100,189530.69,176028.125,195440.734375,201402.625,215130.890625,8,6.736035493669471,HI,201402.625,15665.78125,217068.40625,189530.6875,39102.765625
test_id_test_id_000190_39,test_id_000190,101,diverse_fill_2,5,4,test_id_000190_t5_c4,big,big_1,1,1.4,0.98,100,54134.527,55290.609375,68602.390625,72477.921875,81765.875,8,6.736035493669471,HI,72477.921875,15665.78125,88143.703125,54134.52734375,26475.265625
test_id_test_id_000190_40,test_id_000190,101,diverse_fill_2,5,5,test_id_000190_t5_c5,little,little_0,1,0.9,0.86,100,124172.71,121805.390625,137630.953125,142183.375,153305.28125,8,6.736035493669471,HI,142183.375,15665.78125,157849.15625,124172.7109375,31499.890625
test_id_test_id_000190_41,test_id_000190,101,diverse_fill_2,5,6,test_id_000190_t5_c6,big,big_0,2,1.8,1.06,100,44649.867,45208.25,58077.734375,61910.28125,70918.390625,8,6.736035493669471,HI,61910.28125,15665.78125,77576.0625,44649.8671875,25710.140625
test_id_test_id_000204_00,test_id_000204,2,source_like,0,0,test_id_000204_t0_c0,big,big_0,3,2.2,1.15,1,49809.92,51372.125,64388.796875,68155.671875,77154.890625,8,6.736035493669471,LO,68155.671875,0.0,68155.671875,49809.921875,25782.765625
test_id_test_id_000204_01,test_id_000204,2,source_like,0,1,test_id_000204_t0_c1,little,little_1,3,1.5,1.0,1,121076.66,116634.515625,131920.765625,136149.734375,146676.71875,8,6.736035493669471,LO,136149.734375,0.0,136149.734375,121076.65625,30042.203125
test_id_test_id_000204_02,test_id_000204,2,source_like,0,2,test_id_000204_t0_c2,big,big_1,0,1.0,0.9,1,104984.93,109921.578125,125202.1875,129503.796875,140178.484375,8,6.736035493669471,LO,129503.796875,0.0,129503.796875,104984.9296875,30256.90625
test_id_test_id_000204_03,test_id_000204,2,source_like,0,3,test_id_000204_t0_c3,little,little_0,0,0.6,0.8,1,279971.28,259990.890625,284239.5625,291325.46875,307612.53125,8,6.736035493669471,LO,291325.46875,0.0,291325.46875,279971.28125,47621.640625
test_id_test_id_000204_04,test_id_000204,2,source_like,0,4,test_id_000204_t0_c4,big,big_1,1,1.4,0.98,1,79008.84,78381.359375,92603.078125,96556.4375,106387.40625,8,6.736035493669471,LO,96556.4375,0.0,96556.4375,79008.84375,28006.046875
test_id_test_id_000204_05,test_id_000204,2,source_like,0,5,test_id_000204_t0_c5,little,little_1,1,0.9,0.86,1,185866.02,188413.84375,207570.78125,213342.578125,226594.75,8,6.736035493669471,LO,213342.578125,0.0,213342.578125,185866.015625,38180.90625
test_id_test_id_000204_06,test_id_000204,2,source_like,0,6,test_id_000204_t0_c6,big,big_0,2,1.8,1.06,1,62126.74,63200.265625,76751.390625,80573.015625,89900.015625,8,6.736035493669471,LO,80573.015625,0.0,80573.015625,62126.73828125,26699.75
test_id_test_id_000204_07,test_id_000204,11,sink_like,1,0,test_id_000204_t1_c0,little,little_1,3,1.5,1.0,10,133624.17,133563.3125,149484.3125,153992.703125,164981.40625,8,6.736035493669471,LO,153992.703125,0.0,153992.703125,133624.171875,31418.09375
test_id_test_id_000204_08,test_id_000204,11,sink_like,1,1,test_id_000204_t1_c1,big,big_1,0,1.0,0.9,10,112855.22,116627.625,132080.703125,136427.359375,147178.75,8,6.736035493669471,LO,136427.359375,0.0,136427.359375,112855.21875,30551.125
test_id_test_id_000204_09,test_id_000204,11,sink_like,1,2,test_id_000204_t1_c2,little,little_0,0,0.6,0.8,10,255438.19,262778.875,287088.75,294218.5,310475.3125,8,6.736035493669471,LO,294218.5,0.0,294218.5,255438.1875,47696.4375
test_id_test_id_000204_10,test_id_000204,11,sink_like,1,3,test_id_000204_t1_c3,big,big_0,1,1.4,0.98,10,109393.73,119642.890625,135128.46875,139457.34375,150169.875,8,6.736035493669471,LO,139457.34375,0.0,139457.34375,109393.7265625,30526.984375
test_id_test_id_000204_11,test_id_000204,11,sink_like,1,4,test_id_000204_t1_c4,little,little_1,1,0.9,0.86,10,188548.12,191790.53125,211019.75,216788.0,230044.296875,8,6.736035493669471,LO,216788.0,0.0,216788.0,188548.125,38253.765625
test_id_test_id_000204_12,test_id_000204,11,sink_like,1,5,test_id_000204_t1_c5,big,big_1,2,1.8,1.06,10,95666.54,98128.53125,112940.0,116996.203125,127204.109375,8,6.736035493669471,LO,116996.203125,0.0,116996.203125,95666.5390625,29075.578125
test_id_test_id_000204_13,test_id_000204,11,sink_like,1,6,test_id_000204_t1_c6,little,little_0,2,1.2,0.93,10,140804.8,143500.5625,159918.6875,164662.59375,176046.90625,8,6.736035493669471,LO,164662.59375,0.0,164662.59375,140804.796875,32546.34375
test_id_test_id_000204_14,test_id_000204,231,middle,2,0,test_id_000204_t2_c0,big,big_1,0,1.0,0.9,230,229882.39,241061.5,263099.625,269605.15625,284299.03125,8,6.736035493669471,LO,269605.15625,0.0,269605.15625,229882.390625,43237.53125
test_id_test_id_000204_15,test_id_000204,231,middle,2,1,test_id_000204_t2_c1,little,little_1,0,0.6,0.8,230,532059.3,523460.0625,564784.0,576549.0625,599109.75,8,6.736035493669471,LO,576549.0625,0.0,576549.0625,532059.3125,75649.6875
test_id_test_id_000204_16,test_id_000204,231,middle,2,2,test_id_000204_t2_c2,big,big_1,1,1.4,0.98,230,200789.56,202515.625,222175.078125,228035.796875,241439.875,8,6.736035493669471,LO,228035.796875,0.0,228035.796875,200789.5625,38924.25
test_id_test_id_000204_17,test_id_000204,231,middle,2,3,test_id_000204_t2_c3,little,little_0,1,0.9,0.86,230,393851.6,403938.78125,438038.53125,447671.6875,468216.25,8,6.736035493669471,LO,447671.6875,0.0,447671.6875,393851.59375,64277.46875
test_id_test_id_000204_18,test_id_000204,231,middle,2,4,test_id_000204_t2_c4,big,big_0,2,1.8,1.06,230,138199.64,142180.90625,158446.1875,163104.75,174333.421875,8,6.736035493669471,LO,163104.75,0.0,163104.75,138199.640625,32152.515625
test_id_test_id_000204_19,test_id_000204,231,middle,2,5,test_id_000204_t2_c5,little,little_0,2,1.2,0.93,230,314303.44,326110.9375,354016.0625,361948.46875,379528.875,8,6.736035493669471,LO,361948.46875,0.0,361948.46875,314303.4375,53417.9375
test_id_test_id_000204_20,test_id_000204,231,middle,2,6,test_id_000204_t2_c6,big,big_0,3,2.2,1.15,230,132724.7,147369.40625,163990.5,168767.1875,180217.921875,8,6.736035493669471,LO,168767.1875,0.0,168767.1875,132724.703125,32848.515625
test_id_test_id_000204_21,test_id_000204,130,high_degree,3,0,test_id_000204_t3_c0,little,little_1,0,0.6,0.8,129,416451.94,422268.125,456169.34375,465555.0,485474.9375,8,6.736035493669471,LO,465555.0,0.0,465555.0,416451.9375,63206.8125
test_id_test_id_000204_22,test_id_000204,130,high_degree,3,1,test_id_000204_t3_c1,big,big_1,1,1.4,0.98,129,157321.78,150662.484375,167377.1875,172219.59375,183767.5,8,6.736035493669471,LO,172219.59375,0.0,172219.59375,157321.78125,33105.015625
test_id_test_id_000204_23,test_id_000204,130,high_degree,3,2,test_id_000204_t3_c2,little,little_1,1,0.9,0.86,129,310993.78,315072.5,342004.84375,349656.34375,366718.65625,8,6.736035493669471,LO,349656.34375,0.0,349656.34375,310993.78125,51646.15625
test_id_test_id_000204_24,test_id_000204,130,high_degree,3,3,test_id_000204_t3_c3,big,big_0,2,1.8,1.06,129,164627.83,155005.4375,172002.53125,176939.5,188661.28125,8,6.736035493669471,LO,176939.5,0.0,176939.5,164627.828125,33655.84375
test_id_test_id_000204_25,test_id_000204,130,high_degree,3,4,test_id_000204_t3_c4,little,little_0,2,1.2,0.93,129,269109.16,263595.5,286962.90625,293754.0625,309039.0625,8,6.736035493669471,LO,293754.0625,0.0,293754.0625,269109.15625,45443.5625
test_id_test_id_000204_26,test_id_000204,130,high_degree,3,5,test_id_000204_t3_c5,big,big_1,3,2.2,1.15,129,119435.734,116091.875,131288.640625,135488.84375,145957.625,8,6.736035493669471,LO,135488.84375,0.0,135488.84375,119435.734375,29865.75
test_id_test_id_000204_27,test_id_000204,130,high_degree,3,6,test_id_000204_t3_c6,little,little_0,3,1.5,1.0,129,233102.48,219367.015625,239945.53125,246040.671875,259900.328125,8,6.736035493669471,LO,246040.671875,0.0,246040.671875,233102.484375,40533.3125
test_id_test_id_000204_28,test_id_000204,153,communication_heavy,4,0,test_id_000204_t4_c0,big,big_1,1,1.4,0.98,152,286123.12,267963.15625,291700.5625,298611.65625,314139.15625,8,6.736035493669471,LO,298611.65625,0.0,298611.65625,286123.125,46176.0
test_id_test_id_000204_29,test_id_000204,153,communication_heavy,4,1,test_id_000204_t4_c1,little,little_0,1,0.9,0.86,152,536009.06,530925.9375,575712.125,588762.125,613745.375,8,6.736035493669471,LO,588762.125,0.0,588762.125,536009.0625,82819.4375
test_id_test_id_000204_30,test_id_000204,153,communication_heavy,4,2,test_id_000204_t4_c2,big,big_1,2,1.8,1.06,152,267707.5,259551.109375,282784.875,289591.5625,304897.625,8,6.736035493669471,LO,289591.5625,0.0,289591.5625,267707.5,45346.515625
test_id_test_id_000204_31,test_id_000204,153,communication_heavy,4,3,test_id_000204_t4_c3,little,little_1,2,1.2,0.93,152,412486.62,387852.28125,420818.375,430131.75,450204.5625,8,6.736035493669471,LO,430131.75,0.0,430131.75,412486.625,62352.28125
test_id_test_id_000204_32,test_id_000204,153,communication_heavy,4,4,test_id_000204_t4_c4,big,big_0,3,2.2,1.15,152,162818.25,177334.5,195649.28125,201100.015625,213746.890625,8,6.736035493669471,LO,201100.015625,0.0,201100.015625,162818.25,36412.390625
test_id_test_id_000204_33,test_id_000204,153,communication_heavy,4,5,test_id_000204_t4_c5,little,little_0,3,1.5,1.0,152,306154.0,313044.65625,339950.3125,347629.625,364730.0625,8,6.736035493669471,LO,347629.625,0.0,347629.625,306154.0,51685.40625
test_id_test_id_000204_34,test_id_000204,153,communication_heavy,4,6,test_id_000204_t4_c6,big,big_1,0,1.0,0.9,152,424090.56,403055.53125,437361.5625,447075.875,467802.125,8,6.736035493669471,LO,447075.875,0.0,447075.875,424090.5625,64746.59375
test_id_test_id_000204_35,test_id_000204,370,random,5,0,test_id_000204_t5_c0,little,little_0,1,0.9,0.86,369,277954.78,272392.125,296267.8125,303155.9375,318670.5625,8,6.736035493669471,LO,303155.9375,0.0,303155.9375,277954.78125,46278.4375
test_id_test_id_000204_36,test_id_000204,370,random,5,1,test_id_000204_t5_c1,big,big_1,2,1.8,1.06,369,126569.03,120423.515625,135765.171875,140040.734375,150632.875,8,6.736035493669471,LO,140040.734375,0.0,140040.734375,126569.03125,30209.359375
test_id_test_id_000204_37,test_id_000204,370,random,5,2,test_id_000204_t5_c2,little,little_0,2,1.2,0.93,369,237472.88,225964.90625,247046.4375,253309.609375,267499.3125,8,6.736035493669471,LO,253309.609375,0.0,253309.609375,237472.875,41534.40625
test_id_test_id_000204_38,test_id_000204,370,random,5,3,test_id_000204_t5_c3,big,big_0,3,2.2,1.15,369,112053.95,108560.84375,123536.140625,127655.703125,137987.03125,8,6.736035493669471,LO,127655.703125,0.0,127655.703125,112053.953125,29426.1875
test_id_test_id_000204_39,test_id_000204,370,random,5,4,test_id_000204_t5_c4,little,little_1,3,1.5,1.0,369,197329.33,191455.125,210477.65625,216146.09375,229186.46875,8,6.736035493669471,LO,216146.09375,0.0,216146.09375,197329.328125,37731.34375
test_id_test_id_000204_40,test_id_000204,370,random,5,5,test_id_000204_t5_c5,big,big_0,0,1.0,0.9,369,230474.31,226456.109375,247520.8125,253756.71875,267911.15625,8,6.736035493669471,LO,253756.71875,0.0,253756.71875,230474.3125,41455.046875
test_id_test_id_000204_41,test_id_000204,370,random,5,6,test_id_000204_t5_c6,little,little_1,0,0.6,0.8,369,452836.2,449570.125,484923.1875,494690.625,514892.25,8,6.736035493669471,LO,494690.625,0.0,494690.625,452836.1875,65322.125
test_id_test_id_000219_00,test_id_000219,88,source_like,0,0,test_id_000219_t0_c0,little,little_1,1,0.9,0.86,87,107812.54,99315.171875,114405.59375,118677.1875,129301.8125,8,6.736035493669471,HI,118677.1875,15665.78125,134342.96875,107812.5390625,29986.640625
test_id_test_id_000219_01,test_id_000219,88,source_like,0,1,test_id_000219_t0_c1,big,big_0,2,1.8,1.06,87,33506.438,35163.25,47686.796875,51517.125,60325.546875,8,6.736035493669471,HI,51517.125,15665.78125,67182.90625,33506.4375,25162.296875
test_id_test_id_000219_02,test_id_000219,88,source_like,0,2,test_id_000219_t0_c2,little,little_1,2,1.2,0.93,87,80899.38,77728.640625,92131.796875,96171.015625,106166.09375,8,6.736035493669471,HI,96171.015625,15665.78125,111836.796875,80899.3828125,28437.453125
test_id_test_id_000219_03,test_id_000219,88,source_like,0,3,test_id_000219_t0_c3,big,big_0,3,2.2,1.15,87,30048.166,30261.5,42708.03125,46568.328125,55333.28125,8,6.736035493669471,HI,46568.328125,15665.78125,62234.109375,30048.166015625,25071.78125
test_id_test_id_000219_04,test_id_000219,88,source_like,0,4,test_id_000219_t0_c4,little,little_0,3,1.5,1.0,87,59239.59,57167.296875,70523.203125,74368.375,83629.328125,8,6.736035493669471,HI,74368.375,15665.78125,90034.15625,59239.58984375,26462.03125
test_id_test_id_000219_05,test_id_000219,88,source_like,0,5,test_id_000219_t0_c5,big,big_0,0,1.0,0.9,87,67530.33,64864.21875,78817.03125,82807.140625,92485.390625,8,6.736035493669471,HI,82807.140625,15665.78125,98472.921875,67530.328125,27621.171875
test_id_test_id_000219_06,test_id_000219,88,source_like,0,6,test_id_000219_t0_c6,little,little_0,0,0.6,0.8,87,138090.95,133123.953125,149670.453125,154525.4375,166174.9375,8,6.736035493669471,HI,154525.4375,15665.78125,170191.21875,138090.953125,33050.984375
test_id_test_id_000219_07,test_id_000219,458,sink_like,1,0,test_id_000219_t1_c0,big,big_0,2,1.8,1.06,457,429072.72,419697.0625,455502.75,465666.125,487087.75,8,6.736035493669471,HI,465666.125,15665.78125,481331.90625,429072.71875,67390.6875
test_id_test_id_000219_08,test_id_000219,458,sink_like,1,1,test_id_000219_t1_c1,little,little_0,2,1.2,0.93,457,501662.2,491215.0,533101.875,545215.625,569235.75,8,6.736035493669471,HI,545215.625,15665.78125,560881.40625,501662.1875,78020.75
test_id_test_id_000219_09,test_id_000219,458,sink_like,1,2,test_id_000219_t1_c2,big,big_1,3,2.2,1.15,457,286194.78,274195.3125,298309.75,305307.65625,321003.0,8,6.736035493669471,HI,305307.65625,15665.78125,320973.4375,286194.78125,46807.6875
test_id_test_id_000219_10,test_id_000219,458,sink_like,1,3,test_id_000219_t1_c3,little,little_1,3,1.5,1.0,457,564987.44,534694.0,581059.125,594769.75,620899.625,8,6.736035493669471,HI,594769.75,15665.78125,610435.53125,564987.4375,86205.625
test_id_test_id_000219_11,test_id_000219,458,sink_like,1,4,test_id_000219_t1_c4,big,big_1,0,1.0,0.9,457,529020.7,529073.0625,573747.0,586803.8125,611734.125,8,6.736035493669471,HI,586803.8125,15665.78125,602469.59375,529020.6875,82661.0625
test_id_test_id_000219_12,test_id_000219,458,sink_like,1,5,test_id_000219_t1_c5,little,little_0,0,0.6,0.8,457,1095613.6,986477.75,1081408.75,1105209.75,1167730.0,8,6.736035493669471,HI,1105209.75,15665.78125,1120875.53125,1095613.625,181252.25
test_id_test_id_000219_13,test_id_000219,458,sink_like,1,6,test_id_000219_t1_c6,big,big_0,1,1.4,0.98,457,632583.3,600122.9375,652284.8125,668032.375,696469.375,8,6.736035493669471,HI,668032.375,15665.78125,683698.15625,632583.3125,96346.4375
test_id_test_id_000219_14,test_id_000219,316,middle,2,0,test_id_000219_t2_c0,little,little_0,2,1.2,0.93,315,527007.7,505907.25,549116.9375,561685.8125,586262.375,8,6.736035493669471,HI,561685.8125,15665.78125,577351.59375,527007.6875,80355.125
test_id_test_id_000219_15,test_id_000219,316,middle,2,1,test_id_000219_t2_c1,big,big_1,3,2.2,1.15,315,266546.62,274581.3125,298732.75,305742.0,321469.40625,8,6.736035493669471,HI,305742.0,15665.78125,321407.78125,266546.625,46888.09375
test_id_test_id_000219_16,test_id_000219,316,middle,2,2,test_id_000219_t2_c2,little,little_1,3,1.5,1.0,315,349926.34,365850.375,396975.5,405763.375,424938.90625,8,6.736035493669471,HI,405763.375,15665.78125,421429.15625,349926.34375,59088.53125
test_id_test_id_000219_17,test_id_000219,316,middle,2,3,test_id_000219_t2_c3,big,big_1,0,1.0,0.9,315,608314.25,583457.625,632787.5625,647483.8125,674179.1875,8,6.736035493669471,HI,647483.8125,15665.78125,663149.59375,608314.25,90721.5625
test_id_test_id_000219_18,test_id_000219,316,middle,2,4,test_id_000219_t2_c4,little,little_1,0,0.6,0.8,315,1049926.5,1118735.5,1235125.0,1265061.625,1361337.25,8,6.736035493669471,HI,1265061.625,15665.78125,1280727.40625,1049926.5,242601.75
test_id_test_id_000219_19,test_id_000219,316,middle,2,5,test_id_000219_t2_c5,big,big_1,1,1.4,0.98,315,396339.28,391104.625,424271.8125,433620.125,453757.0,8,6.736035493669471,HI,433620.125,15665.78125,449285.90625,396339.28125,62652.375
test_id_test_id_000219_20,test_id_000219,316,middle,2,6,test_id_000219_t2_c6,little,little_1,1,0.9,0.86,315,724925.75,727911.6875,791942.1875,811282.5625,845260.6875,8,6.736035493669471,HI,811282.5625,15665.78125,826948.34375,724925.75,117349.0
test_id_test_id_000219_21,test_id_000219,421,communication_heavy,3,0,test_id_000219_t3_c0,big,big_1,3,2.2,1.15,420,293439.44,272822.21875,296863.34375,303847.3125,319521.25,8,6.736035493669471,HI,303847.3125,15665.78125,319513.09375,293439.4375,46699.03125
test_id_test_id_000219_22,test_id_000219,421,communication_heavy,3,1,test_id_000219_t3_c1,little,little_1,3,1.5,1.0,420,422876.12,410875.40625,445885.6875,455808.53125,476850.625,8,6.736035493669471,HI,455808.53125,15665.78125,471474.3125,422876.125,65975.21875
test_id_test_id_000219_23,test_id_000219,421,communication_heavy,3,2,test_id_000219_t3_c2,big,big_1,0,1.0,0.9,420,443687.6,425060.03125,461061.15625,471267.625,492710.09375,8,6.736035493669471,HI,471267.625,15665.78125,486933.40625,443687.59375,67650.0625
test_id_test_id_000219_24,test_id_000219,421,communication_heavy,3,3,test_id_000219_t3_c3,little,little_0,0,0.6,0.8,420,693949.94,713529.125,772182.8125,790085.625,820158.5,8,6.736035493669471,HI,790085.625,15665.78125,805751.40625,693949.9375,106629.375
test_id_test_id_000219_25,test_id_000219,421,communication_heavy,3,4,test_id_000219_t3_c4,big,big_0,1,1.4,0.98,420,525145.94,490546.875,532445.0,544583.5,568616.5,8,6.736035493669471,HI,544583.5,15665.78125,560249.28125,525145.9375,78069.625
test_id_test_id_000219_26,test_id_000219,421,communication_heavy,3,5,test_id_000219_t3_c5,little,little_0,1,0.9,0.86,420,671573.0,662243.9375,718796.625,735909.75,765749.5625,8,6.736035493669471,HI,735909.75,15665.78125,751575.53125,671573.0,103505.625
test_id_test_id_000219_27,test_id_000219,421,communication_heavy,3,6,test_id_000219_t3_c6,big,big_1,2,1.8,1.06,420,413565.1,364388.9375,395380.3125,404125.59375,423245.03125,8,6.736035493669471,HI,404125.59375,15665.78125,419791.375,413565.09375,58856.09375
test_id_test_id_000219_28,test_id_000219,61,random,4,0,test_id_000219_t4_c0,little,little_0,3,1.5,1.0,60,106458.65,105513.859375,120525.78125,124662.953125,135027.875,8,6.736035493669471,HI,124662.953125,15665.78125,140328.734375,106458.6484375,29514.015625
test_id_test_id_000219_29,test_id_000219,61,random,4,1,test_id_000219_t4_c1,big,big_0,0,1.0,0.9,60,107782.76,102354.796875,117480.40625,121717.140625,132272.78125,8,6.736035493669471,HI,121717.140625,15665.78125,137382.921875,107782.7578125,29917.984375
test_id_test_id_000219_30,test_id_000219,61,random,4,2,test_id_000219_t4_c2,little,little_1,0,0.6,0.8,60,291199.47,280045.875,305099.3125,312207.0625,328544.59375,8,6.736035493669471,HI,312207.0625,15665.78125,327872.84375,291199.46875,48498.71875
test_id_test_id_000219_31,test_id_000219,61,random,4,3,test_id_000219_t4_c3,big,big_0,1,1.4,0.98,60,78581.03,82553.640625,96963.203125,100923.84375,110825.8125,8,6.736035493669471,HI,100923.84375,15665.78125,116589.625,78581.03125,28272.171875
test_id_test_id_000219_32,test_id_000219,61,random,4,4,test_id_000219_t4_c4,little,little_0,1,0.9,0.86,60,188796.88,180062.609375,198881.125,204576.46875,217692.484375,8,6.736035493669471,HI,204576.46875,15665.78125,220242.25,188796.875,37629.875
test_id_test_id_000219_33,test_id_000219,61,random,4,5,test_id_000219_t4_c5,big,big_1,2,1.8,1.06,60,62268.79,58649.390625,71969.71875,75767.796875,84968.765625,8,6.736035493669471,HI,75767.796875,15665.78125,91433.578125,62268.7890625,26319.375
test_id_test_id_000219_34,test_id_000219,61,random,4,6,test_id_000219_t4_c6,little,little_1,2,1.2,0.93,60,143321.2,135439.15625,151479.890625,156089.3125,167237.3125,8,6.736035493669471,HI,156089.3125,15665.78125,171755.09375,143321.203125,31798.15625
test_id_test_id_000219_35,test_id_000219,336,diverse_fill_1,5,0,test_id_000219_t5_c0,big,big_0,0,1.0,0.9,335,331895.7,363209.3125,394123.90625,402858.5,421955.5625,8,6.736035493669471,HI,402858.5,15665.78125,418524.28125,331895.6875,58746.25
test_id_test_id_000219_36,test_id_000219,336,diverse_fill_1,5,1,test_id_000219_t5_c1,little,little_0,0,0.6,0.8,335,489201.0,557707.5,602392.0,615373.375,639322.0,8,6.736035493669471,HI,615373.375,15665.78125,631039.15625,489201.0,81614.5
test_id_test_id_000219_37,test_id_000219,336,diverse_fill_1,5,2,test_id_000219_t5_c2,big,big_1,1,1.4,0.98,335,225467.83,261941.578125,285233.9375,292016.6875,307282.3125,8,6.736035493669471,HI,292016.6875,15665.78125,307682.46875,225467.828125,45340.734375
test_id_test_id_000219_38,test_id_000219,336,diverse_fill_1,5,3,test_id_000219_t5_c3,little,little_0,1,0.9,0.86,335,442316.22,517092.6875,560940.0,573705.0,598385.5,8,6.736035493669471,HI,573705.0,15665.78125,589370.78125,442316.21875,81292.8125
test_id_test_id_000219_39,test_id_000219,336,diverse_fill_1,5,4,test_id_000219_t5_c4,big,big_0,2,1.8,1.06,335,180496.48,216129.578125,236650.84375,242771.59375,256678.34375,8,6.736035493669471,HI,242771.59375,15665.78125,258437.375,180496.484375,40548.765625
test_id_test_id_000219_40,test_id_000219,336,diverse_fill_1,5,5,test_id_000219_t5_c5,little,little_0,2,1.2,0.93,335,221864.53,266138.875,289653.0625,296475.125,311833.8125,8,6.736035493669471,HI,296475.125,15665.78125,312140.90625,221864.53125,45694.9375
test_id_test_id_000219_41,test_id_000219,336,diverse_fill_1,5,6,test_id_000219_t5_c6,big,big_1,3,2.2,1.15,335,142137.67,174228.46875,192295.84375,197646.046875,210103.09375,8,6.736035493669471,HI,197646.046875,15665.78125,213311.828125,142137.671875,35874.625
test_id_test_id_000233_00,test_id_000233,2,source_like,0,0,test_id_000233_t0_c0,little,little_0,1,0.9,0.86,1,78184.445,74406.0625,89007.0,93184.53125,103405.1875,8,6.736035493669471,LO,93184.53125,0.0,93184.53125,78184.4453125,28999.125
test_id_test_id_000233_01,test_id_000233,2,source_like,0,1,test_id_000233_t0_c1,big,big_1,2,1.8,1.06,1,24603.604,25679.234375,38139.9375,42088.328125,50939.96875,8,6.736035493669471,LO,42088.328125,0.0,42088.328125,24603.603515625,25260.734375
test_id_test_id_000233_02,test_id_000233,2,source_like,0,2,test_id_000233_t0_c2,little,little_0,2,1.2,0.93,1,57954.87,58161.546875,71793.90625,75757.078125,85254.484375,8,6.736035493669471,LO,75757.078125,0.0,75757.078125,57954.87109375,27092.9375
test_id_test_id_000233_03,test_id_000233,2,source_like,0,3,test_id_000233_t0_c3,big,big_1,3,2.2,1.15,1,21195.574,23608.03125,36091.3125,40079.5,48970.34375,8,6.736035493669471,LO,40079.5,0.0,40079.5,21195.57421875,25362.3125
test_id_test_id_000233_04,test_id_000233,2,source_like,0,4,test_id_000233_t0_c4,little,little_1,3,1.5,1.0,1,42607.605,39201.375,51799.578125,55605.5,64457.0625,8,6.736035493669471,LO,55605.5,0.0,55605.5,42607.60546875,25255.6875
test_id_test_id_000233_05,test_id_000233,2,source_like,0,5,test_id_000233_t0_c5,big,big_0,0,1.0,0.9,1,45656.56,46158.5625,59255.125,63212.140625,72478.5625,8,6.736035493669471,LO,63212.140625,0.0,63212.140625,45656.55859375,26320.0
test_id_test_id_000233_06,test_id_000233,2,source_like,0,6,test_id_000233_t0_c6,little,little_0,0,0.6,0.8,1,108345.01,104203.046875,119634.171875,124082.015625,135043.84375,8,6.736035493669471,LO,124082.015625,0.0,124082.015625,108345.0078125,30840.796875
test_id_test_id_000233_07,test_id_000233,4,sink_like,1,0,test_id_000233_t1_c0,big,big_1,2,1.8,1.06,3,169236.7,165499.0625,183129.5625,188325.328125,200509.96875,8,6.736035493669471,LO,188325.328125,0.0,188325.328125,169236.703125,35010.90625
test_id_test_id_000233_08,test_id_000233,4,sink_like,1,1,test_id_000233_t1_c1,little,little_1,2,1.2,0.93,3,322893.78,305392.84375,331678.4375,339191.3125,355954.3125,8,6.736035493669471,LO,339191.3125,0.0,339191.3125,322893.78125,50561.46875
test_id_test_id_000233_09,test_id_000233,4,sink_like,1,2,test_id_000233_t1_c2,big,big_0,3,2.2,1.15,3,154713.2,144496.625,161021.640625,165766.1875,177169.9375,8,6.736035493669471,LO,165766.1875,0.0,165766.1875,154713.203125,32673.3125
test_id_test_id_000233_10,test_id_000233,4,sink_like,1,3,test_id_000233_t1_c3,little,little_1,3,1.5,1.0,3,247653.83,235866.3125,257605.203125,264057.40625,278621.59375,8,6.736035493669471,LO,264057.40625,0.0,264057.40625,247653.828125,42755.28125
test_id_test_id_000233_11,test_id_000233,4,sink_like,1,4,test_id_000233_t1_c4,big,big_1,0,1.0,0.9,3,314973.6,303199.90625,329354.75,336826.84375,353523.71875,8,6.736035493669471,LO,336826.84375,0.0,336826.84375,314973.59375,50323.8125
test_id_test_id_000233_12,test_id_000233,4,sink_like,1,5,test_id_000233_t1_c5,little,little_0,0,0.6,0.8,3,519492.38,532291.6875,574069.5625,585969.625,608621.4375,8,6.736035493669471,LO,585969.625,0.0,585969.625,519492.375,76329.75
test_id_test_id_000233_13,test_id_000233,4,sink_like,1,6,test_id_000233_t1_c6,big,big_1,1,1.4,0.98,3,233772.86,212008.359375,232317.90625,238389.953125,252204.890625,8,6.736035493669471,LO,238389.953125,0.0,238389.953125,233772.859375,40196.53125
test_id_test_id_000233_14,test_id_000233,60,middle,2,0,test_id_000233_t2_c0,little,little_1,2,1.2,0.93,59,127734.8,133496.328125,149546.0,154138.84375,165290.4375,8,6.736035493669471,LO,154138.84375,0.0,154138.84375,127734.796875,31794.109375
test_id_test_id_000233_15,test_id_000233,60,middle,2,1,test_id_000233_t2_c1,big,big_0,3,2.2,1.15,59,66017.26,67119.890625,80793.5625,84636.140625,94080.25,8,6.736035493669471,LO,84636.140625,0.0,84636.140625,66017.2578125,26960.359375
test_id_test_id_000233_16,test_id_000233,60,middle,2,2,test_id_000233_t2_c2,little,little_1,3,1.5,1.0,59,87648.875,97793.3125,112527.890625,116584.59375,126785.5,8,6.736035493669471,LO,116584.59375,0.0,116584.59375,87648.875,28992.1875
test_id_test_id_000233_17,test_id_000233,60,middle,2,3,test_id_000233_t2_c3,big,big_0,0,1.0,0.9,59,131684.64,143024.90625,159809.328125,164751.46875,176562.0,8,6.736035493669471,LO,164751.46875,0.0,164751.46875,131684.640625,33537.09375
test_id_test_id_000233_18,test_id_000233,60,middle,2,4,test_id_000233_t2_c4,little,little_0,0,0.6,0.8,59,243323.83,255702.46875,279790.78125,286914.9375,303180.75,8,6.736035493669471,LO,286914.9375,0.0,286914.9375,243323.828125,47478.28125
test_id_test_id_000233_19,test_id_000233,60,middle,2,5,test_id_000233_t2_c5,big,big_1,1,1.4,0.98,59,92550.14,94937.984375,109730.546875,113817.125,124070.4375,8,6.736035493669471,LO,113817.125,0.0,113817.125,92550.140625,29132.453125
test_id_test_id_000233_20,test_id_000233,60,middle,2,6,test_id_000233_t2_c6,little,little_1,1,0.9,0.86,59,180721.42,193021.8125,212491.421875,218359.484375,231829.265625,8,6.736035493669471,LO,218359.484375,0.0,218359.484375,180721.421875,38807.453125
test_id_test_id_000233_21,test_id_000233,68,high_degree,3,0,test_id_000233_t3_c0,big,big_1,3,2.2,1.15,67,111255.47,118227.578125,133461.796875,137684.515625,148185.5,8,6.736035493669471,LO,137684.515625,0.0,137684.515625,111255.46875,29957.921875
test_id_test_id_000233_22,test_id_000233,68,high_degree,3,1,test_id_000233_t3_c1,little,little_0,3,1.5,1.0,67,185216.03,190068.3125,208954.65625,214562.671875,227494.1875,8,6.736035493669471,LO,214562.671875,0.0,214562.671875,185216.03125,37425.875
test_id_test_id_000233_23,test_id_000233,68,high_degree,3,2,test_id_000233_t3_c2,big,big_1,0,1.0,0.9,67,270868.5,262152.5625,285405.21875,292147.3125,307355.625,8,6.736035493669471,LO,292147.3125,0.0,292147.3125,270868.5,45203.0625
test_id_test_id_000233_24,test_id_000233,68,high_degree,3,3,test_id_000233_t3_c3,little,little_1,0,0.6,0.8,67,421271.72,444724.0625,480520.0625,490527.03125,511290.90625,8,6.736035493669471,LO,490527.03125,0.0,490527.03125,421271.71875,66566.84375
test_id_test_id_000233_25,test_id_000233,68,high_degree,3,4,test_id_000233_t3_c4,big,big_0,1,1.4,0.98,67,198451.6,199085.0,218555.59375,224369.578125,237677.875,8,6.736035493669471,LO,224369.578125,0.0,224369.578125,198451.59375,38592.875
test_id_test_id_000233_26,test_id_000233,68,high_degree,3,5,test_id_000233_t3_c5,little,little_0,1,0.9,0.86,67,328015.88,324019.84375,351671.4375,359514.53125,376950.8125,8,6.736035493669471,LO,359514.53125,0.0,359514.53125,328015.875,52930.96875
test_id_test_id_000233_27,test_id_000233,68,high_degree,3,6,test_id_000233_t3_c6,big,big_0,2,1.8,1.06,67,138364.9,140814.65625,157012.125,161632.59375,172798.78125,8,6.736035493669471,LO,161632.59375,0.0,161632.59375,138364.90625,31984.125
test_id_test_id_000233_28,test_id_000233,85,communication_heavy,4,0,test_id_000233_t4_c0,little,little_1,3,1.5,1.0,84,328793.28,315506.3125,342591.4375,350316.0,367501.125,8,6.736035493669471,LO,350316.0,0.0,350316.0,328793.28125,51994.8125
test_id_test_id_000233_29,test_id_000233,85,communication_heavy,4,1,test_id_000233_t4_c1,big,big_0,0,1.0,0.9,84,460184.66,453766.375,492411.9375,503469.4375,526123.875,8,6.736035493669471,LO,503469.4375,0.0,503469.4375,460184.65625,72357.5
test_id_test_id_000233_30,test_id_000233,85,communication_heavy,4,2,test_id_000233_t4_c2,little,little_1,0,0.6,0.8,84,580100.6,594430.5,642003.875,656022.125,681048.25,8,6.736035493669471,LO,656022.125,0.0,656022.125,580100.625,86617.75
test_id_test_id_000233_31,test_id_000233,85,communication_heavy,4,3,test_id_000233_t4_c3,big,big_1,1,1.4,0.98,84,369638.0,359292.0,389922.9375,398581.28125,417539.0625,8,6.736035493669471,LO,398581.28125,0.0,398581.28125,369638.0,58247.0625
test_id_test_id_000233_32,test_id_000233,85,communication_heavy,4,4,test_id_000233_t4_c4,little,little_0,1,0.9,0.86,84,550295.3,527058.5625,571413.4375,584311.3125,609061.875,8,6.736035493669471,LO,584311.3125,0.0,584311.3125,550295.3125,82003.3125
test_id_test_id_000233_33,test_id_000233,85,communication_heavy,4,5,test_id_000233_t4_c5,big,big_0,2,1.8,1.06,84,259350.83,245541.21875,267887.09375,274484.75,289351.4375,8,6.736035493669471,LO,274484.75,0.0,274484.75,259350.828125,43810.21875
test_id_test_id_000233_34,test_id_000233,85,communication_heavy,4,6,test_id_000233_t4_c6,little,little_1,2,1.2,0.93,84,427471.8,407894.3125,442581.6875,452406.6875,473288.4375,8,6.736035493669471,LO,452406.6875,0.0,452406.6875,427471.8125,65394.125
test_id_test_id_000233_35,test_id_000233,28,random,5,0,test_id_000233_t5_c0,big,big_1,0,1.0,0.9,27,131930.08,127032.171875,143039.96875,147658.71875,158897.78125,8,6.736035493669471,LO,147658.71875,0.0,147658.71875,131930.078125,31865.609375
test_id_test_id_000233_36,test_id_000233,28,random,5,1,test_id_000233_t5_c1,little,little_0,0,0.6,0.8,27,342463.47,295897.9375,321327.9375,328328.875,344663.5,8,6.736035493669471,LO,328328.875,0.0,328328.875,342463.46875,48765.5625
test_id_test_id_000233_37,test_id_000233,28,random,5,2,test_id_000233_t5_c2,big,big_1,1,1.4,0.98,27,105622.766,98277.375,113094.90625,117170.078125,127413.90625,8,6.736035493669471,LO,117170.078125,0.0,117170.078125,105622.765625,29136.53125
test_id_test_id_000233_38,test_id_000233,28,random,5,3,test_id_000233_t5_c3,little,little_1,1,0.9,0.86,27,233619.55,239736.796875,261591.140625,267971.8125,282466.625,8,6.736035493669471,LO,267971.8125,0.0,267971.8125,233619.546875,42729.828125
test_id_test_id_000233_39,test_id_000233,28,random,5,4,test_id_000233_t5_c4,big,big_0,2,1.8,1.06,27,81326.76,79811.765625,94008.125,97923.828125,107708.78125,8,6.736035493669471,LO,97923.828125,0.0,97923.828125,81326.7578125,27897.015625
test_id_test_id_000233_40,test_id_000233,28,random,5,5,test_id_000233_t5_c5,little,little_1,2,1.2,0.93,27,188728.62,168814.515625,186577.875,191856.78125,204174.09375,8,6.736035493669471,LO,191856.78125,0.0,191856.78125,188728.625,35359.578125
test_id_test_id_000233_41,test_id_000233,28,random,5,6,test_id_000233_t5_c6,big,big_0,3,2.2,1.15,27,66252.664,62752.265625,76238.828125,80045.0625,89343.359375,8,6.736035493669471,LO,80045.0625,0.0,80045.0625,66252.6640625,26591.09375
test_id_test_id_000241_00,test_id_000241,19,source_like,0,0,test_id_000241_t0_c0,little,little_1,1,0.9,0.86,18,207198.47,198498.40625,218256.171875,224224.453125,237844.4375,8,6.736035493669471,HI,224224.453125,15665.78125,239890.234375,207198.46875,39346.03125
test_id_test_id_000241_01,test_id_000241,19,source_like,0,1,test_id_000241_t0_c1,big,big_1,2,1.8,1.06,18,70092.336,70545.453125,84400.296875,88273.890625,97839.625,8,6.736035493669471,HI,88273.890625,15665.78125,103939.671875,70092.3359375,27294.171875
test_id_test_id_000241_02,test_id_000241,19,source_like,0,2,test_id_000241_t0_c2,little,little_1,2,1.2,0.93,18,149538.62,146551.6875,163254.09375,168161.71875,179823.515625,8,6.736035493669471,HI,168161.71875,15665.78125,183827.5,149538.625,33271.828125
test_id_test_id_000241_03,test_id_000241,19,source_like,0,3,test_id_000241_t0_c3,big,big_0,3,2.2,1.15,18,54407.742,55535.171875,68749.265625,72544.59375,81684.25,8,6.736035493669471,HI,72544.59375,15665.78125,88210.375,54407.7421875,26149.078125
test_id_test_id_000241_04,test_id_000241,19,source_like,0,4,test_id_000241_t0_c4,little,little_1,3,1.5,1.0,18,123333.14,123251.609375,138747.953125,143083.5625,153779.140625,8,6.736035493669471,HI,143083.5625,15665.78125,158749.34375,123333.140625,30527.53125
test_id_test_id_000241_05,test_id_000241,19,source_like,0,5,test_id_000241_t0_c5,big,big_0,0,1.0,0.9,18,109539.15,114901.15625,130424.671875,134853.890625,145750.0625,8,6.736035493669471,HI,134853.890625,15665.78125,150519.671875,109539.1484375,30848.90625
test_id_test_id_000241_06,test_id_000241,19,source_like,0,6,test_id_000241_t0_c6,little,little_0,0,0.6,0.8,18,291733.8,285569.40625,310651.6875,317658.75,333925.1875,8,6.736035493669471,HI,317658.75,15665.78125,333324.53125,291733.8125,48355.78125
test_id_test_id_000241_07,test_id_000241,439,sink_like,1,0,test_id_000241_t1_c0,big,big_1,2,1.8,1.06,438,142247.95,148331.75,164913.3125,169688.828125,181120.859375,8,6.736035493669471,HI,169688.828125,15665.78125,185354.609375,142247.953125,32789.109375
test_id_test_id_000241_08,test_id_000241,439,sink_like,1,1,test_id_000241_t1_c1,little,little_0,2,1.2,0.93,438,192191.28,214907.0,235182.6875,241183.4375,254865.390625,8,6.736035493669471,HI,241183.4375,15665.78125,256849.21875,192191.28125,39958.390625
test_id_test_id_000241_09,test_id_000241,439,sink_like,1,2,test_id_000241_t1_c2,big,big_0,3,2.2,1.15,438,140106.75,143491.125,159876.75,164556.890625,175835.328125,8,6.736035493669471,HI,164556.890625,15665.78125,180222.671875,140106.75,32344.203125
test_id_test_id_000241_10,test_id_000241,439,sink_like,1,3,test_id_000241_t1_c3,little,little_1,3,1.5,1.0,438,210521.62,221337.3125,242019.859375,248137.03125,262042.609375,8,6.736035493669471,HI,248137.03125,15665.78125,263802.8125,210521.625,40705.296875
test_id_test_id_000241_11,test_id_000241,439,sink_like,1,4,test_id_000241_t1_c4,big,big_1,0,1.0,0.9,438,234715.39,265793.8125,289279.0,296074.5625,311397.0,8,6.736035493669471,HI,296074.5625,15665.78125,311740.34375,234715.390625,45603.1875
test_id_test_id_000241_12,test_id_000241,439,sink_like,1,5,test_id_000241_t1_c5,little,little_0,0,0.6,0.8,438,382694.06,434335.3125,469369.6875,479138.1875,499584.125,8,6.736035493669471,HI,479138.1875,15665.78125,494803.96875,382694.0625,65248.8125
test_id_test_id_000241_13,test_id_000241,439,sink_like,1,6,test_id_000241_t1_c6,big,big_1,1,1.4,0.98,438,175730.44,185663.28125,204324.4375,209878.828125,222700.359375,8,6.736035493669471,HI,209878.828125,15665.78125,225544.609375,175730.4375,37037.078125
test_id_test_id_000241_14,test_id_000241,186,middle,2,0,test_id_000241_t2_c0,little,little_1,2,1.2,0.93,185,314438.0,336498.15625,365250.8125,373405.53125,391416.5,8,6.736035493669471,HI,373405.53125,15665.78125,389071.3125,314438.0,54918.34375
test_id_test_id_000241_15,test_id_000241,186,middle,2,1,test_id_000241_t2_c1,big,big_1,3,2.2,1.15,185,140706.17,150309.0625,167033.859375,171863.9375,183397.03125,8,6.736035493669471,HI,171863.9375,15665.78125,187529.71875,140706.171875,33087.96875
test_id_test_id_000241_16,test_id_000241,186,middle,2,2,test_id_000241_t2_c2,little,little_1,3,1.5,1.0,185,223374.1,238089.5625,259827.53125,266227.46875,280697.71875,8,6.736035493669471,HI,266227.46875,15665.78125,281893.25,223374.09375,42608.15625
test_id_test_id_000241_17,test_id_000241,186,middle,2,3,test_id_000241_t2_c3,big,big_1,0,1.0,0.9,185,297904.66,276749.0,301003.9375,308000.375,323735.125,8,6.736035493669471,HI,308000.375,15665.78125,323666.15625,297904.65625,46986.125
test_id_test_id_000241_18,test_id_000241,186,middle,2,4,test_id_000241_t2_c4,little,little_1,0,0.6,0.8,185,402313.12,433880.71875,469144.25,479023.34375,499745.9375,8,6.736035493669471,HI,479023.34375,15665.78125,494689.125,402313.125,65865.21875
test_id_test_id_000241_19,test_id_000241,186,middle,2,5,test_id_000241_t2_c5,big,big_1,1,1.4,0.98,185,170008.69,188757.84375,207620.828125,213237.875,226181.5625,8,6.736035493669471,HI,213237.875,15665.78125,228903.65625,170008.6875,37423.71875
test_id_test_id_000241_20,test_id_000241,186,middle,2,6,test_id_000241_t2_c6,little,little_1,1,0.9,0.86,185,422658.7,411326.1875,446170.875,456037.1875,476954.40625,8,6.736035493669471,HI,456037.1875,15665.78125,471702.96875,422658.6875,65628.21875
test_id_test_id_000241_21,test_id_000241,280,high_degree,3,0,test_id_000241_t3_c0,big,big_0,3,2.2,1.15,279,252749.14,244531.859375,266763.71875,273320.375,288103.5625,8,6.736035493669471,HI,273320.375,15665.78125,288986.15625,252749.140625,43571.703125
test_id_test_id_000241_22,test_id_000241,280,high_degree,3,1,test_id_000241_t3_c1,little,little_1,3,1.5,1.0,279,441944.56,442848.84375,480735.0,491566.53125,513952.3125,8,6.736035493669471,HI,491566.53125,15665.78125,507232.3125,441944.5625,71103.46875
test_id_test_id_000241_23,test_id_000241,280,high_degree,3,2,test_id_000241_t3_c2,big,big_0,0,1.0,0.9,279,500664.1,505750.6875,548573.8125,560999.75,585256.5625,8,6.736035493669471,HI,560999.75,15665.78125,576665.53125,500664.09375,79505.875
test_id_test_id_000241_24,test_id_000241,280,high_degree,3,3,test_id_000241_t3_c3,little,little_0,0,0.6,0.8,279,878132.9,855081.375,930011.0625,951311.5,992665.875,8,6.736035493669471,HI,951311.5,15665.78125,966977.28125,878132.875,137584.5
test_id_test_id_000241_25,test_id_000241,280,high_degree,3,4,test_id_000241_t3_c4,big,big_0,1,1.4,0.98,279,299310.16,294275.84375,319747.34375,327055.28125,343403.5625,8,6.736035493669471,HI,327055.28125,15665.78125,342721.0625,299310.15625,49127.71875
test_id_test_id_000241_26,test_id_000241,280,high_degree,3,5,test_id_000241_t3_c5,little,little_0,1,0.9,0.86,279,741897.75,712309.625,774595.875,793447.125,826442.875,8,6.736035493669471,HI,793447.125,15665.78125,809112.90625,741897.75,114133.25
test_id_test_id_000241_27,test_id_000241,280,high_degree,3,6,test_id_000241_t3_c6,big,big_1,2,1.8,1.06,279,292516.44,295143.0,320706.78125,328047.625,344463.09375,8,6.736035493669471,HI,328047.625,15665.78125,343713.40625,292516.4375,49320.09375
test_id_test_id_000241_28,test_id_000241,377,communication_heavy,4,0,test_id_000241_t4_c0,little,little_1,3,1.5,1.0,376,448009.0,438220.9375,475656.28125,486334.90625,508499.25,8,6.736035493669471,HI,486334.90625,15665.78125,502000.6875,448009.0,70278.3125
test_id_test_id_000241_29,test_id_000241,377,communication_heavy,4,1,test_id_000241_t4_c1,big,big_0,0,1.0,0.9,376,438930.88,459238.40625,498105.75,509215.0,531876.8125,8,6.736035493669471,HI,509215.0,15665.78125,524880.78125,438930.875,72638.40625
test_id_test_id_000241_30,test_id_000241,377,communication_heavy,4,2,test_id_000241_t4_c2,little,little_1,0,0.6,0.8,376,939589.44,898599.75,979597.0,1001540.375,1048395.3125,8,6.736035493669471,HI,1001540.375,15665.78125,1017206.15625,939589.4375,149795.5625
test_id_test_id_000241_31,test_id_000241,377,communication_heavy,4,3,test_id_000241_t4_c3,big,big_1,1,1.4,0.98,376,448429.56,438998.75,476345.6875,486980.375,509052.3125,8,6.736035493669471,HI,486980.375,15665.78125,502646.15625,448429.5625,70053.5625
test_id_test_id_000241_32,test_id_000241,377,communication_heavy,4,4,test_id_000241_t4_c4,little,little_1,1,0.9,0.86,376,693654.44,758505.375,826395.4375,846725.125,883132.625,8,6.736035493669471,HI,846725.125,15665.78125,862390.90625,693654.4375,124627.25
test_id_test_id_000241_33,test_id_000241,377,communication_heavy,4,5,test_id_000241_t4_c5,big,big_0,2,1.8,1.06,376,413369.97,405108.34375,439679.875,449476.125,470338.3125,8,6.736035493669471,HI,449476.125,15665.78125,465141.90625,413369.96875,65229.96875
test_id_test_id_000241_34,test_id_000241,377,communication_heavy,4,6,test_id_000241_t4_c6,little,little_1,2,1.2,0.93,376,488505.3,467502.125,507310.8125,518738.1875,541876.875,8,6.736035493669471,HI,518738.1875,15665.78125,534403.96875,488505.3125,74374.75
test_id_test_id_000241_35,test_id_000241,308,random,5,0,test_id_000241_t5_c0,big,big_0,0,1.0,0.9,307,185519.78,200436.5,220022.015625,225888.859375,239299.8125,8,6.736035493669471,HI,225888.859375,15665.78125,241554.640625,185519.78125,38863.3125
test_id_test_id_000241_36,test_id_000241,308,random,5,1,test_id_000241_t5_c1,little,little_1,0,0.6,0.8,307,394544.38,446369.53125,481869.875,491730.6875,512153.25,8,6.736035493669471,HI,491730.6875,15665.78125,507396.46875,394544.375,65783.71875
test_id_test_id_000241_37,test_id_000241,308,random,5,2,test_id_000241_t5_c2,big,big_1,1,1.4,0.98,307,133023.1,145095.96875,161505.8125,166229.65625,177570.109375,8,6.736035493669471,HI,166229.65625,15665.78125,181895.4375,133023.09375,32474.140625
test_id_test_id_000241_38,test_id_000241,308,random,5,3,test_id_000241_t5_c3,little,little_0,1,0.9,0.86,307,317932.28,341163.21875,370196.53125,378410.875,396542.78125,8,6.736035493669471,HI,378410.875,15665.78125,394076.65625,317932.28125,55379.5625
test_id_test_id_000241_39,test_id_000241,308,random,5,4,test_id_000241_t5_c4,big,big_0,2,1.8,1.06,307,110408.62,123501.3125,138919.1875,143226.75,153865.71875,8,6.736035493669471,HI,143226.75,15665.78125,158892.53125,110408.6171875,30364.40625
test_id_test_id_000241_40,test_id_000241,308,random,5,5,test_id_000241_t5_c5,little,little_1,2,1.2,0.93,307,220901.95,247905.40625,270238.9375,276773.125,291528.4375,8,6.736035493669471,HI,276773.125,15665.78125,292438.90625,220901.953125,43623.03125
test_id_test_id_000241_41,test_id_000241,308,random,5,6,test_id_000241_t5_c6,big,big_1,3,2.2,1.15,307,99072.195,112191.859375,127237.8125,131384.171875,141758.125,8,6.736035493669471,HI,131384.171875,15665.78125,147049.953125,99072.1953125,29566.265625
test_id_test_id_000254_00,test_id_000254,49,source_like,0,0,test_id_000254_t0_c0,big,big_0,1,1.4,0.98,48,66635.336,66812.734375,80646.0,84553.640625,94109.9375,8,6.736035493669471,LO,84553.640625,0.0,84553.640625,66635.3359375,27297.203125
test_id_test_id_000254_01,test_id_000254,49,source_like,0,1,test_id_000254_t0_c1,little,little_0,1,0.9,0.86,48,148489.19,135596.859375,152033.71875,156838.15625,168381.421875,8,6.736035493669471,LO,156838.15625,0.0,156838.15625,148489.1875,32784.5625
test_id_test_id_000254_02,test_id_000254,49,source_like,0,2,test_id_000254_t0_c2,big,big_1,2,1.8,1.06,48,51152.668,46990.859375,59879.4375,63676.59375,72648.53125,8,6.736035493669471,LO,63676.59375,0.0,63676.59375,51152.66796875,25657.671875
test_id_test_id_000254_03,test_id_000254,49,source_like,0,3,test_id_000254_t0_c3,little,little_0,2,1.2,0.93,48,109715.7,101377.171875,116397.546875,120577.296875,131022.140625,8,6.736035493669471,LO,120577.296875,0.0,120577.296875,109715.703125,29644.96875
test_id_test_id_000254_04,test_id_000254,49,source_like,0,4,test_id_000254_t0_c4,big,big_0,3,2.2,1.15,48,43814.81,42132.453125,54831.515625,58622.578125,67490.96875,8,6.736035493669471,LO,58622.578125,0.0,58622.578125,43814.80859375,25358.515625
test_id_test_id_000254_05,test_id_000254,49,source_like,0,5,test_id_000254_t0_c5,little,little_1,3,1.5,1.0,48,86809.62,81677.65625,96058.5,100038.21875,109965.90625,8,6.736035493669471,LO,100038.21875,0.0,100038.21875,86809.6171875,28288.25
test_id_test_id_000254_06,test_id_000254,49,source_like,0,6,test_id_000254_t0_c6,big,big_1,0,1.0,0.9,48,95178.25,84120.234375,98739.515625,102828.984375,113004.265625,8,6.736035493669471,LO,102828.984375,0.0,102828.984375,95178.25,28884.03125
test_id_test_id_000254_07,test_id_000254,273,sink_like,1,0,test_id_000254_t1_c0,little,little_0,1,0.9,0.86,272,417192.7,426209.5625,462263.5,472495.0625,493939.03125,8,6.736035493669471,LO,472495.0625,0.0,472495.0625,417192.6875,67729.46875
test_id_test_id_000254_08,test_id_000254,273,sink_like,1,1,test_id_000254_t1_c1,big,big_0,2,1.8,1.06,272,168742.05,186084.71875,204866.03125,210471.78125,223393.640625,8,6.736035493669471,LO,210471.78125,0.0,210471.78125,168742.046875,37308.921875
test_id_test_id_000254_09,test_id_000254,273,sink_like,1,2,test_id_000254_t1_c2,little,little_1,2,1.2,0.93,272,267530.94,274381.71875,298477.84375,305453.0625,321118.0,8,6.736035493669471,LO,305453.0625,0.0,305453.0625,267530.9375,46736.28125
test_id_test_id_000254_10,test_id_000254,273,sink_like,1,3,test_id_000254_t1_c3,big,big_0,3,2.2,1.15,272,127448.19,144077.265625,160498.609375,165202.078125,176519.515625,8,6.736035493669471,LO,165202.078125,0.0,165202.078125,127448.1875,32442.25
test_id_test_id_000254_11,test_id_000254,273,sink_like,1,4,test_id_000254_t1_c4,little,little_0,3,1.5,1.0,272,244019.58,261200.90625,284431.0625,291207.3125,306439.5,8,6.736035493669471,LO,291207.3125,0.0,291207.3125,244019.578125,45238.59375
test_id_test_id_000254_12,test_id_000254,273,sink_like,1,5,test_id_000254_t1_c5,big,big_0,0,1.0,0.9,272,218136.9,229632.78125,250964.578125,257296.046875,271628.96875,8,6.736035493669471,LO,257296.046875,0.0,257296.046875,218136.90625,41996.1875
test_id_test_id_000254_13,test_id_000254,273,sink_like,1,6,test_id_000254_t1_c6,little,little_0,0,0.6,0.8,272,429121.94,493646.625,532886.6875,543969.25,565919.125,8,6.736035493669471,LO,543969.25,0.0,543969.25,429121.9375,72272.5
test_id_test_id_000254_14,test_id_000254,166,middle,2,0,test_id_000254_t2_c0,big,big_1,2,1.8,1.06,165,224800.94,226655.1875,247879.34375,254212.0625,268534.78125,8,6.736035493669471,LO,254212.0625,0.0,254212.0625,224800.9375,41879.59375
test_id_test_id_000254_15,test_id_000254,166,middle,2,1,test_id_000254_t2_c1,little,little_0,2,1.2,0.93,165,392271.4,397921.03125,431740.0625,441306.1875,461781.625,8,6.736035493669471,LO,441306.1875,0.0,441306.1875,392271.40625,63860.59375
test_id_test_id_000254_16,test_id_000254,166,middle,2,2,test_id_000254_t2_c2,big,big_0,3,2.2,1.15,165,187357.28,207783.390625,227946.0,234011.140625,247812.28125,8,6.736035493669471,LO,234011.140625,0.0,234011.140625,187357.28125,40028.890625
test_id_test_id_000254_17,test_id_000254,166,middle,2,3,test_id_000254_t2_c3,little,little_0,3,1.5,1.0,165,297354.53,290865.09375,316134.9375,323411.8125,339691.9375,8,6.736035493669471,LO,323411.8125,0.0,323411.8125,297354.53125,48826.84375
test_id_test_id_000254_18,test_id_000254,166,middle,2,4,test_id_000254_t2_c4,big,big_1,0,1.0,0.9,165,327404.97,360562.59375,391160.59375,399791.15625,418704.1875,8,6.736035493669471,LO,399791.15625,0.0,399791.15625,327404.96875,58141.59375
test_id_test_id_000254_19,test_id_000254,166,middle,2,5,test_id_000254_t2_c5,little,little_0,0,0.6,0.8,165,776783.75,788796.625,855729.1875,875728.5625,910898.6875,8,6.736035493669471,LO,875728.5625,0.0,875728.5625,776783.75,122102.0625
test_id_test_id_000254_20,test_id_000254,166,middle,2,6,test_id_000254_t2_c6,big,big_0,1,1.4,0.98,165,257179.14,266456.59375,290092.75,296980.5,312456.875,8,6.736035493669471,LO,296980.5,0.0,296980.5,257179.140625,46000.28125
test_id_test_id_000254_21,test_id_000254,178,communication_heavy,3,0,test_id_000254_t3_c0,little,little_1,2,1.2,0.93,177,300150.2,336529.1875,365203.09375,373325.875,391288.0,8,6.736035493669471,LO,373325.875,0.0,373325.875,300150.1875,54758.8125
test_id_test_id_000254_22,test_id_000254,178,communication_heavy,3,1,test_id_000254_t3_c1,big,big_0,3,2.2,1.15,177,137754.44,160389.15625,177663.125,182719.84375,194647.21875,8,6.736035493669471,LO,182719.84375,0.0,182719.84375,137754.4375,34258.0625
test_id_test_id_000254_23,test_id_000254,178,communication_heavy,3,2,test_id_000254_t3_c2,little,little_0,3,1.5,1.0,177,303470.38,325880.65625,353809.75,361754.125,379363.09375,8,6.736035493669471,LO,361754.125,0.0,361754.125,303470.375,53482.4375
test_id_test_id_000254_24,test_id_000254,178,communication_heavy,3,3,test_id_000254_t3_c3,big,big_0,0,1.0,0.9,177,311418.0,332162.84375,360490.53125,368514.0625,386309.1875,8,6.736035493669471,LO,368514.0625,0.0,368514.0625,311418.0,54146.34375
test_id_test_id_000254_25,test_id_000254,178,communication_heavy,3,4,test_id_000254_t3_c4,little,little_0,0,0.6,0.8,177,530413.0,622395.0,672406.375,687323.375,713233.5625,8,6.736035493669471,LO,687323.375,0.0,687323.375,530413.0,90838.5625
test_id_test_id_000254_26,test_id_000254,178,communication_heavy,3,5,test_id_000254_t3_c5,big,big_0,1,1.4,0.98,177,278011.12,290440.5625,315706.6875,322975.15625,339237.25,8,6.736035493669471,LO,322975.15625,0.0,322975.15625,278011.125,48796.6875
test_id_test_id_000254_27,test_id_000254,178,communication_heavy,3,6,test_id_000254_t3_c6,little,little_1,1,0.9,0.86,177,388636.28,416017.0,451003.1875,460874.8125,481783.34375,8,6.736035493669471,LO,460874.8125,0.0,460874.8125,388636.28125,65766.34375
test_id_test_id_000254_28,test_id_000254,243,random,4,0,test_id_000254_t4_c0,big,big_0,3,2.2,1.15,242,72088.266,74140.9375,88110.609375,91980.40625,101597.140625,8,6.736035493669471,LO,91980.40625,0.0,91980.40625,72088.265625,27456.203125
test_id_test_id_000254_29,test_id_000254,243,random,4,1,test_id_000254_t4_c1,little,little_0,3,1.5,1.0,242,141542.73,139594.46875,155790.125,160413.71875,171594.5,8,6.736035493669471,LO,160413.71875,0.0,160413.71875,141542.734375,32000.03125
test_id_test_id_000254_30,test_id_000254,243,random,4,2,test_id_000254_t4_c2,big,big_1,0,1.0,0.9,242,142982.27,138681.078125,155154.34375,159959.0,171507.6875,8,6.736035493669471,LO,159959.0,0.0,159959.0,142982.265625,32826.609375
test_id_test_id_000254_31,test_id_000254,243,random,4,3,test_id_000254_t4_c3,little,little_0,0,0.6,0.8,242,331384.94,314073.5625,340102.875,347086.34375,363363.84375,8,6.736035493669471,LO,347086.34375,0.0,347086.34375,331384.9375,49290.28125
test_id_test_id_000254_32,test_id_000254,243,random,4,4,test_id_000254_t4_c4,big,big_0,1,1.4,0.98,242,99559.27,98470.21875,113250.828125,117325.15625,127561.953125,8,6.736035493669471,LO,117325.15625,0.0,117325.15625,99559.2734375,29091.734375
test_id_test_id_000254_33,test_id_000254,243,random,4,5,test_id_000254_t4_c5,little,little_0,1,0.9,0.86,242,228325.92,208255.90625,228733.8125,234947.84375,249072.6875,8,6.736035493669471,LO,234947.84375,0.0,234947.84375,228325.921875,40816.78125
test_id_test_id_000254_34,test_id_000254,243,random,4,6,test_id_000254_t4_c6,big,big_1,2,1.8,1.06,242,86415.83,83988.734375,98296.28125,102231.75,112105.015625,8,6.736035493669471,LO,102231.75,0.0,102231.75,86415.828125,28116.28125
test_id_test_id_000254_35,test_id_000254,101,diverse_fill_1,5,0,test_id_000254_t5_c0,little,little_0,3,1.5,1.0,100,188653.64,182213.0,200680.046875,206160.828125,218853.8125,8,6.736035493669471,LO,206160.828125,0.0,206160.828125,188653.640625,36640.8125
test_id_test_id_000254_36,test_id_000254,101,diverse_fill_1,5,1,test_id_000254_t5_c1,big,big_0,0,1.0,0.9,100,179339.4,182982.734375,201743.703125,207406.484375,220444.296875,8,6.736035493669471,LO,207406.484375,0.0,207406.484375,179339.40625,37461.5625
test_id_test_id_000254_37,test_id_000254,101,diverse_fill_1,5,2,test_id_000254_t5_c2,little,little_1,0,0.6,0.8,100,431445.3,426703.4375,460014.5625,469072.1875,488234.3125,8,6.736035493669471,LO,469072.1875,0.0,469072.1875,431445.3125,61530.875
test_id_test_id_000254_38,test_id_000254,101,diverse_fill_1,5,3,test_id_000254_t5_c3,big,big_0,1,1.4,0.98,100,129823.766,138035.046875,154158.1875,158765.9375,169918.109375,8,6.736035493669471,LO,158765.9375,0.0,158765.9375,129823.765625,31883.0625
test_id_test_id_000254_39,test_id_000254,101,diverse_fill_1,5,4,test_id_000254_t5_c4,little,little_0,1,0.9,0.86,100,271525.34,250160.578125,272686.59375,279271.40625,294160.0,8,6.736035493669471,LO,279271.40625,0.0,279271.40625,271525.34375,43999.421875
test_id_test_id_000254_40,test_id_000254,101,diverse_fill_1,5,5,test_id_000254_t5_c5,big,big_0,2,1.8,1.06,100,108969.84,110014.453125,124989.171875,129129.125,139489.265625,8,6.736035493669471,LO,129129.125,0.0,129129.125,108969.84375,29474.8125
test_id_test_id_000254_41,test_id_000254,101,diverse_fill_1,5,6,test_id_000254_t5_c6,little,little_0,2,1.2,0.93,100,201561.28,199221.59375,218756.078125,224618.359375,238010.546875,8,6.736035493669471,LO,224618.359375,0.0,224618.359375,201561.28125,38788.953125
test_id_test_id_000341_00,test_id_000341,91,source_like,0,0,test_id_000341_t0_c0,big,big_1,2,1.8,1.06,90,76337.8,65112.59375,78721.859375,82570.46875,91997.0,8,6.736035493669471,HI,82570.46875,15665.78125,98236.25,76337.796875,26884.40625
test_id_test_id_000341_01,test_id_000341,91,source_like,0,1,test_id_000341_t0_c1,little,little_0,2,1.2,0.93,90,156344.28,146916.75,163588.875,168477.15625,180098.703125,8,6.736035493669471,HI,168477.15625,15665.78125,184142.9375,156344.28125,33181.953125
test_id_test_id_000341_02,test_id_000341,91,source_like,0,2,test_id_000341_t0_c2,big,big_1,3,2.2,1.15,90,57114.4,53524.609375,66637.6875,70416.234375,79484.34375,8,6.736035493669471,HI,70416.234375,15665.78125,86082.015625,57114.3984375,25959.734375
test_id_test_id_000341_03,test_id_000341,91,source_like,0,3,test_id_000341_t0_c3,little,little_0,3,1.5,1.0,90,130506.555,121408.328125,136860.84375,141180.671875,151854.578125,8,6.736035493669471,HI,141180.671875,15665.78125,156846.453125,130506.5546875,30446.25
test_id_test_id_000341_04,test_id_000341,91,source_like,0,4,test_id_000341_t0_c4,big,big_1,0,1.0,0.9,90,128182.18,121874.484375,137479.3125,141921.609375,152819.21875,8,6.736035493669471,HI,141921.609375,15665.78125,157587.390625,128182.1796875,30944.734375
test_id_test_id_000341_05,test_id_000341,91,source_like,0,5,test_id_000341_t0_c5,little,little_0,0,0.6,0.8,90,314290.25,310255.1875,336453.6875,343569.1875,360018.625,8,6.736035493669471,HI,343569.1875,15665.78125,359234.96875,314290.25,49763.4375
test_id_test_id_000341_06,test_id_000341,91,source_like,0,6,test_id_000341_t0_c6,big,big_0,1,1.4,0.98,90,89436.57,88193.90625,102709.25,106721.390625,116779.9375,8,6.736035493669471,HI,106721.390625,15665.78125,122387.171875,89436.5703125,28586.03125
test_id_test_id_000341_07,test_id_000341,269,sink_like,1,0,test_id_000341_t1_c0,little,little_0,2,1.2,0.93,268,279191.06,334120.28125,362631.375,370715.125,388600.9375,8,6.736035493669471,HI,370715.125,15665.78125,386380.90625,279191.0625,54480.65625
test_id_test_id_000341_08,test_id_000341,269,sink_like,1,1,test_id_000341_t1_c1,big,big_0,3,2.2,1.15,268,153294.95,175742.234375,193966.4375,199381.703125,211962.0,8,6.736035493669471,HI,199381.703125,15665.78125,215047.484375,153294.953125,36219.765625
test_id_test_id_000341_09,test_id_000341,269,sink_like,1,2,test_id_000341_t1_c2,little,little_1,3,1.5,1.0,268,214187.22,258271.515625,281311.625,288040.0625,303182.53125,8,6.736035493669471,HI,288040.0625,15665.78125,303705.84375,214187.21875,44911.015625
test_id_test_id_000341_10,test_id_000341,269,sink_like,1,3,test_id_000341_t1_c3,big,big_1,0,1.0,0.9,268,230938.84,282309.65625,306978.90625,314087.125,330055.46875,8,6.736035493669471,HI,314087.125,15665.78125,329752.90625,230938.84375,47745.8125
test_id_test_id_000341_11,test_id_000341,269,sink_like,1,4,test_id_000341_t1_c4,little,little_0,0,0.6,0.8,268,470810.28,575526.125,621384.5,634771.5625,659032.75,8,6.736035493669471,HI,634771.5625,15665.78125,650437.34375,470810.28125,83506.625
test_id_test_id_000341_12,test_id_000341,269,sink_like,1,5,test_id_000341_t1_c5,big,big_0,1,1.4,0.98,268,238647.56,266207.84375,289804.375,296668.71875,312096.6875,8,6.736035493669471,HI,296668.71875,15665.78125,312334.5,238647.5625,45888.84375
test_id_test_id_000341_13,test_id_000341,269,sink_like,1,6,test_id_000341_t1_c6,little,little_0,1,0.9,0.86,268,250907.98,328692.34375,356634.625,364547.75,382118.21875,8,6.736035493669471,HI,364547.75,15665.78125,380213.53125,250907.984375,53425.875
test_id_test_id_000341_14,test_id_000341,149,middle,2,0,test_id_000341_t2_c0,big,big_0,3,2.2,1.15,148,157648.52,153802.75,170771.421875,175698.15625,187409.96875,8,6.736035493669471,HI,175698.15625,15665.78125,191363.9375,157648.515625,33607.21875
test_id_test_id_000341_15,test_id_000341,149,middle,2,1,test_id_000341_t2_c1,little,little_0,3,1.5,1.0,148,227386.89,219148.9375,239716.25,245802.171875,259653.1875,8,6.736035493669471,HI,245802.171875,15665.78125,261467.953125,227386.890625,40504.25
test_id_test_id_000341_16,test_id_000341,149,middle,2,2,test_id_000341_t2_c2,big,big_1,0,1.0,0.9,148,232748.31,224491.875,245487.09375,251717.4375,265858.1875,8,6.736035493669471,HI,251717.4375,15665.78125,267383.21875,232748.3125,41366.3125
test_id_test_id_000341_17,test_id_000341,149,middle,2,3,test_id_000341_t2_c3,little,little_1,0,0.6,0.8,148,385742.7,426779.0,460609.84375,469903.25,489557.21875,8,6.736035493669471,HI,469903.25,15665.78125,485569.03125,385742.6875,62778.21875
test_id_test_id_000341_18,test_id_000341,149,middle,2,4,test_id_000341_t2_c4,big,big_0,1,1.4,0.98,148,151597.67,159736.3125,176922.828125,181952.15625,193827.59375,8,6.736035493669471,HI,181952.15625,15665.78125,197617.9375,151597.671875,34091.28125
test_id_test_id_000341_19,test_id_000341,149,middle,2,5,test_id_000341_t2_c5,little,little_0,1,0.9,0.86,148,321852.56,335228.8125,363733.9375,371798.59375,389658.09375,8,6.736035493669471,HI,371798.59375,15665.78125,387464.375,321852.5625,54429.28125
test_id_test_id_000341_20,test_id_000341,149,middle,2,6,test_id_000341_t2_c6,big,big_0,2,1.8,1.06,148,151883.2,153985.296875,170904.0625,175821.65625,187506.84375,8,6.736035493669471,HI,175821.65625,15665.78125,191487.4375,151883.203125,33521.546875
test_id_test_id_000341_21,test_id_000341,309,communication_heavy,3,0,test_id_000341_t3_c0,little,little_0,3,1.5,1.0,308,352453.06,370668.0625,402310.34375,411265.40625,430734.84375,8,6.736035493669471,HI,411265.40625,15665.78125,426931.1875,352453.0625,60066.78125
test_id_test_id_000341_22,test_id_000341,309,communication_heavy,3,1,test_id_000341_t3_c1,big,big_1,0,1.0,0.9,308,350210.44,389591.8125,422651.8125,431988.6875,452100.1875,8,6.736035493669471,HI,431988.6875,15665.78125,447654.46875,350210.4375,62508.375
test_id_test_id_000341_23,test_id_000341,309,communication_heavy,3,2,test_id_000341_t3_c2,little,little_1,0,0.6,0.8,308,716731.25,755677.25,818139.5625,837023.375,869154.0,8,6.736035493669471,HI,837023.375,15665.78125,852689.15625,716731.25,113476.75
test_id_test_id_000341_24,test_id_000341,309,communication_heavy,3,3,test_id_000341_t3_c3,big,big_0,1,1.4,0.98,308,251068.58,277666.90625,302033.25,309089.125,324918.375,8,6.736035493669471,HI,309089.125,15665.78125,324754.90625,251068.578125,47251.46875
test_id_test_id_000341_25,test_id_000341,309,communication_heavy,3,4,test_id_000341_t3_c4,little,little_1,1,0.9,0.86,308,461573.6,499554.8125,541407.125,553444.1875,577166.75,8,6.736035493669471,HI,553444.1875,15665.78125,569109.96875,461573.59375,77611.9375
test_id_test_id_000341_26,test_id_000341,309,communication_heavy,3,5,test_id_000341_t3_c5,big,big_1,2,1.8,1.06,308,174380.31,197178.703125,216630.171875,222453.921875,235788.390625,8,6.736035493669471,HI,222453.921875,15665.78125,238119.703125,174380.3125,38609.6875
test_id_test_id_000341_27,test_id_000341,309,communication_heavy,3,6,test_id_000341_t3_c6,little,little_1,2,1.2,0.93,308,389514.72,421550.125,457445.0,467645.09375,489097.875,8,6.736035493669471,HI,467645.09375,15665.78125,483310.875,389514.71875,67547.75
test_id_test_id_000341_28,test_id_000341,191,random,4,0,test_id_000341_t4_c0,big,big_1,0,1.0,0.9,190,86789.41,85760.8125,100485.609375,104648.28125,114982.75,8,6.736035493669471,HI,104648.28125,15665.78125,120314.0625,86789.40625,29221.9375
test_id_test_id_000341_29,test_id_000341,191,random,4,1,test_id_000341_t4_c1,little,little_1,0,0.6,0.8,190,217838.56,202879.84375,224105.046875,230664.75,245607.0625,8,6.736035493669471,HI,230664.75,15665.78125,246330.53125,217838.5625,42727.21875
test_id_test_id_000341_30,test_id_000341,191,random,4,2,test_id_000341_t4_c2,big,big_0,1,1.4,0.98,190,58552.83,61262.8125,74833.21875,78747.15625,88229.59375,8,6.736035493669471,HI,78747.15625,15665.78125,94412.9375,58552.828125,26966.78125
test_id_test_id_000341_31,test_id_000341,191,random,4,3,test_id_000341_t4_c3,little,little_1,1,0.9,0.86,190,137513.55,124930.96875,140934.375,145555.5,156795.4375,8,6.736035493669471,HI,145555.5,15665.78125,161221.28125,137513.546875,31864.46875
test_id_test_id_000341_32,test_id_000341,191,random,4,4,test_id_000341_t4_c4,big,big_1,2,1.8,1.06,190,46883.668,47176.046875,60096.28125,63911.21875,72925.734375,8,6.736035493669471,HI,63911.21875,15665.78125,79577.0,46883.66796875,25749.6875
test_id_test_id_000341_33,test_id_000341,191,random,4,5,test_id_000341_t4_c5,little,little_0,2,1.2,0.93,190,101786.24,98027.359375,112954.625,117111.03125,127506.296875,8,6.736035493669471,HI,117111.03125,15665.78125,132776.8125,101786.2421875,29478.9375
test_id_test_id_000341_34,test_id_000341,191,random,4,6,test_id_000341_t4_c6,big,big_0,3,2.2,1.15,190,41988.465,42996.4375,55770.359375,59595.34375,68554.296875,8,6.736035493669471,HI,59595.34375,15665.78125,75261.125,41988.46484375,25557.859375
test_id_test_id_000341_35,test_id_000341,87,diverse_fill_1,5,0,test_id_000341_t5_c0,little,little_0,0,0.6,0.8,86,108807.445,94989.921875,110292.953125,114753.515625,125738.078125,8,6.736035493669471,HI,114753.515625,15665.78125,130419.296875,108807.4453125,30748.15625
test_id_test_id_000341_36,test_id_000341,87,diverse_fill_1,5,1,test_id_000341_t5_c1,big,big_1,1,1.4,0.98,86,35095.824,31087.6875,43716.828125,47721.03125,56810.125,8,6.736035493669471,HI,47721.03125,15665.78125,63386.8125,35095.82421875,25722.4375
test_id_test_id_000341_37,test_id_000341,87,diverse_fill_1,5,2,test_id_000341_t5_c2,little,little_1,1,0.9,0.86,86,72605.79,67155.515625,81264.40625,85308.328125,95133.28125,8,6.736035493669471,HI,85308.328125,15665.78125,100974.109375,72605.7890625,27977.765625
test_id_test_id_000341_38,test_id_000341,87,diverse_fill_1,5,3,test_id_000341_t5_c3,big,big_0,2,1.8,1.06,86,27650.936,27091.21875,39657.59375,43680.515625,52736.375,8,6.736035493669471,HI,43680.515625,15665.78125,59346.296875,27650.935546875,25645.15625
test_id_test_id_000341_39,test_id_000341,87,diverse_fill_1,5,4,test_id_000341_t5_c4,little,little_1,2,1.2,0.93,86,55430.676,50998.875,64233.59375,68135.359375,77372.359375,8,6.736035493669471,HI,68135.359375,15665.78125,83801.140625,55430.67578125,26373.484375
test_id_test_id_000341_40,test_id_000341,87,diverse_fill_1,5,5,test_id_000341_t5_c5,big,big_1,3,2.2,1.15,86,20943.707,20643.328125,33227.484375,37298.921875,46282.21875,8,6.736035493669471,HI,37298.921875,15665.78125,52964.703125,20943.70703125,25638.890625
test_id_test_id_000341_41,test_id_000341,87,diverse_fill_1,5,6,test_id_000341_t5_c6,little,little_1,3,1.5,1.0,86,40810.305,34599.5625,47065.703125,50886.140625,59679.984375,8,6.736035493669471,HI,50886.140625,15665.78125,66551.921875,40810.3046875,25080.421875
test_id_test_id_000343_00,test_id_000343,11,source_like,0,0,test_id_000343_t0_c0,big,big_0,3,2.2,1.15,10,45744.33,46331.3125,59144.140625,62907.359375,71800.53125,8,6.736035493669471,LO,62907.359375,0.0,62907.359375,45744.328125,25469.21875
test_id_test_id_000343_01,test_id_000343,11,source_like,0,1,test_id_000343_t0_c1,little,little_0,3,1.5,1.0,10,100045.52,95320.21875,110099.4375,114159.640625,124360.3125,8,6.736035493669471,LO,114159.640625,0.0,114159.640625,100045.5234375,29040.09375
test_id_test_id_000343_02,test_id_000343,11,source_like,0,2,test_id_000343_t0_c2,big,big_1,0,1.0,0.9,10,97579.66,92760.78125,107652.703125,111799.5,122157.484375,8,6.736035493669471,LO,111799.5,0.0,111799.5,97579.65625,29396.703125
test_id_test_id_000343_03,test_id_000343,11,source_like,0,3,test_id_000343_t0_c3,little,little_1,0,0.6,0.8,10,258539.3,241319.65625,264726.71875,271737.0,287705.03125,8,6.736035493669471,LO,271737.0,0.0,271737.0,258539.296875,46385.375
test_id_test_id_000343_04,test_id_000343,11,source_like,0,4,test_id_000343_t0_c4,big,big_1,1,1.4,0.98,10,69334.79,70589.21875,84522.875,88424.484375,98035.78125,8,6.736035493669471,LO,88424.484375,0.0,88424.484375,69334.7890625,27446.5625
test_id_test_id_000343_05,test_id_000343,11,source_like,0,5,test_id_000343_t0_c5,little,little_1,1,0.9,0.86,10,171685.38,168717.6875,186783.03125,192179.375,204767.21875,8,6.736035493669471,LO,192179.375,0.0,192179.375,171685.375,36049.53125
test_id_test_id_000343_06,test_id_000343,11,source_like,0,6,test_id_000343_t0_c6,big,big_1,2,1.8,1.06,10,54842.45,55471.75,68680.921875,72482.84375,81629.578125,8,6.736035493669471,LO,72482.84375,0.0,72482.84375,54842.44921875,26157.828125
test_id_test_id_000343_07,test_id_000343,466,sink_like,1,0,test_id_000343_t1_c0,little,little_1,3,1.5,1.0,465,320357.2,327722.125,355805.25,363791.6875,381485.625,8,6.736035493669471,LO,363791.6875,0.0,363791.6875,320357.1875,53763.5
test_id_test_id_000343_08,test_id_000343,466,sink_like,1,1,test_id_000343_t1_c1,big,big_1,0,1.0,0.9,465,340517.2,334186.53125,362665.9375,370729.4375,388598.5,8,6.736035493669471,LO,370729.4375,0.0,370729.4375,340517.1875,54411.96875
test_id_test_id_000343_09,test_id_000343,466,sink_like,1,2,test_id_000343_t1_c2,little,little_0,0,0.6,0.8,465,635758.8,693065.5625,749095.875,766091.875,794571.8125,8,6.736035493669471,LO,766091.875,0.0,766091.875,635758.8125,101506.25
test_id_test_id_000343_10,test_id_000343,466,sink_like,1,3,test_id_000343_t1_c3,big,big_0,1,1.4,0.98,465,243823.81,249629.9375,272199.34375,278837.21875,293793.0,8,6.736035493669471,LO,278837.21875,0.0,278837.21875,243823.8125,44163.0625
test_id_test_id_000343_11,test_id_000343,466,sink_like,1,4,test_id_000343_t1_c4,little,little_0,1,0.9,0.86,465,426443.5,455795.9375,494012.8125,504869.625,527147.375,8,6.736035493669471,LO,504869.625,0.0,504869.625,426443.5,71351.4375
test_id_test_id_000343_12,test_id_000343,466,sink_like,1,5,test_id_000343_t1_c5,big,big_0,2,1.8,1.06,465,176926.52,190407.140625,209487.296875,215200.171875,228327.421875,8,6.736035493669471,LO,215200.171875,0.0,215200.171875,176926.515625,37920.28125
test_id_test_id_000343_13,test_id_000343,466,sink_like,1,6,test_id_000343_t1_c6,little,little_0,2,1.2,0.93,465,441935.03,421105.5625,457086.0625,467331.125,488862.5625,8,6.736035493669471,LO,467331.125,0.0,467331.125,441935.03125,67757.0
test_id_test_id_000343_14,test_id_000343,241,middle,2,0,test_id_000343_t2_c0,big,big_1,0,1.0,0.9,240,194781.52,193868.84375,213054.6875,218794.96875,231970.40625,8,6.736035493669471,LO,218794.96875,0.0,218794.96875,194781.515625,38101.5625
test_id_test_id_000343_15,test_id_000343,241,middle,2,1,test_id_000343_t2_c1,little,little_0,0,0.6,0.8,240,357569.47,381027.90625,411810.375,420208.71875,438666.1875,8,6.736035493669471,LO,420208.71875,0.0,420208.71875,357569.46875,57638.28125
test_id_test_id_000343_16,test_id_000343,241,middle,2,2,test_id_000343_t2_c2,big,big_1,1,1.4,0.98,240,121658.64,132518.09375,148305.03125,152777.640625,163688.890625,8,6.736035493669471,LO,152777.640625,0.0,152777.640625,121658.640625,31170.796875
test_id_test_id_000343_17,test_id_000343,241,middle,2,3,test_id_000343_t2_c3,little,little_1,1,0.9,0.86,240,266833.12,268275.875,291917.15625,298742.125,314146.90625,8,6.736035493669471,LO,298742.125,0.0,298742.125,266833.125,45871.03125
test_id_test_id_000343_18,test_id_000343,241,middle,2,4,test_id_000343_t2_c4,big,big_0,2,1.8,1.06,240,135839.88,144383.75,160800.6875,165506.3125,176825.65625,8,6.736035493669471,LO,165506.3125,0.0,165506.3125,135839.875,32441.90625
test_id_test_id_000343_19,test_id_000343,241,middle,2,5,test_id_000343_t2_c5,little,little_1,2,1.2,0.93,240,237101.53,225528.140625,246458.3125,252632.59375,266661.34375,8,6.736035493669471,LO,252632.59375,0.0,252632.59375,237101.53125,41133.203125
test_id_test_id_000343_20,test_id_000343,241,middle,2,6,test_id_000343_t2_c6,big,big_1,3,2.2,1.15,240,122800.625,124983.375,140538.0,144865.296875,155553.40625,8,6.736035493669471,LO,144865.296875,0.0,144865.296875,122800.625,30570.03125
test_id_test_id_000343_21,test_id_000343,155,high_degree,3,0,test_id_000343_t3_c0,little,little_1,0,0.6,0.8,154,1027821.44,914476.75,997855.5625,1020007.8125,1069211.375,8,6.736035493669471,LO,1020007.8125,0.0,1020007.8125,1027821.4375,154734.625
test_id_test_id_000343_22,test_id_000343,155,high_degree,3,1,test_id_000343_t3_c1,big,big_0,1,1.4,0.98,154,404023.03,381683.75,414061.3125,423182.875,442945.8125,8,6.736035493669471,LO,423182.875,0.0,423182.875,404023.03125,61262.0625
test_id_test_id_000343_23,test_id_000343,155,high_degree,3,2,test_id_000343_t3_c2,little,little_1,1,0.9,0.86,154,539231.94,507288.375,549888.4375,562186.125,586224.375,8,6.736035493669471,LO,562186.125,0.0,562186.125,539231.9375,78936.0
test_id_test_id_000343_24,test_id_000343,155,high_degree,3,3,test_id_000343_t3_c3,big,big_1,2,1.8,1.06,154,332757.97,345989.4375,375454.1875,383782.625,402147.34375,8,6.736035493669471,LO,383782.625,0.0,383782.625,332757.96875,56157.90625
test_id_test_id_000343_25,test_id_000343,155,high_degree,3,4,test_id_000343_t3_c4,little,little_1,2,1.2,0.93,154,606328.9,568402.375,617373.125,631962.875,658965.0,8,6.736035493669471,LO,631962.875,0.0,631962.875,606328.875,90562.625
test_id_test_id_000343_26,test_id_000343,155,high_degree,3,5,test_id_000343_t3_c5,big,big_0,3,2.2,1.15,154,338290.38,316455.46875,343628.25,351371.25,368611.21875,8,6.736035493669471,LO,351371.25,0.0,351371.25,338290.375,52155.75
test_id_test_id_000343_27,test_id_000343,155,high_degree,3,6,test_id_000343_t3_c6,little,little_0,3,1.5,1.0,154,398519.06,396962.3125,430750.375,440301.90625,460762.59375,8,6.736035493669471,LO,440301.90625,0.0,440301.90625,398519.0625,63800.28125
test_id_test_id_000343_28,test_id_000343,143,communication_heavy,4,0,test_id_000343_t4_c0,big,big_0,1,1.4,0.98,142,486032.06,473680.78125,514093.8125,525728.25,549145.875,8,6.736035493669471,LO,525728.25,0.0,525728.25,486032.0625,75465.09375
test_id_test_id_000343_29,test_id_000343,143,communication_heavy,4,1,test_id_000343_t4_c1,little,little_1,1,0.9,0.86,142,687678.5,677630.3125,735762.75,753372.0,783992.125,8,6.736035493669471,LO,753372.0,0.0,753372.0,687678.5,106361.8125
test_id_test_id_000343_30,test_id_000343,143,communication_heavy,4,2,test_id_000343_t4_c2,big,big_0,2,1.8,1.06,142,447232.84,428270.78125,464932.8125,475380.625,497230.625,8,6.736035493669471,LO,475380.625,0.0,475380.625,447232.84375,68959.84375
test_id_test_id_000343_31,test_id_000343,143,communication_heavy,4,3,test_id_000343_t4_c3,little,little_1,2,1.2,0.93,142,588765.8,585820.125,636467.6875,651652.125,679392.25,8,6.736035493669471,LO,651652.125,0.0,651652.125,588765.8125,93572.125
test_id_test_id_000343_32,test_id_000343,143,communication_heavy,4,4,test_id_000343_t4_c4,big,big_0,3,2.2,1.15,142,254698.9,258291.328125,281376.90625,288134.125,303333.65625,8,6.736035493669471,LO,288134.125,0.0,288134.125,254698.90625,45042.328125
test_id_test_id_000343_33,test_id_000343,143,communication_heavy,4,5,test_id_000343_t4_c5,little,little_0,3,1.5,1.0,142,479702.78,465067.9375,504923.6875,516386.875,539645.375,8,6.736035493669471,LO,516386.875,0.0,516386.875,479702.78125,74577.4375
test_id_test_id_000343_34,test_id_000343,143,communication_heavy,4,6,test_id_000343_t4_c6,big,big_1,0,1.0,0.9,142,382076.6,395478.625,428916.875,438340.0625,458591.78125,8,6.736035493669471,LO,438340.0625,0.0,438340.0625,382076.59375,63113.15625
test_id_test_id_000343_35,test_id_000343,293,random,5,0,test_id_000343_t5_c0,little,little_0,1,0.9,0.86,292,340445.94,337872.65625,366508.0,374597.75,392493.0625,8,6.736035493669471,LO,374597.75,0.0,374597.75,340445.9375,54620.40625
test_id_test_id_000343_36,test_id_000343,293,random,5,1,test_id_000343_t5_c1,big,big_0,2,1.8,1.06,292,156885.28,160282.34375,177576.6875,182635.9375,194573.265625,8,6.736035493669471,LO,182635.9375,0.0,182635.9375,156885.28125,34290.921875
test_id_test_id_000343_37,test_id_000343,293,random,5,2,test_id_000343_t5_c2,little,little_1,2,1.2,0.93,292,217108.62,231111.5625,252531.515625,258890.03125,273270.15625,8,6.736035493669471,LO,258890.03125,0.0,258890.03125,217108.625,42158.59375
test_id_test_id_000343_38,test_id_000343,293,random,5,3,test_id_000343_t5_c3,big,big_1,3,2.2,1.15,292,149211.33,142599.53125,158972.828125,163649.3125,174926.515625,8,6.736035493669471,LO,163649.3125,0.0,163649.3125,149211.328125,32326.984375
test_id_test_id_000343_39,test_id_000343,293,random,5,4,test_id_000343_t5_c4,little,little_0,3,1.5,1.0,292,233087.25,223152.4375,243994.84375,250174.25,264196.28125,8,6.736035493669471,LO,250174.25,0.0,250174.25,233087.25,41043.84375
test_id_test_id_000343_40,test_id_000343,293,random,5,5,test_id_000343_t5_c5,big,big_0,0,1.0,0.9,292,234308.69,235435.171875,257074.140625,263464.1875,277923.3125,8,6.736035493669471,LO,263464.1875,0.0,263464.1875,234308.6875,42488.140625
test_id_test_id_000343_41,test_id_000343,293,random,5,6,test_id_000343_t5_c6,little,little_0,0,0.6,0.8,292,509571.06,504662.875,544449.0,555698.375,577671.125,8,6.736035493669471,LO,555698.375,0.0,555698.375,509571.0625,73008.25
test_id_test_id_000386_00,test_id_000386,14,source_like,0,0,test_id_000386_t0_c0,little,little_0,1,0.9,0.86,13,173220.88,172093.03125,190616.4375,196237.84375,209228.796875,8,6.736035493669471,HI,196237.84375,15665.78125,211903.625,173220.875,37135.765625
test_id_test_id_000386_01,test_id_000386,14,source_like,0,1,test_id_000386_t0_c1,big,big_0,2,1.8,1.06,13,60034.34,58406.640625,71734.25,75542.515625,84758.796875,8,6.736035493669471,HI,75542.515625,15665.78125,91208.296875,60034.33984375,26352.15625
test_id_test_id_000386_02,test_id_000386,14,source_like,0,2,test_id_000386_t0_c2,little,little_0,2,1.2,0.93,13,131659.03,134412.125,150386.03125,154963.3125,166057.75,8,6.736035493669471,HI,154963.3125,15665.78125,170629.09375,131659.03125,31645.625
test_id_test_id_000386_03,test_id_000386,14,source_like,0,3,test_id_000386_t0_c3,big,big_1,3,2.2,1.15,13,48259.793,47753.8125,60608.328125,64360.234375,73259.3125,8,6.736035493669471,HI,64360.234375,15665.78125,80026.015625,48259.79296875,25505.5
test_id_test_id_000386_04,test_id_000386,14,source_like,0,4,test_id_000386_t0_c4,little,little_1,3,1.5,1.0,13,109022.836,105211.21875,120220.734375,124351.15625,134709.5,8,6.736035493669471,HI,124351.15625,15665.78125,140016.9375,109022.8359375,29498.28125
test_id_test_id_000386_05,test_id_000386,14,source_like,0,5,test_id_000386_t0_c5,big,big_1,0,1.0,0.9,13,111983.77,106324.453125,121463.890625,125701.96875,136264.421875,8,6.736035493669471,HI,125701.96875,15665.78125,141367.75,111983.7734375,29939.96875
test_id_test_id_000386_06,test_id_000386,14,source_like,0,6,test_id_000386_t0_c6,little,little_0,0,0.6,0.8,13,258441.33,262444.375,286829.96875,293926.65625,310204.90625,8,6.736035493669471,HI,293926.65625,15665.78125,309592.4375,258441.328125,47760.53125
test_id_test_id_000386_07,test_id_000386,287,sink_like,1,0,test_id_000386_t1_c0,big,big_1,2,1.8,1.06,286,204053.88,223165.421875,244199.640625,250490.46875,264727.03125,8,6.736035493669471,HI,250490.46875,15665.78125,266156.25,204053.875,41561.609375
test_id_test_id_000386_08,test_id_000386,287,sink_like,1,1,test_id_000386_t1_c1,little,little_1,2,1.2,0.93,286,339672.1,361188.1875,391883.3125,400552.25,419517.03125,8,6.736035493669471,HI,400552.25,15665.78125,416218.03125,339672.09375,58328.84375
test_id_test_id_000386_09,test_id_000386,287,sink_like,1,2,test_id_000386_t1_c2,big,big_0,3,2.2,1.15,286,194367.12,196966.09375,216507.125,222386.328125,235832.234375,8,6.736035493669471,HI,222386.328125,15665.78125,238052.109375,194367.125,38866.140625
test_id_test_id_000386_10,test_id_000386,287,sink_like,1,3,test_id_000386_t1_c3,little,little_1,3,1.5,1.0,286,262529.5,279158.84375,303620.90625,310702.78125,326577.625,8,6.736035493669471,HI,310702.78125,15665.78125,326368.5625,262529.5,47418.78125
test_id_test_id_000386_11,test_id_000386,287,sink_like,1,4,test_id_000386_t1_c4,big,big_1,0,1.0,0.9,286,294630.25,308252.1875,334749.96875,342304.4375,359186.0,8,6.736035493669471,HI,342304.4375,15665.78125,357970.21875,294630.25,50933.8125
test_id_test_id_000386_12,test_id_000386,287,sink_like,1,5,test_id_000386_t1_c5,little,little_0,0,0.6,0.8,286,545145.5,570260.0625,615658.6875,628875.125,652998.125,8,6.736035493669471,HI,628875.125,15665.78125,644540.90625,545145.5,82738.0625
test_id_test_id_000386_13,test_id_000386,287,sink_like,1,6,test_id_000386_t1_c6,big,big_1,1,1.4,0.98,286,300082.88,300953.8125,326975.90625,334426.84375,351069.40625,8,6.736035493669471,HI,334426.84375,15665.78125,350092.625,300082.875,50115.59375
test_id_test_id_000386_14,test_id_000386,167,middle,2,0,test_id_000386_t2_c0,little,little_0,2,1.2,0.93,166,193603.19,209446.5625,229449.34375,235390.59375,248954.421875,8,6.736035493669471,HI,235390.59375,15665.78125,251056.375,193603.1875,39507.859375
test_id_test_id_000386_15,test_id_000386,167,middle,2,1,test_id_000386_t2_c1,big,big_1,3,2.2,1.15,166,112620.27,106827.53125,121718.234375,125800.5625,136062.671875,8,6.736035493669471,HI,125800.5625,15665.78125,141466.34375,112620.2734375,29235.140625
test_id_test_id_000386_16,test_id_000386,167,middle,2,2,test_id_000386_t2_c2,little,little_1,3,1.5,1.0,166,166521.78,164888.25,182297.0625,187395.15625,199389.53125,8,6.736035493669471,HI,187395.15625,15665.78125,203060.9375,166521.78125,34501.28125
test_id_test_id_000386_17,test_id_000386,167,middle,2,3,test_id_000386_t2_c3,big,big_1,0,1.0,0.9,166,263830.47,246014.375,268186.71875,274655.125,289297.75,8,6.736035493669471,HI,274655.125,15665.78125,290320.90625,263830.46875,43283.375
test_id_test_id_000386_18,test_id_000386,167,middle,2,4,test_id_000386_t2_c4,little,little_0,0,0.6,0.8,166,393974.97,384483.84375,415585.375,424095.25,442733.375,8,6.736035493669471,HI,424095.25,15665.78125,439761.03125,393974.96875,58249.53125
test_id_test_id_000386_19,test_id_000386,167,middle,2,5,test_id_000386_t2_c5,big,big_0,1,1.4,0.98,166,185113.75,182808.5625,201338.796875,206863.75,219629.453125,8,6.736035493669471,HI,206863.75,15665.78125,222529.53125,185113.75,36820.890625
test_id_test_id_000386_20,test_id_000386,167,middle,2,6,test_id_000386_t2_c6,little,little_0,1,0.9,0.86,166,271967.3,254817.546875,277622.53125,284253.46875,299255.875,8,6.736035493669471,HI,284253.46875,15665.78125,299919.25,271967.3125,44438.328125
test_id_test_id_000386_21,test_id_000386,237,high_degree,3,0,test_id_000386_t3_c0,big,big_0,3,2.2,1.15,236,159253.23,153549.390625,170519.703125,175440.5625,187143.953125,8,6.736035493669471,HI,175440.5625,15665.78125,191106.34375,159253.234375,33594.5625
test_id_test_id_000386_22,test_id_000386,237,high_degree,3,1,test_id_000386_t3_c1,little,little_0,3,1.5,1.0,236,275239.5,242133.234375,264186.71875,270691.9375,285364.90625,8,6.736035493669471,HI,270691.9375,15665.78125,286357.71875,275239.5,43231.671875
test_id_test_id_000386_23,test_id_000386,237,high_degree,3,2,test_id_000386_t3_c2,big,big_0,0,1.0,0.9,236,286952.25,281213.40625,305781.375,312859.28125,328756.28125,8,6.736035493669471,HI,312859.28125,15665.78125,328525.0625,286952.25,47542.875
test_id_test_id_000386_24,test_id_000386,237,high_degree,3,3,test_id_000386_t3_c3,little,little_1,0,0.6,0.8,236,521185.97,519094.9375,560152.3125,571822.5625,594346.625,8,6.736035493669471,HI,571822.5625,15665.78125,587488.34375,521185.96875,75251.6875
test_id_test_id_000386_25,test_id_000386,237,high_degree,3,4,test_id_000386_t3_c4,big,big_0,1,1.4,0.98,236,235476.0,222996.40625,243889.03125,250099.546875,264180.28125,8,6.736035493669471,HI,250099.546875,15665.78125,265765.328125,235476.0,41183.875
test_id_test_id_000386_26,test_id_000386,237,high_degree,3,5,test_id_000386_t3_c5,little,little_0,1,0.9,0.86,236,351767.56,351706.25,381377.25,389732.28125,408120.5625,8,6.736035493669471,HI,389732.28125,15665.78125,405398.0625,351767.5625,56414.3125
test_id_test_id_000386_27,test_id_000386,237,high_degree,3,6,test_id_000386_t3_c6,big,big_0,2,1.8,1.06,236,186304.23,176498.9375,194733.34375,200147.71875,212721.828125,8,6.736035493669471,HI,200147.71875,15665.78125,215813.5,186304.234375,36222.890625
test_id_test_id_000386_28,test_id_000386,191,random,4,0,test_id_000386_t4_c0,little,little_0,3,1.5,1.0,190,194193.39,187773.984375,206690.03125,212358.46875,225390.8125,8,6.736035493669471,HI,212358.46875,15665.78125,228024.25,194193.390625,37616.828125
test_id_test_id_000386_29,test_id_000386,191,random,4,1,test_id_000386_t4_c1,big,big_0,0,1.0,0.9,190,200170.72,209159.25,229381.53125,235466.140625,249301.046875,8,6.736035493669471,HI,235466.140625,15665.78125,251131.921875,200170.71875,40141.796875
test_id_test_id_000386_30,test_id_000386,191,random,4,2,test_id_000386_t4_c2,little,little_1,0,0.6,0.8,190,497474.84,473537.1875,510401.1875,520638.25,541280.5,8,6.736035493669471,HI,520638.25,15665.78125,536304.03125,497474.84375,67743.3125
test_id_test_id_000386_31,test_id_000386,191,random,4,3,test_id_000386_t4_c3,big,big_1,1,1.4,0.98,190,153327.44,144893.765625,161377.34375,166134.125,177540.4375,8,6.736035493669471,HI,166134.125,15665.78125,181799.90625,153327.4375,32646.671875
test_id_test_id_000386_32,test_id_000386,191,random,4,4,test_id_000386_t4_c4,little,little_1,1,0.9,0.86,190,336227.6,313328.75,339986.4375,347542.1875,364404.78125,8,6.736035493669471,HI,347542.1875,15665.78125,363207.96875,336227.59375,51076.03125
test_id_test_id_000386_33,test_id_000386,191,random,4,5,test_id_000386_t4_c5,big,big_1,2,1.8,1.06,190,127220.55,135570.078125,151580.953125,156121.171875,167162.15625,8,6.736035493669471,HI,156121.171875,15665.78125,171786.953125,127220.546875,31592.078125
test_id_test_id_000386_34,test_id_000386,191,random,4,6,test_id_000386_t4_c6,little,little_0,2,1.2,0.93,190,276298.4,259536.515625,282579.4375,289279.875,304373.59375,8,6.736035493669471,HI,289279.875,15665.78125,304945.65625,276298.40625,44837.078125
test_id_test_id_000386_35,test_id_000386,165,diverse_fill_1,5,0,test_id_000386_t5_c0,big,big_0,0,1.0,0.9,164,130305.61,122316.6875,138195.828125,142764.46875,153937.65625,8,6.736035493669471,HI,142764.46875,15665.78125,158430.25,130305.609375,31620.96875
test_id_test_id_000386_36,test_id_000386,165,diverse_fill_1,5,1,test_id_000386_t5_c1,little,little_1,0,0.6,0.8,164,220935.78,237025.59375,260510.46875,267663.59375,283947.75,8,6.736035493669471,HI,267663.59375,15665.78125,283329.375,220935.78125,46922.15625
test_id_test_id_000386_37,test_id_000386,165,diverse_fill_1,5,2,test_id_000386_t5_c2,big,big_1,1,1.4,0.98,164,104565.6,99538.40625,114514.109375,118677.375,129097.625,8,6.736035493669471,HI,118677.375,15665.78125,134343.15625,104565.6015625,29559.21875
test_id_test_id_000386_38,test_id_000386,165,diverse_fill_1,5,3,test_id_000386_t5_c3,little,little_0,1,0.9,0.86,164,145239.36,161349.875,179272.375,184660.6875,197253.40625,8,6.736035493669471,HI,184660.6875,15665.78125,200326.46875,145239.359375,35903.53125
test_id_test_id_000386_39,test_id_000386,165,diverse_fill_1,5,4,test_id_000386_t5_c4,big,big_1,2,1.8,1.06,164,71898.99,69938.296875,83746.390625,87631.3125,97210.6875,8,6.736035493669471,HI,87631.3125,15665.78125,103297.09375,71898.9921875,27272.390625
test_id_test_id_000386_40,test_id_000386,165,diverse_fill_1,5,5,test_id_000386_t5_c5,little,little_1,2,1.2,0.93,164,138603.12,134120.4375,150224.46875,154852.859375,166065.3125,8,6.736035493669471,HI,154852.859375,15665.78125,170518.640625,138603.125,31944.875
test_id_test_id_000386_41,test_id_000386,165,diverse_fill_1,5,6,test_id_000386_t5_c6,big,big_1,3,2.2,1.15,164,66467.836,60807.21875,74207.84375,78026.296875,87316.5,8,6.736035493669471,HI,78026.296875,15665.78125,93692.078125,66467.8359375,26509.28125
test_id_test_id_000423_00,test_id_000423,6,source_like,0,0,test_id_000423_t0_c0,big,big_1,3,2.2,1.15,5,33975.176,37294.953125,49882.03125,53707.09375,62547.578125,8,6.736035493669471,LO,53707.09375,0.0,53707.09375,33975.17578125,25252.625
test_id_test_id_000423_01,test_id_000423,6,source_like,0,1,test_id_000423_t0_c1,little,little_1,3,1.5,1.0,5,76732.484,72603.296875,86683.703125,90615.0625,100316.453125,8,6.736035493669471,LO,90615.0625,0.0,90615.0625,76732.484375,27713.15625
test_id_test_id_000423_02,test_id_000423,6,source_like,0,2,test_id_000423_t0_c2,big,big_1,0,1.0,0.9,5,72634.46,69956.78125,84015.796875,88007.15625,97787.34375,8,6.736035493669471,LO,88007.15625,0.0,88007.15625,72634.4609375,27830.5625
test_id_test_id_000423_03,test_id_000423,6,source_like,0,3,test_id_000423_t0_c3,little,little_1,0,0.6,0.8,5,197486.45,173402.71875,192651.21875,198558.09375,212186.390625,8,6.736035493669471,LO,198558.09375,0.0,198558.09375,197486.453125,38783.671875
test_id_test_id_000423_04,test_id_000423,6,source_like,0,4,test_id_000423_t0_c4,big,big_0,1,1.4,0.98,5,52328.29,52091.578125,65240.921875,69083.390625,78242.59375,8,6.736035493669471,LO,69083.390625,0.0,69083.390625,52328.2890625,26151.015625
test_id_test_id_000423_05,test_id_000423,6,source_like,0,5,test_id_000423_t0_c5,little,little_1,1,0.9,0.86,5,130898.51,123986.671875,139986.234375,144624.84375,155919.875,8,6.736035493669471,LO,144624.84375,0.0,144624.84375,130898.5078125,31933.203125
test_id_test_id_000423_06,test_id_000423,6,source_like,0,6,test_id_000423_t0_c6,big,big_1,2,1.8,1.06,5,39880.805,39760.484375,52363.109375,56137.765625,64922.0,8,6.736035493669471,LO,56137.765625,0.0,56137.765625,39880.8046875,25161.515625
test_id_test_id_000423_07,test_id_000423,72,sink_like,1,0,test_id_000423_t1_c0,little,little_0,3,1.5,1.0,71,410547.84,427087.78125,463576.6875,473965.125,495709.875,8,6.736035493669471,LO,473965.125,0.0,473965.125,410547.84375,68622.09375
test_id_test_id_000423_08,test_id_000423,72,sink_like,1,1,test_id_000423_t1_c1,big,big_0,0,1.0,0.9,71,365726.47,365316.15625,396324.5625,405065.4375,424184.4375,8,6.736035493669471,LO,405065.4375,0.0,405065.4375,365726.46875,58868.28125
test_id_test_id_000423_09,test_id_000423,72,sink_like,1,2,test_id_000423_t1_c2,little,little_0,0,0.6,0.8,71,735948.94,741978.125,804156.75,823120.5625,855348.9375,8,6.736035493669471,LO,823120.5625,0.0,823120.5625,735948.9375,113370.8125
test_id_test_id_000423_10,test_id_000423,72,sink_like,1,3,test_id_000423_t1_c3,big,big_0,1,1.4,0.98,71,345174.66,367824.3125,399071.1875,407881.28125,427115.8125,8,6.736035493669471,LO,407881.28125,0.0,407881.28125,345174.65625,59291.5
test_id_test_id_000423_11,test_id_000423,72,sink_like,1,4,test_id_000423_t1_c4,little,little_1,1,0.9,0.86,71,589850.94,655413.375,711429.3125,728390.1875,758023.875,8,6.736035493669471,LO,728390.1875,0.0,728390.1875,589850.9375,102610.5
test_id_test_id_000423_12,test_id_000423,72,sink_like,1,5,test_id_000423_t1_c5,big,big_1,2,1.8,1.06,71,220166.89,248369.359375,270785.125,277359.90625,292186.5625,8,6.736035493669471,LO,277359.90625,0.0,277359.90625,220166.890625,43817.203125
test_id_test_id_000423_13,test_id_000423,72,sink_like,1,6,test_id_000423_t1_c6,little,little_0,2,1.2,0.93,71,458960.78,459988.4375,499197.625,510438.5,533338.25,8,6.736035493669471,LO,510438.5,0.0,510438.5,458960.78125,73349.8125
test_id_test_id_000423_14,test_id_000423,247,middle,2,0,test_id_000423_t2_c0,big,big_1,0,1.0,0.9,246,366487.25,369604.9375,401065.65625,409959.9375,429325.09375,8,6.736035493669471,LO,409959.9375,0.0,409959.9375,366487.25,59720.15625
test_id_test_id_000423_15,test_id_000423,247,middle,2,1,test_id_000423_t2_c1,little,little_1,0,0.6,0.8,246,649147.4,643049.875,694230.75,709539.125,735674.375,8,6.736035493669471,LO,709539.125,0.0,709539.125,649147.375,92624.5
test_id_test_id_000423_16,test_id_000423,247,middle,2,2,test_id_000423_t2_c2,big,big_0,1,1.4,0.98,246,203718.64,204417.40625,224235.40625,230149.25,243660.078125,8,6.736035493669471,LO,230149.25,0.0,230149.25,203718.640625,39242.671875
test_id_test_id_000423_17,test_id_000423,247,middle,2,3,test_id_000423_t2_c3,little,little_1,1,0.9,0.86,246,420545.0,434301.96875,470769.625,481089.875,502635.78125,8,6.736035493669471,LO,481089.875,0.0,481089.875,420545.0,68333.8125
test_id_test_id_000423_18,test_id_000423,247,middle,2,4,test_id_000423_t2_c4,big,big_0,2,1.8,1.06,246,211396.75,204830.71875,224721.9375,230676.296875,244260.609375,8,6.736035493669471,LO,230676.296875,0.0,230676.296875,211396.75,39429.890625
test_id_test_id_000423_19,test_id_000423,247,middle,2,5,test_id_000423_t2_c5,little,little_0,2,1.2,0.93,246,327231.3,330075.625,358226.5,366212.71875,383911.3125,8,6.736035493669471,LO,366212.71875,0.0,366212.71875,327231.3125,53835.6875
test_id_test_id_000423_20,test_id_000423,247,middle,2,6,test_id_000423_t2_c6,big,big_0,3,2.2,1.15,246,182434.48,187277.4375,206166.296875,211811.6875,224817.765625,8,6.736035493669471,LO,211811.6875,0.0,211811.6875,182434.484375,37540.328125
test_id_test_id_000423_21,test_id_000423,34,high_degree,3,0,test_id_000423_t3_c0,little,little_0,0,0.6,0.8,33,433192.62,394895.0,427218.1875,436190.625,455596.6875,8,6.736035493669471,LO,436190.625,0.0,436190.625,433192.625,60701.6875
test_id_test_id_000423_22,test_id_000423,34,high_degree,3,1,test_id_000423_t3_c1,big,big_1,1,1.4,0.98,33,199876.39,185559.65625,204206.203125,209758.578125,222573.671875,8,6.736035493669471,LO,209758.578125,0.0,209758.578125,199876.390625,37014.015625
test_id_test_id_000423_23,test_id_000423,34,high_degree,3,2,test_id_000423_t3_c2,little,little_1,1,0.9,0.86,33,304542.72,282547.6875,307137.4375,314193.0,330063.28125,8,6.736035493669471,LO,314193.0,0.0,314193.0,304542.71875,47515.59375
test_id_test_id_000423_24,test_id_000423,34,high_degree,3,3,test_id_000423_t3_c3,big,big_1,2,1.8,1.06,33,169427.67,151971.453125,168744.484375,173597.65625,185165.515625,8,6.736035493669471,LO,173597.65625,0.0,173597.65625,169427.671875,33194.0625
test_id_test_id_000423_25,test_id_000423,34,high_degree,3,4,test_id_000423_t3_c4,little,little_1,2,1.2,0.93,33,298252.94,274774.0,298863.09375,305810.5,321427.0,8,6.736035493669471,LO,305810.5,0.0,305810.5,298252.9375,46653.0
test_id_test_id_000423_26,test_id_000423,34,high_degree,3,5,test_id_000423_t3_c5,big,big_1,3,2.2,1.15,33,127732.74,111818.453125,126808.09375,130933.515625,141267.46875,8,6.736035493669471,LO,130933.515625,0.0,130933.515625,127732.7421875,29449.015625
test_id_test_id_000423_27,test_id_000423,34,high_degree,3,6,test_id_000423_t3_c6,little,little_0,3,1.5,1.0,33,191217.77,178995.8125,197139.796875,202484.125,214925.0625,8,6.736035493669471,LO,202484.125,0.0,202484.125,191217.765625,35929.25
test_id_test_id_000423_28,test_id_000423,71,communication_heavy,4,0,test_id_000423_t4_c0,big,big_1,1,1.4,0.98,70,494077.4,450658.6875,488918.5,499822.3125,522269.9375,8,6.736035493669471,LO,499822.3125,0.0,499822.3125,494077.40625,71611.25
test_id_test_id_000423_29,test_id_000423,71,communication_heavy,4,1,test_id_000423_t4_c1,little,little_0,1,0.9,0.86,70,1052498.8,1030861.625,1141300.0,1167989.5,1246138.125,8,6.736035493669471,LO,1167989.5,0.0,1167989.5,1052498.75,215276.5
test_id_test_id_000423_30,test_id_000423,71,communication_heavy,4,2,test_id_000423_t4_c2,big,big_1,2,1.8,1.06,70,493411.16,455269.4375,494245.125,505420.375,528283.125,8,6.736035493669471,LO,505420.375,0.0,505420.375,493411.15625,73013.6875
test_id_test_id_000423_31,test_id_000423,71,communication_heavy,4,3,test_id_000423_t4_c3,little,little_0,2,1.2,0.93,70,793532.75,729106.75,796352.375,816843.375,853480.75,8,6.736035493669471,LO,816843.375,0.0,816843.375,793532.75,124374.0
test_id_test_id_000423_32,test_id_000423,71,communication_heavy,4,4,test_id_000423_t4_c4,big,big_1,3,2.2,1.15,70,494007.7,437950.21875,475716.4375,486541.59375,508968.75,8,6.736035493669471,LO,486541.59375,0.0,486541.59375,494007.6875,71018.53125
test_id_test_id_000423_33,test_id_000423,71,communication_heavy,4,5,test_id_000423_t4_c5,little,little_1,3,1.5,1.0,70,616464.7,606496.875,660201.0,676526.25,706078.75,8,6.736035493669471,LO,676526.25,0.0,676526.25,616464.6875,99581.875
test_id_test_id_000423_34,test_id_000423,71,communication_heavy,4,6,test_id_000423_t4_c6,big,big_0,0,1.0,0.9,70,675644.7,609661.75,661302.1875,676818.5,704507.375,8,6.736035493669471,LO,676818.5,0.0,676818.5,675644.6875,94845.625
test_id_test_id_000423_35,test_id_000423,45,random,5,0,test_id_000423_t5_c0,little,little_1,1,0.9,0.86,44,359294.53,352945.6875,382880.96875,391332.125,409903.75,8,6.736035493669471,LO,391332.125,0.0,391332.125,359294.53125,56958.0625
test_id_test_id_000423_36,test_id_000423,45,random,5,1,test_id_000423_t5_c1,big,big_0,2,1.8,1.06,44,186412.8,177733.6875,195982.90625,201394.5625,213961.03125,8,6.736035493669471,LO,201394.5625,0.0,201394.5625,186412.796875,36227.34375
test_id_test_id_000423_37,test_id_000423,45,random,5,2,test_id_000423_t5_c2,little,little_1,2,1.2,0.93,44,245060.28,238847.296875,260626.9375,267029.90625,281517.25,8,6.736035493669471,LO,267029.90625,0.0,267029.90625,245060.28125,42669.953125
test_id_test_id_000423_38,test_id_000423,45,random,5,3,test_id_000423_t5_c3,big,big_0,3,2.2,1.15,44,132961.58,135111.046875,151018.75,155523.5625,166492.75,8,6.736035493669471,LO,155523.5625,0.0,155523.5625,132961.578125,31381.703125
test_id_test_id_000423_39,test_id_000423,45,random,5,4,test_id_000423_t5_c4,little,little_0,3,1.5,1.0,44,233815.08,216267.25,236657.09375,242694.8125,256450.703125,8,6.736035493669471,LO,242694.8125,0.0,242694.8125,233815.078125,40183.453125
test_id_test_id_000423_40,test_id_000423,45,random,5,5,test_id_000423_t5_c5,big,big_0,0,1.0,0.9,44,286480.7,256653.390625,279571.28125,286245.09375,301306.3125,8,6.736035493669471,LO,286245.09375,0.0,286245.09375,286480.6875,44652.921875
test_id_test_id_000423_41,test_id_000423,45,random,5,6,test_id_000423_t5_c6,little,little_1,0,0.6,0.8,44,569964.56,523808.9375,565459.0,577369.375,600122.375,8,6.736035493669471,LO,577369.375,0.0,577369.375,569964.5625,76313.4375
test_id_test_id_000438_00,test_id_000438,7,source_like,0,0,test_id_000438_t0_c0,little,little_1,0,0.6,0.8,6,207463.53,192013.625,212560.71875,218904.15625,233374.0625,8,6.736035493669471,HI,218904.15625,15665.78125,234569.9375,207463.53125,41360.4375
test_id_test_id_000438_01,test_id_000438,7,source_like,0,1,test_id_000438_t0_c1,big,big_1,1,1.4,0.98,6,68489.81,63984.71875,77684.609375,81576.625,91052.140625,8,6.736035493669471,HI,81576.625,15665.78125,97242.40625,68489.8125,27067.421875
test_id_test_id_000438_02,test_id_000438,7,source_like,0,2,test_id_000438_t0_c2,little,little_1,1,0.9,0.86,6,145093.62,138965.90625,155597.9375,160477.8125,172165.9375,8,6.736035493669471,HI,160477.8125,15665.78125,176143.59375,145093.625,33200.03125
test_id_test_id_000438_03,test_id_000438,7,source_like,0,3,test_id_000438_t0_c3,big,big_1,2,1.8,1.06,6,47100.4,45317.234375,58116.125,61894.546875,70796.453125,8,6.736035493669471,HI,61894.546875,15665.78125,77560.328125,47100.3984375,25479.21875
test_id_test_id_000438_04,test_id_000438,7,source_like,0,4,test_id_000438_t0_c4,little,little_1,2,1.2,0.93,6,106394.586,101564.09375,116593.65625,120774.09375,131224.296875,8,6.736035493669471,HI,120774.09375,15665.78125,136439.875,106394.5859375,29660.203125
test_id_test_id_000438_05,test_id_000438,7,source_like,0,5,test_id_000438_t0_c5,big,big_0,3,2.2,1.15,6,38742.9,39415.546875,51987.609375,55752.171875,64511.453125,8,6.736035493669471,HI,55752.171875,15665.78125,71417.953125,38742.8984375,25095.90625
test_id_test_id_000438_06,test_id_000438,7,source_like,0,6,test_id_000438_t0_c6,little,little_1,3,1.5,1.0,6,87559.02,84572.921875,99100.75,103092.984375,113081.859375,8,6.736035493669471,HI,103092.984375,15665.78125,118758.765625,87559.0234375,28508.9375
test_id_test_id_000438_07,test_id_000438,150,sink_like,1,0,test_id_000438_t1_c0,big,big_0,1,1.4,0.98,149,300470.97,314012.09375,340950.03125,348624.15625,365721.75,8,6.736035493669471,HI,348624.15625,15665.78125,364289.9375,300470.96875,51709.65625
test_id_test_id_000438_08,test_id_000438,150,sink_like,1,1,test_id_000438_t1_c1,little,little_0,1,0.9,0.86,149,538748.9,548563.3125,594503.375,607933.875,633188.625,8,6.736035493669471,HI,607933.875,15665.78125,623599.65625,538748.875,84625.3125
test_id_test_id_000438_09,test_id_000438,150,sink_like,1,2,test_id_000438_t1_c2,big,big_1,2,1.8,1.06,149,224969.66,239760.125,261744.953125,268254.5,282937.09375,8,6.736035493669471,HI,268254.5,15665.78125,283920.28125,224969.65625,43176.96875
test_id_test_id_000438_10,test_id_000438,150,sink_like,1,3,test_id_000438_t1_c3,little,little_1,2,1.2,0.93,149,390382.12,414158.5,449318.53125,459278.25,480357.9375,8,6.736035493669471,HI,459278.25,15665.78125,474944.03125,390382.125,66199.4375
test_id_test_id_000438_11,test_id_000438,150,sink_like,1,4,test_id_000438_t1_c4,big,big_1,3,2.2,1.15,149,217725.8,225169.46875,246291.984375,252598.109375,266871.4375,8,6.736035493669471,HI,252598.109375,15665.78125,268263.890625,217725.796875,41701.96875
test_id_test_id_000438_12,test_id_000438,150,sink_like,1,5,test_id_000438_t1_c5,little,little_0,3,1.5,1.0,149,368559.88,348599.96875,378305.0,386709.65625,405199.65625,8,6.736035493669471,HI,386709.65625,15665.78125,402375.4375,368559.875,56599.6875
test_id_test_id_000438_13,test_id_000438,150,sink_like,1,6,test_id_000438_t1_c6,big,big_0,0,1.0,0.9,149,486769.06,470325.375,510277.75,521749.375,544913.0,8,6.736035493669471,HI,521749.375,15665.78125,537415.15625,486769.0625,74587.625
test_id_test_id_000438_14,test_id_000438,131,middle,2,0,test_id_000438_t2_c0,little,little_0,1,0.9,0.86,130,456672.1,476818.0,516904.46875,528373.125,551445.5,8,6.736035493669471,HI,528373.125,15665.78125,544038.90625,456672.09375,74627.5
test_id_test_id_000438_15,test_id_000438,131,middle,2,1,test_id_000438_t2_c1,big,big_0,2,1.8,1.06,130,288646.16,294848.84375,320444.0625,327798.8125,344241.59375,8,6.736035493669471,HI,327798.8125,15665.78125,343464.59375,288646.15625,49392.75
test_id_test_id_000438_16,test_id_000438,131,middle,2,2,test_id_000438_t2_c2,little,little_1,2,1.2,0.93,130,343333.75,387098.96875,419965.3125,429247.1875,449258.125,8,6.736035493669471,HI,429247.1875,15665.78125,444912.96875,343333.75,62159.15625
test_id_test_id_000438_17,test_id_000438,131,middle,2,3,test_id_000438_t2_c3,big,big_1,3,2.2,1.15,130,193787.62,218628.0625,239399.984375,245624.609375,259736.0,8,6.736035493669471,HI,245624.609375,15665.78125,261290.390625,193787.625,41107.9375
test_id_test_id_000438_18,test_id_000438,131,middle,2,4,test_id_000438_t2_c4,little,little_1,3,1.5,1.0,130,363015.88,376531.9375,408640.84375,417721.5625,437407.375,8,6.736035493669471,HI,417721.5625,15665.78125,433387.34375,363015.875,60875.4375
test_id_test_id_000438_19,test_id_000438,131,middle,2,5,test_id_000438_t2_c5,big,big_1,0,1.0,0.9,130,290743.53,308284.3125,334754.21875,342297.34375,359155.9375,8,6.736035493669471,HI,342297.34375,15665.78125,357963.125,290743.53125,50871.625
test_id_test_id_000438_20,test_id_000438,131,middle,2,6,test_id_000438_t2_c6,little,little_1,0,0.6,0.8,130,666655.5,710284.6875,768645.5,786449.125,816325.4375,8,6.736035493669471,HI,786449.125,15665.78125,802114.90625,666655.5,106040.75
test_id_test_id_000438_21,test_id_000438,124,communication_heavy,3,0,test_id_000438_t3_c0,big,big_1,2,1.8,1.06,123,247978.62,247746.671875,270219.4375,276844.53125,291766.75,8,6.736035493669471,HI,276844.53125,15665.78125,292510.3125,247978.625,44020.078125
test_id_test_id_000438_22,test_id_000438,124,communication_heavy,3,1,test_id_000438_t3_c1,little,little_1,2,1.2,0.93,123,400492.4,409129.5,443942.4375,453808.4375,474753.6875,8,6.736035493669471,HI,453808.4375,15665.78125,469474.21875,400492.40625,65624.1875
test_id_test_id_000438_23,test_id_000438,124,communication_heavy,3,2,test_id_000438_t3_c2,big,big_0,3,2.2,1.15,123,191478.06,193058.53125,212268.078125,218017.21875,231213.125,8,6.736035493669471,HI,218017.21875,15665.78125,233683.0,191478.0625,38154.59375
test_id_test_id_000438_24,test_id_000438,124,communication_heavy,3,3,test_id_000438_t3_c3,little,little_0,3,1.5,1.0,123,338198.3,334679.53125,363273.125,371384.71875,389321.90625,8,6.736035493669471,HI,371384.71875,15665.78125,387050.5,338198.3125,54642.375
test_id_test_id_000438_25,test_id_000438,124,communication_heavy,3,4,test_id_000438_t3_c4,big,big_1,0,1.0,0.9,123,318831.38,328902.65625,356942.21875,364883.1875,382526.9375,8,6.736035493669471,HI,364883.1875,15665.78125,380548.96875,318831.375,53624.28125
test_id_test_id_000438_26,test_id_000438,124,communication_heavy,3,5,test_id_000438_t3_c5,little,little_1,0,0.6,0.8,123,754895.2,776877.375,842716.3125,862518.5,897001.125,8,6.736035493669471,HI,862518.5,15665.78125,878184.28125,754895.1875,120123.75
test_id_test_id_000438_27,test_id_000438,124,communication_heavy,3,6,test_id_000438_t3_c6,big,big_1,1,1.4,0.98,123,366040.0,355182.1875,385436.125,393984.0,412748.25,8,6.736035493669471,HI,393984.0,15665.78125,409649.78125,366040.0,57566.0625
test_id_test_id_000438_28,test_id_000438,5,random,4,0,test_id_000438_t4_c0,little,little_1,2,1.2,0.93,4,123507.96,135907.375,152012.6875,156652.96875,167858.8125,8,6.736035493669471,HI,156652.96875,15665.78125,172318.75,123507.9609375,31951.4375
test_id_test_id_000438_29,test_id_000438,5,random,4,1,test_id_000438_t4_c1,big,big_0,3,2.2,1.15,4,52870.8,52974.65625,66075.84375,69858.796875,78921.953125,8,6.736035493669471,HI,69858.796875,15665.78125,85524.578125,52870.80078125,25947.296875
test_id_test_id_000438_30,test_id_000438,5,random,4,2,test_id_000438_t4_c2,little,little_0,3,1.5,1.0,4,109387.21,108119.890625,123189.875,127350.109375,137758.953125,8,6.736035493669471,HI,127350.109375,15665.78125,143015.890625,109387.2109375,29639.0625
test_id_test_id_000438_31,test_id_000438,5,random,4,3,test_id_000438_t4_c3,big,big_1,0,1.0,0.9,4,106929.63,108049.71875,123305.09375,127596.984375,138258.546875,8,6.736035493669471,HI,127596.984375,15665.78125,143262.765625,106929.6328125,30208.828125
test_id_test_id_000438_32,test_id_000438,5,random,4,4,test_id_000438_t4_c4,little,little_1,0,0.6,0.8,4,254364.69,259401.5625,283647.15625,290729.6875,307011.40625,8,6.736035493669471,HI,290729.6875,15665.78125,306395.46875,254364.6875,47609.84375
test_id_test_id_000438_33,test_id_000438,5,random,4,5,test_id_000438_t4_c5,big,big_0,1,1.4,0.98,4,77524.95,80018.328125,94300.296875,98257.78125,108121.71875,8,6.736035493669471,HI,98257.78125,15665.78125,113923.5625,77524.953125,28103.390625
test_id_test_id_000438_34,test_id_000438,5,random,4,6,test_id_000438_t4_c6,little,little_1,1,0.9,0.86,4,187656.03,187044.53125,206179.71875,211945.34375,225198.640625,8,6.736035493669471,HI,211945.34375,15665.78125,227611.125,187656.03125,38154.109375
test_id_test_id_000438_35,test_id_000438,105,diverse_fill_1,5,0,test_id_000438_t5_c0,big,big_0,3,2.2,1.15,104,56131.68,55335.546875,68515.75,72313.875,81458.296875,8,6.736035493669471,HI,72313.875,15665.78125,87979.65625,56131.6796875,26122.75
test_id_test_id_000438_36,test_id_000438,105,diverse_fill_1,5,1,test_id_000438_t5_c1,little,little_1,3,1.5,1.0,104,110412.6,111830.0,127043.734375,131264.828125,141795.75,8,6.736035493669471,HI,131264.828125,15665.78125,146930.609375,110412.6015625,29965.75
test_id_test_id_000438_37,test_id_000438,105,diverse_fill_1,5,2,test_id_000438_t5_c2,big,big_0,0,1.0,0.9,104,112906.62,114554.703125,130194.828125,134654.015625,145650.46875,8,6.736035493669471,HI,134654.015625,15665.78125,150319.796875,112906.6171875,31095.765625
test_id_test_id_000438_38,test_id_000438,105,diverse_fill_1,5,3,test_id_000438_t5_c3,little,little_0,0,0.6,0.8,104,237403.4,245261.375,268887.28125,275954.875,292074.4375,8,6.736035493669471,HI,275954.875,15665.78125,291620.65625,237403.40625,46813.0625
test_id_test_id_000438_39,test_id_000438,105,diverse_fill_1,5,4,test_id_000438_t5_c4,big,big_0,1,1.4,0.98,104,89106.46,90157.0625,104866.296875,108961.390625,119201.0625,8,6.736035493669471,HI,108961.390625,15665.78125,124627.171875,89106.4609375,29044.0
test_id_test_id_000438_40,test_id_000438,105,diverse_fill_1,5,5,test_id_000438_t5_c5,little,little_0,1,0.9,0.86,104,133105.33,148659.34375,165860.90625,170957.15625,183028.90625,8,6.736035493669471,HI,170957.15625,15665.78125,186622.9375,133105.328125,34369.5625
test_id_test_id_000438_41,test_id_000438,105,diverse_fill_1,5,6,test_id_000438_t5_c6,big,big_0,2,1.8,1.06,104,64779.977,66165.3125,79843.296875,83716.96875,93208.640625,8,6.736035493669471,HI,83716.96875,15665.78125,99382.75,64779.9765625,27043.328125
test_id_test_id_000448_00,test_id_000448,1,source_like,0,0,test_id_000448_t0_c0,big,big_0,2,1.8,1.06,0,52551.504,54246.953125,67373.375,71156.1875,80244.625,8,6.736035493669471,LO,71156.1875,0.0,71156.1875,52551.50390625,25997.671875
test_id_test_id_000448_01,test_id_000448,1,source_like,0,1,test_id_000448_t0_c1,little,little_1,2,1.2,0.93,0,122313.24,126742.84375,142471.34375,146948.3125,157889.71875,8,6.736035493669471,LO,146948.3125,0.0,146948.3125,122313.2421875,31146.875
test_id_test_id_000448_02,test_id_000448,1,source_like,0,2,test_id_000448_t0_c2,big,big_0,3,2.2,1.15,0,48897.86,47264.765625,60108.6875,63867.28125,72769.296875,8,6.736035493669471,LO,63867.28125,0.0,63867.28125,48897.859375,25504.53125
test_id_test_id_000448_03,test_id_000448,1,source_like,0,3,test_id_000448_t0_c3,little,little_0,3,1.5,1.0,0,102497.875,102217.390625,117172.484375,121276.703125,131585.421875,8,6.736035493669471,LO,121276.703125,0.0,121276.703125,102497.875,29368.03125
test_id_test_id_000448_04,test_id_000448,1,source_like,0,4,test_id_000448_t0_c4,big,big_0,0,1.0,0.9,0,94511.78,96981.75,112001.53125,116199.734375,126675.234375,8,6.736035493669471,LO,116199.734375,0.0,116199.734375,94511.78125,29693.484375
test_id_test_id_000448_05,test_id_000448,1,source_like,0,5,test_id_000448_t0_c5,little,little_1,0,0.6,0.8,0,258147.62,258352.734375,282548.53125,289643.0625,305854.0,8,6.736035493669471,LO,289643.0625,0.0,289643.0625,258147.625,47501.265625
test_id_test_id_000448_06,test_id_000448,1,source_like,0,6,test_id_000448_t0_c6,big,big_1,1,1.4,0.98,0,81642.19,78271.625,92533.25,96473.0625,106277.6875,8,6.736035493669471,LO,96473.0625,0.0,96473.0625,81642.1875,28006.0625
test_id_test_id_000448_07,test_id_000448,50,sink_like,1,0,test_id_000448_t1_c0,little,little_0,2,1.2,0.93,49,224372.64,237166.625,258756.859375,265079.21875,279414.03125,8,6.736035493669471,LO,265079.21875,0.0,265079.21875,224372.640625,42247.40625
test_id_test_id_000448_08,test_id_000448,50,sink_like,1,1,test_id_000448_t1_c1,big,big_1,3,2.2,1.15,49,99875.016,111533.578125,126511.203125,130639.90625,140974.90625,8,6.736035493669471,LO,130639.90625,0.0,130639.90625,99875.015625,29441.328125
test_id_test_id_000448_09,test_id_000448,50,sink_like,1,2,test_id_000448_t1_c2,little,little_0,3,1.5,1.0,49,166003.55,185230.734375,203717.4375,209173.65625,221817.65625,8,6.736035493669471,LO,209173.65625,0.0,209173.65625,166003.546875,36586.921875
test_id_test_id_000448_10,test_id_000448,50,sink_like,1,3,test_id_000448_t1_c3,big,big_1,0,1.0,0.9,49,222060.22,231452.90625,252740.96875,258999.84375,273207.8125,8,6.736035493669471,LO,258999.84375,0.0,258999.84375,222060.21875,41754.90625
test_id_test_id_000448_11,test_id_000448,50,sink_like,1,4,test_id_000448_t1_c4,little,little_1,0,0.6,0.8,49,434706.06,440167.34375,476649.1875,486980.5,508427.0,8,6.736035493669471,LO,486980.5,0.0,486980.5,434706.0625,68259.65625
test_id_test_id_000448_12,test_id_000448,50,sink_like,1,5,test_id_000448_t1_c5,big,big_0,1,1.4,0.98,49,133786.67,147099.375,163544.53125,168276.09375,179622.09375,8,6.736035493669471,LO,168276.09375,0.0,168276.09375,133786.671875,32522.71875
test_id_test_id_000448_13,test_id_000448,50,sink_like,1,6,test_id_000448_t1_c6,little,little_1,1,0.9,0.86,49,293988.66,298534.625,324291.21875,331642.59375,348114.03125,8,6.736035493669471,LO,331642.59375,0.0,331642.59375,293988.65625,49579.40625
test_id_test_id_000448_14,test_id_000448,26,middle,2,0,test_id_000448_t2_c0,big,big_1,3,2.2,1.15,25,68855.2,68615.96875,82347.65625,86186.640625,95652.5,8,6.736035493669471,LO,86186.640625,0.0,86186.640625,68855.203125,27036.53125
test_id_test_id_000448_15,test_id_000448,26,middle,2,1,test_id_000448_t2_c1,little,little_0,3,1.5,1.0,25,116055.73,118136.203125,133471.4375,137745.953125,148348.78125,8,6.736035493669471,LO,137745.953125,0.0,137745.953125,116055.7265625,30212.578125
test_id_test_id_000448_16,test_id_000448,26,middle,2,2,test_id_000448_t2_c2,big,big_0,0,1.0,0.9,25,128732.53,126716.28125,142691.90625,147284.875,158483.375,8,6.736035493669471,LO,147284.875,0.0,147284.875,128732.53125,31767.09375
test_id_test_id_000448_17,test_id_000448,26,middle,2,3,test_id_000448_t2_c3,little,little_1,0,0.6,0.8,25,304388.8,318102.34375,345042.1875,352433.625,369406.53125,8,6.736035493669471,LO,352433.625,0.0,352433.625,304388.8125,51304.1875
test_id_test_id_000448_18,test_id_000448,26,middle,2,4,test_id_000448_t2_c4,big,big_0,1,1.4,0.98,25,90304.12,89957.734375,104507.953125,108522.375,118599.90625,8,6.736035493669471,LO,108522.375,0.0,108522.375,90304.1171875,28642.171875
test_id_test_id_000448_19,test_id_000448,26,middle,2,5,test_id_000448_t2_c5,little,little_1,1,0.9,0.86,25,216761.67,210335.53125,230701.671875,236803.28125,250720.1875,8,6.736035493669471,LO,236803.28125,0.0,236803.28125,216761.671875,40384.65625
test_id_test_id_000448_20,test_id_000448,26,middle,2,6,test_id_000448_t2_c6,big,big_0,2,1.8,1.06,25,81905.016,81738.8125,95999.84375,99932.453125,109773.0,8,6.736035493669471,LO,99932.453125,0.0,99932.453125,81905.015625,28034.1875
test_id_test_id_000448_21,test_id_000448,33,high_degree,3,0,test_id_000448_t3_c0,little,little_0,3,1.5,1.0,32,100215.414,103961.0625,118957.859375,123106.21875,133500.0625,8,6.736035493669471,LO,123106.21875,0.0,123106.21875,100215.4140625,29539.0
test_id_test_id_000448_22,test_id_000448,33,high_degree,3,1,test_id_000448_t3_c1,big,big_1,0,1.0,0.9,32,96208.9,101840.078125,117029.015625,121312.0625,131970.03125,8,6.736035493669471,LO,121312.0625,0.0,121312.0625,96208.8984375,30129.953125
test_id_test_id_000448_23,test_id_000448,33,high_degree,3,2,test_id_000448_t3_c2,little,little_0,0,0.6,0.8,32,183405.72,206307.3125,227887.71875,234584.796875,249806.109375,8,6.736035493669471,LO,234584.796875,0.0,234584.796875,183405.71875,43498.796875
test_id_test_id_000448_24,test_id_000448,33,high_degree,3,3,test_id_000448_t3_c3,big,big_1,1,1.4,0.98,32,73863.06,74563.921875,88656.46875,92619.9375,102422.71875,8,6.736035493669471,LO,92619.9375,0.0,92619.9375,73863.0625,27858.796875
test_id_test_id_000448_25,test_id_000448,33,high_degree,3,4,test_id_000448_t3_c4,little,little_1,1,0.9,0.86,32,143149.66,143431.109375,160309.96875,165286.3125,177141.203125,8,6.736035493669471,LO,165286.3125,0.0,165286.3125,143149.65625,33710.09375
test_id_test_id_000448_26,test_id_000448,33,high_degree,3,5,test_id_000448_t3_c5,big,big_1,2,1.8,1.06,32,68060.84,65317.0,78975.4375,82863.875,92370.875,8,6.736035493669471,LO,82863.875,0.0,82863.875,68060.84375,27053.875
test_id_test_id_000448_27,test_id_000448,33,high_degree,3,6,test_id_000448_t3_c6,little,little_1,2,1.2,0.93,32,120089.78,115224.453125,130609.140625,134932.171875,145639.109375,8,6.736035493669471,LO,134932.171875,0.0,134932.171875,120089.78125,30414.65625
test_id_test_id_000448_28,test_id_000448,51,communication_heavy,4,0,test_id_000448_t4_c0,big,big_1,0,1.0,0.9,50,317438.78,331102.28125,359328.90625,367323.625,385067.0,8,6.736035493669471,LO,367323.625,0.0,367323.625,317438.78125,53964.71875
test_id_test_id_000448_29,test_id_000448,51,communication_heavy,4,1,test_id_000448_t4_c1,little,little_1,0,0.6,0.8,50,681169.0,682850.0,738078.0,754822.125,782955.5,8,6.736035493669471,LO,754822.125,0.0,754822.125,681169.0,100105.5
test_id_test_id_000448_30,test_id_000448,51,communication_heavy,4,2,test_id_000448_t4_c2,big,big_0,1,1.4,0.98,50,264098.8,266726.40625,290374.28125,297261.59375,312737.375,8,6.736035493669471,LO,297261.59375,0.0,297261.59375,264098.8125,46010.96875
test_id_test_id_000448_31,test_id_000448,51,communication_heavy,4,3,test_id_000448_t4_c3,little,little_1,1,0.9,0.86,50,443723.78,466427.125,505642.5625,516833.25,539561.375,8,6.736035493669471,LO,516833.25,0.0,516833.25,443723.78125,73134.25
test_id_test_id_000448_32,test_id_000448,51,communication_heavy,4,4,test_id_000448_t4_c4,big,big_1,2,1.8,1.06,50,191261.3,189888.546875,208911.796875,214598.953125,227678.4375,8,6.736035493669471,LO,214598.953125,0.0,214598.953125,191261.296875,37789.890625
test_id_test_id_000448_33,test_id_000448,51,communication_heavy,4,5,test_id_000448_t4_c5,little,little_0,2,1.2,0.93,50,444824.97,417961.65625,453634.25,463779.8125,485158.0625,8,6.736035493669471,LO,463779.8125,0.0,463779.8125,444824.96875,67196.40625
test_id_test_id_000448_34,test_id_000448,51,communication_heavy,4,6,test_id_000448_t4_c6,big,big_1,3,2.2,1.15,50,154800.02,167099.96875,184771.03125,189979.28125,202181.359375,8,6.736035493669471,LO,189979.28125,0.0,189979.28125,154800.015625,35081.390625
test_id_test_id_000448_35,test_id_000448,15,random,5,0,test_id_000448_t5_c0,little,little_1,0,0.6,0.8,14,382986.88,396570.875,428697.25,437546.78125,456719.75,8,6.736035493669471,LO,437546.78125,0.0,437546.78125,382986.875,60148.875
test_id_test_id_000448_36,test_id_000448,15,random,5,1,test_id_000448_t5_c1,big,big_1,1,1.4,0.98,14,180085.34,179561.546875,197911.390625,203371.4375,216021.28125,8,6.736035493669471,LO,203371.4375,0.0,203371.4375,180085.34375,36459.734375
test_id_test_id_000448_37,test_id_000448,15,random,5,2,test_id_000448_t5_c2,little,little_1,1,0.9,0.86,14,253198.55,252202.65625,274850.03125,281450.03125,296382.78125,8,6.736035493669471,LO,281450.03125,0.0,281450.03125,253198.546875,44180.125
test_id_test_id_000448_38,test_id_000448,15,random,5,3,test_id_000448_t5_c3,big,big_0,2,1.8,1.06,14,134215.69,130694.234375,146450.25,150886.59375,161748.0625,8,6.736035493669471,LO,150886.59375,0.0,150886.59375,134215.6875,31053.828125
test_id_test_id_000448_39,test_id_000448,15,random,5,4,test_id_000448_t5_c4,little,little_1,2,1.2,0.93,14,265112.75,240560.0,262424.84375,268834.75,283343.9375,8,6.736035493669471,LO,268834.75,0.0,268834.75,265112.75,42783.9375
test_id_test_id_000448_40,test_id_000448,15,random,5,5,test_id_000448_t5_c5,big,big_1,3,2.2,1.15,14,148754.84,135523.859375,151555.734375,156077.09375,167094.125,8,6.736035493669471,LO,156077.09375,0.0,156077.09375,148754.84375,31570.265625
test_id_test_id_000448_41,test_id_000448,15,random,5,6,test_id_000448_t5_c6,little,little_0,3,1.5,1.0,14,163785.75,167941.328125,185532.21875,190696.90625,202813.03125,8,6.736035493669471,LO,190696.90625,0.0,190696.90625,163785.75,34871.703125
test_id_test_id_000465_00,test_id_000465,1,source_like,0,0,test_id_000465_t0_c0,big,big_0,0,1.0,0.9,0,93209.75,95859.09375,110836.8125,114996.9375,125400.625,8,6.736035493669471,HI,114996.9375,15665.78125,130662.71875,93209.75,29541.53125
test_id_test_id_000465_01,test_id_000465,1,source_like,0,1,test_id_000465_t0_c1,little,little_0,0,0.6,0.8,0,244472.83,247931.46875,271627.96875,278671.75,294732.5625,8,6.736035493669471,HI,278671.75,15665.78125,294337.53125,244472.828125,46801.09375
test_id_test_id_000465_02,test_id_000465,1,source_like,0,2,test_id_000465_t0_c2,big,big_1,1,1.4,0.98,0,70025.0,73423.328125,87458.109375,91363.109375,101026.671875,8,6.736035493669471,HI,91363.109375,15665.78125,107028.890625,70025.0,27603.34375
test_id_test_id_000465_03,test_id_000465,1,source_like,0,3,test_id_000465_t0_c3,little,little_1,1,0.9,0.86,0,153348.34,162951.71875,180829.53125,186196.4375,198723.0,8,6.736035493669471,HI,186196.4375,15665.78125,201862.21875,153348.34375,35771.28125
test_id_test_id_000465_04,test_id_000465,1,source_like,0,4,test_id_000465_t0_c4,big,big_1,2,1.8,1.06,0,55268.848,54938.359375,68095.671875,71876.875,80972.1875,8,6.736035493669471,HI,71876.875,15665.78125,87542.65625,55268.84765625,26033.828125
test_id_test_id_000465_05,test_id_000465,1,source_like,0,5,test_id_000465_t0_c5,little,little_0,2,1.2,0.93,0,131748.81,127853.75,143512.0,147940.46875,158792.9375,8,6.736035493669471,HI,147940.46875,15665.78125,163606.25,131748.8125,30939.1875
test_id_test_id_000465_06,test_id_000465,1,source_like,0,6,test_id_000465_t0_c6,big,big_0,3,2.2,1.15,0,46013.953,48015.765625,60875.296875,64630.90625,73543.90625,8,6.736035493669471,HI,64630.90625,15665.78125,80296.6875,46013.953125,25528.140625
test_id_test_id_000465_07,test_id_000465,6,sink_like,1,0,test_id_000465_t1_c0,little,little_0,0,0.6,0.8,5,285603.16,286761.375,312146.5,319338.84375,335901.71875,8,6.736035493669471,HI,319338.84375,15665.78125,335004.625,285603.15625,49140.34375
test_id_test_id_000465_08,test_id_000465,6,sink_like,1,1,test_id_000465_t1_c1,big,big_1,1,1.4,0.98,5,128335.43,121828.359375,137381.53125,141736.0,152491.71875,8,6.736035493669471,HI,141736.0,15665.78125,157401.78125,128335.4296875,30663.359375
test_id_test_id_000465_09,test_id_000465,6,sink_like,1,2,test_id_000465_t1_c2,little,little_1,1,0.9,0.86,5,180645.64,187045.171875,206291.296875,212131.4375,225537.25,8,6.736035493669471,HI,212131.4375,15665.78125,227797.21875,180645.640625,38492.078125
test_id_test_id_000465_10,test_id_000465,6,sink_like,1,3,test_id_000465_t1_c3,big,big_0,2,1.8,1.06,5,88268.93,83162.4375,97422.390625,101353.0,111205.90625,8,6.736035493669471,HI,101353.0,15665.78125,117018.78125,88268.9296875,28043.46875
test_id_test_id_000465_11,test_id_000465,6,sink_like,1,4,test_id_000465_t1_c4,little,little_1,2,1.2,0.93,5,169519.81,166737.71875,184359.4375,189569.875,201772.1875,8,6.736035493669471,HI,189569.875,15665.78125,205235.65625,169519.8125,35034.46875
test_id_test_id_000465_12,test_id_000465,6,sink_like,1,5,test_id_000465_t1_c5,big,big_1,3,2.2,1.15,5,72689.016,71042.734375,84840.03125,88684.90625,98205.734375,8,6.736035493669471,HI,88684.90625,15665.78125,104350.6875,72689.015625,27163.0
test_id_test_id_000465_13,test_id_000465,6,sink_like,1,6,test_id_000465_t1_c6,little,little_1,3,1.5,1.0,5,145512.36,140307.046875,156533.0625,161168.96875,172372.90625,8,6.736035493669471,HI,161168.96875,15665.78125,176834.75,145512.359375,32065.859375
test_id_test_id_000465_14,test_id_000465,120,middle,2,0,test_id_000465_t2_c0,big,big_0,1,1.4,0.98,119,122411.37,137582.09375,153687.15625,158274.234375,169394.5,8,6.736035493669471,HI,158274.234375,15665.78125,173940.015625,122411.3671875,31812.40625
test_id_test_id_000465_15,test_id_000465,120,middle,2,1,test_id_000465_t2_c1,little,little_0,1,0.9,0.86,119,219104.62,230433.28125,251754.125,258046.453125,272329.0625,8,6.736035493669471,HI,258046.453125,15665.78125,273712.234375,219104.625,41895.78125
test_id_test_id_000465_16,test_id_000465,120,middle,2,2,test_id_000465_t2_c2,big,big_0,2,1.8,1.06,119,81951.23,88314.53125,102655.796875,106593.109375,116510.59375,8,6.736035493669471,HI,106593.109375,15665.78125,122258.890625,81951.2265625,28196.0625
test_id_test_id_000465_17,test_id_000465,120,middle,2,3,test_id_000465_t2_c3,little,little_1,2,1.2,0.93,119,186784.23,194146.8125,213246.765625,218932.09375,231997.453125,8,6.736035493669471,HI,218932.09375,15665.78125,234597.875,186784.234375,37850.640625
test_id_test_id_000465_18,test_id_000465,120,middle,2,4,test_id_000465_t2_c4,big,big_1,3,2.2,1.15,119,82299.85,89538.578125,103987.46875,107933.84375,117881.71875,8,6.736035493669471,HI,107933.84375,15665.78125,123599.625,82299.8515625,28343.140625
test_id_test_id_000465_19,test_id_000465,120,middle,2,5,test_id_000465_t2_c5,little,little_1,3,1.5,1.0,119,174649.3,176351.53125,194442.4375,199789.015625,212231.890625,8,6.736035493669471,HI,199789.015625,15665.78125,215454.796875,174649.296875,35880.359375
test_id_test_id_000465_20,test_id_000465,120,middle,2,6,test_id_000465_t2_c6,big,big_0,0,1.0,0.9,119,150348.2,160628.984375,178025.46875,183175.375,195281.171875,8,6.736035493669471,HI,183175.375,15665.78125,198841.15625,150348.203125,34652.1875
test_id_test_id_000465_21,test_id_000465,33,high_degree,3,0,test_id_000465_t3_c0,little,little_1,1,0.9,0.86,32,267204.88,267544.5,291111.0,297906.9375,313250.875,8,6.736035493669471,HI,297906.9375,15665.78125,313572.71875,267204.875,45706.375
test_id_test_id_000465_22,test_id_000465,33,high_degree,3,1,test_id_000465_t3_c1,big,big_1,2,1.8,1.06,32,92746.52,99608.984375,114308.0625,118336.90625,128488.515625,8,6.736035493669471,HI,118336.90625,15665.78125,134002.6875,92746.5234375,28879.53125
test_id_test_id_000465_23,test_id_000465,33,high_degree,3,2,test_id_000465_t3_c2,little,little_0,2,1.2,0.93,32,188215.78,197140.21875,216406.984375,222132.34375,235284.046875,8,6.736035493669471,HI,222132.34375,15665.78125,237798.125,188215.78125,38143.828125
test_id_test_id_000465_24,test_id_000465,33,high_degree,3,3,test_id_000465_t3_c3,big,big_1,3,2.2,1.15,32,104363.85,107041.21875,122034.375,126129.234375,136427.140625,8,6.736035493669471,HI,126129.234375,15665.78125,141795.015625,104363.8515625,29385.921875
test_id_test_id_000465_25,test_id_000465,33,high_degree,3,4,test_id_000465_t3_c4,little,little_1,3,1.5,1.0,32,144770.45,155722.28125,172656.96875,177578.53125,189263.75,8,6.736035493669471,HI,177578.53125,15665.78125,193244.3125,144770.453125,33541.46875
test_id_test_id_000465_26,test_id_000465,33,high_degree,3,5,test_id_000465_t3_c5,big,big_1,0,1.0,0.9,32,149259.77,162238.796875,179732.875,184917.53125,197088.0625,8,6.736035493669471,HI,184917.53125,15665.78125,200583.3125,149259.765625,34849.265625
test_id_test_id_000465_27,test_id_000465,33,high_degree,3,6,test_id_000465_t3_c6,little,little_0,0,0.6,0.8,32,318987.9,322751.9375,350226.0,357907.34375,375271.9375,8,6.736035493669471,HI,357907.34375,15665.78125,373573.125,318987.90625,52520.0
test_id_test_id_000465_28,test_id_000465,209,communication_heavy,4,0,test_id_000465_t4_c0,big,big_0,2,1.8,1.06,208,175529.25,197644.765625,217157.96875,223011.171875,236403.40625,8,6.736035493669471,HI,223011.171875,15665.78125,238676.953125,175529.25,38758.640625
test_id_test_id_000465_29,test_id_000465,209,communication_heavy,4,1,test_id_000465_t4_c1,little,little_1,2,1.2,0.93,208,295103.66,324891.84375,352667.75,360560.0,378079.75,8,6.736035493669471,HI,360560.0,15665.78125,376225.78125,295103.65625,53187.90625
test_id_test_id_000465_30,test_id_000465,209,communication_heavy,4,2,test_id_000465_t4_c2,big,big_0,3,2.2,1.15,208,153625.36,174725.71875,192931.1875,198339.40625,210916.21875,8,6.736035493669471,HI,198339.40625,15665.78125,214005.1875,153625.359375,36190.5
test_id_test_id_000465_31,test_id_000465,209,communication_heavy,4,3,test_id_000465_t4_c3,little,little_0,3,1.5,1.0,208,229933.61,245971.09375,268298.875,274880.5625,289715.5,8,6.736035493669471,HI,274880.5625,15665.78125,290546.34375,229933.609375,43744.40625
test_id_test_id_000465_32,test_id_000465,209,communication_heavy,4,4,test_id_000465_t4_c4,big,big_0,0,1.0,0.9,208,274200.56,299978.625,325878.9375,333286.0,349861.59375,8,6.736035493669471,HI,333286.0,15665.78125,348951.78125,274200.5625,49882.96875
test_id_test_id_000465_33,test_id_000465,209,communication_heavy,4,5,test_id_000465_t4_c5,little,little_1,0,0.6,0.8,208,626838.0,660891.3125,713704.9375,729569.375,756436.0,8,6.736035493669471,HI,729569.375,15665.78125,745235.15625,626838.0,95544.6875
test_id_test_id_000465_34,test_id_000465,209,communication_heavy,4,6,test_id_000465_t4_c6,big,big_0,1,1.4,0.98,208,194826.47,212022.234375,232350.515625,238430.3125,252261.21875,8,6.736035493669471,HI,238430.3125,15665.78125,254096.09375,194826.46875,40238.984375
test_id_test_id_000465_35,test_id_000465,154,random,5,0,test_id_000465_t5_c0,little,little_1,2,1.2,0.93,153,280539.06,282138.1875,306781.5,313895.96875,329846.1875,8,6.736035493669471,HI,313895.96875,15665.78125,329561.75,280539.0625,47708.0
test_id_test_id_000465_36,test_id_000465,154,random,5,1,test_id_000465_t5_c1,big,big_1,3,2.2,1.15,153,152351.0,157353.96875,174557.015625,179572.28125,191446.625,8,6.736035493669471,HI,179572.28125,15665.78125,195238.0625,152351.0,34092.65625
test_id_test_id_000465_37,test_id_000465,154,random,5,2,test_id_000465_t5_c2,little,little_0,3,1.5,1.0,153,238681.48,237150.6875,258933.921875,265384.25,279947.96875,8,6.736035493669471,HI,265384.25,15665.78125,281050.03125,238681.484375,42797.28125
test_id_test_id_000465_38,test_id_000465,154,random,5,3,test_id_000465_t5_c3,big,big_0,0,1.0,0.9,153,277971.75,284097.21875,308882.03125,316019.625,332034.6875,8,6.736035493669471,HI,316019.625,15665.78125,331685.40625,277971.75,47937.46875
test_id_test_id_000465_39,test_id_000465,154,random,5,4,test_id_000465_t5_c4,little,little_0,0,0.6,0.8,153,561974.9,560223.75,604150.1875,616808.25,640120.5625,8,6.736035493669471,HI,616808.25,15665.78125,632474.03125,561974.875,79896.8125
test_id_test_id_000465_40,test_id_000465,154,random,5,5,test_id_000465_t5_c5,big,big_1,1,1.4,0.98,153,190096.94,203250.84375,223042.015625,228964.015625,242488.171875,8,6.736035493669471,HI,228964.015625,15665.78125,244629.796875,190096.9375,39237.328125
test_id_test_id_000465_41,test_id_000465,154,random,5,6,test_id_000465_t5_c6,little,little_1,1,0.9,0.86,153,474647.38,469890.0,509558.75,520914.6875,543881.375,8,6.736035493669471,HI,520914.6875,15665.78125,536580.46875,474647.375,73991.375
test_id_test_id_000474_00,test_id_000474,5,source_like,0,0,test_id_000474_t0_c0,big,big_0,0,1.0,0.9,4,58498.402,55179.625,68527.1875,72415.65625,81726.90625,8,6.736035493669471,LO,72415.65625,0.0,72415.65625,58498.40234375,26547.28125
test_id_test_id_000474_01,test_id_000474,5,source_like,0,1,test_id_000474_t0_c1,little,little_1,0,0.6,0.8,4,150723.66,135924.9375,152868.515625,157914.90625,169960.75,8,6.736035493669471,LO,157914.90625,0.0,157914.90625,150723.65625,34035.8125
test_id_test_id_000474_02,test_id_000474,5,source_like,0,2,test_id_000474_t0_c2,big,big_0,1,1.4,0.98,4,41841.586,39397.03125,52058.03125,55881.234375,64756.078125,8,6.736035493669471,LO,55881.234375,0.0,55881.234375,41841.5859375,25359.046875
test_id_test_id_000474_03,test_id_000474,5,source_like,0,3,test_id_000474_t0_c3,little,little_0,1,0.9,0.86,4,102689.39,96001.3125,111091.390625,115379.71875,126036.421875,8,6.736035493669471,LO,115379.71875,0.0,115379.71875,102689.390625,30035.109375
test_id_test_id_000474_04,test_id_000474,5,source_like,0,4,test_id_000474_t0_c4,big,big_0,2,1.8,1.06,4,36488.977,37738.1875,50409.09375,54287.8125,63245.3125,8,6.736035493669471,LO,54287.8125,0.0,54287.8125,36488.9765625,25507.125
test_id_test_id_000474_05,test_id_000474,5,source_like,0,5,test_id_000474_t0_c5,little,little_1,2,1.2,0.93,4,80667.04,73362.984375,87553.21875,91543.34375,101374.75,8,6.736035493669471,LO,91543.34375,0.0,91543.34375,80667.0390625,28011.765625
test_id_test_id_000474_06,test_id_000474,5,source_like,0,6,test_id_000474_t0_c6,big,big_0,3,2.2,1.15,4,26360.643,29890.734375,42353.375,46228.140625,55014.3125,8,6.736035493669471,LO,46228.140625,0.0,46228.140625,26360.642578125,25123.578125
test_id_test_id_000474_07,test_id_000474,74,sink_like,1,0,test_id_000474_t1_c0,little,little_0,0,0.6,0.8,73,596474.2,587569.8125,634193.75,647862.25,672240.375,8,6.736035493669471,LO,647862.25,0.0,647862.25,596474.1875,84670.5625
test_id_test_id_000474_08,test_id_000474,74,sink_like,1,1,test_id_000474_t1_c1,big,big_1,1,1.4,0.98,73,214904.16,224919.53125,245932.390625,252172.796875,266317.40625,8,6.736035493669471,LO,252172.796875,0.0,252172.796875,214904.15625,41397.875
test_id_test_id_000474_09,test_id_000474,74,sink_like,1,2,test_id_000474_t1_c2,little,little_1,1,0.9,0.86,73,322906.44,319270.09375,346508.6875,354242.09375,371461.8125,8,6.736035493669471,LO,354242.09375,0.0,354242.09375,322906.4375,52191.71875
test_id_test_id_000474_10,test_id_000474,74,sink_like,1,3,test_id_000474_t1_c3,big,big_1,2,1.8,1.06,73,155213.55,165169.625,182698.15625,187848.6875,199941.921875,8,6.736035493669471,LO,187848.6875,0.0,187848.6875,155213.546875,34772.296875
test_id_test_id_000474_11,test_id_000474,74,sink_like,1,4,test_id_000474_t1_c4,little,little_0,2,1.2,0.93,73,305094.56,309748.4375,336374.3125,343971.53125,360905.875,8,6.736035493669471,LO,343971.53125,0.0,343971.53125,305094.5625,51157.4375
test_id_test_id_000474_12,test_id_000474,74,sink_like,1,5,test_id_000474_t1_c5,big,big_1,3,2.2,1.15,73,183329.44,191018.59375,210135.140625,215861.9375,229014.140625,8,6.736035493669471,LO,215861.9375,0.0,215861.9375,183329.4375,37995.546875
test_id_test_id_000474_13,test_id_000474,74,sink_like,1,6,test_id_000474_t1_c6,little,little_1,3,1.5,1.0,73,217586.45,214802.1875,235149.265625,241190.015625,254948.5,8,6.736035493669471,LO,241190.015625,0.0,241190.015625,217586.453125,40146.3125
test_id_test_id_000474_14,test_id_000474,56,middle,2,0,test_id_000474_t2_c0,big,big_1,1,1.4,0.98,55,294637.0,265619.375,289149.53125,295984.3125,311360.15625,8,6.736035493669471,LO,295984.3125,0.0,295984.3125,294637.0,45740.78125
test_id_test_id_000474_15,test_id_000474,56,middle,2,1,test_id_000474_t2_c1,little,little_1,1,0.9,0.86,55,395286.0,380774.75,413018.5625,422115.875,441818.65625,8,6.736035493669471,LO,422115.875,0.0,422115.875,395286.0,61043.90625
test_id_test_id_000474_16,test_id_000474,56,middle,2,2,test_id_000474_t2_c2,big,big_0,2,1.8,1.06,55,196698.33,193288.21875,212448.625,218166.734375,231300.8125,8,6.736035493669471,LO,218166.734375,0.0,218166.734375,196698.328125,38012.59375
test_id_test_id_000474_17,test_id_000474,56,middle,2,3,test_id_000474_t2_c3,little,little_0,2,1.2,0.93,55,310793.7,323434.90625,351124.53125,358993.25,376466.6875,8,6.736035493669471,LO,358993.25,0.0,358993.25,310793.6875,53031.78125
test_id_test_id_000474_18,test_id_000474,56,middle,2,4,test_id_000474_t2_c4,big,big_1,3,2.2,1.15,55,178586.89,175712.921875,193884.4375,199273.484375,211801.6875,8,6.736035493669471,LO,199273.484375,0.0,199273.484375,178586.890625,36088.765625
test_id_test_id_000474_19,test_id_000474,56,middle,2,5,test_id_000474_t2_c5,little,little_0,3,1.5,1.0,55,227843.47,233905.40625,255349.828125,261658.3125,275956.84375,8,6.736035493669471,LO,261658.3125,0.0,261658.3125,227843.46875,42051.4375
test_id_test_id_000474_20,test_id_000474,56,middle,2,6,test_id_000474_t2_c6,big,big_1,0,1.0,0.9,55,377040.1,354558.1875,384775.8125,393318.96875,412074.6875,8,6.736035493669471,LO,393318.96875,0.0,393318.96875,377040.09375,57516.5
test_id_test_id_000474_21,test_id_000474,94,communication_heavy,3,0,test_id_000474_t3_c0,little,little_0,1,0.9,0.86,93,491184.28,485842.8125,526814.4375,538591.8125,562060.0,8,6.736035493669471,LO,538591.8125,0.0,538591.8125,491184.28125,76217.1875
test_id_test_id_000474_22,test_id_000474,94,communication_heavy,3,1,test_id_000474_t3_c1,big,big_1,2,1.8,1.06,93,360875.34,338713.875,367622.6875,375809.84375,393909.875,8,6.736035493669471,LO,375809.84375,0.0,375809.84375,360875.34375,55196.0
test_id_test_id_000474_23,test_id_000474,94,communication_heavy,3,2,test_id_000474_t3_c2,little,little_1,2,1.2,0.93,93,440959.53,419593.59375,455274.0,465396.375,486727.78125,8,6.736035493669471,LO,465396.375,0.0,465396.375,440959.53125,67134.1875
test_id_test_id_000474_24,test_id_000474,94,communication_heavy,3,3,test_id_000474_t3_c3,big,big_1,3,2.2,1.15,93,264094.03,256452.328125,279488.625,286252.53125,301470.03125,8,6.736035493669471,LO,286252.53125,0.0,286252.53125,264094.03125,45017.703125
test_id_test_id_000474_25,test_id_000474,94,communication_heavy,3,4,test_id_000474_t3_c4,little,little_1,3,1.5,1.0,93,474111.4,445049.4375,483189.5,494111.6875,516634.0625,8,6.736035493669471,LO,494111.6875,0.0,494111.6875,474111.40625,71584.625
test_id_test_id_000474_26,test_id_000474,94,communication_heavy,3,5,test_id_000474_t3_c5,big,big_1,0,1.0,0.9,93,382074.16,381723.875,414092.03125,423218.5625,442989.84375,8,6.736035493669471,LO,423218.5625,0.0,423218.5625,382074.15625,61265.96875
test_id_test_id_000474_27,test_id_000474,94,communication_heavy,3,6,test_id_000474_t3_c6,little,little_0,0,0.6,0.8,93,771604.7,742325.375,804144.1875,822979.875,854884.4375,8,6.736035493669471,LO,822979.875,0.0,822979.875,771604.6875,112559.0625
test_id_test_id_000474_28,test_id_000474,23,random,4,0,test_id_000474_t4_c0,big,big_0,2,1.8,1.06,22,123334.61,121596.84375,137119.59375,141434.28125,152120.96875,8,6.736035493669471,LO,141434.28125,0.0,141434.28125,123334.609375,30524.125
test_id_test_id_000474_29,test_id_000474,23,random,4,1,test_id_000474_t4_c1,little,little_1,2,1.2,0.93,22,166468.61,169934.75,187759.59375,193045.96875,205384.8125,8,6.736035493669471,LO,193045.96875,0.0,193045.96875,166468.609375,35450.0625
test_id_test_id_000474_30,test_id_000474,23,random,4,2,test_id_000474_t4_c2,big,big_1,3,2.2,1.15,22,79147.805,76937.25,90936.640625,94808.640625,104473.625,8,6.736035493669471,LO,94808.640625,0.0,94808.640625,79147.8046875,27536.375
test_id_test_id_000474_31,test_id_000474,23,random,4,3,test_id_000474_t4_c3,little,little_1,3,1.5,1.0,22,127273.586,129268.84375,144954.96875,149383.8125,160230.46875,8,6.736035493669471,LO,149383.8125,0.0,149383.8125,127273.5859375,30961.625
test_id_test_id_000474_32,test_id_000474,23,random,4,4,test_id_000474_t4_c4,big,big_0,0,1.0,0.9,22,185741.38,172883.0625,191112.71875,196598.8125,209330.65625,8,6.736035493669471,LO,196598.8125,0.0,196598.8125,185741.375,36447.59375
test_id_test_id_000474_33,test_id_000474,23,random,4,5,test_id_000474_t4_c5,little,little_1,0,0.6,0.8,22,351160.97,347197.75,375660.25,383385.75,400814.21875,8,6.736035493669471,LO,383385.75,0.0,383385.75,351160.96875,53616.46875
test_id_test_id_000474_34,test_id_000474,23,random,4,6,test_id_000474_t4_c6,big,big_1,1,1.4,0.98,22,127963.68,121673.671875,137168.828125,141518.25,152252.828125,8,6.736035493669471,LO,141518.25,0.0,141518.25,127963.6796875,30579.15625
test_id_test_id_000474_35,test_id_000474,18,diverse_fill_1,5,0,test_id_000474_t5_c0,little,little_0,2,1.2,0.93,17,249482.75,254001.46875,276776.6875,283442.4375,298458.9375,8,6.736035493669471,LO,283442.4375,0.0,283442.4375,249482.75,44457.46875
test_id_test_id_000474_36,test_id_000474,18,diverse_fill_1,5,1,test_id_000474_t5_c1,big,big_0,3,2.2,1.15,17,139033.44,137542.125,153651.34375,158220.375,169311.8125,8,6.736035493669471,LO,158220.375,0.0,158220.375,139033.4375,31769.6875
test_id_test_id_000474_37,test_id_000474,18,diverse_fill_1,5,2,test_id_000474_t5_c2,little,little_0,3,1.5,1.0,17,213143.12,209055.390625,229108.953125,235085.234375,248712.390625,8,6.736035493669471,LO,235085.234375,0.0,235085.234375,213143.125,39657.0
test_id_test_id_000474_38,test_id_000474,18,diverse_fill_1,5,3,test_id_000474_t5_c3,big,big_1,0,1.0,0.9,17,243698.38,273654.4375,297676.5625,304609.9375,320210.9375,8,6.736035493669471,LO,304609.9375,0.0,304609.9375,243698.375,46556.5
test_id_test_id_000474_39,test_id_000474,18,diverse_fill_1,5,4,test_id_000474_t5_c4,little,little_0,0,0.6,0.8,17,533193.44,528246.5,569769.5,581604.5,604102.0,8,6.736035493669471,LO,581604.5,0.0,581604.5,533193.4375,75855.5
test_id_test_id_000474_40,test_id_000474,18,diverse_fill_1,5,5,test_id_000474_t5_c5,big,big_0,1,1.4,0.98,17,153288.88,154933.84375,171869.25,176801.75,188502.84375,8,6.736035493669471,LO,176801.75,0.0,176801.75,153288.875,33569.0
test_id_test_id_000474_41,test_id_000474,18,diverse_fill_1,5,6,test_id_000474_t5_c6,little,little_0,1,0.9,0.86,17,350248.16,348189.5,377668.0,385986.78125,404306.53125,8,6.736035493669471,LO,385986.78125,0.0,385986.78125,350248.15625,56117.03125
test_id_test_id_000477_00,test_id_000477,2,source_like,0,0,test_id_000477_t0_c0,big,big_1,2,1.8,1.06,1,56409.785,62531.890625,76067.984375,79879.578125,89167.578125,8,6.736035493669471,HI,79879.578125,15665.78125,95545.359375,56409.78515625,26635.6875
test_id_test_id_000477_01,test_id_000477,2,source_like,0,1,test_id_000477_t0_c1,little,little_1,2,1.2,0.93,1,130550.41,124224.375,139835.3125,144254.234375,155103.59375,8,6.736035493669471,HI,144254.234375,15665.78125,159920.015625,130550.40625,30879.21875
test_id_test_id_000477_02,test_id_000477,2,source_like,0,2,test_id_000477_t0_c2,big,big_0,3,2.2,1.15,1,42679.85,45549.796875,58312.03125,62061.421875,70912.125,8,6.736035493669471,HI,62061.421875,15665.78125,77727.203125,42679.8515625,25362.328125
test_id_test_id_000477_03,test_id_000477,2,source_like,0,3,test_id_000477_t0_c3,little,little_0,3,1.5,1.0,1,98859.15,94194.046875,108951.09375,113003.78125,123182.484375,8,6.736035493669471,HI,113003.78125,15665.78125,128669.5625,98859.1484375,28988.4375
test_id_test_id_000477_04,test_id_000477,2,source_like,0,4,test_id_000477_t0_c4,big,big_1,0,1.0,0.9,1,96444.52,94605.8125,109549.203125,113714.84375,124119.40625,8,6.736035493669471,HI,113714.84375,15665.78125,129380.625,96444.5234375,29513.59375
test_id_test_id_000477_05,test_id_000477,2,source_like,0,5,test_id_000477_t0_c5,little,little_1,0,0.6,0.8,1,240645.14,251478.46875,275376.96875,282439.875,298569.8125,8,6.736035493669471,HI,282439.875,15665.78125,298105.65625,240645.140625,47091.34375
test_id_test_id_000477_06,test_id_000477,2,source_like,0,6,test_id_000477_t0_c6,big,big_1,1,1.4,0.98,1,68177.51,71144.515625,85106.25,89008.203125,98627.734375,8,6.736035493669471,HI,89008.203125,15665.78125,104673.984375,68177.5078125,27483.21875
test_id_test_id_000477_07,test_id_000477,72,sink_like,1,0,test_id_000477_t1_c0,little,little_1,2,1.2,0.93,71,377412.22,376715.46875,408732.3125,417773.5,437385.6875,8,6.736035493669471,HI,417773.5,15665.78125,433439.28125,377412.21875,60670.21875
test_id_test_id_000477_08,test_id_000477,72,sink_like,1,1,test_id_000477_t1_c1,big,big_0,3,2.2,1.15,71,162923.6,166263.875,183914.3125,189115.3125,201307.015625,8,6.736035493669471,HI,189115.3125,15665.78125,204781.09375,162923.59375,35043.140625
test_id_test_id_000477_09,test_id_000477,72,sink_like,1,2,test_id_000477_t1_c2,little,little_1,3,1.5,1.0,71,302483.75,318574.625,345931.46875,353729.65625,371054.75,8,6.736035493669471,HI,353729.65625,15665.78125,369395.4375,302483.75,52480.125
test_id_test_id_000477_10,test_id_000477,72,sink_like,1,3,test_id_000477_t1_c3,big,big_1,0,1.0,0.9,71,269511.2,287216.25,312218.3125,319411.78125,335552.5,8,6.736035493669471,HI,319411.78125,15665.78125,335077.5625,269511.1875,48336.25
test_id_test_id_000477_11,test_id_000477,72,sink_like,1,4,test_id_000477_t1_c4,little,little_1,0,0.6,0.8,71,567566.56,603491.875,651617.5,665830.5625,690945.4375,8,6.736035493669471,HI,665830.5625,15665.78125,681496.34375,567566.5625,87453.5625
test_id_test_id_000477_12,test_id_000477,72,sink_like,1,5,test_id_000477_t1_c5,big,big_0,1,1.4,0.98,71,272736.53,288196.53125,313296.21875,320523.625,336706.25,8,6.736035493669471,HI,320523.625,15665.78125,336189.40625,272736.53125,48509.71875
test_id_test_id_000477_13,test_id_000477,72,sink_like,1,6,test_id_000477_t1_c6,little,little_0,1,0.9,0.86,71,461218.3,461126.375,499929.625,510990.4375,533561.625,8,6.736035493669471,HI,510990.4375,15665.78125,526656.21875,461218.3125,72435.25
test_id_test_id_000477_14,test_id_000477,227,middle,2,0,test_id_000477_t2_c0,big,big_1,3,2.2,1.15,226,110463.7,115772.25,130887.0,135067.15625,145492.5625,8,6.736035493669471,HI,135067.15625,15665.78125,150732.9375,110463.703125,29720.3125
test_id_test_id_000477_15,test_id_000477,227,middle,2,1,test_id_000477_t2_c1,little,little_1,3,1.5,1.0,226,207725.52,217985.625,238408.34375,244436.59375,258172.1875,8,6.736035493669471,HI,244436.59375,15665.78125,260102.375,207725.515625,40186.5625
test_id_test_id_000477_16,test_id_000477,227,middle,2,2,test_id_000477_t2_c2,big,big_0,0,1.0,0.9,226,218480.19,229125.015625,250307.953125,256551.15625,270726.21875,8,6.736035493669471,HI,256551.15625,15665.78125,272216.9375,218480.1875,41601.203125
test_id_test_id_000477_17,test_id_000477,227,middle,2,3,test_id_000477_t2_c3,little,little_1,0,0.6,0.8,226,455001.06,439152.9375,474795.78125,484778.5625,505549.625,8,6.736035493669471,HI,484778.5625,15665.78125,500444.34375,455001.0625,66396.6875
test_id_test_id_000477_18,test_id_000477,227,middle,2,4,test_id_000477_t2_c4,big,big_1,1,1.4,0.98,226,164047.1,183660.0,202179.84375,207683.65625,220412.234375,8,6.736035493669471,HI,207683.65625,15665.78125,223349.4375,164047.09375,36752.234375
test_id_test_id_000477_19,test_id_000477,227,middle,2,5,test_id_000477_t2_c5,little,little_1,1,0.9,0.86,226,276951.16,284886.96875,309638.375,316729.25,332682.4375,8,6.736035493669471,HI,316729.25,15665.78125,332395.03125,276951.15625,47795.46875
test_id_test_id_000477_20,test_id_000477,227,middle,2,6,test_id_000477_t2_c6,big,big_0,2,1.8,1.06,226,114463.164,122711.78125,138047.734375,142329.265625,152918.65625,8,6.736035493669471,HI,142329.265625,15665.78125,157995.046875,114463.1640625,30206.875
test_id_test_id_000477_21,test_id_000477,137,high_degree,3,0,test_id_000477_t3_c0,little,little_0,3,1.5,1.0,136,334166.0,348260.8125,377930.125,386323.15625,404790.125,8,6.736035493669471,HI,386323.15625,15665.78125,401988.9375,334166.0,56529.3125
test_id_test_id_000477_22,test_id_000477,137,high_degree,3,1,test_id_000477_t3_c1,big,big_1,0,1.0,0.9,136,381087.3,395136.6875,428626.875,438077.5,458373.5,8,6.736035493669471,HI,438077.5,15665.78125,453743.28125,381087.3125,63236.8125
test_id_test_id_000477_23,test_id_000477,137,high_degree,3,2,test_id_000477_t3_c2,little,little_0,0,0.6,0.8,136,733049.06,779176.25,844834.8125,864576.25,898884.0,8,6.736035493669471,HI,864576.25,15665.78125,880242.03125,733049.0625,119707.75
test_id_test_id_000477_24,test_id_000477,137,high_degree,3,3,test_id_000477_t3_c3,big,big_1,1,1.4,0.98,136,315432.2,351150.5625,381033.40625,389472.375,408039.6875,8,6.736035493669471,HI,389472.375,15665.78125,405138.15625,315432.1875,56889.125
test_id_test_id_000477_25,test_id_000477,137,high_degree,3,4,test_id_000477_t3_c4,little,little_1,1,0.9,0.86,136,447666.3,475909.25,515912.0,527351.125,550385.3125,8,6.736035493669471,HI,527351.125,15665.78125,543016.90625,447666.3125,74476.0625
test_id_test_id_000477_26,test_id_000477,137,high_degree,3,5,test_id_000477_t3_c5,big,big_1,2,1.8,1.06,136,277936.25,313561.53125,340507.375,348190.125,365305.875,8,6.736035493669471,HI,348190.125,15665.78125,363855.90625,277936.25,51744.34375
test_id_test_id_000477_27,test_id_000477,137,high_degree,3,6,test_id_000477_t3_c6,little,little_1,2,1.2,0.93,136,454796.3,448834.5,487112.84375,498060.0625,520574.59375,8,6.736035493669471,HI,498060.0625,15665.78125,513725.84375,454796.3125,71740.09375
test_id_test_id_000477_28,test_id_000477,201,communication_heavy,4,0,test_id_000477_t4_c0,big,big_0,0,1.0,0.9,200,380342.25,379558.90625,411736.46875,420806.25,440486.25,8,6.736035493669471,HI,420806.25,15665.78125,436472.03125,380342.25,60927.34375
test_id_test_id_000477_29,test_id_000477,201,communication_heavy,4,1,test_id_000477_t4_c1,little,little_1,0,0.6,0.8,200,847123.94,798811.125,867024.4375,887321.6875,923467.0625,8,6.736035493669471,HI,887321.6875,15665.78125,902987.46875,847123.9375,124655.9375
test_id_test_id_000477_30,test_id_000477,201,communication_heavy,4,2,test_id_000477_t4_c2,big,big_1,1,1.4,0.98,200,443348.25,414027.25,449258.46875,459243.6875,480383.40625,8,6.736035493669471,HI,459243.6875,15665.78125,474909.46875,443348.25,66356.15625
test_id_test_id_000477_31,test_id_000477,201,communication_heavy,4,3,test_id_000477_t4_c3,little,little_1,1,0.9,0.86,200,510960.28,518147.125,561787.875,574462.75,598943.1875,8,6.736035493669471,HI,574462.75,15665.78125,590128.53125,510960.28125,80796.0625
test_id_test_id_000477_32,test_id_000477,201,communication_heavy,4,4,test_id_000477_t4_c4,big,big_0,2,1.8,1.06,200,325991.06,300026.875,325942.1875,333366.125,349957.1875,8,6.736035493669471,HI,333366.125,15665.78125,349031.90625,325991.0625,49930.3125
test_id_test_id_000477_33,test_id_000477,201,communication_heavy,4,5,test_id_000477_t4_c5,little,little_1,2,1.2,0.93,200,534429.5,494423.1875,536682.875,548939.5625,573141.625,8,6.736035493669471,HI,548939.5625,15665.78125,564605.34375,534429.5,78718.4375
test_id_test_id_000477_34,test_id_000477,201,communication_heavy,4,6,test_id_000477_t4_c6,big,big_1,3,2.2,1.15,200,306921.28,282299.0,306991.375,314129.75,330132.3125,8,6.736035493669471,HI,314129.75,15665.78125,329795.53125,306921.28125,47833.3125
test_id_test_id_000477_35,test_id_000477,398,random,5,0,test_id_000477_t5_c0,little,little_1,0,0.6,0.8,397,533814.9,542632.4375,584761.75,596777.375,619244.875,8,6.736035493669471,HI,596777.375,15665.78125,612443.15625,533814.875,76612.4375
test_id_test_id_000477_36,test_id_000477,398,random,5,1,test_id_000477_t5_c1,big,big_1,1,1.4,0.98,397,196027.64,183658.640625,202290.53125,207840.46875,220667.4375,8,6.736035493669471,HI,207840.46875,15665.78125,223506.25,196027.640625,37008.796875
test_id_test_id_000477_37,test_id_000477,398,random,5,2,test_id_000477_t5_c2,little,little_1,1,0.9,0.86,397,394304.16,403211.8125,437264.625,446886.3125,467409.34375,8,6.736035493669471,HI,446886.3125,15665.78125,462552.09375,394304.15625,64197.53125
test_id_test_id_000477_38,test_id_000477,398,random,5,3,test_id_000477_t5_c3,big,big_1,2,1.8,1.06,397,164336.16,154918.4375,171933.5,176883.59375,188632.21875,8,6.736035493669471,HI,176883.59375,15665.78125,192549.375,164336.15625,33713.78125
test_id_test_id_000477_39,test_id_000477,398,random,5,4,test_id_000477_t5_c4,little,little_1,2,1.2,0.93,397,254838.33,257072.9375,280080.4375,286812.5,301964.28125,8,6.736035493669471,HI,286812.5,15665.78125,302478.28125,254838.328125,44891.34375
test_id_test_id_000477_40,test_id_000477,398,random,5,5,test_id_000477_t5_c5,big,big_1,3,2.2,1.15,397,132829.95,127781.1875,143461.0,147864.40625,158678.078125,8,6.736035493669471,HI,147864.40625,15665.78125,163530.1875,132829.953125,30896.890625
test_id_test_id_000477_41,test_id_000477,398,random,5,6,test_id_000477_t5_c6,little,little_1,3,1.5,1.0,397,223361.58,229371.40625,250660.546875,256978.703125,271275.78125,8,6.736035493669471,HI,256978.703125,15665.78125,272644.484375,223361.578125,41904.375
test_id_test_id_000523_00,test_id_000523,4,source_like,0,0,test_id_000523_t0_c0,little,little_0,1,0.9,0.86,3,192726.23,182992.84375,201850.875,207532.453125,220617.734375,8,6.736035493669471,LO,207532.453125,0.0,207532.453125,192726.234375,37624.890625
test_id_test_id_000523_01,test_id_000523,4,source_like,0,1,test_id_000523_t0_c1,big,big_1,2,1.8,1.06,3,60315.758,58317.3125,71627.328125,75426.703125,84624.078125,8,6.736035493669471,LO,75426.703125,0.0,75426.703125,60315.7578125,26306.765625
test_id_test_id_000523_02,test_id_000523,4,source_like,0,2,test_id_000523_t0_c2,little,little_0,2,1.2,0.93,3,136711.34,133096.796875,149096.796875,153695.6875,164834.9375,8,6.736035493669471,LO,153695.6875,0.0,153695.6875,136711.34375,31738.140625
test_id_test_id_000523_03,test_id_000523,4,source_like,0,3,test_id_000523_t0_c3,big,big_0,3,2.2,1.15,3,46265.79,47935.0625,60777.34375,64520.125,73406.484375,8,6.736035493669471,LO,64520.125,0.0,64520.125,46265.7890625,25471.421875
test_id_test_id_000523_04,test_id_000523,4,source_like,0,4,test_id_000523_t0_c4,little,little_1,3,1.5,1.0,3,112786.61,108459.5625,123534.796875,127681.796875,138069.96875,8,6.736035493669471,LO,127681.796875,0.0,127681.796875,112786.609375,29610.40625
test_id_test_id_000523_05,test_id_000523,4,source_like,0,5,test_id_000523_t0_c5,big,big_1,0,1.0,0.9,3,114417.36,109602.3125,124794.140625,129039.8125,139615.140625,8,6.736035493669471,LO,129039.8125,0.0,129039.8125,114417.359375,30012.828125
test_id_test_id_000523_06,test_id_000523,4,source_like,0,6,test_id_000523_t0_c6,little,little_0,0,0.6,0.8,3,286819.06,272303.9375,297065.28125,304161.25,320490.6875,8,6.736035493669471,LO,304161.25,0.0,304161.25,286819.0625,48186.75
test_id_test_id_000523_07,test_id_000523,250,sink_like,1,0,test_id_000523_t1_c0,big,big_1,2,1.8,1.06,249,538047.2,520468.9375,565515.75,578785.125,604332.5,8,6.736035493669471,LO,578785.125,0.0,578785.125,538047.1875,83863.5625
test_id_test_id_000523_08,test_id_000523,250,sink_like,1,1,test_id_000523_t1_c1,little,little_1,2,1.2,0.93,249,869145.1,807839.3125,886149.5625,909112.0,953220.6875,8,6.736035493669471,LO,909112.0,0.0,909112.0,869145.125,145381.375
test_id_test_id_000523_09,test_id_000523,250,sink_like,1,2,test_id_000523_t1_c2,big,big_1,3,2.2,1.15,249,293551.16,298842.5625,324679.5,332090.65625,348649.0,8,6.736035493669471,LO,332090.65625,0.0,332090.65625,293551.15625,49806.4375
test_id_test_id_000523_10,test_id_000523,250,sink_like,1,3,test_id_000523_t1_c3,little,little_0,3,1.5,1.0,249,579527.4,557691.625,606280.875,620778.0625,647900.8125,8,6.736035493669471,LO,620778.0625,0.0,620778.0625,579527.375,90209.1875
test_id_test_id_000523_11,test_id_000523,250,sink_like,1,4,test_id_000523_t1_c4,big,big_1,0,1.0,0.9,249,872685.3,795888.125,869004.8125,890586.875,930570.3125,8,6.736035493669471,LO,890586.875,0.0,890586.875,872685.3125,134682.1875
test_id_test_id_000523_12,test_id_000523,250,sink_like,1,5,test_id_000523_t1_c5,little,little_1,0,0.6,0.8,249,1271198.4,1187675.25,1317744.75,1351170.5,1460392.5,8,6.736035493669471,LO,1351170.5,0.0,1351170.5,1271198.375,272717.25
test_id_test_id_000523_13,test_id_000523,250,sink_like,1,6,test_id_000523_t1_c6,big,big_0,1,1.4,0.98,249,587666.2,547383.0,594273.9375,608146.0,634229.5,8,6.736035493669471,LO,608146.0,0.0,608146.0,587666.1875,86846.5
test_id_test_id_000523_14,test_id_000523,218,middle,2,0,test_id_000523_t2_c0,little,little_0,2,1.2,0.93,217,200272.05,173987.09375,191934.578125,197246.34375,209619.484375,8,6.736035493669471,LO,197246.34375,0.0,197246.34375,200272.046875,35632.390625
test_id_test_id_000523_15,test_id_000523,218,middle,2,1,test_id_000523_t2_c1,big,big_1,3,2.2,1.15,217,89084.555,75092.078125,89068.09375,92932.78125,102552.5625,8,6.736035493669471,LO,92932.78125,0.0,92932.78125,89084.5546875,27460.484375
test_id_test_id_000523_16,test_id_000523,218,middle,2,2,test_id_000523_t2_c2,little,little_0,3,1.5,1.0,217,145913.72,132190.84375,148017.4375,152486.0,163400.359375,8,6.736035493669471,LO,152486.0,0.0,152486.0,145913.71875,31209.515625
test_id_test_id_000523_17,test_id_000523,218,middle,2,3,test_id_000523_t2_c3,big,big_1,0,1.0,0.9,217,177668.22,157844.4375,175107.9375,180218.4375,192254.8125,8,6.736035493669471,LO,180218.4375,0.0,180218.4375,177668.21875,34410.375
test_id_test_id_000523_18,test_id_000523,218,middle,2,4,test_id_000523_t2_c4,little,little_0,0,0.6,0.8,217,274568.9,287833.59375,313217.28125,320395.75,336906.46875,8,6.736035493669471,LO,320395.75,0.0,320395.75,274568.90625,49072.875
test_id_test_id_000523_19,test_id_000523,218,middle,2,5,test_id_000523_t2_c5,big,big_1,1,1.4,0.98,217,126220.5,105203.28125,120154.8125,124271.5,134600.78125,8,6.736035493669471,LO,124271.5,0.0,124271.5,126220.5,29397.5
test_id_test_id_000523_20,test_id_000523,218,middle,2,6,test_id_000523_t2_c6,little,little_0,1,0.9,0.86,217,250511.55,234749.609375,256193.1875,262469.0,276725.25,8,6.736035493669471,LO,262469.0,0.0,262469.0,250511.546875,41975.640625
test_id_test_id_000523_21,test_id_000523,16,high_degree,3,0,test_id_000523_t3_c0,big,big_0,3,2.2,1.15,15,240072.64,244270.953125,266545.8125,273131.03125,287976.09375,8,6.736035493669471,LO,273131.03125,0.0,273131.03125,240072.640625,43705.140625
test_id_test_id_000523_22,test_id_000523,16,high_degree,3,1,test_id_000523_t3_c1,little,little_1,3,1.5,1.0,15,327638.53,326156.71875,354040.78125,361963.9375,379539.96875,8,6.736035493669471,LO,361963.9375,0.0,361963.9375,327638.53125,53383.25
test_id_test_id_000523_23,test_id_000523,16,high_degree,3,2,test_id_000523_t3_c2,big,big_0,0,1.0,0.9,15,404490.38,405900.125,440278.15625,449989.6875,470691.0625,8,6.736035493669471,LO,449989.6875,0.0,449989.6875,404490.375,64790.9375
test_id_test_id_000523_24,test_id_000523,16,high_degree,3,3,test_id_000523_t3_c3,little,little_0,0,0.6,0.8,15,915401.25,952532.5,1042595.0625,1065570.25,1121741.875,8,6.736035493669471,LO,1065570.25,0.0,1065570.25,915401.25,169209.375
test_id_test_id_000523_25,test_id_000523,16,high_degree,3,4,test_id_000523_t3_c4,big,big_1,1,1.4,0.98,15,339402.06,364146.0,395094.8125,403825.28125,422916.0,8,6.736035493669471,LO,403825.28125,0.0,403825.28125,339402.0625,58770.0
test_id_test_id_000523_26,test_id_000523,16,high_degree,3,5,test_id_000523_t3_c5,little,little_1,1,0.9,0.86,15,629688.2,607550.0,658758.75,674039.0,701425.6875,8,6.736035493669471,LO,674039.0,0.0,674039.0,629688.1875,93875.6875
test_id_test_id_000523_27,test_id_000523,16,high_degree,3,6,test_id_000523_t3_c6,big,big_0,2,1.8,1.06,15,299430.38,287760.5625,312825.1875,320051.78125,336230.34375,8,6.736035493669471,LO,320051.78125,0.0,320051.78125,299430.375,48469.78125
test_id_test_id_000523_28,test_id_000523,167,random,4,0,test_id_000523_t4_c0,little,little_0,3,1.5,1.0,166,158866.25,157828.3125,174909.1875,179882.40625,191660.609375,8,6.736035493669471,LO,179882.40625,0.0,179882.40625,158866.25,33832.296875
test_id_test_id_000523_29,test_id_000523,167,random,4,1,test_id_000523_t4_c1,big,big_0,0,1.0,0.9,166,141589.31,138243.109375,154575.21875,159307.53125,170703.890625,8,6.736035493669471,LO,159307.53125,0.0,159307.53125,141589.3125,32460.78125
test_id_test_id_000523_30,test_id_000523,167,random,4,2,test_id_000523_t4_c2,little,little_0,0,0.6,0.8,166,358927.3,332303.875,359789.75,367259.15625,384308.1875,8,6.736035493669471,LO,367259.15625,0.0,367259.15625,358927.3125,52004.3125
test_id_test_id_000523_31,test_id_000523,167,random,4,3,test_id_000523_t4_c3,big,big_1,1,1.4,0.98,166,111435.56,106510.359375,121472.4375,125601.515625,135951.703125,8,6.736035493669471,LO,125601.515625,0.0,125601.515625,111435.5625,29441.34375
test_id_test_id_000523_32,test_id_000523,167,random,4,4,test_id_000523_t4_c4,little,little_0,1,0.9,0.86,166,242182.6,245035.296875,267150.25,273597.0625,288209.75,8,6.736035493669471,LO,273597.0625,0.0,273597.0625,242182.59375,43174.453125
test_id_test_id_000523_33,test_id_000523,167,random,4,5,test_id_000523_t4_c5,big,big_1,2,1.8,1.06,166,81860.305,83120.0,97349.6875,101265.296875,111090.234375,8,6.736035493669471,LO,101265.296875,0.0,101265.296875,81860.3046875,27970.234375
test_id_test_id_000523_34,test_id_000523,167,random,4,6,test_id_000523_t4_c6,little,little_0,2,1.2,0.93,166,171216.94,171107.109375,188988.1875,194299.625,206674.984375,8,6.736035493669471,LO,194299.625,0.0,194299.625,171216.9375,35567.875
test_id_test_id_000523_35,test_id_000523,333,diverse_fill_1,5,0,test_id_000523_t5_c0,big,big_0,0,1.0,0.9,332,192035.44,190599.5625,209651.796875,215369.5625,228505.765625,8,6.736035493669471,LO,215369.5625,0.0,215369.5625,192035.4375,37906.203125
test_id_test_id_000523_36,test_id_000523,333,diverse_fill_1,5,1,test_id_000523_t5_c1,little,little_1,0,0.6,0.8,332,373078.3,376666.78125,406801.96875,414942.0625,432980.96875,8,6.736035493669471,LO,414942.0625,0.0,414942.0625,373078.3125,56314.1875
test_id_test_id_000523_37,test_id_000523,333,diverse_fill_1,5,2,test_id_000523_t5_c2,big,big_1,1,1.4,0.98,332,121576.16,122592.40625,138023.25,142344.28125,153013.0625,8,6.736035493669471,LO,142344.28125,0.0,142344.28125,121576.15625,30420.65625
test_id_test_id_000523_38,test_id_000523,333,diverse_fill_1,5,3,test_id_000523_t5_c3,little,little_1,1,0.9,0.86,332,274767.25,293054.21875,318362.5,325592.0,341819.8125,8,6.736035493669471,LO,325592.0,0.0,325592.0,274767.25,48765.59375
test_id_test_id_000523_39,test_id_000523,333,diverse_fill_1,5,4,test_id_000523_t5_c4,big,big_0,2,1.8,1.06,332,99653.57,100212.90625,114901.65625,118933.15625,129089.109375,8,6.736035493669471,LO,118933.15625,0.0,118933.15625,99653.5703125,28876.203125
test_id_test_id_000523_40,test_id_000523,333,diverse_fill_1,5,5,test_id_000523_t5_c5,little,little_0,2,1.2,0.93,332,219131.48,213910.546875,234224.0,240266.34375,254024.265625,8,6.736035493669471,LO,240266.34375,0.0,240266.34375,219131.484375,40113.71875
test_id_test_id_000523_41,test_id_000523,333,diverse_fill_1,5,6,test_id_000523_t5_c6,big,big_1,3,2.2,1.15,332,95588.46,95543.484375,110167.390625,114160.6875,124236.359375,8,6.736035493669471,LO,114160.6875,0.0,114160.6875,95588.4609375,28692.875
test_id_test_id_000558_00,test_id_000558,119,source_like,0,0,test_id_000558_t0_c0,big,big_0,3,2.2,1.15,118,65484.133,62537.46875,76075.5625,79908.3125,89257.234375,8,6.736035493669471,HI,79908.3125,15665.78125,95574.09375,65484.1328125,26719.765625
test_id_test_id_000558_01,test_id_000558,119,source_like,0,1,test_id_000558_t0_c1,little,little_1,3,1.5,1.0,118,123475.14,122540.65625,138061.734375,142435.484375,153189.9375,8,6.736035493669471,HI,142435.484375,15665.78125,158101.265625,123475.140625,30649.28125
test_id_test_id_000558_02,test_id_000558,119,source_like,0,2,test_id_000558_t0_c2,big,big_1,0,1.0,0.9,118,133814.38,131150.140625,147071.5625,151641.515625,162735.625,8,6.736035493669471,HI,151641.515625,15665.78125,167307.296875,133814.375,31585.484375
test_id_test_id_000558_03,test_id_000558,119,source_like,0,3,test_id_000558_t0_c3,little,little_0,0,0.6,0.8,118,349578.06,321276.78125,348090.3125,355364.9375,372081.75,8,6.736035493669471,HI,355364.9375,15665.78125,371030.71875,349578.0625,50804.96875
test_id_test_id_000558_04,test_id_000558,119,source_like,0,4,test_id_000558_t0_c4,big,big_0,1,1.4,0.98,118,94183.445,92596.90625,107218.140625,111254.796875,121389.640625,8,6.736035493669471,HI,111254.796875,15665.78125,126920.578125,94183.4453125,28792.734375
test_id_test_id_000558_05,test_id_000558,119,source_like,0,5,test_id_000558_t0_c5,little,little_1,1,0.9,0.86,118,212383.38,206020.84375,226150.59375,232223.0,246025.59375,8,6.736035493669471,HI,232223.0,15665.78125,247888.78125,212383.375,40004.75
test_id_test_id_000558_06,test_id_000558,119,source_like,0,6,test_id_000558_t0_c6,big,big_0,2,1.8,1.06,118,71263.17,71932.1875,85836.484375,89717.78125,99322.5625,8,6.736035493669471,HI,89717.78125,15665.78125,105383.5625,71263.171875,27390.375
test_id_test_id_000558_07,test_id_000558,443,sink_like,1,0,test_id_000558_t1_c0,little,little_0,3,1.5,1.0,442,446832.8,456296.28125,495479.3125,506743.875,529750.5,8,6.736035493669471,HI,506743.875,15665.78125,522409.65625,446832.8125,73454.21875
test_id_test_id_000558_08,test_id_000558,443,sink_like,1,1,test_id_000558_t1_c1,big,big_0,0,1.0,0.9,442,472397.06,477593.1875,518056.4375,529690.4375,553021.875,8,6.736035493669471,HI,529690.4375,15665.78125,545356.21875,472397.0625,75428.6875
test_id_test_id_000558_09,test_id_000558,443,sink_like,1,2,test_id_000558_t1_c2,little,little_1,0,0.6,0.8,442,916154.8,932915.75,1019418.75,1041963.0625,1094395.375,8,6.736035493669471,HI,1041963.0625,15665.78125,1057628.84375,916154.8125,161479.625
test_id_test_id_000558_10,test_id_000558,443,sink_like,1,3,test_id_000558_t1_c3,big,big_1,1,1.4,0.98,442,282746.12,310290.28125,336930.65625,344527.75,361468.65625,8,6.736035493669471,HI,344527.75,15665.78125,360193.53125,282746.125,51178.375
test_id_test_id_000558_11,test_id_000558,443,sink_like,1,4,test_id_000558_t1_c4,little,little_0,1,0.9,0.86,442,543641.8,519649.0625,563116.125,575695.0625,599996.25,8,6.736035493669471,HI,575695.0625,15665.78125,591360.84375,543641.8125,80347.1875
test_id_test_id_000558_12,test_id_000558,443,sink_like,1,5,test_id_000558_t1_c5,big,big_1,2,1.8,1.06,442,275705.44,290414.28125,315660.59375,322929.25,339195.5625,8,6.736035493669471,HI,322929.25,15665.78125,338595.03125,275705.4375,48781.28125
test_id_test_id_000558_13,test_id_000558,443,sink_like,1,6,test_id_000558_t1_c6,little,little_1,2,1.2,0.93,442,424172.25,422107.125,457934.375,468094.6875,489471.65625,8,6.736035493669471,HI,468094.6875,15665.78125,483760.46875,424172.25,67364.53125
test_id_test_id_000558_14,test_id_000558,424,middle,2,0,test_id_000558_t2_c0,big,big_1,0,1.0,0.9,423,322720.3,341494.53125,370584.28125,378807.9375,396989.9375,8,6.736035493669471,HI,378807.9375,15665.78125,394473.71875,322720.3125,55495.40625
test_id_test_id_000558_15,test_id_000558,424,middle,2,1,test_id_000558_t2_c1,little,little_0,0,0.6,0.8,423,574888.56,598299.125,646644.125,660986.875,686377.9375,8,6.736035493669471,HI,660986.875,15665.78125,676652.65625,574888.5625,88078.8125
test_id_test_id_000558_16,test_id_000558,424,middle,2,2,test_id_000558_t2_c2,big,big_0,1,1.4,0.98,423,299825.0,319068.6875,346423.8125,354201.34375,371511.1875,8,6.736035493669471,HI,354201.34375,15665.78125,369867.125,299825.0,52442.5
test_id_test_id_000558_17,test_id_000558,424,middle,2,3,test_id_000558_t2_c3,little,little_0,1,0.9,0.86,423,512339.44,539758.0,585414.125,598802.625,624134.875,8,6.736035493669471,HI,598802.625,15665.78125,614468.40625,512339.4375,84376.875
test_id_test_id_000558_18,test_id_000558,424,middle,2,4,test_id_000558_t2_c4,big,big_1,2,1.8,1.06,423,209206.28,232031.59375,253511.546875,259880.28125,274283.90625,8,6.736035493669471,HI,259880.28125,15665.78125,275546.0625,209206.28125,42252.3125
test_id_test_id_000558_19,test_id_000558,424,middle,2,5,test_id_000558_t2_c5,little,little_0,2,1.2,0.93,423,360343.22,415274.8125,450679.9375,460731.6875,481970.5625,8,6.736035493669471,HI,460731.6875,15665.78125,476397.46875,360343.21875,66695.75
test_id_test_id_000558_20,test_id_000558,424,middle,2,6,test_id_000558_t2_c6,big,big_0,3,2.2,1.15,423,133767.81,159355.03125,176448.25,181433.53125,193221.984375,8,6.736035493669471,HI,181433.53125,15665.78125,197099.3125,133767.8125,33866.953125
test_id_test_id_000558_21,test_id_000558,440,communication_heavy,3,0,test_id_000558_t3_c0,little,little_0,0,0.6,0.8,439,894077.94,824388.75,895640.6875,916431.3125,954769.3125,8,6.736035493669471,HI,916431.3125,15665.78125,932097.09375,894077.9375,130380.5625
test_id_test_id_000558_22,test_id_000558,440,communication_heavy,3,1,test_id_000558_t3_c1,big,big_0,1,1.4,0.98,439,306125.06,315111.71875,342126.9375,349816.8125,366950.375,8,6.736035493669471,HI,349816.8125,15665.78125,365482.59375,306125.0625,51838.65625
test_id_test_id_000558_23,test_id_000558,440,communication_heavy,3,2,test_id_000558_t3_c2,little,little_1,1,0.9,0.86,439,509123.84,541808.0,587299.625,600593.375,625731.125,8,6.736035493669471,HI,600593.375,15665.78125,616259.15625,509123.84375,83923.125
test_id_test_id_000558_24,test_id_000558,440,communication_heavy,3,3,test_id_000558_t3_c3,big,big_1,2,1.8,1.06,439,298511.34,303773.03125,329989.0,337490.03125,354242.6875,8,6.736035493669471,HI,337490.03125,15665.78125,353155.8125,298511.34375,50469.65625
test_id_test_id_000558_25,test_id_000558,440,communication_heavy,3,4,test_id_000558_t3_c4,little,little_0,2,1.2,0.93,439,419968.72,430801.1875,467450.75,477872.9375,499644.25,8,6.736035493669471,HI,477872.9375,15665.78125,493538.71875,419968.71875,68843.0625
test_id_test_id_000558_26,test_id_000558,440,communication_heavy,3,5,test_id_000558_t3_c5,big,big_0,3,2.2,1.15,439,243813.05,246231.109375,268637.21875,275258.0625,290175.6875,8,6.736035493669471,HI,275258.0625,15665.78125,290923.84375,243813.046875,43944.578125
test_id_test_id_000558_27,test_id_000558,440,communication_heavy,3,6,test_id_000558_t3_c6,little,little_1,3,1.5,1.0,439,283288.72,294537.5625,320044.3125,327370.5,343753.625,8,6.736035493669471,HI,327370.5,15665.78125,343036.28125,283288.71875,49216.0625
test_id_test_id_000558_28,test_id_000558,414,random,4,0,test_id_000558_t4_c0,big,big_1,1,1.4,0.98,413,130077.01,139142.5,155244.75,159847.28125,170980.0625,8,6.736035493669471,HI,159847.28125,15665.78125,175513.0625,130077.0078125,31837.5625
test_id_test_id_000558_29,test_id_000558,414,random,4,1,test_id_000558_t4_c1,little,little_0,1,0.9,0.86,413,251683.42,267139.96875,290705.09375,297508.875,312871.25,8,6.736035493669471,HI,297508.875,15665.78125,313174.65625,251683.421875,45731.28125
test_id_test_id_000558_30,test_id_000558,414,random,4,2,test_id_000558_t4_c2,big,big_0,2,1.8,1.06,413,134736.44,140489.21875,156695.625,161321.46875,172501.0,8,6.736035493669471,HI,161321.46875,15665.78125,176987.25,134736.4375,32011.78125
test_id_test_id_000558_31,test_id_000558,414,random,4,3,test_id_000558_t4_c3,little,little_1,2,1.2,0.93,413,248899.33,250930.0,273432.4375,279989.78125,294805.625,8,6.736035493669471,HI,279989.78125,15665.78125,295655.5625,248899.328125,43875.625
test_id_test_id_000558_32,test_id_000558,414,random,4,4,test_id_000558_t4_c4,big,big_0,3,2.2,1.15,413,128012.77,138776.328125,154947.1875,159533.671875,170658.625,8,6.736035493669471,HI,159533.671875,15665.78125,175199.453125,128012.7734375,31882.296875
test_id_test_id_000558_33,test_id_000558,414,random,4,5,test_id_000558_t4_c5,little,little_1,3,1.5,1.0,413,185260.06,200226.328125,219662.03125,225431.53125,238664.34375,8,6.736035493669471,HI,225431.53125,15665.78125,241097.3125,185260.0625,38438.015625
test_id_test_id_000558_34,test_id_000558,414,random,4,6,test_id_000558_t4_c6,big,big_1,0,1.0,0.9,413,163301.06,185468.546875,204197.03125,209796.03125,222711.171875,8,6.736035493669471,HI,209796.03125,15665.78125,225461.8125,163301.0625,37242.625
test_id_test_id_000558_35,test_id_000558,106,diverse_fill_1,5,0,test_id_000558_t5_c0,little,little_0,1,0.9,0.86,105,160339.0,149274.140625,166432.5,171525.59375,183571.0625,8,6.736035493669471,HI,171525.59375,15665.78125,187191.375,160339.0,34296.921875
test_id_test_id_000558_36,test_id_000558,106,diverse_fill_1,5,1,test_id_000558_t5_c1,big,big_1,2,1.8,1.06,105,54738.805,49920.1875,62891.75,66674.84375,75677.859375,8,6.736035493669471,HI,66674.84375,15665.78125,82340.625,54738.8046875,25757.671875
test_id_test_id_000558_37,test_id_000558,106,diverse_fill_1,5,2,test_id_000558_t5_c2,little,little_1,2,1.2,0.93,105,110865.484,110244.671875,125482.328125,129747.0625,140348.609375,8,6.736035493669471,HI,129747.0625,15665.78125,145412.84375,110865.484375,30103.9375
test_id_test_id_000558_38,test_id_000558,106,diverse_fill_1,5,3,test_id_000558_t5_c3,big,big_0,3,2.2,1.15,105,45225.09,45021.5625,57804.078125,61582.265625,70481.984375,8,6.736035493669471,HI,61582.265625,15665.78125,77248.046875,45225.08984375,25460.421875
test_id_test_id_000558_39,test_id_000558,106,diverse_fill_1,5,4,test_id_000558_t5_c4,little,little_1,3,1.5,1.0,105,99221.41,90948.15625,105637.796875,109664.59375,119779.359375,8,6.736035493669471,HI,109664.59375,15665.78125,125330.375,99221.40625,28831.203125
test_id_test_id_000558_40,test_id_000558,106,diverse_fill_1,5,5,test_id_000558_t5_c5,big,big_1,0,1.0,0.9,105,92031.83,92185.40625,107050.1875,111187.265625,121529.828125,8,6.736035493669471,HI,111187.265625,15665.78125,126853.046875,92031.828125,29344.421875
test_id_test_id_000558_41,test_id_000558,106,diverse_fill_1,5,6,test_id_000558_t5_c6,little,little_0,0,0.6,0.8,105,231304.81,209388.875,231125.0,237837.65625,253071.625,8,6.736035493669471,HI,237837.65625,15665.78125,253503.4375,231304.8125,43682.75
test_id_test_id_000564_00,test_id_000564,5,source_like,0,0,test_id_000564_t0_c0,big,big_0,0,1.0,0.9,4,35743.27,33271.6875,45882.59375,49854.90625,58937.0,8,6.736035493669471,LO,49854.90625,0.0,49854.90625,35743.26953125,25665.3125
test_id_test_id_000564_01,test_id_000564,5,source_like,0,1,test_id_000564_t0_c1,little,little_1,0,0.6,0.8,4,70484.42,77039.875,91572.8125,95762.8125,106051.28125,8,6.736035493669471,LO,95762.8125,0.0,95762.8125,70484.421875,29011.40625
test_id_test_id_000564_02,test_id_000564,5,source_like,0,2,test_id_000564_t0_c2,big,big_1,1,1.4,0.98,4,30068.65,24861.328125,37589.25,41742.375,51002.328125,8,6.736035493669471,LO,41742.375,0.0,41742.375,30068.650390625,26141.0
test_id_test_id_000564_03,test_id_000564,5,source_like,0,3,test_id_000564_t0_c3,little,little_0,1,0.9,0.86,4,62979.766,61888.703125,76291.140625,80556.21875,90680.625,8,6.736035493669471,LO,80556.21875,0.0,80556.21875,62979.765625,28791.921875
test_id_test_id_000564_04,test_id_000564,5,source_like,0,4,test_id_000564_t0_c4,big,big_1,2,1.8,1.06,4,24948.402,19899.953125,32716.234375,36943.359375,46217.796875,8,6.736035493669471,LO,36943.359375,0.0,36943.359375,24948.40234375,26317.84375
test_id_test_id_000564_05,test_id_000564,5,source_like,0,5,test_id_000564_t0_c5,little,little_1,2,1.2,0.93,4,43903.105,42498.6875,55370.734375,59280.40625,68388.328125,8,6.736035493669471,LO,59280.40625,0.0,59280.40625,43903.10546875,25889.640625
test_id_test_id_000564_06,test_id_000564,5,source_like,0,6,test_id_000564_t0_c6,big,big_0,3,2.2,1.15,4,15752.646,18870.0625,31529.203125,35659.640625,44719.1875,8,6.736035493669471,LO,35659.640625,0.0,35659.640625,15752.646484375,25849.125
test_id_test_id_000564_07,test_id_000564,244,sink_like,1,0,test_id_000564_t1_c0,little,little_1,0,0.6,0.8,243,264118.94,274138.5625,299033.875,306226.71875,322688.25,8,6.736035493669471,LO,306226.71875,0.0,306226.71875,264118.9375,48549.6875
test_id_test_id_000564_08,test_id_000564,244,sink_like,1,1,test_id_000564_t1_c1,big,big_1,1,1.4,0.98,243,90906.85,96025.8125,110749.078125,114815.015625,125026.25,8,6.736035493669471,LO,114815.015625,0.0,114815.015625,90906.8515625,29000.4375
test_id_test_id_000564_09,test_id_000564,244,sink_like,1,2,test_id_000564_t1_c2,little,little_0,1,0.9,0.86,243,202016.81,215562.375,236128.796875,242246.28125,256191.140625,8,6.736035493669471,LO,242246.28125,0.0,242246.28125,202016.8125,40628.765625
test_id_test_id_000564_10,test_id_000564,244,sink_like,1,3,test_id_000564_t1_c3,big,big_0,2,1.8,1.06,243,76599.16,81489.796875,95694.1875,99625.296875,109460.21875,8,6.736035493669471,LO,99625.296875,0.0,99625.296875,76599.15625,27970.421875
test_id_test_id_000564_11,test_id_000564,244,sink_like,1,4,test_id_000564_t1_c4,little,little_1,2,1.2,0.93,243,135116.38,146355.09375,162961.65625,167785.34375,179316.59375,8,6.736035493669471,LO,167785.34375,0.0,167785.34375,135116.375,32961.5
test_id_test_id_000564_12,test_id_000564,244,sink_like,1,5,test_id_000564_t1_c5,big,big_1,3,2.2,1.15,243,76749.91,73724.875,87629.875,91500.921875,101114.46875,8,6.736035493669471,LO,91500.921875,0.0,91500.921875,76749.90625,27389.59375
test_id_test_id_000564_13,test_id_000564,244,sink_like,1,6,test_id_000564_t1_c6,little,little_1,3,1.5,1.0,243,132602.75,139878.65625,156117.78125,160765.625,171994.25,8,6.736035493669471,LO,160765.625,0.0,160765.625,132602.75,32115.59375
test_id_test_id_000564_14,test_id_000564,120,middle,2,0,test_id_000564_t2_c0,big,big_1,1,1.4,0.98,119,112068.82,114939.0625,130077.390625,134291.453125,144777.59375,8,6.736035493669471,LO,134291.453125,0.0,134291.453125,112068.8203125,29838.53125
test_id_test_id_000564_15,test_id_000564,120,middle,2,1,test_id_000564_t2_c1,little,little_0,1,0.9,0.86,119,232345.25,242513.75,264621.6875,271105.625,285800.9375,8,6.736035493669471,LO,271105.625,0.0,271105.625,232345.25,43287.1875
test_id_test_id_000564_16,test_id_000564,120,middle,2,2,test_id_000564_t2_c2,big,big_1,2,1.8,1.06,119,125994.89,126582.625,142209.40625,146588.640625,157362.9375,8,6.736035493669471,LO,146588.640625,0.0,146588.640625,125994.890625,30780.3125
test_id_test_id_000564_17,test_id_000564,120,middle,2,3,test_id_000564_t2_c3,little,little_1,2,1.2,0.93,119,195185.86,199163.28125,218630.703125,224439.5,237748.3125,8,6.736035493669471,LO,224439.5,0.0,224439.5,195185.859375,38585.03125
test_id_test_id_000564_18,test_id_000564,120,middle,2,4,test_id_000564_t2_c4,big,big_0,3,2.2,1.15,119,126882.01,115510.234375,130777.96875,134981.359375,145472.46875,8,6.736035493669471,LO,134981.359375,0.0,134981.359375,126882.0078125,29962.234375
test_id_test_id_000564_19,test_id_000564,120,middle,2,5,test_id_000564_t2_c5,little,little_0,3,1.5,1.0,119,181239.23,166110.9375,183646.59375,188799.53125,200896.1875,8,6.736035493669471,LO,188799.53125,0.0,188799.53125,181239.234375,34785.25
test_id_test_id_000564_20,test_id_000564,120,middle,2,6,test_id_000564_t2_c6,big,big_1,0,1.0,0.9,119,166293.19,172928.703125,191062.09375,196494.21875,209110.109375,8,6.736035493669471,LO,196494.21875,0.0,196494.21875,166293.1875,36181.40625
test_id_test_id_000564_21,test_id_000564,113,high_degree,3,0,test_id_000564_t3_c0,little,little_0,1,0.9,0.86,112,404551.03,396435.03125,430050.875,439558.25,459914.5,8,6.736035493669471,LO,439558.25,0.0,439558.25,404551.03125,63479.46875
test_id_test_id_000564_22,test_id_000564,113,high_degree,3,1,test_id_000564_t3_c1,big,big_1,2,1.8,1.06,112,149784.34,157615.828125,174735.9375,179726.578125,191538.09375,8,6.736035493669471,LO,179726.578125,0.0,179726.578125,149784.34375,33922.265625
test_id_test_id_000564_23,test_id_000564,113,high_degree,3,2,test_id_000564_t3_c2,little,little_0,2,1.2,0.93,112,261610.88,267200.15625,290804.90625,297658.125,313068.03125,8,6.736035493669471,LO,297658.125,0.0,297658.125,261610.875,45867.875
test_id_test_id_000564_24,test_id_000564,113,high_degree,3,3,test_id_000564_t3_c3,big,big_0,3,2.2,1.15,112,138467.45,148230.96875,164880.125,169670.84375,181140.9375,8,6.736035493669471,LO,169670.84375,0.0,169670.84375,138467.453125,32909.96875
test_id_test_id_000564_25,test_id_000564,113,high_degree,3,4,test_id_000564_t3_c4,little,little_1,3,1.5,1.0,112,212578.66,202922.921875,222581.5,228433.96875,241823.421875,8,6.736035493669471,LO,228433.96875,0.0,228433.96875,212578.65625,38900.5
test_id_test_id_000564_26,test_id_000564,113,high_degree,3,5,test_id_000564_t3_c5,big,big_0,0,1.0,0.9,112,251456.8,261047.0625,284253.5,290998.75,306205.8125,8,6.736035493669471,LO,290998.75,0.0,290998.75,251456.796875,45158.75
test_id_test_id_000564_27,test_id_000564,113,high_degree,3,6,test_id_000564_t3_c6,little,little_0,0,0.6,0.8,112,413415.25,421506.1875,455647.5625,465159.9375,485344.375,8,6.736035493669471,LO,465159.9375,0.0,465159.9375,413415.25,63838.1875
test_id_test_id_000564_28,test_id_000564,43,random,4,0,test_id_000564_t4_c0,big,big_1,2,1.8,1.06,42,62656.105,58653.8125,71982.0625,75794.046875,85027.6875,8,6.736035493669471,LO,75794.046875,0.0,75794.046875,62656.10546875,26373.875
test_id_test_id_000564_29,test_id_000564,43,random,4,1,test_id_000564_t4_c1,little,little_1,2,1.2,0.93,42,143102.45,125846.828125,141605.90625,146089.625,157060.46875,8,6.736035493669471,LO,146089.625,0.0,146089.625,143102.453125,31213.640625
test_id_test_id_000564_30,test_id_000564,43,random,4,2,test_id_000564_t4_c2,big,big_0,3,2.2,1.15,42,51274.56,52703.59375,65768.375,69552.265625,78618.578125,8,6.736035493669471,LO,69552.265625,0.0,69552.265625,51274.55859375,25914.984375
test_id_test_id_000564_31,test_id_000564,43,random,4,3,test_id_000564_t4_c3,little,little_1,3,1.5,1.0,42,118171.586,104611.109375,119606.578125,123737.53125,134099.96875,8,6.736035493669471,LO,123737.53125,0.0,123737.53125,118171.5859375,29488.859375
test_id_test_id_000564_32,test_id_000564,43,random,4,4,test_id_000564_t4_c4,big,big_0,0,1.0,0.9,42,115419.414,110360.703125,125779.421875,130148.3125,140971.578125,8,6.736035493669471,LO,130148.3125,0.0,130148.3125,115419.4140625,30610.875
test_id_test_id_000564_33,test_id_000564,43,random,4,5,test_id_000564_t4_c5,little,little_0,0,0.6,0.8,42,275157.1,256544.375,280835.53125,288017.9375,304448.03125,8,6.736035493669471,LO,288017.9375,0.0,288017.9375,275157.09375,47903.65625
test_id_test_id_000564_34,test_id_000564,43,random,4,6,test_id_000564_t4_c6,big,big_0,1,1.4,0.98,42,84815.69,78779.59375,93020.203125,97001.75,106898.296875,8,6.736035493669471,LO,97001.75,0.0,97001.75,84815.6875,28118.703125
test_id_test_id_000564_35,test_id_000564,20,diverse_fill_1,5,0,test_id_000564_t5_c0,little,little_1,2,1.2,0.93,19,86249.586,87166.546875,101817.0625,105890.25,116060.4375,8,6.736035493669471,LO,105890.25,0.0,105890.25,86249.5859375,28893.890625
test_id_test_id_000564_36,test_id_000564,20,diverse_fill_1,5,1,test_id_000564_t5_c1,big,big_1,3,2.2,1.15,19,29864.662,35179.5,47697.140625,51506.796875,60266.28125,8,6.736035493669471,LO,51506.796875,0.0,51506.796875,29864.662109375,25086.78125
test_id_test_id_000564_37,test_id_000564,20,diverse_fill_1,5,2,test_id_000564_t5_c2,little,little_0,3,1.5,1.0,19,64430.816,66678.0,80454.859375,84343.96875,93867.1875,8,6.736035493669471,LO,84343.96875,0.0,84343.96875,64430.81640625,27189.1875
test_id_test_id_000564_38,test_id_000564,20,diverse_fill_1,5,3,test_id_000564_t5_c3,big,big_0,0,1.0,0.9,19,72530.7,73449.8125,87711.421875,91729.921875,101618.890625,8,6.736035493669471,LO,91729.921875,0.0,91729.921875,72530.703125,28169.078125
test_id_test_id_000564_39,test_id_000564,20,diverse_fill_1,5,4,test_id_000564_t5_c4,little,little_0,0,0.6,0.8,19,161819.05,164219.453125,182819.84375,188493.765625,201666.90625,8,6.736035493669471,LO,188493.765625,0.0,188493.765625,161819.046875,37447.453125
test_id_test_id_000564_40,test_id_000564,20,diverse_fill_1,5,5,test_id_000564_t5_c5,big,big_0,1,1.4,0.98,19,52036.97,59829.96875,73412.34375,77316.84375,86735.515625,8,6.736035493669471,LO,77316.84375,0.0,77316.84375,52036.96875,26905.546875
test_id_test_id_000564_41,test_id_000564,20,diverse_fill_1,5,6,test_id_000564_t5_c6,little,little_1,1,0.9,0.86,19,117268.3,117809.890625,133562.953125,138103.140625,149234.03125,8,6.736035493669471,LO,138103.140625,0.0,138103.140625,117268.296875,31424.140625
test_id_test_id_000581_00,test_id_000581,5,source_like,0,0,test_id_000581_t0_c0,big,big_1,0,1.0,0.9,4,75409.11,74747.65625,89051.8125,93082.15625,103015.34375,8,6.736035493669471,HI,93082.15625,15665.78125,108747.9375,75409.109375,28267.6875
test_id_test_id_000581_01,test_id_000581,5,source_like,0,1,test_id_000581_t0_c1,little,little_0,0,0.6,0.8,4,185659.47,180153.46875,199856.9375,205921.9375,219853.28125,8,6.736035493669471,HI,205921.9375,15665.78125,221587.71875,185659.46875,39699.8125
test_id_test_id_000581_02,test_id_000581,5,source_like,0,2,test_id_000581_t0_c2,big,big_1,1,1.4,0.98,4,52402.938,54089.578125,67319.1875,71160.546875,80354.84375,8,6.736035493669471,HI,71160.546875,15665.78125,86826.328125,52402.9375,26265.265625
test_id_test_id_000581_03,test_id_000581,5,source_like,0,3,test_id_000581_t0_c3,little,little_1,1,0.9,0.86,4,131443.36,127060.296875,143193.390625,147881.78125,159260.953125,8,6.736035493669471,HI,147881.78125,15665.78125,163547.5625,131443.359375,32200.65625
test_id_test_id_000581_04,test_id_000581,5,source_like,0,4,test_id_000581_t0_c4,big,big_1,2,1.8,1.06,4,43194.445,43482.484375,56272.75,60089.609375,69030.4375,8,6.736035493669471,HI,60089.609375,15665.78125,75755.390625,43194.4453125,25547.953125
test_id_test_id_000581_05,test_id_000581,5,source_like,0,5,test_id_000581_t0_c5,little,little_0,2,1.2,0.93,4,102253.89,95423.875,110323.0,114464.890625,124834.671875,8,6.736035493669471,HI,114464.890625,15665.78125,130130.671875,102253.890625,29410.796875
test_id_test_id_000581_06,test_id_000581,5,source_like,0,6,test_id_000581_t0_c6,big,big_1,3,2.2,1.15,4,33339.965,36252.40625,48750.375,52527.78125,61245.28125,8,6.736035493669471,HI,52527.78125,15665.78125,68193.5625,33339.96484375,24992.875
test_id_test_id_000581_07,test_id_000581,41,sink_like,1,0,test_id_000581_t1_c0,little,little_1,0,0.6,0.8,40,424760.97,430509.25,465192.75,474852.9375,495186.75,8,6.736035493669471,HI,474852.9375,15665.78125,490518.71875,424760.96875,64677.5
test_id_test_id_000581_08,test_id_000581,41,sink_like,1,1,test_id_000581_t1_c1,big,big_0,1,1.4,0.98,40,155567.48,151427.703125,168157.71875,173007.5,184563.484375,8,6.736035493669471,HI,173007.5,15665.78125,188673.28125,155567.484375,33135.78125
test_id_test_id_000581_09,test_id_000581,41,sink_like,1,2,test_id_000581_t1_c2,little,little_1,1,0.9,0.86,40,340636.2,324160.625,351772.25,359599.90625,376998.75,8,6.736035493669471,HI,359599.90625,15665.78125,375265.6875,340636.1875,52838.125
test_id_test_id_000581_10,test_id_000581,41,sink_like,1,3,test_id_000581_t1_c3,big,big_1,2,1.8,1.06,40,171169.12,164622.53125,182157.40625,187307.890625,199405.84375,8,6.736035493669471,HI,187307.890625,15665.78125,202973.671875,171169.125,34783.3125
test_id_test_id_000581_11,test_id_000581,41,sink_like,1,4,test_id_000581_t1_c4,little,little_1,2,1.2,0.93,40,229960.61,239427.328125,261277.703125,267713.78125,282259.78125,8,6.736035493669471,HI,267713.78125,15665.78125,283379.5625,229960.609375,42832.453125
test_id_test_id_000581_12,test_id_000581,41,sink_like,1,5,test_id_000581_t1_c5,big,big_1,3,2.2,1.15,40,130507.98,122119.296875,137518.34375,141806.984375,152419.390625,8,6.736035493669471,HI,141806.984375,15665.78125,157472.765625,130507.9765625,30300.09375
test_id_test_id_000581_13,test_id_000581,41,sink_like,1,6,test_id_000581_t1_c6,little,little_0,3,1.5,1.0,40,258202.56,250548.984375,273038.9375,279617.0625,294445.25,8,6.736035493669471,HI,279617.0625,15665.78125,295282.84375,258202.5625,43896.265625
test_id_test_id_000581_14,test_id_000581,55,middle,2,0,test_id_000581_t2_c0,big,big_0,1,1.4,0.98,54,155236.47,161495.078125,178788.234375,183857.8125,195803.21875,8,6.736035493669471,HI,183857.8125,15665.78125,199523.59375,155236.46875,34308.140625
test_id_test_id_000581_15,test_id_000581,55,middle,2,1,test_id_000581_t2_c1,little,little_0,1,0.9,0.86,54,223581.66,241967.265625,263990.0,270448.125,285078.375,8,6.736035493669471,HI,270448.125,15665.78125,286113.90625,223581.65625,43111.109375
test_id_test_id_000581_16,test_id_000581,55,middle,2,2,test_id_000581_t2_c2,big,big_1,2,1.8,1.06,54,120671.54,124529.8125,139986.234375,144304.90625,154963.46875,8,6.736035493669471,HI,144304.90625,15665.78125,159970.6875,120671.5390625,30433.65625
test_id_test_id_000581_17,test_id_000581,55,middle,2,3,test_id_000581_t2_c3,little,little_1,2,1.2,0.93,54,250690.5,258985.703125,282008.03125,288696.6875,303778.6875,8,6.736035493669471,HI,288696.6875,15665.78125,304362.46875,250690.5,44792.984375
test_id_test_id_000581_18,test_id_000581,55,middle,2,4,test_id_000581_t2_c4,big,big_0,3,2.2,1.15,54,109626.01,108341.515625,123257.25,127351.65625,137634.296875,8,6.736035493669471,HI,127351.65625,15665.78125,143017.4375,109626.0078125,29292.78125
test_id_test_id_000581_19,test_id_000581,55,middle,2,5,test_id_000581_t2_c5,little,little_1,3,1.5,1.0,54,207542.72,201548.1875,221061.421875,226853.140625,240128.0625,8,6.736035493669471,HI,226853.140625,15665.78125,242518.921875,207542.71875,38579.875
test_id_test_id_000581_20,test_id_000581,55,middle,2,6,test_id_000581_t2_c6,big,big_0,0,1.0,0.9,54,241431.56,231995.84375,253337.46875,259617.78125,273866.875,8,6.736035493669471,HI,259617.78125,15665.78125,275283.5625,241431.5625,41871.03125
test_id_test_id_000581_21,test_id_000581,33,high_degree,3,0,test_id_000581_t3_c0,little,little_1,1,0.9,0.86,32,221902.66,222030.6875,242971.1875,249197.578125,263348.6875,8,6.736035493669471,HI,249197.578125,15665.78125,264863.359375,221902.65625,41318.0
test_id_test_id_000581_22,test_id_000581,33,high_degree,3,1,test_id_000581_t3_c1,big,big_0,2,1.8,1.06,32,121422.336,121139.765625,136592.375,140876.859375,151501.6875,8,6.736035493669471,HI,140876.859375,15665.78125,156542.640625,121422.3359375,30361.921875
test_id_test_id_000581_23,test_id_000581,33,high_degree,3,2,test_id_000581_t3_c2,little,little_0,2,1.2,0.93,32,202747.6,203433.921875,223070.515625,228906.609375,242265.9375,8,6.736035493669471,HI,228906.609375,15665.78125,244572.390625,202747.59375,38832.015625
test_id_test_id_000581_24,test_id_000581,33,high_degree,3,3,test_id_000581_t3_c3,big,big_1,3,2.2,1.15,32,83662.055,81927.921875,96087.21875,99981.625,109754.90625,8,6.736035493669471,HI,99981.625,15665.78125,115647.40625,83662.0546875,27826.984375
test_id_test_id_000581_25,test_id_000581,33,high_degree,3,4,test_id_000581_t3_c4,little,little_1,3,1.5,1.0,32,137600.38,139482.421875,155598.65625,160197.765625,171325.0625,8,6.736035493669471,HI,160197.765625,15665.78125,175863.546875,137600.375,31842.640625
test_id_test_id_000581_26,test_id_000581,33,high_degree,3,5,test_id_000581_t3_c5,big,big_0,0,1.0,0.9,32,188859.28,176136.40625,194422.65625,199903.921875,212608.984375,8,6.736035493669471,HI,199903.921875,15665.78125,215569.703125,188859.28125,36472.578125
test_id_test_id_000581_27,test_id_000581,33,high_degree,3,6,test_id_000581_t3_c6,little,little_0,0,0.6,0.8,32,325033.56,341006.84375,369136.21875,376803.15625,394165.0625,8,6.736035493669471,HI,376803.15625,15665.78125,392468.9375,325033.5625,53158.21875
test_id_test_id_000581_28,test_id_000581,92,communication_heavy,4,0,test_id_000581_t4_c0,big,big_1,2,1.8,1.06,91,181357.1,180156.53125,198594.21875,204082.8125,216791.609375,8,6.736035493669471,HI,204082.8125,15665.78125,219748.59375,181357.09375,36635.078125
test_id_test_id_000581_29,test_id_000581,92,communication_heavy,4,1,test_id_000581_t4_c1,little,little_0,2,1.2,0.93,91,329466.5,349480.15625,379202.40625,387605.71875,406088.75,8,6.736035493669471,HI,387605.71875,15665.78125,403271.5,329466.5,56608.59375
test_id_test_id_000581_30,test_id_000581,92,communication_heavy,4,2,test_id_000581_t4_c2,big,big_1,3,2.2,1.15,91,193065.7,191945.4375,211168.8125,216940.546875,230183.328125,8,6.736035493669471,HI,216940.546875,15665.78125,232606.328125,193065.703125,38237.890625
test_id_test_id_000581_31,test_id_000581,92,communication_heavy,4,3,test_id_000581_t4_c3,little,little_0,3,1.5,1.0,91,256368.62,266193.78125,289794.53125,296674.8125,312128.6875,8,6.736035493669471,HI,296674.8125,15665.78125,312340.59375,256368.625,45934.90625
test_id_test_id_000581_32,test_id_000581,92,communication_heavy,4,4,test_id_000581_t4_c4,big,big_1,0,1.0,0.9,91,336559.2,333166.71875,361581.5625,369629.40625,387470.59375,8,6.736035493669471,HI,369629.40625,15665.78125,385295.1875,336559.1875,54303.875
test_id_test_id_000581_33,test_id_000581,92,communication_heavy,4,5,test_id_000581_t4_c5,little,little_1,0,0.6,0.8,91,672650.25,683151.25,738381.6875,755127.625,783220.625,8,6.736035493669471,HI,755127.625,15665.78125,770793.40625,672650.25,100069.375
test_id_test_id_000581_34,test_id_000581,92,communication_heavy,4,6,test_id_000581_t4_c6,big,big_0,1,1.4,0.98,91,249737.08,237222.390625,259031.25,265485.9375,280065.125,8,6.736035493669471,HI,265485.9375,15665.78125,281151.71875,249737.078125,42842.734375
test_id_test_id_000581_35,test_id_000581,34,random,5,0,test_id_000581_t5_c0,little,little_1,2,1.2,0.93,33,180559.23,172320.40625,190286.515625,195626.78125,208063.1875,8,6.736035493669471,HI,195626.78125,15665.78125,211292.5625,180559.234375,35742.78125
test_id_test_id_000581_36,test_id_000581,34,random,5,1,test_id_000581_t5_c1,big,big_1,3,2.2,1.15,33,93644.71,80391.921875,94577.578125,98484.921875,108261.546875,8,6.736035493669471,HI,98484.921875,15665.78125,114150.703125,93644.7109375,27869.625
test_id_test_id_000581_37,test_id_000581,34,random,5,2,test_id_000581_t5_c2,little,little_0,3,1.5,1.0,33,132536.4,132732.265625,148612.859375,153114.25,164090.40625,8,6.736035493669471,HI,153114.25,15665.78125,168780.03125,132536.40625,31358.140625
test_id_test_id_000581_38,test_id_000581,34,random,5,3,test_id_000581_t5_c3,big,big_1,0,1.0,0.9,33,127543.99,133638.203125,149835.28125,154513.5625,165836.71875,8,6.736035493669471,HI,154513.5625,15665.78125,170179.34375,127543.9921875,32198.515625
test_id_test_id_000581_39,test_id_000581,34,random,5,4,test_id_000581_t5_c4,little,little_0,0,0.6,0.8,33,357876.4,344466.5,372848.28125,380550.75,397980.4375,8,6.736035493669471,HI,380550.75,15665.78125,396216.53125,357876.40625,53513.9375
test_id_test_id_000581_40,test_id_000581,34,random,5,5,test_id_000581_t5_c5,big,big_0,1,1.4,0.98,33,106247.65,101241.3125,116073.5,120166.84375,130445.734375,8,6.736035493669471,HI,120166.84375,15665.78125,135832.625,106247.6484375,29204.421875
test_id_test_id_000581_41,test_id_000581,34,random,5,6,test_id_000581_t5_c6,little,little_1,1,0.9,0.86,33,218278.77,219574.53125,240405.203125,246611.71875,260731.578125,8,6.736035493669471,HI,246611.71875,15665.78125,262277.5,218278.765625,41157.046875
test_id_test_id_000583_00,test_id_000583,1,source_like,0,0,test_id_000583_t0_c0,little,little_1,2,1.2,0.93,0,120539.125,124460.5,140082.984375,144513.796875,155378.1875,8,6.736035493669471,LO,144513.796875,0.0,144513.796875,120539.125,30917.6875
test_id_test_id_000583_01,test_id_000583,1,source_like,0,1,test_id_000583_t0_c1,big,big_0,3,2.2,1.15,0,44427.535,44683.671875,57389.9375,61123.0,69925.5625,8,6.736035493669471,LO,61123.0,0.0,61123.0,44427.53515625,25241.890625
test_id_test_id_000583_02,test_id_000583,1,source_like,0,2,test_id_000583_t0_c2,little,little_1,3,1.5,1.0,0,100009.98,96624.96875,111441.65625,115510.59375,125734.0625,8,6.736035493669471,LO,115510.59375,0.0,115510.59375,100009.9765625,29109.09375
test_id_test_id_000583_03,test_id_000583,1,source_like,0,3,test_id_000583_t0_c3,big,big_0,0,1.0,0.9,0,100788.99,97544.125,112538.59375,116721.90625,127173.40625,8,6.736035493669471,LO,116721.90625,0.0,116721.90625,100788.9921875,29629.28125
test_id_test_id_000583_04,test_id_000583,1,source_like,0,4,test_id_000583_t0_c4,little,little_1,0,0.6,0.8,0,258808.06,264203.78125,288720.28125,295848.4375,312177.40625,8,6.736035493669471,LO,295848.4375,0.0,295848.4375,258808.0625,47973.625
test_id_test_id_000583_05,test_id_000583,1,source_like,0,5,test_id_000583_t0_c5,big,big_0,1,1.4,0.98,0,68899.66,69400.046875,83265.015625,87169.703125,96770.5,8,6.736035493669471,LO,87169.703125,0.0,87169.703125,68899.65625,27370.453125
test_id_test_id_000583_06,test_id_000583,1,source_like,0,6,test_id_000583_t0_c6,little,little_0,1,0.9,0.86,0,172299.28,170782.0625,189035.34375,194519.140625,207258.640625,8,6.736035493669471,LO,194519.140625,0.0,194519.140625,172299.28125,36476.578125
test_id_test_id_000583_07,test_id_000583,18,sink_like,1,0,test_id_000583_t1_c0,big,big_0,3,2.2,1.15,17,116333.79,119637.5,134878.078125,139116.296875,149633.9375,8,6.736035493669471,LO,139116.296875,0.0,139116.296875,116333.7890625,29996.4375
test_id_test_id_000583_08,test_id_000583,18,sink_like,1,1,test_id_000583_t1_c1,little,little_1,3,1.5,1.0,17,274934.6,268810.71875,292516.84375,299387.03125,314825.46875,8,6.736035493669471,LO,299387.03125,0.0,299387.03125,274934.59375,46014.75
test_id_test_id_000583_09,test_id_000583,18,sink_like,1,2,test_id_000583_t1_c2,big,big_0,0,1.0,0.9,17,246286.45,236470.984375,258103.09375,264459.875,278865.9375,8,6.736035493669471,LO,264459.875,0.0,264459.875,246286.453125,42394.953125
test_id_test_id_000583_10,test_id_000583,18,sink_like,1,3,test_id_000583_t1_c3,little,little_0,0,0.6,0.8,17,433768.1,421301.6875,455752.625,465393.125,485793.59375,8,6.736035493669471,LO,465393.125,0.0,465393.125,433768.09375,64491.90625
test_id_test_id_000583_11,test_id_000583,18,sink_like,1,4,test_id_000583_t1_c4,big,big_1,1,1.4,0.98,17,189930.02,181971.171875,200404.78125,205879.734375,218555.59375,8,6.736035493669471,LO,205879.734375,0.0,205879.734375,189930.015625,36584.421875
test_id_test_id_000583_12,test_id_000583,18,sink_like,1,5,test_id_000583_t1_c5,little,little_1,1,0.9,0.86,17,325249.22,356987.71875,387346.90625,395925.46875,414728.65625,8,6.736035493669471,LO,395925.46875,0.0,395925.46875,325249.21875,57740.9375
test_id_test_id_000583_13,test_id_000583,18,sink_like,1,6,test_id_000583_t1_c6,big,big_0,2,1.8,1.06,17,169983.4,170698.40625,188538.375,193805.609375,206107.8125,8,6.736035493669471,LO,193805.609375,0.0,193805.609375,169983.40625,35409.40625
test_id_test_id_000583_14,test_id_000583,37,middle,2,0,test_id_000583_t2_c0,little,little_0,3,1.5,1.0,36,193387.67,184947.625,203509.8125,209012.328125,221742.71875,8,6.736035493669471,LO,209012.328125,0.0,209012.328125,193387.671875,36795.09375
test_id_test_id_000583_15,test_id_000583,37,middle,2,1,test_id_000583_t2_c1,big,big_1,0,1.0,0.9,36,216447.53,184246.40625,202937.46875,208537.90625,221457.328125,8,6.736035493669471,LO,208537.90625,0.0,208537.90625,216447.53125,37210.921875
test_id_test_id_000583_16,test_id_000583,37,middle,2,2,test_id_000583_t2_c2,little,little_1,0,0.6,0.8,36,333202.22,320460.4375,347728.71875,355319.25,372560.3125,8,6.736035493669471,LO,355319.25,0.0,355319.25,333202.21875,52099.875
test_id_test_id_000583_17,test_id_000583,37,middle,2,3,test_id_000583_t2_c3,big,big_0,1,1.4,0.98,36,163061.05,148953.96875,165618.6875,170449.109375,181981.65625,8,6.736035493669471,LO,170449.109375,0.0,170449.109375,163061.046875,33027.6875
test_id_test_id_000583_18,test_id_000583,37,middle,2,4,test_id_000583_t2_c4,little,little_0,1,0.9,0.86,36,239970.83,222463.578125,243350.84375,249543.15625,263626.34375,8,6.736035493669471,LO,249543.15625,0.0,249543.15625,239970.828125,41162.765625
test_id_test_id_000583_19,test_id_000583,37,middle,2,5,test_id_000583_t2_c5,big,big_0,2,1.8,1.06,36,120243.664,106759.046875,121640.859375,125736.828125,136019.640625,8,6.736035493669471,LO,125736.828125,0.0,125736.828125,120243.6640625,29260.59375
test_id_test_id_000583_20,test_id_000583,37,middle,2,6,test_id_000583_t2_c6,little,little_1,2,1.2,0.93,36,230032.22,201131.875,220617.75,226402.859375,239667.953125,8,6.736035493669471,LO,226402.859375,0.0,226402.859375,230032.21875,38536.078125
test_id_test_id_000583_21,test_id_000583,19,high_degree,3,0,test_id_000583_t3_c0,big,big_0,0,1.0,0.9,18,289747.12,254319.171875,277010.46875,283597.03125,298490.875,8,6.736035493669471,LO,283597.03125,0.0,283597.03125,289747.125,44171.703125
test_id_test_id_000583_22,test_id_000583,19,high_degree,3,1,test_id_000583_t3_c1,little,little_0,0,0.6,0.8,18,351530.06,339392.65625,368080.6875,376122.1875,394066.3125,8,6.736035493669471,LO,376122.1875,0.0,376122.1875,351530.0625,54673.65625
test_id_test_id_000583_23,test_id_000583,19,high_degree,3,2,test_id_000583_t3_c2,big,big_1,1,1.4,0.98,18,219820.94,198198.953125,217555.359375,223322.46875,236540.96875,8,6.736035493669471,LO,223322.46875,0.0,223322.46875,219820.9375,38342.015625
test_id_test_id_000583_24,test_id_000583,19,high_degree,3,3,test_id_000583_t3_c3,little,little_0,1,0.9,0.86,18,275125.47,257677.390625,280564.53125,287189.5,302179.40625,8,6.736035493669471,LO,287189.5,0.0,287189.5,275125.46875,44502.015625
test_id_test_id_000583_25,test_id_000583,19,high_degree,3,4,test_id_000583_t3_c4,big,big_1,2,1.8,1.06,18,149856.66,144069.15625,160411.796875,165094.71875,176364.40625,8,6.736035493669471,LO,165094.71875,0.0,165094.71875,149856.65625,32295.25
test_id_test_id_000583_26,test_id_000583,19,high_degree,3,5,test_id_000583_t3_c5,little,little_0,2,1.2,0.93,18,267556.44,242171.03125,264076.0,270474.8125,284967.40625,8,6.736035493669471,LO,270474.8125,0.0,270474.8125,267556.4375,42796.375
test_id_test_id_000583_27,test_id_000583,19,high_degree,3,6,test_id_000583_t3_c6,big,big_0,3,2.2,1.15,18,133059.31,125498.875,141016.484375,145343.46875,156020.0625,8,6.736035493669471,LO,145343.46875,0.0,145343.46875,133059.3125,30521.1875
test_id_test_id_000583_28,test_id_000583,51,communication_heavy,4,0,test_id_000583_t4_c0,little,little_1,0,0.6,0.8,50,576465.9,588708.875,636170.9375,650165.375,675249.25,8,6.736035493669471,LO,650165.375,0.0,650165.375,576465.875,86540.375
test_id_test_id_000583_29,test_id_000583,51,communication_heavy,4,1,test_id_000583_t4_c1,big,big_1,1,1.4,0.98,50,368850.53,344214.375,373582.0,381892.625,400217.75,8,6.736035493669471,LO,381892.625,0.0,381892.625,368850.53125,56003.375
test_id_test_id_000583_30,test_id_000583,51,communication_heavy,4,2,test_id_000583_t4_c2,little,little_0,1,0.9,0.86,50,521852.25,504474.875,547085.125,559413.375,583554.125,8,6.736035493669471,LO,559413.375,0.0,559413.375,521852.25,79079.25
test_id_test_id_000583_31,test_id_000583,51,communication_heavy,4,3,test_id_000583_t4_c3,big,big_1,2,1.8,1.06,50,234498.77,233874.859375,255488.828125,261900.390625,276387.59375,8,6.736035493669471,LO,261900.390625,0.0,261900.390625,234498.765625,42512.734375
test_id_test_id_000583_32,test_id_000583,51,communication_heavy,4,4,test_id_000583_t4_c4,little,little_1,2,1.2,0.93,50,394250.03,389955.9375,423134.0625,432517.65625,452695.40625,8,6.736035493669471,LO,432517.65625,0.0,432517.65625,394250.03125,62739.46875
test_id_test_id_000583_33,test_id_000583,51,communication_heavy,4,5,test_id_000583_t4_c5,big,big_0,3,2.2,1.15,50,180177.86,179164.4375,197489.59375,202928.640625,215545.765625,8,6.736035493669471,LO,202928.640625,0.0,202928.640625,180177.859375,36381.328125
test_id_test_id_000583_34,test_id_000583,51,communication_heavy,4,6,test_id_000583_t4_c6,little,little_1,3,1.5,1.0,50,347188.12,341288.5,370441.96875,378706.59375,396927.5625,8,6.736035493669471,LO,378706.59375,0.0,378706.59375,347188.125,55639.0625
test_id_test_id_000583_35,test_id_000583,55,random,5,0,test_id_000583_t5_c0,big,big_0,1,1.4,0.98,54,245307.69,248757.875,271250.75,277860.125,292761.1875,8,6.736035493669471,LO,277860.125,0.0,277860.125,245307.6875,44003.3125
test_id_test_id_000583_36,test_id_000583,55,random,5,1,test_id_000583_t5_c1,little,little_1,1,0.9,0.86,54,586243.4,558045.375,605122.375,618952.875,644785.0,8,6.736035493669471,LO,618952.875,0.0,618952.875,586243.375,86739.625
test_id_test_id_000583_37,test_id_000583,55,random,5,2,test_id_000583_t5_c2,big,big_1,2,1.8,1.06,54,219522.89,224983.0625,246085.734375,252375.78125,266619.40625,8,6.736035493669471,LO,252375.78125,0.0,252375.78125,219522.890625,41636.34375
test_id_test_id_000583_38,test_id_000583,55,random,5,3,test_id_000583_t5_c3,little,little_1,2,1.2,0.93,54,457552.4,429999.625,466738.6875,477214.6875,499082.59375,8,6.736035493669471,LO,477214.6875,0.0,477214.6875,457552.40625,69082.96875
test_id_test_id_000583_39,test_id_000583,55,random,5,4,test_id_000583_t5_c4,big,big_1,3,2.2,1.15,54,194225.77,201860.234375,221628.09375,227559.1875,241106.3125,8,6.736035493669471,LO,227559.1875,0.0,227559.1875,194225.765625,39246.078125
test_id_test_id_000583_40,test_id_000583,55,random,5,5,test_id_000583_t5_c5,little,little_0,3,1.5,1.0,54,335920.8,335518.15625,364208.375,372352.0,390346.40625,8,6.736035493669471,LO,372352.0,0.0,372352.0,335920.8125,54828.25
test_id_test_id_000583_41,test_id_000583,55,random,5,6,test_id_000583_t5_c6,big,big_1,0,1.0,0.9,54,362858.3,353608.8125,383647.0625,392127.0,410769.3125,8,6.736035493669471,LO,392127.0,0.0,392127.0,362858.3125,57160.5
test_id_test_id_000618_00,test_id_000618,1,source_like,0,0,test_id_000618_t0_c0,little,little_0,3,1.5,1.0,0,75060.98,73278.109375,87383.828125,91314.09375,101023.078125,8,6.736035493669471,HI,91314.09375,15665.78125,106979.875,75060.9765625,27744.96875
test_id_test_id_000618_01,test_id_000618,1,source_like,0,1,test_id_000618_t0_c1,big,big_0,0,1.0,0.9,0,73383.63,69282.546875,83323.65625,87303.578125,97048.34375,8,6.736035493669471,HI,87303.578125,15665.78125,102969.359375,73383.6328125,27765.796875
test_id_test_id_000618_02,test_id_000618,1,source_like,0,2,test_id_000618_t0_c2,little,little_0,0,0.6,0.8,0,167471.75,165904.53125,184611.625,190317.6875,203535.875,8,6.736035493669471,HI,190317.6875,15665.78125,205983.46875,167471.75,37631.34375
test_id_test_id_000618_03,test_id_000618,1,source_like,0,3,test_id_000618_t0_c3,big,big_1,1,1.4,0.98,0,62030.625,55302.125,68622.703125,72493.546875,81767.96875,8,6.736035493669471,HI,72493.546875,15665.78125,88159.328125,62030.625,26465.84375
test_id_test_id_000618_04,test_id_000618,1,source_like,0,4,test_id_000618_t0_c4,little,little_1,1,0.9,0.86,0,119915.125,117249.09375,132889.859375,137361.984375,148342.296875,8,6.736035493669471,HI,137361.984375,15665.78125,153027.765625,119915.125,31093.203125
test_id_test_id_000618_05,test_id_000618,1,source_like,0,5,test_id_000618_t0_c5,big,big_0,2,1.8,1.06,0,44397.254,43790.515625,56592.671875,60416.125,69378.890625,8,6.736035493669471,HI,60416.125,15665.78125,76081.90625,44397.25390625,25588.375
test_id_test_id_000618_06,test_id_000618,1,source_like,0,6,test_id_000618_t0_c6,little,little_1,2,1.2,0.93,0,95377.17,92133.796875,106981.109375,111105.546875,121426.359375,8,6.736035493669471,HI,111105.546875,15665.78125,126771.328125,95377.171875,29292.5625
test_id_test_id_000618_07,test_id_000618,121,sink_like,1,0,test_id_000618_t1_c0,big,big_0,0,1.0,0.9,120,388734.84,387174.09375,420036.3125,429313.3125,449333.5,8,6.736035493669471,HI,429313.3125,15665.78125,444979.09375,388734.84375,62159.40625
test_id_test_id_000618_08,test_id_000618,121,sink_like,1,1,test_id_000618_t1_c1,little,little_0,0,0.6,0.8,120,612210.9,611339.9375,660081.125,674535.5,699868.625,8,6.736035493669471,HI,674535.5,15665.78125,690201.28125,612210.875,88528.6875
test_id_test_id_000618_09,test_id_000618,121,sink_like,1,2,test_id_000618_t1_c2,big,big_1,1,1.4,0.98,120,285668.53,285531.46875,310426.34375,317604.125,333687.6875,8,6.736035493669471,HI,317604.125,15665.78125,333269.90625,285668.53125,48156.21875
test_id_test_id_000618_10,test_id_000618,121,sink_like,1,3,test_id_000618_t1_c3,little,little_1,1,0.9,0.86,120,602253.6,601884.125,652783.0,667955.0625,695273.6875,8,6.736035493669471,HI,667955.0625,15665.78125,683620.84375,602253.625,93389.5625
test_id_test_id_000618_11,test_id_000618,121,sink_like,1,4,test_id_000618_t1_c4,big,big_1,2,1.8,1.06,120,246758.55,253007.984375,275822.3125,282531.375,297628.5,8,6.736035493669471,HI,282531.375,15665.78125,298197.15625,246758.546875,44620.515625
test_id_test_id_000618_12,test_id_000618,121,sink_like,1,5,test_id_000618_t1_c5,little,little_1,2,1.2,0.93,120,458427.6,424510.25,460693.125,470984.5625,492574.46875,8,6.736035493669471,HI,470984.5625,15665.78125,486650.34375,458427.59375,68064.21875
test_id_test_id_000618_13,test_id_000618,121,sink_like,1,6,test_id_000618_t1_c6,big,big_1,3,2.2,1.15,120,186490.8,191670.546875,210803.53125,216529.125,229681.796875,8,6.736035493669471,HI,216529.125,15665.78125,232194.90625,186490.796875,38011.25
test_id_test_id_000618_14,test_id_000618,149,middle,2,0,test_id_000618_t2_c0,little,little_0,0,0.6,0.8,148,614407.3,578755.25,625753.5,639598.625,664599.75,8,6.736035493669471,HI,639598.625,15665.78125,655264.40625,614407.3125,85844.5
test_id_test_id_000618_15,test_id_000618,149,middle,2,1,test_id_000618_t2_c1,big,big_0,1,1.4,0.98,148,286119.75,255599.875,278481.0625,285162.3125,300220.71875,8,6.736035493669471,HI,285162.3125,15665.78125,300828.09375,286119.75,44620.84375
test_id_test_id_000618_16,test_id_000618,149,middle,2,2,test_id_000618_t2_c2,little,little_0,1,0.9,0.86,148,478277.56,443047.5,480729.34375,491487.9375,513722.0625,8,6.736035493669471,HI,491487.9375,15665.78125,507153.71875,478277.5625,70674.5625
test_id_test_id_000618_17,test_id_000618,149,middle,2,3,test_id_000618_t2_c3,big,big_0,2,1.8,1.06,148,210284.52,202362.765625,222058.09375,227938.015625,241382.390625,8,6.736035493669471,HI,227938.015625,15665.78125,243603.796875,210284.515625,39019.625
test_id_test_id_000618_18,test_id_000618,149,middle,2,4,test_id_000618_t2_c4,little,little_0,2,1.2,0.93,148,280166.53,280487.65625,304980.90625,312038.65625,327886.59375,8,6.736035493669471,HI,312038.65625,15665.78125,327704.4375,280166.53125,47398.9375
test_id_test_id_000618_19,test_id_000618,149,middle,2,5,test_id_000618_t2_c5,big,big_0,3,2.2,1.15,148,224228.03,206783.8125,226790.328125,232782.5,246438.53125,8,6.736035493669471,HI,232782.5,15665.78125,248448.28125,224228.03125,39654.71875
test_id_test_id_000618_20,test_id_000618,149,middle,2,6,test_id_000618_t2_c6,little,little_1,3,1.5,1.0,148,298968.28,285587.1875,310468.625,317635.59375,333686.75,8,6.736035493669471,HI,317635.59375,15665.78125,333301.375,298968.28125,48099.5625
test_id_test_id_000618_21,test_id_000618,16,high_degree,3,0,test_id_000618_t3_c0,big,big_0,1,1.4,0.98,15,224393.3,212841.40625,233114.359375,239148.28125,252889.140625,8,6.736035493669471,HI,239148.28125,15665.78125,254814.0625,224393.296875,40047.734375
test_id_test_id_000618_22,test_id_000618,16,high_degree,3,1,test_id_000618_t3_c1,little,little_1,1,0.9,0.86,15,472510.56,420457.5625,456131.5,466255.21875,487567.375,8,6.736035493669471,HI,466255.21875,15665.78125,481921.0,472510.5625,67109.8125
test_id_test_id_000618_23,test_id_000618,16,high_degree,3,2,test_id_000618_t3_c2,big,big_0,2,1.8,1.06,15,238963.98,222404.09375,243283.0625,249496.609375,263582.65625,8,6.736035493669471,HI,249496.609375,15665.78125,265162.390625,238963.984375,41178.5625
test_id_test_id_000618_24,test_id_000618,16,high_degree,3,3,test_id_000618_t3_c3,little,little_1,2,1.2,0.93,15,264631.7,266914.1875,290491.0,297329.875,312721.65625,8,6.736035493669471,HI,297329.875,15665.78125,312995.65625,264631.6875,45807.46875
test_id_test_id_000618_25,test_id_000618,16,high_degree,3,4,test_id_000618_t3_c4,big,big_1,3,2.2,1.15,15,150207.72,144312.328125,160662.4375,165346.125,176617.78125,8,6.736035493669471,HI,165346.125,15665.78125,181011.90625,150207.71875,32305.453125
test_id_test_id_000618_26,test_id_000618,16,high_degree,3,5,test_id_000618_t3_c5,little,little_1,3,1.5,1.0,15,269810.06,257478.21875,280429.34375,287120.84375,302190.0625,8,6.736035493669471,HI,287120.84375,15665.78125,302786.625,269810.0625,44711.84375
test_id_test_id_000618_27,test_id_000618,16,high_degree,3,6,test_id_000618_t3_c6,big,big_1,0,1.0,0.9,15,257805.05,256599.375,279528.28125,286209.0,301286.09375,8,6.736035493669471,HI,286209.0,15665.78125,301874.78125,257805.046875,44686.71875
test_id_test_id_000618_28,test_id_000618,67,communication_heavy,4,0,test_id_000618_t4_c0,little,little_0,1,0.9,0.86,66,835806.7,811109.1875,886083.3125,907853.8125,949148.375,8,6.736035493669471,HI,907853.8125,15665.78125,923519.59375,835806.6875,138039.1875
test_id_test_id_000618_29,test_id_000618,67,communication_heavy,4,1,test_id_000618_t4_c1,big,big_1,2,1.8,1.06,66,313202.66,310952.84375,337662.4375,345282.5625,362265.125,8,6.736035493669471,HI,345282.5625,15665.78125,360948.34375,313202.65625,51312.28125
test_id_test_id_000618_30,test_id_000618,67,communication_heavy,4,2,test_id_000618_t4_c2,little,little_0,2,1.2,0.93,66,574706.94,539957.5,586211.375,599838.875,625672.125,8,6.736035493669471,HI,599838.875,15665.78125,615504.65625,574706.9375,85714.625
test_id_test_id_000618_31,test_id_000618,67,communication_heavy,4,3,test_id_000618_t4_c3,big,big_1,3,2.2,1.15,66,234358.81,238696.375,260515.46875,266951.34375,281488.25,8,6.736035493669471,HI,266951.34375,15665.78125,282617.125,234358.8125,42791.875
test_id_test_id_000618_32,test_id_000618,67,communication_heavy,4,4,test_id_000618_t4_c4,little,little_0,3,1.5,1.0,66,584413.8,551384.0,599506.75,613850.0,640812.625,8,6.736035493669471,HI,613850.0,15665.78125,629515.78125,584413.8125,89428.625
test_id_test_id_000618_33,test_id_000618,67,communication_heavy,4,5,test_id_000618_t4_c5,big,big_0,0,1.0,0.9,66,600514.4,619414.125,672066.5,687934.8125,716037.625,8,6.736035493669471,HI,687934.8125,15665.78125,703600.59375,600514.375,96623.5
test_id_test_id_000618_34,test_id_000618,67,communication_heavy,4,6,test_id_000618_t4_c6,little,little_0,0,0.6,0.8,66,1008090.56,936596.9375,1023406.1875,1045965.75,1098787.0,8,6.736035493669471,HI,1045965.75,15665.78125,1061631.53125,1008090.5625,162190.0625
test_id_test_id_000618_35,test_id_000618,73,random,5,0,test_id_000618_t5_c0,big,big_0,2,1.8,1.06,72,120355.125,120518.234375,135903.921875,140179.421875,150778.9375,8,6.736035493669471,HI,140179.421875,15665.78125,155845.203125,120355.125,30260.703125
test_id_test_id_000618_36,test_id_000618,73,random,5,1,test_id_000618_t5_c1,little,little_1,2,1.2,0.93,72,201142.78,204423.40625,224214.15625,230139.25,243649.1875,8,6.736035493669471,HI,230139.25,15665.78125,245805.03125,201142.78125,39225.78125
test_id_test_id_000618_37,test_id_000618,73,random,5,2,test_id_000618_t5_c2,big,big_0,3,2.2,1.15,72,86938.7,92356.40625,106861.078125,110837.1875,120860.09375,8,6.736035493669471,HI,110837.1875,15665.78125,126502.96875,86938.703125,28503.6875
test_id_test_id_000618_38,test_id_000618,73,random,5,3,test_id_000618_t5_c3,little,little_1,3,1.5,1.0,72,171526.0,177919.40625,196147.3125,201550.09375,214095.8125,8,6.736035493669471,HI,201550.09375,15665.78125,217215.875,171526.0,36176.40625
test_id_test_id_000618_39,test_id_000618,73,random,5,4,test_id_000618_t5_c4,big,big_0,0,1.0,0.9,72,166277.62,170111.53125,188096.78125,193488.125,206015.8125,8,6.736035493669471,HI,193488.125,15665.78125,209153.90625,166277.625,35904.28125
test_id_test_id_000618_40,test_id_000618,73,random,5,5,test_id_000618_t5_c5,little,little_1,0,0.6,0.8,72,415346.44,416116.5625,448569.1875,457341.75,476124.65625,8,6.736035493669471,HI,457341.75,15665.78125,473007.53125,415346.4375,60008.09375
test_id_test_id_000618_41,test_id_000618,73,random,5,6,test_id_000618_t5_c6,big,big_0,1,1.4,0.98,72,144670.81,147795.625,164410.96875,169206.3125,180680.875,8,6.736035493669471,HI,169206.3125,15665.78125,184872.09375,144670.8125,32885.25
test_id_test_id_000629_00,test_id_000629,5,source_like,0,0,test_id_000629_t0_c0,big,big_0,1,1.4,0.98,4,94593.4,94318.21875,108972.8125,113028.734375,123204.65625,8,6.736035493669471,LO,113028.734375,0.0,113028.734375,94593.3984375,28886.4375
test_id_test_id_000629_01,test_id_000629,5,source_like,0,1,test_id_000629_t0_c1,little,little_1,1,0.9,0.86,4,215722.89,203532.546875,223646.953125,229782.78125,243694.765625,8,6.736035493669471,LO,229782.78125,0.0,229782.78125,215722.890625,40162.21875
test_id_test_id_000629_02,test_id_000629,5,source_like,0,2,test_id_000629_t0_c2,big,big_0,2,1.8,1.06,4,70544.79,76814.46875,90902.46875,94806.125,104531.40625,8,6.736035493669471,LO,94806.125,0.0,94806.125,70544.7890625,27716.9375
test_id_test_id_000629_03,test_id_000629,5,source_like,0,3,test_id_000629_t0_c3,little,little_0,2,1.2,0.93,4,165448.4,167032.71875,184732.8125,190013.921875,202313.375,8,6.736035493669471,LO,190013.921875,0.0,190013.921875,165448.40625,35280.65625
test_id_test_id_000629_04,test_id_000629,5,source_like,0,4,test_id_000629_t0_c4,big,big_1,3,2.2,1.15,4,63193.473,62962.65625,76522.609375,80353.609375,89705.53125,8,6.736035493669471,LO,80353.609375,0.0,80353.609375,63193.47265625,26742.875
test_id_test_id_000629_05,test_id_000629,5,source_like,0,5,test_id_000629_t0_c5,little,little_1,3,1.5,1.0,4,139862.47,142124.875,158391.15625,163042.875,174257.0,8,6.736035493669471,LO,163042.875,0.0,163042.875,139862.46875,32132.125
test_id_test_id_000629_06,test_id_000629,5,source_like,0,6,test_id_000629_t0_c6,big,big_0,0,1.0,0.9,4,137405.66,135969.921875,152169.0625,156867.40625,168179.59375,8,6.736035493669471,LO,156867.40625,0.0,156867.40625,137405.65625,32209.671875
test_id_test_id_000629_07,test_id_000629,74,sink_like,1,0,test_id_000629_t1_c0,little,little_0,1,0.9,0.86,73,312645.0,309616.09375,336154.4375,343703.125,360566.8125,8,6.736035493669471,LO,343703.125,0.0,343703.125,312645.0,50950.71875
test_id_test_id_000629_08,test_id_000629,74,sink_like,1,1,test_id_000629_t1_c1,big,big_1,2,1.8,1.06,73,139256.03,132735.921875,148618.875,153102.046875,164048.09375,8,6.736035493669471,LO,153102.046875,0.0,153102.046875,139256.03125,31312.171875
test_id_test_id_000629_09,test_id_000629,74,sink_like,1,2,test_id_000629_t1_c2,little,little_0,2,1.2,0.93,73,236229.53,221419.609375,242178.25,248336.09375,262325.1875,8,6.736035493669471,LO,248336.09375,0.0,248336.09375,236229.53125,40905.578125
test_id_test_id_000629_10,test_id_000629,74,sink_like,1,3,test_id_000629_t1_c3,big,big_1,3,2.2,1.15,73,102998.01,98077.8125,112704.265625,116715.109375,126827.234375,8,6.736035493669471,LO,116715.109375,0.0,116715.109375,102998.0078125,28749.421875
test_id_test_id_000629_11,test_id_000629,74,sink_like,1,4,test_id_000629_t1_c4,little,little_0,3,1.5,1.0,73,179931.6,171705.53125,189573.65625,194849.125,207166.59375,8,6.736035493669471,LO,194849.125,0.0,194849.125,179931.59375,35461.0625
test_id_test_id_000629_12,test_id_000629,74,sink_like,1,5,test_id_000629_t1_c5,big,big_0,0,1.0,0.9,73,173327.1,172870.53125,190987.578125,196413.3125,209011.125,8,6.736035493669471,LO,196413.3125,0.0,196413.3125,173327.09375,36140.59375
test_id_test_id_000629_13,test_id_000629,74,sink_like,1,6,test_id_000629_t1_c6,little,little_1,0,0.6,0.8,73,406812.25,379573.28125,410102.375,418397.8125,436711.46875,8,6.736035493669471,LO,418397.8125,0.0,418397.8125,406812.25,57138.1875
test_id_test_id_000629_14,test_id_000629,56,middle,2,0,test_id_000629_t2_c0,big,big_1,2,1.8,1.06,55,159588.4,160984.0625,178293.921875,183361.15625,195308.046875,8,6.736035493669471,LO,183361.15625,0.0,183361.15625,159588.40625,34323.984375
test_id_test_id_000629_15,test_id_000629,56,middle,2,1,test_id_000629_t2_c1,little,little_0,2,1.2,0.93,55,297528.5,312908.65625,339771.125,347431.34375,364485.3125,8,6.736035493669471,LO,347431.34375,0.0,347431.34375,297528.5,51576.65625
test_id_test_id_000629_16,test_id_000629,56,middle,2,2,test_id_000629_t2_c2,big,big_0,3,2.2,1.15,55,123475.02,130765.375,146501.09375,150936.46875,161789.578125,8,6.736035493669471,LO,150936.46875,0.0,150936.46875,123475.0234375,31024.203125
test_id_test_id_000629_17,test_id_000629,56,middle,2,3,test_id_000629_t2_c3,little,little_0,3,1.5,1.0,55,293826.62,279270.96875,303736.59375,310816.1875,326671.25,8,6.736035493669471,LO,310816.1875,0.0,310816.1875,293826.625,47400.28125
test_id_test_id_000629_18,test_id_000629,56,middle,2,4,test_id_000629_t2_c4,big,big_1,0,1.0,0.9,55,293197.56,286294.9375,311219.6875,318384.8125,334463.03125,8,6.736035493669471,LO,318384.8125,0.0,318384.8125,293197.5625,48168.09375
test_id_test_id_000629_19,test_id_000629,56,middle,2,5,test_id_000629_t2_c5,little,little_1,0,0.6,0.8,55,489933.78,535166.6875,577598.5,589752.625,612769.375,8,6.736035493669471,LO,589752.625,0.0,589752.625,489933.78125,77602.6875
test_id_test_id_000629_20,test_id_000629,56,middle,2,6,test_id_000629_t2_c6,big,big_0,1,1.4,0.98,55,178352.92,189799.875,208772.03125,214434.328125,227464.0625,8,6.736035493669471,LO,214434.328125,0.0,214434.328125,178352.921875,37664.1875
test_id_test_id_000629_21,test_id_000629,73,high_degree,3,0,test_id_000629_t3_c0,little,little_0,2,1.2,0.93,72,320293.72,307173.25,333641.34375,341194.6875,358044.53125,8,6.736035493669471,LO,341194.6875,0.0,341194.6875,320293.71875,50871.28125
test_id_test_id_000629_22,test_id_000629,73,high_degree,3,1,test_id_000629_t3_c1,big,big_0,3,2.2,1.15,72,117871.52,116468.265625,131608.171875,135801.078125,146246.125,8,6.736035493669471,LO,135801.078125,0.0,135801.078125,117871.5234375,29777.859375
test_id_test_id_000629_23,test_id_000629,73,high_degree,3,2,test_id_000629_t3_c2,little,little_1,3,1.5,1.0,72,216215.7,206004.65625,225776.28125,231640.140625,245056.21875,8,6.736035493669471,LO,231640.140625,0.0,231640.140625,216215.703125,39051.5625
test_id_test_id_000629_24,test_id_000629,73,high_degree,3,3,test_id_000629_t3_c3,big,big_0,0,1.0,0.9,72,229997.75,226986.734375,248064.6875,254295.71875,268438.25,8,6.736035493669471,LO,254295.71875,0.0,254295.71875,229997.75,41451.515625
test_id_test_id_000629_25,test_id_000629,73,high_degree,3,4,test_id_000629_t3_c4,little,little_0,0,0.6,0.8,72,430562.28,412928.75,446468.65625,455788.75,475678.78125,8,6.736035493669471,LO,455788.75,0.0,455788.75,430562.28125,62750.03125
test_id_test_id_000629_26,test_id_000629,73,high_degree,3,5,test_id_000629_t3_c5,big,big_0,1,1.4,0.98,72,204069.89,188580.59375,207423.765625,213038.59375,225974.03125,8,6.736035493669471,LO,213038.59375,0.0,213038.59375,204069.890625,37393.4375
test_id_test_id_000629_27,test_id_000629,73,high_degree,3,6,test_id_000629_t3_c6,little,little_0,1,0.9,0.86,72,353717.72,333386.84375,361802.46875,369849.0625,387678.75,8,6.736035493669471,LO,369849.0625,0.0,369849.0625,353717.71875,54291.90625
test_id_test_id_000629_28,test_id_000629,96,communication_heavy,4,0,test_id_000629_t4_c0,big,big_0,3,2.2,1.15,95,161544.88,162782.6875,180194.4375,185293.34375,197301.59375,8,6.736035493669471,LO,185293.34375,0.0,185293.34375,161544.875,34518.90625
test_id_test_id_000629_29,test_id_000629,96,communication_heavy,4,1,test_id_000629_t4_c1,little,little_0,3,1.5,1.0,95,216763.02,225048.5,245922.015625,252074.71875,266058.84375,8,6.736035493669471,LO,252074.71875,0.0,252074.71875,216763.015625,41010.34375
test_id_test_id_000629_30,test_id_000629,96,communication_heavy,4,2,test_id_000629_t4_c2,big,big_0,0,1.0,0.9,95,293796.7,280093.65625,304541.59375,311563.65625,327366.03125,8,6.736035493669471,LO,311563.65625,0.0,311563.65625,293796.6875,47272.375
test_id_test_id_000629_31,test_id_000629,96,communication_heavy,4,3,test_id_000629_t4_c3,little,little_0,0,0.6,0.8,95,403738.2,410202.0625,443885.9375,453300.8125,473396.3125,8,6.736035493669471,LO,453300.8125,0.0,453300.8125,403738.1875,63194.25
test_id_test_id_000629_32,test_id_000629,96,communication_heavy,4,4,test_id_000629_t4_c4,big,big_0,1,1.4,0.98,95,197459.52,200986.53125,220501.8125,226308.078125,239607.359375,8,6.736035493669471,LO,226308.078125,0.0,226308.078125,197459.515625,38620.828125
test_id_test_id_000629_33,test_id_000629,96,communication_heavy,4,5,test_id_000629_t4_c5,little,little_1,1,0.9,0.86,95,308892.78,315924.21875,342977.4375,350660.5625,367797.8125,8,6.736035493669471,LO,350660.5625,0.0,350660.5625,308892.78125,51873.59375
test_id_test_id_000629_34,test_id_000629,96,communication_heavy,4,6,test_id_000629_t4_c6,big,big_1,2,1.8,1.06,95,122550.35,132000.09375,147701.828125,152134.0,162970.109375,8,6.736035493669471,LO,152134.0,0.0,152134.0,122550.3515625,30970.015625
test_id_test_id_000629_35,test_id_000629,20,random,5,0,test_id_000629_t5_c0,little,little_1,3,1.5,1.0,19,81335.0,91429.34375,106044.6875,110075.6875,120197.359375,8,6.736035493669471,LO,110075.6875,0.0,110075.6875,81335.0,28768.015625
test_id_test_id_000629_36,test_id_000629,20,random,5,1,test_id_000629_t5_c1,big,big_1,0,1.0,0.9,19,104192.7,115875.6875,131524.875,136005.1875,147030.453125,8,6.736035493669471,LO,136005.1875,0.0,136005.1875,104192.703125,31154.765625
test_id_test_id_000629_37,test_id_000629,20,random,5,2,test_id_000629_t5_c2,little,little_0,0,0.6,0.8,19,198574.77,215183.9375,237264.09375,244080.71875,259568.65625,8,6.736035493669471,LO,244080.71875,0.0,244080.71875,198574.765625,44384.71875
test_id_test_id_000629_38,test_id_000629,20,random,5,3,test_id_000629_t5_c3,big,big_0,1,1.4,0.98,19,74822.54,82369.28125,96796.859375,100826.984375,110862.859375,8,6.736035493669471,LO,100826.984375,0.0,100826.984375,74822.5390625,28493.578125
test_id_test_id_000629_39,test_id_000629,20,random,5,4,test_id_000629_t5_c4,little,little_0,1,0.9,0.86,19,144374.97,154834.5,172318.984375,177537.265625,189824.28125,8,6.736035493669471,LO,177537.265625,0.0,177537.265625,144374.96875,34989.78125
test_id_test_id_000629_40,test_id_000629,20,random,5,5,test_id_000629_t5_c5,big,big_0,2,1.8,1.06,19,61107.44,67289.984375,81036.125,84933.9375,94492.09375,8,6.736035493669471,LO,84933.9375,0.0,84933.9375,61107.44140625,27202.109375
test_id_test_id_000629_41,test_id_000629,20,random,5,6,test_id_000629_t5_c6,little,little_0,2,1.2,0.93,19,109816.74,121915.46875,137535.171875,141957.65625,152832.859375,8,6.736035493669471,LO,141957.65625,0.0,141957.65625,109816.7421875,30917.390625
test_id_test_id_000631_00,test_id_000631,3,source_like,0,0,test_id_000631_t0_c0,little,little_1,1,0.9,0.86,2,274681.9,232263.4375,253680.796875,260002.25,274314.09375,8,6.736035493669471,HI,260002.25,15665.78125,275668.03125,274681.90625,42050.65625
test_id_test_id_000631_01,test_id_000631,3,source_like,0,1,test_id_000631_t0_c1,big,big_0,2,1.8,1.06,2,87089.32,77940.234375,92032.484375,95952.734375,105727.1875,8,6.736035493669471,HI,95952.734375,15665.78125,111618.515625,87089.3203125,27786.953125
test_id_test_id_000631_02,test_id_000631,3,source_like,0,2,test_id_000631_t0_c2,little,little_0,2,1.2,0.93,2,217375.19,183412.15625,201920.28125,207444.828125,220186.484375,8,6.736035493669471,HI,207444.828125,15665.78125,223110.609375,217375.1875,36774.328125
test_id_test_id_000631_03,test_id_000631,3,source_like,0,3,test_id_000631_t0_c3,big,big_0,3,2.2,1.15,2,78145.484,72451.0,86409.359375,90303.15625,99947.578125,8,6.736035493669471,HI,90303.15625,15665.78125,105968.9375,78145.484375,27496.578125
test_id_test_id_000631_04,test_id_000631,3,source_like,0,4,test_id_000631_t0_c4,little,little_1,3,1.5,1.0,2,155375.8,139269.84375,155525.203125,160210.40625,171483.0625,8,6.736035493669471,HI,160210.40625,15665.78125,175876.1875,155375.796875,32213.21875
test_id_test_id_000631_05,test_id_000631,3,source_like,0,5,test_id_000631_t0_c5,big,big_1,0,1.0,0.9,2,166173.2,144095.390625,160770.125,165684.203125,177369.40625,8,6.736035493669471,HI,165684.203125,15665.78125,181349.984375,166173.203125,33274.015625
test_id_test_id_000631_06,test_id_000631,3,source_like,0,6,test_id_000631_t0_c6,little,little_1,0,0.6,0.8,2,398615.8,355882.5,384080.21875,391517.5,408398.40625,8,6.736035493669471,HI,391517.5,15665.78125,407183.28125,398615.8125,52515.90625
test_id_test_id_000631_07,test_id_000631,49,sink_like,1,0,test_id_000631_t1_c0,big,big_1,2,1.8,1.06,48,209214.69,206343.265625,226389.8125,232408.171875,246116.265625,8,6.736035493669471,HI,232408.171875,15665.78125,248073.953125,209214.6875,39773.0
test_id_test_id_000631_08,test_id_000631,49,sink_like,1,1,test_id_000631_t1_c1,little,little_1,2,1.2,0.93,48,309100.2,306923.90625,333308.78125,340845.125,357667.34375,8,6.736035493669471,HI,340845.125,15665.78125,356510.90625,309100.1875,50743.4375
test_id_test_id_000631_09,test_id_000631,49,sink_like,1,2,test_id_000631_t1_c2,big,big_1,3,2.2,1.15,48,236955.1,220929.109375,241853.21875,248124.53125,262330.53125,8,6.736035493669471,HI,248124.53125,15665.78125,263790.3125,236955.09375,41401.421875
test_id_test_id_000631_10,test_id_000631,49,sink_like,1,3,test_id_000631_t1_c3,little,little_0,3,1.5,1.0,48,343701.0,330897.125,359225.46875,367274.59375,385091.125,8,6.736035493669471,HI,367274.59375,15665.78125,382940.375,343701.0,54194.0
test_id_test_id_000631_11,test_id_000631,49,sink_like,1,4,test_id_000631_t1_c4,big,big_1,0,1.0,0.9,48,293728.78,302083.6875,328121.90625,335564.0,352216.21875,8,6.736035493669471,HI,335564.0,15665.78125,351229.78125,293728.78125,50132.53125
test_id_test_id_000631_12,test_id_000631,49,sink_like,1,5,test_id_000631_t1_c5,little,little_0,0,0.6,0.8,48,637333.7,643445.75,694750.625,710115.5,736393.3125,8,6.736035493669471,HI,710115.5,15665.78125,725781.28125,637333.6875,92947.5625
test_id_test_id_000631_13,test_id_000631,49,sink_like,1,6,test_id_000631_t1_c6,big,big_0,1,1.4,0.98,48,314228.2,290976.0625,316266.75,323538.46875,339818.09375,8,6.736035493669471,HI,323538.46875,15665.78125,339204.25,314228.1875,48842.03125
test_id_test_id_000631_14,test_id_000631,30,middle,2,0,test_id_000631_t2_c0,little,little_0,2,1.2,0.93,29,285506.97,273248.9375,297300.28125,304277.8125,319941.84375,8,6.736035493669471,HI,304277.8125,15665.78125,319943.59375,285506.96875,46692.90625
test_id_test_id_000631_15,test_id_000631,30,middle,2,1,test_id_000631_t2_c1,big,big_0,3,2.2,1.15,29,154013.61,151048.125,167891.140625,172760.625,184375.6875,8,6.736035493669471,HI,172760.625,15665.78125,188426.40625,154013.609375,33327.5625
test_id_test_id_000631_16,test_id_000631,30,middle,2,2,test_id_000631_t2_c2,little,little_1,3,1.5,1.0,29,214494.34,206718.9375,226687.546875,232656.296875,246265.84375,8,6.736035493669471,HI,232656.296875,15665.78125,248322.078125,214494.34375,39546.90625
test_id_test_id_000631_17,test_id_000631,30,middle,2,3,test_id_000631_t2_c3,big,big_1,0,1.0,0.9,29,268790.7,257131.890625,280133.90625,286851.875,301991.75,8,6.736035493669471,HI,286851.875,15665.78125,302517.65625,268790.6875,44859.859375
test_id_test_id_000631_18,test_id_000631,30,middle,2,4,test_id_000631_t2_c4,little,little_1,0,0.6,0.8,29,677687.3,618799.375,667516.0,681913.4375,706835.875,8,6.736035493669471,HI,681913.4375,15665.78125,697579.21875,677687.3125,88036.5
test_id_test_id_000631_19,test_id_000631,30,middle,2,5,test_id_000631_t2_c5,big,big_1,1,1.4,0.98,29,215461.36,205103.0625,224960.984375,230893.6875,244433.40625,8,6.736035493669471,HI,230893.6875,15665.78125,246559.46875,215461.359375,39330.34375
test_id_test_id_000631_20,test_id_000631,30,middle,2,6,test_id_000631_t2_c6,little,little_1,1,0.9,0.86,29,396596.66,398602.5625,432190.0625,441658.59375,461939.5625,8,6.736035493669471,HI,441658.59375,15665.78125,457324.375,396596.65625,63337.0
test_id_test_id_000631_21,test_id_000631,48,communication_heavy,3,0,test_id_000631_t3_c0,big,big_1,3,2.2,1.15,47,207214.17,208926.34375,229134.71875,235206.84375,249019.4375,8,6.736035493669471,HI,235206.84375,15665.78125,250872.625,207214.171875,40093.09375
test_id_test_id_000631_22,test_id_000631,48,communication_heavy,3,1,test_id_000631_t3_c1,little,little_0,3,1.5,1.0,47,332047.1,326709.34375,354699.0625,362657.90625,380295.625,8,6.736035493669471,HI,362657.90625,15665.78125,378323.6875,332047.09375,53586.28125
test_id_test_id_000631_23,test_id_000631,48,communication_heavy,3,2,test_id_000631_t3_c2,big,big_1,0,1.0,0.9,47,359012.38,360944.15625,391633.8125,400300.5,419278.4375,8,6.736035493669471,HI,400300.5,15665.78125,415966.28125,359012.375,58334.28125
test_id_test_id_000631_24,test_id_000631,48,communication_heavy,3,3,test_id_000631_t3_c3,little,little_1,0,0.6,0.8,47,621569.6,604677.9375,653018.125,667324.6875,692526.25,8,6.736035493669471,HI,667324.6875,15665.78125,682990.46875,621569.625,87848.3125
test_id_test_id_000631_25,test_id_000631,48,communication_heavy,3,4,test_id_000631_t3_c4,big,big_0,1,1.4,0.98,47,280276.3,270839.875,294747.5625,301689.4375,317280.90625,8,6.736035493669471,HI,301689.4375,15665.78125,317355.21875,280276.3125,46441.03125
test_id_test_id_000631_26,test_id_000631,48,communication_heavy,3,5,test_id_000631_t3_c5,little,little_1,1,0.9,0.86,47,379678.66,401339.5625,435127.375,444647.5,465022.6875,8,6.736035493669471,HI,444647.5,15665.78125,460313.28125,379678.65625,63683.125
test_id_test_id_000631_27,test_id_000631,48,communication_heavy,3,6,test_id_000631_t3_c6,big,big_1,2,1.8,1.06,47,163778.3,169901.96875,187654.1875,192888.328125,205126.3125,8,6.736035493669471,HI,192888.328125,15665.78125,208554.109375,163778.296875,35224.34375
test_id_test_id_000631_28,test_id_000631,51,random,4,0,test_id_000631_t4_c0,little,little_1,3,1.5,1.0,50,171757.31,175562.515625,193605.296875,198934.6875,211347.078125,8,6.736035493669471,HI,198934.6875,15665.78125,214600.46875,171757.3125,35784.5625
test_id_test_id_000631_29,test_id_000631,51,random,4,1,test_id_000631_t4_c1,big,big_1,0,1.0,0.9,50,210665.03,205326.5625,225164.28125,231091.1875,244624.375,8,6.736035493669471,HI,231091.1875,15665.78125,246756.96875,210665.03125,39297.8125
test_id_test_id_000631_30,test_id_000631,51,random,4,2,test_id_000631_t4_c2,little,little_0,0,0.6,0.8,50,362286.3,386370.21875,417541.78125,426068.875,444726.25,8,6.736035493669471,HI,426068.875,15665.78125,441734.65625,362286.3125,58356.03125
test_id_test_id_000631_31,test_id_000631,51,random,4,3,test_id_000631_t4_c3,big,big_0,1,1.4,0.98,50,169902.89,180119.375,198503.53125,203977.53125,216650.4375,8,6.736035493669471,HI,203977.53125,15665.78125,219643.3125,169902.890625,36531.0625
test_id_test_id_000631_32,test_id_000631,51,random,4,4,test_id_000631_t4_c4,little,little_0,1,0.9,0.86,50,228566.02,234584.28125,256165.734375,262526.75,276946.5625,8,6.736035493669471,HI,262526.75,15665.78125,278192.53125,228566.015625,42362.28125
test_id_test_id_000631_33,test_id_000631,51,random,4,5,test_id_000631_t4_c5,big,big_0,2,1.8,1.06,50,118913.71,125389.765625,140915.640625,145254.71875,155952.9375,8,6.736035493669471,HI,145254.71875,15665.78125,160920.5,118913.7109375,30563.171875
test_id_test_id_000631_34,test_id_000631,51,random,4,6,test_id_000631_t4_c6,little,little_0,2,1.2,0.93,50,214425.27,226062.75,247039.703125,253234.234375,267298.4375,8,6.736035493669471,HI,253234.234375,15665.78125,268900.015625,214425.265625,41235.6875
test_id_test_id_000631_35,test_id_000631,52,diverse_fill_1,5,0,test_id_000631_t5_c0,big,big_1,0,1.0,0.9,51,337717.22,331802.71875,360096.375,368111.21875,385887.6875,8,6.736035493669471,HI,368111.21875,15665.78125,383777.0,337717.21875,54084.96875
test_id_test_id_000631_36,test_id_000631,52,diverse_fill_1,5,1,test_id_000631_t5_c1,little,little_1,0,0.6,0.8,51,631403.4,670759.625,724665.25,740943.875,768395.75,8,6.736035493669471,HI,740943.875,15665.78125,756609.65625,631403.375,97636.125
test_id_test_id_000631_37,test_id_000631,52,diverse_fill_1,5,2,test_id_000631_t5_c2,big,big_1,1,1.4,0.98,51,273619.38,263357.46875,286784.625,293619.0625,308982.875,8,6.736035493669471,HI,293619.0625,15665.78125,309284.84375,273619.375,45625.40625
test_id_test_id_000631_38,test_id_000631,52,diverse_fill_1,5,3,test_id_000631_t5_c3,little,little_0,1,0.9,0.86,51,504745.7,513246.21875,556469.125,568981.5,593321.5,8,6.736035493669471,HI,568981.5,15665.78125,584647.28125,504745.6875,80075.28125
test_id_test_id_000631_39,test_id_000631,52,diverse_fill_1,5,4,test_id_000631_t5_c4,big,big_0,2,1.8,1.06,51,192527.64,198952.90625,218559.171875,224445.09375,237898.90625,8,6.736035493669471,HI,224445.09375,15665.78125,240110.875,192527.640625,38946.0
test_id_test_id_000631_40,test_id_000631,52,diverse_fill_1,5,5,test_id_000631_t5_c5,little,little_0,2,1.2,0.93,51,300259.0,315250.96875,342255.0625,349946.28125,367074.3125,8,6.736035493669471,HI,349946.28125,15665.78125,365612.0625,300259.0,51823.34375
test_id_test_id_000631_41,test_id_000631,52,diverse_fill_1,5,6,test_id_000631_t5_c6,big,big_1,3,2.2,1.15,51,170490.9,172993.046875,191078.9375,196446.21875,208943.9375,8,6.736035493669471,HI,196446.21875,15665.78125,212112.0,170490.90625,35950.890625
test_id_test_id_000697_00,test_id_000697,14,source_like,0,0,test_id_000697_t0_c0,big,big_1,3,2.2,1.15,13,28460.17,31270.296875,43755.59375,47632.34375,56457.765625,8,6.736035493669471,LO,47632.34375,0.0,47632.34375,28460.169921875,25187.46875
test_id_test_id_000697_01,test_id_000697,14,source_like,0,1,test_id_000697_t0_c1,little,little_0,3,1.5,1.0,13,62321.297,64265.671875,78046.109375,81956.671875,91465.703125,8,6.736035493669471,LO,81956.671875,0.0,81956.671875,62321.296875,27200.03125
test_id_test_id_000697_02,test_id_000697,14,source_like,0,2,test_id_000697_t0_c2,big,big_1,0,1.0,0.9,13,63608.652,63797.859375,77686.28125,81678.125,91343.90625,8,6.736035493669471,LO,81678.125,0.0,81678.125,63608.65234375,27546.046875
test_id_test_id_000697_03,test_id_000697,14,source_like,0,3,test_id_000697_t0_c3,little,little_1,0,0.6,0.8,13,147898.14,142430.0625,159722.125,164902.21875,177179.421875,8,6.736035493669471,LO,164902.21875,0.0,164902.21875,147898.140625,34749.359375
test_id_test_id_000697_04,test_id_000697,14,source_like,0,4,test_id_000697_t0_c4,big,big_0,1,1.4,0.98,13,44247.504,41492.859375,54235.0625,58069.296875,67008.546875,8,6.736035493669471,LO,58069.296875,0.0,58069.296875,44247.50390625,25515.6875
test_id_test_id_000697_05,test_id_000697,14,source_like,0,5,test_id_000697_t0_c5,little,little_0,1,0.9,0.86,13,98911.57,96621.828125,111555.15625,115753.734375,126217.109375,8,6.736035493669471,LO,115753.734375,0.0,115753.734375,98911.5703125,29595.28125
test_id_test_id_000697_06,test_id_000697,14,source_like,0,6,test_id_000697_t0_c6,big,big_1,2,1.8,1.06,13,33089.04,33621.03125,46099.390625,49919.25,58670.3125,8,6.736035493669471,LO,49919.25,0.0,49919.25,33089.0390625,25049.28125
test_id_test_id_000697_07,test_id_000697,116,sink_like,1,0,test_id_000697_t1_c0,little,little_0,3,1.5,1.0,115,361564.9,365272.75,396411.65625,405216.5625,424424.28125,8,6.736035493669471,LO,405216.5625,0.0,405216.5625,361564.90625,59151.53125
test_id_test_id_000697_08,test_id_000697,116,sink_like,1,1,test_id_000697_t1_c1,big,big_1,0,1.0,0.9,115,383966.44,383569.34375,416120.0,425305.875,445174.375,8,6.736035493669471,LO,425305.875,0.0,425305.875,383966.4375,61605.03125
test_id_test_id_000697_09,test_id_000697,116,sink_like,1,2,test_id_000697_t1_c2,little,little_1,0,0.6,0.8,115,686882.4,692425.5,748868.375,766066.375,794894.625,8,6.736035493669471,LO,766066.375,0.0,766066.375,686882.375,102469.125
test_id_test_id_000697_10,test_id_000697,116,sink_like,1,3,test_id_000697_t1_c3,big,big_1,1,1.4,0.98,115,250937.81,253480.796875,276263.34375,282937.90625,297976.46875,8,6.736035493669471,LO,282937.90625,0.0,282937.90625,250937.8125,44495.671875
test_id_test_id_000697_11,test_id_000697,116,sink_like,1,4,test_id_000697_t1_c4,little,little_1,1,0.9,0.86,115,579868.6,547968.25,594097.125,607613.75,633034.625,8,6.736035493669471,LO,607613.75,0.0,607613.75,579868.625,85066.375
test_id_test_id_000697_12,test_id_000697,116,sink_like,1,5,test_id_000697_t1_c5,big,big_0,2,1.8,1.06,115,283961.44,280415.90625,304994.59375,312105.71875,328049.09375,8,6.736035493669471,LO,312105.71875,0.0,312105.71875,283961.4375,47633.1875
test_id_test_id_000697_13,test_id_000697,116,sink_like,1,6,test_id_000697_t1_c6,little,little_0,2,1.2,0.93,115,393665.75,389867.28125,422973.5,432323.625,452449.65625,8,6.736035493669471,LO,432323.625,0.0,432323.625,393665.75,62582.375
test_id_test_id_000697_14,test_id_000697,71,middle,2,0,test_id_000697_t2_c0,big,big_1,0,1.0,0.9,70,394556.44,387935.78125,420844.03125,430128.8125,450163.1875,8,6.736035493669471,LO,430128.8125,0.0,430128.8125,394556.4375,62227.40625
test_id_test_id_000697_15,test_id_000697,71,middle,2,1,test_id_000697_t2_c1,little,little_1,0,0.6,0.8,70,859018.8,793112.375,860847.6875,881049.0,916898.75,8,6.736035493669471,LO,881049.0,0.0,881049.0,859018.8125,123786.375
test_id_test_id_000697_16,test_id_000697,71,middle,2,2,test_id_000697_t2_c2,big,big_0,1,1.4,0.98,70,282020.66,280528.28125,305036.625,312106.5625,327970.21875,8,6.736035493669471,LO,312106.5625,0.0,312106.5625,282020.65625,47441.9375
test_id_test_id_000697_17,test_id_000697,71,middle,2,3,test_id_000697_t2_c3,little,little_1,1,0.9,0.86,70,487682.47,513017.5,556292.5,568848.5,593217.125,8,6.736035493669471,LO,568848.5,0.0,568848.5,487682.46875,80199.625
test_id_test_id_000697_18,test_id_000697,71,middle,2,4,test_id_000697_t2_c4,big,big_1,2,1.8,1.06,70,291626.16,284383.9375,309205.78125,316368.6875,332417.09375,8,6.736035493669471,LO,316368.6875,0.0,316368.6875,291626.15625,48033.15625
test_id_test_id_000697_19,test_id_000697,71,middle,2,5,test_id_000697_t2_c5,little,little_0,2,1.2,0.93,70,497443.28,467748.5,507673.5,519153.5,542375.5,8,6.736035493669471,LO,519153.5,0.0,519153.5,497443.28125,74627.0
test_id_test_id_000697_20,test_id_000697,71,middle,2,6,test_id_000697_t2_c6,big,big_1,3,2.2,1.15,70,294234.88,279277.75,303769.84375,310860.46875,326764.625,8,6.736035493669471,LO,310860.46875,0.0,310860.46875,294234.875,47486.875
test_id_test_id_000697_21,test_id_000697,35,high_degree,3,0,test_id_000697_t3_c0,little,little_0,0,0.6,0.8,34,839486.25,809590.625,878791.75,899242.3125,936018.5,8,6.736035493669471,LO,899242.3125,0.0,899242.3125,839486.25,126427.875
test_id_test_id_000697_22,test_id_000697,35,high_degree,3,1,test_id_000697_t3_c1,big,big_1,1,1.4,0.98,34,344495.28,348858.5625,378530.75,386911.125,405369.375,8,6.736035493669471,LO,386911.125,0.0,386911.125,344495.28125,56510.8125
test_id_test_id_000697_23,test_id_000697,35,high_degree,3,2,test_id_000697_t3_c2,little,little_1,1,0.9,0.86,34,524527.9,536407.875,581413.375,594529.875,619464.0,8,6.736035493669471,LO,594529.875,0.0,594529.875,524527.875,83056.125
test_id_test_id_000697_24,test_id_000697,35,high_degree,3,3,test_id_000697_t3_c3,big,big_0,2,1.8,1.06,34,250865.31,263843.21875,287309.78125,294160.28125,309554.1875,8,6.736035493669471,LO,294160.28125,0.0,294160.28125,250865.3125,45710.96875
test_id_test_id_000697_25,test_id_000697,35,high_degree,3,4,test_id_000697_t3_c4,little,little_0,2,1.2,0.93,34,363774.72,371588.21875,403085.0,411967.375,431304.125,8,6.736035493669471,LO,411967.375,0.0,411967.375,363774.71875,59715.90625
test_id_test_id_000697_26,test_id_000697,35,high_degree,3,5,test_id_000697_t3_c5,big,big_1,3,2.2,1.15,34,248286.6,264614.90625,288148.46875,295022.34375,310469.625,8,6.736035493669471,LO,295022.34375,0.0,295022.34375,248286.59375,45854.71875
test_id_test_id_000697_27,test_id_000697,35,high_degree,3,6,test_id_000697_t3_c6,little,little_0,3,1.5,1.0,34,412334.88,404424.9375,438938.6875,448721.75,469555.8125,8,6.736035493669471,LO,448721.75,0.0,448721.75,412334.875,65130.875
test_id_test_id_000697_28,test_id_000697,25,random,4,0,test_id_000697_t4_c0,big,big_1,1,1.4,0.98,24,90694.28,89381.4375,103984.921875,107977.84375,118015.328125,8,6.736035493669471,LO,107977.84375,0.0,107977.84375,90694.28125,28633.890625
test_id_test_id_000697_29,test_id_000697,25,random,4,1,test_id_000697_t4_c1,little,little_0,1,0.9,0.86,24,187978.44,193254.28125,212804.1875,218734.359375,232282.71875,8,6.736035493669471,LO,218734.359375,0.0,218734.359375,187978.4375,39028.4375
test_id_test_id_000697_30,test_id_000697,25,random,4,2,test_id_000697_t4_c2,big,big_1,2,1.8,1.06,24,65775.3,66030.328125,79704.296875,83545.234375,92963.859375,8,6.736035493669471,LO,83545.234375,0.0,83545.234375,65775.296875,26933.53125
test_id_test_id_000697_31,test_id_000697,25,random,4,3,test_id_000697_t4_c3,little,little_1,2,1.2,0.93,24,138435.5,143178.0,159675.75,164494.125,175999.65625,8,6.736035493669471,LO,164494.125,0.0,164494.125,138435.5,32821.65625
test_id_test_id_000697_32,test_id_000697,25,random,4,4,test_id_000697_t4_c4,big,big_1,3,2.2,1.15,24,55013.887,55557.0,68773.078125,72561.125,81682.953125,8,6.736035493669471,LO,72561.125,0.0,72561.125,55013.88671875,26125.953125
test_id_test_id_000697_33,test_id_000697,25,random,4,5,test_id_000697_t4_c5,little,little_1,3,1.5,1.0,24,117516.09,120727.84375,136152.0,140451.984375,151091.90625,8,6.736035493669471,LO,140451.984375,0.0,140451.984375,117516.09375,30364.0625
test_id_test_id_000697_34,test_id_000697,25,random,4,6,test_id_000697_t4_c6,big,big_1,0,1.0,0.9,24,117965.41,116552.671875,132054.703125,136463.765625,147317.59375,8,6.736035493669471,LO,136463.765625,0.0,136463.765625,117965.40625,30764.921875
test_id_test_id_000697_35,test_id_000697,124,diverse_fill_1,5,0,test_id_000697_t5_c0,little,little_0,1,0.9,0.86,123,614737.7,614811.5,666754.625,682290.75,710001.75,8,6.736035493669471,LO,682290.75,0.0,682290.75,614737.6875,95190.25
test_id_test_id_000697_36,test_id_000697,124,diverse_fill_1,5,1,test_id_000697_t5_c1,big,big_0,2,1.8,1.06,123,212188.3,223075.203125,244050.4375,250301.421875,264465.65625,8,6.736035493669471,LO,250301.421875,0.0,250301.421875,212188.296875,41390.453125
test_id_test_id_000697_37,test_id_000697,124,diverse_fill_1,5,2,test_id_000697_t5_c2,little,little_1,2,1.2,0.93,123,424815.62,431701.5625,468448.8125,478906.8125,500732.375,8,6.736035493669471,LO,478906.8125,0.0,478906.8125,424815.625,69030.8125
test_id_test_id_000697_38,test_id_000697,124,diverse_fill_1,5,3,test_id_000697_t5_c3,big,big_0,3,2.2,1.15,123,208407.36,213937.375,234435.109375,240585.0,254549.3125,8,6.736035493669471,LO,240585.0,0.0,240585.0,208407.359375,40611.9375
test_id_test_id_000697_39,test_id_000697,124,diverse_fill_1,5,4,test_id_000697_t5_c4,little,little_0,3,1.5,1.0,123,349444.3,348807.0625,378533.8125,386944.6875,405446.375,8,6.736035493669471,LO,386944.6875,0.0,386944.6875,349444.3125,56639.3125
test_id_test_id_000697_40,test_id_000697,124,diverse_fill_1,5,5,test_id_000697_t5_c5,big,big_0,0,1.0,0.9,123,454603.9,470991.5,511010.4375,522510.0625,545701.25,8,6.736035493669471,LO,522510.0625,0.0,522510.0625,454603.90625,74709.75
test_id_test_id_000697_41,test_id_000697,124,diverse_fill_1,5,6,test_id_000697_t5_c6,little,little_0,0,0.6,0.8,123,760728.1,747557.875,809435.6875,828220.5625,860065.1875,8,6.736035493669471,LO,828220.5625,0.0,828220.5625,760728.125,112507.3125
test_id_test_id_000713_00,test_id_000713,11,source_like,0,0,test_id_000713_t0_c0,little,little_0,1,0.9,0.86,10,137413.2,131091.8125,147323.203125,152044.84375,163449.796875,8,6.736035493669471,HI,152044.84375,15665.78125,167710.625,137413.203125,32357.984375
test_id_test_id_000713_01,test_id_000713,11,source_like,0,1,test_id_000713_t0_c1,big,big_0,2,1.8,1.06,10,47252.297,47161.484375,60061.625,63867.84375,72861.828125,8,6.736035493669471,HI,63867.84375,15665.78125,79533.625,47252.296875,25700.34375
test_id_test_id_000713_02,test_id_000713,11,source_like,0,2,test_id_000713_t0_c2,little,little_0,2,1.2,0.93,10,105500.44,102154.875,117198.875,121391.546875,131879.234375,8,6.736035493669471,HI,121391.546875,15665.78125,137057.328125,105500.4375,29724.359375
test_id_test_id_000713_03,test_id_000713,11,source_like,0,3,test_id_000713_t0_c3,big,big_0,3,2.2,1.15,10,33862.94,38046.75,50583.953125,54349.28125,63079.734375,8,6.736035493669471,HI,54349.28125,15665.78125,70015.0625,33862.94140625,25032.984375
test_id_test_id_000713_04,test_id_000713,11,source_like,0,4,test_id_000713_t0_c4,little,little_1,3,1.5,1.0,10,75680.164,76746.265625,90965.296875,94914.515625,104715.53125,8,6.736035493669471,HI,94914.515625,15665.78125,110580.296875,75680.1640625,27969.265625
test_id_test_id_000713_05,test_id_000713,11,source_like,0,5,test_id_000713_t0_c5,big,big_0,0,1.0,0.9,10,79282.01,79170.40625,93646.59375,97704.34375,107755.765625,8,6.736035493669471,HI,97704.34375,15665.78125,113370.125,79282.0078125,28585.359375
test_id_test_id_000713_06,test_id_000713,11,source_like,0,6,test_id_000713_t0_c6,little,little_1,0,0.6,0.8,10,211298.22,196519.34375,217285.25,223687.34375,238295.8125,8,6.736035493669471,HI,223687.34375,15665.78125,239353.125,211298.21875,41776.46875
test_id_test_id_000713_07,test_id_000713,229,sink_like,1,0,test_id_000713_t1_c0,big,big_0,2,1.8,1.06,228,186239.2,194886.296875,214155.671875,219911.5,233117.28125,8,6.736035493669471,HI,219911.5,15665.78125,235577.28125,186239.203125,38230.984375
test_id_test_id_000713_08,test_id_000713,229,sink_like,1,1,test_id_000713_t1_c1,little,little_1,2,1.2,0.93,228,377346.84,358676.6875,389235.25,397876.1875,416788.53125,8,6.736035493669471,HI,397876.1875,15665.78125,413541.96875,377346.84375,58111.84375
test_id_test_id_000713_09,test_id_000713,229,sink_like,1,2,test_id_000713_t1_c2,big,big_0,3,2.2,1.15,228,198362.34,191527.4375,210670.53125,216404.171875,229570.84375,8,6.736035493669471,HI,216404.171875,15665.78125,232069.953125,198362.34375,38043.40625
test_id_test_id_000713_10,test_id_000713,229,sink_like,1,3,test_id_000713_t1_c3,little,little_1,3,1.5,1.0,228,270834.0,264463.78125,287885.6875,294696.71875,310012.65625,8,6.736035493669471,HI,294696.71875,15665.78125,310362.5,270834.0,45548.875
test_id_test_id_000713_11,test_id_000713,229,sink_like,1,4,test_id_000713_t1_c4,big,big_0,0,1.0,0.9,228,300131.75,310827.9375,337529.5,345130.8125,362108.0625,8,6.736035493669471,HI,345130.8125,15665.78125,360796.59375,300131.75,51280.125
test_id_test_id_000713_12,test_id_000713,229,sink_like,1,5,test_id_000713_t1_c5,little,little_0,0,0.6,0.8,228,645144.9,646438.0625,698682.875,714413.625,741218.875,8,6.736035493669471,HI,714413.625,15665.78125,730079.40625,645144.875,94780.8125
test_id_test_id_000713_13,test_id_000713,229,sink_like,1,6,test_id_000713_t1_c6,big,big_1,1,1.4,0.98,228,204921.97,210460.75,230570.078125,236548.796875,250186.484375,8,6.736035493669471,HI,236548.796875,15665.78125,252214.578125,204921.96875,39725.734375
test_id_test_id_000713_14,test_id_000713,246,middle,2,0,test_id_000713_t2_c0,little,little_1,2,1.2,0.93,245,295481.72,286292.625,311200.34375,318352.03125,334393.84375,8,6.736035493669471,HI,318352.03125,15665.78125,334017.8125,295481.71875,48101.21875
test_id_test_id_000713_15,test_id_000713,246,middle,2,1,test_id_000713_t2_c1,big,big_0,3,2.2,1.15,245,123704.17,123173.546875,138601.96875,142894.4375,153514.25,8,6.736035493669471,HI,142894.4375,15665.78125,158560.21875,123704.171875,30340.703125
test_id_test_id_000713_16,test_id_000713,246,middle,2,2,test_id_000713_t2_c2,little,little_1,3,1.5,1.0,245,189819.38,188502.71875,207234.328125,212780.21875,225593.171875,8,6.736035493669471,HI,212780.21875,15665.78125,228446.0,189819.375,37090.453125
test_id_test_id_000713_17,test_id_000713,246,middle,2,3,test_id_000713_t2_c3,big,big_1,0,1.0,0.9,245,217862.6,215893.375,236293.875,242346.765625,256132.890625,8,6.736035493669471,HI,242346.765625,15665.78125,258012.546875,217862.59375,40239.515625
test_id_test_id_000713_18,test_id_000713,246,middle,2,4,test_id_000713_t2_c4,little,little_1,0,0.6,0.8,245,481387.94,463330.9375,500677.5,511190.1875,532561.125,8,6.736035493669471,HI,511190.1875,15665.78125,526855.96875,481387.9375,69230.1875
test_id_test_id_000713_19,test_id_000713,246,middle,2,5,test_id_000713_t2_c5,big,big_0,1,1.4,0.98,245,163987.05,156148.84375,173111.375,178051.796875,189765.4375,8,6.736035493669471,HI,178051.796875,15665.78125,193717.578125,163987.046875,33616.59375
test_id_test_id_000713_20,test_id_000713,246,middle,2,6,test_id_000713_t2_c6,little,little_1,1,0.9,0.86,245,270383.6,262211.28125,285449.03125,292176.9375,307377.75,8,6.736035493669471,HI,292176.9375,15665.78125,307842.71875,270383.59375,45166.46875
test_id_test_id_000713_21,test_id_000713,100,communication_heavy,3,0,test_id_000713_t3_c0,big,big_0,3,2.2,1.15,99,238708.53,246656.71875,269082.40625,275704.5625,290626.4375,8,6.736035493669471,HI,275704.5625,15665.78125,291370.34375,238708.53125,43969.71875
test_id_test_id_000713_22,test_id_000713,100,communication_heavy,3,1,test_id_000713_t3_c1,little,little_0,3,1.5,1.0,99,377054.44,378817.15625,411125.15625,420262.1875,440044.25,8,6.736035493669471,HI,420262.1875,15665.78125,435927.96875,377054.4375,61227.09375
test_id_test_id_000713_23,test_id_000713,100,communication_heavy,3,2,test_id_000713_t3_c2,big,big_0,0,1.0,0.9,99,316552.5,339138.15625,367992.53125,376148.46875,394200.4375,8,6.736035493669471,HI,376148.46875,15665.78125,391814.25,316552.5,55062.28125
test_id_test_id_000713_24,test_id_000713,100,communication_heavy,3,3,test_id_000713_t3_c3,little,little_0,0,0.6,0.8,99,601913.0,618184.25,667914.25,682751.5,708602.0625,8,6.736035493669471,HI,682751.5,15665.78125,698417.28125,601913.0,90417.8125
test_id_test_id_000713_25,test_id_000713,100,communication_heavy,3,4,test_id_000713_t3_c4,big,big_0,1,1.4,0.98,99,276724.56,284543.8125,309366.0625,316524.53125,332567.9375,8,6.736035493669471,HI,316524.53125,15665.78125,332190.3125,276724.5625,48024.125
test_id_test_id_000713_26,test_id_000713,100,communication_heavy,3,5,test_id_000713_t3_c5,little,little_0,1,0.9,0.86,99,470185.7,496079.625,537913.375,549976.5625,573789.0,8,6.736035493669471,HI,549976.5625,15665.78125,565642.34375,470185.6875,77709.375
test_id_test_id_000713_27,test_id_000713,100,communication_heavy,3,6,test_id_000713_t3_c6,big,big_0,2,1.8,1.06,99,251432.45,245624.375,267968.71875,274564.53125,289425.15625,8,6.736035493669471,HI,274564.53125,15665.78125,290230.3125,251432.453125,43800.78125
test_id_test_id_000713_28,test_id_000713,217,random,4,0,test_id_000713_t4_c0,little,little_1,3,1.5,1.0,216,70077.95,72212.109375,86156.328125,90080.375,99773.609375,8,6.736035493669471,HI,90080.375,15665.78125,105746.15625,70077.953125,27561.5
test_id_test_id_000713_29,test_id_000713,217,random,4,1,test_id_000713_t4_c1,big,big_1,0,1.0,0.9,216,74091.36,77330.890625,91662.1875,95727.8125,105770.9375,8,6.736035493669471,HI,95727.8125,15665.78125,111393.59375,74091.359375,28440.046875
test_id_test_id_000713_30,test_id_000713,217,random,4,2,test_id_000713_t4_c2,little,little_0,0,0.6,0.8,216,181249.45,196505.015625,217395.125,223886.53125,238714.171875,8,6.736035493669471,HI,223886.53125,15665.78125,239552.3125,181249.453125,42209.15625
test_id_test_id_000713_31,test_id_000713,217,random,4,3,test_id_000713_t4_c3,big,big_1,1,1.4,0.98,216,53163.293,56108.390625,69403.453125,73260.34375,82537.78125,8,6.736035493669471,HI,73260.34375,15665.78125,88926.125,53163.29296875,26429.390625
test_id_test_id_000713_32,test_id_000713,217,random,4,4,test_id_000713_t4_c4,little,little_1,1,0.9,0.86,216,132864.42,127938.3125,144005.1875,148671.75,159986.78125,8,6.736035493669471,HI,148671.75,15665.78125,164337.53125,132864.421875,32048.46875
test_id_test_id_000713_33,test_id_000713,217,random,4,5,test_id_000713_t4_c5,big,big_0,2,1.8,1.06,216,44177.375,46164.96875,59014.921875,62814.9375,71786.78125,8,6.736035493669471,HI,62814.9375,15665.78125,78480.71875,44177.375,25621.8125
test_id_test_id_000713_34,test_id_000713,217,random,4,6,test_id_000713_t4_c6,little,little_1,2,1.2,0.93,216,82052.125,86273.53125,100806.5,104845.5625,114939.46875,8,6.736035493669471,HI,104845.5625,15665.78125,120511.34375,82052.125,28665.9375
test_id_test_id_000713_35,test_id_000713,307,diverse_fill_1,5,0,test_id_000713_t5_c0,big,big_0,0,1.0,0.9,306,129783.12,134398.8125,150558.28125,155220.09375,166497.296875,8,6.736035493669471,HI,155220.09375,15665.78125,170885.875,129783.1171875,32098.484375
test_id_test_id_000713_36,test_id_000713,307,diverse_fill_1,5,1,test_id_000713_t5_c1,little,little_1,0,0.6,0.8,306,320912.9,345389.875,373556.65625,381143.90625,398380.1875,8,6.736035493669471,HI,381143.90625,15665.78125,396809.6875,320912.90625,52990.3125
test_id_test_id_000713_37,test_id_000713,307,diverse_fill_1,5,2,test_id_000713_t5_c2,big,big_1,1,1.4,0.98,306,109583.66,111741.25,126917.890625,131095.90625,141546.1875,8,6.736035493669471,HI,131095.90625,15665.78125,146761.6875,109583.65625,29804.9375
test_id_test_id_000713_38,test_id_000713,307,diverse_fill_1,5,3,test_id_000713_t5_c3,little,little_0,1,0.9,0.86,306,237422.39,228445.046875,249585.734375,255819.171875,269979.9375,8,6.736035493669471,HI,255819.171875,15665.78125,271484.953125,237422.390625,41534.890625
test_id_test_id_000713_39,test_id_000713,307,diverse_fill_1,5,4,test_id_000713_t5_c4,big,big_0,2,1.8,1.06,306,93935.625,96311.640625,111111.84375,115126.96875,125258.125,8,6.736035493669471,HI,115126.96875,15665.78125,130792.75,93935.625,28946.484375
test_id_test_id_000713_40,test_id_000713,307,diverse_fill_1,5,5,test_id_000713_t5_c5,little,little_0,2,1.2,0.93,306,162129.66,165454.96875,182998.46875,188194.4375,200354.0625,8,6.736035493669471,HI,188194.4375,15665.78125,203860.21875,162129.65625,34899.09375
test_id_test_id_000713_41,test_id_000713,307,diverse_fill_1,5,6,test_id_000713_t5_c6,big,big_1,3,2.2,1.15,306,72855.79,69344.140625,83097.453125,86925.390625,96381.953125,8,6.736035493669471,HI,86925.390625,15665.78125,102591.171875,72855.7890625,27037.8125
test_id_test_id_000747_00,test_id_000747,3,source_like,0,0,test_id_000747_t0_c0,little,little_0,2,1.2,0.93,2,102238.92,87942.46875,102737.90625,106867.984375,117171.8125,8,6.736035493669471,LO,106867.984375,0.0,106867.984375,102238.921875,29229.34375
test_id_test_id_000747_01,test_id_000747,3,source_like,0,1,test_id_000747_t0_c1,big,big_0,3,2.2,1.15,2,33522.473,34115.28125,46636.046875,50474.578125,59273.171875,8,6.736035493669471,LO,50474.578125,0.0,50474.578125,33522.47265625,25157.890625
test_id_test_id_000747_02,test_id_000747,3,source_like,0,2,test_id_000747_t0_c2,little,little_1,3,1.5,1.0,2,65300.81,65550.28125,79297.0625,83189.53125,92697.84375,8,6.736035493669471,LO,83189.53125,0.0,83189.53125,65300.80859375,27147.5625
test_id_test_id_000747_03,test_id_000747,3,source_like,0,3,test_id_000747_t0_c3,big,big_1,0,1.0,0.9,2,66050.18,66938.484375,80890.125,84863.625,94555.078125,8,6.736035493669471,LO,84863.625,0.0,84863.625,66050.1796875,27616.59375
test_id_test_id_000747_04,test_id_000747,3,source_like,0,4,test_id_000747_t0_c4,little,little_0,0,0.6,0.8,2,163249.92,161373.5625,179843.0,185470.890625,198565.734375,8,6.736035493669471,LO,185470.890625,0.0,185470.890625,163249.921875,37192.171875
test_id_test_id_000747_05,test_id_000747,3,source_like,0,5,test_id_000747_t0_c5,big,big_1,1,1.4,0.98,2,50055.73,52495.71875,65645.34375,69477.078125,78621.125,8,6.736035493669471,LO,69477.078125,0.0,69477.078125,50055.73046875,26125.40625
test_id_test_id_000747_06,test_id_000747,3,source_like,0,6,test_id_000747_t0_c6,little,little_1,1,0.9,0.86,2,102972.43,105827.34375,121067.90625,125364.390625,136029.953125,8,6.736035493669471,LO,125364.390625,0.0,125364.390625,102972.4296875,30202.609375
test_id_test_id_000747_07,test_id_000747,129,sink_like,1,0,test_id_000747_t1_c0,big,big_0,3,2.2,1.15,128,188916.97,180297.5625,198815.921875,204339.546875,217121.6875,8,6.736035493669471,LO,204339.546875,0.0,204339.546875,188916.96875,36824.125
test_id_test_id_000747_08,test_id_000747,129,sink_like,1,1,test_id_000747_t1_c1,little,little_1,3,1.5,1.0,128,224634.61,235553.125,257215.921875,263624.3125,278108.71875,8,6.736035493669471,LO,263624.3125,0.0,263624.3125,224634.609375,42555.59375
test_id_test_id_000747_09,test_id_000747,129,sink_like,1,2,test_id_000747_t1_c2,big,big_0,0,1.0,0.9,128,279648.0,274957.40625,299129.34375,306123.375,321847.3125,8,6.736035493669471,LO,306123.375,0.0,306123.375,279648.0,46889.90625
test_id_test_id_000747_10,test_id_000747,129,sink_like,1,3,test_id_000747_t1_c3,little,little_1,0,0.6,0.8,128,631219.4,609256.25,657504.375,671751.375,696691.5,8,6.736035493669471,LO,671751.375,0.0,671751.375,631219.375,87435.25
test_id_test_id_000747_11,test_id_000747,129,sink_like,1,4,test_id_000747_t1_c4,big,big_0,1,1.4,0.98,128,243870.06,237744.40625,259564.03125,266014.65625,280584.96875,8,6.736035493669471,LO,266014.65625,0.0,266014.65625,243870.0625,42840.5625
test_id_test_id_000747_12,test_id_000747,129,sink_like,1,5,test_id_000747_t1_c5,little,little_1,1,0.9,0.86,128,384757.9,389162.53125,421902.0625,431112.4375,450981.8125,8,6.736035493669471,LO,431112.4375,0.0,431112.4375,384757.90625,61819.28125
test_id_test_id_000747_13,test_id_000747,129,sink_like,1,6,test_id_000747_t1_c6,big,big_0,2,1.8,1.06,128,212651.81,219030.484375,239758.609375,245950.515625,259992.53125,8,6.736035493669471,LO,245950.515625,0.0,245950.515625,212651.8125,40962.046875
test_id_test_id_000747_14,test_id_000747,174,middle,2,0,test_id_000747_t2_c0,little,little_1,3,1.5,1.0,173,166573.5,177479.046875,195743.40625,201173.359375,213770.046875,8,6.736035493669471,LO,201173.359375,0.0,201173.359375,166573.5,36291.0
test_id_test_id_000747_15,test_id_000747,174,middle,2,1,test_id_000747_t2_c1,big,big_0,0,1.0,0.9,173,170311.83,187917.28125,206927.984375,212663.359375,225829.703125,8,6.736035493669471,LO,212663.359375,0.0,212663.359375,170311.828125,37912.421875
test_id_test_id_000747_16,test_id_000747,174,middle,2,2,test_id_000747_t2_c2,little,little_0,0,0.6,0.8,173,390973.16,383117.375,413738.75,422038.90625,440355.0625,8,6.736035493669471,LO,422038.90625,0.0,422038.90625,390973.15625,57237.6875
test_id_test_id_000747_17,test_id_000747,174,middle,2,3,test_id_000747_t2_c3,big,big_0,1,1.4,0.98,173,121201.29,147826.859375,164450.8125,169255.625,180747.28125,8,6.736035493669471,LO,169255.625,0.0,169255.625,121201.2890625,32920.421875
test_id_test_id_000747_18,test_id_000747,174,middle,2,4,test_id_000747_t2_c4,little,little_0,1,0.9,0.86,173,277723.75,281792.625,306267.96875,313290.6875,329085.28125,8,6.736035493669471,LO,313290.6875,0.0,313290.6875,277723.75,47292.65625
test_id_test_id_000747_19,test_id_000747,174,middle,2,5,test_id_000747_t2_c5,big,big_1,2,1.8,1.06,173,101967.1,115341.84375,130505.03125,134712.296875,145190.125,8,6.736035493669471,LO,134712.296875,0.0,134712.296875,101967.1015625,29848.28125
test_id_test_id_000747_20,test_id_000747,174,middle,2,6,test_id_000747_t2_c6,little,little_0,2,1.2,0.93,173,225380.94,241574.59375,263499.0625,269933.34375,284480.9375,8,6.736035493669471,LO,269933.34375,0.0,269933.34375,225380.9375,42906.34375
test_id_test_id_000747_21,test_id_000747,173,high_degree,3,0,test_id_000747_t3_c0,big,big_1,0,1.0,0.9,172,131882.3,168160.84375,186062.15625,191415.484375,203909.390625,8,6.736035493669471,LO,191415.484375,0.0,191415.484375,131882.296875,35748.546875
test_id_test_id_000747_22,test_id_000747,173,high_degree,3,1,test_id_000747_t3_c1,little,little_0,0,0.6,0.8,172,307737.22,326709.78125,354045.0625,361518.4375,378586.9375,8,6.736035493669471,LO,361518.4375,0.0,361518.4375,307737.21875,51877.15625
test_id_test_id_000747_23,test_id_000747,173,high_degree,3,2,test_id_000747_t3_c2,big,big_0,1,1.4,0.98,172,83605.84,95928.984375,110593.1875,114638.109375,124806.53125,8,6.736035493669471,LO,114638.109375,0.0,114638.109375,83605.84375,28877.546875
test_id_test_id_000747_24,test_id_000747,173,high_degree,3,3,test_id_000747_t3_c3,little,little_0,1,0.9,0.86,172,211581.75,218224.28125,239008.65625,245208.640625,259317.859375,8,6.736035493669471,LO,245208.640625,0.0,245208.640625,211581.75,41093.578125
test_id_test_id_000747_25,test_id_000747,173,high_degree,3,4,test_id_000747_t3_c4,big,big_1,2,1.8,1.06,172,74860.16,87549.921875,101967.546875,105925.8125,115877.078125,8,6.736035493669471,LO,105925.8125,0.0,105925.8125,74860.15625,28327.15625
test_id_test_id_000747_26,test_id_000747,173,high_degree,3,5,test_id_000747_t3_c5,little,little_0,2,1.2,0.93,172,149611.25,161941.078125,179359.03125,184502.21875,196589.484375,8,6.736035493669471,LO,184502.21875,0.0,184502.21875,149611.25,34648.40625
test_id_test_id_000747_27,test_id_000747,173,high_degree,3,6,test_id_000747_t3_c6,big,big_0,3,2.2,1.15,172,55929.07,66339.078125,79924.921875,83731.5625,93099.421875,8,6.736035493669471,LO,83731.5625,0.0,83731.5625,55929.0703125,26760.34375
test_id_test_id_000747_28,test_id_000747,269,communication_heavy,4,0,test_id_000747_t4_c0,little,little_0,0,0.6,0.8,268,751007.8,729983.625,790199.875,808554.8125,839448.9375,8,6.736035493669471,LO,808554.8125,0.0,808554.8125,751007.8125,109465.3125
test_id_test_id_000747_29,test_id_000747,269,communication_heavy,4,1,test_id_000747_t4_c1,big,big_0,1,1.4,0.98,268,426193.47,432273.0,469164.6875,479671.9375,501587.75,8,6.736035493669471,LO,479671.9375,0.0,479671.9375,426193.46875,69314.75
test_id_test_id_000747_30,test_id_000747,269,communication_heavy,4,2,test_id_000747_t4_c2,little,little_1,1,0.9,0.86,268,563038.0,581104.625,629937.125,644403.125,670805.0,8,6.736035493669471,LO,644403.125,0.0,644403.125,563038.0,89700.375
test_id_test_id_000747_31,test_id_000747,269,communication_heavy,4,3,test_id_000747_t4_c3,big,big_0,2,1.8,1.06,268,301456.75,295806.5625,321433.5,328791.21875,345247.8125,8,6.736035493669471,LO,328791.21875,0.0,328791.21875,301456.75,49441.25
test_id_test_id_000747_32,test_id_000747,269,communication_heavy,4,4,test_id_000747_t4_c4,little,little_0,2,1.2,0.93,268,519677.4,508397.0,551954.0625,564657.75,589425.5,8,6.736035493669471,LO,564657.75,0.0,564657.75,519677.40625,81028.5
test_id_test_id_000747_33,test_id_000747,269,communication_heavy,4,5,test_id_000747_t4_c5,big,big_1,3,2.2,1.15,268,236151.5,229942.90625,251335.71875,257698.828125,272090.1875,8,6.736035493669471,LO,257698.828125,0.0,257698.828125,236151.5,42147.28125
test_id_test_id_000747_34,test_id_000747,269,communication_heavy,4,6,test_id_000747_t4_c6,little,little_1,3,1.5,1.0,268,428874.16,411790.875,446955.28125,456936.4375,478076.9375,8,6.736035493669471,LO,456936.4375,0.0,456936.4375,428874.15625,66286.0625
test_id_test_id_000747_35,test_id_000747,325,random,5,0,test_id_000747_t5_c0,big,big_0,1,1.4,0.98,324,67435.18,80575.265625,95054.453125,99142.828125,109270.703125,8,6.736035493669471,LO,99142.828125,0.0,99142.828125,67435.1796875,28695.4375
test_id_test_id_000747_36,test_id_000747,325,random,5,1,test_id_000747_t5_c1,little,little_1,1,0.9,0.86,324,113717.57,128056.078125,144147.921875,148793.46875,160076.0,8,6.736035493669471,LO,148793.46875,0.0,148793.46875,113717.5703125,32019.921875
test_id_test_id_000747_37,test_id_000747,325,random,5,2,test_id_000747_t5_c2,big,big_0,2,1.8,1.06,324,52259.773,57133.125,70455.3125,74316.96875,83623.734375,8,6.736035493669471,LO,74316.96875,0.0,74316.96875,52259.7734375,26490.609375
test_id_test_id_000747_38,test_id_000747,325,random,5,3,test_id_000747_t5_c3,little,little_0,2,1.2,0.93,324,80901.875,97120.03125,112007.34375,116135.1875,126474.90625,8,6.736035493669471,LO,116135.1875,0.0,116135.1875,80901.875,29354.875
test_id_test_id_000747_39,test_id_000747,325,random,5,4,test_id_000747_t5_c4,big,big_0,3,2.2,1.15,324,41469.062,46375.703125,59215.703125,63006.984375,71965.734375,8,6.736035493669471,LO,63006.984375,0.0,63006.984375,41469.0625,25590.03125
test_id_test_id_000747_40,test_id_000747,325,random,5,5,test_id_000747_t5_c5,little,little_0,3,1.5,1.0,324,93022.02,96134.796875,110982.234375,115090.8125,125392.796875,8,6.736035493669471,LO,115090.8125,0.0,115090.8125,93022.0234375,29258.0
test_id_test_id_000747_41,test_id_000747,325,random,5,6,test_id_000747_t5_c6,big,big_0,0,1.0,0.9,324,79175.76,90087.546875,104926.21875,109091.734375,119469.6875,8,6.736035493669471,LO,109091.734375,0.0,109091.734375,79175.7578125,29382.140625
test_id_test_id_000752_00,test_id_000752,2,source_like,0,0,test_id_000752_t0_c0,little,little_1,2,1.2,0.93,1,98239.69,104716.625,119805.5625,124009.28125,134509.671875,8,6.736035493669471,HI,124009.28125,15665.78125,139675.0625,98239.6875,29793.046875
test_id_test_id_000752_01,test_id_000752,2,source_like,0,1,test_id_000752_t0_c1,big,big_1,3,2.2,1.15,1,37089.383,39735.640625,52315.125,56078.921875,64843.421875,8,6.736035493669471,HI,56078.921875,15665.78125,71744.703125,37089.3828125,25107.78125
test_id_test_id_000752_02,test_id_000752,2,source_like,0,2,test_id_000752_t0_c2,little,little_1,3,1.5,1.0,1,86829.04,80293.125,94640.140625,98609.953125,108500.125,8,6.736035493669471,HI,98609.953125,15665.78125,114275.734375,86829.0390625,28207.0
test_id_test_id_000752_03,test_id_000752,2,source_like,0,3,test_id_000752_t0_c3,big,big_0,0,1.0,0.9,1,86331.664,83353.375,97971.84375,102064.78125,112238.0,8,6.736035493669471,HI,102064.78125,15665.78125,117730.5625,86331.6640625,28884.625
test_id_test_id_000752_04,test_id_000752,2,source_like,0,4,test_id_000752_t0_c4,little,little_1,0,0.6,0.8,1,207759.62,214688.953125,236614.375,243324.65625,258607.421875,8,6.736035493669471,HI,243324.65625,15665.78125,258990.4375,207759.625,43918.46875
test_id_test_id_000752_05,test_id_000752,2,source_like,0,5,test_id_000752_t0_c5,big,big_0,1,1.4,0.98,1,57633.805,56354.0,69649.40625,73482.328125,82707.71875,8,6.736035493669471,HI,73482.328125,15665.78125,89148.109375,57633.8046875,26353.71875
test_id_test_id_000752_06,test_id_000752,2,source_like,0,6,test_id_000752_t0_c6,little,little_0,1,0.9,0.86,1,152189.62,141666.890625,158427.09375,163362.1875,175145.703125,8,6.736035493669471,HI,163362.1875,15665.78125,179027.96875,152189.625,33478.8125
test_id_test_id_000752_07,test_id_000752,11,sink_like,1,0,test_id_000752_t1_c0,big,big_0,3,2.2,1.15,10,120413.48,129022.46875,144712.40625,149126.46875,159948.125,8,6.736035493669471,HI,149126.46875,15665.78125,164792.25,120413.4765625,30925.65625
test_id_test_id_000752_08,test_id_000752,11,sink_like,1,1,test_id_000752_t1_c1,little,little_0,3,1.5,1.0,10,213553.8,217653.078125,238272.75,244424.34375,258391.78125,8,6.736035493669471,HI,244424.34375,15665.78125,260090.125,213553.796875,40738.703125
test_id_test_id_000752_09,test_id_000752,11,sink_like,1,2,test_id_000752_t1_c2,big,big_0,0,1.0,0.9,10,235512.48,253948.421875,276775.21875,283461.65625,298536.03125,8,6.736035493669471,HI,283461.65625,15665.78125,299127.4375,235512.484375,44587.609375
test_id_test_id_000752_10,test_id_000752,11,sink_like,1,3,test_id_000752_t1_c3,little,little_0,0,0.6,0.8,10,518969.62,528426.6875,570222.5,582153.125,604920.375,8,6.736035493669471,HI,582153.125,15665.78125,597818.90625,518969.625,76493.6875
test_id_test_id_000752_11,test_id_000752,11,sink_like,1,4,test_id_000752_t1_c4,big,big_0,1,1.4,0.98,10,220717.81,228428.90625,249638.03125,255927.203125,270166.34375,8,6.736035493669471,HI,255927.203125,15665.78125,271592.984375,220717.8125,41737.4375
test_id_test_id_000752_12,test_id_000752,11,sink_like,1,5,test_id_000752_t1_c5,little,little_1,1,0.9,0.86,10,361094.84,372753.5,404158.1875,412994.375,432233.125,8,6.736035493669471,HI,412994.375,15665.78125,428660.15625,361094.84375,59479.625
test_id_test_id_000752_13,test_id_000752,11,sink_like,1,6,test_id_000752_t1_c6,big,big_0,2,1.8,1.06,10,186685.6,188203.125,207123.046875,212777.171875,225791.015625,8,6.736035493669471,HI,212777.171875,15665.78125,228442.953125,186685.59375,37587.890625
test_id_test_id_000752_14,test_id_000752,40,middle,2,0,test_id_000752_t2_c0,little,little_1,3,1.5,1.0,39,160489.44,163067.21875,180413.640625,185493.0,197456.125,8,6.736035493669471,HI,185493.0,15665.78125,201158.78125,160489.4375,34388.90625
test_id_test_id_000752_15,test_id_000752,40,middle,2,1,test_id_000752_t2_c1,big,big_1,0,1.0,0.9,39,145102.97,152789.0625,169765.59375,174747.625,186559.1875,8,6.736035493669471,HI,174747.625,15665.78125,190413.40625,145102.96875,33770.125
test_id_test_id_000752_16,test_id_000752,40,middle,2,2,test_id_000752_t2_c2,little,little_1,0,0.6,0.8,39,362064.2,372947.4375,403603.6875,412069.34375,430704.90625,8,6.736035493669471,HI,412069.34375,15665.78125,427735.125,362064.1875,57757.46875
test_id_test_id_000752_17,test_id_000752,40,middle,2,3,test_id_000752_t2_c3,big,big_1,1,1.4,0.98,39,154303.14,157002.15625,174100.8125,179101.171875,190931.015625,8,6.736035493669471,HI,179101.171875,15665.78125,194766.953125,154303.140625,33928.859375
test_id_test_id_000752_18,test_id_000752,40,middle,2,4,test_id_000752_t2_c4,little,little_1,1,0.9,0.86,39,237723.78,240923.125,262836.65625,269252.25,283797.96875,8,6.736035493669471,HI,269252.25,15665.78125,284918.03125,237723.78125,42874.84375
test_id_test_id_000752_19,test_id_000752,40,middle,2,5,test_id_000752_t2_c5,big,big_1,2,1.8,1.06,39,103727.38,105948.234375,120844.0,124931.125,135203.234375,8,6.736035493669471,HI,124931.125,15665.78125,140596.90625,103727.3828125,29255.0
test_id_test_id_000752_20,test_id_000752,40,middle,2,6,test_id_000752_t2_c6,little,little_1,2,1.2,0.93,39,191099.2,201545.8125,221076.3125,226883.46875,240186.765625,8,6.736035493669471,HI,226883.46875,15665.78125,242549.25,191099.203125,38640.953125
test_id_test_id_000752_21,test_id_000752,56,communication_heavy,3,0,test_id_000752_t3_c0,big,big_1,0,1.0,0.9,55,377276.75,341592.71875,370753.75,379006.78125,397230.71875,8,6.736035493669471,HI,379006.78125,15665.78125,394672.5625,377276.75,55638.0
test_id_test_id_000752_22,test_id_000752,56,communication_heavy,3,1,test_id_000752_t3_c1,little,little_0,0,0.6,0.8,55,489648.38,477738.03125,516576.5,527596.0625,549726.4375,8,6.736035493669471,HI,527596.0625,15665.78125,543261.84375,489648.375,71988.40625
test_id_test_id_000752_23,test_id_000752,56,communication_heavy,3,2,test_id_000752_t3_c2,big,big_1,1,1.4,0.98,55,193094.64,185129.640625,203694.71875,209193.84375,221920.890625,8,6.736035493669471,HI,209193.84375,15665.78125,224859.625,193094.640625,36791.25
test_id_test_id_000752_24,test_id_000752,56,communication_heavy,3,3,test_id_000752_t3_c3,little,little_1,1,0.9,0.86,55,350286.1,337102.40625,365796.84375,373914.6875,391885.5625,8,6.736035493669471,HI,373914.6875,15665.78125,389580.46875,350286.09375,54783.15625
test_id_test_id_000752_25,test_id_000752,56,communication_heavy,3,4,test_id_000752_t3_c4,big,big_0,2,1.8,1.06,55,197552.95,182215.71875,200686.75,206170.03125,218865.75,8,6.736035493669471,HI,206170.03125,15665.78125,221835.8125,197552.953125,36650.03125
test_id_test_id_000752_26,test_id_000752,56,communication_heavy,3,5,test_id_000752_t3_c5,little,little_1,2,1.2,0.93,55,296835.8,285901.90625,310782.3125,317934.71875,333976.125,8,6.736035493669471,HI,317934.71875,15665.78125,333600.5,296835.8125,48074.21875
test_id_test_id_000752_27,test_id_000752,56,communication_heavy,3,6,test_id_000752_t3_c6,big,big_1,3,2.2,1.15,55,178220.03,160409.359375,177663.875,182702.5,194600.0625,8,6.736035493669471,HI,182702.5,15665.78125,198368.28125,178220.03125,34190.703125
test_id_test_id_000752_28,test_id_000752,25,random,4,0,test_id_000752_t4_c0,little,little_1,0,0.6,0.8,24,363410.97,348284.53125,376407.5,383937.8125,401073.9375,8,6.736035493669471,HI,383937.8125,15665.78125,399603.59375,363410.96875,52789.40625
test_id_test_id_000752_29,test_id_000752,25,random,4,1,test_id_000752_t4_c1,big,big_0,1,1.4,0.98,24,116120.97,140927.59375,157221.28125,161882.96875,173136.0,8,6.736035493669471,HI,161882.96875,15665.78125,177548.75,116120.96875,32208.40625
test_id_test_id_000752_30,test_id_000752,25,random,4,2,test_id_000752_t4_c2,little,little_0,1,0.9,0.86,24,231635.86,221753.1875,242753.8125,249043.828125,263303.84375,8,6.736035493669471,HI,249043.828125,15665.78125,264709.609375,231635.859375,41550.65625
test_id_test_id_000752_31,test_id_000752,25,random,4,3,test_id_000752_t4_c3,big,big_1,2,1.8,1.06,24,84926.164,93477.84375,108000.5625,111988.859375,122038.875,8,6.736035493669471,HI,111988.859375,15665.78125,127654.640625,84926.1640625,28561.03125
test_id_test_id_000752_32,test_id_000752,25,random,4,4,test_id_000752_t4_c4,little,little_0,2,1.2,0.93,24,189967.2,201195.53125,220749.40625,226584.890625,239933.609375,8,6.736035493669471,HI,226584.890625,15665.78125,242250.671875,189967.203125,38738.078125
test_id_test_id_000752_33,test_id_000752,25,random,4,5,test_id_000752_t4_c5,big,big_1,3,2.2,1.15,24,76714.29,87677.234375,102070.09375,106015.609375,115947.75,8,6.736035493669471,HI,106015.609375,15665.78125,121681.390625,76714.2890625,28270.515625
test_id_test_id_000752_34,test_id_000752,25,random,4,6,test_id_000752_t4_c6,little,little_1,3,1.5,1.0,24,160955.84,164430.03125,181903.734375,187037.703125,199098.71875,8,6.736035493669471,HI,187037.703125,15665.78125,202703.484375,160955.84375,34668.6875
test_id_test_id_000752_35,test_id_000752,78,diverse_fill_1,5,0,test_id_000752_t5_c0,big,big_0,1,1.4,0.98,77,173622.72,161170.578125,178504.4375,183588.53125,195568.46875,8,6.736035493669471,HI,183588.53125,15665.78125,199254.3125,173622.71875,34397.890625
test_id_test_id_000752_36,test_id_000752,78,diverse_fill_1,5,1,test_id_000752_t5_c1,little,little_1,1,0.9,0.86,77,298606.28,278515.34375,302797.46875,309783.59375,325499.65625,8,6.736035493669471,HI,309783.59375,15665.78125,325449.375,298606.28125,46984.3125
test_id_test_id_000752_37,test_id_000752,78,diverse_fill_1,5,2,test_id_000752_t5_c2,big,big_0,2,1.8,1.06,77,162981.27,153469.65625,170394.53125,175304.6875,186982.0,8,6.736035493669471,HI,175304.6875,15665.78125,190970.46875,162981.265625,33512.34375
test_id_test_id_000752_38,test_id_000752,78,diverse_fill_1,5,3,test_id_000752_t5_c3,little,little_0,2,1.2,0.93,77,272135.03,247482.671875,269838.8125,276397.65625,291200.125,8,6.736035493669471,HI,276397.65625,15665.78125,292063.4375,272135.03125,43717.453125
test_id_test_id_000752_39,test_id_000752,78,diverse_fill_1,5,4,test_id_000752_t5_c4,big,big_1,3,2.2,1.15,77,119710.73,109633.953125,124593.5625,128719.6875,139055.59375,8,6.736035493669471,HI,128719.6875,15665.78125,144385.46875,119710.7265625,29421.640625
test_id_test_id_000752_40,test_id_000752,78,diverse_fill_1,5,5,test_id_000752_t5_c5,little,little_0,3,1.5,1.0,77,191161.83,182078.5625,200590.8125,206100.6875,218846.125,8,6.736035493669471,HI,206100.6875,15665.78125,221766.46875,191161.828125,36767.5625
test_id_test_id_000752_41,test_id_000752,78,diverse_fill_1,5,6,test_id_000752_t5_c6,big,big_0,0,1.0,0.9,77,270626.22,250281.65625,272781.59375,279353.21875,294204.34375,8,6.736035493669471,HI,279353.21875,15665.78125,295019.0,270626.21875,43922.6875
test_id_test_id_000757_00,test_id_000757,1,source_like,0,0,test_id_000757_t0_c0,big,big_0,3,2.2,1.15,0,35303.22,39221.09375,51810.21875,55590.53125,64376.40625,8,6.736035493669471,LO,55590.53125,0.0,55590.53125,35303.21875,25155.3125
test_id_test_id_000757_01,test_id_000757,1,source_like,0,1,test_id_000757_t0_c1,little,little_0,3,1.5,1.0,0,73940.99,81003.0625,95373.515625,99346.28125,109251.59375,8,6.736035493669471,LO,99346.28125,0.0,99346.28125,73940.9921875,28248.53125
test_id_test_id_000757_02,test_id_000757,1,source_like,0,2,test_id_000757_t0_c2,big,big_1,0,1.0,0.9,0,79614.03,81348.28125,95893.453125,99965.359375,110074.234375,8,6.736035493669471,LO,99965.359375,0.0,99965.359375,79614.03125,28725.953125
test_id_test_id_000757_03,test_id_000757,1,source_like,0,3,test_id_000757_t0_c3,little,little_1,0,0.6,0.8,0,199568.95,198799.96875,219712.328125,226156.78125,240856.828125,8,6.736035493669471,LO,226156.78125,0.0,226156.78125,199568.953125,42056.859375
test_id_test_id_000757_04,test_id_000757,1,source_like,0,4,test_id_000757_t0_c4,big,big_0,1,1.4,0.98,0,51417.28,55946.578125,69241.109375,73080.296875,82307.765625,8,6.736035493669471,LO,73080.296875,0.0,73080.296875,51417.28125,26361.1875
test_id_test_id_000757_05,test_id_000757,1,source_like,0,5,test_id_000757_t0_c5,little,little_0,1,0.9,0.86,0,131481.0,135540.28125,151977.90625,156784.265625,168345.625,8,6.736035493669471,LO,156784.265625,0.0,156784.265625,131481.0,32805.34375
test_id_test_id_000757_06,test_id_000757,1,source_like,0,6,test_id_000757_t0_c6,big,big_1,2,1.8,1.06,0,40516.652,44720.453125,57497.140625,61274.765625,70162.671875,8,6.736035493669471,LO,61274.765625,0.0,61274.765625,40516.65234375,25442.21875
test_id_test_id_000757_07,test_id_000757,66,sink_like,1,0,test_id_000757_t1_c0,little,little_1,3,1.5,1.0,65,178158.75,185719.1875,204300.375,209804.65625,222535.09375,8,6.736035493669471,LO,209804.65625,0.0,209804.65625,178158.75,36815.90625
test_id_test_id_000757_08,test_id_000757,66,sink_like,1,1,test_id_000757_t1_c1,big,big_0,0,1.0,0.9,65,160027.86,165400.71875,182960.71875,188153.875,200321.953125,8,6.736035493669471,LO,188153.875,0.0,188153.875,160027.859375,34921.234375
test_id_test_id_000757_09,test_id_000757,66,sink_like,1,2,test_id_000757_t1_c2,little,little_0,0,0.6,0.8,65,364483.5,366387.9375,396693.25,405095.0625,423644.875,8,6.736035493669471,LO,405095.0625,0.0,405095.0625,364483.5,57256.9375
test_id_test_id_000757_10,test_id_000757,66,sink_like,1,3,test_id_000757_t1_c3,big,big_0,1,1.4,0.98,65,178075.7,180917.28125,199334.4375,204820.1875,217513.59375,8,6.736035493669471,LO,204820.1875,0.0,204820.1875,178075.703125,36596.3125
test_id_test_id_000757_11,test_id_000757,66,sink_like,1,4,test_id_000757_t1_c4,little,little_1,1,0.9,0.86,65,268644.38,279729.15625,304125.6875,311133.96875,326906.875,8,6.736035493669471,LO,311133.96875,0.0,311133.96875,268644.375,47177.71875
test_id_test_id_000757_12,test_id_000757,66,sink_like,1,5,test_id_000757_t1_c5,big,big_0,2,1.8,1.06,65,149970.11,149414.21875,166095.78125,170913.328125,182422.65625,8,6.736035493669471,LO,170913.328125,0.0,170913.328125,149970.109375,33008.4375
test_id_test_id_000757_13,test_id_000757,66,sink_like,1,6,test_id_000757_t1_c6,little,little_1,2,1.2,0.93,65,207521.9,205875.921875,225597.15625,231439.953125,244813.140625,8,6.736035493669471,LO,231439.953125,0.0,231439.953125,207521.90625,38937.21875
test_id_test_id_000757_14,test_id_000757,131,middle,2,0,test_id_000757_t2_c0,big,big_1,0,1.0,0.9,130,211099.95,217629.21875,238301.546875,244488.859375,258528.1875,8,6.736035493669471,LO,244488.859375,0.0,244488.859375,211099.953125,40898.96875
test_id_test_id_000757_15,test_id_000757,131,middle,2,1,test_id_000757_t2_c1,little,little_1,0,0.6,0.8,130,473990.66,483593.625,521711.5,532405.5,553781.625,8,6.736035493669471,LO,532405.5,0.0,532405.5,473990.65625,70188.0
test_id_test_id_000757_16,test_id_000757,131,middle,2,2,test_id_000757_t2_c2,big,big_1,1,1.4,0.98,130,141194.97,142142.15625,158431.6875,163111.375,174374.5,8,6.736035493669471,LO,163111.375,0.0,163111.375,141194.96875,32232.34375
test_id_test_id_000757_17,test_id_000757,131,middle,2,3,test_id_000757_t2_c3,little,little_1,1,0.9,0.86,130,301913.06,319745.90625,346952.78125,354663.4375,371829.03125,8,6.736035493669471,LO,354663.4375,0.0,354663.4375,301913.0625,52083.125
test_id_test_id_000757_18,test_id_000757,131,middle,2,4,test_id_000757_t2_c4,big,big_1,2,1.8,1.06,130,128660.266,136766.65625,152827.375,157386.46875,168456.65625,8,6.736035493669471,LO,157386.46875,0.0,157386.46875,128660.265625,31690.0
test_id_test_id_000757_19,test_id_000757,131,middle,2,5,test_id_000757_t2_c5,little,little_1,2,1.2,0.93,130,240532.89,254911.390625,277755.5625,284443.0,299501.25,8,6.736035493669471,LO,284443.0,0.0,284443.0,240532.890625,44589.859375
test_id_test_id_000757_20,test_id_000757,131,middle,2,6,test_id_000757_t2_c6,big,big_0,3,2.2,1.15,130,105114.6,130339.203125,146155.15625,150589.53125,161460.265625,8,6.736035493669471,LO,150589.53125,0.0,150589.53125,105114.6015625,31121.0625
test_id_test_id_000757_21,test_id_000757,68,high_degree,3,0,test_id_000757_t3_c0,little,little_0,0,0.6,0.8,67,208902.7,213767.875,235536.03125,242221.28125,257420.171875,8,6.736035493669471,LO,242221.28125,0.0,242221.28125,208902.703125,43652.296875
test_id_test_id_000757_22,test_id_000757,68,high_degree,3,1,test_id_000757_t3_c1,big,big_0,1,1.4,0.98,67,80029.805,84488.78125,99002.765625,103048.53125,113138.015625,8,6.736035493669471,LO,103048.53125,0.0,103048.53125,80029.8046875,28649.234375
test_id_test_id_000757_23,test_id_000757,68,high_degree,3,2,test_id_000757_t3_c2,little,little_1,1,0.9,0.86,67,139488.6,142450.3125,159208.484375,164129.875,175876.09375,8,6.736035493669471,LO,164129.875,0.0,164129.875,139488.59375,33425.78125
test_id_test_id_000757_24,test_id_000757,68,high_degree,3,3,test_id_000757_t3_c3,big,big_1,2,1.8,1.06,67,59105.35,62967.796875,76517.765625,80379.609375,89791.171875,8,6.736035493669471,LO,80379.609375,0.0,80379.609375,59105.3515625,26823.375
test_id_test_id_000757_25,test_id_000757,68,high_degree,3,4,test_id_000757_t3_c4,little,little_1,2,1.2,0.93,67,101032.625,112518.65625,127810.71875,132089.921875,142718.34375,8,6.736035493669471,LO,132089.921875,0.0,132089.921875,101032.625,30199.6875
test_id_test_id_000757_26,test_id_000757,68,high_degree,3,5,test_id_000757_t3_c5,big,big_1,3,2.2,1.15,67,54693.523,56580.578125,69854.59375,73690.171875,82934.875,8,6.736035493669471,LO,73690.171875,0.0,73690.171875,54693.5234375,26354.296875
test_id_test_id_000757_27,test_id_000757,68,high_degree,3,6,test_id_000757_t3_c6,little,little_1,3,1.5,1.0,67,98109.57,102876.828125,117843.578125,121970.28125,132323.625,8,6.736035493669471,LO,121970.28125,0.0,121970.28125,98109.5703125,29446.796875
test_id_test_id_000757_28,test_id_000757,156,random,4,0,test_id_000757_t4_c0,big,big_1,1,1.4,0.98,155,97705.2,97272.953125,112037.625,116100.734375,126313.875,8,6.736035493669471,LO,116100.734375,0.0,116100.734375,97705.203125,29040.921875
test_id_test_id_000757_29,test_id_000757,156,random,4,1,test_id_000757_t4_c1,little,little_1,1,0.9,0.86,155,219204.33,227488.9375,248629.734375,254849.578125,269008.0625,8,6.736035493669471,LO,254849.578125,0.0,254849.578125,219204.328125,41519.125
test_id_test_id_000757_30,test_id_000757,156,random,4,2,test_id_000757_t4_c2,big,big_0,2,1.8,1.06,155,83604.4,86101.125,100520.9375,104472.453125,114397.078125,8,6.736035493669471,LO,104472.453125,0.0,104472.453125,83604.3984375,28295.953125
test_id_test_id_000757_31,test_id_000757,156,random,4,3,test_id_000757_t4_c3,little,little_1,2,1.2,0.93,155,148876.02,149884.71875,166645.328125,171537.8125,183177.640625,8,6.736035493669471,LO,171537.8125,0.0,171537.8125,148876.015625,33292.921875
test_id_test_id_000757_32,test_id_000757,156,random,4,4,test_id_000757_t4_c4,big,big_1,3,2.2,1.15,155,67771.78,67354.390625,81008.265625,84830.890625,94245.078125,8,6.736035493669471,LO,84830.890625,0.0,84830.890625,67771.78125,26890.6875
test_id_test_id_000757_33,test_id_000757,156,random,4,5,test_id_000757_t4_c5,little,little_0,3,1.5,1.0,155,131246.66,131267.515625,147089.71875,151552.40625,162465.3125,8,6.736035493669471,LO,151552.40625,0.0,151552.40625,131246.65625,31197.796875
test_id_test_id_000757_34,test_id_000757,156,random,4,6,test_id_000757_t4_c6,big,big_1,0,1.0,0.9,155,113451.43,119577.0,135172.234375,139589.546875,150466.03125,8,6.736035493669471,LO,139589.546875,0.0,139589.546875,113451.4296875,30889.03125
test_id_test_id_000757_35,test_id_000757,149,diverse_fill_1,5,0,test_id_000757_t5_c0,little,little_0,1,0.9,0.86,148,239085.23,224910.375,246003.328125,252293.65625,266551.90625,8,6.736035493669471,LO,252293.65625,0.0,252293.65625,239085.234375,41641.53125
test_id_test_id_000757_36,test_id_000757,149,diverse_fill_1,5,1,test_id_000757_t5_c1,big,big_0,2,1.8,1.06,148,84724.13,86325.328125,100691.71875,104635.9375,114551.015625,8,6.736035493669471,LO,104635.9375,0.0,104635.9375,84724.1328125,28225.6875
test_id_test_id_000757_37,test_id_000757,149,diverse_fill_1,5,2,test_id_000757_t5_c2,little,little_0,2,1.2,0.93,148,206803.8,201359.203125,220839.65625,226628.90625,239889.40625,8,6.736035493669471,LO,226628.90625,0.0,226628.90625,206803.796875,38530.203125
test_id_test_id_000757_38,test_id_000757,149,diverse_fill_1,5,3,test_id_000757_t5_c3,big,big_0,3,2.2,1.15,148,68924.48,68485.90625,82181.875,86012.328125,95467.296875,8,6.736035493669471,LO,86012.328125,0.0,86012.328125,68924.4765625,26981.390625
test_id_test_id_000757_39,test_id_000757,149,diverse_fill_1,5,4,test_id_000757_t5_c4,little,little_0,3,1.5,1.0,148,165122.06,156063.5,173088.65625,178047.96875,189801.4375,8,6.736035493669471,LO,178047.96875,0.0,178047.96875,165122.0625,33737.9375
test_id_test_id_000757_40,test_id_000757,149,diverse_fill_1,5,5,test_id_000757_t5_c5,big,big_0,0,1.0,0.9,148,161728.52,165681.5625,183347.625,188595.9375,200876.703125,8,6.736035493669471,LO,188595.9375,0.0,188595.9375,161728.515625,35195.140625
test_id_test_id_000757_41,test_id_000757,149,diverse_fill_1,5,6,test_id_000757_t5_c6,little,little_0,0,0.6,0.8,148,377392.4,369864.6875,399286.75,407163.1875,424774.53125,8,6.736035493669471,LO,407163.1875,0.0,407163.1875,377392.40625,54909.84375
test_id_test_id_000760_00,test_id_000760,2,source_like,0,0,test_id_000760_t0_c0,big,big_0,2,1.8,1.06,1,26700.371,30051.921875,42518.15625,46402.34375,55214.15625,8,6.736035493669471,HI,46402.34375,15665.78125,62068.125,26700.37109375,25162.234375
test_id_test_id_000760_01,test_id_000760,2,source_like,0,1,test_id_000760_t0_c1,little,little_0,2,1.2,0.93,1,59997.41,62954.828125,76642.375,80549.734375,90040.59375,8,6.736035493669471,HI,80549.734375,15665.78125,96215.515625,59997.41015625,27085.765625
test_id_test_id_000760_02,test_id_000760,2,source_like,0,2,test_id_000760_t0_c2,big,big_1,3,2.2,1.15,1,22517.754,26967.734375,39387.078125,43284.15625,52058.359375,8,6.736035493669471,HI,43284.15625,15665.78125,58949.9375,22517.75390625,25090.625
test_id_test_id_000760_03,test_id_000760,2,source_like,0,3,test_id_000760_t0_c3,little,little_1,3,1.5,1.0,1,53273.305,56617.171875,70082.21875,73979.96875,83317.71875,8,6.736035493669471,HI,73979.96875,15665.78125,89645.75,53273.3046875,26700.546875
test_id_test_id_000760_04,test_id_000760,2,source_like,0,4,test_id_000760_t0_c4,big,big_0,0,1.0,0.9,1,46287.65,48508.25,61558.875,65434.0,74594.8125,8,6.736035493669471,HI,65434.0,15665.78125,81099.78125,46287.6484375,26086.5625
test_id_test_id_000760_05,test_id_000760,2,source_like,0,5,test_id_000760_t0_c5,little,little_0,0,0.6,0.8,1,126251.25,124115.6875,140499.375,145331.8125,157011.34375,8,6.736035493669471,HI,145331.8125,15665.78125,160997.59375,126251.25,32895.65625
test_id_test_id_000760_06,test_id_000760,2,source_like,0,6,test_id_000760_t0_c6,big,big_0,1,1.4,0.98,1,37734.906,39403.953125,52156.484375,56058.03125,65092.4375,8,6.736035493669471,HI,56058.03125,15665.78125,71723.8125,37734.90625,25688.484375
test_id_test_id_000760_07,test_id_000760,46,sink_like,1,0,test_id_000760_t1_c0,little,little_1,2,1.2,0.93,45,559832.56,522640.125,567378.8125,580485.375,605698.0,8,6.736035493669471,HI,580485.375,15665.78125,596151.15625,559832.5625,83057.875
test_id_test_id_000760_08,test_id_000760,46,sink_like,1,1,test_id_000760_t1_c1,big,big_0,3,2.2,1.15,45,338745.56,310734.25,337464.78125,345095.8125,362113.71875,8,6.736035493669471,HI,345095.8125,15665.78125,360761.59375,338745.5625,51379.46875
test_id_test_id_000760_09,test_id_000760,46,sink_like,1,2,test_id_000760_t1_c2,little,little_1,3,1.5,1.0,45,472380.25,441392.625,479141.125,489925.5,512241.4375,8,6.736035493669471,HI,489925.5,15665.78125,505591.28125,472380.25,70848.8125
test_id_test_id_000760_10,test_id_000760,46,sink_like,1,3,test_id_000760_t1_c3,big,big_1,0,1.0,0.9,45,452080.34,429348.9375,465705.9375,476020.3125,497613.15625,8,6.736035493669471,HI,476020.3125,15665.78125,491686.09375,452080.34375,68264.21875
test_id_test_id_000760_11,test_id_000760,46,sink_like,1,4,test_id_000760_t1_c4,little,little_1,0,0.6,0.8,45,829843.44,821825.25,892415.4375,913088.8125,950950.8125,8,6.736035493669471,HI,913088.8125,15665.78125,928754.59375,829843.4375,129125.5625
test_id_test_id_000760_12,test_id_000760,46,sink_like,1,5,test_id_000760_t1_c5,big,big_1,1,1.4,0.98,45,473602.12,441070.25,478648.40625,489362.3125,511554.28125,8,6.736035493669471,HI,489362.3125,15665.78125,505028.09375,473602.125,70484.03125
test_id_test_id_000760_13,test_id_000760,46,sink_like,1,6,test_id_000760_t1_c6,little,little_0,1,0.9,0.86,45,706787.25,688649.375,748048.0,766067.8125,797400.375,8,6.736035493669471,HI,766067.8125,15665.78125,781733.59375,706787.25,108751.0
test_id_test_id_000760_14,test_id_000760,35,middle,2,0,test_id_000760_t2_c0,big,big_1,3,2.2,1.15,34,58281.11,60128.21875,73466.421875,77249.015625,86454.625,8,6.736035493669471,HI,77249.015625,15665.78125,92914.796875,58281.109375,26326.40625
test_id_test_id_000760_15,test_id_000760,35,middle,2,1,test_id_000760_t2_c1,little,little_0,3,1.5,1.0,34,142502.3,136300.8125,152346.3125,156896.4375,167958.21875,8,6.736035493669471,HI,156896.4375,15665.78125,172562.21875,142502.296875,31657.40625
test_id_test_id_000760_16,test_id_000760,35,middle,2,2,test_id_000760_t2_c2,big,big_1,0,1.0,0.9,34,117944.695,119646.4375,135291.375,139740.15625,150681.46875,8,6.736035493669471,HI,139740.15625,15665.78125,155405.9375,117944.6953125,31035.03125
test_id_test_id_000760_17,test_id_000760,35,middle,2,3,test_id_000760_t2_c3,little,little_0,0,0.6,0.8,34,272972.12,288667.65625,314223.65625,321463.1875,338117.15625,8,6.736035493669471,HI,321463.1875,15665.78125,337128.96875,272972.125,49449.5
test_id_test_id_000760_18,test_id_000760,35,middle,2,4,test_id_000760_t2_c4,big,big_0,1,1.4,0.98,34,88884.34,96415.25,111192.1875,115252.359375,125460.4375,8,6.736035493669471,HI,115252.359375,15665.78125,130918.140625,88884.34375,29045.1875
test_id_test_id_000760_19,test_id_000760,35,middle,2,5,test_id_000760_t2_c5,little,little_1,1,0.9,0.86,34,198031.22,200585.21875,220309.046875,226230.640625,239774.96875,8,6.736035493669471,HI,226230.640625,15665.78125,241896.421875,198031.21875,39189.75
test_id_test_id_000760_20,test_id_000760,35,middle,2,6,test_id_000760_t2_c6,big,big_1,2,1.8,1.06,34,77585.79,78754.328125,92903.40625,96814.90625,106575.640625,8,6.736035493669471,HI,96814.90625,15665.78125,112480.6875,77585.7890625,27821.3125
test_id_test_id_000760_21,test_id_000760,45,high_degree,3,0,test_id_000760_t3_c0,little,little_0,3,1.5,1.0,44,229693.55,225980.21875,246937.65625,253121.0,267166.09375,8,6.736035493669471,HI,253121.0,15665.78125,268786.78125,229693.546875,41185.875
test_id_test_id_000760_22,test_id_000760,45,high_degree,3,1,test_id_000760_t3_c1,big,big_1,0,1.0,0.9,44,224803.2,226743.265625,247837.59375,254081.015625,268250.0,8,6.736035493669471,HI,254081.015625,15665.78125,269746.796875,224803.203125,41506.734375
test_id_test_id_000760_23,test_id_000760,45,high_degree,3,2,test_id_000760_t3_c2,little,little_1,0,0.6,0.8,44,509684.7,516110.4375,557244.9375,568984.0,591585.9375,8,6.736035493669471,HI,568984.0,15665.78125,584649.78125,509684.6875,75475.5
test_id_test_id_000760_24,test_id_000760,45,high_degree,3,3,test_id_000760_t3_c3,big,big_1,1,1.4,0.98,44,168057.75,174821.3125,192834.40625,198156.140625,210557.375,8,6.736035493669471,HI,198156.140625,15665.78125,213821.921875,168057.75,35736.0625
test_id_test_id_000760_25,test_id_000760,45,high_degree,3,4,test_id_000760_t3_c4,little,little_0,1,0.9,0.86,44,334203.47,337224.03125,365900.34375,374011.9375,391964.90625,8,6.736035493669471,HI,374011.9375,15665.78125,389677.71875,334203.46875,54740.875
test_id_test_id_000760_26,test_id_000760,45,high_degree,3,5,test_id_000760_t3_c5,big,big_1,2,1.8,1.06,44,200166.9,201464.03125,221074.3125,226927.515625,240312.71875,8,6.736035493669471,HI,226927.515625,15665.78125,242593.296875,200166.90625,38848.6875
test_id_test_id_000760_27,test_id_000760,45,high_degree,3,6,test_id_000760_t3_c6,little,little_1,2,1.2,0.93,44,268064.3,284425.09375,309200.75,316329.71875,332319.96875,8,6.736035493669471,HI,316329.71875,15665.78125,331995.5,268064.3125,47894.875
test_id_test_id_000760_28,test_id_000760,48,random,4,0,test_id_000760_t4_c0,big,big_1,0,1.0,0.9,47,297154.6,276664.03125,300912.84375,307906.9375,323646.09375,8,6.736035493669471,HI,307906.9375,15665.78125,323572.71875,297154.59375,46982.0625
test_id_test_id_000760_29,test_id_000760,48,random,4,1,test_id_000760_t4_c1,little,little_1,0,0.6,0.8,47,578177.75,553510.25,598130.4375,611095.375,635141.25,8,6.736035493669471,HI,611095.375,15665.78125,626761.15625,578177.75,81631.0
test_id_test_id_000760_30,test_id_000760,48,random,4,2,test_id_000760_t4_c2,big,big_0,1,1.4,0.98,47,319778.16,290310.5625,315543.625,322792.53125,339024.96875,8,6.736035493669471,HI,322792.53125,15665.78125,338458.3125,319778.15625,48714.40625
test_id_test_id_000760_31,test_id_000760,48,random,4,3,test_id_000760_t4_c3,little,little_0,1,0.9,0.86,47,444409.78,429819.21875,466254.3125,476608.1875,498258.125,8,6.736035493669471,HI,476608.1875,15665.78125,492273.96875,444409.78125,68438.90625
test_id_test_id_000760_32,test_id_000760,48,random,4,4,test_id_000760_t4_c4,big,big_0,2,1.8,1.06,47,214695.53,209566.21875,229691.765625,235699.796875,249388.8125,8,6.736035493669471,HI,235699.796875,15665.78125,251365.578125,214695.53125,39822.59375
test_id_test_id_000760_33,test_id_000760,48,random,4,5,test_id_000760_t4_c5,little,little_1,2,1.2,0.93,47,313088.9,324190.0,351931.3125,359814.21875,377315.375,8,6.736035493669471,HI,359814.21875,15665.78125,375480.0,313088.90625,53125.375
test_id_test_id_000760_34,test_id_000760,48,random,4,6,test_id_000760_t4_c6,big,big_1,3,2.2,1.15,47,188380.16,179287.1875,197662.90625,203123.8125,215785.046875,8,6.736035493669471,HI,203123.8125,15665.78125,218789.59375,188380.15625,36497.859375
test_id_test_id_000760_35,test_id_000760,29,diverse_fill_1,5,0,test_id_000760_t5_c0,little,little_0,0,0.6,0.8,28,683585.9,673383.4375,727437.375,743780.875,771301.75,8,6.736035493669471,HI,743780.875,15665.78125,759446.65625,683585.875,97918.3125
test_id_test_id_000760_36,test_id_000760,29,diverse_fill_1,5,1,test_id_000760_t5_c1,big,big_1,1,1.4,0.98,28,284819.5,282120.1875,306775.25,313897.71875,329858.875,8,6.736035493669471,HI,313897.71875,15665.78125,329563.5,284819.5,47738.6875
test_id_test_id_000760_37,test_id_000760,29,diverse_fill_1,5,2,test_id_000760_t5_c2,little,little_0,1,0.9,0.86,28,512965.53,485862.125,526573.5,538232.25,561512.5625,8,6.736035493669471,HI,538232.25,15665.78125,553898.03125,512965.53125,75650.4375
test_id_test_id_000760_38,test_id_000760,29,diverse_fill_1,5,3,test_id_000760_t5_c3,big,big_1,2,1.8,1.06,28,279658.72,283939.5625,308756.0,315924.1875,331980.125,8,6.736035493669471,HI,315924.1875,15665.78125,331589.96875,279658.71875,48040.5625
test_id_test_id_000760_39,test_id_000760,29,diverse_fill_1,5,4,test_id_000760_t5_c4,little,little_0,2,1.2,0.93,28,404503.72,402751.6875,436954.9375,446631.9375,467274.59375,8,6.736035493669471,HI,446631.9375,15665.78125,462297.71875,404503.71875,64522.90625
test_id_test_id_000760_40,test_id_000760,29,diverse_fill_1,5,5,test_id_000760_t5_c5,big,big_1,3,2.2,1.15,28,240201.36,235429.515625,257166.234375,263624.375,278208.3125,8,6.736035493669471,HI,263624.375,15665.78125,279290.15625,240201.359375,42778.796875
test_id_test_id_000760_41,test_id_000760,29,diverse_fill_1,5,6,test_id_000760_t5_c6,little,little_0,3,1.5,1.0,28,351844.06,353008.78125,383120.25,391643.375,410341.71875,8,6.736035493669471,HI,391643.375,15665.78125,407309.15625,351844.0625,57332.9375
test_id_test_id_000779_00,test_id_000779,8,source_like,0,0,test_id_000779_t0_c0,big,big_0,2,1.8,1.06,7,58055.41,54452.40625,67619.171875,71421.59375,80551.421875,8,6.736035493669471,LO,71421.59375,0.0,71421.59375,58055.41015625,26099.015625
test_id_test_id_000779_01,test_id_000779,8,source_like,0,1,test_id_000779_t0_c1,little,little_0,2,1.2,0.93,7,123782.586,118932.453125,134394.625,138757.1875,149516.0,8,6.736035493669471,LO,138757.1875,0.0,138757.1875,123782.5859375,30583.546875
test_id_test_id_000779_02,test_id_000779,8,source_like,0,2,test_id_000779_t0_c2,big,big_1,3,2.2,1.15,7,48487.098,49008.921875,61936.953125,65713.890625,74688.90625,8,6.736035493669471,LO,65713.890625,0.0,65713.890625,48487.09765625,25679.984375
test_id_test_id_000779_03,test_id_000779,8,source_like,0,3,test_id_000779_t0_c3,little,little_0,3,1.5,1.0,7,96720.336,93119.71875,107852.296875,111893.078125,122047.25,8,6.736035493669471,LO,111893.078125,0.0,111893.078125,96720.3359375,28927.53125
test_id_test_id_000779_04,test_id_000779,8,source_like,0,4,test_id_000779_t0_c4,big,big_1,0,1.0,0.9,7,99127.016,91247.765625,106098.65625,110241.03125,120579.890625,8,6.736035493669471,LO,110241.03125,0.0,110241.03125,99127.015625,29332.125
test_id_test_id_000779_05,test_id_000779,8,source_like,0,5,test_id_000779_t0_c5,little,little_1,0,0.6,0.8,7,244865.2,232555.4375,255539.375,262500.9375,278327.28125,8,6.736035493669471,LO,262500.9375,0.0,262500.9375,244865.203125,45771.84375
test_id_test_id_000779_06,test_id_000779,8,source_like,0,6,test_id_000779_t0_c6,big,big_1,1,1.4,0.98,7,71732.414,71033.234375,85002.546875,88918.890625,98567.421875,8,6.736035493669471,LO,88918.890625,0.0,88918.890625,71732.4140625,27534.1875
test_id_test_id_000779_07,test_id_000779,111,sink_like,1,0,test_id_000779_t1_c0,little,little_1,2,1.2,0.93,110,455751.2,427162.0625,463661.875,474066.25,495831.84375,8,6.736035493669471,LO,474066.25,0.0,474066.25,455751.1875,68669.78125
test_id_test_id_000779_08,test_id_000779,111,sink_like,1,1,test_id_000779_t1_c1,big,big_1,3,2.2,1.15,110,162886.55,164333.09375,181860.265625,187013.53125,199119.0,8,6.736035493669471,LO,187013.53125,0.0,187013.53125,162886.546875,34785.90625
test_id_test_id_000779_09,test_id_000779,111,sink_like,1,2,test_id_000779_t1_c2,little,little_0,3,1.5,1.0,110,291503.38,301855.0625,327932.0,335406.90625,352084.75,8,6.736035493669471,LO,335406.90625,0.0,335406.90625,291503.375,50229.6875
test_id_test_id_000779_10,test_id_000779,111,sink_like,1,3,test_id_000779_t1_c3,big,big_0,0,1.0,0.9,110,403722.8,378447.9375,410622.8125,419714.5,439421.3125,8,6.736035493669471,LO,419714.5,0.0,419714.5,403722.8125,60973.375
test_id_test_id_000779_11,test_id_000779,111,sink_like,1,4,test_id_000779_t1_c4,little,little_0,0,0.6,0.8,110,659431.4,649574.0,701517.625,717122.75,743657.625,8,6.736035493669471,LO,717122.75,0.0,717122.75,659431.375,94083.625
test_id_test_id_000779_12,test_id_000779,111,sink_like,1,5,test_id_000779_t1_c5,big,big_1,1,1.4,0.98,110,265619.38,262987.53125,286381.21875,293204.53125,308547.09375,8,6.736035493669471,LO,293204.53125,0.0,293204.53125,265619.375,45559.5625
test_id_test_id_000779_13,test_id_000779,111,sink_like,1,6,test_id_000779_t1_c6,little,little_1,1,0.9,0.86,110,394581.1,409776.125,444162.0625,453842.875,474451.59375,8,6.736035493669471,LO,453842.875,0.0,453842.875,394581.09375,64675.46875
test_id_test_id_000779_14,test_id_000779,68,middle,2,0,test_id_000779_t2_c0,big,big_0,3,2.2,1.15,67,139737.42,137457.8125,153547.21875,158109.890625,169187.4375,8,6.736035493669471,LO,158109.890625,0.0,158109.890625,139737.421875,31729.625
test_id_test_id_000779_15,test_id_000779,68,middle,2,1,test_id_000779_t2_c1,little,little_0,3,1.5,1.0,67,241582.19,222641.65625,243419.859375,249570.28125,263537.125,8,6.736035493669471,LO,249570.28125,0.0,249570.28125,241582.1875,40895.46875
test_id_test_id_000779_16,test_id_000779,68,middle,2,2,test_id_000779_t2_c2,big,big_1,0,1.0,0.9,67,226413.9,220879.421875,241642.078125,247817.25,261833.53125,8,6.736035493669471,LO,247817.25,0.0,247817.25,226413.90625,40954.109375
test_id_test_id_000779_17,test_id_000779,68,middle,2,3,test_id_000779_t2_c3,little,little_1,0,0.6,0.8,67,457117.38,465262.5625,502432.5625,512856.5625,534072.8125,8,6.736035493669471,LO,512856.5625,0.0,512856.5625,457117.375,68810.25
test_id_test_id_000779_18,test_id_000779,68,middle,2,4,test_id_000779_t2_c4,big,big_0,1,1.4,0.98,67,214243.4,210206.9375,230317.046875,236312.625,249967.09375,8,6.736035493669471,LO,236312.625,0.0,236312.625,214243.40625,39760.15625
test_id_test_id_000779_19,test_id_000779,68,middle,2,5,test_id_000779_t2_c5,little,little_1,1,0.9,0.86,67,299864.03,294428.6875,319839.46875,327108.0,343400.5625,8,6.736035493669471,LO,327108.0,0.0,327108.0,299864.03125,48971.875
test_id_test_id_000779_20,test_id_000779,68,middle,2,6,test_id_000779_t2_c6,big,big_1,2,1.8,1.06,67,187525.16,176908.21875,195138.375,200549.78125,213113.234375,8,6.736035493669471,LO,200549.78125,0.0,200549.78125,187525.15625,36205.015625
test_id_test_id_000779_21,test_id_000779,98,random,3,0,test_id_000779_t3_c0,little,little_1,3,1.5,1.0,97,128832.27,122471.515625,137919.109375,142245.3125,152925.078125,8,6.736035493669471,LO,142245.3125,0.0,142245.3125,128832.2734375,30453.5625
test_id_test_id_000779_22,test_id_000779,98,random,3,1,test_id_000779_t3_c1,big,big_0,0,1.0,0.9,97,147988.67,155997.09375,173324.8125,178478.5625,190623.1875,8,6.736035493669471,LO,178478.5625,0.0,178478.5625,147988.671875,34626.09375
test_id_test_id_000779_23,test_id_000779,98,random,3,2,test_id_000779_t3_c2,little,little_1,0,0.6,0.8,97,315596.2,309207.5625,335610.1875,342895.9375,359679.46875,8,6.736035493669471,LO,342895.9375,0.0,342895.9375,315596.1875,50471.90625
test_id_test_id_000779_24,test_id_000779,98,random,3,3,test_id_000779_t3_c3,big,big_1,1,1.4,0.98,97,121214.82,120214.375,135708.890625,140046.484375,150773.1875,8,6.736035493669471,LO,140046.484375,0.0,140046.484375,121214.8203125,30558.8125
test_id_test_id_000779_25,test_id_000779,98,random,3,4,test_id_000779_t3_c4,little,little_1,1,0.9,0.86,97,192535.52,198746.625,218624.578125,224642.59375,238387.765625,8,6.736035493669471,LO,224642.59375,0.0,224642.59375,192535.515625,39641.140625
test_id_test_id_000779_26,test_id_000779,98,random,3,5,test_id_000779_t3_c5,big,big_1,2,1.8,1.06,97,94052.266,89414.125,103884.21875,107858.75,117856.203125,8,6.736035493669471,LO,107858.75,0.0,107858.75,94052.265625,28442.078125
test_id_test_id_000779_27,test_id_000779,98,random,3,6,test_id_000779_t3_c6,little,little_0,2,1.2,0.93,97,184171.47,168061.84375,185774.15625,191024.3125,203293.515625,8,6.736035493669471,LO,191024.3125,0.0,191024.3125,184171.46875,35231.671875
test_id_test_id_000779_28,test_id_000779,83,diverse_fill_1,4,0,test_id_000779_t4_c0,big,big_1,0,1.0,0.9,82,146150.8,140774.890625,157314.90625,162143.90625,173725.421875,8,6.736035493669471,LO,162143.90625,0.0,162143.90625,146150.796875,32950.53125
test_id_test_id_000779_29,test_id_000779,83,diverse_fill_1,4,1,test_id_000779_t4_c1,little,little_1,0,0.6,0.8,82,315301.44,290816.59375,316207.6875,323282.59375,339729.09375,8,6.736035493669471,LO,323282.59375,0.0,323282.59375,315301.4375,48912.5
test_id_test_id_000779_30,test_id_000779,83,diverse_fill_1,4,2,test_id_000779_t4_c2,big,big_1,1,1.4,0.98,82,110079.08,107979.078125,123049.46875,127215.484375,137642.59375,8,6.736035493669471,LO,127215.484375,0.0,127215.484375,110079.078125,29663.515625
test_id_test_id_000779_31,test_id_000779,83,diverse_fill_1,4,3,test_id_000779_t4_c3,little,little_0,1,0.9,0.86,82,226351.73,208889.71875,229330.21875,235509.203125,249568.265625,8,6.736035493669471,LO,235509.203125,0.0,235509.203125,226351.734375,40678.546875
test_id_test_id_000779_32,test_id_000779,83,diverse_fill_1,4,4,test_id_000779_t4_c4,big,big_1,2,1.8,1.06,82,87792.67,84099.0,98400.234375,102335.296875,112208.40625,8,6.736035493669471,LO,102335.296875,0.0,102335.296875,87792.671875,28109.40625
test_id_test_id_000779_33,test_id_000779,83,diverse_fill_1,4,5,test_id_000779_t4_c5,little,little_1,2,1.2,0.93,82,194945.62,177218.5,195428.6875,200846.0,213421.25,8,6.736035493669471,LO,200846.0,0.0,200846.0,194945.625,36202.75
test_id_test_id_000779_34,test_id_000779,83,diverse_fill_1,4,6,test_id_000779_t4_c6,big,big_1,3,2.2,1.15,82,79610.17,76719.359375,90777.125,94661.34375,104344.34375,8,6.736035493669471,LO,94661.34375,0.0,94661.34375,79610.171875,27624.984375
test_id_test_id_000779_35,test_id_000779,5,diverse_fill_2,5,0,test_id_000779_t5_c0,little,little_1,0,0.6,0.8,4,153191.56,140553.78125,157566.53125,162617.578125,174621.6875,8,6.736035493669471,LO,162617.578125,0.0,162617.578125,153191.5625,34067.90625
test_id_test_id_000779_36,test_id_000779,5,diverse_fill_2,5,1,test_id_000779_t5_c1,big,big_1,1,1.4,0.98,4,44893.754,43264.140625,56072.921875,59906.328125,68875.921875,8,6.736035493669471,LO,59906.328125,0.0,59906.328125,44893.75390625,25611.78125
test_id_test_id_000779_37,test_id_000779,5,diverse_fill_2,5,2,test_id_000779_t5_c2,little,little_0,1,0.9,0.86,4,111311.68,104353.625,119704.59375,124094.171875,134965.328125,8,6.736035493669471,LO,124094.171875,0.0,124094.171875,111311.6796875,30611.703125
test_id_test_id_000779_38,test_id_000779,5,diverse_fill_2,5,3,test_id_000779_t5_c3,big,big_1,2,1.8,1.06,4,36307.09,35695.1875,48268.734375,52109.703125,60942.3125,8,6.736035493669471,LO,52109.703125,0.0,52109.703125,36307.08984375,25247.125
test_id_test_id_000779_39,test_id_000779,5,diverse_fill_2,5,4,test_id_000779_t5_c4,little,little_1,2,1.2,0.93,4,84419.414,80279.953125,94771.65625,98824.984375,108883.546875,8,6.736035493669471,LO,98824.984375,0.0,98824.984375,84419.4140625,28603.59375
test_id_test_id_000779_40,test_id_000779,5,diverse_fill_2,5,5,test_id_000779_t5_c5,big,big_1,3,2.2,1.15,4,31329.717,31623.28125,44101.078125,47957.6875,56742.3125,8,6.736035493669471,LO,47957.6875,0.0,47957.6875,31329.716796875,25119.03125
test_id_test_id_000779_41,test_id_000779,5,diverse_fill_2,5,6,test_id_000779_t5_c6,little,little_0,3,1.5,1.0,4,68376.61,64705.75,78469.609375,82371.875,91876.46875,8,6.736035493669471,LO,82371.875,0.0,82371.875,68376.609375,27170.71875
test_id_test_id_000814_00,test_id_000814,1,source_like,0,0,test_id_000814_t0_c0,big,big_1,0,1.0,0.9,0,92566.68,90992.140625,105814.765625,109947.734375,120271.5625,8,6.736035493669471,HI,109947.734375,15665.78125,125613.515625,92566.6796875,29279.421875
test_id_test_id_000814_01,test_id_000814,1,source_like,0,1,test_id_000814_t0_c1,little,little_1,0,0.6,0.8,0,217905.66,217586.078125,239779.328125,246592.953125,262064.25,8,6.736035493669471,HI,246592.953125,15665.78125,262258.734375,217905.65625,44478.171875
test_id_test_id_000814_02,test_id_000814,1,source_like,0,2,test_id_000814_t0_c2,big,big_0,1,1.4,0.98,0,64396.074,61818.453125,75356.84375,79216.28125,88594.3125,8,6.736035493669471,HI,79216.28125,15665.78125,94882.0625,64396.07421875,26775.859375
test_id_test_id_000814_03,test_id_000814,1,source_like,0,3,test_id_000814_t0_c3,little,little_0,1,0.9,0.86,0,145422.64,150741.4375,167983.84375,173109.390625,185216.15625,8,6.736035493669471,HI,173109.390625,15665.78125,188775.171875,145422.640625,34474.71875
test_id_test_id_000814_04,test_id_000814,1,source_like,0,4,test_id_000814_t0_c4,big,big_0,2,1.8,1.06,0,51920.938,52272.796875,65352.390625,69149.90625,78226.5,8,6.736035493669471,HI,69149.90625,15665.78125,84815.6875,51920.9375,25953.703125
test_id_test_id_000814_05,test_id_000814,1,source_like,0,5,test_id_000814_t0_c5,little,little_1,2,1.2,0.93,0,110467.805,113785.0625,129081.0625,133366.46875,144005.71875,8,6.736035493669471,HI,133366.46875,15665.78125,149032.25,110467.8046875,30220.65625
test_id_test_id_000814_06,test_id_000814,1,source_like,0,6,test_id_000814_t0_c6,big,big_0,3,2.2,1.15,0,42125.363,41925.109375,54562.265625,58316.234375,67105.25,8,6.736035493669471,HI,58316.234375,15665.78125,73982.015625,42125.36328125,25180.140625
test_id_test_id_000814_07,test_id_000814,6,sink_like,1,0,test_id_000814_t1_c0,little,little_1,0,0.6,0.8,5,293117.38,292906.3125,318312.875,325357.6875,341748.25,8,6.736035493669471,HI,325357.6875,15665.78125,341023.46875,293117.375,48841.9375
test_id_test_id_000814_08,test_id_000814,6,sink_like,1,1,test_id_000814_t1_c1,big,big_1,1,1.4,0.98,5,101091.54,111411.078125,126579.75,130782.8125,141276.375,8,6.736035493669471,HI,130782.8125,15665.78125,146448.59375,101091.5390625,29865.296875
test_id_test_id_000814_09,test_id_000814,6,sink_like,1,2,test_id_000814_t1_c2,little,little_1,1,0.9,0.86,5,205230.14,205578.6875,225843.78125,231986.1875,245965.6875,8,6.736035493669471,HI,231986.1875,15665.78125,247651.96875,205230.140625,40387.0
test_id_test_id_000814_10,test_id_000814,6,sink_like,1,3,test_id_000814_t1_c3,big,big_0,2,1.8,1.06,5,93465.25,94942.3125,109621.1875,113636.90625,123754.140625,8,6.736035493669471,HI,113636.90625,15665.78125,129302.6875,93465.25,28811.828125
test_id_test_id_000814_11,test_id_000814,6,sink_like,1,4,test_id_000814_t1_c4,little,little_1,2,1.2,0.93,5,155188.72,161534.65625,178950.328125,184106.40625,196210.5625,8,6.736035493669471,HI,184106.40625,15665.78125,199772.1875,155188.71875,34675.90625
test_id_test_id_000814_12,test_id_000814,6,sink_like,1,5,test_id_000814_t1_c5,big,big_0,3,2.2,1.15,5,73257.83,70281.34375,84052.125,87889.4375,97383.21875,8,6.736035493669471,HI,87889.4375,15665.78125,103555.21875,73257.828125,27101.875
test_id_test_id_000814_13,test_id_000814,6,sink_like,1,6,test_id_000814_t1_c6,little,little_0,3,1.5,1.0,5,151512.9,144814.0625,161250.46875,165972.796875,177320.578125,8,6.736035493669471,HI,165972.796875,15665.78125,181638.578125,151512.90625,32506.515625
test_id_test_id_000814_14,test_id_000814,213,middle,2,0,test_id_000814_t2_c0,big,big_1,1,1.4,0.98,212,163751.03,156136.53125,173235.171875,178248.1875,190110.15625,8,6.736035493669471,HI,178248.1875,15665.78125,193913.96875,163751.03125,33973.625
test_id_test_id_000814_15,test_id_000814,213,middle,2,1,test_id_000814_t2_c1,little,little_0,1,0.9,0.86,212,214489.88,227449.40625,248576.390625,254802.453125,268965.21875,8,6.736035493669471,HI,254802.453125,15665.78125,270468.234375,214489.875,41515.8125
test_id_test_id_000814_16,test_id_000814,213,middle,2,2,test_id_000814_t2_c2,big,big_1,2,1.8,1.06,212,108731.56,105774.78125,120725.828125,124828.71875,135135.359375,8,6.736035493669471,HI,124828.71875,15665.78125,140494.5,108731.5625,29360.578125
test_id_test_id_000814_17,test_id_000814,213,middle,2,3,test_id_000814_t2_c3,little,little_1,2,1.2,0.93,212,158825.16,161545.40625,178835.4375,183912.734375,195872.0,8,6.736035493669471,HI,183912.734375,15665.78125,199578.515625,158825.15625,34326.59375
test_id_test_id_000814_18,test_id_000814,213,middle,2,4,test_id_000814_t2_c4,big,big_0,3,2.2,1.15,212,70360.33,75299.40625,89232.78125,93087.859375,102695.984375,8,6.736035493669471,HI,93087.859375,15665.78125,108753.640625,70360.328125,27396.578125
test_id_test_id_000814_19,test_id_000814,213,middle,2,5,test_id_000814_t2_c5,little,little_1,3,1.5,1.0,212,142978.55,156332.875,173337.359375,178289.171875,190031.34375,8,6.736035493669471,HI,178289.171875,15665.78125,193954.953125,142978.546875,33698.46875
test_id_test_id_000814_20,test_id_000814,213,middle,2,6,test_id_000814_t2_c6,big,big_1,0,1.0,0.9,212,144943.66,148879.75,165748.5625,170695.375,182463.90625,8,6.736035493669471,HI,170695.375,15665.78125,186361.15625,144943.65625,33584.15625
test_id_test_id_000814_21,test_id_000814,436,high_degree,3,0,test_id_000814_t3_c0,little,little_1,1,0.9,0.86,435,323854.53,330395.3125,358543.375,366513.96875,384188.875,8,6.736035493669471,HI,366513.96875,15665.78125,382179.75,323854.53125,53793.5625
test_id_test_id_000814_22,test_id_000814,436,high_degree,3,1,test_id_000814_t3_c1,big,big_1,2,1.8,1.06,435,115059.97,119739.109375,135077.390625,139337.34375,149908.5,8,6.736035493669471,HI,139337.34375,15665.78125,155003.125,115059.96875,30169.390625
test_id_test_id_000814_23,test_id_000814,436,high_degree,3,2,test_id_000814_t3_c2,little,little_1,2,1.2,0.93,435,244906.14,244345.234375,266464.3125,272953.125,287610.78125,8,6.736035493669471,HI,272953.125,15665.78125,288618.90625,244906.140625,43265.546875
test_id_test_id_000814_24,test_id_000814,436,high_degree,3,3,test_id_000814_t3_c3,big,big_1,3,2.2,1.15,435,93658.71,91296.296875,105733.984375,109694.25,119679.234375,8,6.736035493669471,HI,109694.25,15665.78125,125360.03125,93658.7109375,28382.9375
test_id_test_id_000814_25,test_id_000814,436,high_degree,3,4,test_id_000814_t3_c4,little,little_0,3,1.5,1.0,435,156859.84,159195.09375,176386.765625,181419.5625,193297.140625,8,6.736035493669471,HI,181419.5625,15665.78125,197085.34375,156859.84375,34102.046875
test_id_test_id_000814_26,test_id_000814,436,high_degree,3,5,test_id_000814_t3_c5,big,big_1,0,1.0,0.9,435,190210.38,185539.90625,204347.75,210001.890625,223013.1875,8,6.736035493669471,HI,210001.890625,15665.78125,225667.671875,190210.375,37473.28125
test_id_test_id_000814_27,test_id_000814,436,high_degree,3,6,test_id_000814_t3_c6,little,little_1,0,0.6,0.8,435,385717.38,396864.03125,428640.75,437325.5,456211.9375,8,6.736035493669471,HI,437325.5,15665.78125,452991.28125,385717.375,59347.90625
test_id_test_id_000814_28,test_id_000814,231,communication_heavy,4,0,test_id_000814_t4_c0,big,big_0,2,1.8,1.06,230,217895.34,217445.265625,238065.0625,244216.15625,258183.984375,8,6.736035493669471,HI,244216.15625,15665.78125,259881.9375,217895.34375,40738.71875
test_id_test_id_000814_29,test_id_000814,231,communication_heavy,4,1,test_id_000814_t4_c1,little,little_0,2,1.2,0.93,230,401996.53,394840.1875,428453.6875,437967.375,458358.375,8,6.736035493669471,HI,437967.375,15665.78125,453633.15625,401996.53125,63518.1875
test_id_test_id_000814_30,test_id_000814,231,communication_heavy,4,2,test_id_000814_t4_c2,big,big_0,3,2.2,1.15,230,256031.38,236972.640625,258801.09375,265279.8125,279903.34375,8,6.736035493669471,HI,265279.8125,15665.78125,280945.59375,256031.375,42930.703125
test_id_test_id_000814_31,test_id_000814,231,communication_heavy,4,3,test_id_000814_t4_c3,little,little_1,3,1.5,1.0,230,360351.44,328186.1875,356278.375,364261.3125,381948.3125,8,6.736035493669471,HI,364261.3125,15665.78125,379927.09375,360351.4375,53762.125
test_id_test_id_000814_32,test_id_000814,231,communication_heavy,4,4,test_id_000814_t4_c4,big,big_0,0,1.0,0.9,230,325769.84,323408.0,351047.53125,358888.25,376340.15625,8,6.736035493669471,HI,358888.25,15665.78125,374554.03125,325769.84375,52932.15625
test_id_test_id_000814_33,test_id_000814,231,communication_heavy,4,5,test_id_000814_t4_c5,little,little_1,0,0.6,0.8,230,662975.75,663893.125,717993.0,734403.625,762180.625,8,6.736035493669471,HI,734403.625,15665.78125,750069.40625,662975.75,98287.5
test_id_test_id_000814_34,test_id_000814,231,communication_heavy,4,6,test_id_000814_t4_c6,big,big_0,1,1.4,0.98,230,325389.22,312535.53125,339393.78125,347048.1875,364108.6875,8,6.736035493669471,HI,347048.1875,15665.78125,362713.96875,325389.21875,51573.15625
test_id_test_id_000814_35,test_id_000814,423,random,5,0,test_id_000814_t5_c0,little,little_1,2,1.2,0.93,422,217938.39,229686.8125,250904.265625,257166.609375,271365.71875,8,6.736035493669471,HI,257166.609375,15665.78125,272832.390625,217938.390625,41678.90625
test_id_test_id_000814_36,test_id_000814,423,random,5,1,test_id_000814_t5_c1,big,big_1,3,2.2,1.15,422,131784.36,131809.953125,147684.53125,152132.875,163028.90625,8,6.736035493669471,HI,152132.875,15665.78125,167798.65625,131784.359375,31218.953125
test_id_test_id_000814_37,test_id_000814,423,random,5,2,test_id_000814_t5_c2,little,little_1,3,1.5,1.0,422,205043.48,195799.421875,215004.46875,220713.53125,233827.875,8,6.736035493669471,HI,220713.53125,15665.78125,236379.3125,205043.484375,38028.453125
test_id_test_id_000814_38,test_id_000814,423,random,5,3,test_id_000814_t5_c3,big,big_1,0,1.0,0.9,422,161011.86,172681.25,190676.34375,196036.265625,208501.71875,8,6.736035493669471,HI,196036.265625,15665.78125,211702.046875,161011.859375,35820.46875
test_id_test_id_000814_39,test_id_000814,423,random,5,4,test_id_000814_t5_c4,little,little_1,0,0.6,0.8,422,469756.4,458930.1875,495681.0625,505979.65625,527012.3125,8,6.736035493669471,HI,505979.65625,15665.78125,521645.4375,469756.40625,68082.125
test_id_test_id_000814_40,test_id_000814,423,random,5,5,test_id_000814_t5_c5,big,big_1,1,1.4,0.98,422,151493.48,147007.4375,163524.1875,168286.71875,179694.859375,8,6.736035493669471,HI,168286.71875,15665.78125,183952.5,151493.484375,32687.421875
test_id_test_id_000814_41,test_id_000814,423,random,5,6,test_id_000814_t5_c6,little,little_0,1,0.9,0.86,422,257210.72,253500.640625,276217.21875,282839.4375,297808.65625,8,6.736035493669471,HI,282839.4375,15665.78125,298505.21875,257210.71875,44308.015625
test_id_test_id_000832_00,test_id_000832,1,source_like,0,0,test_id_000832_t0_c0,big,big_1,3,2.2,1.15,0,42930.598,44121.96875,56803.375,60533.78125,69319.890625,8,6.736035493669471,LO,60533.78125,0.0,60533.78125,42930.59765625,25197.921875
test_id_test_id_000832_01,test_id_000832,1,source_like,0,1,test_id_000832_t0_c1,little,little_0,3,1.5,1.0,0,93625.74,94586.578125,109357.140625,113407.046875,123585.890625,8,6.736035493669471,LO,113407.046875,0.0,113407.046875,93625.7421875,28999.3125
test_id_test_id_000832_02,test_id_000832,1,source_like,0,2,test_id_000832_t0_c2,big,big_0,0,1.0,0.9,0,94171.93,93315.796875,108223.890625,112373.546875,122741.984375,8,6.736035493669471,LO,112373.546875,0.0,112373.546875,94171.9296875,29426.1875
test_id_test_id_000832_03,test_id_000832,1,source_like,0,3,test_id_000832_t0_c3,little,little_0,0,0.6,0.8,0,257625.4,253399.96875,277384.59375,284460.46875,300616.21875,8,6.736035493669471,LO,284460.46875,0.0,284460.46875,257625.40625,47216.25
test_id_test_id_000832_04,test_id_000832,1,source_like,0,4,test_id_000832_t0_c4,big,big_0,1,1.4,0.98,0,75781.375,73439.375,87519.125,91436.421875,101122.546875,8,6.736035493669471,LO,91436.421875,0.0,91436.421875,75781.375,27683.171875
test_id_test_id_000832_05,test_id_000832,1,source_like,0,5,test_id_000832_t0_c5,little,little_0,1,0.9,0.86,0,169864.53,164438.65625,182360.109375,187734.46875,200276.234375,8,6.736035493669471,LO,187734.46875,0.0,187734.46875,169864.53125,35837.578125
test_id_test_id_000832_06,test_id_000832,1,source_like,0,6,test_id_000832_t0_c6,big,big_1,2,1.8,1.06,0,58639.62,56504.96875,69757.3125,73558.421875,82721.015625,8,6.736035493669471,LO,73558.421875,0.0,73558.421875,58639.62109375,26216.046875
test_id_test_id_000832_07,test_id_000832,147,sink_like,1,0,test_id_000832_t1_c0,little,little_1,3,1.5,1.0,146,285011.7,272230.84375,296214.71875,303179.71875,318805.53125,8,6.736035493669471,LO,303179.71875,0.0,303179.71875,285011.6875,46574.6875
test_id_test_id_000832_08,test_id_000832,147,sink_like,1,1,test_id_000832_t1_c1,big,big_0,0,1.0,0.9,146,367212.66,353532.9375,383655.875,392174.15625,410879.625,8,6.736035493669471,LO,392174.15625,0.0,392174.15625,367212.65625,57346.6875
test_id_test_id_000832_09,test_id_000832,147,sink_like,1,2,test_id_000832_t1_c2,little,little_0,0,0.6,0.8,146,583039.0,575809.9375,621582.25,634928.0,659135.625,8,6.736035493669471,LO,634928.0,0.0,634928.0,583039.0,83325.6875
test_id_test_id_000832_10,test_id_000832,147,sink_like,1,3,test_id_000832_t1_c3,big,big_0,1,1.4,0.98,146,256456.38,249064.71875,271572.78125,278186.5,293090.34375,8,6.736035493669471,LO,278186.5,0.0,278186.5,256456.375,44025.625
test_id_test_id_000832_11,test_id_000832,147,sink_like,1,4,test_id_000832_t1_c4,little,little_1,1,0.9,0.86,146,426293.28,407547.0,441841.84375,451511.875,472111.875,8,6.736035493669471,LO,451511.875,0.0,451511.875,426293.28125,64564.875
test_id_test_id_000832_12,test_id_000832,147,sink_like,1,5,test_id_000832_t1_c5,big,big_1,2,1.8,1.06,146,175673.98,174999.53125,193131.796875,198510.671875,211018.203125,8,6.736035493669471,LO,198510.671875,0.0,198510.671875,175673.984375,36018.671875
test_id_test_id_000832_13,test_id_000832,147,sink_like,1,6,test_id_000832_t1_c6,little,little_0,2,1.2,0.93,146,374384.12,360168.40625,390825.0,399492.375,418447.625,8,6.736035493669471,LO,399492.375,0.0,399492.375,374384.125,58279.21875
test_id_test_id_000832_14,test_id_000832,82,middle,2,0,test_id_000832_t2_c0,big,big_0,0,1.0,0.9,81,176084.1,183976.9375,202727.1875,208371.4375,221371.359375,8,6.736035493669471,LO,208371.4375,0.0,208371.4375,176084.09375,37394.421875
test_id_test_id_000832_15,test_id_000832,82,middle,2,1,test_id_000832_t2_c1,little,little_1,0,0.6,0.8,81,399981.78,418833.8125,452323.09375,461547.75,481160.625,8,6.736035493669471,LO,461547.75,0.0,461547.75,399981.78125,62326.8125
test_id_test_id_000832_16,test_id_000832,82,middle,2,2,test_id_000832_t2_c2,big,big_0,1,1.4,0.98,81,151133.73,149240.875,165926.625,170754.84375,182286.203125,8,6.736035493669471,LO,170754.84375,0.0,170754.84375,151133.734375,33045.328125
test_id_test_id_000832_17,test_id_000832,82,middle,2,3,test_id_000832_t2_c3,little,little_0,1,0.9,0.86,81,255908.86,242970.59375,265061.71875,271542.53125,286216.3125,8,6.736035493669471,LO,271542.53125,0.0,271542.53125,255908.859375,43245.71875
test_id_test_id_000832_18,test_id_000832,82,middle,2,4,test_id_000832_t2_c4,big,big_1,2,1.8,1.06,81,123522.266,123618.796875,139127.953125,143445.96875,154119.3125,8,6.736035493669471,LO,143445.96875,0.0,143445.96875,123522.265625,30500.515625
test_id_test_id_000832_19,test_id_000832,82,middle,2,5,test_id_000832_t2_c5,little,little_0,2,1.2,0.93,81,187027.6,192634.8125,211739.015625,217452.953125,230569.296875,8,6.736035493669471,LO,217452.953125,0.0,217452.953125,187027.59375,37934.484375
test_id_test_id_000832_20,test_id_000832,82,middle,2,6,test_id_000832_t2_c6,big,big_1,3,2.2,1.15,81,101549.34,97693.734375,112369.6875,116380.078125,126495.953125,8,6.736035493669471,LO,116380.078125,0.0,116380.078125,101549.34375,28802.21875
test_id_test_id_000832_21,test_id_000832,45,high_degree,3,0,test_id_000832_t3_c0,little,little_0,0,0.6,0.8,44,779969.75,768674.0,832971.125,852310.875,885621.125,8,6.736035493669471,LO,852310.875,0.0,852310.875,779969.75,116947.125
test_id_test_id_000832_22,test_id_000832,45,high_degree,3,1,test_id_000832_t3_c1,big,big_1,1,1.4,0.98,44,264306.0,250665.359375,273315.71875,279978.71875,294984.90625,8,6.736035493669471,LO,279978.71875,0.0,279978.71875,264306.0,44319.546875
test_id_test_id_000832_23,test_id_000832,45,high_degree,3,2,test_id_000832_t3_c2,little,little_0,1,0.9,0.86,44,533490.4,519609.59375,563268.25,575915.4375,600393.9375,8,6.736035493669471,LO,575915.4375,0.0,575915.4375,533490.375,80784.34375
test_id_test_id_000832_24,test_id_000832,45,high_degree,3,3,test_id_000832_t3_c3,big,big_1,2,1.8,1.06,44,231435.22,236572.90625,258376.46875,264848.4375,279454.0625,8,6.736035493669471,LO,264848.4375,0.0,264848.4375,231435.21875,42881.15625
test_id_test_id_000832_25,test_id_000832,45,high_degree,3,4,test_id_000832_t3_c4,little,little_1,2,1.2,0.93,44,347046.2,333999.75,362438.25,370494.125,388336.65625,8,6.736035493669471,LO,370494.125,0.0,370494.125,347046.1875,54336.90625
test_id_test_id_000832_26,test_id_000832,45,high_degree,3,5,test_id_000832_t3_c5,big,big_0,3,2.2,1.15,44,192044.5,196931.46875,216470.703125,222347.09375,235793.5,8,6.736035493669471,LO,222347.09375,0.0,222347.09375,192044.5,38862.03125
test_id_test_id_000832_27,test_id_000832,45,high_degree,3,6,test_id_000832_t3_c6,little,little_1,3,1.5,1.0,44,293424.88,291005.28125,316302.8125,323590.53125,339892.28125,8,6.736035493669471,LO,323590.53125,0.0,323590.53125,293424.875,48887.0
test_id_test_id_000832_28,test_id_000832,96,communication_heavy,4,0,test_id_000832_t4_c0,big,big_1,1,1.4,0.98,95,237305.98,230861.75,252219.3125,258538.015625,272846.40625,8,6.736035493669471,LO,258538.015625,0.0,258538.015625,237305.984375,41984.65625
test_id_test_id_000832_29,test_id_000832,96,communication_heavy,4,1,test_id_000832_t4_c1,little,little_0,1,0.9,0.86,95,507171.0,491284.0,532942.125,544964.875,568797.375,8,6.736035493669471,LO,544964.875,0.0,544964.875,507171.0,77513.375
test_id_test_id_000832_30,test_id_000832,96,communication_heavy,4,2,test_id_000832_t4_c2,big,big_1,2,1.8,1.06,95,232978.95,222328.03125,243234.90625,249466.15625,263587.46875,8,6.736035493669471,LO,249466.15625,0.0,249466.15625,232978.953125,41259.4375
test_id_test_id_000832_31,test_id_000832,96,communication_heavy,4,3,test_id_000832_t4_c3,little,little_0,2,1.2,0.93,95,269616.72,283933.09375,308670.9375,315798.6875,331782.5625,8,6.736035493669471,LO,315798.6875,0.0,315798.6875,269616.71875,47849.46875
test_id_test_id_000832_32,test_id_000832,96,communication_heavy,4,4,test_id_000832_t4_c4,big,big_0,3,2.2,1.15,95,189493.64,183537.296875,202193.90625,207758.484375,220612.34375,8,6.736035493669471,LO,207758.484375,0.0,207758.484375,189493.640625,37075.046875
test_id_test_id_000832_33,test_id_000832,96,communication_heavy,4,5,test_id_000832_t4_c5,little,little_0,3,1.5,1.0,95,279076.84,269302.0625,293066.5625,299970.0,315472.5625,8,6.736035493669471,LO,299970.0,0.0,299970.0,279076.84375,46170.5
test_id_test_id_000832_34,test_id_000832,96,communication_heavy,4,6,test_id_000832_t4_c6,big,big_0,0,1.0,0.9,95,312662.2,324311.65625,352041.5625,359909.09375,377405.84375,8,6.736035493669471,LO,359909.09375,0.0,359909.09375,312662.1875,53094.1875
test_id_test_id_000832_35,test_id_000832,90,random,5,0,test_id_000832_t5_c0,little,little_0,1,0.9,0.86,89,281288.72,265341.9375,288773.8125,295539.625,310821.96875,8,6.736035493669471,LO,295539.625,0.0,295539.625,281288.71875,45480.03125
test_id_test_id_000832_36,test_id_000832,90,random,5,1,test_id_000832_t5_c1,big,big_1,2,1.8,1.06,89,106312.94,102977.171875,117792.921875,121856.609375,132082.859375,8,6.736035493669471,LO,121856.609375,0.0,121856.609375,106312.9375,29105.6875
test_id_test_id_000832_37,test_id_000832,90,random,5,2,test_id_000832_t5_c2,little,little_1,2,1.2,0.93,89,156044.2,163686.5,181136.109375,186282.0625,198364.28125,8,6.736035493669471,LO,186282.0625,0.0,186282.0625,156044.203125,34677.78125
test_id_test_id_000832_38,test_id_000832,90,random,5,3,test_id_000832_t5_c3,big,big_0,3,2.2,1.15,89,94658.77,88511.0625,102913.046875,106853.875,116782.09375,8,6.736035493669471,LO,106853.875,0.0,106853.875,94658.7734375,28271.03125
test_id_test_id_000832_39,test_id_000832,90,random,5,4,test_id_000832_t5_c4,little,little_0,3,1.5,1.0,89,179852.83,172102.875,189968.28125,195238.234375,207545.46875,8,6.736035493669471,LO,195238.234375,0.0,195238.234375,179852.828125,35442.59375
test_id_test_id_000832_40,test_id_000832,90,random,5,5,test_id_000832_t5_c5,big,big_0,0,1.0,0.9,89,195857.42,181345.03125,199898.25,205460.578125,218315.6875,8,6.736035493669471,LO,205460.578125,0.0,205460.578125,195857.421875,36970.65625
test_id_test_id_000832_41,test_id_000832,90,random,5,6,test_id_000832_t5_c6,little,little_1,0,0.6,0.8,89,297567.97,303572.375,329837.625,337197.625,354049.8125,8,6.736035493669471,LO,337197.625,0.0,337197.625,297567.96875,50477.4375
test_id_test_id_000844_00,test_id_000844,5,source_like,0,0,test_id_000844_t0_c0,little,little_0,3,1.5,1.0,4,105348.69,101753.609375,116684.734375,120780.875,131074.9375,8,6.736035493669471,HI,120780.875,15665.78125,136446.65625,105348.6875,29321.328125
test_id_test_id_000844_01,test_id_000844,5,source_like,0,1,test_id_000844_t0_c1,big,big_0,0,1.0,0.9,4,102518.71,99412.875,114464.75,118668.5625,129163.609375,8,6.736035493669471,HI,118668.5625,15665.78125,134334.34375,102518.7109375,29750.734375
test_id_test_id_000844_02,test_id_000844,5,source_like,0,2,test_id_000844_t0_c2,little,little_0,0,0.6,0.8,4,273764.75,271046.53125,295815.3125,302935.34375,319284.65625,8,6.736035493669471,HI,302935.34375,15665.78125,318601.125,273764.75,48238.125
test_id_test_id_000844_03,test_id_000844,5,source_like,0,3,test_id_000844_t0_c3,big,big_0,1,1.4,0.98,4,74425.47,77057.75,91249.265625,95187.046875,104970.890625,8,6.736035493669471,HI,95187.046875,15665.78125,110852.828125,74425.46875,27913.140625
test_id_test_id_000844_04,test_id_000844,5,source_like,0,4,test_id_000844_t0_c4,little,little_0,1,0.9,0.86,4,164891.11,166277.84375,184483.21875,189989.125,202774.6875,8,6.736035493669471,HI,189989.125,15665.78125,205654.90625,164891.109375,36496.84375
test_id_test_id_000844_05,test_id_000844,5,source_like,0,5,test_id_000844_t0_c5,big,big_0,2,1.8,1.06,4,58700.266,59043.4375,72410.40625,76225.0625,85464.71875,8,6.736035493669471,HI,76225.0625,15665.78125,91890.84375,58700.265625,26421.28125
test_id_test_id_000844_06,test_id_000844,5,source_like,0,6,test_id_000844_t0_c6,little,little_1,2,1.2,0.93,4,122362.93,125264.78125,140960.140625,145425.9375,156351.28125,8,6.736035493669471,HI,145425.9375,15665.78125,161091.71875,122362.9296875,31086.5
test_id_test_id_000844_07,test_id_000844,65,sink_like,1,0,test_id_000844_t1_c0,big,big_0,0,1.0,0.9,64,299368.78,294199.4375,319684.5,326986.21875,343348.8125,8,6.736035493669471,HI,326986.21875,15665.78125,342652.0,299368.78125,49149.375
test_id_test_id_000844_08,test_id_000844,65,sink_like,1,1,test_id_000844_t1_c1,little,little_1,0,0.6,0.8,64,549659.2,556815.875,600848.8125,613565.125,637057.75,8,6.736035493669471,HI,613565.125,15665.78125,629230.90625,549659.1875,80241.875
test_id_test_id_000844_09,test_id_000844,65,sink_like,1,2,test_id_000844_t1_c2,big,big_0,1,1.4,0.98,64,218342.39,214938.203125,235395.828125,241500.859375,255377.90625,8,6.736035493669471,HI,241500.859375,15665.78125,257166.640625,218342.390625,40439.703125
test_id_test_id_000844_10,test_id_000844,65,sink_like,1,3,test_id_000844_t1_c3,little,little_1,1,0.9,0.86,64,438357.34,466412.875,505853.25,517146.03125,540043.875,8,6.736035493669471,HI,517146.03125,15665.78125,532811.8125,438357.34375,73631.0
test_id_test_id_000844_11,test_id_000844,65,sink_like,1,4,test_id_000844_t1_c4,big,big_1,2,1.8,1.06,64,151530.23,162647.703125,180039.3125,185139.3125,197142.859375,8,6.736035493669471,HI,185139.3125,15665.78125,200805.09375,151530.234375,34495.15625
test_id_test_id_000844_12,test_id_000844,65,sink_like,1,5,test_id_000844_t1_c5,little,little_1,2,1.2,0.93,64,320985.9,319724.9375,347104.5,354895.34375,372209.25,8,6.736035493669471,HI,354895.34375,15665.78125,370561.125,320985.90625,52484.3125
test_id_test_id_000844_13,test_id_000844,65,sink_like,1,6,test_id_000844_t1_c6,big,big_1,3,2.2,1.15,64,116158.27,125694.4375,141161.03125,145501.765625,156185.6875,8,6.736035493669471,HI,145501.765625,15665.78125,161167.546875,116158.2734375,30491.25
test_id_test_id_000844_14,test_id_000844,176,middle,2,0,test_id_000844_t2_c0,little,little_0,0,0.6,0.8,175,477154.94,474600.375,512763.3125,523532.75,545230.1875,8,6.736035493669471,HI,523532.75,15665.78125,539198.53125,477154.9375,70629.8125
test_id_test_id_000844_15,test_id_000844,176,middle,2,1,test_id_000844_t2_c1,big,big_1,1,1.4,0.98,175,230357.12,229883.421875,251126.34375,257402.828125,271620.0625,8,6.736035493669471,HI,257402.828125,15665.78125,273068.609375,230357.125,41736.640625
test_id_test_id_000844_16,test_id_000844,176,middle,2,2,test_id_000844_t2_c2,little,little_1,1,0.9,0.86,175,309122.8,313333.5625,340143.59375,347764.0,364771.0,8,6.736035493669471,HI,347764.0,15665.78125,363429.78125,309122.8125,51437.4375
test_id_test_id_000844_17,test_id_000844,176,middle,2,3,test_id_000844_t2_c3,big,big_0,2,1.8,1.06,175,142951.8,149460.640625,166076.25,170869.328125,182328.75,8,6.736035493669471,HI,170869.328125,15665.78125,186535.109375,142951.796875,32868.109375
test_id_test_id_000844_18,test_id_000844,176,middle,2,4,test_id_000844_t2_c4,little,little_0,2,1.2,0.93,175,313348.7,311393.0625,338174.75,345810.46875,362823.78125,8,6.736035493669471,HI,345810.46875,15665.78125,361476.25,313348.6875,51430.71875
test_id_test_id_000844_19,test_id_000844,176,middle,2,5,test_id_000844_t2_c5,big,big_0,3,2.2,1.15,175,128985.4,124037.546875,139451.328125,143755.53125,154384.53125,8,6.736035493669471,HI,143755.53125,15665.78125,159421.3125,128985.3984375,30346.984375
test_id_test_id_000844_20,test_id_000844,176,middle,2,6,test_id_000844_t2_c6,little,little_0,3,1.5,1.0,175,231309.33,227681.296875,248744.8125,254958.390625,269059.46875,8,6.736035493669471,HI,254958.390625,15665.78125,270624.171875,231309.328125,41378.171875
test_id_test_id_000844_21,test_id_000844,59,high_degree,3,0,test_id_000844_t3_c0,big,big_1,1,1.4,0.98,58,126803.03,151385.3125,168219.78125,173126.21875,184796.78125,8,6.736035493669471,HI,173126.21875,15665.78125,188792.0,126803.03125,33411.46875
test_id_test_id_000844_22,test_id_000844,59,high_degree,3,1,test_id_000844_t3_c1,little,little_1,1,0.9,0.86,58,218099.39,260058.28125,283150.28125,289837.78125,304945.90625,8,6.736035493669471,HI,289837.78125,15665.78125,305503.5625,218099.390625,44887.625
test_id_test_id_000844_23,test_id_000844,59,high_degree,3,2,test_id_000844_t3_c2,big,big_1,2,1.8,1.06,58,105934.97,115338.703125,130558.65625,134770.828125,145266.796875,8,6.736035493669471,HI,134770.828125,15665.78125,150436.609375,105934.96875,29928.09375
test_id_test_id_000844_24,test_id_000844,59,high_degree,3,3,test_id_000844_t3_c3,little,little_1,2,1.2,0.93,58,151109.1,173624.21875,191553.59375,196856.921875,209218.796875,8,6.736035493669471,HI,196856.921875,15665.78125,212522.703125,151109.09375,35594.578125
test_id_test_id_000844_25,test_id_000844,59,high_degree,3,4,test_id_000844_t3_c4,big,big_1,3,2.2,1.15,58,74023.25,87475.6875,101836.5,105768.53125,115669.3125,8,6.736035493669471,HI,105768.53125,15665.78125,121434.3125,74023.25,28193.625
test_id_test_id_000844_26,test_id_000844,59,high_degree,3,5,test_id_000844_t3_c5,little,little_0,3,1.5,1.0,58,116861.45,135888.8125,151835.125,156363.453125,167372.203125,8,6.736035493669471,HI,156363.453125,15665.78125,172029.234375,116861.453125,31483.390625
test_id_test_id_000844_27,test_id_000844,59,high_degree,3,6,test_id_000844_t3_c6,big,big_0,0,1.0,0.9,58,125229.55,153027.171875,170065.890625,175076.328125,186945.0625,8,6.736035493669471,HI,175076.328125,15665.78125,190742.109375,125229.546875,33917.890625
test_id_test_id_000844_28,test_id_000844,197,communication_heavy,4,0,test_id_000844_t4_c0,little,little_1,1,0.9,0.86,196,345805.28,346815.46875,376318.5,384657.53125,403034.625,8,6.736035493669471,HI,384657.53125,15665.78125,400323.3125,345805.28125,56219.15625
test_id_test_id_000844_29,test_id_000844,197,communication_heavy,4,1,test_id_000844_t4_c1,big,big_1,2,1.8,1.06,196,156368.67,153090.03125,169882.0,174743.859375,186321.875,8,6.736035493669471,HI,174743.859375,15665.78125,190409.640625,156368.671875,33231.84375
test_id_test_id_000844_30,test_id_000844,197,communication_heavy,4,2,test_id_000844_t4_c2,little,little_1,2,1.2,0.93,196,235322.5,246793.25,269025.1875,275519.0625,290205.03125,8,6.736035493669471,HI,275519.0625,15665.78125,291184.84375,235322.5,43411.78125
test_id_test_id_000844_31,test_id_000844,197,communication_heavy,4,3,test_id_000844_t4_c3,big,big_0,3,2.2,1.15,196,144539.22,145191.78125,161617.0,166321.59375,177634.875,8,6.736035493669471,HI,166321.59375,15665.78125,181987.375,144539.21875,32443.09375
test_id_test_id_000844_32,test_id_000844,197,communication_heavy,4,4,test_id_000844_t4_c4,little,little_0,3,1.5,1.0,196,253866.48,241842.546875,263770.46875,270200.28125,284735.625,8,6.736035493669471,HI,270200.28125,15665.78125,285866.0625,253866.484375,42893.078125
test_id_test_id_000844_33,test_id_000844,197,communication_heavy,4,5,test_id_000844_t4_c5,big,big_0,0,1.0,0.9,196,303742.38,285456.34375,310286.59375,317406.9375,333409.625,8,6.736035493669471,HI,317406.9375,15665.78125,333072.71875,303742.375,47953.28125
test_id_test_id_000844_34,test_id_000844,197,communication_heavy,4,6,test_id_000844_t4_c6,little,little_1,0,0.6,0.8,196,396353.38,405685.53125,438891.9375,448146.71875,467995.0,8,6.736035493669471,HI,448146.71875,15665.78125,463812.5,396353.375,62309.46875
test_id_test_id_000844_35,test_id_000844,192,random,5,0,test_id_000844_t5_c0,big,big_0,2,1.8,1.06,191,112846.01,116626.0,131927.109375,136143.46875,146656.34375,8,6.736035493669471,HI,136143.46875,15665.78125,151809.25,112846.0078125,30030.34375
test_id_test_id_000844_36,test_id_000844,192,random,5,1,test_id_000844_t5_c1,little,little_0,2,1.2,0.93,191,192012.05,184571.125,203250.34375,208848.6875,221744.421875,8,6.736035493669471,HI,208848.6875,15665.78125,224514.46875,192012.046875,37173.296875
test_id_test_id_000844_37,test_id_000844,192,random,5,2,test_id_000844_t5_c2,big,big_1,3,2.2,1.15,191,85441.53,84892.328125,99205.21875,103131.84375,113000.8125,8,6.736035493669471,HI,103131.84375,15665.78125,118797.625,85441.53125,28108.484375
test_id_test_id_000844_38,test_id_000844,192,random,5,3,test_id_000844_t5_c3,little,little_0,3,1.5,1.0,191,172210.61,160719.03125,177983.234375,183034.375,194949.28125,8,6.736035493669471,HI,183034.375,15665.78125,198700.15625,172210.609375,34230.25
test_id_test_id_000844_39,test_id_000844,192,random,5,4,test_id_000844_t5_c4,big,big_0,0,1.0,0.9,191,163038.47,170358.75,188332.828125,193707.15625,206216.8125,8,6.736035493669471,HI,193707.15625,15665.78125,209372.9375,163038.46875,35858.0625
test_id_test_id_000844_40,test_id_000844,192,random,5,5,test_id_000844_t5_c5,little,little_1,0,0.6,0.8,191,398947.47,366757.34375,396023.375,403865.75,421432.0625,8,6.736035493669471,HI,403865.75,15665.78125,419531.53125,398947.46875,54674.71875
test_id_test_id_000844_41,test_id_000844,192,random,5,6,test_id_000844_t5_c6,big,big_1,1,1.4,0.98,191,116555.81,117337.6875,132627.15625,136883.859375,147454.6875,8,6.736035493669471,HI,136883.859375,15665.78125,152549.640625,116555.8125,30117.0
test_id_test_id_000862_00,test_id_000862,11,source_like,0,0,test_id_000862_t0_c0,big,big_0,0,1.0,0.9,10,154678.6,152695.5,169755.53125,174802.421875,186720.53125,8,6.736035493669471,LO,174802.421875,0.0,174802.421875,154678.59375,34025.03125
test_id_test_id_000862_01,test_id_000862,11,source_like,0,1,test_id_000862_t0_c1,little,little_0,0,0.6,0.8,10,402394.88,363334.9375,391668.0,399066.71875,415822.3125,8,6.736035493669471,LO,399066.71875,0.0,399066.71875,402394.875,52487.375
test_id_test_id_000862_02,test_id_000862,11,source_like,0,2,test_id_000862_t0_c2,big,big_0,1,1.4,0.98,10,114947.59,105034.65625,119940.03125,124089.015625,134464.65625,8,6.736035493669471,LO,124089.015625,0.0,124089.015625,114947.59375,29430.0
test_id_test_id_000862_03,test_id_000862,11,source_like,0,3,test_id_000862_t0_c3,little,little_1,1,0.9,0.86,10,253664.7,229203.109375,250634.640625,257022.09375,271466.375,8,6.736035493669471,LO,257022.09375,0.0,257022.09375,253664.703125,42263.265625
test_id_test_id_000862_04,test_id_000862,11,source_like,0,4,test_id_000862_t0_c4,big,big_1,2,1.8,1.06,10,83603.19,78003.609375,92059.6875,95982.8125,105764.28125,8,6.736035493669471,LO,95982.8125,0.0,95982.8125,83603.1875,27760.671875
test_id_test_id_000862_05,test_id_000862,11,source_like,0,5,test_id_000862_t0_c5,little,little_0,2,1.2,0.93,10,204597.39,186363.5625,205026.40625,210589.734375,223410.5625,8,6.736035493669471,LO,210589.734375,0.0,210589.734375,204597.390625,37047.0
test_id_test_id_000862_06,test_id_000862,11,source_like,0,6,test_id_000862_t0_c6,big,big_0,3,2.2,1.15,10,78495.484,75588.90625,89631.625,93542.953125,103272.46875,8,6.736035493669471,LO,93542.953125,0.0,93542.953125,78495.484375,27683.5625
test_id_test_id_000862_07,test_id_000862,166,sink_like,1,0,test_id_000862_t1_c0,little,little_1,0,0.6,0.8,165,606920.8,646527.375,697951.6875,713354.9375,739689.0,8,6.736035493669471,LO,713354.9375,0.0,713354.9375,606920.8125,93161.625
test_id_test_id_000862_08,test_id_000862,166,sink_like,1,1,test_id_000862_t1_c1,big,big_0,1,1.4,0.98,165,242201.89,252760.78125,275541.9375,282235.8125,297307.59375,8,6.736035493669471,LO,282235.8125,0.0,282235.8125,242201.890625,44546.8125
test_id_test_id_000862_09,test_id_000862,166,sink_like,1,2,test_id_000862_t1_c2,little,little_1,1,0.9,0.86,165,465268.56,522596.0625,566319.25,578978.0625,603403.3125,8,6.736035493669471,LO,578978.0625,0.0,578978.0625,465268.5625,80807.25
test_id_test_id_000862_10,test_id_000862,166,sink_like,1,3,test_id_000862_t1_c3,big,big_1,2,1.8,1.06,165,208605.11,229946.171875,251387.0,257781.46875,272228.40625,8,6.736035493669471,LO,257781.46875,0.0,257781.46875,208605.109375,42282.234375
test_id_test_id_000862_11,test_id_000862,166,sink_like,1,4,test_id_000862_t1_c4,little,little_0,2,1.2,0.93,165,428416.75,430046.21875,466763.9375,477230.15625,499083.75,8,6.736035493669471,LO,477230.15625,0.0,477230.15625,428416.75,69037.53125
test_id_test_id_000862_12,test_id_000862,166,sink_like,1,5,test_id_000862_t1_c5,big,big_0,3,2.2,1.15,165,150004.88,165263.28125,182818.9375,187986.15625,200112.9375,8,6.736035493669471,LO,187986.15625,0.0,187986.15625,150004.875,34849.65625
test_id_test_id_000862_13,test_id_000862,166,sink_like,1,6,test_id_000862_t1_c6,little,little_0,3,1.5,1.0,165,323716.9,340182.5,369250.5,377492.5,395680.25,8,6.736035493669471,LO,377492.5,0.0,377492.5,323716.90625,55497.75
test_id_test_id_000862_14,test_id_000862,163,middle,2,0,test_id_000862_t2_c0,big,big_0,1,1.4,0.98,162,237579.86,240146.890625,262110.171875,268596.25,283238.71875,8,6.736035493669471,LO,268596.25,0.0,268596.25,237579.859375,43091.828125
test_id_test_id_000862_15,test_id_000862,163,middle,2,1,test_id_000862_t2_c1,little,little_1,1,0.9,0.86,162,471372.06,469693.5625,509219.0625,520510.25,543377.9375,8,6.736035493669471,LO,520510.25,0.0,520510.25,471372.0625,73684.375
test_id_test_id_000862_16,test_id_000862,163,middle,2,2,test_id_000862_t2_c2,big,big_1,2,1.8,1.06,162,220602.69,227537.40625,248785.421875,255115.265625,269432.90625,8,6.736035493669471,LO,255115.265625,0.0,255115.265625,220602.6875,41895.5
test_id_test_id_000862_17,test_id_000862,163,middle,2,3,test_id_000862_t2_c3,little,little_1,2,1.2,0.93,162,349782.3,353289.09375,383319.9375,391807.53125,410442.6875,8,6.736035493669471,LO,391807.53125,0.0,391807.53125,349782.3125,57153.59375
test_id_test_id_000862_18,test_id_000862,163,middle,2,4,test_id_000862_t2_c4,big,big_1,3,2.2,1.15,162,186038.48,211150.46875,231466.859375,237564.921875,251426.28125,8,6.736035493669471,LO,237564.921875,0.0,237564.921875,186038.484375,40275.8125
test_id_test_id_000862_19,test_id_000862,163,middle,2,5,test_id_000862_t2_c5,little,little_1,3,1.5,1.0,162,255836.08,258502.46875,281589.5,288341.9375,303532.46875,8,6.736035493669471,LO,288341.9375,0.0,288341.9375,255836.078125,45030.0
test_id_test_id_000862_20,test_id_000862,163,middle,2,6,test_id_000862_t2_c6,big,big_1,0,1.0,0.9,162,304908.8,315857.21875,342915.9375,350611.5,367769.3125,8,6.736035493669471,LO,350611.5,0.0,350611.5,304908.8125,51912.09375
test_id_test_id_000862_21,test_id_000862,61,random,3,0,test_id_000862_t3_c0,little,little_1,1,0.9,0.86,60,129698.625,149378.90625,166756.0625,171948.1875,184205.0625,8,6.736035493669471,LO,171948.1875,0.0,171948.1875,129698.625,34826.15625
test_id_test_id_000862_22,test_id_000862,61,random,3,1,test_id_000862_t3_c1,big,big_0,2,1.8,1.06,60,54155.95,55719.78125,68964.75,72795.125,82010.171875,8,6.736035493669471,LO,72795.125,0.0,72795.125,54155.94921875,26290.390625
test_id_test_id_000862_23,test_id_000862,61,random,3,2,test_id_000862_t3_c2,little,little_0,2,1.2,0.93,60,108811.69,118149.390625,133667.96875,138057.265625,148883.84375,8,6.736035493669471,LO,138057.265625,0.0,138057.265625,108811.6875,30734.453125
test_id_test_id_000862_24,test_id_000862,61,random,3,3,test_id_000862_t3_c3,big,big_0,3,2.2,1.15,60,38644.457,46431.53125,59257.203125,63021.578125,71920.53125,8,6.736035493669471,LO,63021.578125,0.0,63021.578125,38644.45703125,25489.0
test_id_test_id_000862_25,test_id_000862,61,random,3,4,test_id_000862_t3_c4,little,little_0,3,1.5,1.0,60,82840.51,89495.578125,104059.03125,108098.546875,118219.9375,8,6.736035493669471,LO,108098.546875,0.0,108098.546875,82840.5078125,28724.359375
test_id_test_id_000862_26,test_id_000862,61,random,3,5,test_id_000862_t3_c5,big,big_0,0,1.0,0.9,60,101786.95,109701.84375,125215.9375,129653.5625,140617.21875,8,6.736035493669471,LO,129653.5625,0.0,129653.5625,101786.953125,30915.375
test_id_test_id_000862_27,test_id_000862,61,random,3,6,test_id_000862_t3_c6,little,little_0,0,0.6,0.8,60,214734.61,248065.65625,272017.8125,279179.03125,295542.03125,8,6.736035493669471,LO,279179.03125,0.0,279179.03125,214734.609375,47476.375
test_id_test_id_000862_28,test_id_000862,14,diverse_fill_1,4,0,test_id_000862_t4_c0,big,big_0,2,1.8,1.06,13,44065.77,45100.140625,57936.1875,61744.96875,70701.859375,8,6.736035493669471,LO,61744.96875,0.0,61744.96875,44065.76953125,25601.71875
test_id_test_id_000862_29,test_id_000862,14,diverse_fill_1,4,1,test_id_000862_t4_c1,little,little_1,2,1.2,0.93,13,102620.1,98046.390625,113001.34375,117161.140625,127574.96875,8,6.736035493669471,LO,117161.140625,0.0,117161.140625,102620.1015625,29528.578125
test_id_test_id_000862_30,test_id_000862,14,diverse_fill_1,4,2,test_id_000862_t4_c2,big,big_0,3,2.2,1.15,13,35884.17,37435.28125,49989.140625,53776.796875,62537.5625,8,6.736035493669471,LO,53776.796875,0.0,53776.796875,35884.171875,25102.28125
test_id_test_id_000862_31,test_id_000862,14,diverse_fill_1,4,3,test_id_000862_t4_c3,little,little_0,3,1.5,1.0,13,78976.46,77472.375,91753.03125,95711.5,105540.90625,8,6.736035493669471,LO,95711.5,0.0,95711.5,78976.4609375,28068.53125
test_id_test_id_000862_32,test_id_000862,14,diverse_fill_1,4,4,test_id_000862_t4_c4,big,big_1,0,1.0,0.9,13,75911.95,80489.140625,95043.4375,99125.265625,109244.515625,8,6.736035493669471,LO,99125.265625,0.0,99125.265625,75911.953125,28755.375
test_id_test_id_000862_33,test_id_000862,14,diverse_fill_1,4,5,test_id_000862_t4_c5,little,little_0,0,0.6,0.8,13,185903.14,176677.109375,196101.6875,202060.90625,215766.34375,8,6.736035493669471,LO,202060.90625,0.0,202060.90625,185903.140625,39089.234375
test_id_test_id_000862_34,test_id_000862,14,diverse_fill_1,4,6,test_id_000862_t4_c6,big,big_1,1,1.4,0.98,13,54977.863,54964.703125,68234.015625,72081.921875,81308.078125,8,6.736035493669471,LO,72081.921875,0.0,72081.921875,54977.86328125,26343.375
test_id_test_id_000862_35,test_id_000862,105,diverse_fill_2,5,0,test_id_000862_t5_c0,little,little_0,2,1.2,0.93,104,149902.39,133713.03125,149808.90625,154442.78125,165663.515625,8,6.736035493669471,LO,154442.78125,0.0,154442.78125,149902.390625,31950.484375
test_id_test_id_000862_36,test_id_000862,105,diverse_fill_2,5,1,test_id_000862_t5_c1,big,big_0,3,2.2,1.15,104,54080.15,52283.875,65318.875,69088.625,78117.046875,8,6.736035493669471,LO,69088.625,0.0,69088.625,54080.1484375,25833.171875
test_id_test_id_000862_37,test_id_000862,105,diverse_fill_2,5,2,test_id_000862_t5_c2,little,little_1,3,1.5,1.0,104,114547.15,106471.328125,121506.21875,125660.0625,136062.96875,8,6.736035493669471,LO,125660.0625,0.0,125660.0625,114547.1484375,29591.640625
test_id_test_id_000862_38,test_id_000862,105,diverse_fill_2,5,3,test_id_000862_t5_c3,big,big_1,0,1.0,0.9,104,115916.61,107861.40625,123231.75,127589.0625,138390.203125,8,6.736035493669471,LO,127589.0625,0.0,127589.0625,115916.609375,30528.796875
test_id_test_id_000862_39,test_id_000862,105,diverse_fill_2,5,4,test_id_000862_t5_c4,little,little_0,0,0.6,0.8,104,284895.22,272361.03125,297306.8125,304483.65625,321037.4375,8,6.736035493669471,LO,304483.65625,0.0,304483.65625,284895.21875,48676.40625
test_id_test_id_000862_40,test_id_000862,105,diverse_fill_2,5,5,test_id_000862_t5_c5,big,big_0,1,1.4,0.98,104,81437.4,76162.125,90277.203125,94230.609375,104036.890625,8,6.736035493669471,LO,94230.609375,0.0,94230.609375,81437.3984375,27874.765625
test_id_test_id_000862_41,test_id_000862,105,diverse_fill_2,5,6,test_id_000862_t5_c6,little,little_1,1,0.9,0.86,104,189544.73,179593.328125,198567.25,204352.46875,217669.359375,8,6.736035493669471,LO,204352.46875,0.0,204352.46875,189544.734375,38076.03125
test_id_test_id_000871_00,test_id_000871,51,source_like,0,0,test_id_000871_t0_c0,big,big_1,1,1.4,0.98,50,50573.105,48549.75,61582.671875,65436.578125,74546.515625,8,6.736035493669471,HI,65436.578125,15665.78125,81102.359375,50573.10546875,25996.765625
test_id_test_id_000871_01,test_id_000871,51,source_like,0,1,test_id_000871_t0_c1,little,little_1,1,0.9,0.86,50,98897.586,98258.65625,113275.546875,117506.703125,128045.65625,8,6.736035493669471,HI,117506.703125,15665.78125,133172.484375,98897.5859375,29787.0
test_id_test_id_000871_02,test_id_000871,51,source_like,0,2,test_id_000871_t0_c2,big,big_0,2,1.8,1.06,50,39719.785,38876.546875,51539.015625,55391.3125,64319.953125,8,6.736035493669471,HI,55391.3125,15665.78125,71057.09375,39719.78515625,25443.40625
test_id_test_id_000871_03,test_id_000871,51,source_like,0,3,test_id_000871_t0_c3,little,little_1,2,1.2,0.93,50,82598.96,76577.28125,90920.453125,94934.4375,104861.21875,8,6.736035493669471,HI,94934.4375,15665.78125,110600.21875,82598.9609375,28283.9375
test_id_test_id_000871_04,test_id_000871,51,source_like,0,4,test_id_000871_t0_c4,big,big_0,3,2.2,1.15,50,29161.74,30060.34375,42464.03125,46298.0625,55006.890625,8,6.736035493669471,HI,46298.0625,15665.78125,61963.84375,29161.740234375,24946.546875
test_id_test_id_000871_05,test_id_000871,51,source_like,0,5,test_id_000871_t0_c5,little,little_1,3,1.5,1.0,50,60907.83,60011.40625,73517.609375,77379.8125,86722.34375,8,6.736035493669471,HI,77379.8125,15665.78125,93045.59375,60907.828125,26710.9375
test_id_test_id_000871_06,test_id_000871,51,source_like,0,6,test_id_000871_t0_c6,big,big_1,0,1.0,0.9,50,63475.0,56905.375,70325.5625,74214.5,83557.359375,8,6.736035493669471,HI,74214.5,15665.78125,89880.28125,63475.0,26651.984375
test_id_test_id_000871_07,test_id_000871,397,sink_like,1,0,test_id_000871_t1_c0,little,little_0,1,0.9,0.86,396,758223.06,709734.75,771459.3125,790132.375,822782.0625,8,6.736035493669471,HI,790132.375,15665.78125,805798.15625,758223.0625,113047.3125
test_id_test_id_000871_08,test_id_000871,397,sink_like,1,1,test_id_000871_t1_c1,big,big_1,2,1.8,1.06,396,422395.8,459109.96875,498447.375,509743.375,532774.375,8,6.736035493669471,HI,509743.375,15665.78125,525409.15625,422395.8125,73664.40625
test_id_test_id_000871_09,test_id_000871,397,sink_like,1,2,test_id_000871_t1_c2,little,little_0,2,1.2,0.93,396,623851.44,596925.75,648687.875,664263.6875,692534.25,8,6.736035493669471,HI,664263.6875,15665.78125,679929.46875,623851.4375,95608.5
test_id_test_id_000871_10,test_id_000871,397,sink_like,1,3,test_id_000871_t1_c3,big,big_0,3,2.2,1.15,396,425491.03,406726.1875,441571.875,451464.1875,472496.125,8,6.736035493669471,HI,451464.1875,15665.78125,467129.96875,425491.03125,65769.9375
test_id_test_id_000871_11,test_id_000871,397,sink_like,1,4,test_id_000871_t1_c4,little,little_0,3,1.5,1.0,396,583165.9,589517.5,641502.625,657225.3125,685964.875,8,6.736035493669471,HI,657225.3125,15665.78125,672891.09375,583165.875,96447.375
test_id_test_id_000871_12,test_id_000871,397,sink_like,1,5,test_id_000871_t1_c5,big,big_1,0,1.0,0.9,396,532460.8,546869.375,592949.375,606494.125,631930.25,8,6.736035493669471,HI,606494.125,15665.78125,622159.90625,532460.8125,85060.875
test_id_test_id_000871_13,test_id_000871,397,sink_like,1,6,test_id_000871_t1_c6,little,little_1,0,0.6,0.8,396,1161736.0,1063190.625,1169672.75,1196562.75,1277197.5,8,6.736035493669471,HI,1196562.75,15665.78125,1212228.53125,1161736.0,214006.875
test_id_test_id_000871_14,test_id_000871,246,middle,2,0,test_id_000871_t2_c0,big,big_1,2,1.8,1.06,245,491238.75,470639.0625,511074.125,522742.75,546276.75,8,6.736035493669471,HI,522742.75,15665.78125,538408.53125,491238.75,75637.6875
test_id_test_id_000871_15,test_id_000871,246,middle,2,1,test_id_000871_t2_c1,little,little_1,2,1.2,0.93,245,652595.2,648324.4375,705682.625,723194.375,754238.625,8,6.736035493669471,HI,723194.375,15665.78125,738860.15625,652595.1875,105914.1875
test_id_test_id_000871_16,test_id_000871,246,middle,2,2,test_id_000871_t2_c2,big,big_0,3,2.2,1.15,245,411744.66,392949.34375,426562.8125,436080.34375,456517.78125,8,6.736035493669471,HI,436080.34375,15665.78125,451746.125,411744.65625,63568.4375
test_id_test_id_000871_17,test_id_000871,246,middle,2,3,test_id_000871_t2_c3,little,little_1,3,1.5,1.0,245,571839.94,551186.625,599143.875,613419.0625,640258.3125,8,6.736035493669471,HI,613419.0625,15665.78125,629084.84375,571839.9375,89071.6875
test_id_test_id_000871_18,test_id_000871,246,middle,2,4,test_id_000871_t2_c4,big,big_1,0,1.0,0.9,245,640299.56,671099.375,729010.75,746646.5,777310.4375,8,6.736035493669471,HI,746646.5,15665.78125,762312.28125,640299.5625,106211.0625
test_id_test_id_000871_19,test_id_000871,246,middle,2,5,test_id_000871_t2_c5,little,little_1,0,0.6,0.8,245,970633.56,978135.1875,1071787.5,1095439.5,1156397.75,8,6.736035493669471,HI,1095439.5,15665.78125,1111105.28125,970633.5625,178262.5625
test_id_test_id_000871_20,test_id_000871,246,middle,2,6,test_id_000871_t2_c6,big,big_1,1,1.4,0.98,245,417406.56,431298.25,467863.75,478227.25,499915.28125,8,6.736035493669471,HI,478227.25,15665.78125,493893.03125,417406.5625,68617.03125
test_id_test_id_000871_21,test_id_000871,198,communication_heavy,3,0,test_id_000871_t3_c0,little,little_1,2,1.2,0.93,197,791145.4,801274.8125,878284.6875,900975.125,944176.125,8,6.736035493669471,HI,900975.125,15665.78125,916640.90625,791145.375,142901.3125
test_id_test_id_000871_22,test_id_000871,198,communication_heavy,3,1,test_id_000871_t3_c1,big,big_1,3,2.2,1.15,197,338879.44,387965.53125,421165.84375,430562.6875,450806.5,8,6.736035493669471,HI,430562.6875,15665.78125,446228.46875,338879.4375,62840.96875
test_id_test_id_000871_23,test_id_000871,198,communication_heavy,3,2,test_id_000871_t3_c2,little,little_1,3,1.5,1.0,197,737484.0,738812.8125,808824.0625,830285.0,869017.75,8,6.736035493669471,HI,830285.0,15665.78125,845950.78125,737484.0,130204.9375
test_id_test_id_000871_24,test_id_000871,198,communication_heavy,3,3,test_id_000871_t3_c3,big,big_0,0,1.0,0.9,197,680730.75,681617.375,740426.0,758315.125,789458.25,8,6.736035493669471,HI,758315.125,15665.78125,773980.90625,680730.75,107840.875
test_id_test_id_000871_25,test_id_000871,198,communication_heavy,3,4,test_id_000871_t3_c4,little,little_0,0,0.6,0.8,197,1459919.4,1308353.5,1475778.5,1511799.75,1619724.0,8,6.736035493669471,HI,1511799.75,15665.78125,1527465.53125,1459919.375,311370.5
test_id_test_id_000871_26,test_id_000871,198,communication_heavy,3,5,test_id_000871_t3_c5,big,big_0,1,1.4,0.98,197,543077.6,572017.1875,621284.0,636010.5625,663141.875,8,6.736035493669471,HI,636010.5625,15665.78125,651676.34375,543077.625,91124.6875
test_id_test_id_000871_27,test_id_000871,198,communication_heavy,3,6,test_id_000871_t3_c6,little,little_0,1,0.9,0.86,197,1116090.4,1078324.75,1195932.25,1225057.75,1315657.0,8,6.736035493669471,HI,1225057.75,15665.78125,1240723.53125,1116090.375,237332.25
test_id_test_id_000871_28,test_id_000871,355,random,4,0,test_id_000871_t4_c0,big,big_0,3,2.2,1.15,354,356752.72,329326.71875,357481.8125,365472.25,383200.4375,8,6.736035493669471,HI,365472.25,15665.78125,381138.03125,356752.71875,53873.71875
test_id_test_id_000871_29,test_id_000871,355,random,4,1,test_id_000871_t4_c1,little,little_0,3,1.5,1.0,354,552902.44,502725.5,546025.0,558653.375,583427.625,8,6.736035493669471,HI,558653.375,15665.78125,574319.15625,552902.4375,80702.125
test_id_test_id_000871_30,test_id_000871,355,random,4,2,test_id_000871_t4_c2,big,big_1,0,1.0,0.9,354,680669.4,655378.4375,711592.125,728666.625,758451.25,8,6.736035493669471,HI,728666.625,15665.78125,744332.40625,680669.375,103072.8125
test_id_test_id_000871_31,test_id_000871,355,random,4,3,test_id_000871_t4_c3,little,little_0,0,0.6,0.8,354,1029973.75,973657.8125,1066120.25,1089522.625,1149195.25,8,6.736035493669471,HI,1089522.625,15665.78125,1105188.40625,1029973.75,175537.4375
test_id_test_id_000871_32,test_id_000871,355,random,4,4,test_id_000871_t4_c4,big,big_0,1,1.4,0.98,354,441019.03,416784.0,452106.46875,462090.90625,483216.34375,8,6.736035493669471,HI,462090.90625,15665.78125,477756.6875,441019.03125,66432.34375
test_id_test_id_000871_33,test_id_000871,355,random,4,5,test_id_000871_t4_c5,little,little_1,1,0.9,0.86,354,1078223.0,984761.625,1087695.5,1112929.5,1180903.5,8,6.736035493669471,HI,1112929.5,15665.78125,1128595.28125,1078223.0,196141.875
test_id_test_id_000871_34,test_id_000871,355,random,4,6,test_id_000871_t4_c6,big,big_0,2,1.8,1.06,354,383299.3,372757.8125,404421.125,413342.3125,432772.5625,8,6.736035493669471,HI,413342.3125,15665.78125,429008.09375,383299.3125,60014.75
test_id_test_id_000871_35,test_id_000871,203,diverse_fill_1,5,0,test_id_000871_t5_c0,little,little_0,3,1.5,1.0,202,449733.16,529430.75,575235.0,588736.5,614609.375,8,6.736035493669471,HI,588736.5,15665.78125,604402.28125,449733.15625,85178.625
test_id_test_id_000871_36,test_id_000871,203,diverse_fill_1,5,1,test_id_000871_t5_c1,big,big_0,0,1.0,0.9,202,509983.25,588986.5625,638660.375,653478.0625,680302.0,8,6.736035493669471,HI,653478.0625,15665.78125,669143.84375,509983.25,91315.4375
test_id_test_id_000871_37,test_id_000871,203,diverse_fill_1,5,2,test_id_000871_t5_c2,little,little_1,0,0.6,0.8,202,1179597.6,1267356.0,1420230.5,1455617.5,1566707.75,8,6.736035493669471,HI,1455617.5,15665.78125,1471283.28125,1179597.625,299351.75
test_id_test_id_000871_38,test_id_000871,203,diverse_fill_1,5,3,test_id_000871_t5_c3,big,big_1,1,1.4,0.98,202,448802.38,502568.6875,545412.375,557853.125,582260.0625,8,6.736035493669471,HI,557853.125,15665.78125,573518.90625,448802.375,79691.375
test_id_test_id_000871_39,test_id_000871,203,diverse_fill_1,5,4,test_id_000871_t5_c4,little,little_1,1,0.9,0.86,202,770740.06,898800.75,986768.875,1010247.625,1062332.75,8,6.736035493669471,HI,1010247.625,15665.78125,1025913.40625,770740.0625,163532.0
test_id_test_id_000871_40,test_id_000871,203,diverse_fill_1,5,5,test_id_000871_t5_c5,big,big_1,2,1.8,1.06,202,428697.9,469512.28125,509824.75,521450.4375,544924.625,8,6.736035493669471,HI,521450.4375,15665.78125,537116.21875,428697.90625,75412.34375
test_id_test_id_000871_41,test_id_000871,203,diverse_fill_1,5,6,test_id_000871_t5_c6,little,little_1,2,1.2,0.93,202,652293.3,765941.25,838460.25,860306.5,900399.4375,8,6.736035493669471,HI,860306.5,15665.78125,875972.28125,652293.3125,134458.1875
test_id_test_id_000898_00,test_id_000898,45,source_like,0,0,test_id_000898_t0_c0,big,big_0,3,2.2,1.15,44,59036.05,57024.828125,70292.953125,74082.546875,83239.0625,8,6.736035493669471,LO,74082.546875,0.0,74082.546875,59036.05078125,26214.234375
test_id_test_id_000898_01,test_id_000898,45,source_like,0,1,test_id_000898_t0_c1,little,little_0,3,1.5,1.0,44,143215.7,135636.625,151575.5,156093.1875,167076.46875,8,6.736035493669471,LO,156093.1875,0.0,156093.1875,143215.703125,31439.84375
test_id_test_id_000898_02,test_id_000898,45,source_like,0,2,test_id_000898_t0_c2,big,big_0,0,1.0,0.9,44,125463.92,126743.625,142607.71875,147181.78125,158294.09375,8,6.736035493669471,LO,147181.78125,0.0,147181.78125,125463.921875,31550.46875
test_id_test_id_000898_03,test_id_000898,45,source_like,0,3,test_id_000898_t0_c3,little,little_1,0,0.6,0.8,44,325082.06,324673.03125,351546.21875,358789.09375,375446.25,8,6.736035493669471,LO,358789.09375,0.0,358789.09375,325082.0625,50773.21875
test_id_test_id_000898_04,test_id_000898,45,source_like,0,4,test_id_000898_t0_c4,big,big_0,1,1.4,0.98,44,92512.336,95439.515625,110183.140625,114212.140625,124356.984375,8,6.736035493669471,LO,114212.140625,0.0,114212.140625,92512.3359375,28917.46875
test_id_test_id_000898_05,test_id_000898,45,source_like,0,5,test_id_000898_t0_c5,little,little_0,1,0.9,0.86,44,218383.23,205622.4375,225776.625,231875.015625,245724.03125,8,6.736035493669471,LO,231875.015625,0.0,231875.015625,218383.234375,40101.59375
test_id_test_id_000898_06,test_id_000898,45,source_like,0,6,test_id_000898_t0_c6,big,big_1,2,1.8,1.06,44,72625.11,70771.296875,84644.203125,88508.265625,98055.328125,8,6.736035493669471,LO,88508.265625,0.0,88508.265625,72625.109375,27284.03125
test_id_test_id_000898_07,test_id_000898,322,sink_like,1,0,test_id_000898_t1_c0,little,little_1,3,1.5,1.0,321,537213.9,595525.75,647951.0,663818.875,692710.125,8,6.736035493669471,LO,663818.875,0.0,663818.875,537213.875,97184.375
test_id_test_id_000898_08,test_id_000898,322,sink_like,1,1,test_id_000898_t1_c1,big,big_0,0,1.0,0.9,321,804966.7,824817.0625,901504.1875,923631.5,966270.375,8,6.736035493669471,LO,923631.5,0.0,923631.5,804966.6875,141453.3125
test_id_test_id_000898_09,test_id_000898,322,sink_like,1,2,test_id_000898_t1_c2,little,little_0,0,0.6,0.8,321,1503117.9,1457187.0,1697520.5,1737425.75,1827453.5,8,6.736035493669471,LO,1737425.75,0.0,1737425.75,1503117.875,370266.5
test_id_test_id_000898_10,test_id_000898,322,sink_like,1,3,test_id_000898_t1_c3,big,big_0,1,1.4,0.98,321,623870.7,652438.0,709987.75,727610.5625,758641.0,8,6.736035493669471,LO,727610.5625,0.0,727610.5625,623870.6875,106203.0
test_id_test_id_000898_11,test_id_000898,322,sink_like,1,4,test_id_000898_t1_c4,little,little_1,1,0.9,0.86,321,971310.06,1026541.8125,1135321.25,1161698.25,1238135.0,8,6.736035493669471,LO,1161698.25,0.0,1161698.25,971310.0625,211593.1875
test_id_test_id_000898_12,test_id_000898,322,sink_like,1,5,test_id_000898_t1_c5,big,big_0,2,1.8,1.06,321,438613.47,463895.0625,503642.6875,515071.03125,538274.4375,8,6.736035493669471,LO,515071.03125,0.0,515071.03125,438613.46875,74379.375
test_id_test_id_000898_13,test_id_000898,322,sink_like,1,6,test_id_000898_t1_c6,little,little_0,2,1.2,0.93,321,588921.75,625330.4375,679858.875,696373.3125,725933.125,8,6.736035493669471,LO,696373.3125,0.0,696373.3125,588921.75,100602.6875
test_id_test_id_000898_14,test_id_000898,216,middle,2,0,test_id_000898_t2_c0,big,big_1,0,1.0,0.9,215,355050.4,359815.75,390398.53125,399032.84375,417950.96875,8,6.736035493669471,LO,399032.84375,0.0,399032.84375,355050.40625,58135.21875
test_id_test_id_000898_15,test_id_000898,216,middle,2,1,test_id_000898_t2_c1,little,little_0,0,0.6,0.8,215,716890.0,695250.875,751993.75,769247.875,798209.3125,8,6.736035493669471,LO,769247.875,0.0,769247.875,716890.0,102958.4375
test_id_test_id_000898_16,test_id_000898,216,middle,2,2,test_id_000898_t2_c2,big,big_1,1,1.4,0.98,215,214806.78,226723.59375,247858.96875,254130.0625,268341.15625,8,6.736035493669471,LO,254130.0625,0.0,254130.0625,214806.78125,41617.5625
test_id_test_id_000898_17,test_id_000898,216,middle,2,3,test_id_000898_t2_c3,little,little_1,1,0.9,0.86,215,459037.94,448856.9375,486601.71875,497325.90625,519440.1875,8,6.736035493669471,LO,497325.90625,0.0,497325.90625,459037.9375,70583.25
test_id_test_id_000898_18,test_id_000898,216,middle,2,4,test_id_000898_t2_c4,big,big_1,2,1.8,1.06,215,219510.11,222696.71875,243648.6875,249899.625,264058.96875,8,6.736035493669471,LO,249899.625,0.0,249899.625,219510.109375,41362.25
test_id_test_id_000898_19,test_id_000898,216,middle,2,5,test_id_000898_t2_c5,little,little_1,2,1.2,0.93,215,423700.44,409079.5,443933.0625,453819.46875,474797.46875,8,6.736035493669471,LO,453819.46875,0.0,453819.46875,423700.4375,65717.96875
test_id_test_id_000898_20,test_id_000898,216,middle,2,6,test_id_000898_t2_c6,big,big_0,3,2.2,1.15,215,179276.97,192373.78125,211570.625,217321.921875,230523.171875,8,6.736035493669471,LO,217321.921875,0.0,217321.921875,179276.96875,38149.390625
test_id_test_id_000898_21,test_id_000898,55,high_degree,3,0,test_id_000898_t3_c0,little,little_1,0,0.6,0.8,54,845965.9,861409.375,937023.5625,958367.3125,1000289.1875,8,6.736035493669471,LO,958367.3125,0.0,958367.3125,845965.875,138879.8125
test_id_test_id_000898_22,test_id_000898,55,high_degree,3,1,test_id_000898_t3_c1,big,big_0,1,1.4,0.98,54,529124.5,522007.9375,566649.25,579724.625,604887.875,8,6.736035493669471,LO,579724.625,0.0,579724.625,529124.5,82879.9375
test_id_test_id_000898_23,test_id_000898,55,high_degree,3,2,test_id_000898_t3_c2,little,little_0,1,0.9,0.86,54,860609.4,830239.5,907621.875,929779.9375,972870.0625,8,6.736035493669471,LO,929779.9375,0.0,929779.9375,860609.375,142630.5625
test_id_test_id_000898_24,test_id_000898,55,high_degree,3,3,test_id_000898_t3_c3,big,big_1,2,1.8,1.06,54,406561.16,384723.9375,417416.09375,426632.84375,446563.0,8,6.736035493669471,LO,426632.84375,0.0,426632.84375,406561.15625,61839.0625
test_id_test_id_000898_25,test_id_000898,55,high_degree,3,4,test_id_000898_t3_c4,little,little_1,2,1.2,0.93,54,815730.0,757078.625,828093.375,849537.5,888581.875,8,6.736035493669471,LO,849537.5,0.0,849537.5,815730.0,131503.25
test_id_test_id_000898_26,test_id_000898,55,high_degree,3,5,test_id_000898_t3_c5,big,big_1,3,2.2,1.15,54,309711.47,309825.71875,336471.53125,344081.53125,361051.875,8,6.736035493669471,LO,344081.53125,0.0,344081.53125,309711.46875,51226.15625
test_id_test_id_000898_27,test_id_000898,55,high_degree,3,6,test_id_000898_t3_c6,little,little_1,3,1.5,1.0,54,490061.88,467531.03125,507578.21875,519100.59375,542433.875,8,6.736035493669471,LO,519100.59375,0.0,519100.59375,490061.875,74902.84375
test_id_test_id_000898_28,test_id_000898,327,communication_heavy,4,0,test_id_000898_t4_c0,big,big_0,1,1.4,0.98,326,646902.56,624480.25,678918.875,695479.375,724941.5625,8,6.736035493669471,LO,695479.375,0.0,695479.375,646902.5625,100461.3125
test_id_test_id_000898_29,test_id_000898,327,communication_heavy,4,1,test_id_000898_t4_c1,little,little_0,1,0.9,0.86,326,1271604.9,1268174.25,1426901.25,1463893.5,1582941.25,8,6.736035493669471,LO,1463893.5,0.0,1463893.5,1271604.875,314767.0
test_id_test_id_000898_30,test_id_000898,327,communication_heavy,4,2,test_id_000898_t4_c2,big,big_1,2,1.8,1.06,326,463082.25,462177.8125,501785.375,513166.75,536312.0,8,6.736035493669471,LO,513166.75,0.0,513166.75,463082.25,74134.1875
test_id_test_id_000898_31,test_id_000898,327,communication_heavy,4,3,test_id_000898_t4_c3,little,little_1,2,1.2,0.93,326,930056.7,896916.5,988824.1875,1013495.3125,1068784.625,8,6.736035493669471,LO,1013495.3125,0.0,1013495.3125,930056.6875,171868.125
test_id_test_id_000898_32,test_id_000898,327,communication_heavy,4,4,test_id_000898_t4_c4,big,big_0,3,2.2,1.15,326,381004.38,389777.53125,423120.625,432558.6875,452869.0,8,6.736035493669471,LO,432558.6875,0.0,432558.6875,381004.375,63091.46875
test_id_test_id_000898_33,test_id_000898,327,communication_heavy,4,5,test_id_000898_t4_c5,little,little_1,3,1.5,1.0,326,770936.25,748102.75,819233.4375,840955.75,880349.3125,8,6.736035493669471,LO,840955.75,0.0,840955.75,770936.25,132246.5625
test_id_test_id_000898_34,test_id_000898,327,communication_heavy,4,6,test_id_000898_t4_c6,big,big_0,0,1.0,0.9,326,900792.5,882016.75,967253.8125,990475.3125,1040145.9375,8,6.736035493669471,LO,990475.3125,0.0,990475.3125,900792.5,158129.1875
test_id_test_id_000898_35,test_id_000898,300,random,5,0,test_id_000898_t5_c0,little,little_1,1,0.9,0.86,299,108984.85,100022.390625,115014.140625,119238.96875,129759.4375,8,6.736035493669471,LO,119238.96875,0.0,119238.96875,108984.8515625,29737.046875
test_id_test_id_000898_36,test_id_000898,300,random,5,1,test_id_000898_t5_c1,big,big_1,2,1.8,1.06,299,37680.04,43637.328125,56467.4375,60340.9375,69421.859375,8,6.736035493669471,LO,60340.9375,0.0,60340.9375,37680.0390625,25784.53125
test_id_test_id_000898_37,test_id_000898,300,random,5,2,test_id_000898_t5_c2,little,little_1,2,1.2,0.93,299,74077.52,71810.40625,85815.296875,89759.390625,99481.71875,8,6.736035493669471,LO,89759.390625,0.0,89759.390625,74077.5234375,27671.3125
test_id_test_id_000898_38,test_id_000898,300,random,5,3,test_id_000898_t5_c3,big,big_0,3,2.2,1.15,299,29961.582,34604.28125,47085.59375,50903.84375,59689.890625,8,6.736035493669471,LO,50903.84375,0.0,50903.84375,29961.58203125,25085.609375
test_id_test_id_000898_39,test_id_000898,300,random,5,4,test_id_000898_t5_c4,little,little_1,3,1.5,1.0,299,65456.715,63107.890625,76717.046875,80613.09375,90095.828125,8,6.736035493669471,LO,80613.09375,0.0,80613.09375,65456.71484375,26987.9375
test_id_test_id_000898_40,test_id_000898,300,random,5,5,test_id_000898_t5_c5,big,big_1,0,1.0,0.9,299,64233.746,61241.59375,74873.390625,78823.578125,88378.3125,8,6.736035493669471,LO,78823.578125,0.0,78823.578125,64233.74609375,27136.71875
test_id_test_id_000898_41,test_id_000898,300,random,5,6,test_id_000898_t5_c6,little,little_1,0,0.6,0.8,299,145766.48,144059.53125,161276.15625,166438.09375,178649.84375,8,6.736035493669471,LO,166438.09375,0.0,166438.09375,145766.484375,34590.3125
test_id_test_id_000908_00,test_id_000908,2,source_like,0,0,test_id_000908_t0_c0,big,big_1,3,2.2,1.15,1,45953.56,41346.75,54028.9375,57827.984375,66696.484375,8,6.736035493669471,HI,57827.984375,15665.78125,73493.765625,45953.55859375,25349.734375
test_id_test_id_000908_01,test_id_000908,2,source_like,0,1,test_id_000908_t0_c1,little,little_0,3,1.5,1.0,1,91312.78,82848.96875,97336.78125,101332.109375,111306.015625,8,6.736035493669471,HI,101332.109375,15665.78125,116997.890625,91312.78125,28457.046875
test_id_test_id_000908_02,test_id_000908,2,source_like,0,2,test_id_000908_t0_c2,big,big_1,0,1.0,0.9,1,82253.516,78060.15625,92490.078125,96536.5,106548.65625,8,6.736035493669471,HI,96536.5,15665.78125,112202.28125,82253.515625,28488.5
test_id_test_id_000908_03,test_id_000908,2,source_like,0,3,test_id_000908_t0_c3,little,little_0,0,0.6,0.8,1,208381.75,201572.5,222694.0,229200.71875,244032.640625,8,6.736035493669471,HI,229200.71875,15665.78125,244866.5,208381.75,42460.140625
test_id_test_id_000908_04,test_id_000908,2,source_like,0,4,test_id_000908_t0_c4,big,big_1,1,1.4,0.98,1,60495.406,57160.890625,70517.265625,74373.796875,83660.171875,8,6.736035493669471,HI,74373.796875,15665.78125,90039.578125,60495.40625,26499.28125
test_id_test_id_000908_05,test_id_000908,2,source_like,0,5,test_id_000908_t0_c5,little,little_1,1,0.9,0.86,1,144467.95,135622.40625,152092.65625,156910.0,168485.5625,8,6.736035493669471,HI,156910.0,15665.78125,172575.78125,144467.953125,32863.15625
test_id_test_id_000908_06,test_id_000908,2,source_like,0,6,test_id_000908_t0_c6,big,big_1,2,1.8,1.06,1,54222.52,48084.078125,61016.03125,64820.8125,73829.234375,8,6.736035493669471,HI,64820.8125,15665.78125,80486.59375,54222.51953125,25745.15625
test_id_test_id_000908_07,test_id_000908,293,sink_like,1,0,test_id_000908_t1_c0,little,little_0,3,1.5,1.0,292,372643.62,371659.5,403310.03125,412252.75,431702.6875,8,6.736035493669471,HI,412252.75,15665.78125,427918.53125,372643.625,60043.1875
test_id_test_id_000908_08,test_id_000908,293,sink_like,1,1,test_id_000908_t1_c1,big,big_1,0,1.0,0.9,292,377173.66,402197.625,436294.25,445928.125,466511.0,8,6.736035493669471,HI,445928.125,15665.78125,461593.90625,377173.65625,64313.375
test_id_test_id_000908_09,test_id_000908,293,sink_like,1,2,test_id_000908_t1_c2,little,little_1,0,0.6,0.8,292,669864.4,697446.9375,754349.75,771697.25,800780.4375,8,6.736035493669471,HI,771697.25,15665.78125,787363.03125,669864.375,103333.5
test_id_test_id_000908_10,test_id_000908,293,sink_like,1,3,test_id_000908_t1_c3,big,big_0,1,1.4,0.98,292,343682.22,357005.0,387368.625,395940.0,414748.6875,8,6.736035493669471,HI,395940.0,15665.78125,411605.78125,343682.21875,57743.6875
test_id_test_id_000908_11,test_id_000908,293,sink_like,1,4,test_id_000908_t1_c4,little,little_1,1,0.9,0.86,292,623441.56,627407.875,680569.375,696534.1875,724793.75,8,6.736035493669471,HI,696534.1875,15665.78125,712199.96875,623441.5625,97385.875
test_id_test_id_000908_12,test_id_000908,293,sink_like,1,5,test_id_000908_t1_c5,big,big_0,2,1.8,1.06,292,200019.08,217000.59375,237567.046875,243693.828125,257612.90625,8,6.736035493669471,HI,243693.828125,15665.78125,259359.609375,200019.078125,40612.3125
test_id_test_id_000908_13,test_id_000908,293,sink_like,1,6,test_id_000908_t1_c6,little,little_0,2,1.2,0.93,292,449747.2,445592.125,483574.34375,494424.71875,516806.375,8,6.736035493669471,HI,494424.71875,15665.78125,510090.5,449747.1875,71214.25
test_id_test_id_000908_14,test_id_000908,168,middle,2,0,test_id_000908_t2_c0,big,big_0,0,1.0,0.9,167,268972.1,275826.96875,300022.1875,307006.0,322712.375,8,6.736035493669471,HI,307006.0,15665.78125,322671.78125,268972.09375,46885.40625
test_id_test_id_000908_15,test_id_000908,168,middle,2,1,test_id_000908_t2_c1,little,little_0,0,0.6,0.8,167,526544.0,527605.8125,569699.875,581757.875,604749.5,8,6.736035493669471,HI,581757.875,15665.78125,597423.65625,526544.0,77143.6875
test_id_test_id_000908_16,test_id_000908,168,middle,2,2,test_id_000908_t2_c2,big,big_1,1,1.4,0.98,167,170707.34,183682.84375,202248.921875,207767.578125,220529.046875,8,6.736035493669471,HI,207767.578125,15665.78125,223433.359375,170707.34375,36846.203125
test_id_test_id_000908_17,test_id_000908,168,middle,2,3,test_id_000908_t2_c3,little,little_0,1,0.9,0.86,167,397860.44,399777.3125,433612.625,443175.1875,463621.46875,8,6.736035493669471,HI,443175.1875,15665.78125,458840.96875,397860.4375,63844.15625
test_id_test_id_000908_18,test_id_000908,168,middle,2,4,test_id_000908_t2_c4,big,big_0,2,1.8,1.06,167,170727.11,174229.3125,192295.5625,197644.6875,210098.625,8,6.736035493669471,HI,197644.6875,15665.78125,213310.46875,170727.109375,35869.3125
test_id_test_id_000908_19,test_id_000908,168,middle,2,5,test_id_000908_t2_c5,little,little_1,2,1.2,0.93,167,269710.38,282835.59375,307501.34375,314610.4375,330552.625,8,6.736035493669471,HI,314610.4375,15665.78125,330276.21875,269710.375,47717.03125
test_id_test_id_000908_20,test_id_000908,168,middle,2,6,test_id_000908_t2_c6,big,big_0,3,2.2,1.15,167,121168.65,136538.96875,152528.84375,157062.625,168081.5625,8,6.736035493669471,HI,157062.625,15665.78125,172728.40625,121168.6484375,31542.59375
test_id_test_id_000908_21,test_id_000908,218,high_degree,3,0,test_id_000908_t3_c0,little,little_1,0,0.6,0.8,217,550983.8,574264.0,620407.5625,633906.875,658440.125,8,6.736035493669471,HI,633906.875,15665.78125,649572.65625,550983.8125,84176.125
test_id_test_id_000908_22,test_id_000908,218,high_degree,3,1,test_id_000908_t3_c1,big,big_0,1,1.4,0.98,217,321227.4,311723.6875,338550.75,346200.03125,363242.1875,8,6.736035493669471,HI,346200.03125,15665.78125,361865.8125,321227.40625,51518.5
test_id_test_id_000908_23,test_id_000908,218,high_degree,3,2,test_id_000908_t3_c2,little,little_0,1,0.9,0.86,217,385664.5,401462.90625,435328.4375,444881.625,465313.125,8,6.736035493669471,HI,444881.625,15665.78125,460547.40625,385664.5,63850.21875
test_id_test_id_000908_24,test_id_000908,218,high_degree,3,3,test_id_000908_t3_c3,big,big_0,2,1.8,1.06,217,230986.14,224931.171875,245998.34375,252273.75,266481.15625,8,6.736035493669471,HI,252273.75,15665.78125,267939.53125,230986.140625,41549.984375
test_id_test_id_000908_25,test_id_000908,218,high_degree,3,4,test_id_000908_t3_c4,little,little_0,2,1.2,0.93,217,328725.03,333698.5625,362172.8125,370246.625,388110.03125,8,6.736035493669471,HI,370246.625,15665.78125,385912.40625,328725.03125,54411.46875
test_id_test_id_000908_26,test_id_000908,218,high_degree,3,5,test_id_000908_t3_c5,big,big_1,3,2.2,1.15,217,151825.73,163773.0,181234.890625,186356.71875,198403.171875,8,6.736035493669471,HI,186356.71875,15665.78125,202022.5,151825.734375,34630.171875
test_id_test_id_000908_27,test_id_000908,218,high_degree,3,6,test_id_000908_t3_c6,little,little_1,3,1.5,1.0,217,232741.92,242117.625,264121.21875,270590.65625,285206.1875,8,6.736035493669471,HI,270590.65625,15665.78125,286256.4375,232741.921875,43088.5625
test_id_test_id_000908_28,test_id_000908,254,communication_heavy,4,0,test_id_000908_t4_c0,big,big_0,1,1.4,0.98,253,325922.9,306105.3125,332450.5625,339973.5,356769.90625,8,6.736035493669471,HI,339973.5,15665.78125,355639.28125,325922.90625,50664.59375
test_id_test_id_000908_29,test_id_000908,254,communication_heavy,4,1,test_id_000908_t4_c1,little,little_1,1,0.9,0.86,253,554754.5,538135.5,583440.75,596688.75,621792.25,8,6.736035493669471,HI,596688.75,15665.78125,612354.53125,554754.5,83656.75
test_id_test_id_000908_30,test_id_000908,254,communication_heavy,4,2,test_id_000908_t4_c2,big,big_0,2,1.8,1.06,253,345699.78,328252.53125,356323.78125,364290.65625,381968.125,8,6.736035493669471,HI,364290.65625,15665.78125,379956.4375,345699.78125,53715.59375
test_id_test_id_000908_31,test_id_000908,254,communication_heavy,4,3,test_id_000908_t4_c3,little,little_0,2,1.2,0.93,253,436676.94,442607.5625,480321.0,491083.0625,513338.9375,8,6.736035493669471,HI,491083.0625,15665.78125,506748.84375,436676.9375,70731.375
test_id_test_id_000908_32,test_id_000908,254,communication_heavy,4,4,test_id_000908_t4_c4,big,big_0,3,2.2,1.15,253,243849.4,241008.46875,263072.15625,269601.90625,284333.71875,8,6.736035493669471,HI,269601.90625,15665.78125,285267.6875,243849.40625,43325.25
test_id_test_id_000908_33,test_id_000908,254,communication_heavy,4,5,test_id_000908_t4_c5,little,little_1,3,1.5,1.0,253,397103.6,404988.1875,439541.5,449333.9375,470182.625,8,6.736035493669471,HI,449333.9375,15665.78125,464999.71875,397103.59375,65194.4375
test_id_test_id_000908_34,test_id_000908,254,communication_heavy,4,6,test_id_000908_t4_c6,big,big_1,0,1.0,0.9,253,351091.62,365984.09375,397031.46875,405782.875,424916.375,8,6.736035493669471,HI,405782.875,15665.78125,421448.65625,351091.625,58932.28125
test_id_test_id_000908_35,test_id_000908,180,random,5,0,test_id_000908_t5_c0,little,little_1,1,0.9,0.86,179,383750.88,383273.71875,415701.4375,424848.625,444628.375,8,6.736035493669471,HI,424848.625,15665.78125,440514.40625,383750.875,61354.65625
test_id_test_id_000908_36,test_id_000908,180,random,5,1,test_id_000908_t5_c1,big,big_0,2,1.8,1.06,179,181795.53,187926.109375,206803.21875,212438.65625,225416.1875,8,6.736035493669471,HI,212438.65625,15665.78125,228104.4375,181795.53125,37490.078125
test_id_test_id_000908_37,test_id_000908,180,random,5,2,test_id_000908_t5_c2,little,little_0,2,1.2,0.93,179,303356.66,330670.65625,358943.125,366967.46875,384736.25,8,6.736035493669471,HI,366967.46875,15665.78125,382633.25,303356.65625,54065.59375
test_id_test_id_000908_38,test_id_000908,180,random,5,3,test_id_000908_t5_c3,big,big_0,3,2.2,1.15,179,129609.32,136838.828125,152818.0,157354.6875,168372.75,8,6.736035493669471,HI,157354.6875,15665.78125,173020.46875,129609.3203125,31533.921875
test_id_test_id_000908_39,test_id_000908,180,random,5,4,test_id_000908_t5_c4,little,little_1,3,1.5,1.0,179,247470.56,243057.59375,265104.8125,271582.40625,286209.5625,8,6.736035493669471,HI,271582.40625,15665.78125,287248.1875,247470.5625,43151.96875
test_id_test_id_000908_40,test_id_000908,180,random,5,5,test_id_000908_t5_c5,big,big_0,0,1.0,0.9,179,273739.56,279279.84375,303711.8125,310751.9375,326579.34375,8,6.736035493669471,HI,310751.9375,15665.78125,326417.71875,273739.5625,47299.5
test_id_test_id_000908_41,test_id_000908,180,random,5,6,test_id_000908_t5_c6,little,little_0,0,0.6,0.8,179,597329.75,574644.25,620474.6875,633857.6875,658079.25,8,6.736035493669471,HI,633857.6875,15665.78125,649523.46875,597329.75,83435.0
test_id_test_id_000957_00,test_id_000957,6,source_like,0,0,test_id_000957_t0_c0,little,little_0,3,1.5,1.0,5,83990.91,82713.765625,97213.21875,101194.609375,111140.8125,8,6.736035493669471,LO,101194.609375,0.0,101194.609375,83990.90625,28427.046875
test_id_test_id_000957_01,test_id_000957,6,source_like,0,1,test_id_000957_t0_c1,big,big_0,0,1.0,0.9,5,79367.55,80464.96875,94990.34375,99047.3125,109116.265625,8,6.736035493669471,LO,99047.3125,0.0,99047.3125,79367.546875,28651.296875
test_id_test_id_000957_02,test_id_000957,6,source_like,0,2,test_id_000957_t0_c2,little,little_1,0,0.6,0.8,5,203319.23,183971.03125,203950.828125,210106.1875,224199.5,8,6.736035493669471,LO,210106.1875,0.0,210106.1875,203319.234375,40228.46875
test_id_test_id_000957_03,test_id_000957,6,source_like,0,3,test_id_000957_t0_c3,big,big_0,1,1.4,0.98,5,57711.336,54202.140625,67415.765625,71249.5,80435.171875,8,6.736035493669471,LO,71249.5,0.0,71249.5,57711.3359375,26233.03125
test_id_test_id_000957_04,test_id_000957,6,source_like,0,4,test_id_000957_t0_c4,little,little_0,1,0.9,0.86,5,134472.92,131995.96875,148292.53125,153037.15625,164491.53125,8,6.736035493669471,LO,153037.15625,0.0,153037.15625,134472.921875,32495.5625
test_id_test_id_000957_05,test_id_000957,6,source_like,0,5,test_id_000957_t0_c5,big,big_1,2,1.8,1.06,5,44175.207,44509.90625,57294.5625,61084.109375,69992.84375,8,6.736035493669471,LO,61084.109375,0.0,61084.109375,44175.20703125,25482.9375
test_id_test_id_000957_06,test_id_000957,6,source_like,0,6,test_id_000957_t0_c6,little,little_0,2,1.2,0.93,5,107984.43,100074.15625,115053.0,119215.40625,129634.46875,8,6.736035493669471,LO,119215.40625,0.0,119215.40625,107984.4296875,29560.3125
test_id_test_id_000957_07,test_id_000957,205,sink_like,1,0,test_id_000957_t1_c0,big,big_1,0,1.0,0.9,204,406244.78,399033.40625,432943.75,442535.9375,463063.375,8,6.736035493669471,LO,442535.9375,0.0,442535.9375,406244.78125,64029.96875
test_id_test_id_000957_08,test_id_000957,205,sink_like,1,1,test_id_000957_t1_c1,little,little_0,0,0.6,0.8,204,705355.1,683531.8125,738796.4375,755578.625,783715.875,8,6.736035493669471,LO,755578.625,0.0,755578.625,705355.125,100184.0625
test_id_test_id_000957_09,test_id_000957,205,sink_like,1,2,test_id_000957_t1_c2,big,big_0,1,1.4,0.98,204,252975.53,251604.75,274292.875,280955.53125,295964.3125,8,6.736035493669471,LO,280955.53125,0.0,280955.53125,252975.53125,44359.5625
test_id_test_id_000957_10,test_id_000957,205,sink_like,1,3,test_id_000957_t1_c3,little,little_1,1,0.9,0.86,204,464006.97,490144.5,531312.4375,543133.625,566626.1875,8,6.736035493669471,LO,543133.625,0.0,543133.625,464006.96875,76481.6875
test_id_test_id_000957_11,test_id_000957,205,sink_like,1,4,test_id_000957_t1_c4,big,big_1,2,1.8,1.06,204,174378.9,185567.40625,204265.40625,209832.25,222681.796875,8,6.736035493669471,LO,209832.25,0.0,209832.25,174378.90625,37114.390625
test_id_test_id_000957_12,test_id_000957,205,sink_like,1,5,test_id_000957_t1_c5,little,little_1,2,1.2,0.93,204,391057.62,380559.15625,412868.78125,421989.8125,441734.9375,8,6.736035493669471,LO,421989.8125,0.0,421989.8125,391057.625,61175.78125
test_id_test_id_000957_13,test_id_000957,205,sink_like,1,6,test_id_000957_t1_c6,big,big_1,3,2.2,1.15,204,209322.86,215056.359375,235641.5,241823.375,255851.15625,8,6.736035493669471,LO,241823.375,0.0,241823.375,209322.859375,40794.796875
test_id_test_id_000957_14,test_id_000957,128,middle,2,0,test_id_000957_t2_c0,little,little_0,0,0.6,0.8,127,508565.84,511562.625,552259.625,563836.125,586301.4375,8,6.736035493669471,LO,563836.125,0.0,563836.125,508565.84375,74738.8125
test_id_test_id_000957_15,test_id_000957,128,middle,2,1,test_id_000957_t2_c1,big,big_0,1,1.4,0.98,127,182871.58,180237.59375,198622.125,204083.984375,216739.90625,8,6.736035493669471,LO,204083.984375,0.0,204083.984375,182871.578125,36502.3125
test_id_test_id_000957_16,test_id_000957,128,middle,2,2,test_id_000957_t2_c2,little,little_1,1,0.9,0.86,127,367239.66,385627.6875,418260.6875,427471.5625,447345.0,8,6.736035493669471,LO,427471.5625,0.0,427471.5625,367239.65625,61717.3125
test_id_test_id_000957_17,test_id_000957,128,middle,2,3,test_id_000957_t2_c3,big,big_1,2,1.8,1.06,127,171102.67,173095.59375,191107.59375,196438.46875,208858.6875,8,6.736035493669471,LO,196438.46875,0.0,196438.46875,171102.671875,35763.09375
test_id_test_id_000957_18,test_id_000957,128,middle,2,4,test_id_000957_t2_c4,little,little_1,2,1.2,0.93,127,266385.5,264023.71875,287435.125,294248.0,309572.8125,8,6.736035493669471,LO,294248.0,0.0,294248.0,266385.5,45549.09375
test_id_test_id_000957_19,test_id_000957,128,middle,2,5,test_id_000957_t2_c5,big,big_0,3,2.2,1.15,127,158285.3,157311.1875,174473.21875,179471.1875,191307.5,8,6.736035493669471,LO,179471.1875,0.0,179471.1875,158285.296875,33996.3125
test_id_test_id_000957_20,test_id_000957,128,middle,2,6,test_id_000957_t2_c6,little,little_1,3,1.5,1.0,127,206818.81,208799.875,228799.1875,234747.515625,248322.671875,8,6.736035493669471,LO,234747.515625,0.0,234747.515625,206818.8125,39522.796875
test_id_test_id_000957_21,test_id_000957,188,communication_heavy,3,0,test_id_000957_t3_c0,big,big_0,1,1.4,0.98,187,374902.75,370385.0625,401862.5,410743.3125,430095.625,8,6.736035493669471,LO,410743.3125,0.0,410743.3125,374902.75,59710.5625
test_id_test_id_000957_22,test_id_000957,188,communication_heavy,3,1,test_id_000957_t3_c1,little,little_1,1,0.9,0.86,187,690404.75,641485.5625,695961.25,712361.625,741193.375,8,6.736035493669471,LO,712361.625,0.0,712361.625,690404.75,99707.8125
test_id_test_id_000957_23,test_id_000957,188,communication_heavy,3,2,test_id_000957_t3_c2,big,big_1,2,1.8,1.06,187,277166.9,272901.28125,296961.4375,303952.4375,319638.0625,8,6.736035493669471,LO,303952.4375,0.0,303952.4375,277166.90625,46736.78125
test_id_test_id_000957_24,test_id_000957,188,communication_heavy,3,3,test_id_000957_t3_c3,little,little_0,2,1.2,0.93,187,428679.0,421414.0,457192.21875,467339.09375,488698.75,8,6.736035493669471,LO,467339.09375,0.0,467339.09375,428679.0,67284.75
test_id_test_id_000957_25,test_id_000957,188,communication_heavy,3,4,test_id_000957_t3_c4,big,big_0,3,2.2,1.15,187,226547.64,229536.859375,250907.421875,257269.96875,271655.6875,8,6.736035493669471,LO,257269.96875,0.0,257269.96875,226547.640625,42118.828125
test_id_test_id_000957_26,test_id_000957,188,communication_heavy,3,5,test_id_000957_t3_c5,little,little_0,3,1.5,1.0,187,306667.78,312748.90625,339599.5,347260.34375,364320.78125,8,6.736035493669471,LO,347260.34375,0.0,347260.34375,306667.78125,51571.875
test_id_test_id_000957_27,test_id_000957,188,communication_heavy,3,6,test_id_000957_t3_c6,big,big_0,0,1.0,0.9,187,522122.16,504423.0625,547178.9375,559580.0625,583826.375,8,6.736035493669471,LO,559580.0625,0.0,559580.0625,522122.15625,79403.3125
test_id_test_id_000957_28,test_id_000957,32,random,4,0,test_id_000957_t4_c0,little,little_1,1,0.9,0.86,31,76654.35,79186.796875,93738.578125,97855.65625,108028.65625,8,6.736035493669471,LO,97855.65625,0.0,97855.65625,76654.3515625,28841.859375
test_id_test_id_000957_29,test_id_000957,32,random,4,1,test_id_000957_t4_c1,big,big_1,2,1.8,1.06,31,29062.027,30309.140625,42815.03125,46740.265625,55654.328125,8,6.736035493669471,LO,46740.265625,0.0,46740.265625,29062.02734375,25345.1875
test_id_test_id_000957_30,test_id_000957,32,random,4,2,test_id_000957_t4_c2,little,little_0,2,1.2,0.93,31,58605.76,60202.21875,73774.875,77665.0625,87065.125,8,6.736035493669471,LO,77665.0625,0.0,77665.0625,58605.76171875,26862.90625
test_id_test_id_000957_31,test_id_000957,32,random,4,3,test_id_000957_t4_c3,big,big_0,3,2.2,1.15,31,21810.127,25563.8125,38061.375,42038.03125,50951.71875,8,6.736035493669471,LO,42038.03125,0.0,42038.03125,21810.126953125,25387.90625
test_id_test_id_000957_32,test_id_000957,32,random,4,4,test_id_000957_t4_c4,little,little_1,3,1.5,1.0,31,52075.62,53741.171875,67151.375,71072.34375,80389.34375,8,6.736035493669471,LO,71072.34375,0.0,71072.34375,52075.62109375,26648.171875
test_id_test_id_000957_33,test_id_000957,32,random,4,5,test_id_000957_t4_c5,big,big_0,0,1.0,0.9,31,44443.297,44344.5625,57197.890625,61051.4375,70092.1875,8,6.736035493669471,LO,61051.4375,0.0,61051.4375,44443.296875,25747.625
test_id_test_id_000957_34,test_id_000957,32,random,4,6,test_id_000957_t4_c6,little,little_0,0,0.6,0.8,31,115959.12,109513.03125,124971.875,129418.109375,140352.671875,8,6.736035493669471,LO,129418.109375,0.0,129418.109375,115959.1171875,30839.640625
test_id_test_id_000957_35,test_id_000957,241,diverse_fill_1,5,0,test_id_000957_t5_c0,big,big_0,2,1.8,1.06,240,56154.133,56253.96875,69462.265625,73256.40625,82410.890625,8,6.736035493669471,LO,73256.40625,0.0,73256.40625,56154.1328125,26156.921875
test_id_test_id_000957_36,test_id_000957,241,diverse_fill_1,5,1,test_id_000957_t5_c1,little,little_0,2,1.2,0.93,240,127889.445,127887.296875,143672.34375,148158.9375,159129.75,8,6.736035493669471,LO,148158.9375,0.0,148158.9375,127889.4453125,31242.453125
test_id_test_id_000957_37,test_id_000957,241,diverse_fill_1,5,2,test_id_000957_t5_c2,big,big_0,3,2.2,1.15,240,50869.01,52621.421875,65668.140625,69450.84375,78515.9375,8,6.736035493669471,LO,69450.84375,0.0,69450.84375,50869.01171875,25894.515625
test_id_test_id_000957_38,test_id_000957,241,diverse_fill_1,5,3,test_id_000957_t5_c3,little,little_0,3,1.5,1.0,240,101327.82,97236.953125,112028.640625,116098.0625,126324.984375,8,6.736035493669471,LO,116098.0625,0.0,116098.0625,101327.8203125,29088.03125
test_id_test_id_000957_39,test_id_000957,241,diverse_fill_1,5,4,test_id_000957_t5_c4,big,big_1,0,1.0,0.9,240,98503.27,98070.546875,113115.3125,117332.328125,127852.65625,8,6.736035493669471,LO,117332.328125,0.0,117332.328125,98503.2734375,29782.109375
test_id_test_id_000957_40,test_id_000957,241,diverse_fill_1,5,5,test_id_000957_t5_c5,little,little_1,0,0.6,0.8,240,245642.52,230464.59375,253408.234375,260398.53125,276310.6875,8,6.736035493669471,LO,260398.53125,0.0,260398.53125,245642.515625,45846.09375
test_id_test_id_000957_41,test_id_000957,241,diverse_fill_1,5,6,test_id_000957_t5_c6,big,big_0,1,1.4,0.98,240,80697.48,88395.078125,103049.828125,107102.359375,117244.015625,8,6.736035493669471,LO,107102.359375,0.0,107102.359375,80697.4765625,28848.9375
test_id_test_id_000974_00,test_id_000974,3,source_like,0,0,test_id_000974_t0_c0,little,little_1,2,1.2,0.93,2,121510.81,120437.84375,135899.40625,140258.96875,151005.578125,8,6.736035493669471,HI,140258.96875,15665.78125,155924.75,121510.8125,30567.734375
test_id_test_id_000974_01,test_id_000974,3,source_like,0,1,test_id_000974_t0_c1,big,big_1,3,2.2,1.15,2,46211.473,44250.15625,56971.25,60722.71875,69551.4375,8,6.736035493669471,HI,60722.71875,15665.78125,76388.5,46211.47265625,25301.28125
test_id_test_id_000974_02,test_id_000974,3,source_like,0,2,test_id_000974_t0_c2,little,little_1,3,1.5,1.0,2,104558.78,96883.5625,111713.078125,115777.296875,125996.59375,8,6.736035493669471,HI,115777.296875,15665.78125,131443.078125,104558.78125,29113.03125
test_id_test_id_000974_03,test_id_000974,3,source_like,0,3,test_id_000974_t0_c3,big,big_0,0,1.0,0.9,2,103285.35,96171.671875,111118.53125,115271.578125,125664.921875,8,6.736035493669471,HI,115271.578125,15665.78125,130937.359375,103285.3515625,29493.25
test_id_test_id_000974_04,test_id_000974,3,source_like,0,4,test_id_000974_t0_c4,little,little_0,0,0.6,0.8,2,239328.22,229527.609375,252492.03125,259491.84375,275401.90625,8,6.736035493669471,HI,259491.84375,15665.78125,275157.625,239328.21875,45874.296875
test_id_test_id_000974_05,test_id_000974,3,source_like,0,5,test_id_000974_t0_c5,big,big_0,1,1.4,0.98,2,68705.7,68547.8125,82397.359375,86297.75,95873.25,8,6.736035493669471,HI,86297.75,15665.78125,101963.53125,68705.703125,27325.4375
test_id_test_id_000974_06,test_id_000974,3,source_like,0,6,test_id_000974_t0_c6,little,little_1,1,0.9,0.86,2,192158.84,168125.828125,186159.5625,191553.125,204128.96875,8,6.736035493669471,HI,191553.125,15665.78125,207218.90625,192158.84375,36003.140625
test_id_test_id_000974_07,test_id_000974,5,sink_like,1,0,test_id_000974_t1_c0,big,big_0,3,2.2,1.15,4,90015.945,95295.71875,109791.5625,113773.5,123816.828125,8,6.736035493669471,HI,113773.5,15665.78125,129439.28125,90015.9453125,28521.109375
test_id_test_id_000974_08,test_id_000974,5,sink_like,1,1,test_id_000974_t1_c1,little,little_1,3,1.5,1.0,4,235333.7,225071.71875,245986.328125,252171.53125,266204.9375,8,6.736035493669471,HI,252171.53125,15665.78125,267837.3125,235333.703125,41133.21875
test_id_test_id_000974_09,test_id_000974,5,sink_like,1,2,test_id_000974_t1_c2,big,big_0,0,1.0,0.9,4,212005.94,208854.078125,228995.8125,235035.484375,248787.171875,8,6.736035493669471,HI,235035.484375,15665.78125,250701.265625,212005.9375,39933.09375
test_id_test_id_000974_10,test_id_000974,5,sink_like,1,3,test_id_000974_t1_c3,little,little_0,0,0.6,0.8,4,472752.25,456942.9375,493325.4375,503485.25,524305.5,8,6.736035493669471,HI,503485.25,15665.78125,519151.03125,472752.25,67362.5625
test_id_test_id_000974_11,test_id_000974,5,sink_like,1,4,test_id_000974_t1_c4,big,big_0,1,1.4,0.98,4,168154.02,161501.625,178840.375,183924.03125,195901.0,8,6.736035493669471,HI,183924.03125,15665.78125,199589.8125,168154.015625,34399.375
test_id_test_id_000974_12,test_id_000974,5,sink_like,1,5,test_id_000974_t1_c5,little,little_0,1,0.9,0.86,4,305933.12,297060.375,322656.875,329966.875,346348.625,8,6.736035493669471,HI,329966.875,15665.78125,345632.65625,305933.125,49288.25
test_id_test_id_000974_13,test_id_000974,5,sink_like,1,6,test_id_000974_t1_c6,big,big_1,2,1.8,1.06,4,103282.195,108187.53125,123033.546875,127135.625,137417.90625,8,6.736035493669471,HI,127135.625,15665.78125,142801.40625,103282.1953125,29230.375
test_id_test_id_000974_14,test_id_000974,26,middle,2,0,test_id_000974_t2_c0,little,little_0,3,1.5,1.0,25,317467.28,308512.5,335090.0625,342691.96875,359632.4375,8,6.736035493669471,HI,342691.96875,15665.78125,358357.75,317467.28125,51119.9375
test_id_test_id_000974_15,test_id_000974,26,middle,2,1,test_id_000974_t2_c1,big,big_1,0,1.0,0.9,25,372673.5,375702.5625,407618.03125,416628.28125,436196.8125,8,6.736035493669471,HI,416628.28125,15665.78125,432294.0625,372673.5,60494.25
test_id_test_id_000974_16,test_id_000974,26,middle,2,2,test_id_000974_t2_c2,little,little_0,0,0.6,0.8,25,783472.3,737306.875,797989.1875,816395.25,847474.6875,8,6.736035493669471,HI,816395.25,15665.78125,832061.03125,783472.3125,110167.8125
test_id_test_id_000974_17,test_id_000974,26,middle,2,3,test_id_000974_t2_c3,big,big_1,1,1.4,0.98,25,284768.9,282633.21875,307345.3125,314483.75,330480.25,8,6.736035493669471,HI,314483.75,15665.78125,330149.53125,284768.90625,47847.03125
test_id_test_id_000974_18,test_id_000974,26,middle,2,4,test_id_000974_t2_c4,little,little_1,1,0.9,0.86,25,598269.2,570451.75,618486.375,632635.8125,658809.875,8,6.736035493669471,HI,632635.8125,15665.78125,648301.59375,598269.1875,88358.125
test_id_test_id_000974_19,test_id_000974,26,middle,2,5,test_id_000974_t2_c5,big,big_0,2,1.8,1.06,25,200549.39,195871.90625,215271.53125,221085.453125,234402.96875,8,6.736035493669471,HI,221085.453125,15665.78125,236751.234375,200549.390625,38531.0625
test_id_test_id_000974_20,test_id_000974,26,middle,2,6,test_id_000974_t2_c6,little,little_1,2,1.2,0.93,25,391421.8,352341.90625,382251.5625,390697.0,409266.0,8,6.736035493669471,HI,390697.0,15665.78125,406362.78125,391421.8125,56924.09375
test_id_test_id_000974_21,test_id_000974,16,high_degree,3,0,test_id_000974_t3_c0,big,big_1,0,1.0,0.9,15,276171.94,259370.1875,282517.625,289267.21875,304484.0625,8,6.736035493669471,HI,289267.21875,15665.78125,304933.0,276171.9375,45113.875
test_id_test_id_000974_22,test_id_000974,16,high_degree,3,1,test_id_000974_t3_c1,little,little_1,0,0.6,0.8,15,544301.56,549509.5,592605.0,604970.875,627979.125,8,6.736035493669471,HI,604970.875,15665.78125,620636.65625,544301.5625,78469.625
test_id_test_id_000974_23,test_id_000974,16,high_degree,3,2,test_id_000974_t3_c2,big,big_0,1,1.4,0.98,15,225894.75,220433.34375,241162.578125,247323.078125,261311.796875,8,6.736035493669471,HI,247323.078125,15665.78125,262988.859375,225894.75,40878.453125
test_id_test_id_000974_24,test_id_000974,16,high_degree,3,3,test_id_000974_t3_c3,little,little_1,1,0.9,0.86,15,344220.84,346242.21875,375496.4375,383744.3125,401937.71875,8,6.736035493669471,HI,383744.3125,15665.78125,399410.09375,344220.84375,55695.5
test_id_test_id_000974_25,test_id_000974,16,high_degree,3,4,test_id_000974_t3_c4,big,big_0,2,1.8,1.06,15,149338.2,149548.171875,166212.34375,171029.640625,182536.140625,8,6.736035493669471,HI,171029.640625,15665.78125,186695.421875,149338.203125,32987.96875
test_id_test_id_000974_26,test_id_000974,16,high_degree,3,5,test_id_000974_t3_c5,little,little_1,2,1.2,0.93,15,345705.56,322565.78125,350189.15625,358047.75,375493.03125,8,6.736035493669471,HI,358047.75,15665.78125,373713.53125,345705.5625,52927.25
test_id_test_id_000974_27,test_id_000974,16,high_degree,3,6,test_id_000974_t3_c6,big,big_0,3,2.2,1.15,15,139553.48,138661.65625,154809.21875,159403.90625,170536.0,8,6.736035493669471,HI,159403.90625,15665.78125,175069.6875,139553.484375,31874.34375
test_id_test_id_000974_28,test_id_000974,40,communication_heavy,4,0,test_id_000974_t4_c0,little,little_0,0,0.6,0.8,39,503578.47,530437.5,573143.25,585418.625,608807.125,8,6.736035493669471,HI,585418.625,15665.78125,601084.40625,503578.46875,78369.625
test_id_test_id_000974_29,test_id_000974,40,communication_heavy,4,1,test_id_000974_t4_c1,big,big_1,1,1.4,0.98,39,244150.17,261713.765625,284987.65625,291770.09375,307029.71875,8,6.736035493669471,HI,291770.09375,15665.78125,307435.875,244150.171875,45315.953125
test_id_test_id_000974_30,test_id_000974,40,communication_heavy,4,2,test_id_000974_t4_c2,little,little_0,1,0.9,0.86,39,570069.25,550732.125,597342.25,611030.5,636736.375,8,6.736035493669471,HI,611030.5,15665.78125,626696.28125,570069.25,86004.25
test_id_test_id_000974_31,test_id_000974,40,communication_heavy,4,3,test_id_000974_t4_c3,big,big_1,2,1.8,1.06,39,215406.19,231126.203125,252543.765625,258897.234375,273268.125,8,6.736035493669471,HI,258897.234375,15665.78125,274563.015625,215406.1875,42141.921875
test_id_test_id_000974_32,test_id_000974,40,communication_heavy,4,4,test_id_000974_t4_c4,little,little_0,2,1.2,0.93,39,363746.3,351436.375,381343.8125,389801.46875,408380.125,8,6.736035493669471,HI,389801.46875,15665.78125,405467.25,363746.3125,56943.75
test_id_test_id_000974_33,test_id_000974,40,communication_heavy,4,5,test_id_000974_t4_c5,big,big_0,3,2.2,1.15,39,156378.42,166092.140625,183631.21875,188781.21875,200872.34375,8,6.736035493669471,HI,188781.21875,15665.78125,204447.0,156378.421875,34780.203125
test_id_test_id_000974_34,test_id_000974,40,communication_heavy,4,6,test_id_000974_t4_c6,little,little_0,3,1.5,1.0,39,282591.88,302731.8125,328866.1875,336351.46875,353047.5,8,6.736035493669471,HI,336351.46875,15665.78125,352017.25,282591.875,50315.6875
test_id_test_id_000974_35,test_id_000974,46,random,5,0,test_id_000974_t5_c0,big,big_0,1,1.4,0.98,45,200572.94,209375.96875,229423.5,235393.75,249005.046875,8,6.736035493669471,HI,235393.75,15665.78125,251059.53125,200572.9375,39629.078125
test_id_test_id_000974_36,test_id_000974,46,random,5,1,test_id_000974_t5_c1,little,little_1,1,0.9,0.86,45,324684.4,335086.84375,363621.375,371697.84375,389584.125,8,6.736035493669471,HI,371697.84375,15665.78125,387363.625,324684.40625,54497.28125
test_id_test_id_000974_37,test_id_000974,46,random,5,2,test_id_000974_t5_c2,big,big_1,2,1.8,1.06,45,123406.016,135559.234375,151449.390625,155954.53125,166916.921875,8,6.736035493669471,HI,155954.53125,15665.78125,171620.3125,123406.015625,31357.6875
test_id_test_id_000974_38,test_id_000974,46,random,5,3,test_id_000974_t5_c3,little,little_0,2,1.2,0.93,45,286108.62,283793.84375,308525.71875,315640.9375,331601.5,8,6.736035493669471,HI,315640.9375,15665.78125,331306.71875,286108.625,47807.65625
test_id_test_id_000974_39,test_id_000974,46,random,5,4,test_id_000974_t5_c4,big,big_0,3,2.2,1.15,45,119218.13,130329.125,146023.40625,150434.71875,161246.59375,8,6.736035493669471,HI,150434.71875,15665.78125,166100.5,119218.1328125,30917.46875
test_id_test_id_000974_40,test_id_000974,46,random,5,5,test_id_000974_t5_c5,little,little_1,3,1.5,1.0,45,184558.83,196905.65625,216116.578125,221804.875,234890.90625,8,6.736035493669471,HI,221804.875,15665.78125,237470.65625,184558.828125,37985.25
test_id_test_id_000974_41,test_id_000974,46,random,5,6,test_id_000974_t5_c6,big,big_0,0,1.0,0.9,45,293731.97,303040.59375,329168.15625,336619.78125,353288.90625,8,6.736035493669471,HI,336619.78125,15665.78125,352285.5625,293731.96875,50248.3125
test_id_test_id_000979_00,test_id_000979,5,source_like,0,0,test_id_000979_t0_c0,big,big_0,3,2.2,1.15,4,27482.838,31838.421875,44285.96875,48118.828125,56861.09375,8,6.736035493669471,LO,48118.828125,0.0,48118.828125,27482.837890625,25022.671875
test_id_test_id_000979_01,test_id_000979,5,source_like,0,1,test_id_000979_t0_c1,little,little_0,3,1.5,1.0,4,62039.996,65974.09375,79827.90625,83744.9375,93298.765625,8,6.736035493669471,LO,83744.9375,0.0,83744.9375,62039.99609375,27324.671875
test_id_test_id_000979_02,test_id_000979,5,source_like,0,2,test_id_000979_t0_c2,big,big_1,0,1.0,0.9,4,66492.55,66555.046875,80564.46875,84571.21875,94317.46875,8,6.736035493669471,LO,84571.21875,0.0,84571.21875,66492.546875,27762.421875
test_id_test_id_000979_03,test_id_000979,5,source_like,0,3,test_id_000979_t0_c3,little,little_0,0,0.6,0.8,4,153277.17,146201.5625,163609.03125,168823.125,181132.15625,8,6.736035493669471,LO,168823.125,0.0,168823.125,153277.171875,34930.59375
test_id_test_id_000979_04,test_id_000979,5,source_like,0,4,test_id_000979_t0_c4,big,big_0,1,1.4,0.98,4,44069.332,44592.78125,57446.140625,61277.328125,70269.0,8,6.736035493669471,LO,61277.328125,0.0,61277.328125,44069.33203125,25676.21875
test_id_test_id_000979_05,test_id_000979,5,source_like,0,5,test_id_000979_t0_c5,little,little_0,1,0.9,0.86,4,103571.47,101269.875,116370.421875,120618.078125,131190.84375,8,6.736035493669471,LO,120618.078125,0.0,120618.078125,103571.46875,29920.96875
test_id_test_id_000979_06,test_id_000979,5,source_like,0,6,test_id_000979_t0_c6,big,big_0,2,1.8,1.06,4,37745.066,39482.4375,52179.328125,56031.59375,64966.5,8,6.736035493669471,LO,56031.59375,0.0,56031.59375,37745.06640625,25484.0625
test_id_test_id_000979_07,test_id_000979,57,sink_like,1,0,test_id_000979_t1_c0,little,little_0,3,1.5,1.0,56,307456.03,308357.0,334915.3125,342504.40625,359412.875,8,6.736035493669471,LO,342504.40625,0.0,342504.40625,307456.03125,51055.875
test_id_test_id_000979_08,test_id_000979,57,sink_like,1,1,test_id_000979_t1_c1,big,big_1,0,1.0,0.9,56,313516.44,327259.5,355225.125,363153.8125,380772.0,8,6.736035493669471,LO,363153.8125,0.0,363153.8125,313516.4375,53512.5
test_id_test_id_000979_09,test_id_000979,57,sink_like,1,2,test_id_000979_t1_c2,little,little_1,0,0.6,0.8,56,469595.66,493624.5625,533779.1875,545212.0,567852.0625,8,6.736035493669471,LO,545212.0,0.0,545212.0,469595.65625,74227.5
test_id_test_id_000979_10,test_id_000979,57,sink_like,1,3,test_id_000979_t1_c3,big,big_1,1,1.4,0.98,56,236080.03,238902.6875,260766.59375,267215.46875,281788.40625,8,6.736035493669471,LO,267215.46875,0.0,267215.46875,236080.03125,42885.71875
test_id_test_id_000979_11,test_id_000979,57,sink_like,1,4,test_id_000979_t1_c4,little,little_1,1,0.9,0.86,56,421395.25,424518.75,460430.8125,470612.6875,492005.65625,8,6.736035493669471,LO,470612.6875,0.0,470612.6875,421395.25,67486.90625
test_id_test_id_000979_12,test_id_000979,57,sink_like,1,5,test_id_000979_t1_c5,big,big_0,2,1.8,1.06,56,234076.58,239225.53125,261160.953125,267649.78125,282294.78125,8,6.736035493669471,LO,267649.78125,0.0,267649.78125,234076.578125,43069.25
test_id_test_id_000979_13,test_id_000979,57,sink_like,1,6,test_id_000979_t1_c6,little,little_0,2,1.2,0.93,56,407924.38,407927.6875,442720.3125,452594.46875,473558.46875,8,6.736035493669471,LO,452594.46875,0.0,452594.46875,407924.375,65630.78125
test_id_test_id_000979_14,test_id_000979,83,middle,2,0,test_id_000979_t2_c0,big,big_1,0,1.0,0.9,82,197027.72,211211.0,231300.296875,237262.65625,250865.40625,8,6.736035493669471,LO,237262.65625,0.0,237262.65625,197027.71875,39654.40625
test_id_test_id_000979_15,test_id_000979,83,middle,2,1,test_id_000979_t2_c1,little,little_0,0,0.6,0.8,82,348439.97,363524.625,393838.3125,402302.8125,420965.4375,8,6.736035493669471,LO,402302.8125,0.0,402302.8125,348439.96875,57440.8125
test_id_test_id_000979_16,test_id_000979,83,middle,2,2,test_id_000979_t2_c2,big,big_0,1,1.4,0.98,82,196953.3,197606.171875,216929.375,222687.484375,235885.59375,8,6.736035493669471,LO,222687.484375,0.0,222687.484375,196953.296875,38279.421875
test_id_test_id_000979_17,test_id_000979,83,middle,2,3,test_id_000979_t2_c3,little,little_0,1,0.9,0.86,82,278584.44,279992.8125,304399.96875,311411.8125,327189.28125,8,6.736035493669471,LO,311411.8125,0.0,311411.8125,278584.4375,47196.46875
test_id_test_id_000979_18,test_id_000979,83,middle,2,4,test_id_000979_t2_c4,big,big_1,2,1.8,1.06,82,156746.1,178906.125,197202.53125,202635.4375,215232.6875,8,6.736035493669471,LO,202635.4375,0.0,202635.4375,156746.09375,36326.5625
test_id_test_id_000979_19,test_id_000979,83,middle,2,5,test_id_000979_t2_c5,little,little_0,2,1.2,0.93,82,276830.97,294982.84375,320542.53125,327866.75,344250.8125,8,6.736035493669471,LO,327866.75,0.0,327866.75,276830.96875,49267.96875
test_id_test_id_000979_20,test_id_000979,83,middle,2,6,test_id_000979_t2_c6,big,big_0,3,2.2,1.15,82,124604.58,134567.8125,150476.828125,154966.15625,165912.25,8,6.736035493669471,LO,154966.15625,0.0,154966.15625,124604.578125,31344.4375
test_id_test_id_000979_21,test_id_000979,23,high_degree,3,0,test_id_000979_t3_c0,little,little_1,0,0.6,0.8,22,397037.94,400137.5,431814.03125,440391.6875,459006.90625,8,6.736035493669471,LO,440391.6875,0.0,440391.6875,397037.9375,58869.40625
test_id_test_id_000979_22,test_id_000979,23,high_degree,3,1,test_id_000979_t3_c1,big,big_0,1,1.4,0.98,22,135818.0,134620.6875,150616.21875,155158.421875,166207.90625,8,6.736035493669471,LO,155158.421875,0.0,155158.421875,135818.0,31587.21875
test_id_test_id_000979_23,test_id_000979,23,high_degree,3,2,test_id_000979_t3_c2,little,little_0,1,0.9,0.86,22,262702.7,240328.453125,262261.5625,268712.0625,283317.46875,8,6.736035493669471,LO,268712.0625,0.0,268712.0625,262702.6875,42989.015625
test_id_test_id_000979_24,test_id_000979,23,high_degree,3,3,test_id_000979_t3_c3,big,big_1,2,1.8,1.06,22,113041.33,109293.90625,124307.359375,128440.578125,138798.796875,8,6.736035493669471,LO,128440.578125,0.0,128440.578125,113041.328125,29504.890625
test_id_test_id_000979_25,test_id_000979,23,high_degree,3,4,test_id_000979_t3_c4,little,little_0,2,1.2,0.93,22,190933.56,188133.65625,207022.484375,212687.265625,225707.203125,8,6.736035493669471,LO,212687.265625,0.0,212687.265625,190933.5625,37573.546875
test_id_test_id_000979_26,test_id_000979,23,high_degree,3,5,test_id_000979_t3_c5,big,big_1,3,2.2,1.15,22,78162.016,77530.546875,91532.65625,95407.453125,105090.546875,8,6.736035493669471,LO,95407.453125,0.0,95407.453125,78162.015625,27560.0
test_id_test_id_000979_27,test_id_000979,23,high_degree,3,6,test_id_000979_t3_c6,little,little_1,3,1.5,1.0,22,168711.31,161143.75,178442.78125,183511.453125,195457.34375,8,6.736035493669471,LO,183511.453125,0.0,183511.453125,168711.3125,34313.59375
test_id_test_id_000979_28,test_id_000979,160,communication_heavy,4,0,test_id_000979_t4_c0,big,big_0,1,1.4,0.98,159,401730.28,385611.8125,418316.5625,427532.34375,447454.1875,8,6.736035493669471,LO,427532.34375,0.0,427532.34375,401730.28125,61842.375
test_id_test_id_000979_29,test_id_000979,160,communication_heavy,4,1,test_id_000979_t4_c1,little,little_0,1,0.9,0.86,159,587207.94,570329.0,618154.875,632263.875,658239.375,8,6.736035493669471,LO,632263.875,0.0,632263.875,587207.9375,87910.375
test_id_test_id_000979_30,test_id_000979,160,communication_heavy,4,2,test_id_000979_t4_c2,big,big_1,2,1.8,1.06,159,343511.1,349370.96875,379113.34375,387514.84375,406016.5,8,6.736035493669471,LO,387514.84375,0.0,387514.84375,343511.09375,56645.53125
test_id_test_id_000979_31,test_id_000979,160,communication_heavy,4,3,test_id_000979_t4_c3,little,little_1,2,1.2,0.93,159,659641.6,618234.25,672311.0,688698.5,718071.9375,8,6.736035493669471,LO,688698.5,0.0,688698.5,659641.625,99837.6875
test_id_test_id_000979_32,test_id_000979,160,communication_heavy,4,4,test_id_000979_t4_c4,big,big_0,3,2.2,1.15,159,286482.5,283862.71875,308656.4375,315820.0,331873.71875,8,6.736035493669471,LO,315820.0,0.0,315820.0,286482.5,48011.0
test_id_test_id_000979_33,test_id_000979,160,communication_heavy,4,5,test_id_000979_t4_c5,little,little_0,3,1.5,1.0,159,421915.22,412612.125,447772.75,457739.0625,478848.875,8,6.736035493669471,LO,457739.0625,0.0,457739.0625,421915.21875,66236.75
test_id_test_id_000979_34,test_id_000979,160,communication_heavy,4,6,test_id_000979_t4_c6,big,big_1,0,1.0,0.9,159,615496.4,599208.9375,650031.125,665256.875,692594.25,8,6.736035493669471,LO,665256.875,0.0,665256.875,615496.375,93385.3125
test_id_test_id_000979_35,test_id_000979,173,random,5,0,test_id_000979_t5_c0,little,little_1,1,0.9,0.86,172,563953.6,515121.875,558729.375,571405.375,595975.0,8,6.736035493669471,LO,571405.375,0.0,571405.375,563953.625,80853.125
test_id_test_id_000979_36,test_id_000979,173,random,5,1,test_id_000979_t5_c1,big,big_1,2,1.8,1.06,172,199613.89,191196.84375,210273.46875,215973.796875,229075.34375,8,6.736035493669471,LO,215973.796875,0.0,215973.796875,199613.890625,37878.5
test_id_test_id_000979_37,test_id_000979,173,random,5,2,test_id_000979_t5_c2,little,little_0,2,1.2,0.93,172,379321.9,371033.0625,402624.78125,411556.875,430977.375,8,6.736035493669471,LO,411556.875,0.0,411556.875,379321.90625,59944.3125
test_id_test_id_000979_38,test_id_000979,173,random,5,3,test_id_000979_t5_c3,big,big_1,3,2.2,1.15,172,159371.73,159581.0,176803.53125,181836.671875,193722.625,8,6.736035493669471,LO,181836.671875,0.0,181836.671875,159371.734375,34141.625
test_id_test_id_000979_39,test_id_000979,173,random,5,4,test_id_000979_t5_c4,little,little_0,3,1.5,1.0,172,295765.4,285450.96875,310343.46875,317525.9375,333600.5,8,6.736035493669471,LO,317525.9375,0.0,317525.9375,295765.40625,48149.53125
test_id_test_id_000979_40,test_id_000979,173,random,5,5,test_id_000979_t5_c5,big,big_1,0,1.0,0.9,172,280764.75,272931.625,296944.96875,303892.125,319522.625,8,6.736035493669471,LO,303892.125,0.0,303892.125,280764.75,46591.0
test_id_test_id_000979_41,test_id_000979,173,random,5,6,test_id_000979_t5_c6,little,little_0,0,0.6,0.8,172,584114.6,594627.0625,642346.375,656426.625,681466.125,8,6.736035493669471,LO,656426.625,0.0,656426.625,584114.625,86839.0625
test_id_test_id_000986_00,test_id_000986,1,source_like,0,0,test_id_000986_t0_c0,little,little_0,0,0.6,0.8,0,253582.86,256671.875,280814.71875,287905.75,304112.75,8,6.736035493669471,HI,287905.75,15665.78125,303571.53125,253582.859375,47440.875
test_id_test_id_000986_01,test_id_000986,1,source_like,0,1,test_id_000986_t0_c1,big,big_0,1,1.4,0.98,0,67607.81,69297.78125,83167.46875,87065.921875,96650.3125,8,6.736035493669471,HI,87065.921875,15665.78125,102731.703125,67607.8125,27352.53125
test_id_test_id_000986_02,test_id_000986,1,source_like,0,2,test_id_000986_t0_c2,little,little_1,1,0.9,0.86,0,157242.66,165940.875,184103.578125,189589.625,202342.65625,8,6.736035493669471,HI,189589.625,15665.78125,205255.40625,157242.65625,36401.78125
test_id_test_id_000986_03,test_id_000986,1,source_like,0,3,test_id_000986_t0_c3,big,big_0,2,1.8,1.06,0,55482.723,58523.921875,71860.59375,75658.453125,84849.484375,8,6.736035493669471,HI,75658.453125,15665.78125,91324.234375,55482.72265625,26325.5625
test_id_test_id_000986_04,test_id_000986,1,source_like,0,4,test_id_000986_t0_c4,little,little_1,2,1.2,0.93,0,131290.8,129336.390625,145075.546875,149545.625,160469.15625,8,6.736035493669471,HI,149545.625,15665.78125,165211.40625,131290.796875,31132.765625
test_id_test_id_000986_05,test_id_000986,1,source_like,0,5,test_id_000986_t0_c5,big,big_0,3,2.2,1.15,0,48008.29,47672.859375,60541.25,64306.296875,73228.921875,8,6.736035493669471,HI,64306.296875,15665.78125,79972.078125,48008.2890625,25556.0625
test_id_test_id_000986_06,test_id_000986,1,source_like,0,6,test_id_000986_t0_c6,little,little_0,3,1.5,1.0,0,102207.84,98750.828125,113628.671875,117711.25,127970.84375,8,6.736035493669471,HI,117711.25,15665.78125,133377.03125,102207.84375,29220.015625
test_id_test_id_000986_07,test_id_000986,5,sink_like,1,0,test_id_000986_t1_c0,big,big_1,1,1.4,0.98,4,81471.07,101265.03125,116336.09375,120526.125,131004.0625,8,6.736035493669471,HI,120526.125,15665.78125,136191.90625,81471.0703125,29739.03125
test_id_test_id_000986_08,test_id_000986,5,sink_like,1,1,test_id_000986_t1_c1,little,little_1,1,0.9,0.86,4,153674.61,155986.84375,173485.84375,178702.28125,190976.8125,8,6.736035493669471,HI,178702.28125,15665.78125,194368.0625,153674.609375,34989.96875
test_id_test_id_000986_09,test_id_000986,5,sink_like,1,2,test_id_000986_t1_c2,big,big_0,2,1.8,1.06,4,60036.56,65342.671875,78966.09375,82824.484375,92272.890625,8,6.736035493669471,HI,82824.484375,15665.78125,98490.265625,60036.55859375,26930.21875
test_id_test_id_000986_10,test_id_000986,5,sink_like,1,3,test_id_000986_t1_c3,little,little_1,2,1.2,0.93,4,130783.5,133899.015625,149960.375,154569.34375,165745.546875,8,6.736035493669471,HI,154569.34375,15665.78125,170235.125,130783.5,31846.53125
test_id_test_id_000986_11,test_id_000986,5,sink_like,1,4,test_id_000986_t1_c4,big,big_1,3,2.2,1.15,4,43832.582,51725.890625,64726.546875,68489.265625,77495.4375,8,6.736035493669471,HI,68489.265625,15665.78125,84155.046875,43832.58203125,25769.546875
test_id_test_id_000986_12,test_id_000986,5,sink_like,1,5,test_id_000986_t1_c5,little,little_1,3,1.5,1.0,4,101522.78,105660.984375,120680.78125,124830.328125,135224.625,8,6.736035493669471,HI,124830.328125,15665.78125,140496.109375,101522.78125,29563.640625
test_id_test_id_000986_13,test_id_000986,5,sink_like,1,6,test_id_000986_t1_c6,big,big_0,0,1.0,0.9,4,102281.27,110623.5625,126067.0,130444.4375,141280.1875,8,6.736035493669471,HI,130444.4375,15665.78125,146110.21875,102281.2734375,30656.625
test_id_test_id_000986_14,test_id_000986,189,middle,2,0,test_id_000986_t2_c0,little,little_1,1,0.9,0.86,188,288441.56,309138.5,335645.78125,343187.1875,360036.5,8,6.736035493669471,HI,343187.1875,15665.78125,358852.96875,288441.5625,50898.0
test_id_test_id_000986_15,test_id_000986,189,middle,2,1,test_id_000986_t2_c1,big,big_0,2,1.8,1.06,188,109079.84,112341.765625,127381.421875,131534.234375,141916.5,8,6.736035493669471,HI,131534.234375,15665.78125,147200.015625,109079.84375,29574.734375
test_id_test_id_000986_16,test_id_000986,189,middle,2,2,test_id_000986_t2_c2,little,little_0,2,1.2,0.93,188,236768.23,246809.90625,269088.0625,275610.65625,290343.46875,8,6.736035493669471,HI,275610.65625,15665.78125,291276.4375,236768.234375,43533.5625
test_id_test_id_000986_17,test_id_000986,189,middle,2,3,test_id_000986_t2_c3,big,big_0,3,2.2,1.15,188,105008.23,106053.359375,120957.40625,125039.3125,135304.140625,8,6.736035493669471,HI,125039.3125,15665.78125,140705.09375,105008.2265625,29250.78125
test_id_test_id_000986_18,test_id_000986,189,middle,2,4,test_id_000986_t2_c4,little,little_1,3,1.5,1.0,188,174334.08,176975.4375,195142.703125,200521.765625,213029.09375,8,6.736035493669471,HI,200521.765625,15665.78125,216187.546875,174334.078125,36053.65625
test_id_test_id_000986_19,test_id_000986,189,middle,2,5,test_id_000986_t2_c5,big,big_0,0,1.0,0.9,188,179006.23,181526.234375,200074.484375,205636.75,218477.53125,8,6.736035493669471,HI,205636.75,15665.78125,221302.53125,179006.234375,36951.296875
test_id_test_id_000986_20,test_id_000986,189,middle,2,6,test_id_000986_t2_c6,little,little_0,0,0.6,0.8,188,396781.75,400856.25,433191.0625,442093.6875,461338.125,8,6.736035493669471,HI,442093.6875,15665.78125,457759.46875,396781.75,60481.875
test_id_test_id_000986_21,test_id_000986,15,high_degree,3,0,test_id_000986_t3_c0,big,big_0,2,1.8,1.06,14,109686.67,119073.6875,134376.515625,138632.28125,149194.109375,8,6.736035493669471,HI,138632.28125,15665.78125,154298.0625,109686.671875,30120.421875
test_id_test_id_000986_22,test_id_000986,15,high_degree,3,1,test_id_000986_t3_c1,little,little_0,2,1.2,0.93,14,212682.94,211208.234375,231452.9375,237511.171875,251291.234375,8,6.736035493669471,HI,237511.171875,15665.78125,253176.953125,212682.9375,40083.0
test_id_test_id_000986_23,test_id_000986,15,high_degree,3,2,test_id_000986_t3_c2,big,big_1,3,2.2,1.15,14,110522.8,115477.4375,130718.03125,134920.3125,145404.40625,8,6.736035493669471,HI,134920.3125,15665.78125,150586.09375,110522.796875,29926.96875
test_id_test_id_000986_24,test_id_000986,15,high_degree,3,3,test_id_000986_t3_c3,little,little_1,3,1.5,1.0,14,182985.0,188803.125,207672.390625,213289.96875,226238.390625,8,6.736035493669471,HI,213289.96875,15665.78125,228955.75,182985.0,37435.265625
test_id_test_id_000986_25,test_id_000986,15,high_degree,3,4,test_id_000986_t3_c4,big,big_0,0,1.0,0.9,14,185054.61,195705.59375,215086.4375,220911.1875,234248.1875,8,6.736035493669471,HI,220911.1875,15665.78125,236576.96875,185054.609375,38542.59375
test_id_test_id_000986_26,test_id_000986,15,high_degree,3,5,test_id_000986_t3_c5,little,little_1,0,0.6,0.8,14,368625.38,368638.46875,398439.90625,406533.25,424575.59375,8,6.736035493669471,HI,406533.25,15665.78125,422199.03125,368625.375,55937.125
test_id_test_id_000986_27,test_id_000986,15,high_degree,3,6,test_id_000986_t3_c6,big,big_1,1,1.4,0.98,14,139701.48,145448.625,161945.296875,166700.09375,178105.8125,8,6.736035493669471,HI,166700.09375,15665.78125,182365.875,139701.484375,32657.1875
test_id_test_id_000986_28,test_id_000986,370,communication_heavy,4,0,test_id_000986_t4_c0,little,little_1,2,1.2,0.93,369,400393.12,410237.4375,445135.84375,455029.09375,476011.875,8,6.736035493669471,HI,455029.09375,15665.78125,470694.875,400393.125,65774.4375
test_id_test_id_000986_29,test_id_000986,370,communication_heavy,4,1,test_id_000986_t4_c1,big,big_1,3,2.2,1.15,369,185591.34,206716.5625,226760.921875,232771.90625,246470.0625,8,6.736035493669471,HI,232771.90625,15665.78125,248437.6875,185591.34375,39753.5
test_id_test_id_000986_30,test_id_000986,370,communication_heavy,4,2,test_id_000986_t4_c2,little,little_0,3,1.5,1.0,369,357399.44,402261.375,436714.4375,446497.625,467340.125,8,6.736035493669471,HI,446497.625,15665.78125,462163.40625,357399.4375,65078.75
test_id_test_id_000986_31,test_id_000986,370,communication_heavy,4,3,test_id_000986_t4_c3,big,big_1,0,1.0,0.9,369,306188.66,338022.71875,366761.28125,374886.125,392874.4375,8,6.736035493669471,HI,374886.125,15665.78125,390551.90625,306188.65625,54851.71875
test_id_test_id_000986_32,test_id_000986,370,communication_heavy,4,4,test_id_000986_t4_c4,little,little_0,0,0.6,0.8,369,680894.8,708154.875,765930.6875,783504.25,812985.8125,8,6.736035493669471,HI,783504.25,15665.78125,799170.03125,680894.8125,104830.9375
test_id_test_id_000986_33,test_id_000986,370,communication_heavy,4,5,test_id_000986_t4_c5,big,big_1,1,1.4,0.98,369,294999.34,315599.75,342683.78125,350398.0625,367572.25,8,6.736035493669471,HI,350398.0625,15665.78125,366063.84375,294999.34375,51972.5
test_id_test_id_000986_34,test_id_000986,370,communication_heavy,4,6,test_id_000986_t4_c6,little,little_1,1,0.9,0.86,369,547587.8,567871.625,615695.625,629780.75,655862.125,8,6.736035493669471,HI,629780.75,15665.78125,645446.53125,547587.8125,87990.5
test_id_test_id_000986_35,test_id_000986,256,random,5,0,test_id_000986_t5_c0,big,big_0,3,2.2,1.15,255,55388.88,55985.859375,69162.28125,72943.09375,82068.03125,8,6.736035493669471,HI,72943.09375,15665.78125,88608.875,55388.87890625,26082.171875
test_id_test_id_000986_36,test_id_000986,256,random,5,1,test_id_000986_t5_c1,little,little_0,3,1.5,1.0,255,120515.375,116527.65625,131866.796875,136138.59375,146748.765625,8,6.736035493669471,HI,136138.59375,15665.78125,151804.375,120515.375,30221.109375
test_id_test_id_000986_37,test_id_000986,256,random,5,2,test_id_000986_t5_c2,big,big_0,0,1.0,0.9,255,116359.07,118590.046875,134301.140625,138791.0,149823.453125,8,6.736035493669471,HI,138791.0,15665.78125,154456.78125,116359.0703125,31233.40625
test_id_test_id_000986_38,test_id_000986,256,random,5,3,test_id_000986_t5_c3,little,little_1,0,0.6,0.8,255,204351.6,226695.421875,249364.03125,256291.6875,272036.09375,8,6.736035493669471,HI,256291.6875,15665.78125,271957.46875,204351.59375,45340.671875
test_id_test_id_000986_39,test_id_000986,256,random,5,4,test_id_000986_t5_c4,big,big_1,1,1.4,0.98,255,100178.94,102936.78125,118045.875,122255.53125,132774.59375,8,6.736035493669471,HI,122255.53125,15665.78125,137921.3125,100178.9375,29837.8125
test_id_test_id_000986_40,test_id_000986,256,random,5,5,test_id_000986_t5_c5,little,little_1,1,0.9,0.86,255,168457.31,169398.109375,187596.53125,193072.59375,205808.8125,8,6.736035493669471,HI,193072.59375,15665.78125,208738.375,168457.3125,36410.703125
test_id_test_id_000986_41,test_id_000986,256,random,5,6,test_id_000986_t5_c6,big,big_1,2,1.8,1.06,255,56626.78,61535.015625,74972.8125,78789.75,88089.296875,8,6.736035493669471,HI,78789.75,15665.78125,94455.53125,56626.78125,26554.28125
test_id_test_id_000988_00,test_id_000988,2,source_like,0,0,test_id_000988_t0_c0,little,little_1,0,0.6,0.8,1,179172.38,171205.78125,190331.046875,196193.84375,209738.78125,8,6.736035493669471,LO,196193.84375,0.0,196193.84375,179172.375,38533.0
test_id_test_id_000988_01,test_id_000988,2,source_like,0,1,test_id_000988_t0_c1,big,big_1,1,1.4,0.98,1,53035.87,51217.671875,64331.9375,68172.109375,77309.09375,8,6.736035493669471,LO,68172.109375,0.0,68172.109375,53035.87109375,26091.421875
test_id_test_id_000988_02,test_id_000988,2,source_like,0,2,test_id_000988_t0_c2,little,little_0,1,0.9,0.86,1,119385.02,118980.359375,134717.4375,139239.421875,150317.09375,8,6.736035493669471,LO,139239.421875,0.0,139239.421875,119385.0234375,31336.734375
test_id_test_id_000988_03,test_id_000988,2,source_like,0,3,test_id_000988_t0_c3,big,big_0,2,1.8,1.06,1,35768.28,39405.71875,52011.796875,55791.328125,64574.890625,8,6.736035493669471,LO,55791.328125,0.0,55791.328125,35768.28125,25169.171875
test_id_test_id_000988_04,test_id_000988,2,source_like,0,4,test_id_000988_t0_c4,little,little_0,2,1.2,0.93,1,89835.91,90291.0625,105056.015625,109158.390625,119416.0625,8,6.736035493669471,LO,109158.390625,0.0,109158.390625,89835.90625,29125.0
test_id_test_id_000988_05,test_id_000988,2,source_like,0,5,test_id_000988_t0_c5,big,big_1,3,2.2,1.15,1,37358.812,37075.515625,49665.140625,53496.359375,62343.734375,8,6.736035493669471,LO,53496.359375,0.0,53496.359375,37358.8125,25268.21875
test_id_test_id_000988_06,test_id_000988,2,source_like,0,6,test_id_000988_t0_c6,little,little_0,3,1.5,1.0,1,76206.95,74919.484375,89137.265625,93099.75,102898.015625,8,6.736035493669471,LO,93099.75,0.0,93099.75,76206.953125,27978.53125
test_id_test_id_000988_07,test_id_000988,33,sink_like,1,0,test_id_000988_t1_c0,big,big_1,1,1.4,0.98,32,218693.55,225572.421875,246616.78125,252863.984375,267020.375,8,6.736035493669471,LO,252863.984375,0.0,252863.984375,218693.546875,41447.953125
test_id_test_id_000988_08,test_id_000988,33,sink_like,1,1,test_id_000988_t1_c1,little,little_1,1,0.9,0.86,32,365266.72,368273.8125,399388.5625,408155.4375,427279.125,8,6.736035493669471,LO,408155.4375,0.0,408155.4375,365266.71875,59005.3125
test_id_test_id_000988_09,test_id_000988,33,sink_like,1,2,test_id_000988_t1_c2,big,big_1,2,1.8,1.06,32,203069.7,208311.96875,228366.71875,234364.21875,248023.171875,8,6.736035493669471,LO,234364.21875,0.0,234364.21875,203069.703125,39711.203125
test_id_test_id_000988_10,test_id_000988,33,sink_like,1,3,test_id_000988_t1_c3,little,little_1,2,1.2,0.93,32,275206.22,274802.6875,298931.1875,305915.84375,321597.40625,8,6.736035493669471,LO,305915.84375,0.0,305915.84375,275206.21875,46794.71875
test_id_test_id_000988_11,test_id_000988,33,sink_like,1,4,test_id_000988_t1_c4,big,big_1,3,2.2,1.15,32,114781.79,120977.25,136254.796875,140518.484375,151074.0,8,6.736035493669471,LO,140518.484375,0.0,140518.484375,114781.7890625,30096.75
test_id_test_id_000988_12,test_id_000988,33,sink_like,1,5,test_id_000988_t1_c5,little,little_1,3,1.5,1.0,32,230716.3,234218.40625,255752.328125,262113.90625,276503.0,8,6.736035493669471,LO,262113.90625,0.0,262113.90625,230716.296875,42284.59375
test_id_test_id_000988_13,test_id_000988,33,sink_like,1,6,test_id_000988_t1_c6,big,big_1,0,1.0,0.9,32,268198.38,268184.5,291890.6875,298765.4375,314242.25,8,6.736035493669471,LO,298765.4375,0.0,298765.4375,268198.375,46057.75
test_id_test_id_000988_14,test_id_000988,14,middle,2,0,test_id_000988_t2_c0,little,little_0,1,0.9,0.86,13,208054.56,210861.1875,231290.171875,237436.0625,251420.765625,8,6.736035493669471,LO,237436.0625,0.0,237436.0625,208054.5625,40559.578125
test_id_test_id_000988_15,test_id_000988,14,middle,2,1,test_id_000988_t2_c1,big,big_0,2,1.8,1.06,13,91975.62,98642.453125,113411.59375,117455.796875,127641.78125,8,6.736035493669471,LO,117455.796875,0.0,117455.796875,91975.6171875,28999.328125
test_id_test_id_000988_16,test_id_000988,14,middle,2,2,test_id_000988_t2_c2,little,little_1,2,1.2,0.93,13,168463.12,179673.21875,198043.75,203519.390625,216202.0625,8,6.736035493669471,LO,203519.390625,0.0,203519.390625,168463.125,36528.84375
test_id_test_id_000988_17,test_id_000988,14,middle,2,3,test_id_000988_t2_c3,big,big_0,3,2.2,1.15,13,60015.9,66913.328125,80526.421875,84336.953125,93723.484375,8,6.736035493669471,LO,84336.953125,0.0,84336.953125,60015.8984375,26810.15625
test_id_test_id_000988_18,test_id_000988,14,middle,2,4,test_id_000988_t2_c4,little,little_0,3,1.5,1.0,13,132903.95,138803.90625,154958.21875,159570.921875,170733.15625,8,6.736035493669471,LO,159570.921875,0.0,159570.921875,132903.953125,31929.25
test_id_test_id_000988_19,test_id_000988,14,middle,2,5,test_id_000988_t2_c5,big,big_0,0,1.0,0.9,13,145716.53,156590.5,173919.390625,179067.296875,191196.9375,8,6.736035493669471,LO,179067.296875,0.0,179067.296875,145716.53125,34606.4375
test_id_test_id_000988_20,test_id_000988,14,middle,2,6,test_id_000988_t2_c6,little,little_0,0,0.6,0.8,13,302642.97,320518.125,347340.0,354645.1875,371463.5,8,6.736035493669471,LO,354645.1875,0.0,354645.1875,302642.96875,50945.375
test_id_test_id_000988_21,test_id_000988,45,communication_heavy,3,0,test_id_000988_t3_c0,big,big_0,2,1.8,1.06,44,335132.88,318898.59375,346224.125,353998.25,371297.375,8,6.736035493669471,LO,353998.25,0.0,353998.25,335132.875,52398.78125
test_id_test_id_000988_22,test_id_000988,45,communication_heavy,3,1,test_id_000988_t3_c1,little,little_0,2,1.2,0.93,44,562962.3,514505.96875,558579.6875,571458.25,596429.125,8,6.736035493669471,LO,571458.25,0.0,571458.25,562962.3125,81923.15625
test_id_test_id_000988_23,test_id_000988,45,communication_heavy,3,2,test_id_000988_t3_c2,big,big_1,3,2.2,1.15,44,288357.4,259927.953125,283147.40625,289943.5,305226.5,8,6.736035493669471,LO,289943.5,0.0,289943.5,288357.40625,45298.546875
test_id_test_id_000988_24,test_id_000988,45,communication_heavy,3,3,test_id_000988_t3_c3,little,little_0,3,1.5,1.0,44,355140.22,344346.46875,373705.34375,382016.0625,400327.75,8,6.736035493669471,LO,382016.0625,0.0,382016.0625,355140.21875,55981.28125
test_id_test_id_000988_25,test_id_000988,45,communication_heavy,3,4,test_id_000988_t3_c4,big,big_1,0,1.0,0.9,44,467242.44,450567.71875,488776.8125,499683.6875,522093.3125,8,6.736035493669471,LO,499683.6875,0.0,499683.6875,467242.4375,71525.59375
test_id_test_id_000988_26,test_id_000988,45,communication_heavy,3,5,test_id_000988_t3_c5,little,little_1,0,0.6,0.8,44,794863.2,754291.875,817410.6875,836583.125,869292.5625,8,6.736035493669471,LO,836583.125,0.0,836583.125,794863.1875,115000.6875
test_id_test_id_000988_27,test_id_000988,45,communication_heavy,3,6,test_id_000988_t3_c6,big,big_1,1,1.4,0.98,44,408998.84,377765.65625,409851.0625,418897.375,438534.375,8,6.736035493669471,LO,418897.375,0.0,418897.375,408998.84375,60768.71875
test_id_test_id_000988_28,test_id_000988,38,random,4,0,test_id_000988_t4_c0,little,little_0,2,1.2,0.93,37,219685.2,222212.53125,242976.09375,249125.71875,263094.75,8,6.736035493669471,LO,249125.71875,0.0,249125.71875,219685.203125,40882.21875
test_id_test_id_000988_29,test_id_000988,38,random,4,1,test_id_000988_t4_c1,big,big_1,3,2.2,1.15,37,126064.27,124932.546875,140521.28125,144855.359375,155560.375,8,6.736035493669471,LO,144855.359375,0.0,144855.359375,126064.2734375,30627.828125
test_id_test_id_000988_30,test_id_000988,38,random,4,2,test_id_000988_t4_c2,little,little_1,3,1.5,1.0,37,192413.64,193999.59375,213119.1875,218805.9375,231879.578125,8,6.736035493669471,LO,218805.9375,0.0,218805.9375,192413.640625,37879.984375
test_id_test_id_000988_31,test_id_000988,38,random,4,3,test_id_000988_t4_c3,big,big_1,0,1.0,0.9,37,211249.6,196386.03125,215757.34375,221566.875,234872.03125,8,6.736035493669471,LO,221566.875,0.0,221566.875,211249.59375,38486.0
test_id_test_id_000988_32,test_id_000988,38,random,4,4,test_id_000988_t4_c4,little,little_1,0,0.6,0.8,37,385975.12,409173.375,442171.9375,451290.875,470841.4375,8,6.736035493669471,LO,451290.875,0.0,451290.875,385975.125,61668.0625
test_id_test_id_000988_33,test_id_000988,38,random,4,5,test_id_000988_t4_c5,big,big_0,1,1.4,0.98,37,149110.52,149682.125,166380.65625,171216.375,182757.84375,8,6.736035493669471,LO,171216.375,0.0,171216.375,149110.515625,33075.71875
test_id_test_id_000988_34,test_id_000988,38,random,4,6,test_id_000988_t4_c6,little,little_1,1,0.9,0.86,37,246652.25,248791.4375,271216.96875,277771.9375,292597.5625,8,6.736035493669471,LO,277771.9375,0.0,277771.9375,246652.25,43806.125
test_id_test_id_000988_35,test_id_000988,36,diverse_fill_1,5,0,test_id_000988_t5_c0,big,big_1,3,2.2,1.15,35,163952.3,162279.875,179728.859375,184848.75,196899.4375,8,6.736035493669471,LO,184848.75,0.0,184848.75,163952.296875,34619.5625
test_id_test_id_000988_36,test_id_000988,36,diverse_fill_1,5,1,test_id_000988_t5_c1,little,little_1,3,1.5,1.0,35,232148.47,242090.078125,264089.59375,270557.96875,285169.5,8,6.736035493669471,LO,270557.96875,0.0,270557.96875,232148.46875,43079.421875
test_id_test_id_000988_37,test_id_000988,36,diverse_fill_1,5,2,test_id_000988_t5_c2,big,big_1,0,1.0,0.9,35,278067.97,290781.875,316028.65625,323268.625,339511.25,8,6.736035493669471,LO,323268.625,0.0,323268.625,278067.96875,48729.375
test_id_test_id_000988_38,test_id_000988,36,diverse_fill_1,5,3,test_id_000988_t5_c3,little,little_0,0,0.6,0.8,35,553732.1,553210.5,597176.75,609878.9375,633425.375,8,6.736035493669471,LO,609878.9375,0.0,609878.9375,553732.125,80214.875
test_id_test_id_000988_39,test_id_000988,36,diverse_fill_1,5,4,test_id_000988_t5_c4,big,big_0,1,1.4,0.98,35,193083.47,195895.015625,215206.375,220969.0625,234191.296875,8,6.736035493669471,LO,220969.0625,0.0,220969.0625,193083.46875,38296.28125
test_id_test_id_000988_40,test_id_000988,36,diverse_fill_1,5,5,test_id_000988_t5_c5,little,little_1,1,0.9,0.86,35,398689.34,438640.125,475855.5,486457.15625,508455.53125,8,6.736035493669471,LO,486457.15625,0.0,486457.15625,398689.34375,69815.40625
test_id_test_id_000988_41,test_id_000988,36,diverse_fill_1,5,6,test_id_000988_t5_c6,big,big_1,2,1.8,1.06,35,159587.11,167856.34375,185566.0,190786.90625,203010.75,8,6.736035493669471,LO,190786.90625,0.0,190786.90625,159587.109375,35154.40625
test_id_test_id_000989_00,test_id_000989,1,source_like,0,0,test_id_000989_t0_c0,big,big_1,1,1.4,0.98,0,58476.516,52204.578125,65329.125,69151.046875,78272.3125,8,6.736035493669471,HI,69151.046875,15665.78125,84816.828125,58476.515625,26067.734375
test_id_test_id_000989_01,test_id_000989,1,source_like,0,1,test_id_000989_t0_c1,little,little_1,1,0.9,0.86,0,137057.98,126813.59375,142878.4375,147533.40625,158836.125,8,6.736035493669471,HI,147533.40625,15665.78125,163199.1875,137057.984375,32022.53125
test_id_test_id_000989_02,test_id_000989,1,source_like,0,2,test_id_000989_t0_c2,big,big_0,2,1.8,1.06,0,49091.824,45431.0,58270.796875,62080.375,71048.453125,8,6.736035493669471,HI,62080.375,15665.78125,77746.15625,49091.82421875,25617.453125
test_id_test_id_000989_03,test_id_000989,1,source_like,0,3,test_id_000989_t0_c3,little,little_0,2,1.2,0.93,0,103656.83,95260.28125,110149.0,114282.859375,124633.15625,8,6.736035493669471,HI,114282.859375,15665.78125,129948.640625,103656.828125,29372.875
test_id_test_id_000989_04,test_id_000989,1,source_like,0,4,test_id_000989_t0_c4,big,big_0,3,2.2,1.15,0,43146.016,39274.65625,51875.8125,55673.109375,64500.359375,8,6.736035493669471,HI,55673.109375,15665.78125,71338.890625,43146.015625,25225.703125
test_id_test_id_000989_05,test_id_000989,1,source_like,0,5,test_id_000989_t0_c5,little,little_0,3,1.5,1.0,0,80686.69,75460.3125,89649.609375,93601.515625,103388.875,8,6.736035493669471,HI,93601.515625,15665.78125,109267.296875,80686.6875,27928.5625
test_id_test_id_000989_06,test_id_000989,1,source_like,0,6,test_id_000989_t0_c6,big,big_1,0,1.0,0.9,0,77108.9,73202.921875,87423.25,91431.734375,101296.78125,8,6.736035493669471,HI,91431.734375,15665.78125,107097.515625,77108.8984375,28093.859375
test_id_test_id_000989_07,test_id_000989,15,sink_like,1,0,test_id_000989_t1_c0,little,little_0,1,0.9,0.86,14,202327.67,198056.40625,217781.46875,223731.875,237339.0625,8,6.736035493669471,HI,223731.875,15665.78125,239397.65625,202327.671875,39282.65625
test_id_test_id_000989_08,test_id_000989,15,sink_like,1,1,test_id_000989_t1_c1,big,big_1,2,1.8,1.06,14,67628.03,72763.8125,86673.046875,90543.546875,100137.0,8,6.736035493669471,HI,90543.546875,15665.78125,106209.328125,67628.03125,27373.1875
test_id_test_id_000989_09,test_id_000989,15,sink_like,1,2,test_id_000989_t1_c2,little,little_1,2,1.2,0.93,14,150855.69,146964.8125,163601.4375,168452.59375,180022.328125,8,6.736035493669471,HI,168452.59375,15665.78125,184118.375,150855.6875,33057.515625
test_id_test_id_000989_10,test_id_000989,15,sink_like,1,3,test_id_000989_t1_c3,big,big_1,3,2.2,1.15,14,63373.367,71272.296875,85159.8125,89027.171875,98590.1875,8,6.736035493669471,HI,89027.171875,15665.78125,104692.953125,63373.3671875,27317.890625
test_id_test_id_000989_11,test_id_000989,15,sink_like,1,4,test_id_000989_t1_c4,little,little_1,3,1.5,1.0,14,109730.625,110729.515625,125843.859375,130026.328125,140470.484375,8,6.736035493669471,HI,130026.328125,15665.78125,145692.109375,109730.625,29740.96875
test_id_test_id_000989_12,test_id_000989,15,sink_like,1,5,test_id_000989_t1_c5,big,big_0,0,1.0,0.9,14,126950.05,132236.703125,148342.40625,152984.96875,164246.59375,8,6.736035493669471,HI,152984.96875,15665.78125,168650.75,126950.046875,32009.890625
test_id_test_id_000989_13,test_id_000989,15,sink_like,1,6,test_id_000989_t1_c6,little,little_1,0,0.6,0.8,14,318416.03,296188.625,321989.03125,329219.65625,345838.8125,8,6.736035493669471,HI,329219.65625,15665.78125,344885.4375,318416.03125,49650.1875
test_id_test_id_000989_14,test_id_000989,128,middle,2,0,test_id_000989_t2_c0,big,big_0,2,1.8,1.06,127,50771.117,53540.03125,66762.109375,70647.03125,79933.015625,8,6.736035493669471,HI,70647.03125,15665.78125,86312.8125,50771.1171875,26392.984375
test_id_test_id_000989_15,test_id_000989,128,middle,2,1,test_id_000989_t2_c1,little,little_0,2,1.2,0.93,127,93014.19,98202.046875,113108.71875,117269.890625,127674.84375,8,6.736035493669471,HI,117269.890625,15665.78125,132935.671875,93014.1875,29472.796875
test_id_test_id_000989_16,test_id_000989,128,middle,2,2,test_id_000989_t2_c2,big,big_1,3,2.2,1.15,127,38290.715,40119.5625,52749.71875,56543.421875,65383.953125,8,6.736035493669471,HI,56543.421875,15665.78125,72209.203125,38290.71484375,25264.390625
test_id_test_id_000989_17,test_id_000989,128,middle,2,3,test_id_000989_t2_c3,little,little_0,3,1.5,1.0,127,62416.98,67570.0,81344.453125,85238.453125,94795.296875,8,6.736035493669471,HI,85238.453125,15665.78125,100904.234375,62416.98046875,27225.296875
test_id_test_id_000989_18,test_id_000989,128,middle,2,4,test_id_000989_t2_c4,big,big_0,0,1.0,0.9,127,80602.66,80035.109375,94514.140625,98623.234375,108787.0625,8,6.736035493669471,HI,98623.234375,15665.78125,114289.015625,80602.65625,28751.953125
test_id_test_id_000989_19,test_id_000989,128,middle,2,5,test_id_000989_t2_c5,little,little_1,0,0.6,0.8,127,157436.89,155192.78125,173115.90625,178517.296875,191171.125,8,6.736035493669471,HI,178517.296875,15665.78125,194183.078125,157436.890625,35978.34375
test_id_test_id_000989_20,test_id_000989,128,middle,2,6,test_id_000989_t2_c6,big,big_1,1,1.4,0.98,127,54562.76,58915.96875,72360.84375,76247.0,85631.265625,8,6.736035493669471,HI,76247.0,15665.78125,91912.78125,54562.76171875,26715.296875
test_id_test_id_000989_21,test_id_000989,81,high_degree,3,0,test_id_000989_t3_c0,little,little_0,2,1.2,0.93,80,160689.47,157350.125,174488.09375,179519.328125,191405.125,8,6.736035493669471,HI,179519.328125,15665.78125,195185.109375,160689.46875,34055.0
test_id_test_id_000989_22,test_id_000989,81,high_degree,3,1,test_id_000989_t3_c1,big,big_0,3,2.2,1.15,80,62845.363,67503.484375,81132.453125,84943.390625,94340.984375,8,6.736035493669471,HI,84943.390625,15665.78125,100609.171875,62845.36328125,26837.5
test_id_test_id_000989_23,test_id_000989,81,high_degree,3,2,test_id_000989_t3_c2,little,little_0,3,1.5,1.0,80,150695.5,152596.984375,169412.40625,174283.265625,185887.71875,8,6.736035493669471,HI,174283.265625,15665.78125,189949.046875,150695.5,33290.734375
test_id_test_id_000989_24,test_id_000989,81,high_degree,3,3,test_id_000989_t3_c3,big,big_1,0,1.0,0.9,80,148054.47,142581.96875,159163.625,164000.1875,175586.46875,8,6.736035493669471,HI,164000.1875,15665.78125,179665.96875,148054.46875,33004.5
test_id_test_id_000989_25,test_id_000989,81,high_degree,3,4,test_id_000989_t3_c4,little,little_1,0,0.6,0.8,80,323036.22,321612.0,348879.5,356435.0625,373632.375,8,6.736035493669471,HI,356435.0625,15665.78125,372100.84375,323036.21875,52020.375
test_id_test_id_000989_26,test_id_000989,81,high_degree,3,5,test_id_000989_t3_c5,big,big_1,1,1.4,0.98,80,112018.09,114108.921875,129364.578125,133599.453125,144147.1875,8,6.736035493669471,HI,133599.453125,15665.78125,149265.234375,112018.09375,30038.265625
test_id_test_id_000989_27,test_id_000989,81,high_degree,3,6,test_id_000989_t3_c6,little,little_0,1,0.9,0.86,80,250887.38,234349.265625,255862.125,262170.0,276505.78125,8,6.736035493669471,HI,262170.0,15665.78125,277835.78125,250887.375,42156.515625
test_id_test_id_000989_28,test_id_000989,237,communication_heavy,4,0,test_id_000989_t4_c0,big,big_1,3,2.2,1.15,236,132376.3,120277.515625,135619.9375,139873.96875,150433.8125,8,6.736035493669471,HI,139873.96875,15665.78125,155539.75,132376.296875,30156.296875
test_id_test_id_000989_29,test_id_000989,237,communication_heavy,4,1,test_id_000989_t4_c1,little,little_1,3,1.5,1.0,236,188755.31,172369.4375,190191.65625,195435.8125,207694.625,8,6.736035493669471,HI,195435.8125,15665.78125,211101.59375,188755.3125,35325.1875
test_id_test_id_000989_30,test_id_000989,237,communication_heavy,4,2,test_id_000989_t4_c2,big,big_0,0,1.0,0.9,236,267626.2,242893.296875,264878.1875,271304.1875,285857.1875,8,6.736035493669471,HI,271304.1875,15665.78125,286969.96875,267626.1875,42963.890625
test_id_test_id_000989_31,test_id_000989,237,communication_heavy,4,3,test_id_000989_t4_c3,little,little_1,0,0.6,0.8,236,363856.25,357416.1875,387018.4375,395201.3125,413410.84375,8,6.736035493669471,HI,395201.3125,15665.78125,410867.09375,363856.25,55994.65625
test_id_test_id_000989_32,test_id_000989,237,communication_heavy,4,4,test_id_000989_t4_c4,big,big_1,1,1.4,0.98,236,179031.19,166996.53125,184604.65625,189795.5,201956.59375,8,6.736035493669471,HI,189795.5,15665.78125,205461.28125,179031.1875,34960.0625
test_id_test_id_000989_33,test_id_000989,237,communication_heavy,4,5,test_id_000989_t4_c5,little,little_0,1,0.9,0.86,236,345404.75,317510.25,344687.78125,352405.15625,369603.1875,8,6.736035493669471,HI,352405.15625,15665.78125,368070.9375,345404.75,52092.9375
test_id_test_id_000989_34,test_id_000989,237,communication_heavy,4,6,test_id_000989_t4_c6,big,big_1,2,1.8,1.06,236,138120.25,138420.859375,154525.171875,159106.0625,170209.21875,8,6.736035493669471,HI,159106.0625,15665.78125,174771.84375,138120.25,31788.359375
test_id_test_id_000989_35,test_id_000989,251,random,5,0,test_id_000989_t5_c0,little,little_1,3,1.5,1.0,250,68005.31,79696.703125,93983.421875,97976.5,107903.25,8,6.736035493669471,HI,97976.5,15665.78125,113642.28125,68005.3125,28206.546875
test_id_test_id_000989_36,test_id_000989,251,random,5,1,test_id_000989_t5_c1,big,big_1,0,1.0,0.9,250,83286.17,92810.671875,107831.015625,112149.21875,122833.171875,8,6.736035493669471,HI,112149.21875,15665.78125,127815.0,83286.171875,30022.5
test_id_test_id_000989_37,test_id_000989,251,random,5,2,test_id_000989_t5_c2,little,little_1,0,0.6,0.8,250,128106.83,146615.015625,163867.125,169008.640625,181167.65625,8,6.736035493669471,HI,169008.640625,15665.78125,184674.421875,128106.828125,34552.640625
test_id_test_id_000989_38,test_id_000989,251,random,5,3,test_id_000989_t5_c3,big,big_1,1,1.4,0.98,250,55449.85,58108.25,71543.84375,75456.3125,84879.65625,8,6.736035493669471,HI,75456.3125,15665.78125,91122.09375,55449.8515625,26771.40625
test_id_test_id_000989_39,test_id_000989,251,random,5,4,test_id_000989_t5_c4,little,little_1,1,0.9,0.86,250,101116.79,115683.546875,131153.265625,135572.28125,146440.59375,8,6.736035493669471,HI,135572.28125,15665.78125,151238.0625,101116.7890625,30757.046875
test_id_test_id_000989_40,test_id_000989,251,random,5,5,test_id_000989_t5_c5,big,big_1,2,1.8,1.06,250,54067.82,52373.65625,65614.78125,69554.390625,78928.90625,8,6.736035493669471,HI,69554.390625,15665.78125,85220.171875,54067.8203125,26555.25
test_id_test_id_000989_41,test_id_000989,251,random,5,6,test_id_000989_t5_c6,little,little_0,2,1.2,0.93,250,84862.88,96660.578125,111483.65625,115629.125,125988.359375,8,6.736035493669471,HI,115629.125,15665.78125,131294.90625,84862.8828125,29327.78125
test_id_test_id_000996_00,test_id_000996,1,source_like,0,0,test_id_000996_t0_c0,big,big_1,0,1.0,0.9,0,139054.31,129977.90625,145891.40625,150467.59375,161576.46875,8,6.736035493669471,LO,150467.59375,0.0,150467.59375,139054.3125,31598.5625
test_id_test_id_000996_01,test_id_000996,1,source_like,0,1,test_id_000996_t0_c1,little,little_1,0,0.6,0.8,0,328468.9,322661.53125,349644.875,356984.71875,373815.15625,8,6.736035493669471,LO,356984.71875,0.0,356984.71875,328468.90625,51153.625
test_id_test_id_000996_02,test_id_000996,1,source_like,0,2,test_id_000996_t0_c2,big,big_1,1,1.4,0.98,0,87169.24,88226.765625,102724.5625,106742.9375,116806.796875,8,6.736035493669471,LO,106742.9375,0.0,106742.9375,87169.2421875,28580.03125
test_id_test_id_000996_03,test_id_000996,1,source_like,0,3,test_id_000996_t0_c3,little,little_1,1,0.9,0.86,0,224323.52,204163.71875,224186.03125,230238.765625,244002.421875,8,6.736035493669471,LO,230238.765625,0.0,230238.765625,224323.515625,39838.703125
test_id_test_id_000996_04,test_id_000996,1,source_like,0,4,test_id_000996_t0_c4,big,big_0,2,1.8,1.06,0,73639.49,71949.34375,85862.125,89739.078125,99334.734375,8,6.736035493669471,LO,89739.078125,0.0,89739.078125,73639.4921875,27385.390625
test_id_test_id_000996_05,test_id_000996,1,source_like,0,5,test_id_000996_t0_c5,little,little_1,2,1.2,0.93,0,163940.72,159539.3125,176802.921875,181918.078125,193922.328125,8,6.736035493669471,LO,181918.078125,0.0,181918.078125,163940.71875,34383.015625
test_id_test_id_000996_06,test_id_000996,1,source_like,0,6,test_id_000996_t0_c6,big,big_0,3,2.2,1.15,0,58248.03,55547.5625,68735.4375,72516.5,81630.765625,8,6.736035493669471,LO,72516.5,0.0,72516.5,58248.03125,26083.203125
test_id_test_id_000996_07,test_id_000996,64,sink_like,1,0,test_id_000996_t1_c0,little,little_0,0,0.6,0.8,63,1132040.9,1014063.3125,1113346.0,1137917.25,1206307.75,8,6.736035493669471,LO,1137917.25,0.0,1137917.25,1132040.875,192244.4375
test_id_test_id_000996_08,test_id_000996,64,sink_like,1,1,test_id_000996_t1_c1,big,big_0,1,1.4,0.98,63,471931.22,414227.4375,449377.40625,459317.65625,480380.375,8,6.736035493669471,LO,459317.65625,0.0,459317.65625,471931.21875,66152.9375
test_id_test_id_000996_09,test_id_000996,64,sink_like,1,2,test_id_000996_t1_c2,little,little_0,1,0.9,0.86,63,690198.3,601459.125,651998.6875,667063.25,694125.125,8,6.736035493669471,LO,667063.25,0.0,667063.25,690198.3125,92666.0
test_id_test_id_000996_10,test_id_000996,64,sink_like,1,3,test_id_000996_t1_c3,big,big_0,2,1.8,1.06,63,464691.22,407342.125,442083.875,451925.6875,472858.03125,8,6.736035493669471,LO,451925.6875,0.0,451925.6875,464691.21875,65515.90625
test_id_test_id_000996_11,test_id_000996,64,sink_like,1,4,test_id_000996_t1_c4,little,little_1,2,1.2,0.93,63,753301.9,653558.5625,711627.375,729363.625,760798.0625,8,6.736035493669471,LO,729363.625,0.0,729363.625,753301.875,107239.5
test_id_test_id_000996_12,test_id_000996,64,sink_like,1,5,test_id_000996_t1_c5,big,big_0,3,2.2,1.15,63,313708.8,282292.0,306966.9375,314100.75,330086.75,8,6.736035493669471,LO,314100.75,0.0,314100.75,313708.8125,47794.75
test_id_test_id_000996_13,test_id_000996,64,sink_like,1,6,test_id_000996_t1_c6,little,little_0,3,1.5,1.0,63,540318.94,476560.96875,517464.375,529282.0,553003.5,8,6.736035493669471,LO,529282.0,0.0,529282.0,540318.9375,76442.53125
test_id_test_id_000996_14,test_id_000996,33,middle,2,0,test_id_000996_t2_c0,big,big_1,1,1.4,0.98,32,201512.19,192088.765625,211159.984375,216853.65625,229936.640625,8,6.736035493669471,LO,216853.65625,0.0,216853.65625,201512.1875,37847.875
test_id_test_id_000996_15,test_id_000996,33,middle,2,1,test_id_000996_t2_c1,little,little_1,1,0.9,0.86,32,323805.25,300134.40625,325987.78125,333365.4375,349892.90625,8,6.736035493669471,LO,333365.4375,0.0,333365.4375,323805.25,49758.5
test_id_test_id_000996_16,test_id_000996,33,middle,2,2,test_id_000996_t2_c2,big,big_0,2,1.8,1.06,32,173720.06,161891.5,179250.515625,184333.6875,196311.125,8,6.736035493669471,LO,184333.6875,0.0,184333.6875,173720.0625,34419.625
test_id_test_id_000996_17,test_id_000996,33,middle,2,3,test_id_000996_t2_c3,little,little_1,2,1.2,0.93,32,283453.34,262321.875,285589.34375,292346.0,307569.0,8,6.736035493669471,LO,292346.0,0.0,292346.0,283453.34375,45247.125
test_id_test_id_000996_18,test_id_000996,33,middle,2,4,test_id_000996_t2_c4,big,big_1,3,2.2,1.15,32,111177.414,106047.125,120848.21875,124921.3125,135156.625,8,6.736035493669471,LO,124921.3125,0.0,124921.3125,111177.4140625,29109.5
test_id_test_id_000996_19,test_id_000996,33,middle,2,5,test_id_000996_t2_c5,little,little_1,3,1.5,1.0,32,204891.58,184637.5625,203185.453125,208678.25,221396.46875,8,6.736035493669471,LO,208678.25,0.0,208678.25,204891.578125,36758.90625
test_id_test_id_000996_20,test_id_000996,33,middle,2,6,test_id_000996_t2_c6,big,big_1,0,1.0,0.9,32,188289.36,184591.140625,203253.25,208833.015625,221704.328125,8,6.736035493669471,LO,208833.015625,0.0,208833.015625,188289.359375,37113.1875
test_id_test_id_000996_21,test_id_000996,7,random,3,0,test_id_000996_t3_c0,little,little_0,1,0.9,0.86,6,166909.89,170765.25,189271.40625,194896.984375,207924.65625,8,6.736035493669471,LO,194896.984375,0.0,194896.984375,166909.890625,37159.40625
test_id_test_id_000996_22,test_id_000996,7,random,3,1,test_id_000996_t3_c1,big,big_1,2,1.8,1.06,6,59221.727,64433.171875,78006.46875,81845.953125,91238.890625,8,6.736035493669471,LO,81845.953125,0.0,81845.953125,59221.7265625,26805.71875
test_id_test_id_000996_23,test_id_000996,7,random,3,2,test_id_000996_t3_c2,little,little_1,2,1.2,0.93,6,126221.805,134212.75,150299.53125,154916.875,166108.0,8,6.736035493669471,LO,154916.875,0.0,154916.875,126221.8046875,31895.25
test_id_test_id_000996_24,test_id_000996,7,random,3,3,test_id_000996_t3_c3,big,big_0,3,2.2,1.15,6,52270.574,58406.546875,71704.40625,75505.140625,84712.921875,8,6.736035493669471,LO,75505.140625,0.0,75505.140625,52270.57421875,26306.375
test_id_test_id_000996_25,test_id_000996,7,random,3,4,test_id_000996_t3_c4,little,little_1,3,1.5,1.0,6,112046.41,115559.140625,130860.921875,135102.265625,145662.484375,8,6.736035493669471,LO,135102.265625,0.0,135102.265625,112046.40625,30103.34375
test_id_test_id_000996_26,test_id_000996,7,random,3,5,test_id_000996_t3_c5,big,big_0,0,1.0,0.9,6,109496.59,108739.953125,124136.265625,128486.875,139280.109375,8,6.736035493669471,LO,128486.875,0.0,128486.875,109496.59375,30540.15625
test_id_test_id_000996_27,test_id_000996,7,random,3,6,test_id_000996_t3_c6,little,little_0,0,0.6,0.8,6,264079.2,279822.75,305034.90625,312242.09375,328811.3125,8,6.736035493669471,LO,312242.09375,0.0,312242.09375,264079.1875,48988.5625
test_id_test_id_000996_28,test_id_000996,27,diverse_fill_1,4,0,test_id_000996_t4_c0,big,big_1,2,1.8,1.06,26,113210.96,124411.609375,139859.28125,144174.03125,154824.875,8,6.736035493669471,LO,144174.03125,0.0,144174.03125,113210.9609375,30413.265625
test_id_test_id_000996_29,test_id_000996,27,diverse_fill_1,4,1,test_id_000996_t4_c1,little,little_0,2,1.2,0.93,26,233957.27,242642.046875,264601.3125,271023.9375,285559.21875,8,6.736035493669471,LO,271023.9375,0.0,271023.9375,233957.265625,42917.171875
test_id_test_id_000996_30,test_id_000996,27,diverse_fill_1,4,2,test_id_000996_t4_c2,big,big_0,3,2.2,1.15,26,93880.26,101981.5625,116692.90625,120722.0625,130877.171875,8,6.736035493669471,LO,120722.0625,0.0,120722.0625,93880.2578125,28895.609375
test_id_test_id_000996_31,test_id_000996,27,diverse_fill_1,4,3,test_id_000996_t4_c3,little,little_1,3,1.5,1.0,26,155556.52,170898.625,188606.734375,193805.59375,205980.703125,8,6.736035493669471,LO,193805.59375,0.0,193805.59375,155556.515625,35082.078125
test_id_test_id_000996_32,test_id_000996,27,diverse_fill_1,4,4,test_id_000996_t4_c4,big,big_0,0,1.0,0.9,26,235651.44,226017.921875,246990.3125,253174.75,267230.53125,8,6.736035493669471,LO,253174.75,0.0,253174.75,235651.4375,41212.609375
test_id_test_id_000996_33,test_id_000996,27,diverse_fill_1,4,5,test_id_000996_t4_c5,little,little_0,0,0.6,0.8,26,395290.38,396918.46875,429684.65625,438840.8125,458576.5625,8,6.736035493669471,LO,438840.8125,0.0,438840.8125,395290.375,61658.09375
test_id_test_id_000996_34,test_id_000996,27,diverse_fill_1,4,6,test_id_000996_t4_c6,big,big_1,1,1.4,0.98,26,155053.73,164939.53125,182413.65625,187554.890625,199624.515625,8,6.736035493669471,LO,187554.890625,0.0,187554.890625,155053.734375,34684.984375
test_id_test_id_000996_35,test_id_000996,51,diverse_fill_2,5,0,test_id_000996_t5_c0,little,little_0,2,1.2,0.93,50,253057.88,235228.578125,256754.1875,263080.5625,277415.3125,8,6.736035493669471,LO,263080.5625,0.0,263080.5625,253057.875,42186.734375
test_id_test_id_000996_36,test_id_000996,51,diverse_fill_2,5,1,test_id_000996_t5_c1,big,big_1,3,2.2,1.15,50,123411.47,118960.703125,134262.0,138495.171875,149023.125,8,6.736035493669471,LO,138495.171875,0.0,138495.171875,123411.46875,30062.421875
test_id_test_id_000996_37,test_id_000996,51,diverse_fill_2,5,2,test_id_000996_t5_c2,little,little_0,3,1.5,1.0,50,221290.66,209714.671875,229723.328125,235663.65625,249220.390625,8,6.736035493669471,LO,235663.65625,0.0,235663.65625,221290.65625,39505.71875
test_id_test_id_000996_38,test_id_000996,51,diverse_fill_2,5,3,test_id_000996_t5_c3,big,big_0,0,1.0,0.9,50,195830.0,190685.1875,209727.4375,215434.34375,228545.53125,8,6.736035493669471,LO,215434.34375,0.0,215434.34375,195830.0,37860.34375
test_id_test_id_000996_39,test_id_000996,51,diverse_fill_2,5,4,test_id_000996_t5_c4,little,little_0,0,0.6,0.8,50,426171.25,398659.3125,430860.625,439725.40625,458906.6875,8,6.736035493669471,LO,439725.40625,0.0,439725.40625,426171.25,60247.375
test_id_test_id_000996_40,test_id_000996,51,diverse_fill_2,5,5,test_id_000996_t5_c5,big,big_1,1,1.4,0.98,50,188102.42,185109.90625,203767.6875,209328.5625,222161.1875,8,6.736035493669471,LO,209328.5625,0.0,209328.5625,188102.421875,37051.28125
test_id_test_id_000996_41,test_id_000996,51,diverse_fill_2,5,6,test_id_000996_t5_c6,little,little_0,1,0.9,0.86,50,279000.84,269960.1875,293697.875,300549.4375,315998.125,8,6.736035493669471,LO,300549.4375,0.0,300549.4375,279000.84375,46037.9375
