sample_id,graph_id,target_node,target_role,target_index,context_index,context_id,core_type,core_id,dvfs_level,frequency_ghz,voltage_v,local_target_node_index,y_exec_us_raw,Q50_pred_us,Q90_pred_us,Q95_pred_us,Q99_pred_us,scenario_active_core_count,active_core_count_zscore,criticality,Qhat_base_us,q_conf_us,C_e_us,y_exec_us_original_context_NOT_GROUND_TRUTH_for_this_scenario,uncertainty_spread_us
test_id_test_id_000008_00,test_id_000008,7,source_like,0,0,test_id_000008_t0_c0,big,big_1,1,1.4,0.98,6,70442.24,66334.71875,80099.125,83994.171875,93523.171875,4,1.8334926572250265,HI,83994.171875,15665.78125,99659.953125,70442.2421875,27188.453125
test_id_test_id_000008_01,test_id_000008,7,source_like,0,1,test_id_000008_t0_c1,little,little_0,1,0.9,0.86,6,159207.81,158568.546875,176187.875,181443.96875,193797.5625,4,1.8334926572250265,HI,181443.96875,15665.78125,197109.75,159207.8125,35229.015625
test_id_test_id_000008_02,test_id_000008,7,source_like,0,2,test_id_000008_t0_c2,big,big_0,2,1.8,1.06,6,54589.582,50813.34375,63828.65625,67618.953125,76653.1875,4,1.8334926572250265,HI,67618.953125,15665.78125,83284.734375,54589.58203125,25839.84375
test_id_test_id_000008_03,test_id_000008,7,source_like,0,3,test_id_000008_t0_c3,little,little_1,2,1.2,0.93,6,113274.22,109503.203125,124750.0625,129003.203125,139593.828125,4,1.8334926572250265,HI,129003.203125,15665.78125,144668.984375,113274.21875,30090.625
test_id_test_id_000008_04,test_id_000008,7,source_like,0,4,test_id_000008_t0_c4,big,big_1,3,2.2,1.15,6,42978.164,42174.875,54816.359375,58564.109375,67344.828125,4,1.8334926572250265,HI,58564.109375,15665.78125,74229.890625,42978.1640625,25169.953125
test_id_test_id_000008_05,test_id_000008,7,source_like,0,5,test_id_000008_t0_c5,little,little_1,3,1.5,1.0,6,101568.36,93021.71875,107794.5625,111837.859375,122003.125,4,1.8334926572250265,HI,111837.859375,15665.78125,127503.640625,101568.359375,28981.40625
test_id_test_id_000008_06,test_id_000008,7,source_like,0,6,test_id_000008_t0_c6,big,big_1,0,1.0,0.9,6,86958.97,86314.84375,101049.984375,105150.765625,115370.796875,4,1.8334926572250265,HI,105150.765625,15665.78125,120816.546875,86958.96875,29055.953125
test_id_test_id_000008_07,test_id_000008,65,sink_like,1,0,test_id_000008_t1_c0,little,little_1,1,0.9,0.86,64,480436.7,475253.84375,515597.9375,527199.6875,550522.25,4,1.8334926572250265,HI,527199.6875,15665.78125,542865.46875,480436.6875,75268.40625
test_id_test_id_000008_08,test_id_000008,65,sink_like,1,1,test_id_000008_t1_c1,big,big_0,2,1.8,1.06,64,184915.81,182406.75,200898.25,206387.78125,219097.0625,4,1.8334926572250265,HI,206387.78125,15665.78125,222053.5625,184915.8125,36690.3125
test_id_test_id_000008_09,test_id_000008,65,sink_like,1,2,test_id_000008_t1_c2,little,little_1,2,1.2,0.93,64,285244.62,283791.0625,308518.21875,315635.125,331603.15625,4,1.8334926572250265,HI,315635.125,15665.78125,331300.90625,285244.625,47812.09375
test_id_test_id_000008_10,test_id_000008,65,sink_like,1,3,test_id_000008_t1_c3,big,big_0,3,2.2,1.15,64,137987.05,148682.5,165255.359375,170031.875,181461.75,4,1.8334926572250265,HI,170031.875,15665.78125,185697.65625,137987.046875,32779.25
test_id_test_id_000008_11,test_id_000008,65,sink_like,1,4,test_id_000008_t1_c4,little,little_1,3,1.5,1.0,64,308756.97,331597.09375,359999.75,368067.71875,385911.46875,4,1.8334926572250265,HI,368067.71875,15665.78125,383733.5,308756.96875,54314.375
test_id_test_id_000008_12,test_id_000008,65,sink_like,1,5,test_id_000008_t1_c5,big,big_1,0,1.0,0.9,64,302246.25,312126.0625,338932.4375,346559.5,363590.25,4,1.8334926572250265,HI,346559.5,15665.78125,362225.28125,302246.25,51464.1875
test_id_test_id_000008_13,test_id_000008,65,sink_like,1,6,test_id_000008_t1_c6,little,little_0,0,0.6,0.8,64,591964.4,605512.75,653919.625,668245.125,693399.625,4,1.8334926572250265,HI,668245.125,15665.78125,683910.90625,591964.375,87886.875
test_id_test_id_000008_14,test_id_000008,66,middle,2,0,test_id_000008_t2_c0,big,big_1,2,1.8,1.06,65,223297.97,227421.234375,248641.4375,254954.171875,269243.28125,4,1.8334926572250265,HI,254954.171875,15665.78125,270619.953125,223297.96875,41822.046875
test_id_test_id_000008_15,test_id_000008,66,middle,2,1,test_id_000008_t2_c1,little,little_0,2,1.2,0.93,65,430506.66,426757.46875,463242.3125,473645.4375,495413.65625,4,1.8334926572250265,HI,473645.4375,15665.78125,489311.21875,430506.65625,68656.1875
test_id_test_id_000008_16,test_id_000008,66,middle,2,2,test_id_000008_t2_c2,big,big_1,3,2.2,1.15,65,171414.8,182369.59375,200950.421875,206484.71875,219287.5,4,1.8334926572250265,HI,206484.71875,15665.78125,222150.5,171414.796875,36917.90625
test_id_test_id_000008_17,test_id_000008,66,middle,2,3,test_id_000008_t2_c3,little,little_0,3,1.5,1.0,65,265097.97,265043.21875,288544.5625,295390.25,310780.15625,4,1.8334926572250265,HI,295390.25,15665.78125,311056.03125,265097.96875,45736.9375
test_id_test_id_000008_18,test_id_000008,66,middle,2,4,test_id_000008_t2_c4,big,big_1,0,1.0,0.9,65,354123.5,351915.375,381839.6875,390292.09375,408882.75,4,1.8334926572250265,HI,390292.09375,15665.78125,405957.875,354123.5,56967.375
test_id_test_id_000008_19,test_id_000008,66,middle,2,5,test_id_000008_t2_c5,little,little_1,0,0.6,0.8,65,592268.2,592000.5,638960.25,652734.25,677316.8125,4,1.8334926572250265,HI,652734.25,15665.78125,668400.03125,592268.1875,85316.3125
test_id_test_id_000008_20,test_id_000008,66,middle,2,6,test_id_000008_t2_c6,big,big_1,1,1.4,0.98,65,282639.0,277909.1875,302286.71875,309340.03125,325161.5625,4,1.8334926572250265,HI,309340.03125,15665.78125,325005.8125,282639.0,47252.375
test_id_test_id_000008_21,test_id_000008,23,high_degree,3,0,test_id_000008_t3_c0,little,little_0,2,1.2,0.93,22,209186.8,213181.796875,233407.984375,239407.90625,253089.40625,4,1.8334926572250265,HI,239407.90625,15665.78125,255073.6875,209186.796875,39907.609375
test_id_test_id_000008_22,test_id_000008,23,high_degree,3,1,test_id_000008_t3_c1,big,big_1,3,2.2,1.15,22,119814.84,118016.09375,133219.953125,137433.75,147916.28125,4,1.8334926572250265,HI,137433.75,15665.78125,153099.53125,119814.84375,29900.1875
test_id_test_id_000008_23,test_id_000008,23,high_degree,3,2,test_id_000008_t3_c2,little,little_0,3,1.5,1.0,22,219821.97,216651.171875,237047.984375,243084.125,256833.78125,4,1.8334926572250265,HI,243084.125,15665.78125,258749.90625,219821.96875,40182.609375
test_id_test_id_000008_24,test_id_000008,23,high_degree,3,3,test_id_000008_t3_c3,big,big_1,0,1.0,0.9,22,282324.5,287378.59375,312352.375,319509.53125,335581.09375,4,1.8334926572250265,HI,319509.53125,15665.78125,335175.3125,282324.5,48202.5
test_id_test_id_000008_25,test_id_000008,23,high_degree,3,4,test_id_000008_t3_c4,little,little_1,0,0.6,0.8,22,466692.97,471179.625,508773.125,519329.6875,540663.875,4,1.8334926572250265,HI,519329.6875,15665.78125,534995.46875,466692.96875,69484.25
test_id_test_id_000008_26,test_id_000008,23,high_degree,3,5,test_id_000008_t3_c5,big,big_1,1,1.4,0.98,22,161772.53,158280.078125,175337.96875,180307.1875,192072.96875,4,1.8334926572250265,HI,180307.1875,15665.78125,195972.96875,161772.53125,33792.890625
test_id_test_id_000008_27,test_id_000008,23,high_degree,3,6,test_id_000008_t3_c6,little,little_1,1,0.9,0.86,22,362704.0,345029.4375,374367.65625,382661.375,400946.21875,4,1.8334926572250265,HI,382661.375,15665.78125,398327.15625,362704.0,55916.78125
test_id_test_id_000008_28,test_id_000008,79,communication_heavy,4,0,test_id_000008_t4_c0,big,big_1,3,2.2,1.15,78,245524.11,253003.625,275753.40625,282426.5,297458.0625,4,1.8334926572250265,HI,282426.5,15665.78125,298092.28125,245524.109375,44454.4375
test_id_test_id_000008_29,test_id_000008,79,communication_heavy,4,1,test_id_000008_t4_c1,little,little_1,3,1.5,1.0,78,469560.47,450588.03125,489192.4375,500256.9375,522976.25,4,1.8334926572250265,HI,500256.9375,15665.78125,515922.71875,469560.46875,72388.21875
test_id_test_id_000008_30,test_id_000008,79,communication_heavy,4,2,test_id_000008_t4_c2,big,big_1,0,1.0,0.9,78,498484.72,493973.5,535810.625,547904.875,571777.6875,4,1.8334926572250265,HI,547904.875,15665.78125,563570.65625,498484.71875,77804.1875
test_id_test_id_000008_31,test_id_000008,79,communication_heavy,4,3,test_id_000008_t4_c3,little,little_0,0,0.6,0.8,78,836958.8,772225.75,836847.75,856307.625,889945.6875,4,1.8334926572250265,HI,856307.625,15665.78125,871973.40625,836958.8125,117719.9375
test_id_test_id_000008_32,test_id_000008,79,communication_heavy,4,4,test_id_000008_t4_c4,big,big_0,1,1.4,0.98,78,500006.78,467954.4375,507961.78125,519474.25,542751.5,4,1.8334926572250265,HI,519474.25,15665.78125,535140.03125,500006.78125,74797.0625
test_id_test_id_000008_33,test_id_000008,79,communication_heavy,4,5,test_id_000008_t4_c5,little,little_1,1,0.9,0.86,78,751929.5,698357.875,759102.75,777534.8125,809645.1875,4,1.8334926572250265,HI,777534.8125,15665.78125,793200.59375,751929.5,111287.3125
test_id_test_id_000008_34,test_id_000008,79,communication_heavy,4,6,test_id_000008_t4_c6,big,big_1,2,1.8,1.06,78,375351.1,342732.84375,371933.21875,380192.71875,398429.9375,4,1.8334926572250265,HI,380192.71875,15665.78125,395858.5,375351.09375,55697.09375
test_id_test_id_000008_35,test_id_000008,17,random,5,0,test_id_000008_t5_c0,little,little_0,3,1.5,1.0,16,103270.19,104969.125,119897.234375,124000.359375,134304.15625,4,1.8334926572250265,HI,124000.359375,15665.78125,139666.140625,103270.1875,29335.03125
test_id_test_id_000008_36,test_id_000008,17,random,5,1,test_id_000008_t5_c1,big,big_0,0,1.0,0.9,16,123728.664,136897.546875,153223.859375,157948.90625,169355.328125,4,1.8334926572250265,HI,157948.90625,15665.78125,173614.6875,123728.6640625,32457.78125
test_id_test_id_000008_37,test_id_000008,17,random,5,2,test_id_000008_t5_c2,little,little_0,0,0.6,0.8,16,274085.12,273872.96875,298813.9375,306037.875,322552.6875,4,1.8334926572250265,HI,306037.875,15665.78125,321703.65625,274085.125,48679.71875
test_id_test_id_000008_38,test_id_000008,17,random,5,3,test_id_000008_t5_c3,big,big_0,1,1.4,0.98,16,106979.34,113641.1875,128974.28125,133213.015625,143786.125,4,1.8334926572250265,HI,133213.015625,15665.78125,148878.796875,106979.34375,30144.9375
test_id_test_id_000008_39,test_id_000008,17,random,5,4,test_id_000008_t5_c4,little,little_1,1,0.9,0.86,16,177246.38,187836.6875,206910.875,212640.0,225830.78125,4,1.8334926572250265,HI,212640.0,15665.78125,228305.78125,177246.375,37994.09375
test_id_test_id_000008_40,test_id_000008,17,random,5,5,test_id_000008_t5_c5,big,big_1,2,1.8,1.06,16,82254.74,80485.984375,94719.40625,98637.75,108433.640625,4,1.8334926572250265,HI,98637.75,15665.78125,114303.53125,82254.7421875,27947.65625
test_id_test_id_000008_41,test_id_000008,17,random,5,6,test_id_000008_t5_c6,little,little_0,2,1.2,0.93,16,135978.0,135865.8125,151951.78125,156552.25,167702.1875,4,1.8334926572250265,HI,156552.25,15665.78125,172218.03125,135978.0,31836.375
test_id_test_id_000028_00,test_id_000028,2,source_like,0,0,test_id_000028_t0_c0,big,big_1,2,1.8,1.06,1,27038.959,31284.171875,43699.453125,47516.125,56211.53125,4,1.8334926572250265,LO,47516.125,0.0,47516.125,27038.958984375,24927.359375
test_id_test_id_000028_01,test_id_000028,2,source_like,0,1,test_id_000028_t0_c1,little,little_1,2,1.2,0.93,1,67333.8,69722.09375,83798.375,87773.109375,97512.0625,4,1.8334926572250265,LO,87773.109375,0.0,87773.109375,67333.796875,27789.96875
test_id_test_id_000028_02,test_id_000028,2,source_like,0,2,test_id_000028_t0_c2,big,big_0,3,2.2,1.15,1,23742.514,28584.5,40988.828125,44843.1875,53558.609375,4,1.8334926572250265,LO,44843.1875,0.0,44843.1875,23742.513671875,24974.109375
test_id_test_id_000028_03,test_id_000028,2,source_like,0,3,test_id_000028_t0_c3,little,little_1,3,1.5,1.0,1,50391.758,53316.734375,66507.609375,70335.390625,79486.078125,4,1.8334926572250265,LO,70335.390625,0.0,70335.390625,50391.7578125,26169.34375
test_id_test_id_000028_04,test_id_000028,2,source_like,0,4,test_id_000028_t0_c4,big,big_0,0,1.0,0.9,1,53916.734,54945.515625,68332.578125,72243.28125,81589.578125,4,1.8334926572250265,LO,72243.28125,0.0,72243.28125,53916.734375,26644.0625
test_id_test_id_000028_05,test_id_000028,2,source_like,0,5,test_id_000028_t0_c5,little,little_1,0,0.6,0.8,1,131024.27,133908.984375,150888.0625,155971.09375,168121.15625,4,1.8334926572250265,LO,155971.09375,0.0,155971.09375,131024.2734375,34212.171875
test_id_test_id_000028_06,test_id_000028,2,source_like,0,6,test_id_000028_t0_c6,big,big_0,1,1.4,0.98,1,40917.723,42825.28125,55693.6875,59581.5,68649.40625,4,1.8334926572250265,LO,59581.5,0.0,59581.5,40917.72265625,25824.125
test_id_test_id_000028_07,test_id_000028,59,sink_like,1,0,test_id_000028_t1_c0,little,little_1,2,1.2,0.93,58,350510.44,354724.28125,384906.125,393436.3125,412156.4375,4,1.8334926572250265,LO,393436.3125,0.0,393436.3125,350510.4375,57432.15625
test_id_test_id_000028_08,test_id_000028,59,sink_like,1,1,test_id_000028_t1_c1,big,big_1,3,2.2,1.15,58,222945.66,232735.140625,254305.40625,260711.125,275200.25,4,1.8334926572250265,LO,260711.125,0.0,260711.125,222945.65625,42465.109375
test_id_test_id_000028_09,test_id_000028,59,sink_like,1,2,test_id_000028_t1_c2,little,little_0,3,1.5,1.0,58,368660.47,379093.40625,411427.375,420575.4375,440375.46875,4,1.8334926572250265,LO,420575.4375,0.0,420575.4375,368660.46875,61282.0625
test_id_test_id_000028_10,test_id_000028,59,sink_like,1,3,test_id_000028_t1_c3,big,big_1,0,1.0,0.9,58,416803.62,397746.03125,431557.09375,441120.0,461603.375,4,1.8334926572250265,LO,441120.0,0.0,441120.0,416803.625,63857.34375
test_id_test_id_000028_11,test_id_000028,59,sink_like,1,4,test_id_000028_t1_c4,little,little_0,0,0.6,0.8,58,838226.25,850877.9375,926010.5625,947317.25,988867.375,4,1.8334926572250265,LO,947317.25,0.0,947317.25,838226.25,137989.4375
test_id_test_id_000028_12,test_id_000028,59,sink_like,1,5,test_id_000028_t1_c5,big,big_0,1,1.4,0.98,58,256777.38,271651.03125,295572.1875,302498.28125,318076.875,4,1.8334926572250265,LO,302498.28125,0.0,302498.28125,256777.375,46425.84375
test_id_test_id_000028_13,test_id_000028,59,sink_like,1,6,test_id_000028_t1_c6,little,little_1,1,0.9,0.86,58,529181.4,535354.125,580511.375,593708.625,618792.625,4,1.8334926572250265,LO,593708.625,0.0,593708.625,529181.375,83438.5
test_id_test_id_000028_14,test_id_000028,33,middle,2,0,test_id_000028_t2_c0,big,big_0,3,2.2,1.15,32,118596.56,122548.734375,137938.1875,142225.65625,152832.359375,4,1.8334926572250265,LO,142225.65625,0.0,142225.65625,118596.5625,30283.625
test_id_test_id_000028_15,test_id_000028,33,middle,2,1,test_id_000028_t2_c1,little,little_1,3,1.5,1.0,32,252601.58,246307.46875,268541.6875,275060.84375,289768.84375,4,1.8334926572250265,LO,275060.84375,0.0,275060.84375,252601.578125,43461.375
test_id_test_id_000028_16,test_id_000028,33,middle,2,2,test_id_000028_t2_c2,big,big_0,0,1.0,0.9,32,239575.17,242303.78125,264342.125,270813.1875,285450.625,4,1.8334926572250265,LO,270813.1875,0.0,270813.1875,239575.171875,43146.84375
test_id_test_id_000028_17,test_id_000028,33,middle,2,3,test_id_000028_t2_c3,little,little_1,0,0.6,0.8,32,528200.44,524739.375,566193.875,578015.125,600588.625,4,1.8334926572250265,LO,578015.125,0.0,578015.125,528200.4375,75849.25
test_id_test_id_000028_18,test_id_000028,33,middle,2,4,test_id_000028_t2_c4,big,big_0,1,1.4,0.98,32,195658.6,205091.34375,224868.875,230754.46875,244206.0,4,1.8334926572250265,LO,230754.46875,0.0,230754.46875,195658.59375,39114.65625
test_id_test_id_000028_19,test_id_000028,33,middle,2,5,test_id_000028_t2_c5,little,little_1,1,0.9,0.86,32,348932.62,339661.5625,368465.03125,376601.84375,394593.3125,4,1.8334926572250265,LO,376601.84375,0.0,376601.84375,348932.625,54931.75
test_id_test_id_000028_20,test_id_000028,33,middle,2,6,test_id_000028_t2_c6,big,big_0,2,1.8,1.06,32,134338.89,134001.140625,149843.703125,154327.34375,165256.75,4,1.8334926572250265,LO,154327.34375,0.0,154327.34375,134338.890625,31255.609375
test_id_test_id_000028_21,test_id_000028,5,high_degree,3,0,test_id_000028_t3_c0,little,little_1,3,1.5,1.0,4,202953.7,220802.265625,241382.21875,247446.859375,261256.921875,4,1.8334926572250265,LO,247446.859375,0.0,247446.859375,202953.703125,40454.65625
test_id_test_id_000028_22,test_id_000028,5,high_degree,3,1,test_id_000028_t3_c1,big,big_0,0,1.0,0.9,4,239920.45,239116.03125,260872.90625,267240.4375,281678.59375,4,1.8334926572250265,LO,267240.4375,0.0,267240.4375,239920.453125,42562.5625
test_id_test_id_000028_23,test_id_000028,5,high_degree,3,2,test_id_000028_t3_c2,little,little_1,0,0.6,0.8,4,332741.12,374561.75,405477.5,414056.96875,432900.375,4,1.8334926572250265,LO,414056.96875,0.0,414056.96875,332741.125,58338.625
test_id_test_id_000028_24,test_id_000028,5,high_degree,3,3,test_id_000028_t3_c3,big,big_1,1,1.4,0.98,4,168963.83,168231.96875,185841.40625,191017.078125,203150.015625,4,1.8334926572250265,LO,191017.078125,0.0,191017.078125,168963.828125,34918.046875
test_id_test_id_000028_25,test_id_000028,5,high_degree,3,4,test_id_000028_t3_c4,little,little_1,1,0.9,0.86,4,231543.4,255553.796875,278381.71875,285013.1875,300016.96875,4,1.8334926572250265,LO,285013.1875,0.0,285013.1875,231543.40625,44463.171875
test_id_test_id_000028_26,test_id_000028,5,high_degree,3,5,test_id_000028_t3_c5,big,big_1,2,1.8,1.06,4,161761.61,163612.875,181010.65625,186102.375,198090.5,4,1.8334926572250265,LO,186102.375,0.0,186102.375,161761.609375,34477.625
test_id_test_id_000028_27,test_id_000028,5,high_degree,3,6,test_id_000028_t3_c6,little,little_0,2,1.2,0.93,4,231348.98,240005.828125,261799.65625,268177.65625,282629.84375,4,1.8334926572250265,LO,268177.65625,0.0,268177.65625,231348.984375,42624.015625
test_id_test_id_000028_28,test_id_000028,51,communication_heavy,4,0,test_id_000028_t4_c0,big,big_0,0,1.0,0.9,50,559509.44,561429.625,608899.6875,622928.625,648928.3125,4,1.8334926572250265,LO,622928.625,0.0,622928.625,559509.4375,87498.6875
test_id_test_id_000028_29,test_id_000028,51,communication_heavy,4,1,test_id_000028_t4_c1,little,little_1,0,0.6,0.8,50,960533.06,979571.0,1073186.625,1096673.5,1157551.375,4,1.8334926572250265,LO,1096673.5,0.0,1096673.5,960533.0625,177980.375
test_id_test_id_000028_30,test_id_000028,51,communication_heavy,4,2,test_id_000028_t4_c2,big,big_0,1,1.4,0.98,50,353634.0,378269.71875,410371.40625,419417.25,439051.65625,4,1.8334926572250265,LO,419417.25,0.0,419417.25,353634.0,60781.9375
test_id_test_id_000028_31,test_id_000028,51,communication_heavy,4,3,test_id_000028_t4_c3,little,little_0,1,0.9,0.86,50,669014.3,669996.375,727353.625,744719.125,774952.625,4,1.8334926572250265,LO,744719.125,0.0,744719.125,669014.3125,104956.25
test_id_test_id_000028_32,test_id_000028,51,communication_heavy,4,4,test_id_000028_t4_c4,big,big_1,2,1.8,1.06,50,386634.34,382554.8125,415142.8125,424350.375,444264.3125,4,1.8334926572250265,LO,424350.375,0.0,424350.375,386634.34375,61709.5
test_id_test_id_000028_33,test_id_000028,51,communication_heavy,4,5,test_id_000028_t4_c5,little,little_0,2,1.2,0.93,50,505799.53,485479.5625,526881.75,538838.625,562667.4375,4,1.8334926572250265,LO,538838.625,0.0,538838.625,505799.53125,77187.875
test_id_test_id_000028_34,test_id_000028,51,communication_heavy,4,6,test_id_000028_t4_c6,big,big_0,3,2.2,1.15,50,297372.4,313130.46875,340040.4375,347716.5,364824.8125,4,1.8334926572250265,LO,347716.5,0.0,347716.5,297372.40625,51694.34375
test_id_test_id_000028_35,test_id_000028,4,random,5,0,test_id_000028_t5_c0,little,little_0,0,0.6,0.8,3,380343.8,368169.4375,398072.6875,406221.5625,424346.25,4,1.8334926572250265,LO,406221.5625,0.0,406221.5625,380343.8125,56176.8125
test_id_test_id_000028_36,test_id_000028,4,random,5,1,test_id_000028_t5_c1,big,big_0,1,1.4,0.98,3,125351.14,127611.15625,143307.28125,147708.890625,158528.375,4,1.8334926572250265,LO,147708.890625,0.0,147708.890625,125351.140625,30917.21875
test_id_test_id_000028_37,test_id_000028,4,random,5,2,test_id_000028_t5_c2,little,little_0,1,0.9,0.86,3,270288.12,257811.296875,280738.59375,287382.53125,302405.0625,4,1.8334926572250265,LO,287382.53125,0.0,287382.53125,270288.125,44593.765625
test_id_test_id_000028_38,test_id_000028,4,random,5,3,test_id_000028_t5_c3,big,big_1,2,1.8,1.06,3,112127.31,111754.8125,126906.8125,131055.875,141455.875,4,1.8334926572250265,LO,131055.875,0.0,131055.875,112127.3125,29701.0625
test_id_test_id_000028_39,test_id_000028,4,random,5,4,test_id_000028_t5_c4,little,little_0,2,1.2,0.93,3,182142.36,176004.578125,194156.21875,199567.125,212119.53125,4,1.8334926572250265,LO,199567.125,0.0,199567.125,182142.359375,36114.953125
test_id_test_id_000028_40,test_id_000028,4,random,5,5,test_id_000028_t5_c5,big,big_1,3,2.2,1.15,3,73315.336,70568.546875,84318.140625,88143.0,97622.640625,4,1.8334926572250265,LO,88143.0,0.0,88143.0,73315.3359375,27054.09375
test_id_test_id_000028_41,test_id_000028,4,random,5,6,test_id_000028_t5_c6,little,little_0,3,1.5,1.0,3,140200.61,135973.125,151961.28125,156504.3125,167539.234375,4,1.8334926572250265,LO,156504.3125,0.0,156504.3125,140200.609375,31566.109375
test_id_test_id_000099_00,test_id_000099,1,source_like,0,0,test_id_000099_t0_c0,little,little_0,0,0.6,0.8,0,133284.88,123268.171875,139451.21875,144187.84375,155668.375,4,1.8334926572250265,HI,144187.84375,15665.78125,159853.625,133284.875,32400.203125
test_id_test_id_000099_01,test_id_000099,1,source_like,0,1,test_id_000099_t0_c1,big,big_1,1,1.4,0.98,0,50333.73,43838.109375,56715.28125,60586.71875,69643.28125,4,1.8334926572250265,HI,60586.71875,15665.78125,76252.5,50333.73046875,25805.171875
test_id_test_id_000099_02,test_id_000099,1,source_like,0,2,test_id_000099_t0_c2,little,little_0,1,0.9,0.86,0,90471.35,86192.546875,100905.890625,105021.171875,115270.59375,4,1.8334926572250265,HI,105021.171875,15665.78125,120686.953125,90471.3515625,29078.046875
test_id_test_id_000099_03,test_id_000099,1,source_like,0,3,test_id_000099_t0_c3,big,big_0,2,1.8,1.06,0,39719.402,32116.546875,44628.53125,48509.953125,57359.890625,4,1.8334926572250265,HI,48509.953125,15665.78125,64175.734375,39719.40234375,25243.34375
test_id_test_id_000099_04,test_id_000099,1,source_like,0,4,test_id_000099_t0_c4,little,little_0,2,1.2,0.93,0,72783.18,67355.34375,81321.078125,85278.140625,94940.515625,4,1.8334926572250265,HI,85278.140625,15665.78125,100943.921875,72783.1796875,27585.171875
test_id_test_id_000099_05,test_id_000099,1,source_like,0,5,test_id_000099_t0_c5,big,big_0,3,2.2,1.15,0,26612.852,28190.15625,40563.609375,44405.140625,53090.015625,4,1.8334926572250265,HI,44405.140625,15665.78125,60070.921875,26612.8515625,24899.859375
test_id_test_id_000099_06,test_id_000099,1,source_like,0,6,test_id_000099_t0_c6,little,little_0,3,1.5,1.0,0,61860.625,54951.28125,68276.578125,72137.34375,81376.59375,4,1.8334926572250265,HI,72137.34375,15665.78125,87803.125,61860.625,26425.3125
test_id_test_id_000099_07,test_id_000099,7,sink_like,1,0,test_id_000099_t1_c0,big,big_1,1,1.4,0.98,6,183482.77,179707.015625,198034.546875,203466.15625,216072.859375,4,1.8334926572250265,HI,203466.15625,15665.78125,219131.9375,183482.765625,36365.84375
test_id_test_id_000099_08,test_id_000099,7,sink_like,1,1,test_id_000099_t1_c1,little,little_0,1,0.9,0.86,6,322420.88,329102.59375,357100.3125,365026.46875,382619.84375,4,1.8334926572250265,HI,365026.46875,15665.78125,380692.25,322420.875,53517.25
test_id_test_id_000099_09,test_id_000099,7,sink_like,1,2,test_id_000099_t1_c2,big,big_1,2,1.8,1.06,6,126874.97,123980.84375,139400.359375,143719.0,154372.5625,4,1.8334926572250265,HI,143719.0,15665.78125,159384.78125,126874.96875,30391.71875
test_id_test_id_000099_10,test_id_000099,7,sink_like,1,3,test_id_000099_t1_c3,little,little_0,2,1.2,0.93,6,239830.88,245078.125,267311.5625,273843.5625,288597.59375,4,1.8334926572250265,HI,273843.5625,15665.78125,289509.34375,239830.875,43519.46875
test_id_test_id_000099_11,test_id_000099,7,sink_like,1,4,test_id_000099_t1_c4,big,big_1,3,2.2,1.15,6,137230.58,141729.875,158054.5,162707.078125,173944.171875,4,1.8334926572250265,HI,162707.078125,15665.78125,178372.859375,137230.578125,32214.296875
test_id_test_id_000099_12,test_id_000099,7,sink_like,1,5,test_id_000099_t1_c5,little,little_0,3,1.5,1.0,6,221797.98,220670.703125,241367.171875,247501.46875,261444.4375,4,1.8334926572250265,HI,247501.46875,15665.78125,263167.25,221797.984375,40773.734375
test_id_test_id_000099_13,test_id_000099,7,sink_like,1,6,test_id_000099_t1_c6,big,big_1,0,1.0,0.9,6,218022.64,216715.078125,237301.65625,243444.640625,257409.96875,4,1.8334926572250265,HI,243444.640625,15665.78125,259110.421875,218022.640625,40694.890625
test_id_test_id_000099_14,test_id_000099,103,middle,2,0,test_id_000099_t2_c0,little,little_1,1,0.9,0.86,102,197923.11,200882.625,220611.5625,226513.5625,240031.859375,4,1.8334926572250265,HI,226513.5625,15665.78125,242179.34375,197923.109375,39149.234375
test_id_test_id_000099_15,test_id_000099,103,middle,2,1,test_id_000099_t2_c1,big,big_1,2,1.8,1.06,102,88012.87,92723.78125,107340.71875,111336.375,121401.609375,4,1.8334926572250265,HI,111336.375,15665.78125,127002.15625,88012.8671875,28677.828125
test_id_test_id_000099_16,test_id_000099,103,middle,2,2,test_id_000099_t2_c2,little,little_1,2,1.2,0.93,102,162176.4,164660.3125,182128.46875,187271.90625,199351.484375,4,1.8334926572250265,HI,187271.90625,15665.78125,202937.6875,162176.40625,34691.171875
test_id_test_id_000099_17,test_id_000099,103,middle,2,3,test_id_000099_t2_c3,big,big_0,3,2.2,1.15,102,80361.83,76396.15625,90432.859375,94309.703125,103971.40625,4,1.8334926572250265,HI,94309.703125,15665.78125,109975.484375,80361.828125,27575.25
test_id_test_id_000099_18,test_id_000099,103,middle,2,4,test_id_000099_t2_c4,little,little_1,3,1.5,1.0,102,120396.02,119701.5,135067.34375,139344.15625,149948.875,4,1.8334926572250265,HI,139344.15625,15665.78125,155009.9375,120396.0234375,30247.375
test_id_test_id_000099_19,test_id_000099,103,middle,2,5,test_id_000099_t2_c5,big,big_1,0,1.0,0.9,102,140806.08,140380.171875,156844.15625,161623.53125,173113.4375,4,1.8334926572250265,HI,161623.53125,15665.78125,177289.3125,140806.078125,32733.265625
test_id_test_id_000099_20,test_id_000099,103,middle,2,6,test_id_000099_t2_c6,little,little_1,0,0.6,0.8,102,246474.77,265011.5,289521.96875,296697.75,313098.375,4,1.8334926572250265,HI,296697.75,15665.78125,312363.53125,246474.765625,48086.875
test_id_test_id_000099_21,test_id_000099,11,high_degree,3,0,test_id_000099_t3_c0,big,big_1,2,1.8,1.06,10,136856.05,148913.03125,165561.875,170355.78125,181829.078125,4,1.8334926572250265,HI,170355.78125,15665.78125,186021.5625,136856.046875,32916.046875
test_id_test_id_000099_22,test_id_000099,11,high_degree,3,1,test_id_000099_t3_c1,little,little_1,2,1.2,0.93,10,199045.28,202872.625,222474.453125,228297.71875,241634.078125,4,1.8334926572250265,HI,228297.71875,15665.78125,243963.5,199045.28125,38761.453125
test_id_test_id_000099_23,test_id_000099,11,high_degree,3,2,test_id_000099_t3_c2,big,big_1,3,2.2,1.15,10,113073.39,130432.0625,146231.8125,150650.0625,161495.40625,4,1.8334926572250265,HI,150650.0625,15665.78125,166315.84375,113073.390625,31063.34375
test_id_test_id_000099_24,test_id_000099,11,high_degree,3,3,test_id_000099_t3_c3,little,little_0,3,1.5,1.0,10,176332.36,183996.75,202485.96875,207955.53125,220628.609375,4,1.8334926572250265,HI,207955.53125,15665.78125,223621.3125,176332.359375,36631.859375
test_id_test_id_000099_25,test_id_000099,11,high_degree,3,4,test_id_000099_t3_c4,big,big_1,0,1.0,0.9,10,181687.5,195486.6875,214775.78125,220545.703125,233782.046875,4,1.8334926572250265,HI,220545.703125,15665.78125,236211.484375,181687.5,38295.359375
test_id_test_id_000099_26,test_id_000099,11,high_degree,3,5,test_id_000099_t3_c5,little,little_1,0,0.6,0.8,10,421904.6,403413.03125,436146.5,445201.1875,464695.25,4,1.8334926572250265,HI,445201.1875,15665.78125,460866.96875,421904.59375,61282.21875
test_id_test_id_000099_27,test_id_000099,11,high_degree,3,6,test_id_000099_t3_c6,big,big_1,1,1.4,0.98,10,142957.31,140511.984375,156683.75,161304.28125,172470.375,4,1.8334926572250265,HI,161304.28125,15665.78125,176970.0625,142957.3125,31958.390625
test_id_test_id_000099_28,test_id_000099,73,communication_heavy,4,0,test_id_000099_t4_c0,little,little_0,2,1.2,0.93,72,373228.84,350660.0,380529.0625,388980.375,407547.9375,4,1.8334926572250265,HI,388980.375,15665.78125,404646.15625,373228.84375,56887.9375
test_id_test_id_000099_29,test_id_000099,73,communication_heavy,4,1,test_id_000099_t4_c1,big,big_0,3,2.2,1.15,72,139802.7,140702.578125,156905.53125,161532.390625,172709.5,4,1.8334926572250265,HI,161532.390625,15665.78125,177198.171875,139802.703125,32006.921875
test_id_test_id_000099_30,test_id_000099,73,communication_heavy,4,2,test_id_000099_t4_c2,little,little_1,3,1.5,1.0,72,283103.25,268574.03125,292313.84375,299217.125,314720.9375,4,1.8334926572250265,HI,299217.125,15665.78125,314882.90625,283103.25,46146.90625
test_id_test_id_000099_31,test_id_000099,73,communication_heavy,4,3,test_id_000099_t4_c3,big,big_1,0,1.0,0.9,72,309210.53,309938.25,336570.0625,344155.625,361096.25,4,1.8334926572250265,HI,344155.625,15665.78125,359821.40625,309210.53125,51158.0
test_id_test_id_000099_32,test_id_000099,73,communication_heavy,4,4,test_id_000099_t4_c4,little,little_1,0,0.6,0.8,72,686008.3,636056.5,686805.625,701939.625,727964.5625,4,1.8334926572250265,HI,701939.625,15665.78125,717605.40625,686008.3125,91908.0625
test_id_test_id_000099_33,test_id_000099,73,communication_heavy,4,5,test_id_000099_t4_c5,big,big_0,1,1.4,0.98,72,213283.61,209551.96875,229701.078125,235717.296875,249428.609375,4,1.8334926572250265,HI,235717.296875,15665.78125,251383.078125,213283.609375,39876.640625
test_id_test_id_000099_34,test_id_000099,73,communication_heavy,4,6,test_id_000099_t4_c6,little,little_1,1,0.9,0.86,72,542756.44,527384.75,572029.875,585034.1875,610005.3125,4,1.8334926572250265,HI,585034.1875,15665.78125,600699.96875,542756.4375,82620.5625
test_id_test_id_000099_35,test_id_000099,137,random,5,0,test_id_000099_t5_c0,big,big_1,3,2.2,1.15,136,86972.93,93899.5,108495.046875,112480.171875,122532.1875,4,1.8334926572250265,HI,112480.171875,15665.78125,128145.953125,86972.9296875,28632.6875
test_id_test_id_000099_36,test_id_000099,137,random,5,1,test_id_000099_t5_c1,little,little_1,3,1.5,1.0,136,134446.14,143885.625,160238.59375,164929.625,176218.65625,4,1.8334926572250265,HI,164929.625,15665.78125,180595.40625,134446.140625,32333.03125
test_id_test_id_000099_37,test_id_000099,137,random,5,2,test_id_000099_t5_c2,big,big_1,0,1.0,0.9,136,141327.89,156757.46875,173977.703125,179059.921875,191057.078125,4,1.8334926572250265,HI,179059.921875,15665.78125,194725.703125,141327.890625,34299.609375
test_id_test_id_000099_38,test_id_000099,137,random,5,3,test_id_000099_t5_c3,little,little_0,0,0.6,0.8,136,338234.44,343320.90625,371759.46875,379551.34375,397149.46875,4,1.8334926572250265,HI,379551.34375,15665.78125,395217.125,338234.4375,53828.5625
test_id_test_id_000099_39,test_id_000099,137,random,5,4,test_id_000099_t5_c4,big,big_1,1,1.4,0.98,136,127757.305,132956.953125,148876.875,153383.25,164375.8125,4,1.8334926572250265,HI,153383.25,15665.78125,169049.03125,127757.3046875,31418.859375
test_id_test_id_000099_40,test_id_000099,137,random,5,5,test_id_000099_t5_c5,little,little_1,1,0.9,0.86,136,256469.39,278530.25,302848.375,309829.25,325561.34375,4,1.8334926572250265,HI,309829.25,15665.78125,325495.03125,256469.390625,47031.09375
test_id_test_id_000099_41,test_id_000099,137,random,5,6,test_id_000099_t5_c6,big,big_1,2,1.8,1.06,136,102297.44,110992.359375,126100.84375,130250.9375,140647.125,4,1.8334926572250265,HI,130250.9375,15665.78125,145916.71875,102297.4375,29654.765625
test_id_test_id_000131_00,test_id_000131,1,source_like,0,0,test_id_000131_t0_c0,little,little_0,0,0.6,0.8,0,278465.62,267870.6875,292546.3125,299703.34375,316134.25,4,1.8334926572250265,LO,299703.34375,0.0,299703.34375,278465.625,48263.5625
test_id_test_id_000131_01,test_id_000131,1,source_like,0,1,test_id_000131_t0_c1,big,big_1,1,1.4,0.98,0,89371.41,82800.84375,97236.015625,101193.75,111093.65625,4,1.8334926572250265,LO,101193.75,0.0,101193.75,89371.40625,28292.8125
test_id_test_id_000131_02,test_id_000131,1,source_like,0,2,test_id_000131_t0_c2,little,little_0,1,0.9,0.86,0,172972.36,177372.375,196214.5625,201963.9375,215193.421875,4,1.8334926572250265,LO,201963.9375,0.0,201963.9375,172972.359375,37821.046875
test_id_test_id_000131_03,test_id_000131,1,source_like,0,3,test_id_000131_t0_c3,big,big_0,2,1.8,1.06,0,64943.78,64137.34375,77729.578125,81550.015625,90891.0625,4,1.8334926572250265,LO,81550.015625,0.0,81550.015625,64943.78125,26753.71875
test_id_test_id_000131_04,test_id_000131,1,source_like,0,4,test_id_000131_t0_c4,little,little_0,2,1.2,0.93,0,140003.53,134333.21875,150422.09375,155054.625,166259.9375,4,1.8334926572250265,LO,155054.625,0.0,155054.625,140003.53125,31926.71875
test_id_test_id_000131_05,test_id_000131,1,source_like,0,5,test_id_000131_t0_c5,big,big_0,3,2.2,1.15,0,52130.49,51297.796875,64301.765625,68062.484375,77047.0,4,1.8334926572250265,LO,68062.484375,0.0,68062.484375,52130.48828125,25749.203125
test_id_test_id_000131_06,test_id_000131,1,source_like,0,6,test_id_000131_t0_c6,little,little_0,3,1.5,1.0,0,114006.2,112588.0,127798.828125,131991.359375,142464.375,4,1.8334926572250265,LO,131991.359375,0.0,131991.359375,114006.203125,29876.375
test_id_test_id_000131_07,test_id_000131,23,sink_like,1,0,test_id_000131_t1_c0,big,big_1,1,1.4,0.98,22,215223.0,203429.734375,223047.25,228865.65625,242195.8125,4,1.8334926572250265,LO,228865.65625,0.0,228865.65625,215223.0,38766.078125
test_id_test_id_000131_08,test_id_000131,23,sink_like,1,1,test_id_000131_t1_c1,little,little_1,1,0.9,0.86,22,376549.78,361091.875,391824.78125,400508.96875,419507.625,4,1.8334926572250265,LO,400508.96875,0.0,400508.96875,376549.78125,58415.75
test_id_test_id_000131_09,test_id_000131,23,sink_like,1,2,test_id_000131_t1_c2,big,big_0,2,1.8,1.06,22,137688.9,140206.875,156279.28125,160856.625,171937.421875,4,1.8334926572250265,LO,160856.625,0.0,160856.625,137688.90625,31730.546875
test_id_test_id_000131_10,test_id_000131,23,sink_like,1,3,test_id_000131_t1_c3,little,little_1,2,1.2,0.93,22,288831.75,274354.9375,298405.75,305337.625,320934.09375,4,1.8334926572250265,LO,305337.625,0.0,305337.625,288831.75,46579.15625
test_id_test_id_000131_11,test_id_000131,23,sink_like,1,4,test_id_000131_t1_c4,big,big_0,3,2.2,1.15,22,182959.53,179703.0625,198081.53125,203539.09375,216193.453125,4,1.8334926572250265,LO,203539.09375,0.0,203539.09375,182959.53125,36490.390625
test_id_test_id_000131_12,test_id_000131,23,sink_like,1,5,test_id_000131_t1_c5,little,little_1,3,1.5,1.0,22,214458.84,204885.203125,224474.53125,230246.03125,243501.125,4,1.8334926572250265,LO,230246.03125,0.0,230246.03125,214458.84375,38615.921875
test_id_test_id_000131_13,test_id_000131,23,sink_like,1,6,test_id_000131_t1_c6,big,big_0,0,1.0,0.9,22,287562.16,267875.125,291492.46875,298310.90625,313694.1875,4,1.8334926572250265,LO,298310.90625,0.0,298310.90625,287562.15625,45819.0625
test_id_test_id_000131_14,test_id_000131,96,middle,2,0,test_id_000131_t2_c0,little,little_1,1,0.9,0.86,95,299366.53,293275.71875,318609.78125,325852.375,342103.46875,4,1.8334926572250265,LO,325852.375,0.0,325852.375,299366.53125,48827.75
test_id_test_id_000131_15,test_id_000131,96,middle,2,1,test_id_000131_t2_c1,big,big_1,2,1.8,1.06,95,118685.9,115480.65625,130605.5625,134791.15625,145228.0625,4,1.8334926572250265,LO,134791.15625,0.0,134791.15625,118685.8984375,29747.40625
test_id_test_id_000131_16,test_id_000131,96,middle,2,2,test_id_000131_t2_c2,little,little_0,2,1.2,0.93,95,243879.92,259015.03125,282051.09375,288749.40625,303845.84375,4,1.8334926572250265,LO,288749.40625,0.0,288749.40625,243879.921875,44830.8125
test_id_test_id_000131_17,test_id_000131,96,middle,2,3,test_id_000131_t2_c3,big,big_1,3,2.2,1.15,95,95304.58,95238.796875,109754.25,113732.046875,123770.546875,4,1.8334926572250265,LO,113732.046875,0.0,113732.046875,95304.578125,28531.75
test_id_test_id_000131_18,test_id_000131,96,middle,2,4,test_id_000131_t2_c4,little,little_0,3,1.5,1.0,95,186679.67,187201.765625,205924.75,211482.9375,224318.546875,4,1.8334926572250265,LO,211482.9375,0.0,211482.9375,186679.671875,37116.78125
test_id_test_id_000131_19,test_id_000131,96,middle,2,5,test_id_000131_t2_c5,big,big_0,0,1.0,0.9,95,231280.83,235879.734375,257458.6875,263797.09375,278164.15625,4,1.8334926572250265,LO,263797.09375,0.0,263797.09375,231280.828125,42284.421875
test_id_test_id_000131_20,test_id_000131,96,middle,2,6,test_id_000131_t2_c6,little,little_1,0,0.6,0.8,95,413380.97,437643.375,472735.46875,482500.3125,502905.0625,4,1.8334926572250265,LO,482500.3125,0.0,482500.3125,413380.96875,65261.6875
test_id_test_id_000131_21,test_id_000131,20,high_degree,3,0,test_id_000131_t3_c0,big,big_1,2,1.8,1.06,19,173468.7,169463.96875,187154.84375,192356.265625,204538.046875,4,1.8334926572250265,LO,192356.265625,0.0,192356.265625,173468.703125,35074.078125
test_id_test_id_000131_22,test_id_000131,20,high_degree,3,1,test_id_000131_t3_c1,little,little_0,2,1.2,0.93,19,410819.3,385230.25,418073.6875,427373.1875,447412.1875,4,1.8334926572250265,LO,427373.1875,0.0,427373.1875,410819.3125,62181.9375
test_id_test_id_000131_23,test_id_000131,20,high_degree,3,2,test_id_000131_t3_c2,big,big_0,3,2.2,1.15,19,194552.06,182528.375,201094.90625,206620.84375,219403.8125,4,1.8334926572250265,LO,206620.84375,0.0,206620.84375,194552.0625,36875.4375
test_id_test_id_000131_24,test_id_000131,20,high_degree,3,3,test_id_000131_t3_c3,little,little_1,3,1.5,1.0,19,322793.97,306777.59375,333227.15625,340790.4375,357645.25,4,1.8334926572250265,LO,340790.4375,0.0,340790.4375,322793.96875,50867.65625
test_id_test_id_000131_25,test_id_000131,20,high_degree,3,4,test_id_000131_t3_c4,big,big_1,0,1.0,0.9,19,313459.62,306505.25,332870.5,340384.34375,357189.28125,4,1.8334926572250265,LO,340384.34375,0.0,340384.34375,313459.625,50684.03125
test_id_test_id_000131_26,test_id_000131,20,high_degree,3,5,test_id_000131_t3_c5,little,little_1,0,0.6,0.8,19,596355.3,581531.375,627870.125,641425.625,665841.375,4,1.8334926572250265,LO,641425.625,0.0,641425.625,596355.3125,84310.0
test_id_test_id_000131_27,test_id_000131,20,high_degree,3,6,test_id_000131_t3_c6,big,big_1,1,1.4,0.98,19,290282.4,275159.78125,299329.5,306321.1875,322021.5,4,1.8334926572250265,LO,306321.1875,0.0,306321.1875,290282.40625,46861.71875
test_id_test_id_000131_28,test_id_000131,202,communication_heavy,4,0,test_id_000131_t4_c0,little,little_0,2,1.2,0.93,201,650700.3,584163.0,634936.5625,650172.5,678079.8125,4,1.8334926572250265,LO,650172.5,0.0,650172.5,650700.3125,93916.8125
test_id_test_id_000131_29,test_id_000131,202,communication_heavy,4,1,test_id_000131_t4_c1,big,big_0,3,2.2,1.15,201,282160.25,252864.421875,275645.34375,282338.21875,297416.21875,4,1.8334926572250265,LO,282338.21875,0.0,282338.21875,282160.25,44551.796875
test_id_test_id_000131_30,test_id_000131,202,communication_heavy,4,2,test_id_000131_t4_c2,little,little_0,3,1.5,1.0,201,465714.9,423292.5,459537.875,469863.375,491534.0625,4,1.8334926572250265,LO,469863.375,0.0,469863.375,465714.90625,68241.5625
test_id_test_id_000131_31,test_id_000131,202,communication_heavy,4,3,test_id_000131_t4_c3,big,big_0,0,1.0,0.9,201,401464.72,393007.0625,426344.28125,435753.8125,455991.71875,4,1.8334926572250265,LO,435753.8125,0.0,435753.8125,401464.71875,62984.65625
test_id_test_id_000131_32,test_id_000131,202,communication_heavy,4,4,test_id_000131_t4_c4,little,little_0,0,0.6,0.8,201,973737.6,930834.125,1017457.0,1039896.3125,1092178.5,4,1.8334926572250265,LO,1039896.3125,0.0,1039896.3125,973737.625,161344.375
test_id_test_id_000131_33,test_id_000131,202,communication_heavy,4,5,test_id_000131_t4_c5,big,big_0,1,1.4,0.98,201,337583.84,311030.25,337731.375,345340.1875,362312.71875,4,1.8334926572250265,LO,345340.1875,0.0,345340.1875,337583.84375,51282.46875
test_id_test_id_000131_34,test_id_000131,202,communication_heavy,4,6,test_id_000131_t4_c6,little,little_0,1,0.9,0.86,201,537824.94,505295.25,547794.5,560067.25,584099.9375,4,1.8334926572250265,LO,560067.25,0.0,560067.25,537824.9375,78804.6875
test_id_test_id_000131_35,test_id_000131,52,random,5,0,test_id_000131_t5_c0,big,big_0,3,2.2,1.15,51,106479.11,110362.03125,125402.8125,129519.25,139850.625,4,1.8334926572250265,LO,129519.25,0.0,129519.25,106479.109375,29488.59375
test_id_test_id_000131_36,test_id_000131,52,random,5,1,test_id_000131_t5_c1,little,little_1,3,1.5,1.0,51,123541.31,140919.84375,157018.84375,161602.546875,172698.3125,4,1.8334926572250265,LO,161602.546875,0.0,161602.546875,123541.3125,31778.46875
test_id_test_id_000131_37,test_id_000131,52,random,5,2,test_id_000131_t5_c2,big,big_0,0,1.0,0.9,51,215493.69,212096.09375,232244.890625,238209.453125,251836.03125,4,1.8334926572250265,LO,238209.453125,0.0,238209.453125,215493.6875,39739.9375
test_id_test_id_000131_38,test_id_000131,52,random,5,3,test_id_000131_t5_c3,little,little_1,0,0.6,0.8,51,322264.38,321421.375,348911.0,356666.25,374067.375,4,1.8334926572250265,LO,356666.25,0.0,356666.25,322264.375,52646.0
test_id_test_id_000131_39,test_id_000131,52,random,5,4,test_id_000131_t5_c4,big,big_0,1,1.4,0.98,51,169647.4,178929.90625,197147.8125,202549.53125,215089.4375,4,1.8334926572250265,LO,202549.53125,0.0,202549.53125,169647.40625,36159.53125
test_id_test_id_000131_40,test_id_000131,52,random,5,5,test_id_000131_t5_c5,little,little_1,1,0.9,0.86,51,216902.6,220167.328125,240770.3125,246826.8125,260662.609375,4,1.8334926572250265,LO,246826.8125,0.0,246826.8125,216902.59375,40495.28125
test_id_test_id_000131_41,test_id_000131,52,random,5,6,test_id_000131_t5_c6,big,big_0,2,1.8,1.06,51,113668.305,117872.6875,133113.625,137333.796875,147834.46875,4,1.8334926572250265,LO,137333.796875,0.0,137333.796875,113668.3046875,29961.78125
test_id_test_id_000150_00,test_id_000150,1,source_like,0,0,test_id_000150_t0_c0,big,big_1,2,1.8,1.06,0,20048.045,20430.828125,33156.71875,37325.953125,46497.1875,4,1.8334926572250265,HI,37325.953125,15665.78125,52991.734375,20048.044921875,26066.359375
test_id_test_id_000150_01,test_id_000150,1,source_like,0,1,test_id_000150_t0_c1,little,little_0,2,1.2,0.93,0,42588.01,43387.734375,56497.78125,60514.390625,69826.078125,4,1.8334926572250265,HI,60514.390625,15665.78125,76180.171875,42588.01171875,26438.34375
test_id_test_id_000150_02,test_id_000150,1,source_like,0,2,test_id_000150_t0_c2,big,big_1,3,2.2,1.15,0,19034.576,20417.921875,33391.859375,37703.875,47152.953125,4,1.8334926572250265,HI,37703.875,15665.78125,53369.65625,19034.576171875,26735.03125
test_id_test_id_000150_03,test_id_000150,1,source_like,0,3,test_id_000150_t0_c3,little,little_1,3,1.5,1.0,0,32422.738,30593.5,43130.75,47071.890625,56022.875,4,1.8334926572250265,HI,47071.890625,15665.78125,62737.671875,32422.73828125,25429.375
test_id_test_id_000150_04,test_id_000150,1,source_like,0,4,test_id_000150_t0_c4,big,big_0,0,1.0,0.9,0,36400.41,32570.109375,45228.953125,49238.5,58372.59375,4,1.8334926572250265,HI,49238.5,15665.78125,64904.28125,36400.41015625,25802.484375
test_id_test_id_000150_05,test_id_000150,1,source_like,0,5,test_id_000150_t0_c5,little,little_0,0,0.6,0.8,0,68380.766,74030.40625,88538.25,92732.265625,102988.671875,4,1.8334926572250265,HI,92732.265625,15665.78125,108398.046875,68380.765625,28958.265625
test_id_test_id_000150_06,test_id_000150,1,source_like,0,6,test_id_000150_t0_c6,big,big_1,1,1.4,0.98,0,22122.502,21854.0625,34309.921875,38305.0,47179.9375,4,1.8334926572250265,HI,38305.0,15665.78125,53970.78125,22122.501953125,25325.875
test_id_test_id_000150_07,test_id_000150,57,sink_like,1,0,test_id_000150_t1_c0,little,little_1,2,1.2,0.93,56,168968.84,161627.65625,178966.15625,184069.71875,196083.1875,4,1.8334926572250265,HI,184069.71875,15665.78125,199735.5,168968.84375,34455.53125
test_id_test_id_000150_08,test_id_000150,57,sink_like,1,1,test_id_000150_t1_c1,big,big_1,3,2.2,1.15,56,67327.56,65270.78125,78832.890625,82642.90625,91996.171875,4,1.8334926572250265,HI,82642.90625,15665.78125,98308.6875,67327.5625,26725.390625
test_id_test_id_000150_09,test_id_000150,57,sink_like,1,2,test_id_000150_t1_c2,little,little_0,3,1.5,1.0,56,138830.69,143024.234375,159355.46875,164026.6875,175287.46875,4,1.8334926572250265,HI,164026.6875,15665.78125,179692.46875,138830.6875,32263.234375
test_id_test_id_000150_10,test_id_000150,57,sink_like,1,3,test_id_000150_t1_c3,big,big_1,0,1.0,0.9,56,127737.336,120373.078125,136058.375,140502.0,151441.515625,4,1.8334926572250265,HI,140502.0,15665.78125,156167.78125,127737.3359375,31068.4375
test_id_test_id_000150_11,test_id_000150,57,sink_like,1,4,test_id_000150_t1_c4,little,little_0,0,0.6,0.8,56,285076.3,294990.9375,320874.03125,328148.46875,344917.1875,4,1.8334926572250265,HI,328148.46875,15665.78125,343814.25,285076.3125,49926.25
test_id_test_id_000150_12,test_id_000150,57,sink_like,1,5,test_id_000150_t1_c5,big,big_0,1,1.4,0.98,56,102205.35,102467.09375,117431.203125,121550.6875,131893.0625,4,1.8334926572250265,HI,121550.6875,15665.78125,137216.46875,102205.3515625,29425.96875
test_id_test_id_000150_13,test_id_000150,57,sink_like,1,6,test_id_000150_t1_c6,little,little_0,1,0.9,0.86,56,192874.11,189624.78125,209020.546875,214898.1875,228385.8125,4,1.8334926572250265,HI,214898.1875,15665.78125,230563.96875,192874.109375,38761.03125
test_id_test_id_000150_14,test_id_000150,51,middle,2,0,test_id_000150_t2_c0,big,big_1,3,2.2,1.15,50,51400.918,55515.6875,68652.015625,72413.515625,81490.6875,4,1.8334926572250265,HI,72413.515625,15665.78125,88079.296875,51400.91796875,25975.0
test_id_test_id_000150_15,test_id_000150,51,middle,2,1,test_id_000150_t2_c1,little,little_0,3,1.5,1.0,50,99550.77,102628.3125,117508.90625,121616.421875,131924.734375,4,1.8334926572250265,HI,121616.421875,15665.78125,137282.203125,99550.7734375,29296.421875
test_id_test_id_000150_16,test_id_000150,51,middle,2,2,test_id_000150_t2_c2,big,big_0,0,1.0,0.9,50,113417.82,118393.546875,134082.421875,138543.453125,149524.28125,4,1.8334926572250265,HI,138543.453125,15665.78125,154209.234375,113417.8203125,31130.734375
test_id_test_id_000150_17,test_id_000150,51,middle,2,3,test_id_000150_t2_c3,little,little_0,0,0.6,0.8,50,226988.05,247728.875,271400.625,278493.625,294625.75,4,1.8334926572250265,HI,278493.625,15665.78125,294159.40625,226988.046875,46896.875
test_id_test_id_000150_18,test_id_000150,51,middle,2,4,test_id_000150_t2_c4,big,big_0,1,1.4,0.98,50,89936.91,88711.421875,103309.515625,107345.015625,117456.5,4,1.8334926572250265,HI,107345.015625,15665.78125,123010.796875,89936.90625,28745.078125
test_id_test_id_000150_19,test_id_000150,51,middle,2,5,test_id_000150_t2_c5,little,little_1,1,0.9,0.86,50,185976.83,185781.25,204865.375,210621.78125,223881.515625,4,1.8334926572250265,HI,210621.78125,15665.78125,226287.5625,185976.828125,38100.265625
test_id_test_id_000150_20,test_id_000150,51,middle,2,6,test_id_000150_t2_c6,big,big_1,2,1.8,1.06,50,67372.59,67427.28125,81119.625,84968.078125,94433.59375,4,1.8334926572250265,HI,84968.078125,15665.78125,100633.859375,67372.59375,27006.3125
test_id_test_id_000150_21,test_id_000150,84,communication_heavy,3,0,test_id_000150_t3_c0,little,little_0,3,1.5,1.0,83,199838.45,209596.03125,229487.828125,235358.609375,248792.328125,4,1.8334926572250265,HI,235358.609375,15665.78125,251024.390625,199838.453125,39196.296875
test_id_test_id_000150_22,test_id_000150,84,communication_heavy,3,1,test_id_000150_t3_c1,big,big_0,0,1.0,0.9,83,222285.28,209346.78125,229306.0625,235216.5625,248732.984375,4,1.8334926572250265,HI,235216.5625,15665.78125,250882.34375,222285.28125,39386.203125
test_id_test_id_000150_23,test_id_000150,84,communication_heavy,3,2,test_id_000150_t3_c2,little,little_1,0,0.6,0.8,83,456056.7,446729.625,483703.4375,494186.1875,515807.75,4,1.8334926572250265,HI,494186.1875,15665.78125,509851.96875,456056.6875,69078.125
test_id_test_id_000150_24,test_id_000150,84,communication_heavy,3,3,test_id_000150_t3_c3,big,big_0,1,1.4,0.98,83,141240.72,141140.0,157289.75,161901.703125,173046.03125,4,1.8334926572250265,HI,161901.703125,15665.78125,177567.484375,141240.71875,31906.03125
test_id_test_id_000150_25,test_id_000150,84,communication_heavy,3,4,test_id_000150_t3_c4,little,little_1,1,0.9,0.86,83,293694.28,286027.625,310861.40625,317967.71875,333952.5625,4,1.8334926572250265,HI,317967.71875,15665.78125,333633.5,293694.28125,47924.9375
test_id_test_id_000150_26,test_id_000150,84,communication_heavy,3,5,test_id_000150_t3_c5,big,big_1,2,1.8,1.06,83,136730.84,142300.046875,158549.84375,163189.015625,174386.171875,4,1.8334926572250265,HI,163189.015625,15665.78125,178854.796875,136730.84375,32086.125
test_id_test_id_000150_27,test_id_000150,84,communication_heavy,3,6,test_id_000150_t3_c6,little,little_0,2,1.2,0.93,83,203801.31,192621.78125,211449.390625,216991.296875,229804.6875,4,1.8334926572250265,HI,216991.296875,15665.78125,232657.078125,203801.3125,37182.90625
test_id_test_id_000150_28,test_id_000150,25,random,4,0,test_id_000150_t4_c0,big,big_1,0,1.0,0.9,24,150186.42,163518.90625,181057.0625,186257.46875,198459.6875,4,1.8334926572250265,HI,186257.46875,15665.78125,201923.25,150186.421875,34940.78125
test_id_test_id_000150_29,test_id_000150,25,random,4,1,test_id_000150_t4_c1,little,little_1,0,0.6,0.8,24,359161.94,346583.0,374781.34375,382380.5625,399632.71875,4,1.8334926572250265,HI,382380.5625,15665.78125,398046.34375,359161.9375,53049.71875
test_id_test_id_000150_30,test_id_000150,25,random,4,2,test_id_000150_t4_c2,big,big_1,1,1.4,0.98,24,102772.195,111717.140625,126883.59375,131068.25,141529.625,4,1.8334926572250265,HI,131068.25,15665.78125,146734.03125,102772.1953125,29812.484375
test_id_test_id_000150_31,test_id_000150,25,random,4,3,test_id_000150_t4_c3,little,little_0,1,0.9,0.86,24,217148.48,214511.078125,235108.90625,241294.125,255351.3125,4,1.8334926572250265,HI,241294.125,15665.78125,256959.90625,217148.484375,40840.234375
test_id_test_id_000150_32,test_id_000150,25,random,4,4,test_id_000150_t4_c4,big,big_1,2,1.8,1.06,24,80641.805,87769.34375,102186.171875,106135.203125,116073.015625,4,1.8334926572250265,HI,106135.203125,15665.78125,121800.984375,80641.8046875,28303.671875
test_id_test_id_000150_33,test_id_000150,25,random,4,5,test_id_000150_t4_c5,little,little_0,2,1.2,0.93,24,183197.08,193077.78125,212076.5,217718.40625,230707.796875,4,1.8334926572250265,HI,217718.40625,15665.78125,233384.1875,183197.078125,37630.015625
test_id_test_id_000150_34,test_id_000150,25,random,4,6,test_id_000150_t4_c6,big,big_0,3,2.2,1.15,24,65134.047,69310.125,83032.828125,86855.8125,96306.671875,4,1.8334926572250265,HI,86855.8125,15665.78125,102521.59375,65134.046875,26996.546875
test_id_test_id_000150_35,test_id_000150,2,diverse_fill_1,5,0,test_id_000150_t5_c0,little,little_0,0,0.6,0.8,1,336569.4,341703.3125,369990.8125,377766.3125,395289.4375,4,1.8334926572250265,HI,377766.3125,15665.78125,393432.09375,336569.40625,53586.125
test_id_test_id_000150_36,test_id_000150,2,diverse_fill_1,5,1,test_id_000150_t5_c1,big,big_1,1,1.4,0.98,1,121595.92,118713.9375,134070.21875,138330.28125,148910.53125,4,1.8334926572250265,HI,138330.28125,15665.78125,153996.0625,121595.921875,30196.59375
test_id_test_id_000150_37,test_id_000150,2,diverse_fill_1,5,2,test_id_000150_t5_c2,little,little_1,1,0.9,0.86,1,259233.14,264675.8125,287956.09375,294660.71875,309803.625,4,1.8334926572250265,HI,294660.71875,15665.78125,310326.5,259233.140625,45127.8125
test_id_test_id_000150_38,test_id_000150,2,diverse_fill_1,5,3,test_id_000150_t5_c3,big,big_0,2,1.8,1.06,1,85773.836,84734.484375,99006.4375,102926.40625,112777.90625,4,1.8334926572250265,HI,102926.40625,15665.78125,118592.1875,85773.8359375,28043.421875
test_id_test_id_000150_39,test_id_000150,2,diverse_fill_1,5,4,test_id_000150_t5_c4,little,little_0,2,1.2,0.93,1,186869.73,181762.34375,200094.796875,205539.125,218139.03125,4,1.8334926572250265,HI,205539.125,15665.78125,221204.90625,186869.734375,36376.6875
test_id_test_id_000150_40,test_id_000150,2,diverse_fill_1,5,5,test_id_000150_t5_c5,big,big_1,3,2.2,1.15,1,82551.6,77419.828125,91467.78125,95340.71875,105014.875,4,1.8334926572250265,HI,95340.71875,15665.78125,111006.5,82551.6015625,27595.046875
test_id_test_id_000150_41,test_id_000150,2,diverse_fill_1,5,6,test_id_000150_t5_c6,little,little_1,3,1.5,1.0,1,172767.4,168751.390625,186317.90625,191466.6875,203539.46875,4,1.8334926572250265,HI,191466.6875,15665.78125,207132.46875,172767.40625,34788.078125
test_id_test_id_000168_00,test_id_000168,24,source_like,0,0,test_id_000168_t0_c0,big,big_0,0,1.0,0.9,23,103481.42,104262.734375,119461.1875,123717.171875,134317.125,4,1.8334926572250265,LO,123717.171875,0.0,123717.171875,103481.421875,30054.390625
test_id_test_id_000168_01,test_id_000168,24,source_like,0,1,test_id_000168_t0_c1,little,little_0,0,0.6,0.8,23,278526.5,293496.25,319188.5,326357.0,342881.59375,4,1.8334926572250265,LO,326357.0,0.0,326357.0,278526.5,49385.34375
test_id_test_id_000168_02,test_id_000168,24,source_like,0,2,test_id_000168_t0_c2,big,big_0,1,1.4,0.98,23,76495.66,78481.953125,92700.109375,96650.484375,106481.234375,4,1.8334926572250265,LO,96650.484375,0.0,96650.484375,76495.65625,27999.28125
test_id_test_id_000168_03,test_id_000168,24,source_like,0,3,test_id_000168_t0_c3,little,little_1,1,0.9,0.86,23,178071.56,180466.546875,199446.75,205220.671875,218496.140625,4,1.8334926572250265,LO,205220.671875,0.0,205220.671875,178071.5625,38029.59375
test_id_test_id_000168_04,test_id_000168,24,source_like,0,4,test_id_000168_t0_c4,big,big_0,2,1.8,1.06,23,60466.027,60859.90625,74291.3125,78108.734375,87391.5,4,1.8334926572250265,LO,78108.734375,0.0,78108.734375,60466.02734375,26531.59375
test_id_test_id_000168_05,test_id_000168,24,source_like,0,5,test_id_000168_t0_c5,little,little_0,2,1.2,0.93,23,134058.11,135968.796875,152080.5625,156718.5625,167923.40625,4,1.8334926572250265,LO,156718.5625,0.0,156718.5625,134058.109375,31954.609375
test_id_test_id_000168_06,test_id_000168,24,source_like,0,6,test_id_000168_t0_c6,big,big_1,3,2.2,1.15,23,52322.46,50743.421875,63727.421875,67491.265625,76474.359375,4,1.8334926572250265,LO,67491.265625,0.0,67491.265625,52322.4609375,25730.9375
test_id_test_id_000168_07,test_id_000168,282,sink_like,1,0,test_id_000168_t1_c0,little,little_1,0,0.6,0.8,281,447969.7,440481.625,475774.90625,485601.46875,506040.25,4,1.8334926572250265,LO,485601.46875,0.0,485601.46875,447969.6875,65558.625
test_id_test_id_000168_08,test_id_000168,282,sink_like,1,1,test_id_000168_t1_c1,big,big_0,1,1.4,0.98,281,159543.25,158102.4375,175218.5,180215.15625,192036.546875,4,1.8334926572250265,LO,180215.15625,0.0,180215.15625,159543.25,33934.109375
test_id_test_id_000168_09,test_id_000168,282,sink_like,1,2,test_id_000168_t1_c2,little,little_1,1,0.9,0.86,281,270259.7,263054.53125,286360.15625,293105.90625,308345.28125,4,1.8334926572250265,LO,293105.90625,0.0,293105.90625,270259.6875,45290.75
test_id_test_id_000168_10,test_id_000168,282,sink_like,1,3,test_id_000168_t1_c3,big,big_1,2,1.8,1.06,281,139203.53,136609.21875,152632.28125,157170.84375,168204.890625,4,1.8334926572250265,LO,157170.84375,0.0,157170.84375,139203.53125,31595.671875
test_id_test_id_000168_11,test_id_000168,282,sink_like,1,4,test_id_000168_t1_c4,little,little_1,2,1.2,0.93,281,176417.0,183774.84375,202269.65625,207762.5,220467.625,4,1.8334926572250265,LO,207762.5,0.0,207762.5,176417.0,36692.78125
test_id_test_id_000168_12,test_id_000168,282,sink_like,1,5,test_id_000168_t1_c5,big,big_0,3,2.2,1.15,281,96362.65,97244.859375,111806.921875,115799.265625,125871.625,4,1.8334926572250265,LO,115799.265625,0.0,115799.265625,96362.6484375,28626.765625
test_id_test_id_000168_13,test_id_000168,282,sink_like,1,6,test_id_000168_t1_c6,little,little_1,3,1.5,1.0,281,182164.17,181451.4375,199797.875,205222.390625,217810.3125,4,1.8334926572250265,LO,205222.390625,0.0,205222.390625,182164.171875,36358.875
test_id_test_id_000168_14,test_id_000168,229,middle,2,0,test_id_000168_t2_c0,big,big_0,1,1.4,0.98,228,306896.97,326615.96875,354519.34375,362433.5,380014.71875,4,1.8334926572250265,LO,362433.5,0.0,362433.5,306896.96875,53398.75
test_id_test_id_000168_15,test_id_000168,229,middle,2,1,test_id_000168_t2_c1,little,little_1,1,0.9,0.86,228,570467.94,567604.125,615370.3125,629456.625,655471.375,4,1.8334926572250265,LO,629456.625,0.0,629456.625,570467.9375,87867.25
test_id_test_id_000168_16,test_id_000168,229,middle,2,2,test_id_000168_t2_c2,big,big_1,2,1.8,1.06,228,299877.2,321661.90625,349215.375,357048.4375,374469.875,4,1.8334926572250265,LO,357048.4375,0.0,357048.4375,299877.1875,52807.96875
test_id_test_id_000168_17,test_id_000168,229,middle,2,3,test_id_000168_t2_c3,little,little_1,2,1.2,0.93,228,401471.66,389147.1875,422215.4375,431560.75,451681.125,4,1.8334926572250265,LO,431560.75,0.0,431560.75,401471.65625,62533.9375
test_id_test_id_000168_18,test_id_000168,229,middle,2,4,test_id_000168_t2_c4,big,big_1,3,2.2,1.15,228,263641.28,266756.9375,290423.5625,297321.1875,312829.8125,4,1.8334926572250265,LO,297321.1875,0.0,297321.1875,263641.28125,46072.875
test_id_test_id_000168_19,test_id_000168,229,middle,2,5,test_id_000168_t2_c5,little,little_0,3,1.5,1.0,228,357196.28,363836.65625,394840.875,403607.78125,422747.9375,4,1.8334926572250265,LO,403607.78125,0.0,403607.78125,357196.28125,58911.28125
test_id_test_id_000168_20,test_id_000168,229,middle,2,6,test_id_000168_t2_c6,big,big_1,0,1.0,0.9,228,309477.75,331621.21875,359874.4375,367867.1875,385615.9375,4,1.8334926572250265,LO,367867.1875,0.0,367867.1875,309477.75,53994.71875
test_id_test_id_000168_21,test_id_000168,221,communication_heavy,3,0,test_id_000168_t3_c0,little,little_0,1,0.9,0.86,220,588785.44,588170.8125,637506.75,652144.25,678680.75,4,1.8334926572250265,LO,652144.25,0.0,652144.25,588785.4375,90509.9375
test_id_test_id_000168_22,test_id_000168,221,communication_heavy,3,1,test_id_000168_t3_c1,big,big_1,2,1.8,1.06,220,319038.56,333784.4375,362278.9375,370354.5,388243.84375,4,1.8334926572250265,LO,370354.5,0.0,370354.5,319038.5625,54459.40625
test_id_test_id_000168_23,test_id_000168,221,communication_heavy,3,2,test_id_000168_t3_c2,little,little_0,2,1.2,0.93,220,577038.06,568543.75,617566.75,632178.25,659212.375,4,1.8334926572250265,LO,632178.25,0.0,632178.25,577038.0625,90668.625
test_id_test_id_000168_24,test_id_000168,221,communication_heavy,3,3,test_id_000168_t3_c3,big,big_0,3,2.2,1.15,220,287560.1,290967.96875,316263.1875,323543.1875,339848.15625,4,1.8334926572250265,LO,323543.1875,0.0,323543.1875,287560.09375,48880.1875
test_id_test_id_000168_25,test_id_000168,221,communication_heavy,3,4,test_id_000168_t3_c4,little,little_0,3,1.5,1.0,220,402424.16,401146.28125,435355.0,445046.71875,465732.75,4,1.8334926572250265,LO,445046.71875,0.0,445046.71875,402424.15625,64586.46875
test_id_test_id_000168_26,test_id_000168,221,communication_heavy,3,5,test_id_000168_t3_c5,big,big_1,0,1.0,0.9,220,351568.66,378523.875,410610.71875,419655.0625,439290.875,4,1.8334926572250265,LO,419655.0625,0.0,419655.0625,351568.65625,60767.0
test_id_test_id_000168_27,test_id_000168,221,communication_heavy,3,6,test_id_000168_t3_c6,little,little_0,0,0.6,0.8,220,787891.44,804299.0,872665.875,892887.375,929141.625,4,1.8334926572250265,LO,892887.375,0.0,892887.375,787891.4375,124842.625
test_id_test_id_000168_28,test_id_000168,80,random,4,0,test_id_000168_t4_c0,big,big_1,2,1.8,1.06,79,60008.87,65809.015625,79460.1875,83307.703125,92741.46875,4,1.8334926572250265,LO,83307.703125,0.0,83307.703125,60008.87109375,26932.453125
test_id_test_id_000168_29,test_id_000168,80,random,4,1,test_id_000168_t4_c1,little,little_0,2,1.2,0.93,79,143145.2,136868.1875,153095.21875,157797.296875,169112.890625,4,1.8334926572250265,LO,157797.296875,0.0,157797.296875,143145.203125,32244.703125
test_id_test_id_000168_30,test_id_000168,80,random,4,2,test_id_000168_t4_c2,big,big_0,3,2.2,1.15,79,52779.9,53483.0625,66597.203125,70377.8125,79448.703125,4,1.8334926572250265,LO,70377.8125,0.0,70377.8125,52779.8984375,25965.640625
test_id_test_id_000168_31,test_id_000168,80,random,4,3,test_id_000168_t4_c3,little,little_1,3,1.5,1.0,79,123000.81,113899.359375,129145.203125,133379.375,143916.46875,4,1.8334926572250265,LO,133379.375,0.0,133379.375,123000.8125,30017.109375
test_id_test_id_000168_32,test_id_000168,80,random,4,4,test_id_000168_t4_c4,big,big_1,0,1.0,0.9,79,119854.48,116397.46875,131887.734375,136269.515625,147084.71875,4,1.8334926572250265,LO,136269.515625,0.0,136269.515625,119854.4765625,30687.25
test_id_test_id_000168_33,test_id_000168,80,random,4,5,test_id_000168_t4_c5,little,little_1,0,0.6,0.8,79,312839.94,304921.59375,331197.71875,338465.78125,355182.15625,4,1.8334926572250265,LO,338465.78125,0.0,338465.78125,312839.9375,50260.5625
test_id_test_id_000168_34,test_id_000168,80,random,4,6,test_id_000168_t4_c6,big,big_1,1,1.4,0.98,79,84232.1,81445.546875,95741.953125,99713.40625,109622.453125,4,1.8334926572250265,LO,99713.40625,0.0,99713.40625,84232.1015625,28176.90625
test_id_test_id_000168_35,test_id_000168,47,diverse_fill_1,5,0,test_id_000168_t5_c0,little,little_1,2,1.2,0.93,46,98953.43,89027.03125,103754.4375,107835.984375,118041.015625,4,1.8334926572250265,LO,107835.984375,0.0,107835.984375,98953.4296875,29013.984375
test_id_test_id_000168_36,test_id_000168,47,diverse_fill_1,5,1,test_id_000168_t5_c1,big,big_1,3,2.2,1.15,46,33168.832,35501.34375,47975.09375,51750.484375,60448.65625,4,1.8334926572250265,LO,51750.484375,0.0,51750.484375,33168.83203125,24947.3125
test_id_test_id_000168_37,test_id_000168,47,diverse_fill_1,5,2,test_id_000168_t5_c2,little,little_1,3,1.5,1.0,46,77508.4,73708.6875,87846.859375,91787.203125,101524.15625,4,1.8334926572250265,LO,91787.203125,0.0,91787.203125,77508.3984375,27815.46875
test_id_test_id_000168_38,test_id_000168,47,diverse_fill_1,5,3,test_id_000168_t5_c3,big,big_1,0,1.0,0.9,46,72011.42,73026.1875,87247.375,91257.53125,101125.171875,4,1.8334926572250265,LO,91257.53125,0.0,91257.53125,72011.421875,28098.984375
test_id_test_id_000168_39,test_id_000168,47,diverse_fill_1,5,4,test_id_000168_t5_c4,little,little_1,0,0.6,0.8,46,209370.55,181878.34375,201772.21875,207913.03125,222031.359375,4,1.8334926572250265,LO,207913.03125,0.0,207913.03125,209370.546875,40153.015625
test_id_test_id_000168_40,test_id_000168,47,diverse_fill_1,5,5,test_id_000168_t5_c5,big,big_0,1,1.4,0.98,46,61832.543,61209.578125,74860.59375,78769.640625,88223.0625,4,1.8334926572250265,LO,78769.640625,0.0,78769.640625,61832.54296875,27013.484375
test_id_test_id_000168_41,test_id_000168,47,diverse_fill_1,5,6,test_id_000168_t5_c6,little,little_0,1,0.9,0.86,46,130499.336,121730.328125,137603.359375,142175.125,153347.21875,4,1.8334926572250265,LO,142175.125,0.0,142175.125,130499.3359375,31616.890625
test_id_test_id_000190_00,test_id_000190,35,source_like,0,0,test_id_000190_t0_c0,little,little_0,0,0.6,0.8,34,294125.03,297615.65625,323443.125,330628.34375,347189.5,4,1.8334926572250265,HI,330628.34375,15665.78125,346294.125,294125.03125,49573.84375
test_id_test_id_000190_01,test_id_000190,35,source_like,0,1,test_id_000190_t0_c1,big,big_1,1,1.4,0.98,34,94348.914,87846.296875,102391.375,106390.296875,116423.984375,4,1.8334926572250265,HI,106390.296875,15665.78125,122056.078125,94348.9140625,28577.6875
test_id_test_id_000190_02,test_id_000190,35,source_like,0,2,test_id_000190_t0_c2,little,little_1,1,0.9,0.86,34,197133.64,196515.46875,216047.421875,221926.890625,235369.328125,4,1.8334926572250265,HI,221926.890625,15665.78125,237592.671875,197133.640625,38853.859375
test_id_test_id_000190_03,test_id_000190,35,source_like,0,3,test_id_000190_t0_c3,big,big_1,2,1.8,1.06,34,64174.13,62193.109375,75668.0625,79487.234375,88799.59375,4,1.8334926572250265,HI,79487.234375,15665.78125,95153.015625,64174.12890625,26606.484375
test_id_test_id_000190_04,test_id_000190,35,source_like,0,4,test_id_000190_t0_c4,little,little_1,2,1.2,0.93,34,155761.11,150670.921875,167378.90625,172250.0625,183834.65625,4,1.8334926572250265,HI,172250.0625,15665.78125,187915.84375,155761.109375,33163.734375
test_id_test_id_000190_05,test_id_000190,35,source_like,0,5,test_id_000190_t0_c5,big,big_1,3,2.2,1.15,34,54861.02,51882.140625,64899.15625,68657.6875,77653.703125,4,1.8334926572250265,HI,68657.6875,15665.78125,84323.46875,54861.01953125,25771.5625
test_id_test_id_000190_06,test_id_000190,35,source_like,0,6,test_id_000190_t0_c6,little,little_1,3,1.5,1.0,34,124244.36,120812.265625,136256.296875,140562.21875,151215.109375,4,1.8334926572250265,HI,140562.21875,15665.78125,156228.0,124244.359375,30402.84375
test_id_test_id_000190_07,test_id_000190,282,sink_like,1,0,test_id_000190_t1_c0,big,big_1,1,1.4,0.98,281,505927.22,462024.125,501377.1875,512657.0,535612.375,4,1.8334926572250265,HI,512657.0,15665.78125,528322.78125,505927.21875,73588.25
test_id_test_id_000190_08,test_id_000190,282,sink_like,1,1,test_id_000190_t1_c1,little,little_0,1,0.9,0.86,281,755130.75,741842.625,807638.8125,827474.3125,862556.3125,4,1.8334926572250265,HI,827474.3125,15665.78125,843140.09375,755130.75,120713.6875
test_id_test_id_000190_09,test_id_000190,282,sink_like,1,2,test_id_000190_t1_c2,big,big_1,2,1.8,1.06,281,407980.25,409536.1875,444446.5,454337.125,475347.3125,4,1.8334926572250265,HI,454337.125,15665.78125,470002.90625,407980.25,65811.125
test_id_test_id_000190_10,test_id_000190,282,sink_like,1,3,test_id_000190_t1_c3,little,little_1,2,1.2,0.93,281,512377.06,479017.9375,519915.5625,531706.875,555347.625,4,1.8334926572250265,HI,531706.875,15665.78125,547372.65625,512377.0625,76329.6875
test_id_test_id_000190_11,test_id_000190,282,sink_like,1,4,test_id_000190_t1_c4,big,big_0,3,2.2,1.15,281,413741.62,388162.9375,421338.6875,430731.4375,450958.5625,4,1.8334926572250265,HI,430731.4375,15665.78125,446397.21875,413741.625,62795.625
test_id_test_id_000190_12,test_id_000190,282,sink_like,1,5,test_id_000190_t1_c5,little,little_0,3,1.5,1.0,281,611294.1,563460.1875,612646.1875,627373.625,654746.125,4,1.8334926572250265,HI,627373.625,15665.78125,643039.40625,611294.125,91285.9375
test_id_test_id_000190_13,test_id_000190,282,sink_like,1,6,test_id_000190_t1_c6,big,big_0,0,1.0,0.9,281,580364.9,549757.3125,596165.25,609837.125,635405.3125,4,1.8334926572250265,HI,609837.125,15665.78125,625502.90625,580364.875,85648.0
test_id_test_id_000190_14,test_id_000190,204,middle,2,0,test_id_000190_t2_c0,little,little_1,1,0.9,0.86,203,519179.06,513165.3125,556332.0,568825.125,593098.625,4,1.8334926572250265,HI,568825.125,15665.78125,584490.90625,519179.0625,79933.3125
test_id_test_id_000190_15,test_id_000190,204,middle,2,1,test_id_000190_t2_c1,big,big_0,2,1.8,1.06,203,280645.62,293596.21875,319040.8125,326348.1875,342700.25,4,1.8334926572250265,HI,326348.1875,15665.78125,342013.96875,280645.625,49104.03125
test_id_test_id_000190_16,test_id_000190,204,middle,2,2,test_id_000190_t2_c2,little,little_1,2,1.2,0.93,203,565592.8,548015.375,595146.9375,609089.875,635327.125,4,1.8334926572250265,HI,609089.875,15665.78125,624755.65625,565592.8125,87311.75
test_id_test_id_000190_17,test_id_000190,204,middle,2,3,test_id_000190_t2_c3,big,big_0,3,2.2,1.15,203,240553.84,239123.625,260995.796875,267451.25,282035.84375,4,1.8334926572250265,HI,267451.25,15665.78125,283117.03125,240553.84375,42912.21875
test_id_test_id_000190_18,test_id_000190,204,middle,2,4,test_id_000190_t2_c4,little,little_1,3,1.5,1.0,203,499232.6,499802.5625,542970.75,555575.5,580335.6875,4,1.8334926572250265,HI,555575.5,15665.78125,571241.28125,499232.59375,80533.125
test_id_test_id_000190_19,test_id_000190,204,middle,2,5,test_id_000190_t2_c5,big,big_0,0,1.0,0.9,203,434556.8,445961.4375,483786.0,494570.9375,516823.90625,4,1.8334926572250265,HI,494570.9375,15665.78125,510236.71875,434556.8125,70862.46875
test_id_test_id_000190_20,test_id_000190,204,middle,2,6,test_id_000190_t2_c6,little,little_0,0,0.6,0.8,203,798060.94,834743.5,906952.25,927844.3125,967004.875,4,1.8334926572250265,HI,927844.3125,15665.78125,943510.09375,798060.9375,132261.375
test_id_test_id_000190_21,test_id_000190,211,random,3,0,test_id_000190_t3_c0,big,big_0,2,1.8,1.06,210,166436.61,173943.9375,191880.609375,197165.75,209500.015625,4,1.8334926572250265,HI,197165.75,15665.78125,212831.53125,166436.609375,35556.078125
test_id_test_id_000190_22,test_id_000190,211,random,3,1,test_id_000190_t3_c1,little,little_0,2,1.2,0.93,210,351894.25,375585.53125,407628.6875,416694.90625,436352.3125,4,1.8334926572250265,HI,416694.90625,15665.78125,432360.6875,351894.25,60766.78125
test_id_test_id_000190_23,test_id_000190,211,random,3,2,test_id_000190_t3_c2,big,big_1,3,2.2,1.15,210,175035.0,176420.6875,194590.125,199969.65625,212480.578125,4,1.8334926572250265,HI,199969.65625,15665.78125,215635.4375,175035.0,36059.890625
test_id_test_id_000190_24,test_id_000190,211,random,3,3,test_id_000190_t3_c3,little,little_1,3,1.5,1.0,210,201351.52,218711.59375,239145.390625,245154.640625,258876.046875,4,1.8334926572250265,HI,245154.640625,15665.78125,260820.421875,201351.515625,40164.453125
test_id_test_id_000190_25,test_id_000190,211,random,3,4,test_id_000190_t3_c4,big,big_1,0,1.0,0.9,210,316014.47,322254.15625,349850.875,357681.8125,375110.0,4,1.8334926572250265,HI,357681.8125,15665.78125,373347.59375,316014.46875,52855.84375
test_id_test_id_000190_26,test_id_000190,211,random,3,5,test_id_000190_t3_c5,little,little_0,0,0.6,0.8,210,485865.75,514889.84375,556783.5,568816.0,592083.4375,4,1.8334926572250265,HI,568816.0,15665.78125,584481.78125,485865.75,77193.59375
test_id_test_id_000190_27,test_id_000190,211,random,3,6,test_id_000190_t3_c6,big,big_1,1,1.4,0.98,210,210380.11,217347.46875,237819.78125,243880.109375,257684.46875,4,1.8334926572250265,HI,243880.109375,15665.78125,259545.890625,210380.109375,40337.0
test_id_test_id_000190_28,test_id_000190,52,diverse_fill_1,4,0,test_id_000190_t4_c0,little,little_1,2,1.2,0.93,51,103009.77,98093.015625,113055.828125,117197.53125,127572.921875,4,1.8334926572250265,HI,117197.53125,15665.78125,132863.3125,103009.7734375,29479.90625
test_id_test_id_000190_29,test_id_000190,52,diverse_fill_1,4,1,test_id_000190_t4_c1,big,big_1,3,2.2,1.15,51,37634.65,40587.203125,53222.96875,57010.390625,65842.5625,4,1.8334926572250265,HI,57010.390625,15665.78125,72676.171875,37634.6484375,25255.359375
test_id_test_id_000190_30,test_id_000190,52,diverse_fill_1,4,2,test_id_000190_t4_c2,little,little_1,3,1.5,1.0,51,81878.5,76693.6875,90907.859375,94853.25,104646.984375,4,1.8334926572250265,HI,94853.25,15665.78125,110519.03125,81878.5,27953.296875
test_id_test_id_000190_31,test_id_000190,52,diverse_fill_1,4,3,test_id_000190_t4_c3,big,big_0,0,1.0,0.9,51,79222.305,80785.203125,95337.015625,99406.171875,109503.4375,4,1.8334926572250265,HI,99406.171875,15665.78125,115071.953125,79222.3046875,28718.234375
test_id_test_id_000190_32,test_id_000190,52,diverse_fill_1,4,4,test_id_000190_t4_c4,little,little_1,0,0.6,0.8,51,201017.23,184672.921875,204691.59375,210863.890625,224993.3125,4,1.8334926572250265,HI,210863.890625,15665.78125,226529.671875,201017.234375,40320.390625
test_id_test_id_000190_33,test_id_000190,52,diverse_fill_1,4,5,test_id_000190_t4_c5,big,big_0,1,1.4,0.98,51,57127.97,55845.09375,69129.171875,72966.625,82190.28125,4,1.8334926572250265,HI,72966.625,15665.78125,88632.40625,57127.96875,26345.1875
test_id_test_id_000190_34,test_id_000190,52,diverse_fill_1,4,6,test_id_000190_t4_c6,little,little_0,1,0.9,0.86,51,137455.42,135208.609375,151670.96875,156484.515625,168067.203125,4,1.8334926572250265,HI,156484.515625,15665.78125,172150.296875,137455.421875,32858.59375
test_id_test_id_000190_35,test_id_000190,101,diverse_fill_2,5,0,test_id_000190_t5_c0,big,big_0,3,2.2,1.15,100,35989.25,36995.28125,49531.09375,53326.46875,62099.875,4,1.8334926572250265,HI,53326.46875,15665.78125,68992.25,35989.25,25104.59375
test_id_test_id_000190_36,test_id_000190,101,diverse_fill_2,5,1,test_id_000190_t5_c1,little,little_1,3,1.5,1.0,100,76247.93,70495.140625,84455.25,88366.203125,97996.515625,4,1.8334926572250265,HI,88366.203125,15665.78125,104031.984375,76247.9296875,27501.375
test_id_test_id_000190_37,test_id_000190,101,diverse_fill_2,5,2,test_id_000190_t5_c2,big,big_1,0,1.0,0.9,100,71749.2,68565.625,82547.515625,86509.671875,96210.046875,4,1.8334926572250265,HI,86509.671875,15665.78125,102175.453125,71749.203125,27644.421875
test_id_test_id_000190_38,test_id_000190,101,diverse_fill_2,5,3,test_id_000190_t5_c3,little,little_1,0,0.6,0.8,100,189530.69,176136.875,195578.671875,201556.8125,215326.046875,4,1.8334926572250265,HI,201556.8125,15665.78125,217222.59375,189530.6875,39189.171875
test_id_test_id_000190_39,test_id_000190,101,diverse_fill_2,5,4,test_id_000190_t5_c4,big,big_1,1,1.4,0.98,100,54134.527,54880.765625,68175.09375,72048.875,81326.546875,4,1.8334926572250265,HI,72048.875,15665.78125,87714.65625,54134.52734375,26445.78125
test_id_test_id_000190_40,test_id_000190,101,diverse_fill_2,5,5,test_id_000190_t5_c5,little,little_0,1,0.9,0.86,100,124172.71,122166.71875,138037.21875,142603.0,153758.28125,4,1.8334926572250265,HI,142603.0,15665.78125,158268.78125,124172.7109375,31591.5625
test_id_test_id_000190_41,test_id_000190,101,diverse_fill_2,5,6,test_id_000190_t5_c6,big,big_0,2,1.8,1.06,100,44649.867,44734.25,57587.234375,61418.109375,70413.078125,4,1.8334926572250265,HI,61418.109375,15665.78125,77083.890625,44649.8671875,25678.828125
test_id_test_id_000204_00,test_id_000204,2,source_like,0,0,test_id_000204_t0_c0,big,big_0,3,2.2,1.15,1,49809.92,51161.828125,64166.84375,67931.296875,76921.75,4,1.8334926572250265,LO,67931.296875,0.0,67931.296875,49809.921875,25759.921875
test_id_test_id_000204_01,test_id_000204,2,source_like,0,1,test_id_000204_t0_c1,little,little_1,3,1.5,1.0,1,121076.66,118569.03125,133937.609375,138195.484375,148775.15625,4,1.8334926572250265,LO,138195.484375,0.0,138195.484375,121076.65625,30206.125
test_id_test_id_000204_02,test_id_000204,2,source_like,0,2,test_id_000204_t0_c2,big,big_1,0,1.0,0.9,1,104984.93,110621.234375,125959.40625,130272.109375,140976.0625,4,1.8334926572250265,LO,130272.109375,0.0,130272.109375,104984.9296875,30354.828125
test_id_test_id_000204_03,test_id_000204,2,source_like,0,3,test_id_000204_t0_c3,little,little_0,0,0.6,0.8,1,279971.28,261144.9375,285496.65625,292612.28125,308976.09375,4,1.8334926572250265,LO,292612.28125,0.0,292612.28125,279971.28125,47831.15625
test_id_test_id_000204_04,test_id_000204,2,source_like,0,4,test_id_000204_t0_c4,big,big_1,1,1.4,0.98,1,79008.84,78516.65625,92747.21875,96700.15625,106533.390625,4,1.8334926572250265,LO,96700.15625,0.0,96700.15625,79008.84375,28016.734375
test_id_test_id_000204_05,test_id_000204,2,source_like,0,5,test_id_000204_t0_c5,little,little_1,1,0.9,0.86,1,185866.02,190661.015625,209937.1875,215741.875,229060.65625,4,1.8334926572250265,LO,215741.875,0.0,215741.875,185866.015625,38399.640625
test_id_test_id_000204_06,test_id_000204,2,source_like,0,6,test_id_000204_t0_c6,big,big_0,2,1.8,1.06,1,62126.74,63006.109375,76546.703125,80368.796875,89694.703125,4,1.8334926572250265,LO,80368.796875,0.0,80368.796875,62126.73828125,26688.59375
test_id_test_id_000204_07,test_id_000204,11,sink_like,1,0,test_id_000204_t1_c0,little,little_1,3,1.5,1.0,10,133624.17,133922.703125,149855.59375,154364.59375,165355.53125,4,1.8334926572250265,LO,154364.59375,0.0,154364.59375,133624.171875,31432.828125
test_id_test_id_000204_08,test_id_000204,11,sink_like,1,1,test_id_000204_t1_c1,big,big_1,0,1.0,0.9,10,112855.22,116007.6875,131449.3125,135776.640625,146499.84375,4,1.8334926572250265,LO,135776.640625,0.0,135776.640625,112855.21875,30492.15625
test_id_test_id_000204_09,test_id_000204,11,sink_like,1,2,test_id_000204_t1_c2,little,little_0,0,0.6,0.8,10,255438.19,261350.09375,285584.375,292701.375,308925.5,4,1.8334926572250265,LO,292701.375,0.0,292701.375,255438.1875,47575.40625
test_id_test_id_000204_10,test_id_000204,11,sink_like,1,3,test_id_000204_t1_c3,big,big_0,1,1.4,0.98,10,109393.73,120082.25,135578.453125,139902.984375,150608.65625,4,1.8334926572250265,LO,139902.984375,0.0,139902.984375,109393.7265625,30526.40625
test_id_test_id_000204_11,test_id_000204,11,sink_like,1,4,test_id_000204_t1_c4,little,little_1,1,0.9,0.86,10,188548.12,192247.8125,211490.515625,217251.125,230498.984375,4,1.8334926572250265,LO,217251.125,0.0,217251.125,188548.125,38251.171875
test_id_test_id_000204_12,test_id_000204,11,sink_like,1,5,test_id_000204_t1_c5,big,big_1,2,1.8,1.06,10,95666.54,98452.625,113273.546875,117325.4375,127527.828125,4,1.8334926572250265,LO,117325.4375,0.0,117325.4375,95666.5390625,29075.203125
test_id_test_id_000204_13,test_id_000204,11,sink_like,1,6,test_id_000204_t1_c6,little,little_0,2,1.2,0.93,10,140804.8,142879.203125,159259.015625,163980.375,175328.578125,4,1.8334926572250265,LO,163980.375,0.0,163980.375,140804.796875,32449.375
test_id_test_id_000204_14,test_id_000204,231,middle,2,0,test_id_000204_t2_c0,big,big_1,0,1.0,0.9,230,229882.39,243450.765625,265610.53125,272130.46875,286862.65625,4,1.8334926572250265,LO,272130.46875,0.0,272130.46875,229882.390625,43411.890625
test_id_test_id_000204_15,test_id_000204,231,middle,2,1,test_id_000204_t2_c1,little,little_1,0,0.6,0.8,230,532059.3,523324.78125,564616.9375,576369.875,598900.875,4,1.8334926572250265,LO,576369.875,0.0,576369.875,532059.3125,75576.09375
test_id_test_id_000204_16,test_id_000204,231,middle,2,2,test_id_000204_t2_c2,big,big_1,1,1.4,0.98,230,200789.56,203319.40625,222985.234375,228833.578125,242217.875,4,1.8334926572250265,LO,228833.578125,0.0,228833.578125,200789.5625,38898.46875
test_id_test_id_000204_17,test_id_000204,231,middle,2,3,test_id_000204_t2_c3,little,little_0,1,0.9,0.86,230,393851.6,404274.125,438443.6875,448102.625,468692.25,4,1.8334926572250265,LO,448102.625,0.0,448102.625,393851.59375,64418.125
test_id_test_id_000204_18,test_id_000204,231,middle,2,4,test_id_000204_t2_c4,big,big_0,2,1.8,1.06,230,138199.64,140814.453125,156986.671875,161606.5,172766.34375,4,1.8334926572250265,LO,161606.5,0.0,161606.5,138199.640625,31951.890625
test_id_test_id_000204_19,test_id_000204,231,middle,2,5,test_id_000204_t2_c5,little,little_0,2,1.2,0.93,230,314303.44,328586.15625,356690.1875,364673.25,382352.8125,4,1.8334926572250265,LO,364673.25,0.0,364673.25,314303.4375,53766.65625
test_id_test_id_000204_20,test_id_000204,231,middle,2,6,test_id_000204_t2_c6,big,big_0,3,2.2,1.15,230,132724.7,146770.84375,163338.78125,168092.5625,179501.3125,4,1.8334926572250265,LO,168092.5625,0.0,168092.5625,132724.703125,32730.46875
test_id_test_id_000204_21,test_id_000204,130,high_degree,3,0,test_id_000204_t3_c0,little,little_1,0,0.6,0.8,129,416451.94,416353.78125,449882.75,459158.0625,478941.84375,4,1.8334926572250265,LO,459158.0625,0.0,459158.0625,416451.9375,62588.0625
test_id_test_id_000204_22,test_id_000204,130,high_degree,3,1,test_id_000204_t3_c1,big,big_1,1,1.4,0.98,129,157321.78,149011.59375,165609.609375,170401.0,181859.28125,4,1.8334926572250265,LO,170401.0,0.0,170401.0,157321.78125,32847.6875
test_id_test_id_000204_23,test_id_000204,130,high_degree,3,2,test_id_000204_t3_c2,little,little_1,1,0.9,0.86,129,310993.78,316121.375,343144.8125,350818.3125,367929.125,4,1.8334926572250265,LO,350818.3125,0.0,350818.3125,310993.78125,51807.75
test_id_test_id_000204_24,test_id_000204,130,high_degree,3,3,test_id_000204_t3_c3,big,big_0,2,1.8,1.06,129,164627.83,154468.96875,171412.125,176324.40625,188001.84375,4,1.8334926572250265,LO,176324.40625,0.0,176324.40625,164627.828125,33532.875
test_id_test_id_000204_25,test_id_000204,130,high_degree,3,4,test_id_000204_t3_c4,little,little_0,2,1.2,0.93,129,269109.16,266075.53125,289598.4375,296419.625,311772.375,4,1.8334926572250265,LO,296419.625,0.0,296419.625,269109.15625,45696.84375
test_id_test_id_000204_26,test_id_000204,130,high_degree,3,5,test_id_000204_t3_c5,big,big_1,3,2.2,1.15,129,119435.734,115386.265625,130550.390625,134735.921875,145179.4375,4,1.8334926572250265,LO,134735.921875,0.0,134735.921875,119435.734375,29793.171875
test_id_test_id_000204_27,test_id_000204,130,high_degree,3,6,test_id_000204_t3_c6,little,little_0,3,1.5,1.0,129,233102.48,221671.484375,242364.0,248478.78125,262381.78125,4,1.8334926572250265,LO,248478.78125,0.0,248478.78125,233102.484375,40710.296875
test_id_test_id_000204_28,test_id_000204,153,communication_heavy,4,0,test_id_000204_t4_c0,big,big_1,1,1.4,0.98,152,286123.12,269990.9375,293845.75,300774.75,316348.65625,4,1.8334926572250265,LO,300774.75,0.0,300774.75,286123.125,46357.71875
test_id_test_id_000204_29,test_id_000204,153,communication_heavy,4,1,test_id_000204_t4_c1,little,little_0,1,0.9,0.86,152,536009.06,540480.0,586107.625,599445.375,624759.1875,4,1.8334926572250265,LO,599445.375,0.0,599445.375,536009.0625,84279.1875
test_id_test_id_000204_30,test_id_000204,153,communication_heavy,4,2,test_id_000204_t4_c2,big,big_1,2,1.8,1.06,152,267707.5,263503.875,286974.03125,293826.40625,309237.59375,4,1.8334926572250265,LO,293826.40625,0.0,293826.40625,267707.5,45733.71875
test_id_test_id_000204_31,test_id_000204,153,communication_heavy,4,3,test_id_000204_t4_c3,little,little_1,2,1.2,0.93,152,412486.62,391960.84375,425295.9375,434721.0625,454978.25,4,1.8334926572250265,LO,434721.0625,0.0,434721.0625,412486.625,63017.40625
test_id_test_id_000204_32,test_id_000204,153,communication_heavy,4,4,test_id_000204_t4_c4,big,big_0,3,2.2,1.15,152,162818.25,175415.03125,193563.84375,198946.0625,211464.84375,4,1.8334926572250265,LO,198946.0625,0.0,198946.0625,162818.25,36049.8125
test_id_test_id_000204_33,test_id_000204,153,communication_heavy,4,5,test_id_000204_t4_c5,little,little_0,3,1.5,1.0,152,306154.0,314449.40625,341458.96875,349162.8125,366312.625,4,1.8334926572250265,LO,349162.8125,0.0,349162.8125,306154.0,51863.21875
test_id_test_id_000204_34,test_id_000204,153,communication_heavy,4,6,test_id_000204_t4_c6,big,big_1,0,1.0,0.9,152,424090.56,408840.125,443673.59375,453551.3125,474535.4375,4,1.8334926572250265,LO,453551.3125,0.0,453551.3125,424090.5625,65695.3125
test_id_test_id_000204_35,test_id_000204,370,random,5,0,test_id_000204_t5_c0,little,little_0,1,0.9,0.86,369,277954.78,274899.03125,298956.0,305884.6875,321492.53125,4,1.8334926572250265,LO,305884.6875,0.0,305884.6875,277954.78125,46593.5
test_id_test_id_000204_36,test_id_000204,370,random,5,1,test_id_000204_t5_c1,big,big_1,2,1.8,1.06,369,126569.03,120391.0,135727.28125,139996.34375,150578.25,4,1.8334926572250265,LO,139996.34375,0.0,139996.34375,126569.03125,30187.25
test_id_test_id_000204_37,test_id_000204,370,random,5,2,test_id_000204_t5_c2,little,little_0,2,1.2,0.93,369,237472.88,227682.515625,248835.140625,255100.84375,269302.46875,4,1.8334926572250265,LO,255100.84375,0.0,255100.84375,237472.875,41619.953125
test_id_test_id_000204_38,test_id_000204,370,random,5,3,test_id_000204_t5_c3,big,big_0,3,2.2,1.15,369,112053.95,108668.0625,123642.90625,127758.90625,138084.4375,4,1.8334926572250265,LO,127758.90625,0.0,127758.90625,112053.953125,29416.375
test_id_test_id_000204_39,test_id_000204,370,random,5,4,test_id_000204_t5_c4,little,little_1,3,1.5,1.0,369,197329.33,192678.1875,211736.71875,217406.921875,230451.515625,4,1.8334926572250265,LO,217406.921875,0.0,217406.921875,197329.328125,37773.328125
test_id_test_id_000204_40,test_id_000204,370,random,5,5,test_id_000204_t5_c5,big,big_0,0,1.0,0.9,369,230474.31,231205.453125,252519.390625,258798.984375,273050.0625,4,1.8334926572250265,LO,258798.984375,0.0,258798.984375,230474.3125,41844.609375
test_id_test_id_000204_41,test_id_000204,370,random,5,6,test_id_000204_t5_c6,little,little_1,0,0.6,0.8,369,452836.2,450740.5,486264.46875,496094.375,516395.875,4,1.8334926572250265,LO,496094.375,0.0,496094.375,452836.1875,65655.375
test_id_test_id_000219_00,test_id_000219,88,source_like,0,0,test_id_000219_t0_c0,little,little_1,1,0.9,0.86,87,107812.54,99407.59375,114544.75,118828.328125,129484.03125,4,1.8334926572250265,HI,118828.328125,15665.78125,134494.109375,107812.5390625,30076.4375
test_id_test_id_000219_01,test_id_000219,88,source_like,0,1,test_id_000219_t0_c1,big,big_0,2,1.8,1.06,87,33506.438,34680.25,47185.859375,51009.46875,59792.25,4,1.8334926572250265,HI,51009.46875,15665.78125,66675.25,33506.4375,25112.0
test_id_test_id_000219_02,test_id_000219,88,source_like,0,2,test_id_000219_t0_c2,little,little_1,2,1.2,0.93,87,80899.38,77615.515625,92040.484375,96085.84375,106092.09375,4,1.8334926572250265,HI,96085.84375,15665.78125,111751.625,80899.3828125,28476.578125
test_id_test_id_000219_03,test_id_000219,88,source_like,0,3,test_id_000219_t0_c3,big,big_0,3,2.2,1.15,87,30048.166,30152.671875,42582.296875,46431.015625,55169.015625,4,1.8334926572250265,HI,46431.015625,15665.78125,62096.796875,30048.166015625,25016.34375
test_id_test_id_000219_04,test_id_000219,88,source_like,0,4,test_id_000219_t0_c4,little,little_0,3,1.5,1.0,87,59239.59,55978.359375,69281.21875,73116.359375,82334.40625,4,1.8334926572250265,HI,73116.359375,15665.78125,88782.140625,59239.58984375,26356.046875
test_id_test_id_000219_05,test_id_000219,88,source_like,0,5,test_id_000219_t0_c5,big,big_0,0,1.0,0.9,87,67530.33,64359.75,78299.640625,82292.953125,91968.515625,4,1.8334926572250265,HI,82292.953125,15665.78125,97958.734375,67530.328125,27608.765625
test_id_test_id_000219_06,test_id_000219,88,source_like,0,6,test_id_000219_t0_c6,little,little_0,0,0.6,0.8,87,138090.95,131494.96875,147978.5,152803.0,164409.9375,4,1.8334926572250265,HI,152803.0,15665.78125,168468.78125,138090.953125,32914.96875
test_id_test_id_000219_07,test_id_000219,458,sink_like,1,0,test_id_000219_t1_c0,big,big_0,2,1.8,1.06,457,429072.72,424063.53125,460277.5,470573.9375,492196.78125,4,1.8334926572250265,HI,470573.9375,15665.78125,486239.71875,429072.71875,68133.25
test_id_test_id_000219_08,test_id_000219,458,sink_like,1,1,test_id_000219_t1_c1,little,little_0,2,1.2,0.93,457,501662.2,492921.1875,535032.625,547229.375,571372.3125,4,1.8334926572250265,HI,547229.375,15665.78125,562895.15625,501662.1875,78451.125
test_id_test_id_000219_09,test_id_000219,458,sink_like,1,2,test_id_000219_t1_c2,big,big_1,3,2.2,1.15,457,286194.78,272840.4375,296848.0,303812.0625,319444.0625,4,1.8334926572250265,HI,303812.0625,15665.78125,319477.84375,286194.78125,46603.625
test_id_test_id_000219_10,test_id_000219,458,sink_like,1,3,test_id_000219_t1_c3,little,little_1,3,1.5,1.0,457,564987.44,543225.4375,590432.625,604449.375,630948.125,4,1.8334926572250265,HI,604449.375,15665.78125,620115.15625,564987.4375,87722.6875
test_id_test_id_000219_11,test_id_000219,458,sink_like,1,4,test_id_000219_t1_c4,big,big_1,0,1.0,0.9,457,529020.7,531870.6875,576846.375,590010.25,615075.875,4,1.8334926572250265,HI,590010.25,15665.78125,605676.03125,529020.6875,83205.1875
test_id_test_id_000219_12,test_id_000219,458,sink_like,1,5,test_id_000219_t1_c5,little,little_0,0,0.6,0.8,457,1095613.6,1012154.625,1111100.0,1135635.5,1203641.25,4,1.8334926572250265,HI,1135635.5,15665.78125,1151301.28125,1095613.625,191486.625
test_id_test_id_000219_13,test_id_000219,458,sink_like,1,6,test_id_000219_t1_c6,big,big_0,1,1.4,0.98,457,632583.3,609065.0,662166.25,678254.6875,707117.0,4,1.8334926572250265,HI,678254.6875,15665.78125,693920.46875,632583.3125,98052.0
test_id_test_id_000219_14,test_id_000219,316,middle,2,0,test_id_000219_t2_c0,little,little_0,2,1.2,0.93,315,527007.7,512785.90625,556663.875,569467.375,594336.625,4,1.8334926572250265,HI,569467.375,15665.78125,585133.15625,527007.6875,81550.71875
test_id_test_id_000219_15,test_id_000219,316,middle,2,1,test_id_000219_t2_c1,big,big_1,3,2.2,1.15,315,266546.62,274260.96875,298375.75,305368.90625,321069.09375,4,1.8334926572250265,HI,305368.90625,15665.78125,321034.6875,266546.625,46808.125
test_id_test_id_000219_16,test_id_000219,316,middle,2,2,test_id_000219_t2_c2,little,little_1,3,1.5,1.0,315,349926.34,362838.28125,393752.1875,402491.75,421580.9375,4,1.8334926572250265,HI,402491.75,15665.78125,418157.53125,349926.34375,58742.65625
test_id_test_id_000219_17,test_id_000219,316,middle,2,3,test_id_000219_t2_c3,big,big_1,0,1.0,0.9,315,608314.25,592329.0,642463.625,657445.875,684457.5625,4,1.8334926572250265,HI,657445.875,15665.78125,673111.65625,608314.25,92128.5625
test_id_test_id_000219_18,test_id_000219,316,middle,2,4,test_id_000219_t2_c4,little,little_1,0,0.6,0.8,315,1049926.5,1151029.5,1273697.25,1305505.5,1409845.5,4,1.8334926572250265,HI,1305505.5,15665.78125,1321171.28125,1049926.5,258816.0
test_id_test_id_000219_19,test_id_000219,316,middle,2,5,test_id_000219_t2_c5,big,big_1,1,1.4,0.98,315,396339.28,392182.0,425475.5,434868.625,455082.6875,4,1.8334926572250265,HI,434868.625,15665.78125,450534.40625,396339.28125,62900.6875
test_id_test_id_000219_20,test_id_000219,316,middle,2,6,test_id_000219_t2_c6,little,little_1,1,0.9,0.86,315,724925.75,739954.625,805544.8125,825324.3125,860261.625,4,1.8334926572250265,HI,825324.3125,15665.78125,840990.09375,724925.75,120307.0
test_id_test_id_000219_21,test_id_000219,421,communication_heavy,3,0,test_id_000219_t3_c0,big,big_1,3,2.2,1.15,420,293439.44,272989.4375,297025.375,304000.09375,319662.65625,4,1.8334926572250265,HI,304000.09375,15665.78125,319665.875,293439.4375,46673.21875
test_id_test_id_000219_22,test_id_000219,421,communication_heavy,3,1,test_id_000219_t3_c1,little,little_1,3,1.5,1.0,420,422876.12,413683.875,448985.625,459007.0,480206.375,4,1.8334926572250265,HI,459007.0,15665.78125,474672.78125,422876.125,66522.5
test_id_test_id_000219_23,test_id_000219,421,communication_heavy,3,2,test_id_000219_t3_c2,big,big_1,0,1.0,0.9,420,443687.6,423171.4375,459071.625,469254.125,490680.65625,4,1.8334926572250265,HI,469254.125,15665.78125,484919.90625,443687.59375,67509.21875
test_id_test_id_000219_24,test_id_000219,421,communication_heavy,3,3,test_id_000219_t3_c3,little,little_0,0,0.6,0.8,420,693949.94,711178.875,769529.25,787328.75,817238.8125,4,1.8334926572250265,HI,787328.75,15665.78125,802994.53125,693949.9375,106059.9375
test_id_test_id_000219_25,test_id_000219,421,communication_heavy,3,4,test_id_000219_t3_c4,big,big_0,1,1.4,0.98,420,525145.94,498730.53125,541374.75,553769.75,578115.875,4,1.8334926572250265,HI,553769.75,15665.78125,569435.53125,525145.9375,79385.34375
test_id_test_id_000219_26,test_id_000219,421,communication_heavy,3,5,test_id_000219_t3_c5,little,little_0,1,0.9,0.86,420,671573.0,670508.0,727961.9375,745374.75,775673.0,4,1.8334926572250265,HI,745374.75,15665.78125,761040.53125,671573.0,105165.0
test_id_test_id_000219_27,test_id_000219,421,communication_heavy,3,6,test_id_000219_t3_c6,big,big_1,2,1.8,1.06,420,413565.1,367843.4375,399136.53125,407970.0,427244.5625,4,1.8334926572250265,HI,407970.0,15665.78125,423635.78125,413565.09375,59401.125
test_id_test_id_000219_28,test_id_000219,61,random,4,0,test_id_000219_t4_c0,little,little_0,3,1.5,1.0,60,106458.65,105663.859375,120698.546875,124836.8125,135208.40625,4,1.8334926572250265,HI,124836.8125,15665.78125,140502.59375,106458.6484375,29544.546875
test_id_test_id_000219_29,test_id_000219,61,random,4,1,test_id_000219_t4_c1,big,big_0,0,1.0,0.9,60,107782.76,102161.859375,117302.984375,121529.71875,132073.28125,4,1.8334926572250265,HI,121529.71875,15665.78125,137195.5,107782.7578125,29911.421875
test_id_test_id_000219_30,test_id_000219,61,random,4,2,test_id_000219_t4_c2,little,little_1,0,0.6,0.8,60,291199.47,281210.84375,306389.90625,313555.6875,329996.5,4,1.8334926572250265,HI,313555.6875,15665.78125,329221.46875,291199.46875,48785.65625
test_id_test_id_000219_31,test_id_000219,61,random,4,3,test_id_000219_t4_c3,big,big_0,1,1.4,0.98,60,78581.03,83163.546875,97601.71875,101569.8125,111494.734375,4,1.8334926572250265,HI,101569.8125,15665.78125,117235.59375,78581.03125,28331.1875
test_id_test_id_000219_32,test_id_000219,61,random,4,4,test_id_000219_t4_c4,little,little_0,1,0.9,0.86,60,188796.88,181208.6875,200090.328125,205803.4375,218958.421875,4,1.8334926572250265,HI,205803.4375,15665.78125,221469.21875,188796.875,37749.734375
test_id_test_id_000219_33,test_id_000219,61,random,4,5,test_id_000219_t4_c5,big,big_1,2,1.8,1.06,60,62268.79,58425.421875,71732.765625,75527.578125,84718.84375,4,1.8334926572250265,HI,75527.578125,15665.78125,91193.359375,62268.7890625,26293.421875
test_id_test_id_000219_34,test_id_000219,61,random,4,6,test_id_000219_t4_c6,little,little_1,2,1.2,0.93,60,143321.2,136505.625,152601.40625,157227.3125,168408.46875,4,1.8334926572250265,HI,157227.3125,15665.78125,172893.09375,143321.203125,31902.84375
test_id_test_id_000219_35,test_id_000219,336,diverse_fill_1,5,0,test_id_000219_t5_c0,big,big_0,0,1.0,0.9,335,331895.7,363831.4375,394811.3125,403565.3125,422698.375,4,1.8334926572250265,HI,403565.3125,15665.78125,419231.09375,331895.6875,58866.9375
test_id_test_id_000219_36,test_id_000219,336,diverse_fill_1,5,1,test_id_000219_t5_c1,little,little_0,0,0.6,0.8,335,489201.0,550436.6875,594546.9375,607318.5625,631063.75,4,1.8334926572250265,HI,607318.5625,15665.78125,622984.34375,489201.0,80627.0625
test_id_test_id_000219_37,test_id_000219,336,diverse_fill_1,5,2,test_id_000219_t5_c2,big,big_1,1,1.4,0.98,335,225467.83,261444.65625,284689.9375,291451.125,306683.25,4,1.8334926572250265,HI,291451.125,15665.78125,307116.90625,225467.828125,45238.59375
test_id_test_id_000219_38,test_id_000219,336,diverse_fill_1,5,3,test_id_000219_t5_c3,little,little_0,1,0.9,0.86,335,442316.22,520192.8125,564346.5,577216.125,602029.125,4,1.8334926572250265,HI,577216.125,15665.78125,592881.90625,442316.21875,81836.3125
test_id_test_id_000219_39,test_id_000219,336,diverse_fill_1,5,4,test_id_000219_t5_c4,big,big_0,2,1.8,1.06,335,180496.48,214452.75,234839.3125,240907.40625,254718.90625,4,1.8334926572250265,HI,240907.40625,15665.78125,256573.1875,180496.484375,40266.15625
test_id_test_id_000219_40,test_id_000219,336,diverse_fill_1,5,5,test_id_000219_t5_c5,little,little_0,2,1.2,0.93,335,221864.53,258739.28125,281739.53125,288419.25,303498.59375,4,1.8334926572250265,HI,288419.25,15665.78125,304085.03125,221864.53125,44759.3125
test_id_test_id_000219_41,test_id_000219,336,diverse_fill_1,5,6,test_id_000219_t5_c6,big,big_1,3,2.2,1.15,335,142137.67,171359.3125,189219.15625,194486.796875,206793.34375,4,1.8334926572250265,HI,194486.796875,15665.78125,210152.578125,142137.671875,35434.03125
test_id_test_id_000233_00,test_id_000233,2,source_like,0,0,test_id_000233_t0_c0,little,little_0,1,0.9,0.86,1,78184.445,73777.171875,88405.5,92602.734375,102850.78125,4,1.8334926572250265,LO,92602.734375,0.0,92602.734375,78184.4453125,29073.609375
test_id_test_id_000233_01,test_id_000233,2,source_like,0,1,test_id_000233_t0_c1,big,big_1,2,1.8,1.06,1,24603.604,25612.453125,38054.15625,41987.484375,50805.375,4,1.8334926572250265,LO,41987.484375,0.0,41987.484375,24603.603515625,25192.921875
test_id_test_id_000233_02,test_id_000233,2,source_like,0,2,test_id_000233_t0_c2,little,little_0,2,1.2,0.93,1,57954.87,57053.25,70654.390625,74622.9375,84108.25,4,1.8334926572250265,LO,74622.9375,0.0,74622.9375,57954.87109375,27055.0
test_id_test_id_000233_03,test_id_000233,2,source_like,0,3,test_id_000233_t0_c3,big,big_1,3,2.2,1.15,1,21195.574,23598.875,36059.0,40030.140625,48885.5,4,1.8334926572250265,LO,40030.140625,0.0,40030.140625,21195.57421875,25286.625
test_id_test_id_000233_04,test_id_000233,2,source_like,0,4,test_id_000233_t0_c4,little,little_1,3,1.5,1.0,1,42607.605,38160.875,50726.0625,54525.140625,63338.6875,4,1.8334926572250265,LO,54525.140625,0.0,54525.140625,42607.60546875,25177.8125
test_id_test_id_000233_05,test_id_000233,2,source_like,0,5,test_id_000233_t0_c5,big,big_0,0,1.0,0.9,1,45656.56,44994.53125,58055.875,62018.515625,71272.953125,4,1.8334926572250265,LO,62018.515625,0.0,62018.515625,45656.55859375,26278.421875
test_id_test_id_000233_06,test_id_000233,2,source_like,0,6,test_id_000233_t0_c6,little,little_0,0,0.6,0.8,1,108345.01,102759.578125,118182.609375,122624.109375,133582.765625,4,1.8334926572250265,LO,122624.109375,0.0,122624.109375,108345.0078125,30823.1875
test_id_test_id_000233_07,test_id_000233,4,sink_like,1,0,test_id_000233_t1_c0,big,big_1,2,1.8,1.06,3,169236.7,164608.0,182152.90625,187311.5,199427.125,4,1.8334926572250265,LO,187311.5,0.0,187311.5,169236.703125,34819.125
test_id_test_id_000233_08,test_id_000233,4,sink_like,1,1,test_id_000233_t1_c1,little,little_1,2,1.2,0.93,3,322893.78,307369.625,333802.15625,341349.9375,358185.625,4,1.8334926572250265,LO,341349.9375,0.0,341349.9375,322893.78125,50816.0
test_id_test_id_000233_09,test_id_000233,4,sink_like,1,2,test_id_000233_t1_c2,big,big_0,3,2.2,1.15,3,154713.2,143439.734375,159881.875,164591.484375,175931.15625,4,1.8334926572250265,LO,164591.484375,0.0,164591.484375,154713.203125,32491.421875
test_id_test_id_000233_10,test_id_000233,4,sink_like,1,3,test_id_000233_t1_c3,little,little_1,3,1.5,1.0,3,247653.83,236442.5,258184.65625,264623.96875,279165.875,4,1.8334926572250265,LO,264623.96875,0.0,264623.96875,247653.828125,42723.375
test_id_test_id_000233_11,test_id_000233,4,sink_like,1,4,test_id_000233_t1_c4,big,big_1,0,1.0,0.9,3,314973.6,308354.09375,334887.78125,342453.15625,359340.46875,4,1.8334926572250265,LO,342453.15625,0.0,342453.15625,314973.59375,50986.375
test_id_test_id_000233_12,test_id_000233,4,sink_like,1,5,test_id_000233_t1_c5,little,little_0,0,0.6,0.8,3,519492.38,532579.0,574305.3125,586183.0,608774.5625,4,1.8334926572250265,LO,586183.0,0.0,586183.0,519492.375,76195.5625
test_id_test_id_000233_13,test_id_000233,4,sink_like,1,6,test_id_000233_t1_c6,big,big_1,1,1.4,0.98,3,233772.86,212734.640625,233038.8125,239091.4375,252872.828125,4,1.8334926572250265,LO,239091.4375,0.0,239091.4375,233772.859375,40138.1875
test_id_test_id_000233_14,test_id_000233,60,middle,2,0,test_id_000233_t2_c0,little,little_1,2,1.2,0.93,59,127734.8,133774.921875,149840.46875,154431.8125,165584.109375,4,1.8334926572250265,LO,154431.8125,0.0,154431.8125,127734.796875,31809.1875
test_id_test_id_000233_15,test_id_000233,60,middle,2,1,test_id_000233_t2_c1,big,big_0,3,2.2,1.15,59,66017.26,67528.59375,81210.859375,85045.75,94481.4375,4,1.8334926572250265,LO,85045.75,0.0,85045.75,66017.2578125,26952.84375
test_id_test_id_000233_16,test_id_000233,60,middle,2,2,test_id_000233_t2_c2,little,little_1,3,1.5,1.0,59,87648.875,97971.40625,112729.421875,116786.625,126992.84375,4,1.8334926572250265,LO,116786.625,0.0,116786.625,87648.875,29021.4375
test_id_test_id_000233_17,test_id_000233,60,middle,2,3,test_id_000233_t2_c3,big,big_0,0,1.0,0.9,59,131684.64,144551.984375,161393.96875,166348.65625,178180.5625,4,1.8334926572250265,LO,166348.65625,0.0,166348.65625,131684.640625,33628.578125
test_id_test_id_000233_18,test_id_000233,60,middle,2,4,test_id_000233_t2_c4,little,little_0,0,0.6,0.8,59,243323.83,254999.15625,279055.75,286181.84375,302442.1875,4,1.8334926572250265,LO,286181.84375,0.0,286181.84375,243323.828125,47443.03125
test_id_test_id_000233_19,test_id_000233,60,middle,2,5,test_id_000233_t2_c5,big,big_1,1,1.4,0.98,59,92550.14,95717.15625,110542.078125,114624.90625,124878.109375,4,1.8334926572250265,LO,114624.90625,0.0,114624.90625,92550.140625,29160.953125
test_id_test_id_000233_20,test_id_000233,60,middle,2,6,test_id_000233_t2_c6,little,little_1,1,0.9,0.86,59,180721.42,195810.15625,215459.203125,221378.5,234951.359375,4,1.8334926572250265,LO,221378.5,0.0,221378.5,180721.421875,39141.203125
test_id_test_id_000233_21,test_id_000233,68,high_degree,3,0,test_id_000233_t3_c0,big,big_1,3,2.2,1.15,67,111255.47,116855.25,132030.734375,136229.359375,146689.171875,4,1.8334926572250265,LO,136229.359375,0.0,136229.359375,111255.46875,29833.921875
test_id_test_id_000233_22,test_id_000233,68,high_degree,3,1,test_id_000233_t3_c1,little,little_0,3,1.5,1.0,67,185216.03,188002.40625,206723.140625,212265.203125,225076.28125,4,1.8334926572250265,LO,212265.203125,0.0,212265.203125,185216.03125,37073.875
test_id_test_id_000233_23,test_id_000233,68,high_degree,3,2,test_id_000233_t3_c2,big,big_1,0,1.0,0.9,67,270868.5,266407.59375,289937.9375,296740.21875,312081.625,4,1.8334926572250265,LO,296740.21875,0.0,296740.21875,270868.5,45674.03125
test_id_test_id_000233_24,test_id_000233,68,high_degree,3,3,test_id_000233_t3_c3,little,little_1,0,0.6,0.8,67,421271.72,439037.46875,474493.9375,484402.0625,505064.59375,4,1.8334926572250265,LO,484402.0625,0.0,484402.0625,421271.71875,66027.125
test_id_test_id_000233_25,test_id_000233,68,high_degree,3,4,test_id_000233_t3_c4,big,big_0,1,1.4,0.98,67,198451.6,199563.0625,219019.640625,224814.65625,238090.953125,4,1.8334926572250265,LO,224814.65625,0.0,224814.65625,198451.59375,38527.890625
test_id_test_id_000233_26,test_id_000233,68,high_degree,3,5,test_id_000233_t3_c5,little,little_0,1,0.9,0.86,67,328015.88,323575.84375,351201.5625,359036.40625,376460.90625,4,1.8334926572250265,LO,359036.40625,0.0,359036.40625,328015.875,52885.0625
test_id_test_id_000233_27,test_id_000233,68,high_degree,3,6,test_id_000233_t3_c6,big,big_0,2,1.8,1.06,67,138364.9,139265.015625,155368.21875,159948.21875,171044.5,4,1.8334926572250265,LO,159948.21875,0.0,159948.21875,138364.90625,31779.484375
test_id_test_id_000233_28,test_id_000233,85,communication_heavy,4,0,test_id_000233_t4_c0,little,little_1,3,1.5,1.0,84,328793.28,315610.4375,342704.21875,350429.8125,367617.78125,4,1.8334926572250265,LO,350429.8125,0.0,350429.8125,328793.28125,52007.34375
test_id_test_id_000233_29,test_id_000233,85,communication_heavy,4,1,test_id_000233_t4_c1,big,big_0,0,1.0,0.9,84,460184.66,460162.75,499397.78125,510649.1875,533567.875,4,1.8334926572250265,LO,510649.1875,0.0,510649.1875,460184.65625,73405.125
test_id_test_id_000233_30,test_id_000233,85,communication_heavy,4,2,test_id_000233_t4_c2,little,little_1,0,0.6,0.8,84,580100.6,589672.875,636761.6875,650594.375,675369.8125,4,1.8334926572250265,LO,650594.375,0.0,650594.375,580100.625,85696.9375
test_id_test_id_000233_31,test_id_000233,85,communication_heavy,4,3,test_id_000233_t4_c3,big,big_1,1,1.4,0.98,84,369638.0,366264.625,397492.125,406320.375,425579.6875,4,1.8334926572250265,LO,406320.375,0.0,406320.375,369638.0,59315.0625
test_id_test_id_000233_32,test_id_000233,85,communication_heavy,4,4,test_id_000233_t4_c4,little,little_0,1,0.9,0.86,84,550295.3,533953.625,578915.25,592017.75,617002.1875,4,1.8334926572250265,LO,592017.75,0.0,592017.75,550295.3125,83048.5625
test_id_test_id_000233_33,test_id_000233,85,communication_heavy,4,5,test_id_000233_t4_c5,big,big_0,2,1.8,1.06,84,259350.83,246960.921875,269370.40625,275970.5,290851.9375,4,1.8334926572250265,LO,275970.5,0.0,275970.5,259350.828125,43891.015625
test_id_test_id_000233_34,test_id_000233,85,communication_heavy,4,6,test_id_000233_t4_c6,little,little_1,2,1.2,0.93,84,427471.8,412053.0,447131.5625,457080.84375,478157.125,4,1.8334926572250265,LO,457080.84375,0.0,457080.84375,427471.8125,66104.125
test_id_test_id_000233_35,test_id_000233,28,random,5,0,test_id_000233_t5_c0,big,big_1,0,1.0,0.9,27,131930.08,126912.765625,142904.296875,147502.09375,158708.515625,4,1.8334926572250265,LO,147502.09375,0.0,147502.09375,131930.078125,31795.75
test_id_test_id_000233_36,test_id_000233,28,random,5,1,test_id_000233_t5_c1,little,little_0,0,0.6,0.8,27,342463.47,296569.0,322089.40625,329120.28125,345524.3125,4,1.8334926572250265,LO,329120.28125,0.0,329120.28125,342463.46875,48955.3125
test_id_test_id_000233_37,test_id_000233,28,random,5,2,test_id_000233_t5_c2,big,big_1,1,1.4,0.98,27,105622.766,99346.109375,114207.484375,118290.53125,128555.703125,4,1.8334926572250265,LO,118290.53125,0.0,118290.53125,105622.765625,29209.59375
test_id_test_id_000233_38,test_id_000233,28,random,5,3,test_id_000233_t5_c3,little,little_1,1,0.9,0.86,27,233619.55,244504.609375,266646.46875,273094.375,287729.0625,4,1.8334926572250265,LO,273094.375,0.0,273094.375,233619.546875,43224.453125
test_id_test_id_000233_39,test_id_000233,28,random,5,4,test_id_000233_t5_c4,big,big_0,2,1.8,1.06,27,81326.76,80818.546875,95052.078125,98971.765625,108777.703125,4,1.8334926572250265,LO,98971.765625,0.0,98971.765625,81326.7578125,27959.15625
test_id_test_id_000233_40,test_id_000233,28,random,5,5,test_id_000233_t5_c5,little,little_1,2,1.2,0.93,27,188728.62,170127.5,187946.90625,193239.828125,205584.75,4,1.8334926572250265,LO,193239.828125,0.0,193239.828125,188728.625,35457.25
test_id_test_id_000233_41,test_id_000233,28,random,5,6,test_id_000233_t5_c6,big,big_0,3,2.2,1.15,27,66252.664,63220.71875,76719.9375,80523.859375,89826.34375,4,1.8334926572250265,LO,80523.859375,0.0,80523.859375,66252.6640625,26605.625
test_id_test_id_000241_00,test_id_000241,19,source_like,0,0,test_id_000241_t0_c0,little,little_1,1,0.9,0.86,18,207198.47,200647.625,220503.96875,226492.265625,240155.5625,4,1.8334926572250265,HI,226492.265625,15665.78125,242158.046875,207198.46875,39507.9375
test_id_test_id_000241_01,test_id_000241,19,source_like,0,1,test_id_000241_t0_c1,big,big_1,2,1.8,1.06,18,70092.336,70590.59375,84440.796875,88314.609375,97882.875,4,1.8334926572250265,HI,88314.609375,15665.78125,103980.390625,70092.3359375,27292.28125
test_id_test_id_000241_02,test_id_000241,19,source_like,0,2,test_id_000241_t0_c2,little,little_1,2,1.2,0.93,18,149538.62,146504.46875,163198.25,168093.90625,179740.5,4,1.8334926572250265,HI,168093.90625,15665.78125,183759.6875,149538.625,33236.03125
test_id_test_id_000241_03,test_id_000241,19,source_like,0,3,test_id_000241_t0_c3,big,big_0,3,2.2,1.15,18,54407.742,55624.84375,68835.109375,72626.515625,81760.484375,4,1.8334926572250265,HI,72626.515625,15665.78125,88292.296875,54407.7421875,26135.640625
test_id_test_id_000241_04,test_id_000241,19,source_like,0,4,test_id_000241_t0_c4,little,little_1,3,1.5,1.0,18,123333.14,124857.34375,140430.578125,144791.921875,155534.75,4,1.8334926572250265,HI,144791.921875,15665.78125,160457.703125,123333.140625,30677.40625
test_id_test_id_000241_05,test_id_000241,19,source_like,0,5,test_id_000241_t0_c5,big,big_0,0,1.0,0.9,18,109539.15,114471.53125,129977.90625,134384.34375,145246.21875,4,1.8334926572250265,HI,134384.34375,15665.78125,150050.125,109539.1484375,30774.6875
test_id_test_id_000241_06,test_id_000241,19,source_like,0,6,test_id_000241_t0_c6,little,little_0,0,0.6,0.8,18,291733.8,287484.65625,312704.0625,319751.1875,336104.53125,4,1.8334926572250265,HI,319751.1875,15665.78125,335416.96875,291733.8125,48619.875
test_id_test_id_000241_07,test_id_000241,439,sink_like,1,0,test_id_000241_t1_c0,big,big_1,2,1.8,1.06,438,142247.95,145067.4375,161454.484375,166148.8125,177439.75,4,1.8334926572250265,HI,166148.8125,15665.78125,181814.59375,142247.953125,32372.3125
test_id_test_id_000241_08,test_id_000241,439,sink_like,1,1,test_id_000241_t1_c1,little,little_0,2,1.2,0.93,438,192191.28,209715.59375,229625.875,235504.0,248957.140625,4,1.8334926572250265,HI,235504.0,15665.78125,251169.78125,192191.28125,39241.546875
test_id_test_id_000241_09,test_id_000241,439,sink_like,1,2,test_id_000241_t1_c2,big,big_0,3,2.2,1.15,438,140106.75,141143.84375,157391.0625,162013.015625,173190.21875,4,1.8334926572250265,HI,162013.015625,15665.78125,177678.796875,140106.75,32046.375
test_id_test_id_000241_10,test_id_000241,439,sink_like,1,3,test_id_000241_t1_c3,little,little_1,3,1.5,1.0,438,210521.62,219311.671875,239836.4375,245895.65625,259695.625,4,1.8334926572250265,HI,245895.65625,15665.78125,261561.4375,210521.625,40383.953125
test_id_test_id_000241_11,test_id_000241,439,sink_like,1,4,test_id_000241_t1_c4,big,big_1,0,1.0,0.9,438,234715.39,267585.0625,291182.8125,297997.53125,313369.625,4,1.8334926572250265,HI,297997.53125,15665.78125,313663.3125,234715.390625,45784.5625
test_id_test_id_000241_12,test_id_000241,439,sink_like,1,5,test_id_000241_t1_c5,little,little_0,0,0.6,0.8,438,382694.06,425595.3125,460029.40625,469614.625,489831.90625,4,1.8334926572250265,HI,469614.625,15665.78125,485280.40625,382694.0625,64236.59375
test_id_test_id_000241_13,test_id_000241,439,sink_like,1,6,test_id_000241_t1_c6,big,big_1,1,1.4,0.98,438,175730.44,182974.875,201431.90625,206904.640625,219578.03125,4,1.8334926572250265,HI,206904.640625,15665.78125,222570.421875,175730.4375,36603.15625
test_id_test_id_000241_14,test_id_000241,186,middle,2,0,test_id_000241_t2_c0,little,little_1,2,1.2,0.93,185,314438.0,336476.8125,365233.40625,373388.0625,391400.03125,4,1.8334926572250265,HI,373388.0625,15665.78125,389053.84375,314438.0,54923.21875
test_id_test_id_000241_15,test_id_000241,186,middle,2,1,test_id_000241_t2_c1,big,big_1,3,2.2,1.15,185,140706.17,148419.3125,165017.4375,169795.375,181235.609375,4,1.8334926572250265,HI,169795.375,15665.78125,185461.15625,140706.171875,32816.296875
test_id_test_id_000241_16,test_id_000241,186,middle,2,2,test_id_000241_t2_c2,little,little_1,3,1.5,1.0,185,223374.1,236643.703125,258266.140625,264623.3125,279016.375,4,1.8334926572250265,HI,264623.3125,15665.78125,280289.09375,223374.09375,42372.671875
test_id_test_id_000241_17,test_id_000241,186,middle,2,3,test_id_000241_t2_c3,big,big_1,0,1.0,0.9,185,297904.66,278458.34375,302823.5,309838.96875,325622.9375,4,1.8334926572250265,HI,309838.96875,15665.78125,325504.75,297904.65625,47164.59375
test_id_test_id_000241_18,test_id_000241,186,middle,2,4,test_id_000241_t2_c4,little,little_1,0,0.6,0.8,185,402313.12,422405.875,456851.9375,466487.75,486891.9375,4,1.8334926572250265,HI,466487.75,15665.78125,482153.53125,402313.125,64486.0625
test_id_test_id_000241_19,test_id_000241,186,middle,2,5,test_id_000241_t2_c5,big,big_1,1,1.4,0.98,185,170008.69,185850.0625,204490.078125,210019.03125,222802.203125,4,1.8334926572250265,HI,210019.03125,15665.78125,225684.8125,170008.6875,36952.140625
test_id_test_id_000241_20,test_id_000241,186,middle,2,6,test_id_000241_t2_c6,little,little_1,1,0.9,0.86,185,422658.7,409278.4375,443989.0,453820.5625,474689.40625,4,1.8334926572250265,HI,453820.5625,15665.78125,469486.34375,422658.6875,65410.96875
test_id_test_id_000241_21,test_id_000241,280,high_degree,3,0,test_id_000241_t3_c0,big,big_0,3,2.2,1.15,279,252749.14,243561.890625,265705.21875,272226.25,286945.375,4,1.8334926572250265,HI,272226.25,15665.78125,287892.03125,252749.140625,43383.484375
test_id_test_id_000241_22,test_id_000241,280,high_degree,3,1,test_id_000241_t3_c1,little,little_1,3,1.5,1.0,279,441944.56,451078.375,489730.3125,500814.90625,523559.0,4,1.8334926572250265,HI,500814.90625,15665.78125,516480.6875,441944.5625,72480.625
test_id_test_id_000241_23,test_id_000241,280,high_degree,3,2,test_id_000241_t3_c2,big,big_0,0,1.0,0.9,279,500664.1,514082.0,557649.625,570331.0,594884.875,4,1.8334926572250265,HI,570331.0,15665.78125,585996.78125,500664.09375,80802.875
test_id_test_id_000241_24,test_id_000241,280,high_degree,3,3,test_id_000241_t3_c3,little,little_0,0,0.6,0.8,279,878132.9,868912.875,945641.375,967094.0625,1010058.625,4,1.8334926572250265,HI,967094.0625,15665.78125,982759.84375,878132.875,141145.75
test_id_test_id_000241_25,test_id_000241,280,high_degree,3,4,test_id_000241_t3_c4,big,big_0,1,1.4,0.98,279,299310.16,289642.34375,314776.25,321993.78125,338164.8125,4,1.8334926572250265,HI,321993.78125,15665.78125,337659.5625,299310.15625,48522.46875
test_id_test_id_000241_26,test_id_000241,280,high_degree,3,5,test_id_000241_t3_c5,little,little_0,1,0.9,0.86,279,741897.75,723532.875,787204.625,806464.25,840278.625,4,1.8334926572250265,HI,806464.25,15665.78125,822130.03125,741897.75,116745.75
test_id_test_id_000241_27,test_id_000241,280,high_degree,3,6,test_id_000241_t3_c6,big,big_1,2,1.8,1.06,279,292516.44,295366.34375,320936.53125,328274.09375,344689.59375,4,1.8334926572250265,HI,328274.09375,15665.78125,343939.875,292516.4375,49323.25
test_id_test_id_000241_28,test_id_000241,377,communication_heavy,4,0,test_id_000241_t4_c0,little,little_1,3,1.5,1.0,376,448009.0,444370.875,482399.4375,493276.34375,515729.1875,4,1.8334926572250265,HI,493276.34375,15665.78125,508942.125,448009.0,71358.3125
test_id_test_id_000241_29,test_id_000241,377,communication_heavy,4,1,test_id_000241_t4_c1,big,big_0,0,1.0,0.9,376,438930.88,460879.125,499950.625,511131.6875,533907.25,4,1.8334926572250265,HI,511131.6875,15665.78125,526797.46875,438930.875,73028.125
test_id_test_id_000241_30,test_id_000241,377,communication_heavy,4,2,test_id_000241_t4_c2,little,little_1,0,0.6,0.8,376,939589.44,916280.0625,999858.6875,1021965.3125,1071408.625,4,1.8334926572250265,HI,1021965.3125,15665.78125,1037631.09375,939589.4375,155128.5625
test_id_test_id_000241_31,test_id_000241,377,communication_heavy,4,3,test_id_000241_t4_c3,big,big_1,1,1.4,0.98,376,448429.56,445646.0,483612.9375,494451.75,516814.40625,4,1.8334926572250265,HI,494451.75,15665.78125,510117.53125,448429.5625,71168.40625
test_id_test_id_000241_32,test_id_000241,377,communication_heavy,4,4,test_id_000241_t4_c4,little,little_1,1,0.9,0.86,376,693654.44,773347.125,843239.4375,864060.9375,901799.9375,4,1.8334926572250265,HI,864060.9375,15665.78125,879726.71875,693654.4375,128452.8125
test_id_test_id_000241_33,test_id_000241,377,communication_heavy,4,5,test_id_000241_t4_c5,big,big_0,2,1.8,1.06,376,413369.97,411386.09375,446532.75,456509.90625,477653.375,4,1.8334926572250265,HI,456509.90625,15665.78125,472175.6875,413369.96875,66267.28125
test_id_test_id_000241_34,test_id_000241,377,communication_heavy,4,6,test_id_000241_t4_c6,little,little_1,2,1.2,0.93,376,488505.3,471581.75,511810.9375,523383.78125,546727.875,4,1.8334926572250265,HI,523383.78125,15665.78125,539049.5625,488505.3125,75146.125
test_id_test_id_000241_35,test_id_000241,308,random,5,0,test_id_000241_t5_c0,big,big_0,0,1.0,0.9,307,185519.78,200247.53125,219769.390625,225596.0,238936.96875,4,1.8334926572250265,HI,225596.0,15665.78125,241261.78125,185519.78125,38689.4375
test_id_test_id_000241_36,test_id_000241,308,random,5,1,test_id_000241_t5_c1,little,little_1,0,0.6,0.8,307,394544.38,443257.9375,478680.875,488534.15625,508996.125,4,1.8334926572250265,HI,488534.15625,15665.78125,504199.9375,394544.375,65738.1875
test_id_test_id_000241_37,test_id_000241,308,random,5,2,test_id_000241_t5_c2,big,big_1,1,1.4,0.98,307,133023.1,142981.6875,159260.46875,163926.90625,175168.5,4,1.8334926572250265,HI,163926.90625,15665.78125,179592.6875,133023.09375,32186.8125
test_id_test_id_000241_38,test_id_000241,308,random,5,3,test_id_000241_t5_c3,little,little_0,1,0.9,0.86,307,317932.28,343138.21875,372342.0625,380602.34375,398822.3125,4,1.8334926572250265,HI,380602.34375,15665.78125,396268.125,317932.28125,55684.09375
test_id_test_id_000241_39,test_id_000241,308,random,5,4,test_id_000241_t5_c4,big,big_0,2,1.8,1.06,307,110408.62,122236.546875,137597.703125,141879.40625,152475.703125,4,1.8334926572250265,HI,141879.40625,15665.78125,157545.1875,110408.6171875,30239.15625
test_id_test_id_000241_40,test_id_000241,308,random,5,5,test_id_000241_t5_c5,little,little_1,2,1.2,0.93,307,220901.95,249334.421875,271740.78125,278281.625,293058.25,4,1.8334926572250265,HI,278281.625,15665.78125,293947.40625,220901.953125,43723.828125
test_id_test_id_000241_41,test_id_000241,308,random,5,6,test_id_000241_t5_c6,big,big_1,3,2.2,1.15,307,99072.195,111377.109375,126391.203125,130523.328125,140872.828125,4,1.8334926572250265,HI,130523.328125,15665.78125,146189.109375,99072.1953125,29495.71875
test_id_test_id_000254_00,test_id_000254,49,source_like,0,0,test_id_000254_t0_c0,big,big_0,1,1.4,0.98,48,66635.336,66759.703125,80592.203125,84503.609375,94068.265625,4,1.8334926572250265,LO,84503.609375,0.0,84503.609375,66635.3359375,27308.5625
test_id_test_id_000254_01,test_id_000254,49,source_like,0,1,test_id_000254_t0_c1,little,little_0,1,0.9,0.86,48,148489.19,135691.6875,152154.5,156965.0,168528.0,4,1.8334926572250265,LO,156965.0,0.0,156965.0,148489.1875,32836.3125
test_id_test_id_000254_02,test_id_000254,49,source_like,0,2,test_id_000254_t0_c2,big,big_1,2,1.8,1.06,48,51152.668,46847.265625,59725.5,63516.671875,72473.421875,4,1.8334926572250265,LO,63516.671875,0.0,63516.671875,51152.66796875,25626.15625
test_id_test_id_000254_03,test_id_000254,49,source_like,0,3,test_id_000254_t0_c3,little,little_0,2,1.2,0.93,48,109715.7,101439.625,116489.296875,120668.796875,131119.359375,4,1.8334926572250265,LO,120668.796875,0.0,120668.796875,109715.703125,29679.734375
test_id_test_id_000254_04,test_id_000254,49,source_like,0,4,test_id_000254_t0_c4,big,big_0,3,2.2,1.15,48,43814.81,41864.328125,54549.28125,58335.25,67187.25,4,1.8334926572250265,LO,58335.25,0.0,58335.25,43814.80859375,25322.921875
test_id_test_id_000254_05,test_id_000254,49,source_like,0,5,test_id_000254_t0_c5,little,little_1,3,1.5,1.0,48,86809.62,81541.1875,95926.15625,99904.75,109830.0,4,1.8334926572250265,LO,99904.75,0.0,99904.75,86809.6171875,28288.8125
test_id_test_id_000254_06,test_id_000254,49,source_like,0,6,test_id_000254_t0_c6,big,big_1,0,1.0,0.9,48,95178.25,84611.640625,99268.890625,103364.53125,113559.28125,4,1.8334926572250265,LO,103364.53125,0.0,103364.53125,95178.25,28947.640625
test_id_test_id_000254_07,test_id_000254,273,sink_like,1,0,test_id_000254_t1_c0,little,little_0,1,0.9,0.86,272,417192.7,426112.5625,462205.25,472454.5,493930.9375,4,1.8334926572250265,LO,472454.5,0.0,472454.5,417192.6875,67818.375
test_id_test_id_000254_08,test_id_000254,273,sink_like,1,1,test_id_000254_t1_c1,big,big_0,2,1.8,1.06,272,168742.05,184970.625,203649.65625,209210.921875,222051.90625,4,1.8334926572250265,LO,209210.921875,0.0,209210.921875,168742.046875,37081.28125
test_id_test_id_000254_09,test_id_000254,273,sink_like,1,2,test_id_000254_t1_c2,little,little_1,2,1.2,0.93,272,267530.94,273090.28125,297088.6875,304031.9375,319638.34375,4,1.8334926572250265,LO,304031.9375,0.0,304031.9375,267530.9375,46548.0625
test_id_test_id_000254_10,test_id_000254,273,sink_like,1,3,test_id_000254_t1_c3,big,big_0,3,2.2,1.15,272,127448.19,142285.3125,158591.03125,163246.96875,174480.0625,4,1.8334926572250265,LO,163246.96875,0.0,163246.96875,127448.1875,32194.75
test_id_test_id_000254_11,test_id_000254,273,sink_like,1,4,test_id_000254_t1_c4,little,little_0,3,1.5,1.0,272,244019.58,261773.90625,285027.21875,291800.375,307032.28125,4,1.8334926572250265,LO,291800.375,0.0,291800.375,244019.578125,45258.375
test_id_test_id_000254_12,test_id_000254,273,sink_like,1,5,test_id_000254_t1_c5,big,big_0,0,1.0,0.9,272,218136.9,228685.140625,249921.0625,256209.15625,270464.0625,4,1.8334926572250265,LO,256209.15625,0.0,256209.15625,218136.90625,41778.921875
test_id_test_id_000254_13,test_id_000254,273,sink_like,1,6,test_id_000254_t1_c6,little,little_0,0,0.6,0.8,272,429121.94,487406.5625,526185.0,537117.5,558904.625,4,1.8334926572250265,LO,537117.5,0.0,537117.5,429121.9375,71498.0625
test_id_test_id_000254_14,test_id_000254,166,middle,2,0,test_id_000254_t2_c0,big,big_1,2,1.8,1.06,165,224800.94,227015.609375,248227.15625,254540.9375,268833.65625,4,1.8334926572250265,LO,254540.9375,0.0,254540.9375,224800.9375,41818.046875
test_id_test_id_000254_15,test_id_000254,166,middle,2,1,test_id_000254_t2_c1,little,little_0,2,1.2,0.93,165,392271.4,401226.6875,435358.9375,445023.625,465658.3125,4,1.8334926572250265,LO,445023.625,0.0,445023.625,392271.40625,64431.625
test_id_test_id_000254_16,test_id_000254,166,middle,2,2,test_id_000254_t2_c2,big,big_0,3,2.2,1.15,165,187357.28,207740.21875,227860.59375,233899.375,247653.3125,4,1.8334926572250265,LO,233899.375,0.0,233899.375,187357.28125,39913.09375
test_id_test_id_000254_17,test_id_000254,166,middle,2,3,test_id_000254_t2_c3,little,little_0,3,1.5,1.0,165,297354.53,290029.5,315230.84375,322485.625,338724.4375,4,1.8334926572250265,LO,322485.625,0.0,322485.625,297354.53125,48694.9375
test_id_test_id_000254_18,test_id_000254,166,middle,2,4,test_id_000254_t2_c4,big,big_1,0,1.0,0.9,165,327404.97,362237.84375,392990.5625,401666.5,420661.125,4,1.8334926572250265,LO,401666.5,0.0,401666.5,327404.96875,58423.28125
test_id_test_id_000254_19,test_id_000254,166,middle,2,5,test_id_000254_t2_c5,little,little_0,0,0.6,0.8,165,776783.75,799599.5625,867861.75,888120.6875,924252.6875,4,1.8334926572250265,LO,888120.6875,0.0,888120.6875,776783.75,124653.125
test_id_test_id_000254_20,test_id_000254,166,middle,2,6,test_id_000254_t2_c6,big,big_0,1,1.4,0.98,165,257179.14,268028.5625,291751.9375,298650.3125,314159.4375,4,1.8334926572250265,LO,298650.3125,0.0,298650.3125,257179.140625,46130.875
test_id_test_id_000254_21,test_id_000254,178,communication_heavy,3,0,test_id_000254_t3_c0,little,little_1,2,1.2,0.93,177,300150.2,333891.25,362365.125,370436.0625,388300.125,4,1.8334926572250265,LO,370436.0625,0.0,370436.0625,300150.1875,54408.875
test_id_test_id_000254_22,test_id_000254,178,communication_heavy,3,1,test_id_000254_t3_c1,big,big_0,3,2.2,1.15,177,137754.44,157637.796875,174714.15625,179691.21875,191473.75,4,1.8334926572250265,LO,179691.21875,0.0,179691.21875,137754.4375,33835.953125
test_id_test_id_000254_23,test_id_000254,178,communication_heavy,3,2,test_id_000254_t3_c2,little,little_0,3,1.5,1.0,177,303470.38,327152.96875,355185.875,363157.34375,380818.875,4,1.8334926572250265,LO,363157.34375,0.0,363157.34375,303470.375,53665.90625
test_id_test_id_000254_24,test_id_000254,178,communication_heavy,3,3,test_id_000254_t3_c3,big,big_0,0,1.0,0.9,177,311418.0,332610.75,360978.3125,369010.375,386826.0625,4,1.8334926572250265,LO,369010.375,0.0,369010.375,311418.0,54215.3125
test_id_test_id_000254_25,test_id_000254,178,communication_heavy,3,4,test_id_000254_t3_c4,little,little_0,0,0.6,0.8,177,530413.0,620967.25,670793.875,685635.0625,711417.6875,4,1.8334926572250265,LO,685635.0625,0.0,685635.0625,530413.0,90450.4375
test_id_test_id_000254_26,test_id_000254,178,communication_heavy,3,5,test_id_000254_t3_c5,big,big_0,1,1.4,0.98,177,278011.12,293318.78125,318781.9375,326093.96875,342452.3125,4,1.8334926572250265,LO,326093.96875,0.0,326093.96875,278011.125,49133.53125
test_id_test_id_000254_27,test_id_000254,178,communication_heavy,3,6,test_id_000254_t3_c6,little,little_1,1,0.9,0.86,177,388636.28,409966.6875,444513.5625,454264.25,474998.78125,4,1.8334926572250265,LO,454264.25,0.0,454264.25,388636.28125,65032.09375
test_id_test_id_000254_28,test_id_000254,243,random,4,0,test_id_000254_t4_c0,big,big_0,3,2.2,1.15,242,72088.266,74523.28125,88502.609375,92369.78125,101987.203125,4,1.8334926572250265,LO,92369.78125,0.0,92369.78125,72088.265625,27463.921875
test_id_test_id_000254_29,test_id_000254,243,random,4,1,test_id_000254_t4_c1,little,little_0,3,1.5,1.0,242,141542.73,140769.765625,157019.203125,161661.75,172876.375,4,1.8334926572250265,LO,161661.75,0.0,161661.75,141542.734375,32106.609375
test_id_test_id_000254_30,test_id_000254,243,random,4,2,test_id_000254_t4_c2,big,big_1,0,1.0,0.9,242,142982.27,138410.84375,154855.40625,159635.0625,171143.4375,4,1.8334926572250265,LO,159635.0625,0.0,159635.0625,142982.265625,32732.59375
test_id_test_id_000254_31,test_id_000254,243,random,4,3,test_id_000254_t4_c3,little,little_0,0,0.6,0.8,242,331384.94,313817.46875,339932.8125,346963.65625,363334.875,4,1.8334926572250265,LO,346963.65625,0.0,346963.65625,331384.9375,49517.40625
test_id_test_id_000254_32,test_id_000254,243,random,4,4,test_id_000254_t4_c4,big,big_0,1,1.4,0.98,242,99559.27,98684.59375,113481.34375,117552.234375,127786.328125,4,1.8334926572250265,LO,117552.234375,0.0,117552.234375,99559.2734375,29101.734375
test_id_test_id_000254_33,test_id_000254,243,random,4,5,test_id_000254_t4_c5,little,little_0,1,0.9,0.86,242,228325.92,209208.0,229742.640625,235960.484375,250103.65625,4,1.8334926572250265,LO,235960.484375,0.0,235960.484375,228325.921875,40895.65625
test_id_test_id_000254_34,test_id_000254,243,random,4,6,test_id_000254_t4_c6,big,big_1,2,1.8,1.06,242,86415.83,84665.90625,98998.703125,102935.015625,112817.796875,4,1.8334926572250265,LO,102935.015625,0.0,102935.015625,86415.828125,28151.890625
test_id_test_id_000254_35,test_id_000254,101,diverse_fill_1,5,0,test_id_000254_t5_c0,little,little_0,3,1.5,1.0,100,188653.64,183500.96875,202011.4375,207499.03125,220205.421875,4,1.8334926572250265,LO,207499.03125,0.0,207499.03125,188653.640625,36704.453125
test_id_test_id_000254_36,test_id_000254,101,diverse_fill_1,5,1,test_id_000254_t5_c1,big,big_0,0,1.0,0.9,100,179339.4,182394.8125,201059.546875,206669.53125,219612.625,4,1.8334926572250265,LO,206669.53125,0.0,206669.53125,179339.40625,37217.8125
test_id_test_id_000254_37,test_id_000254,101,diverse_fill_1,5,2,test_id_000254_t5_c2,little,little_1,0,0.6,0.8,100,431445.3,429595.9375,463255.5,472443.90625,491813.65625,4,1.8334926572250265,LO,472443.90625,0.0,472443.90625,431445.3125,62217.71875
test_id_test_id_000254_38,test_id_000254,101,diverse_fill_1,5,3,test_id_000254_t5_c3,big,big_0,1,1.4,0.98,100,129823.766,137704.1875,153796.703125,158386.234375,169507.9375,4,1.8334926572250265,LO,158386.234375,0.0,158386.234375,129823.765625,31803.75
test_id_test_id_000254_39,test_id_000254,101,diverse_fill_1,5,4,test_id_000254_t5_c4,little,little_0,1,0.9,0.86,100,271525.34,252395.453125,275077.34375,281693.78125,296659.1875,4,1.8334926572250265,LO,281693.78125,0.0,281693.78125,271525.34375,44263.734375
test_id_test_id_000254_40,test_id_000254,101,diverse_fill_1,5,5,test_id_000254_t5_c5,big,big_0,2,1.8,1.06,100,108969.84,109922.25,124895.703125,129029.6875,139381.15625,4,1.8334926572250265,LO,129029.6875,0.0,129029.6875,108969.84375,29458.90625
test_id_test_id_000254_41,test_id_000254,101,diverse_fill_1,5,6,test_id_000254_t5_c6,little,little_0,2,1.2,0.93,100,201561.28,198829.6875,218294.171875,224117.875,237441.5625,4,1.8334926572250265,LO,224117.875,0.0,224117.875,201561.28125,38611.875
test_id_test_id_000341_00,test_id_000341,91,source_like,0,0,test_id_000341_t0_c0,big,big_1,2,1.8,1.06,90,76337.8,65053.640625,78655.109375,82499.9375,91918.8125,4,1.8334926572250265,HI,82499.9375,15665.78125,98165.71875,76337.796875,26865.171875
test_id_test_id_000341_01,test_id_000341,91,source_like,0,1,test_id_000341_t0_c1,little,little_0,2,1.2,0.93,90,156344.28,147186.15625,163863.140625,168744.890625,180360.296875,4,1.8334926572250265,HI,168744.890625,15665.78125,184410.671875,156344.28125,33174.140625
test_id_test_id_000341_02,test_id_000341,91,source_like,0,2,test_id_000341_t0_c2,big,big_1,3,2.2,1.15,90,57114.4,53560.78125,66666.984375,70440.390625,79499.40625,4,1.8334926572250265,HI,70440.390625,15665.78125,86106.171875,57114.3984375,25938.625
test_id_test_id_000341_03,test_id_000341,91,source_like,0,3,test_id_000341_t0_c3,little,little_0,3,1.5,1.0,90,130506.555,122737.1875,138255.546875,142595.296875,153307.8125,4,1.8334926572250265,HI,142595.296875,15665.78125,158261.078125,130506.5546875,30570.625
test_id_test_id_000341_04,test_id_000341,91,source_like,0,4,test_id_000341_t0_c4,big,big_1,0,1.0,0.9,90,128182.18,122593.9375,138251.40625,142701.75,153622.46875,4,1.8334926572250265,HI,142701.75,15665.78125,158367.53125,128182.1796875,31028.53125
test_id_test_id_000341_05,test_id_000341,91,source_like,0,5,test_id_000341_t0_c5,little,little_0,0,0.6,0.8,90,314290.25,312850.75,339296.125,346507.03125,363125.96875,4,1.8334926572250265,HI,346507.03125,15665.78125,362172.8125,314290.25,50275.21875
test_id_test_id_000341_06,test_id_000341,91,source_like,0,6,test_id_000341_t0_c6,big,big_0,1,1.4,0.98,90,89436.57,88485.0,103017.078125,107031.859375,117099.484375,4,1.8334926572250265,HI,107031.859375,15665.78125,122697.640625,89436.5703125,28614.484375
test_id_test_id_000341_07,test_id_000341,269,sink_like,1,0,test_id_000341_t1_c0,little,little_0,2,1.2,0.93,268,279191.06,331981.875,360329.3125,368369.65625,386173.65625,4,1.8334926572250265,HI,368369.65625,15665.78125,384035.4375,279191.0625,54191.78125
test_id_test_id_000341_08,test_id_000341,269,sink_like,1,1,test_id_000341_t1_c1,big,big_0,3,2.2,1.15,268,153294.95,173882.671875,191960.765625,197315.90625,209785.859375,4,1.8334926572250265,HI,197315.90625,15665.78125,212981.6875,153294.953125,35903.1875
test_id_test_id_000341_09,test_id_000341,269,sink_like,1,2,test_id_000341_t1_c2,little,little_1,3,1.5,1.0,268,214187.22,255724.28125,278577.9375,285248.75,300281.53125,4,1.8334926572250265,HI,285248.75,15665.78125,300914.53125,214187.21875,44557.25
test_id_test_id_000341_10,test_id_000341,269,sink_like,1,3,test_id_000341_t1_c3,big,big_1,0,1.0,0.9,268,230938.84,281797.84375,306425.125,313515.40625,329456.84375,4,1.8334926572250265,HI,313515.40625,15665.78125,329181.1875,230938.84375,47659.0
test_id_test_id_000341_11,test_id_000341,269,sink_like,1,4,test_id_000341_t1_c4,little,little_0,0,0.6,0.8,268,470810.28,571854.375,617378.25,630638.25,654749.125,4,1.8334926572250265,HI,630638.25,15665.78125,646304.03125,470810.28125,82894.75
test_id_test_id_000341_12,test_id_000341,269,sink_like,1,5,test_id_000341_t1_c5,big,big_0,1,1.4,0.98,268,238647.56,267894.46875,291590.78125,298470.71875,313940.65625,4,1.8334926572250265,HI,298470.71875,15665.78125,314136.5,238647.5625,46046.1875
test_id_test_id_000341_13,test_id_000341,269,sink_like,1,6,test_id_000341_t1_c6,little,little_0,1,0.9,0.86,268,250907.98,321926.65625,349372.46875,357157.75,374486.5,4,1.8334926572250265,HI,357157.75,15665.78125,372823.53125,250907.984375,52559.84375
test_id_test_id_000341_14,test_id_000341,149,middle,2,0,test_id_000341_t2_c0,big,big_0,3,2.2,1.15,148,157648.52,152614.296875,169494.984375,174383.6875,186028.0,4,1.8334926572250265,HI,174383.6875,15665.78125,190049.46875,157648.515625,33413.703125
test_id_test_id_000341_15,test_id_000341,149,middle,2,1,test_id_000341_t2_c1,little,little_0,3,1.5,1.0,148,227386.89,218817.625,239332.65625,245390.328125,259193.0625,4,1.8334926572250265,HI,245390.328125,15665.78125,261056.109375,227386.890625,40375.4375
test_id_test_id_000341_16,test_id_000341,149,middle,2,2,test_id_000341_t2_c2,big,big_1,0,1.0,0.9,148,232748.31,224845.09375,245827.53125,252035.015625,266142.25,4,1.8334926572250265,HI,252035.015625,15665.78125,267700.796875,232748.3125,41297.15625
test_id_test_id_000341_17,test_id_000341,149,middle,2,3,test_id_000341_t2_c3,little,little_1,0,0.6,0.8,148,385742.7,417322.09375,450504.78125,459595.75,478987.46875,4,1.8334926572250265,HI,459595.75,15665.78125,475261.53125,385742.6875,61665.375
test_id_test_id_000341_18,test_id_000341,149,middle,2,4,test_id_000341_t2_c4,big,big_0,1,1.4,0.98,148,151597.67,156650.234375,173625.984375,178568.171875,190289.21875,4,1.8334926572250265,HI,178568.171875,15665.78125,194233.953125,151597.671875,33638.984375
test_id_test_id_000341_19,test_id_000341,149,middle,2,5,test_id_000341_t2_c5,little,little_0,1,0.9,0.86,148,321852.56,333269.96875,361639.125,369667.5,387463.15625,4,1.8334926572250265,HI,369667.5,15665.78125,385333.28125,321852.5625,54193.1875
test_id_test_id_000341_20,test_id_000341,149,middle,2,6,test_id_000341_t2_c6,big,big_0,2,1.8,1.06,148,151883.2,152140.640625,168931.484375,173794.875,185384.453125,4,1.8334926572250265,HI,173794.875,15665.78125,189460.65625,151883.203125,33243.8125
test_id_test_id_000341_21,test_id_000341,309,communication_heavy,3,0,test_id_000341_t3_c0,little,little_0,3,1.5,1.0,308,352453.06,376334.71875,408479.03125,417582.125,437305.375,4,1.8334926572250265,HI,417582.125,15665.78125,433247.90625,352453.0625,60970.65625
test_id_test_id_000341_22,test_id_000341,309,communication_heavy,3,1,test_id_000341_t3_c1,big,big_1,0,1.0,0.9,308,350210.44,393420.3125,426835.5,436280.84375,456570.78125,4,1.8334926572250265,HI,436280.84375,15665.78125,451946.625,350210.4375,63150.46875
test_id_test_id_000341_23,test_id_000341,309,communication_heavy,3,2,test_id_000341_t3_c2,little,little_1,0,0.6,0.8,308,716731.25,762699.875,825901.6875,844930.1875,877539.6875,4,1.8334926572250265,HI,844930.1875,15665.78125,860595.96875,716731.25,114839.8125
test_id_test_id_000341_24,test_id_000341,309,communication_heavy,3,3,test_id_000341_t3_c3,big,big_0,1,1.4,0.98,308,251068.58,279781.6875,304279.375,311358.5625,327246.0625,4,1.8334926572250265,HI,311358.5625,15665.78125,327024.34375,251068.578125,47464.375
test_id_test_id_000341_25,test_id_000341,309,communication_heavy,3,4,test_id_000341_t3_c4,little,little_1,1,0.9,0.86,308,461573.6,502994.6875,545187.5,557338.9375,581208.3125,4,1.8334926572250265,HI,557338.9375,15665.78125,573004.71875,461573.59375,78213.625
test_id_test_id_000341_26,test_id_000341,309,communication_heavy,3,5,test_id_000341_t3_c5,big,big_1,2,1.8,1.06,308,174380.31,194314.125,213535.8125,219270.0,232437.4375,4,1.8334926572250265,HI,219270.0,15665.78125,234935.78125,174380.3125,38123.3125
test_id_test_id_000341_27,test_id_000341,309,communication_heavy,3,6,test_id_000341_t3_c6,little,little_1,2,1.2,0.93,308,389514.72,427446.5625,463884.28125,474257.28125,495970.53125,4,1.8334926572250265,HI,474257.28125,15665.78125,489923.0625,389514.71875,68523.96875
test_id_test_id_000341_28,test_id_000341,191,random,4,0,test_id_000341_t4_c0,big,big_1,0,1.0,0.9,190,86789.41,86498.40625,101257.484375,105417.453125,115756.171875,4,1.8334926572250265,HI,105417.453125,15665.78125,121083.234375,86789.40625,29257.765625
test_id_test_id_000341_29,test_id_000341,191,random,4,1,test_id_000341_t4_c1,little,little_1,0,0.6,0.8,190,217838.56,203480.65625,224745.46875,231326.3125,246314.5625,4,1.8334926572250265,HI,231326.3125,15665.78125,246992.09375,217838.5625,42833.90625
test_id_test_id_000341_30,test_id_000341,191,random,4,2,test_id_000341_t4_c2,big,big_0,1,1.4,0.98,190,58552.83,61396.875,74965.625,78870.921875,88339.4375,4,1.8334926572250265,HI,78870.921875,15665.78125,94536.703125,58552.828125,26942.5625
test_id_test_id_000341_31,test_id_000341,191,random,4,3,test_id_000341_t4_c3,little,little_1,1,0.9,0.86,190,137513.55,124182.90625,140167.359375,144767.375,155978.796875,4,1.8334926572250265,HI,144767.375,15665.78125,160433.15625,137513.546875,31795.890625
test_id_test_id_000341_32,test_id_000341,191,random,4,4,test_id_000341_t4_c4,big,big_1,2,1.8,1.06,190,46883.668,47378.53125,60294.234375,64098.40625,73095.046875,4,1.8334926572250265,HI,64098.40625,15665.78125,79764.1875,46883.66796875,25716.515625
test_id_test_id_000341_33,test_id_000341,191,random,4,5,test_id_000341_t4_c5,little,little_0,2,1.2,0.93,190,101786.24,98482.203125,113447.59375,117607.453125,128015.640625,4,1.8334926572250265,HI,117607.453125,15665.78125,133273.234375,101786.2421875,29533.4375
test_id_test_id_000341_34,test_id_000341,191,random,4,6,test_id_000341_t4_c6,big,big_0,3,2.2,1.15,190,41988.465,43127.3125,55890.15625,59703.84375,68642.34375,4,1.8334926572250265,HI,59703.84375,15665.78125,75369.625,41988.46484375,25515.03125
test_id_test_id_000341_35,test_id_000341,87,diverse_fill_1,5,0,test_id_000341_t5_c0,little,little_0,0,0.6,0.8,86,108807.445,93293.515625,108649.640625,113135.71875,124173.890625,4,1.8334926572250265,HI,113135.71875,15665.78125,128801.5,108807.4453125,30880.375
test_id_test_id_000341_36,test_id_000341,87,diverse_fill_1,5,1,test_id_000341_t5_c1,big,big_1,1,1.4,0.98,86,35095.824,30120.640625,42751.609375,46765.78125,55850.609375,4,1.8334926572250265,HI,46765.78125,15665.78125,62431.5625,35095.82421875,25729.96875
test_id_test_id_000341_37,test_id_000341,87,diverse_fill_1,5,2,test_id_000341_t5_c2,little,little_1,1,0.9,0.86,86,72605.79,65758.296875,79839.546875,83877.078125,93659.40625,4,1.8334926572250265,HI,83877.078125,15665.78125,99542.859375,72605.7890625,27901.109375
test_id_test_id_000341_38,test_id_000341,87,diverse_fill_1,5,3,test_id_000341_t5_c3,big,big_0,2,1.8,1.06,86,27650.936,26411.984375,38986.578125,43018.140625,52072.5625,4,1.8334926572250265,HI,43018.140625,15665.78125,58683.921875,27650.935546875,25660.578125
test_id_test_id_000341_39,test_id_000341,87,diverse_fill_1,5,4,test_id_000341_t5_c4,little,little_1,2,1.2,0.93,86,55430.676,49136.484375,62301.375,66197.828125,75384.4375,4,1.8334926572250265,HI,66197.828125,15665.78125,81863.609375,55430.67578125,26247.953125
test_id_test_id_000341_40,test_id_000341,87,diverse_fill_1,5,5,test_id_000341_t5_c5,big,big_1,3,2.2,1.15,86,20943.707,20719.953125,33263.5625,37308.03125,46240.8125,4,1.8334926572250265,HI,37308.03125,15665.78125,52973.8125,20943.70703125,25520.859375
test_id_test_id_000341_41,test_id_000341,87,diverse_fill_1,5,6,test_id_000341_t5_c6,little,little_1,3,1.5,1.0,86,40810.305,33172.078125,45606.75,49424.34375,58178.515625,4,1.8334926572250265,HI,49424.34375,15665.78125,65090.125,40810.3046875,25006.4375
test_id_test_id_000343_00,test_id_000343,11,source_like,0,0,test_id_000343_t0_c0,big,big_0,3,2.2,1.15,10,45744.33,46221.328125,59024.40625,62782.90625,71664.34375,4,1.8334926572250265,LO,62782.90625,0.0,62782.90625,45744.328125,25443.015625
test_id_test_id_000343_01,test_id_000343,11,source_like,0,1,test_id_000343_t0_c1,little,little_0,3,1.5,1.0,10,100045.52,95611.90625,110416.640625,114479.75,124690.421875,4,1.8334926572250265,LO,114479.75,0.0,114479.75,100045.5234375,29078.515625
test_id_test_id_000343_02,test_id_000343,11,source_like,0,2,test_id_000343_t0_c2,big,big_1,0,1.0,0.9,10,97579.66,92847.765625,107766.3125,111909.390625,122265.265625,4,1.8334926572250265,LO,111909.390625,0.0,111909.390625,97579.65625,29417.5
test_id_test_id_000343_03,test_id_000343,11,source_like,0,3,test_id_000343_t0_c3,little,little_1,0,0.6,0.8,10,258539.3,241938.46875,265407.65625,272448.0625,288478.78125,4,1.8334926572250265,LO,272448.0625,0.0,272448.0625,258539.296875,46540.3125
test_id_test_id_000343_04,test_id_000343,11,source_like,0,4,test_id_000343_t0_c4,big,big_1,1,1.4,0.98,10,69334.79,70516.09375,84448.375,88349.515625,97960.046875,4,1.8334926572250265,LO,88349.515625,0.0,88349.515625,69334.7890625,27443.953125
test_id_test_id_000343_05,test_id_000343,11,source_like,0,5,test_id_000343_t0_c5,little,little_1,1,0.9,0.86,10,171685.38,171134.40625,189339.71875,194785.140625,207467.125,4,1.8334926572250265,LO,194785.140625,0.0,194785.140625,171685.375,36332.71875
test_id_test_id_000343_06,test_id_000343,11,source_like,0,6,test_id_000343_t0_c6,big,big_1,2,1.8,1.06,10,54842.45,55281.203125,68480.25,72280.171875,81420.234375,4,1.8334926572250265,LO,72280.171875,0.0,72280.171875,54842.44921875,26139.03125
test_id_test_id_000343_07,test_id_000343,466,sink_like,1,0,test_id_000343_t1_c0,little,little_1,3,1.5,1.0,465,320357.2,330774.21875,359103.25,367154.46875,384972.90625,4,1.8334926572250265,LO,367154.46875,0.0,367154.46875,320357.1875,54198.6875
test_id_test_id_000343_08,test_id_000343,466,sink_like,1,1,test_id_000343_t1_c1,big,big_1,0,1.0,0.9,465,340517.2,336475.1875,365140.8125,373252.46875,391216.125,4,1.8334926572250265,LO,373252.46875,0.0,373252.46875,340517.1875,54740.9375
test_id_test_id_000343_09,test_id_000343,466,sink_like,1,2,test_id_000343_t1_c2,little,little_0,0,0.6,0.8,465,635758.8,697028.0,753407.875,770506.5,799126.5625,4,1.8334926572250265,LO,770506.5,0.0,770506.5,635758.8125,102098.5625
test_id_test_id_000343_10,test_id_000343,466,sink_like,1,3,test_id_000343_t1_c3,big,big_0,1,1.4,0.98,465,243823.81,251258.0625,273908.8125,280553.6875,295533.6875,4,1.8334926572250265,LO,280553.6875,0.0,280553.6875,243823.8125,44275.625
test_id_test_id_000343_11,test_id_000343,466,sink_like,1,4,test_id_000343_t1_c4,little,little_0,1,0.9,0.86,465,426443.5,455290.25,493537.46875,504411.1875,526726.3125,4,1.8334926572250265,LO,504411.1875,0.0,504411.1875,426443.5,71436.0625
test_id_test_id_000343_12,test_id_000343,466,sink_like,1,5,test_id_000343_t1_c5,big,big_0,2,1.8,1.06,465,176926.52,188874.796875,207815.328125,213469.421875,226487.328125,4,1.8334926572250265,LO,213469.421875,0.0,213469.421875,176926.515625,37612.53125
test_id_test_id_000343_13,test_id_000343,466,sink_like,1,6,test_id_000343_t1_c6,little,little_0,2,1.2,0.93,465,441935.03,425441.09375,461826.625,472201.59375,493930.46875,4,1.8334926572250265,LO,472201.59375,0.0,472201.59375,441935.03125,68489.375
test_id_test_id_000343_14,test_id_000343,241,middle,2,0,test_id_000343_t2_c0,big,big_1,0,1.0,0.9,240,194781.52,192732.25,211808.515625,217496.09375,230578.78125,4,1.8334926572250265,LO,217496.09375,0.0,217496.09375,194781.515625,37846.53125
test_id_test_id_000343_15,test_id_000343,241,middle,2,1,test_id_000343_t2_c1,little,little_0,0,0.6,0.8,240,357569.47,374226.65625,404620.5,412920.625,431245.5625,4,1.8334926572250265,LO,412920.625,0.0,412920.625,357569.46875,57018.90625
test_id_test_id_000343_16,test_id_000343,241,middle,2,2,test_id_000343_t2_c2,big,big_1,1,1.4,0.98,240,121658.64,130097.90625,145769.875,150190.453125,161015.96875,4,1.8334926572250265,LO,150190.453125,0.0,150190.453125,121658.640625,30918.0625
test_id_test_id_000343_17,test_id_000343,241,middle,2,3,test_id_000343_t2_c3,little,little_1,1,0.9,0.86,240,266833.12,267776.125,291388.875,298200.34375,313586.5,4,1.8334926572250265,LO,298200.34375,0.0,298200.34375,266833.125,45810.375
test_id_test_id_000343_18,test_id_000343,241,middle,2,4,test_id_000343_t2_c4,big,big_0,2,1.8,1.06,240,135839.88,142902.5625,159225.53125,163889.484375,175136.78125,4,1.8334926572250265,LO,163889.484375,0.0,163889.484375,135839.875,32234.21875
test_id_test_id_000343_19,test_id_000343,241,middle,2,5,test_id_000343_t2_c5,little,little_1,2,1.2,0.93,240,237101.53,224653.421875,245495.4375,251630.5,265589.96875,4,1.8334926572250265,LO,251630.5,0.0,251630.5,237101.53125,40936.546875
test_id_test_id_000343_20,test_id_000343,241,middle,2,6,test_id_000343_t2_c6,big,big_1,3,2.2,1.15,240,122800.625,123847.890625,139347.53125,143650.40625,154297.140625,4,1.8334926572250265,LO,143650.40625,0.0,143650.40625,122800.625,30449.25
test_id_test_id_000343_21,test_id_000343,155,high_degree,3,0,test_id_000343_t3_c0,little,little_1,0,0.6,0.8,154,1027821.44,933230.0625,1019473.75,1041829.25,1094016.25,4,1.8334926572250265,LO,1041829.25,0.0,1041829.25,1027821.4375,160786.1875
test_id_test_id_000343_22,test_id_000343,155,high_degree,3,1,test_id_000343_t3_c1,big,big_0,1,1.4,0.98,154,404023.03,383283.0,415825.625,425001.75,444858.46875,4,1.8334926572250265,LO,425001.75,0.0,425001.75,404023.03125,61575.46875
test_id_test_id_000343_23,test_id_000343,155,high_degree,3,2,test_id_000343_t3_c2,little,little_1,1,0.9,0.86,154,539231.94,504260.71875,546685.375,558924.5,582925.625,4,1.8334926572250265,LO,558924.5,0.0,558924.5,539231.9375,78664.90625
test_id_test_id_000343_24,test_id_000343,155,high_degree,3,3,test_id_000343_t3_c3,big,big_1,2,1.8,1.06,154,332757.97,348956.59375,378667.0,387063.53125,405554.90625,4,1.8334926572250265,LO,387063.53125,0.0,387063.53125,332757.96875,56598.3125
test_id_test_id_000343_25,test_id_000343,155,high_degree,3,4,test_id_000343_t3_c4,little,little_1,2,1.2,0.93,154,606328.9,578285.25,628225.75,643162.9375,670581.875,4,1.8334926572250265,LO,643162.9375,0.0,643162.9375,606328.875,92296.625
test_id_test_id_000343_26,test_id_000343,155,high_degree,3,5,test_id_000343_t3_c5,big,big_0,3,2.2,1.15,154,338290.38,319492.25,346888.65625,354687.1875,372038.78125,4,1.8334926572250265,LO,354687.1875,0.0,354687.1875,338290.375,52546.53125
test_id_test_id_000343_27,test_id_000343,155,high_degree,3,6,test_id_000343_t3_c6,little,little_0,3,1.5,1.0,154,398519.06,398579.125,432553.3125,442170.6875,462740.25,4,1.8334926572250265,LO,442170.6875,0.0,442170.6875,398519.0625,64161.125
test_id_test_id_000343_28,test_id_000343,143,communication_heavy,4,0,test_id_000343_t4_c0,big,big_0,1,1.4,0.98,142,486032.06,482205.96875,523408.625,535312.375,559076.5,4,1.8334926572250265,LO,535312.375,0.0,535312.375,486032.0625,76870.53125
test_id_test_id_000343_29,test_id_000343,143,communication_heavy,4,1,test_id_000343_t4_c1,little,little_1,1,0.9,0.86,142,687678.5,686794.0625,745989.25,763944.625,795133.125,4,1.8334926572250265,LO,763944.625,0.0,763944.625,687678.5,108339.0625
test_id_test_id_000343_30,test_id_000343,143,communication_heavy,4,2,test_id_000343_t4_c2,big,big_0,2,1.8,1.06,142,447232.84,435442.3125,472768.40625,483432.6875,505597.3125,4,1.8334926572250265,LO,483432.6875,0.0,483432.6875,447232.84375,70155.0
test_id_test_id_000343_31,test_id_000343,143,communication_heavy,4,3,test_id_000343_t4_c3,little,little_1,2,1.2,0.93,142,588765.8,595383.75,647004.875,662541.0,690712.75,4,1.8334926572250265,LO,662541.0,0.0,662541.0,588765.8125,95329.0
test_id_test_id_000343_32,test_id_000343,143,communication_heavy,4,4,test_id_000343_t4_c4,big,big_0,3,2.2,1.15,142,254698.9,257354.515625,280358.3125,287084.59375,302228.21875,4,1.8334926572250265,LO,287084.59375,0.0,287084.59375,254698.90625,44873.703125
test_id_test_id_000343_33,test_id_000343,143,communication_heavy,4,5,test_id_000343_t4_c5,little,little_0,3,1.5,1.0,142,479702.78,473426.9375,514084.25,525822.125,549452.25,4,1.8334926572250265,LO,525822.125,0.0,525822.125,479702.78125,76025.3125
test_id_test_id_000343_34,test_id_000343,143,communication_heavy,4,6,test_id_000343_t4_c6,big,big_1,0,1.0,0.9,142,382076.6,390306.5625,423364.625,432686.125,452783.25,4,1.8334926572250265,LO,432686.125,0.0,432686.125,382076.59375,62476.6875
test_id_test_id_000343_35,test_id_000343,293,random,5,0,test_id_000343_t5_c0,little,little_0,1,0.9,0.86,292,340445.94,336610.75,365170.21875,373241.65625,391107.5,4,1.8334926572250265,LO,373241.65625,0.0,373241.65625,340445.9375,54496.75
test_id_test_id_000343_36,test_id_000343,293,random,5,1,test_id_000343_t5_c1,big,big_0,2,1.8,1.06,292,156885.28,159584.28125,176812.671875,181842.484375,193726.859375,4,1.8334926572250265,LO,181842.484375,0.0,181842.484375,156885.28125,34142.578125
test_id_test_id_000343_37,test_id_000343,293,random,5,2,test_id_000343_t5_c2,little,little_1,2,1.2,0.93,292,217108.62,230216.609375,251546.4375,257865.5,272173.125,4,1.8334926572250265,LO,257865.5,0.0,257865.5,217108.625,41956.515625
test_id_test_id_000343_38,test_id_000343,293,random,5,3,test_id_000343_t5_c3,big,big_1,3,2.2,1.15,292,149211.33,141884.953125,158204.78125,162857.984375,174093.75,4,1.8334926572250265,LO,162857.984375,0.0,162857.984375,149211.328125,32208.796875
test_id_test_id_000343_39,test_id_000343,293,random,5,4,test_id_000343_t5_c4,little,little_0,3,1.5,1.0,292,233087.25,224045.671875,244910.75,251082.96875,265096.1875,4,1.8334926572250265,LO,251082.96875,0.0,251082.96875,233087.25,41050.515625
test_id_test_id_000343_40,test_id_000343,293,random,5,5,test_id_000343_t5_c5,big,big_0,0,1.0,0.9,292,234308.69,238343.96875,260137.234375,266549.59375,281065.1875,4,1.8334926572250265,LO,266549.59375,0.0,266549.59375,234308.6875,42721.21875
test_id_test_id_000343_41,test_id_000343,293,random,5,6,test_id_000343_t5_c6,little,little_0,0,0.6,0.8,292,509571.06,503539.875,543315.5,554565.625,576563.6875,4,1.8334926572250265,LO,554565.625,0.0,554565.625,509571.0625,73023.8125
test_id_test_id_000386_00,test_id_000386,14,source_like,0,0,test_id_000386_t0_c0,little,little_0,1,0.9,0.86,13,173220.88,172352.703125,190894.5,196516.09375,209516.078125,4,1.8334926572250265,HI,196516.09375,15665.78125,212181.875,173220.875,37163.375
test_id_test_id_000386_01,test_id_000386,14,source_like,0,1,test_id_000386_t0_c1,big,big_0,2,1.8,1.06,13,60034.34,58300.625,71620.53125,75426.484375,84637.234375,4,1.8334926572250265,HI,75426.484375,15665.78125,91092.265625,60034.33984375,26336.609375
test_id_test_id_000386_02,test_id_000386,14,source_like,0,2,test_id_000386_t0_c2,little,little_0,2,1.2,0.93,13,131659.03,135997.4375,152050.59375,156655.125,167800.34375,4,1.8334926572250265,HI,156655.125,15665.78125,172320.90625,131659.03125,31802.90625
test_id_test_id_000386_03,test_id_000386,14,source_like,0,3,test_id_000386_t0_c3,big,big_1,3,2.2,1.15,13,48259.793,47747.78125,60594.90625,64341.625,73230.390625,4,1.8334926572250265,HI,64341.625,15665.78125,80007.40625,48259.79296875,25482.609375
test_id_test_id_000386_04,test_id_000386,14,source_like,0,4,test_id_000386_t0_c4,little,little_1,3,1.5,1.0,13,109022.836,105971.578125,121024.34375,125164.484375,135545.890625,4,1.8334926572250265,HI,125164.484375,15665.78125,140830.265625,109022.8359375,29574.3125
test_id_test_id_000386_05,test_id_000386,14,source_like,0,5,test_id_000386_t0_c5,big,big_1,0,1.0,0.9,13,111983.77,107325.59375,122530.5,126782.71875,137379.21875,4,1.8334926572250265,HI,126782.71875,15665.78125,142448.5,111983.7734375,30053.625
test_id_test_id_000386_06,test_id_000386,14,source_like,0,6,test_id_000386_t0_c6,little,little_0,0,0.6,0.8,13,258441.33,263468.125,287960.96875,295102.84375,311473.46875,4,1.8334926572250265,HI,295102.84375,15665.78125,310768.625,258441.328125,48005.34375
test_id_test_id_000386_07,test_id_000386,287,sink_like,1,0,test_id_000386_t1_c0,big,big_1,2,1.8,1.06,286,204053.88,222659.546875,243629.359375,249887.4375,264067.25,4,1.8334926572250265,HI,249887.4375,15665.78125,265553.21875,204053.875,41407.703125
test_id_test_id_000386_08,test_id_000386,287,sink_like,1,1,test_id_000386_t1_c1,little,little_1,2,1.2,0.93,286,339672.1,359937.90625,390544.625,399192.40625,418119.09375,4,1.8334926572250265,HI,399192.40625,15665.78125,414858.1875,339672.09375,58181.1875
test_id_test_id_000386_09,test_id_000386,287,sink_like,1,2,test_id_000386_t1_c2,big,big_0,3,2.2,1.15,286,194367.12,195914.125,215351.40625,221185.0,234546.6875,4,1.8334926572250265,HI,221185.0,15665.78125,236850.78125,194367.125,38632.5625
test_id_test_id_000386_10,test_id_000386,287,sink_like,1,3,test_id_000386_t1_c3,little,little_1,3,1.5,1.0,286,262529.5,276876.1875,301169.1875,308202.1875,323981.9375,4,1.8334926572250265,HI,308202.1875,15665.78125,323867.96875,262529.5,47105.75
test_id_test_id_000386_11,test_id_000386,287,sink_like,1,4,test_id_000386_t1_c4,big,big_1,0,1.0,0.9,286,294630.25,307296.21875,333723.78125,341255.9375,358100.0625,4,1.8334926572250265,HI,341255.9375,15665.78125,356921.71875,294630.25,50803.84375
test_id_test_id_000386_12,test_id_000386,287,sink_like,1,5,test_id_000386_t1_c5,little,little_0,0,0.6,0.8,286,545145.5,562449.25,607163.6875,620124.25,643963.875,4,1.8334926572250265,HI,620124.25,15665.78125,635790.03125,545145.5,81514.625
test_id_test_id_000386_13,test_id_000386,287,sink_like,1,6,test_id_000386_t1_c6,big,big_1,1,1.4,0.98,286,300082.88,304272.5625,330532.3125,338038.8125,354799.5,4,1.8334926572250265,HI,338038.8125,15665.78125,353704.59375,300082.875,50526.9375
test_id_test_id_000386_14,test_id_000386,167,middle,2,0,test_id_000386_t2_c0,little,little_0,2,1.2,0.93,166,193603.19,207825.453125,227684.6875,233567.21875,247024.140625,4,1.8334926572250265,HI,233567.21875,15665.78125,249233.0,193603.1875,39198.6875
test_id_test_id_000386_15,test_id_000386,167,middle,2,1,test_id_000386_t2_c1,big,big_1,3,2.2,1.15,166,112620.27,105850.578125,120709.75,124778.5,135016.171875,4,1.8334926572250265,HI,124778.5,15665.78125,140444.28125,112620.2734375,29165.59375
test_id_test_id_000386_16,test_id_000386,167,middle,2,2,test_id_000386_t2_c2,little,little_1,3,1.5,1.0,166,166521.78,162591.65625,179837.84375,184868.90625,196743.96875,4,1.8334926572250265,HI,184868.90625,15665.78125,200534.6875,166521.78125,34152.3125
test_id_test_id_000386_17,test_id_000386,167,middle,2,3,test_id_000386_t2_c3,big,big_1,0,1.0,0.9,166,263830.47,250643.265625,273105.21875,279635.90625,294415.71875,4,1.8334926572250265,HI,279635.90625,15665.78125,295301.6875,263830.46875,43772.453125
test_id_test_id_000386_18,test_id_000386,167,middle,2,4,test_id_000386_t2_c4,little,little_0,0,0.6,0.8,166,393974.97,378403.53125,409180.90625,417615.125,436159.5625,4,1.8334926572250265,HI,417615.125,15665.78125,433280.90625,393974.96875,57756.03125
test_id_test_id_000386_19,test_id_000386,167,middle,2,5,test_id_000386_t2_c5,big,big_0,1,1.4,0.98,166,185113.75,182726.65625,201206.890625,206702.625,219415.78125,4,1.8334926572250265,HI,206702.625,15665.78125,222368.40625,185113.75,36689.125
test_id_test_id_000386_20,test_id_000386,167,middle,2,6,test_id_000386_t2_c6,little,little_0,1,0.9,0.86,166,271967.3,254090.015625,276855.28125,283469.5625,298447.78125,4,1.8334926572250265,HI,283469.5625,15665.78125,299135.34375,271967.3125,44357.765625
test_id_test_id_000386_21,test_id_000386,237,high_degree,3,0,test_id_000386_t3_c0,big,big_0,3,2.2,1.15,236,159253.23,152551.953125,169442.34375,174329.0625,185970.34375,4,1.8334926572250265,HI,174329.0625,15665.78125,189994.84375,159253.234375,33418.390625
test_id_test_id_000386_22,test_id_000386,237,high_degree,3,1,test_id_000386_t3_c1,little,little_0,3,1.5,1.0,236,275239.5,242875.671875,264950.78125,271449.28125,286114.9375,4,1.8334926572250265,HI,271449.28125,15665.78125,287115.0625,275239.5,43239.265625
test_id_test_id_000386_23,test_id_000386,237,high_degree,3,2,test_id_000386_t3_c2,big,big_0,0,1.0,0.9,236,286952.25,285819.96875,310705.09375,317854.46875,333906.75,4,1.8334926572250265,HI,317854.46875,15665.78125,333520.25,286952.25,48086.78125
test_id_test_id_000386_24,test_id_000386,237,high_degree,3,3,test_id_000386_t3_c3,little,little_1,0,0.6,0.8,236,521185.97,515017.09375,555753.125,567315.5,589720.25,4,1.8334926572250265,HI,567315.5,15665.78125,582981.28125,521185.96875,74703.15625
test_id_test_id_000386_25,test_id_000386,237,high_degree,3,4,test_id_000386_t3_c4,big,big_0,1,1.4,0.98,236,235476.0,225132.734375,246123.703125,252345.3125,266455.46875,4,1.8334926572250265,HI,252345.3125,15665.78125,268011.09375,235476.0,41322.734375
test_id_test_id_000386_26,test_id_000386,237,high_degree,3,5,test_id_000386_t3_c5,little,little_0,1,0.9,0.86,236,351767.56,347840.71875,377235.75,385521.625,403787.3125,4,1.8334926572250265,HI,385521.625,15665.78125,401187.40625,351767.5625,55946.59375
test_id_test_id_000386_27,test_id_000386,237,high_degree,3,6,test_id_000386_t3_c6,big,big_0,2,1.8,1.06,236,186304.23,175719.75,193873.609375,199251.875,211760.0,4,1.8334926572250265,HI,199251.875,15665.78125,214917.65625,186304.234375,36040.25
test_id_test_id_000386_28,test_id_000386,191,random,4,0,test_id_000386_t4_c0,little,little_0,3,1.5,1.0,190,194193.39,187641.40625,206514.734375,212159.71875,225149.046875,4,1.8334926572250265,HI,212159.71875,15665.78125,227825.5,194193.390625,37507.640625
test_id_test_id_000386_29,test_id_000386,191,random,4,1,test_id_000386_t4_c1,big,big_0,0,1.0,0.9,190,200170.72,210974.0625,231250.078125,237327.8125,251154.96875,4,1.8334926572250265,HI,237327.8125,15665.78125,252993.59375,200170.71875,40180.90625
test_id_test_id_000386_30,test_id_000386,191,random,4,2,test_id_000386_t4_c2,little,little_1,0,0.6,0.8,190,497474.84,481658.375,519034.28125,529431.0,550201.375,4,1.8334926572250265,HI,529431.0,15665.78125,545096.78125,497474.84375,68543.0
test_id_test_id_000386_31,test_id_000386,191,random,4,3,test_id_000386_t4_c3,big,big_1,1,1.4,0.98,190,153327.44,144044.03125,160461.21875,165187.125,176539.1875,4,1.8334926572250265,HI,165187.125,15665.78125,180852.90625,153327.4375,32495.15625
test_id_test_id_000386_32,test_id_000386,191,random,4,4,test_id_000386_t4_c4,little,little_1,1,0.9,0.86,190,336227.6,317148.34375,344111.0,351746.875,368772.3125,4,1.8334926572250265,HI,351746.875,15665.78125,367412.65625,336227.59375,51623.96875
test_id_test_id_000386_33,test_id_000386,191,random,4,5,test_id_000386_t4_c5,big,big_1,2,1.8,1.06,190,127220.55,135412.53125,151406.890625,155937.5,166962.1875,4,1.8334926572250265,HI,155937.5,15665.78125,171603.28125,127220.546875,31549.65625
test_id_test_id_000386_34,test_id_000386,191,random,4,6,test_id_000386_t4_c6,little,little_0,2,1.2,0.93,190,276298.4,264670.6875,288053.21875,294832.15625,310093.34375,4,1.8334926572250265,HI,294832.15625,15665.78125,310497.9375,276298.40625,45422.65625
test_id_test_id_000386_35,test_id_000386,165,diverse_fill_1,5,0,test_id_000386_t5_c0,big,big_0,0,1.0,0.9,164,130305.61,123372.859375,139282.640625,143847.234375,155013.78125,4,1.8334926572250265,HI,143847.234375,15665.78125,159513.015625,130305.609375,31640.921875
test_id_test_id_000386_36,test_id_000386,165,diverse_fill_1,5,1,test_id_000386_t5_c1,little,little_1,0,0.6,0.8,164,220935.78,235459.25,258833.78125,265955.03125,282168.5625,4,1.8334926572250265,HI,265955.03125,15665.78125,281620.8125,220935.78125,46709.3125
test_id_test_id_000386_37,test_id_000386,165,diverse_fill_1,5,2,test_id_000386_t5_c2,big,big_1,1,1.4,0.98,164,104565.6,100747.5625,115760.6875,119922.359375,130345.734375,4,1.8334926572250265,HI,119922.359375,15665.78125,135588.140625,104565.6015625,29598.171875
test_id_test_id_000386_38,test_id_000386,165,diverse_fill_1,5,3,test_id_000386_t5_c3,little,little_0,1,0.9,0.86,164,145239.36,160126.65625,177963.21875,183304.53125,195817.84375,4,1.8334926572250265,HI,183304.53125,15665.78125,198970.3125,145239.359375,35691.1875
test_id_test_id_000386_39,test_id_000386,165,diverse_fill_1,5,4,test_id_000386_t5_c4,big,big_1,2,1.8,1.06,164,71898.99,70499.921875,84328.921875,88208.390625,97786.1875,4,1.8334926572250265,HI,88208.390625,15665.78125,103874.171875,71898.9921875,27286.265625
test_id_test_id_000386_40,test_id_000386,165,diverse_fill_1,5,5,test_id_000386_t5_c5,little,little_1,2,1.2,0.93,164,138603.12,134943.453125,151083.59375,155718.0625,166943.40625,4,1.8334926572250265,HI,155718.0625,15665.78125,171383.84375,138603.125,31999.953125
test_id_test_id_000386_41,test_id_000386,165,diverse_fill_1,5,6,test_id_000386_t5_c6,big,big_1,3,2.2,1.15,164,66467.836,61138.578125,74543.875,78354.546875,87635.015625,4,1.8334926572250265,HI,78354.546875,15665.78125,94020.328125,66467.8359375,26496.4375
test_id_test_id_000423_00,test_id_000423,6,source_like,0,0,test_id_000423_t0_c0,big,big_1,3,2.2,1.15,5,33975.176,36979.234375,49552.0625,53371.8125,62193.6875,4,1.8334926572250265,LO,53371.8125,0.0,53371.8125,33975.17578125,25214.453125
test_id_test_id_000423_01,test_id_000423,6,source_like,0,1,test_id_000423_t0_c1,little,little_1,3,1.5,1.0,5,76732.484,72176.78125,86245.90625,90175.578125,99867.515625,4,1.8334926572250265,LO,90175.578125,0.0,90175.578125,76732.484375,27690.734375
test_id_test_id_000423_02,test_id_000423,6,source_like,0,2,test_id_000423_t0_c2,big,big_1,0,1.0,0.9,5,72634.46,69636.890625,83683.09375,87667.3125,97429.109375,4,1.8334926572250265,LO,87667.3125,0.0,87667.3125,72634.4609375,27792.21875
test_id_test_id_000423_03,test_id_000423,6,source_like,0,3,test_id_000423_t0_c3,little,little_1,0,0.6,0.8,5,197486.45,174062.125,193374.4375,199311.5,213006.984375,4,1.8334926572250265,LO,199311.5,0.0,199311.5,197486.453125,38944.859375
test_id_test_id_000423_04,test_id_000423,6,source_like,0,4,test_id_000423_t0_c4,big,big_0,1,1.4,0.98,5,52328.29,51596.0625,64722.640625,68559.375,77697.640625,4,1.8334926572250265,LO,68559.375,0.0,68559.375,52328.2890625,26101.578125
test_id_test_id_000423_05,test_id_000423,6,source_like,0,5,test_id_000423_t0_c5,little,little_1,1,0.9,0.86,5,130898.51,125834.875,141954.390625,146643.0625,158036.46875,4,1.8334926572250265,LO,146643.0625,0.0,146643.0625,130898.5078125,32201.59375
test_id_test_id_000423_06,test_id_000423,6,source_like,0,6,test_id_000423_t0_c6,big,big_1,2,1.8,1.06,5,39880.805,39639.015625,52229.453125,55995.796875,64759.8125,4,1.8334926572250265,LO,55995.796875,0.0,55995.796875,39880.8046875,25120.796875
test_id_test_id_000423_07,test_id_000423,72,sink_like,1,0,test_id_000423_t1_c0,little,little_0,3,1.5,1.0,71,410547.84,432785.125,469808.8125,480371.5,502374.90625,4,1.8334926572250265,LO,480371.5,0.0,480371.5,410547.84375,69589.78125
test_id_test_id_000423_08,test_id_000423,72,sink_like,1,1,test_id_000423_t1_c1,big,big_0,0,1.0,0.9,71,365726.47,360015.84375,390615.21875,399245.90625,418174.1875,4,1.8334926572250265,LO,399245.90625,0.0,399245.90625,365726.46875,58158.34375
test_id_test_id_000423_09,test_id_000423,72,sink_like,1,2,test_id_000423_t1_c2,little,little_0,0,0.6,0.8,71,735948.94,744753.25,807225.9375,826243.3125,858693.3125,4,1.8334926572250265,LO,826243.3125,0.0,826243.3125,735948.9375,113940.0625
test_id_test_id_000423_10,test_id_000423,72,sink_like,1,3,test_id_000423_t1_c3,big,big_0,1,1.4,0.98,71,345174.66,368581.9375,399912.90625,408751.0625,428036.625,4,1.8334926572250265,LO,408751.0625,0.0,408751.0625,345174.65625,59454.6875
test_id_test_id_000423_11,test_id_000423,72,sink_like,1,4,test_id_000423_t1_c4,little,little_1,1,0.9,0.86,71,589850.94,663833.3125,720740.25,738000.5,768074.3125,4,1.8334926572250265,LO,738000.5,0.0,738000.5,589850.9375,104241.0
test_id_test_id_000423_12,test_id_000423,72,sink_like,1,5,test_id_000423_t1_c5,big,big_1,2,1.8,1.06,71,220166.89,244458.4375,266592.1875,273078.4375,287739.0625,4,1.8334926572250265,LO,273078.4375,0.0,273078.4375,220166.890625,43280.625
test_id_test_id_000423_13,test_id_000423,72,sink_like,1,6,test_id_000423_t1_c6,little,little_0,2,1.2,0.93,71,458960.78,464304.15625,503937.0625,515321.5625,538422.9375,4,1.8334926572250265,LO,515321.5625,0.0,515321.5625,458960.78125,74118.78125
test_id_test_id_000423_14,test_id_000423,247,middle,2,0,test_id_000423_t2_c0,big,big_1,0,1.0,0.9,246,366487.25,372984.28125,404745.875,413727.34375,433244.8125,4,1.8334926572250265,LO,413727.34375,0.0,413727.34375,366487.25,60260.53125
test_id_test_id_000423_15,test_id_000423,247,middle,2,1,test_id_000423_t2_c1,little,little_1,0,0.6,0.8,246,649147.4,644497.75,695723.3125,711040.25,737133.25,4,1.8334926572250265,LO,711040.25,0.0,711040.25,649147.375,92635.5
test_id_test_id_000423_16,test_id_000423,247,middle,2,2,test_id_000423_t2_c2,big,big_0,1,1.4,0.98,246,203718.64,201663.375,221260.75,227089.21875,240441.984375,4,1.8334926572250265,LO,227089.21875,0.0,227089.21875,203718.640625,38778.609375
test_id_test_id_000423_17,test_id_000423,247,middle,2,3,test_id_000423_t2_c3,little,little_1,1,0.9,0.86,246,420545.0,431701.25,468022.5625,478306.5,499812.5625,4,1.8334926572250265,LO,478306.5,0.0,478306.5,420545.0,68111.3125
test_id_test_id_000423_18,test_id_000423,247,middle,2,4,test_id_000423_t2_c4,big,big_0,2,1.8,1.06,246,211396.75,204519.6875,224355.71875,230280.125,243811.203125,4,1.8334926572250265,LO,230280.125,0.0,230280.125,211396.75,39291.515625
test_id_test_id_000423_19,test_id_000423,247,middle,2,5,test_id_000423_t2_c5,little,little_0,2,1.2,0.93,246,327231.3,328495.0625,356529.375,364484.9375,382126.1875,4,1.8334926572250265,LO,364484.9375,0.0,364484.9375,327231.3125,53631.125
test_id_test_id_000423_20,test_id_000423,247,middle,2,6,test_id_000423_t2_c6,big,big_0,3,2.2,1.15,246,182434.48,186730.84375,205552.84375,211167.046875,224115.53125,4,1.8334926572250265,LO,211167.046875,0.0,211167.046875,182434.484375,37384.6875
test_id_test_id_000423_21,test_id_000423,34,high_degree,3,0,test_id_000423_t3_c0,little,little_0,0,0.6,0.8,33,433192.62,385848.03125,417573.25,426379.15625,445546.8125,4,1.8334926572250265,LO,426379.15625,0.0,426379.15625,433192.625,59698.78125
test_id_test_id_000423_22,test_id_000423,34,high_degree,3,1,test_id_000423_t3_c1,big,big_1,1,1.4,0.98,33,199876.39,184040.21875,202553.8125,208049.03125,220761.09375,4,1.8334926572250265,LO,208049.03125,0.0,208049.03125,199876.390625,36720.875
test_id_test_id_000423_23,test_id_000423,34,high_degree,3,2,test_id_000423_t3_c2,little,little_1,1,0.9,0.86,33,304542.72,279836.65625,304236.03125,311237.0,327003.75,4,1.8334926572250265,LO,311237.0,0.0,311237.0,304542.71875,47167.09375
test_id_test_id_000423_24,test_id_000423,34,high_degree,3,3,test_id_000423_t3_c3,big,big_1,2,1.8,1.06,33,169427.67,149705.5,166334.03125,171125.71875,182586.21875,4,1.8334926572250265,LO,171125.71875,0.0,171125.71875,169427.671875,32880.71875
test_id_test_id_000423_25,test_id_000423,34,high_degree,3,4,test_id_000423_t3_c4,little,little_1,2,1.2,0.93,33,298252.94,274660.65625,298729.875,305664.375,321261.40625,4,1.8334926572250265,LO,305664.375,0.0,305664.375,298252.9375,46600.75
test_id_test_id_000423_26,test_id_000423,34,high_degree,3,5,test_id_000423_t3_c5,big,big_1,3,2.2,1.15,33,127732.74,110104.8125,125037.109375,129139.78125,139434.703125,4,1.8334926572250265,LO,129139.78125,0.0,129139.78125,127732.7421875,29329.890625
test_id_test_id_000423_27,test_id_000423,34,high_degree,3,6,test_id_000423_t3_c6,little,little_0,3,1.5,1.0,33,191217.77,175728.25,193642.4375,198898.09375,211179.375,4,1.8334926572250265,LO,198898.09375,0.0,198898.09375,191217.765625,35451.125
test_id_test_id_000423_28,test_id_000423,71,communication_heavy,4,0,test_id_000423_t4_c0,big,big_1,1,1.4,0.98,70,494077.4,450458.1875,488766.8125,499696.0,522197.5625,4,1.8334926572250265,LO,499696.0,0.0,499696.0,494077.40625,71739.375
test_id_test_id_000423_29,test_id_000423,71,communication_heavy,4,1,test_id_000423_t4_c1,little,little_0,1,0.9,0.86,70,1052498.8,1059212.5,1174143.5,1202160.75,1287575.125,4,1.8334926572250265,LO,1202160.75,0.0,1202160.75,1052498.75,228362.625
test_id_test_id_000423_30,test_id_000423,71,communication_heavy,4,2,test_id_000423_t4_c2,big,big_1,2,1.8,1.06,70,493411.16,457223.4375,496393.625,507638.46875,530600.0,4,1.8334926572250265,LO,507638.46875,0.0,507638.46875,493411.15625,73376.5625
test_id_test_id_000423_31,test_id_000423,71,communication_heavy,4,3,test_id_000423_t4_c3,little,little_0,2,1.2,0.93,70,793532.75,741050.375,810056.5625,831046.6875,868790.375,4,1.8334926572250265,LO,831046.6875,0.0,831046.6875,793532.75,127740.0
test_id_test_id_000423_32,test_id_000423,71,communication_heavy,4,4,test_id_000423_t4_c4,big,big_1,3,2.2,1.15,70,494007.7,439700.125,477610.3125,488484.25,510975.9375,4,1.8334926572250265,LO,488484.25,0.0,488484.25,494007.6875,71275.8125
test_id_test_id_000423_33,test_id_000423,71,communication_heavy,4,5,test_id_000423_t4_c5,little,little_1,3,1.5,1.0,70,616464.7,611057.0,665279.375,681803.3125,711600.625,4,1.8334926572250265,LO,681803.3125,0.0,681803.3125,616464.6875,100543.625
test_id_test_id_000423_34,test_id_000423,71,communication_heavy,4,6,test_id_000423_t4_c6,big,big_0,0,1.0,0.9,70,675644.7,608698.4375,660267.25,675758.375,703417.75,4,1.8334926572250265,LO,675758.375,0.0,675758.375,675644.6875,94719.3125
test_id_test_id_000423_35,test_id_000423,45,random,5,0,test_id_000423_t5_c0,little,little_1,1,0.9,0.86,44,359294.53,350614.65625,380381.46875,388788.15625,407282.1875,4,1.8334926572250265,LO,388788.15625,0.0,388788.15625,359294.53125,56667.53125
test_id_test_id_000423_36,test_id_000423,45,random,5,1,test_id_000423_t5_c1,big,big_0,2,1.8,1.06,44,186412.8,176784.328125,194945.875,200319.0,212816.0625,4,1.8334926572250265,LO,200319.0,0.0,200319.0,186412.796875,36031.734375
test_id_test_id_000423_37,test_id_000423,45,random,5,2,test_id_000423_t5_c2,little,little_1,2,1.2,0.93,44,245060.28,236189.8125,257772.109375,264108.84375,278472.75,4,1.8334926572250265,LO,264108.84375,0.0,264108.84375,245060.28125,42282.9375
test_id_test_id_000423_38,test_id_000423,45,random,5,3,test_id_000423_t5_c3,big,big_0,3,2.2,1.15,44,132961.58,133566.875,149386.578125,153855.28125,164762.03125,4,1.8334926572250265,LO,153855.28125,0.0,153855.28125,132961.578125,31195.15625
test_id_test_id_000423_39,test_id_000423,45,random,5,4,test_id_000423_t5_c4,little,little_0,3,1.5,1.0,44,233815.08,215057.15625,235340.109375,241333.921875,255011.390625,4,1.8334926572250265,LO,241333.921875,0.0,241333.921875,233815.078125,39954.234375
test_id_test_id_000423_40,test_id_000423,45,random,5,5,test_id_000423_t5_c5,big,big_0,0,1.0,0.9,44,286480.7,258784.796875,281829.8125,288523.96875,303638.15625,4,1.8334926572250265,LO,288523.96875,0.0,288523.96875,286480.6875,44853.359375
test_id_test_id_000423_41,test_id_000423,45,random,5,6,test_id_000423_t5_c6,little,little_1,0,0.6,0.8,44,569964.56,524561.0625,566378.375,578349.625,601206.625,4,1.8334926572250265,LO,578349.625,0.0,578349.625,569964.5625,76645.5625
test_id_test_id_000438_00,test_id_000438,7,source_like,0,0,test_id_000438_t0_c0,little,little_1,0,0.6,0.8,6,207463.53,191185.875,211693.984375,218025.5625,232480.96875,4,1.8334926572250265,HI,218025.5625,15665.78125,233691.34375,207463.53125,41295.09375
test_id_test_id_000438_01,test_id_000438,7,source_like,0,1,test_id_000438_t0_c1,big,big_1,1,1.4,0.98,6,68489.81,63861.90625,77558.046875,81451.78125,90930.09375,4,1.8334926572250265,HI,81451.78125,15665.78125,97117.5625,68489.8125,27068.1875
test_id_test_id_000438_02,test_id_000438,7,source_like,0,2,test_id_000438_t0_c2,little,little_1,1,0.9,0.86,6,145093.62,139921.328125,156626.1875,161533.84375,173280.125,4,1.8334926572250265,HI,161533.84375,15665.78125,177199.625,145093.625,33358.796875
test_id_test_id_000438_03,test_id_000438,7,source_like,0,3,test_id_000438_t0_c3,big,big_1,2,1.8,1.06,6,47100.4,45263.921875,58053.96875,61825.34375,70711.65625,4,1.8334926572250265,HI,61825.34375,15665.78125,77491.125,47100.3984375,25447.734375
test_id_test_id_000438_04,test_id_000438,7,source_like,0,4,test_id_000438_t0_c4,little,little_1,2,1.2,0.93,6,106394.586,101805.109375,116871.75,121055.53125,131518.65625,4,1.8334926572250265,HI,121055.53125,15665.78125,136721.3125,106394.5859375,29713.546875
test_id_test_id_000438_05,test_id_000438,7,source_like,0,5,test_id_000438_t0_c5,big,big_0,3,2.2,1.15,6,38742.9,39395.84375,51957.203125,55713.703125,64455.921875,4,1.8334926572250265,HI,55713.703125,15665.78125,71379.484375,38742.8984375,25060.078125
test_id_test_id_000438_06,test_id_000438,7,source_like,0,6,test_id_000438_t0_c6,little,little_1,3,1.5,1.0,6,87559.02,85107.15625,99667.3125,103667.46875,113679.203125,4,1.8334926572250265,HI,103667.46875,15665.78125,119333.25,87559.0234375,28572.046875
test_id_test_id_000438_07,test_id_000438,150,sink_like,1,0,test_id_000438_t1_c0,big,big_0,1,1.4,0.98,149,300470.97,317312.25,344494.625,352227.5,369447.09375,4,1.8334926572250265,HI,352227.5,15665.78125,367893.28125,300470.96875,52134.84375
test_id_test_id_000438_08,test_id_000438,150,sink_like,1,1,test_id_000438_t1_c1,little,little_0,1,0.9,0.86,149,538748.9,557451.25,604156.25,617849.375,643387.25,4,1.8334926572250265,HI,617849.375,15665.78125,633515.15625,538748.875,85936.0
test_id_test_id_000438_09,test_id_000438,150,sink_like,1,2,test_id_000438_t1_c2,big,big_1,2,1.8,1.06,149,224969.66,239841.140625,261800.640625,268288.65625,282937.15625,4,1.8334926572250265,HI,268288.65625,15665.78125,283954.4375,224969.65625,43096.015625
test_id_test_id_000438_10,test_id_000438,150,sink_like,1,3,test_id_000438_t1_c3,little,little_1,2,1.2,0.93,149,390382.12,418611.375,454194.3125,464289.625,485579.375,4,1.8334926572250265,HI,464289.625,15665.78125,479955.40625,390382.125,66968.0
test_id_test_id_000438_11,test_id_000438,150,sink_like,1,4,test_id_000438_t1_c4,big,big_1,3,2.2,1.15,149,217725.8,225597.453125,246711.3125,253000.46875,267246.34375,4,1.8334926572250265,HI,253000.46875,15665.78125,268666.25,217725.796875,41648.890625
test_id_test_id_000438_12,test_id_000438,150,sink_like,1,5,test_id_000438_t1_c5,little,little_0,3,1.5,1.0,149,368559.88,351157.125,381084.0625,389552.09375,408157.5625,4,1.8334926572250265,HI,389552.09375,15665.78125,405217.875,368559.875,57000.4375
test_id_test_id_000438_13,test_id_000438,150,sink_like,1,6,test_id_000438_t1_c6,big,big_0,0,1.0,0.9,149,486769.06,478754.5,519466.625,531189.875,554677.125,4,1.8334926572250265,HI,531189.875,15665.78125,546855.65625,486769.0625,75922.625
test_id_test_id_000438_14,test_id_000438,131,middle,2,0,test_id_000438_t2_c0,little,little_0,1,0.9,0.86,130,456672.1,475976.8125,516080.28125,527560.1875,550668.625,4,1.8334926572250265,HI,527560.1875,15665.78125,543225.96875,456672.09375,74691.8125
test_id_test_id_000438_15,test_id_000438,131,middle,2,1,test_id_000438_t2_c1,big,big_0,2,1.8,1.06,130,288646.16,299372.625,325284.15625,332712.375,349312.375,4,1.8334926572250265,HI,332712.375,15665.78125,348378.15625,288646.15625,49939.75
test_id_test_id_000438_16,test_id_000438,131,middle,2,2,test_id_000438_t2_c2,little,little_1,2,1.2,0.93,130,343333.75,387782.5625,420737.375,430051.0625,450116.15625,4,1.8334926572250265,HI,430051.0625,15665.78125,445716.84375,343333.75,62333.59375
test_id_test_id_000438_17,test_id_000438,131,middle,2,3,test_id_000438_t2_c3,big,big_1,3,2.2,1.15,130,193787.62,218233.671875,238944.59375,245137.3125,259191.75,4,1.8334926572250265,HI,245137.3125,15665.78125,260803.09375,193787.625,40958.078125
test_id_test_id_000438_18,test_id_000438,131,middle,2,4,test_id_000438_t2_c4,little,little_1,3,1.5,1.0,130,363015.88,381622.25,414186.1875,423402.8125,443318.5625,4,1.8334926572250265,HI,423402.8125,15665.78125,439068.59375,363015.875,61696.3125
test_id_test_id_000438_19,test_id_000438,131,middle,2,5,test_id_000438_t2_c5,big,big_1,0,1.0,0.9,130,290743.53,304624.75,330825.875,338295.6875,355015.40625,4,1.8334926572250265,HI,338295.6875,15665.78125,353961.46875,290743.53125,50390.65625
test_id_test_id_000438_20,test_id_000438,131,middle,2,6,test_id_000438_t2_c6,little,little_1,0,0.6,0.8,130,666655.5,714203.125,772943.0,790852.0,820928.0625,4,1.8334926572250265,HI,790852.0,15665.78125,806517.78125,666655.5,106724.9375
test_id_test_id_000438_21,test_id_000438,124,communication_heavy,3,0,test_id_000438_t3_c0,big,big_1,2,1.8,1.06,123,247978.62,248299.890625,270784.03125,277399.25,292312.09375,4,1.8334926572250265,HI,277399.25,15665.78125,293065.03125,247978.625,44012.203125
test_id_test_id_000438_22,test_id_000438,124,communication_heavy,3,1,test_id_000438_t3_c1,little,little_1,2,1.2,0.93,123,400492.4,412559.5,447701.53125,457673.09375,478784.3125,4,1.8334926572250265,HI,457673.09375,15665.78125,473338.875,400492.40625,66224.8125
test_id_test_id_000438_23,test_id_000438,124,communication_heavy,3,2,test_id_000438_t3_c2,big,big_0,3,2.2,1.15,123,191478.06,190656.265625,209670.921875,215342.578125,228394.515625,4,1.8334926572250265,HI,215342.578125,15665.78125,231008.359375,191478.0625,37738.25
test_id_test_id_000438_24,test_id_000438,124,communication_heavy,3,3,test_id_000438_t3_c3,little,little_0,3,1.5,1.0,123,338198.3,335547.875,364218.6875,372351.875,390330.34375,4,1.8334926572250265,HI,372351.875,15665.78125,388017.65625,338198.3125,54782.46875
test_id_test_id_000438_25,test_id_000438,124,communication_heavy,3,4,test_id_000438_t3_c4,big,big_1,0,1.0,0.9,123,318831.38,326263.625,354105.5625,361992.3125,379537.0625,4,1.8334926572250265,HI,361992.3125,15665.78125,377658.09375,318831.375,53273.4375
test_id_test_id_000438_26,test_id_000438,124,communication_heavy,3,5,test_id_000438_t3_c5,little,little_1,0,0.6,0.8,123,754895.2,785167.1875,851991.5,871989.1875,907179.4375,4,1.8334926572250265,HI,871989.1875,15665.78125,887654.96875,754895.1875,122012.25
test_id_test_id_000438_27,test_id_000438,124,communication_heavy,3,6,test_id_000438_t3_c6,big,big_1,1,1.4,0.98,123,366040.0,360301.46875,390989.90625,399660.0,418644.46875,4,1.8334926572250265,HI,399660.0,15665.78125,415325.78125,366040.0,58343.0
test_id_test_id_000438_28,test_id_000438,5,random,4,0,test_id_000438_t4_c0,little,little_1,2,1.2,0.93,4,123507.96,136568.40625,152711.90625,157360.5,168586.75,4,1.8334926572250265,HI,157360.5,15665.78125,173026.28125,123507.9609375,32018.34375
test_id_test_id_000438_29,test_id_000438,5,random,4,1,test_id_000438_t4_c1,big,big_0,3,2.2,1.15,4,52870.8,52795.234375,65884.71875,69665.015625,78719.921875,4,1.8334926572250265,HI,69665.015625,15665.78125,85330.796875,52870.80078125,25924.6875
test_id_test_id_000438_30,test_id_000438,5,random,4,2,test_id_000438_t4_c2,little,little_0,3,1.5,1.0,4,109387.21,108562.046875,123665.1875,127830.90625,138254.71875,4,1.8334926572250265,HI,127830.90625,15665.78125,143496.6875,109387.2109375,29692.671875
test_id_test_id_000438_31,test_id_000438,5,random,4,3,test_id_000438_t4_c3,big,big_1,0,1.0,0.9,4,106929.63,108235.953125,123528.609375,127820.15625,138490.203125,4,1.8334926572250265,HI,127820.15625,15665.78125,143485.9375,106929.6328125,30254.25
test_id_test_id_000438_32,test_id_000438,5,random,4,4,test_id_000438_t4_c4,little,little_1,0,0.6,0.8,4,254364.69,260295.375,284635.21875,291751.25,308111.15625,4,1.8334926572250265,HI,291751.25,15665.78125,307417.03125,254364.6875,47815.78125
test_id_test_id_000438_33,test_id_000438,5,random,4,5,test_id_000438_t4_c5,big,big_0,1,1.4,0.98,4,77524.95,80219.515625,94513.828125,98473.109375,108344.390625,4,1.8334926572250265,HI,98473.109375,15665.78125,114138.890625,77524.953125,28124.875
test_id_test_id_000438_34,test_id_000438,5,random,4,6,test_id_000438_t4_c6,little,little_1,1,0.9,0.86,4,187656.03,189010.375,208250.625,214045.609375,227359.21875,4,1.8334926572250265,HI,214045.609375,15665.78125,229711.390625,187656.03125,38348.84375
test_id_test_id_000438_35,test_id_000438,105,diverse_fill_1,5,0,test_id_000438_t5_c0,big,big_0,3,2.2,1.15,104,56131.68,55671.5,68854.609375,72643.734375,81776.203125,4,1.8334926572250265,HI,72643.734375,15665.78125,88309.515625,56131.6796875,26104.703125
test_id_test_id_000438_36,test_id_000438,105,diverse_fill_1,5,1,test_id_000438_t5_c1,little,little_1,3,1.5,1.0,104,110412.6,113267.71875,128539.796875,132776.40625,143338.40625,4,1.8334926572250265,HI,132776.40625,15665.78125,148442.1875,110412.6015625,30070.6875
test_id_test_id_000438_37,test_id_000438,105,diverse_fill_1,5,2,test_id_000438_t5_c2,big,big_0,0,1.0,0.9,104,112906.62,115406.390625,131074.84375,135526.78125,146513.046875,4,1.8334926572250265,HI,135526.78125,15665.78125,151192.5625,112906.6171875,31106.65625
test_id_test_id_000438_38,test_id_000438,105,diverse_fill_1,5,3,test_id_000438_t5_c3,little,little_0,0,0.6,0.8,104,237403.4,244979.453125,268598.09375,275678.03125,291815.15625,4,1.8334926572250265,HI,275678.03125,15665.78125,291343.8125,237403.40625,46835.703125
test_id_test_id_000438_39,test_id_000438,105,diverse_fill_1,5,4,test_id_000438_t5_c4,big,big_0,1,1.4,0.98,104,89106.46,91118.90625,105862.328125,109952.921875,120193.40625,4,1.8334926572250265,HI,109952.921875,15665.78125,125618.703125,89106.4609375,29074.5
test_id_test_id_000438_40,test_id_000438,105,diverse_fill_1,5,5,test_id_000438_t5_c5,little,little_0,1,0.9,0.86,104,133105.33,147490.28125,164626.25,169684.78125,181695.6875,4,1.8334926572250265,HI,169684.78125,15665.78125,185350.5625,133105.328125,34205.40625
test_id_test_id_000438_41,test_id_000438,105,diverse_fill_1,5,6,test_id_000438_t5_c6,big,big_0,2,1.8,1.06,104,64779.977,66632.84375,80325.90625,84192.328125,93677.734375,4,1.8334926572250265,HI,84192.328125,15665.78125,99858.109375,64779.9765625,27044.890625
test_id_test_id_000448_00,test_id_000448,1,source_like,0,0,test_id_000448_t0_c0,big,big_0,2,1.8,1.06,0,52551.504,54269.0625,67391.6875,71170.03125,80250.59375,4,1.8334926572250265,LO,71170.03125,0.0,71170.03125,52551.50390625,25981.53125
test_id_test_id_000448_01,test_id_000448,1,source_like,0,1,test_id_000448_t0_c1,little,little_1,2,1.2,0.93,0,122313.24,127685.609375,143469.8125,147963.1875,158939.0,4,1.8334926572250265,LO,147963.1875,0.0,147963.1875,122313.2421875,31253.390625
test_id_test_id_000448_02,test_id_000448,1,source_like,0,2,test_id_000448_t0_c2,big,big_0,3,2.2,1.15,0,48897.86,47146.890625,59981.828125,63736.65625,72628.703125,4,1.8334926572250265,LO,63736.65625,0.0,63736.65625,48897.859375,25481.8125
test_id_test_id_000448_03,test_id_000448,1,source_like,0,3,test_id_000448_t0_c3,little,little_0,3,1.5,1.0,0,102497.875,103101.9375,118103.359375,122218.671875,132553.765625,4,1.8334926572250265,LO,122218.671875,0.0,122218.671875,102497.875,29451.828125
test_id_test_id_000448_04,test_id_000448,1,source_like,0,4,test_id_000448_t0_c4,big,big_0,0,1.0,0.9,0,94511.78,97063.078125,112110.125,116304.125,126777.8125,4,1.8334926572250265,LO,116304.125,0.0,116304.125,94511.78125,29714.734375
test_id_test_id_000448_05,test_id_000448,1,source_like,0,5,test_id_000448_t0_c5,little,little_1,0,0.6,0.8,0,258147.62,259010.65625,283275.375,290404.6875,306681.875,4,1.8334926572250265,LO,290404.6875,0.0,290404.6875,258147.625,47671.21875
test_id_test_id_000448_06,test_id_000448,1,source_like,0,6,test_id_000448_t0_c6,big,big_1,1,1.4,0.98,0,81642.19,78889.796875,93178.1875,97126.65625,106958.34375,4,1.8334926572250265,LO,97126.65625,0.0,97126.65625,81642.1875,28068.546875
test_id_test_id_000448_07,test_id_000448,50,sink_like,1,0,test_id_000448_t1_c0,little,little_0,2,1.2,0.93,49,224372.64,233431.78125,254751.265625,260987.75,275160.40625,4,1.8334926572250265,LO,260987.75,0.0,260987.75,224372.640625,41728.625
test_id_test_id_000448_08,test_id_000448,50,sink_like,1,1,test_id_000448_t1_c1,big,big_1,3,2.2,1.15,49,99875.016,109402.609375,124308.90625,128410.296875,138698.0625,4,1.8334926572250265,LO,128410.296875,0.0,128410.296875,99875.015625,29295.453125
test_id_test_id_000448_09,test_id_000448,50,sink_like,1,2,test_id_000448_t1_c2,little,little_0,3,1.5,1.0,49,166003.55,181143.90625,199347.703125,204698.21875,217150.28125,4,1.8334926572250265,LO,204698.21875,0.0,204698.21875,166003.546875,36006.375
test_id_test_id_000448_10,test_id_000448,50,sink_like,1,3,test_id_000448_t1_c3,big,big_1,0,1.0,0.9,49,222060.22,230632.21875,251847.953125,258074.75,272228.59375,4,1.8334926572250265,LO,258074.75,0.0,258074.75,222060.21875,41596.375
test_id_test_id_000448_11,test_id_000448,50,sink_like,1,4,test_id_000448_t1_c4,little,little_1,0,0.6,0.8,49,434706.06,435590.53125,471775.9375,482021.375,503372.53125,4,1.8334926572250265,LO,482021.375,0.0,482021.375,434706.0625,67782.0
test_id_test_id_000448_12,test_id_000448,50,sink_like,1,5,test_id_000448_t1_c5,big,big_0,1,1.4,0.98,49,133786.67,143450.984375,159690.640625,164335.90625,175534.125,4,1.8334926572250265,LO,164335.90625,0.0,164335.90625,133786.671875,32083.140625
test_id_test_id_000448_13,test_id_000448,50,sink_like,1,6,test_id_000448_t1_c6,little,little_1,1,0.9,0.86,49,293988.66,295492.03125,321021.6875,328309.28125,344658.3125,4,1.8334926572250265,LO,328309.28125,0.0,328309.28125,293988.65625,49166.28125
test_id_test_id_000448_14,test_id_000448,26,middle,2,0,test_id_000448_t2_c0,big,big_1,3,2.2,1.15,25,68855.2,69205.453125,82956.171875,86792.609375,96263.234375,4,1.8334926572250265,LO,86792.609375,0.0,86792.609375,68855.203125,27057.78125
test_id_test_id_000448_15,test_id_000448,26,middle,2,1,test_id_000448_t2_c1,little,little_0,3,1.5,1.0,25,116055.73,118313.703125,133660.5625,137933.84375,148537.140625,4,1.8334926572250265,LO,137933.84375,0.0,137933.84375,116055.7265625,30223.4375
test_id_test_id_000448_16,test_id_000448,26,middle,2,2,test_id_000448_t2_c2,big,big_0,0,1.0,0.9,25,128732.53,126800.71875,142765.34375,147338.125,158503.171875,4,1.8334926572250265,LO,147338.125,0.0,147338.125,128732.53125,31702.453125
test_id_test_id_000448_17,test_id_000448,26,middle,2,3,test_id_000448_t2_c3,little,little_1,0,0.6,0.8,25,304388.8,318802.78125,345860.75,353314.375,370392.5625,4,1.8334926572250265,LO,353314.375,0.0,353314.375,304388.8125,51589.78125
test_id_test_id_000448_18,test_id_000448,26,middle,2,4,test_id_000448_t2_c4,big,big_0,1,1.4,0.98,25,90304.12,90424.234375,105001.734375,109014.265625,119094.28125,4,1.8334926572250265,LO,109014.265625,0.0,109014.265625,90304.1171875,28670.046875
test_id_test_id_000448_19,test_id_000448,26,middle,2,5,test_id_000448_t2_c5,little,little_1,1,0.9,0.86,25,216761.67,213458.25,234002.5,240142.9375,254143.21875,4,1.8334926572250265,LO,240142.9375,0.0,240142.9375,216761.671875,40684.96875
test_id_test_id_000448_20,test_id_000448,26,middle,2,6,test_id_000448_t2_c6,big,big_0,2,1.8,1.06,25,81905.016,82644.34375,96940.203125,100873.9375,110727.90625,4,1.8334926572250265,LO,100873.9375,0.0,100873.9375,81905.015625,28083.5625
test_id_test_id_000448_21,test_id_000448,33,high_degree,3,0,test_id_000448_t3_c0,little,little_0,3,1.5,1.0,32,100215.414,105332.0625,120379.859375,124540.015625,134960.375,4,1.8334926572250265,LO,124540.015625,0.0,124540.015625,100215.4140625,29628.3125
test_id_test_id_000448_22,test_id_000448,33,high_degree,3,1,test_id_000448_t3_c1,big,big_1,0,1.0,0.9,32,96208.9,102859.90625,118082.90625,122358.796875,133009.484375,4,1.8334926572250265,LO,122358.796875,0.0,122358.796875,96208.8984375,30149.578125
test_id_test_id_000448_23,test_id_000448,33,high_degree,3,2,test_id_000448_t3_c2,little,little_0,0,0.6,0.8,32,183405.72,204521.28125,225973.46875,232622.1875,247752.078125,4,1.8334926572250265,LO,232622.1875,0.0,232622.1875,183405.71875,43230.796875
test_id_test_id_000448_24,test_id_000448,33,high_degree,3,3,test_id_000448_t3_c3,big,big_1,1,1.4,0.98,32,73863.06,75275.59375,89397.078125,93354.203125,103155.796875,4,1.8334926572250265,LO,93354.203125,0.0,93354.203125,73863.0625,27880.203125
test_id_test_id_000448_25,test_id_000448,33,high_degree,3,4,test_id_000448_t3_c4,little,little_1,1,0.9,0.86,32,143149.66,142972.171875,159826.171875,164780.75,176602.84375,4,1.8334926572250265,LO,164780.75,0.0,164780.75,143149.65625,33630.671875
test_id_test_id_000448_26,test_id_000448,33,high_degree,3,5,test_id_000448_t3_c5,big,big_1,2,1.8,1.06,32,68060.84,65848.015625,79519.90625,83400.625,92901.515625,4,1.8334926572250265,LO,83400.625,0.0,83400.625,68060.84375,27053.5
test_id_test_id_000448_27,test_id_000448,33,high_degree,3,6,test_id_000448_t3_c6,little,little_1,2,1.2,0.93,32,120089.78,116098.8125,131532.21875,135864.9375,146593.890625,4,1.8334926572250265,LO,135864.9375,0.0,135864.9375,120089.78125,30495.078125
test_id_test_id_000448_28,test_id_000448,51,communication_heavy,4,0,test_id_000448_t4_c0,big,big_1,0,1.0,0.9,50,317438.78,331980.0,360279.84375,368291.71875,386072.125,4,1.8334926572250265,LO,368291.71875,0.0,368291.71875,317438.78125,54092.125
test_id_test_id_000448_29,test_id_000448,51,communication_heavy,4,1,test_id_000448_t4_c1,little,little_1,0,0.6,0.8,50,681169.0,685220.625,740615.75,757406.875,785578.625,4,1.8334926572250265,LO,757406.875,0.0,757406.875,681169.0,100358.0
test_id_test_id_000448_30,test_id_000448,51,communication_heavy,4,2,test_id_000448_t4_c2,big,big_0,1,1.4,0.98,50,264098.8,268489.5625,292240.21875,299142.71875,314660.3125,4,1.8334926572250265,LO,299142.71875,0.0,299142.71875,264098.8125,46170.75
test_id_test_id_000448_31,test_id_000448,51,communication_heavy,4,3,test_id_000448_t4_c3,little,little_1,1,0.9,0.86,50,443723.78,466734.53125,506044.03125,517270.71875,540060.625,4,1.8334926572250265,LO,517270.71875,0.0,517270.71875,443723.78125,73326.09375
test_id_test_id_000448_32,test_id_000448,51,communication_heavy,4,4,test_id_000448_t4_c4,big,big_1,2,1.8,1.06,50,191261.3,187208.890625,206018.375,211620.734375,224543.046875,4,1.8334926572250265,LO,211620.734375,0.0,211620.734375,191261.296875,37334.15625
test_id_test_id_000448_33,test_id_000448,51,communication_heavy,4,5,test_id_000448_t4_c5,little,little_0,2,1.2,0.93,50,444824.97,422639.96875,458747.9375,469032.375,490622.75,4,1.8334926572250265,LO,469032.375,0.0,469032.375,444824.96875,67982.78125
test_id_test_id_000448_34,test_id_000448,51,communication_heavy,4,6,test_id_000448_t4_c6,big,big_1,3,2.2,1.15,50,154800.02,164731.84375,182221.75,187356.75,199424.140625,4,1.8334926572250265,LO,187356.75,0.0,187356.75,154800.015625,34692.296875
test_id_test_id_000448_35,test_id_000448,15,random,5,0,test_id_000448_t5_c0,little,little_1,0,0.6,0.8,14,382986.88,390859.46875,422677.125,431451.25,450535.65625,4,1.8334926572250265,LO,431451.25,0.0,431451.25,382986.875,59676.1875
test_id_test_id_000448_36,test_id_000448,15,random,5,1,test_id_000448_t5_c1,big,big_1,1,1.4,0.98,14,180085.34,179374.4375,197668.453125,203098.03125,215692.84375,4,1.8334926572250265,LO,203098.03125,0.0,203098.03125,180085.34375,36318.40625
test_id_test_id_000448_37,test_id_000448,15,random,5,2,test_id_000448_t5_c2,little,little_1,1,0.9,0.86,14,253198.55,251754.140625,274375.625,280960.875,295874.0625,4,1.8334926572250265,LO,280960.875,0.0,280960.875,253198.546875,44119.921875
test_id_test_id_000448_38,test_id_000448,15,random,5,3,test_id_000448_t5_c3,big,big_0,2,1.8,1.06,14,134215.69,129331.65625,145017.9375,149422.34375,160230.40625,4,1.8334926572250265,LO,149422.34375,0.0,149422.34375,134215.6875,30898.75
test_id_test_id_000448_39,test_id_000448,15,random,5,4,test_id_000448_t5_c4,little,little_1,2,1.2,0.93,14,265112.75,241457.53125,263355.875,269761.40625,284270.0625,4,1.8334926572250265,LO,269761.40625,0.0,269761.40625,265112.75,42812.53125
test_id_test_id_000448_40,test_id_000448,15,random,5,5,test_id_000448_t5_c5,big,big_1,3,2.2,1.15,14,148754.84,134836.9375,150822.5625,155322.90625,166303.25,4,1.8334926572250265,LO,155322.90625,0.0,155322.90625,148754.84375,31466.3125
test_id_test_id_000448_41,test_id_000448,15,random,5,6,test_id_000448_t5_c6,little,little_0,3,1.5,1.0,14,163785.75,165834.5625,183270.078125,188370.765625,200372.28125,4,1.8334926572250265,LO,188370.765625,0.0,188370.765625,163785.75,34537.71875
test_id_test_id_000465_00,test_id_000465,1,source_like,0,0,test_id_000465_t0_c0,big,big_0,0,1.0,0.9,0,93209.75,96186.15625,111202.5625,115361.0625,125768.921875,4,1.8334926572250265,HI,115361.0625,15665.78125,131026.84375,93209.75,29582.765625
test_id_test_id_000465_01,test_id_000465,1,source_like,0,1,test_id_000465_t0_c1,little,little_0,0,0.6,0.8,0,244472.83,248428.546875,272186.0625,279260.5,295384.375,4,1.8334926572250265,HI,279260.5,15665.78125,294926.28125,244472.828125,46955.828125
test_id_test_id_000465_02,test_id_000465,1,source_like,0,2,test_id_000465_t0_c2,big,big_1,1,1.4,0.98,0,70025.0,73848.234375,87902.78125,91812.046875,101492.109375,4,1.8334926572250265,HI,91812.046875,15665.78125,107477.828125,70025.0,27643.875
test_id_test_id_000465_03,test_id_000465,1,source_like,0,3,test_id_000465_t0_c3,little,little_1,1,0.9,0.86,0,153348.34,163440.359375,181355.171875,186730.6875,199281.09375,4,1.8334926572250265,HI,186730.6875,15665.78125,202396.46875,153348.34375,35840.734375
test_id_test_id_000465_04,test_id_000465,1,source_like,0,4,test_id_000465_t0_c4,big,big_1,2,1.8,1.06,0,55268.848,55017.609375,68174.46875,71952.40625,81043.421875,4,1.8334926572250265,HI,71952.40625,15665.78125,87618.1875,55268.84765625,26025.8125
test_id_test_id_000465_05,test_id_000465,1,source_like,0,5,test_id_000465_t0_c5,little,little_0,2,1.2,0.93,0,131748.81,130275.015625,146049.078125,150522.90625,161455.78125,4,1.8334926572250265,HI,150522.90625,15665.78125,166188.6875,131748.8125,31180.765625
test_id_test_id_000465_06,test_id_000465,1,source_like,0,6,test_id_000465_t0_c6,big,big_0,3,2.2,1.15,0,46013.953,47995.828125,60848.484375,64599.6875,73503.484375,4,1.8334926572250265,HI,64599.6875,15665.78125,80265.46875,46013.953125,25507.65625
test_id_test_id_000465_07,test_id_000465,6,sink_like,1,0,test_id_000465_t1_c0,little,little_0,0,0.6,0.8,5,285603.16,286183.0,311583.40625,318795.78125,335392.09375,4,1.8334926572250265,HI,318795.78125,15665.78125,334461.5625,285603.15625,49209.09375
test_id_test_id_000465_08,test_id_000465,6,sink_like,1,1,test_id_000465_t1_c1,big,big_1,1,1.4,0.98,5,128335.43,122714.984375,138297.234375,142656.28125,153420.0625,4,1.8334926572250265,HI,142656.28125,15665.78125,158322.0625,128335.4296875,30705.078125
test_id_test_id_000465_09,test_id_000465,6,sink_like,1,2,test_id_000465_t1_c2,little,little_1,1,0.9,0.86,5,180645.64,186038.78125,205218.0,211021.40625,224367.28125,4,1.8334926572250265,HI,211021.40625,15665.78125,226687.1875,180645.640625,38328.5
test_id_test_id_000465_10,test_id_000465,6,sink_like,1,3,test_id_000465_t1_c3,big,big_0,2,1.8,1.06,5,88268.93,83424.765625,97696.84375,101624.84375,111476.515625,4,1.8334926572250265,HI,101624.84375,15665.78125,117290.625,88268.9296875,28051.75
test_id_test_id_000465_11,test_id_000465,6,sink_like,1,4,test_id_000465_t1_c4,little,little_1,2,1.2,0.93,5,169519.81,167608.0,185256.875,190470.046875,202678.921875,4,1.8334926572250265,HI,190470.046875,15665.78125,206135.828125,169519.8125,35070.921875
test_id_test_id_000465_12,test_id_000465,6,sink_like,1,5,test_id_000465_t1_c5,big,big_1,3,2.2,1.15,5,72689.016,71291.203125,85094.796875,88936.09375,98454.109375,4,1.8334926572250265,HI,88936.09375,15665.78125,104601.875,72689.015625,27162.90625
test_id_test_id_000465_13,test_id_000465,6,sink_like,1,6,test_id_000465_t1_c6,little,little_1,3,1.5,1.0,5,145512.36,141282.40625,157550.15625,162199.6875,173427.96875,4,1.8334926572250265,HI,162199.6875,15665.78125,177865.46875,145512.359375,32145.5625
test_id_test_id_000465_14,test_id_000465,120,middle,2,0,test_id_000465_t2_c0,big,big_0,1,1.4,0.98,119,122411.37,137424.40625,153506.4375,158079.375,169175.125,4,1.8334926572250265,HI,158079.375,15665.78125,173745.15625,122411.3671875,31750.71875
test_id_test_id_000465_15,test_id_000465,120,middle,2,1,test_id_000465_t2_c1,little,little_0,1,0.9,0.86,119,219104.62,231537.28125,252924.75,259223.796875,273530.0625,4,1.8334926572250265,HI,259223.796875,15665.78125,274889.578125,219104.625,41992.78125
test_id_test_id_000465_16,test_id_000465,120,middle,2,2,test_id_000465_t2_c2,big,big_0,2,1.8,1.06,119,81951.23,88060.078125,102400.5625,106334.046875,116243.484375,4,1.8334926572250265,HI,106334.046875,15665.78125,121999.828125,81951.2265625,28183.40625
test_id_test_id_000465_17,test_id_000465,120,middle,2,3,test_id_000465_t2_c3,little,little_1,2,1.2,0.93,119,186784.23,194621.9375,213709.78125,219377.265625,232412.953125,4,1.8334926572250265,HI,219377.265625,15665.78125,235043.046875,186784.234375,37791.015625
test_id_test_id_000465_18,test_id_000465,120,middle,2,4,test_id_000465_t2_c4,big,big_1,3,2.2,1.15,119,82299.85,89436.421875,103882.515625,107824.375,117763.625,4,1.8334926572250265,HI,107824.375,15665.78125,123490.15625,82299.8515625,28327.203125
test_id_test_id_000465_19,test_id_000465,120,middle,2,5,test_id_000465_t2_c5,little,little_1,3,1.5,1.0,119,174649.3,177480.78125,195607.625,200960.328125,213414.765625,4,1.8334926572250265,HI,200960.328125,15665.78125,216626.109375,174649.296875,35933.984375
test_id_test_id_000465_20,test_id_000465,120,middle,2,6,test_id_000465_t2_c6,big,big_0,0,1.0,0.9,119,150348.2,159299.140625,176583.59375,181678.46875,193687.28125,4,1.8334926572250265,HI,181678.46875,15665.78125,197344.25,150348.203125,34388.140625
test_id_test_id_000465_21,test_id_000465,33,high_degree,3,0,test_id_000465_t3_c0,little,little_1,1,0.9,0.86,32,267204.88,269694.875,293406.78125,300234.21875,315648.1875,4,1.8334926572250265,HI,300234.21875,15665.78125,315900.0,267204.875,45953.3125
test_id_test_id_000465_22,test_id_000465,33,high_degree,3,1,test_id_000465_t3_c1,big,big_1,2,1.8,1.06,32,92746.52,98931.703125,113621.125,117642.21875,127779.84375,4,1.8334926572250265,HI,117642.21875,15665.78125,133308.0,92746.5234375,28848.140625
test_id_test_id_000465_23,test_id_000465,33,high_degree,3,2,test_id_000465_t3_c2,little,little_0,2,1.2,0.93,32,188215.78,196915.28125,216124.75,221817.40625,234911.390625,4,1.8334926572250265,HI,221817.40625,15665.78125,237483.1875,188215.78125,37996.109375
test_id_test_id_000465_24,test_id_000465,33,high_degree,3,3,test_id_000465_t3_c3,big,big_1,3,2.2,1.15,32,104363.85,106555.3125,121532.109375,125617.078125,135897.59375,4,1.8334926572250265,HI,125617.078125,15665.78125,141282.859375,104363.8515625,29342.28125
test_id_test_id_000465_25,test_id_000465,33,high_degree,3,4,test_id_000465_t3_c4,little,little_1,3,1.5,1.0,32,144770.45,154531.625,171376.4375,176258.28125,187873.75,4,1.8334926572250265,HI,176258.28125,15665.78125,191924.0625,144770.453125,33342.125
test_id_test_id_000465_26,test_id_000465,33,high_degree,3,5,test_id_000465_t3_c5,big,big_1,0,1.0,0.9,32,149259.77,160764.53125,178147.25,183277.5625,195353.203125,4,1.8334926572250265,HI,183277.5625,15665.78125,198943.34375,149259.765625,34588.671875
test_id_test_id_000465_27,test_id_000465,33,high_degree,3,6,test_id_000465_t3_c6,little,little_0,0,0.6,0.8,32,318987.9,319184.53125,346470.4375,354117.75,371415.28125,4,1.8334926572250265,HI,354117.75,15665.78125,369783.53125,318987.90625,52230.75
test_id_test_id_000465_28,test_id_000465,209,communication_heavy,4,0,test_id_000465_t4_c0,big,big_0,2,1.8,1.06,208,175529.25,198027.875,217525.0625,223361.0625,236722.96875,4,1.8334926572250265,HI,223361.0625,15665.78125,239026.84375,175529.25,38695.09375
test_id_test_id_000465_29,test_id_000465,209,communication_heavy,4,1,test_id_000465_t4_c1,little,little_1,2,1.2,0.93,208,295103.66,325366.625,353178.625,361079.5625,378616.1875,4,1.8334926572250265,HI,361079.5625,15665.78125,376745.34375,295103.65625,53249.5625
test_id_test_id_000465_30,test_id_000465,209,communication_heavy,4,2,test_id_000465_t4_c2,big,big_0,3,2.2,1.15,208,153625.36,174275.8125,192421.046875,197801.4375,210326.0625,4,1.8334926572250265,HI,197801.4375,15665.78125,213467.21875,153625.359375,36050.25
test_id_test_id_000465_31,test_id_000465,209,communication_heavy,4,3,test_id_000465_t4_c3,little,little_0,3,1.5,1.0,208,229933.61,245643.609375,267921.4375,274477.53125,289265.3125,4,1.8334926572250265,HI,274477.53125,15665.78125,290143.3125,229933.609375,43621.703125
test_id_test_id_000465_32,test_id_000465,209,communication_heavy,4,4,test_id_000465_t4_c4,big,big_0,0,1.0,0.9,208,274200.56,303962.84375,330150.5625,337624.90625,354342.0,4,1.8334926572250265,HI,337624.90625,15665.78125,353290.6875,274200.5625,50379.15625
test_id_test_id_000465_33,test_id_000465,209,communication_heavy,4,5,test_id_000465_t4_c5,little,little_1,0,0.6,0.8,208,626838.0,666918.875,720275.5,736325.0625,763407.75,4,1.8334926572250265,HI,736325.0625,15665.78125,751990.84375,626838.0,96488.875
test_id_test_id_000465_34,test_id_000465,209,communication_heavy,4,6,test_id_000465_t4_c6,big,big_0,1,1.4,0.98,208,194826.47,212493.109375,232806.796875,238865.578125,252660.4375,4,1.8334926572250265,HI,238865.578125,15665.78125,254531.359375,194826.46875,40167.328125
test_id_test_id_000465_35,test_id_000465,154,random,5,0,test_id_000465_t5_c0,little,little_1,2,1.2,0.93,153,280539.06,283160.3125,307864.9375,314988.0,330960.46875,4,1.8334926572250265,HI,314988.0,15665.78125,330653.78125,280539.0625,47800.15625
test_id_test_id_000465_36,test_id_000465,154,random,5,1,test_id_000465_t5_c1,big,big_1,3,2.2,1.15,153,152351.0,156965.421875,174119.984375,179113.53125,190947.09375,4,1.8334926572250265,HI,179113.53125,15665.78125,194779.3125,152351.0,33981.671875
test_id_test_id_000465_37,test_id_000465,154,random,5,2,test_id_000465_t5_c2,little,little_0,3,1.5,1.0,153,238681.48,238097.78125,259909.28125,266353.59375,280909.59375,4,1.8334926572250265,HI,266353.59375,15665.78125,282019.375,238681.484375,42811.8125
test_id_test_id_000465_38,test_id_000465,154,random,5,3,test_id_000465_t5_c3,big,big_0,0,1.0,0.9,153,277971.75,289551.84375,314712.65625,321936.84375,338135.25,4,1.8334926572250265,HI,321936.84375,15665.78125,337602.625,277971.75,48583.40625
test_id_test_id_000465_39,test_id_000465,154,random,5,4,test_id_000465_t5_c4,little,little_0,0,0.6,0.8,153,561974.9,562453.5625,606471.0625,619157.25,642444.5,4,1.8334926572250265,HI,619157.25,15665.78125,634823.03125,561974.875,79990.9375
test_id_test_id_000465_40,test_id_000465,154,random,5,5,test_id_000465_t5_c5,big,big_1,1,1.4,0.98,153,190096.94,204047.03125,223839.6875,229746.71875,243245.125,4,1.8334926572250265,HI,229746.71875,15665.78125,245412.5,190096.9375,39198.09375
test_id_test_id_000465_41,test_id_000465,154,random,5,6,test_id_000465_t5_c6,little,little_1,1,0.9,0.86,153,474647.38,478335.8125,518763.4375,530366.625,553656.75,4,1.8334926572250265,HI,530366.625,15665.78125,546032.40625,474647.375,75320.9375
test_id_test_id_000474_00,test_id_000474,5,source_like,0,0,test_id_000474_t0_c0,big,big_0,0,1.0,0.9,4,58498.402,54231.75,67531.59375,71408.328125,80678.078125,4,1.8334926572250265,LO,71408.328125,0.0,71408.328125,58498.40234375,26446.328125
test_id_test_id_000474_01,test_id_000474,5,source_like,0,1,test_id_000474_t0_c1,little,little_1,0,0.6,0.8,4,150723.66,135764.390625,152742.3125,157805.84375,169897.8125,4,1.8334926572250265,LO,157805.84375,0.0,157805.84375,150723.65625,34133.421875
test_id_test_id_000474_02,test_id_000474,5,source_like,0,2,test_id_000474_t0_c2,big,big_0,1,1.4,0.98,4,41841.586,38939.15625,51578.515625,55392.359375,64237.03125,4,1.8334926572250265,LO,55392.359375,0.0,55392.359375,41841.5859375,25297.875
test_id_test_id_000474_03,test_id_000474,5,source_like,0,3,test_id_000474_t0_c3,little,little_0,1,0.9,0.86,4,102689.39,96281.34375,111431.953125,115741.0,126446.03125,4,1.8334926572250265,LO,115741.0,0.0,115741.0,102689.390625,30164.6875
test_id_test_id_000474_04,test_id_000474,5,source_like,0,4,test_id_000474_t0_c4,big,big_0,2,1.8,1.06,4,36488.977,37009.46875,49664.15625,53543.78125,62486.296875,4,1.8334926572250265,LO,53543.78125,0.0,53543.78125,36488.9765625,25476.828125
test_id_test_id_000474_05,test_id_000474,5,source_like,0,5,test_id_000474_t0_c5,little,little_1,2,1.2,0.93,4,80667.04,72687.96875,86864.375,90849.15625,100659.4375,4,1.8334926572250265,LO,90849.15625,0.0,90849.15625,80667.0390625,27971.46875
test_id_test_id_000474_06,test_id_000474,5,source_like,0,6,test_id_000474_t0_c6,big,big_0,3,2.2,1.15,4,26360.643,29792.765625,42238.0625,46100.796875,54859.234375,4,1.8334926572250265,LO,46100.796875,0.0,46100.796875,26360.642578125,25066.46875
test_id_test_id_000474_07,test_id_000474,74,sink_like,1,0,test_id_000474_t1_c0,little,little_0,0,0.6,0.8,73,596474.2,587592.875,634221.25,647886.75,672255.625,4,1.8334926572250265,LO,647886.75,0.0,647886.75,596474.1875,84662.75
test_id_test_id_000474_08,test_id_000474,74,sink_like,1,1,test_id_000474_t1_c1,big,big_1,1,1.4,0.98,73,214904.16,224296.40625,245238.53125,251444.390625,265529.25,4,1.8334926572250265,LO,251444.390625,0.0,251444.390625,214904.15625,41232.84375
test_id_test_id_000474_09,test_id_000474,74,sink_like,1,2,test_id_000474_t1_c2,little,little_1,1,0.9,0.86,73,322906.44,313410.53125,340224.0,347847.78125,364858.125,4,1.8334926572250265,LO,347847.78125,0.0,347847.78125,322906.4375,51447.59375
test_id_test_id_000474_10,test_id_000474,74,sink_like,1,3,test_id_000474_t1_c3,big,big_1,2,1.8,1.06,73,155213.55,161795.6875,179090.71875,184147.34375,196071.4375,4,1.8334926572250265,LO,184147.34375,0.0,184147.34375,155213.546875,34275.75
test_id_test_id_000474_11,test_id_000474,74,sink_like,1,4,test_id_000474_t1_c4,little,little_0,2,1.2,0.93,73,305094.56,307375.03125,333822.96875,341371.625,358212.4375,4,1.8334926572250265,LO,341371.625,0.0,341371.625,305094.5625,50837.40625
test_id_test_id_000474_12,test_id_000474,74,sink_like,1,5,test_id_000474_t1_c5,big,big_1,3,2.2,1.15,73,183329.44,190074.40625,209103.21875,214791.5625,227873.78125,4,1.8334926572250265,LO,214791.5625,0.0,214791.5625,183329.4375,37799.375
test_id_test_id_000474_13,test_id_000474,74,sink_like,1,6,test_id_000474_t1_c6,little,little_1,3,1.5,1.0,73,217586.45,210331.03125,230359.03125,236290.5,249844.5625,4,1.8334926572250265,LO,236290.5,0.0,236290.5,217586.453125,39513.53125
test_id_test_id_000474_14,test_id_000474,56,middle,2,0,test_id_000474_t2_c0,big,big_1,1,1.4,0.98,55,294637.0,266458.625,290032.5,296869.09375,312259.1875,4,1.8334926572250265,LO,296869.09375,0.0,296869.09375,294637.0,45800.5625
test_id_test_id_000474_15,test_id_000474,56,middle,2,1,test_id_000474_t2_c1,little,little_1,1,0.9,0.86,55,395286.0,374561.125,406324.4375,415290.9375,434776.125,4,1.8334926572250265,LO,415290.9375,0.0,415290.9375,395286.0,60215.0
test_id_test_id_000474_16,test_id_000474,56,middle,2,2,test_id_000474_t2_c2,big,big_0,2,1.8,1.06,55,196698.33,190384.3125,209328.90625,214963.71875,227945.40625,4,1.8334926572250265,LO,214963.71875,0.0,214963.71875,196698.328125,37561.09375
test_id_test_id_000474_17,test_id_000474,56,middle,2,3,test_id_000474_t2_c3,little,little_0,2,1.2,0.93,55,310793.7,319695.9375,347099.15625,354891.375,372217.8125,4,1.8334926572250265,LO,354891.375,0.0,354891.375,310793.6875,52521.875
test_id_test_id_000474_18,test_id_000474,56,middle,2,4,test_id_000474_t2_c4,big,big_1,3,2.2,1.15,55,178586.89,173198.15625,191186.25,196501.40625,208895.21875,4,1.8334926572250265,LO,196501.40625,0.0,196501.40625,178586.890625,35697.0625
test_id_test_id_000474_19,test_id_000474,56,middle,2,5,test_id_000474_t2_c5,little,little_0,3,1.5,1.0,55,227843.47,228608.28125,249684.890625,255878.6875,269960.40625,4,1.8334926572250265,LO,255878.6875,0.0,255878.6875,227843.46875,41352.125
test_id_test_id_000474_20,test_id_000474,56,middle,2,6,test_id_000474_t2_c6,big,big_1,0,1.0,0.9,55,377040.1,356106.46875,386459.78125,395040.5625,413865.75,4,1.8334926572250265,LO,395040.5625,0.0,395040.5625,377040.09375,57759.28125
test_id_test_id_000474_21,test_id_000474,94,communication_heavy,3,0,test_id_000474_t3_c0,little,little_0,1,0.9,0.86,93,491184.28,485882.84375,526930.625,538736.0,562260.625,4,1.8334926572250265,LO,538736.0,0.0,538736.0,491184.28125,76377.78125
test_id_test_id_000474_22,test_id_000474,94,communication_heavy,3,1,test_id_000474_t3_c1,big,big_1,2,1.8,1.06,93,360875.34,344275.375,373635.8125,381944.25,400272.96875,4,1.8334926572250265,LO,381944.25,0.0,381944.25,360875.34375,55997.59375
test_id_test_id_000474_23,test_id_000474,94,communication_heavy,3,2,test_id_000474_t3_c2,little,little_1,2,1.2,0.93,93,440959.53,422931.375,458945.0625,469177.28125,490679.4375,4,1.8334926572250265,LO,469177.28125,0.0,469177.28125,440959.53125,67748.0625
test_id_test_id_000474_24,test_id_000474,94,communication_heavy,3,3,test_id_000474_t3_c3,big,big_1,3,2.2,1.15,93,264094.03,257849.984375,280954.125,287723.6875,302962.46875,4,1.8334926572250265,LO,287723.6875,0.0,287723.6875,264094.03125,45112.484375
test_id_test_id_000474_25,test_id_000474,94,communication_heavy,3,4,test_id_000474_t3_c4,little,little_1,3,1.5,1.0,93,474111.4,454654.25,493669.25,504878.5,527801.25,4,1.8334926572250265,LO,504878.5,0.0,504878.5,474111.40625,73147.0
test_id_test_id_000474_26,test_id_000474,94,communication_heavy,3,5,test_id_000474_t3_c5,big,big_1,0,1.0,0.9,93,382074.16,380409.78125,412697.8125,421805.875,441551.5,4,1.8334926572250265,LO,421805.875,0.0,421805.875,382074.15625,61141.71875
test_id_test_id_000474_27,test_id_000474,94,communication_heavy,3,6,test_id_000474_t3_c6,little,little_0,0,0.6,0.8,93,771604.7,747312.375,809664.1875,828613.1875,860875.5,4,1.8334926572250265,LO,828613.1875,0.0,828613.1875,771604.6875,113563.125
test_id_test_id_000474_28,test_id_000474,23,random,4,0,test_id_000474_t4_c0,big,big_0,2,1.8,1.06,22,123334.61,121912.0625,137435.578125,141744.84375,152421.515625,4,1.8334926572250265,LO,141744.84375,0.0,141744.84375,123334.609375,30509.453125
test_id_test_id_000474_29,test_id_000474,23,random,4,1,test_id_000474_t4_c1,little,little_1,2,1.2,0.93,22,166468.61,168886.71875,186614.03125,191853.84375,204110.28125,4,1.8334926572250265,LO,191853.84375,0.0,191853.84375,166468.609375,35223.5625
test_id_test_id_000474_30,test_id_000474,23,random,4,2,test_id_000474_t4_c2,big,big_1,3,2.2,1.15,22,79147.805,76831.5625,90827.671875,94695.015625,104349.828125,4,1.8334926572250265,LO,94695.015625,0.0,94695.015625,79147.8046875,27518.265625
test_id_test_id_000474_31,test_id_000474,23,random,4,3,test_id_000474_t4_c3,little,little_1,3,1.5,1.0,22,127273.586,128219.375,143859.0625,148263.078125,159070.625,4,1.8334926572250265,LO,148263.078125,0.0,148263.078125,127273.5859375,30851.25
test_id_test_id_000474_32,test_id_000474,23,random,4,4,test_id_000474_t4_c4,big,big_0,0,1.0,0.9,22,185741.38,173539.90625,191755.65625,197219.28125,209910.296875,4,1.8334926572250265,LO,197219.28125,0.0,197219.28125,185741.375,36370.390625
test_id_test_id_000474_33,test_id_000474,23,random,4,5,test_id_000474_t4_c5,little,little_1,0,0.6,0.8,22,351160.97,345552.0625,374035.09375,381805.875,399317.71875,4,1.8334926572250265,LO,381805.875,0.0,381805.875,351160.96875,53765.65625
test_id_test_id_000474_34,test_id_000474,23,random,4,6,test_id_000474_t4_c6,big,big_1,1,1.4,0.98,22,127963.68,121242.9375,136718.046875,141050.375,151757.5625,4,1.8334926572250265,LO,141050.375,0.0,141050.375,127963.6796875,30514.625
test_id_test_id_000474_35,test_id_000474,18,diverse_fill_1,5,0,test_id_000474_t5_c0,little,little_0,2,1.2,0.93,17,249482.75,254285.0625,277060.65625,283715.3125,298716.96875,4,1.8334926572250265,LO,283715.3125,0.0,283715.3125,249482.75,44431.90625
test_id_test_id_000474_36,test_id_000474,18,diverse_fill_1,5,1,test_id_000474_t5_c1,big,big_0,3,2.2,1.15,17,139033.44,136688.90625,152740.5,157284.8125,168332.65625,4,1.8334926572250265,LO,157284.8125,0.0,157284.8125,139033.4375,31643.75
test_id_test_id_000474_37,test_id_000474,18,diverse_fill_1,5,2,test_id_000474_t5_c2,little,little_0,3,1.5,1.0,17,213143.12,208584.84375,228571.90625,234514.59375,248081.78125,4,1.8334926572250265,LO,234514.59375,0.0,234514.59375,213143.125,39496.9375
test_id_test_id_000474_38,test_id_000474,18,diverse_fill_1,5,3,test_id_000474_t5_c3,big,big_1,0,1.0,0.9,17,243698.38,278815.875,303190.375,310204.09375,325978.125,4,1.8334926572250265,LO,310204.09375,0.0,310204.09375,243698.375,47162.25
test_id_test_id_000474_39,test_id_000474,18,diverse_fill_1,5,4,test_id_000474_t5_c4,little,little_0,0,0.6,0.8,17,533193.44,530858.375,572648.375,584577.0625,607188.75,4,1.8334926572250265,LO,584577.0625,0.0,584577.0625,533193.4375,76330.375
test_id_test_id_000474_40,test_id_000474,18,diverse_fill_1,5,5,test_id_000474_t5_c5,big,big_0,1,1.4,0.98,17,153288.88,152190.0625,168937.09375,173791.140625,185352.921875,4,1.8334926572250265,LO,173791.140625,0.0,173791.140625,153288.875,33162.859375
test_id_test_id_000474_41,test_id_000474,18,diverse_fill_1,5,6,test_id_000474_t5_c6,little,little_0,1,0.9,0.86,17,350248.16,346806.75,376198.9375,384496.78125,402782.1875,4,1.8334926572250265,LO,384496.78125,0.0,384496.78125,350248.15625,55975.4375
test_id_test_id_000477_00,test_id_000477,2,source_like,0,0,test_id_000477_t0_c0,big,big_1,2,1.8,1.06,1,56409.785,61982.765625,75491.609375,79303.296875,88583.609375,4,1.8334926572250265,HI,79303.296875,15665.78125,94969.078125,56409.78515625,26600.84375
test_id_test_id_000477_01,test_id_000477,2,source_like,0,1,test_id_000477_t0_c1,little,little_1,2,1.2,0.93,1,130550.41,125801.109375,141494.0,145941.53125,156845.625,4,1.8334926572250265,HI,145941.53125,15665.78125,161607.3125,130550.40625,31044.515625
test_id_test_id_000477_02,test_id_000477,2,source_like,0,2,test_id_000477_t0_c2,big,big_0,3,2.2,1.15,1,42679.85,45453.890625,58206.671875,61951.171875,70790.0,4,1.8334926572250265,HI,61951.171875,15665.78125,77616.953125,42679.8515625,25336.109375
test_id_test_id_000477_03,test_id_000477,2,source_like,0,3,test_id_000477_t0_c3,little,little_0,3,1.5,1.0,1,98859.15,94115.796875,108887.765625,112938.953125,123117.515625,4,1.8334926572250265,HI,112938.953125,15665.78125,128604.734375,98859.1484375,29001.71875
test_id_test_id_000477_04,test_id_000477,2,source_like,0,4,test_id_000477_t0_c4,big,big_1,0,1.0,0.9,1,96444.52,94777.125,109753.234375,113917.4375,124325.375,4,1.8334926572250265,HI,113917.4375,15665.78125,129583.21875,96444.5234375,29548.25
test_id_test_id_000477_05,test_id_000477,2,source_like,0,5,test_id_000477_t0_c5,little,little_1,0,0.6,0.8,1,240645.14,251964.46875,275925.78125,283023.28125,299220.34375,4,1.8334926572250265,HI,283023.28125,15665.78125,298689.0625,240645.140625,47255.875
test_id_test_id_000477_06,test_id_000477,2,source_like,0,6,test_id_000477_t0_c6,big,big_1,1,1.4,0.98,1,68177.51,71123.96875,85087.71875,88989.671875,98610.140625,4,1.8334926572250265,HI,88989.671875,15665.78125,104655.453125,68177.5078125,27486.171875
test_id_test_id_000477_07,test_id_000477,72,sink_like,1,0,test_id_000477_t1_c0,little,little_1,2,1.2,0.93,71,377412.22,377479.1875,409577.0,418645.25,438303.34375,4,1.8334926572250265,HI,418645.25,15665.78125,434311.03125,377412.21875,60824.15625
test_id_test_id_000477_08,test_id_000477,72,sink_like,1,1,test_id_000477_t1_c1,big,big_0,3,2.2,1.15,71,162923.6,164319.125,181815.203125,186952.859375,199027.71875,4,1.8334926572250265,HI,186952.859375,15665.78125,202618.640625,162923.59375,34708.59375
test_id_test_id_000477_09,test_id_000477,72,sink_like,1,2,test_id_000477_t1_c2,little,little_1,3,1.5,1.0,71,302483.75,320473.0,347979.0,355814.90625,373214.46875,4,1.8334926572250265,HI,355814.90625,15665.78125,371480.6875,302483.75,52741.46875
test_id_test_id_000477_10,test_id_000477,72,sink_like,1,3,test_id_000477_t1_c3,big,big_1,0,1.0,0.9,71,269511.2,287119.375,312110.03125,319293.3125,335423.25,4,1.8334926572250265,HI,319293.3125,15665.78125,334959.09375,269511.1875,48303.875
test_id_test_id_000477_11,test_id_000477,72,sink_like,1,4,test_id_000477_t1_c4,little,little_1,0,0.6,0.8,71,567566.56,601268.3125,649106.625,663205.625,688137.25,4,1.8334926572250265,HI,663205.625,15665.78125,678871.40625,567566.5625,86868.9375
test_id_test_id_000477_12,test_id_000477,72,sink_like,1,5,test_id_000477_t1_c5,big,big_0,1,1.4,0.98,71,272736.53,292003.0,317365.1875,324651.5,340962.625,4,1.8334926572250265,HI,324651.5,15665.78125,340317.28125,272736.53125,48959.625
test_id_test_id_000477_13,test_id_000477,72,sink_like,1,6,test_id_000477_t1_c6,little,little_0,1,0.9,0.86,71,461218.3,460885.6875,499739.0625,510822.5625,533438.75,4,1.8334926572250265,HI,510822.5625,15665.78125,526488.34375,461218.3125,72553.0625
test_id_test_id_000477_14,test_id_000477,227,middle,2,0,test_id_000477_t2_c0,big,big_1,3,2.2,1.15,226,110463.7,113886.046875,128931.96875,133084.359375,143463.078125,4,1.8334926572250265,HI,133084.359375,15665.78125,148750.140625,110463.703125,29577.03125
test_id_test_id_000477_15,test_id_000477,227,middle,2,1,test_id_000477_t2_c1,little,little_1,3,1.5,1.0,226,207725.52,216940.375,237266.34375,243254.234375,256918.28125,4,1.8334926572250265,HI,243254.234375,15665.78125,258920.015625,207725.515625,39977.90625
test_id_test_id_000477_16,test_id_000477,227,middle,2,2,test_id_000477_t2_c2,big,big_0,0,1.0,0.9,226,218480.19,229344.78125,250523.75,256752.640625,270909.71875,4,1.8334926572250265,HI,256752.640625,15665.78125,272418.421875,218480.1875,41564.9375
test_id_test_id_000477_17,test_id_000477,227,middle,2,3,test_id_000477_t2_c3,little,little_1,0,0.6,0.8,226,455001.06,432687.0625,467948.8125,477824.4375,498490.9375,4,1.8334926572250265,HI,477824.4375,15665.78125,493490.21875,455001.0625,65803.875
test_id_test_id_000477_18,test_id_000477,227,middle,2,4,test_id_000477_t2_c4,big,big_1,1,1.4,0.98,226,164047.1,181650.90625,200011.578125,205449.671875,218060.0,4,1.8334926572250265,HI,205449.671875,15665.78125,221115.453125,164047.09375,36409.09375
test_id_test_id_000477_19,test_id_000477,227,middle,2,5,test_id_000477_t2_c5,little,little_1,1,0.9,0.86,226,276951.16,281986.3125,306533.75,313566.53125,329409.5,4,1.8334926572250265,HI,313566.53125,15665.78125,329232.3125,276951.15625,47423.1875
test_id_test_id_000477_20,test_id_000477,227,middle,2,6,test_id_000477_t2_c6,big,big_0,2,1.8,1.06,226,114463.164,120331.34375,135572.65625,139814.3125,150338.625,4,1.8334926572250265,HI,139814.3125,15665.78125,155480.09375,114463.1640625,30007.28125
test_id_test_id_000477_21,test_id_000477,137,high_degree,3,0,test_id_000477_t3_c0,little,little_0,3,1.5,1.0,136,334166.0,348828.84375,378560.5,386974.53125,405479.6875,4,1.8334926572250265,HI,386974.53125,15665.78125,402640.3125,334166.0,56650.84375
test_id_test_id_000477_22,test_id_000477,137,high_degree,3,1,test_id_000477_t3_c1,big,big_1,0,1.0,0.9,136,381087.3,395891.28125,429482.3125,438968.5,459326.0625,4,1.8334926572250265,HI,438968.5,15665.78125,454634.28125,381087.3125,63434.78125
test_id_test_id_000477_23,test_id_000477,137,high_degree,3,2,test_id_000477_t3_c2,little,little_0,0,0.6,0.8,136,733049.06,788485.625,855209.8125,875148.125,910224.5625,4,1.8334926572250265,HI,875148.125,15665.78125,890813.90625,733049.0625,121738.9375
test_id_test_id_000477_24,test_id_000477,137,high_degree,3,3,test_id_000477_t3_c3,big,big_1,1,1.4,0.98,136,315432.2,355509.5625,385759.34375,394300.375,413054.375,4,1.8334926572250265,HI,394300.375,15665.78125,409966.15625,315432.1875,57544.8125
test_id_test_id_000477_25,test_id_000477,137,high_degree,3,4,test_id_000477_t3_c4,little,little_1,1,0.9,0.86,136,447666.3,474789.6875,514786.1875,526228.875,549291.9375,4,1.8334926572250265,HI,526228.875,15665.78125,541894.65625,447666.3125,74502.25
test_id_test_id_000477_26,test_id_000477,137,high_degree,3,5,test_id_000477_t3_c5,big,big_1,2,1.8,1.06,136,277936.25,318657.4375,345983.6875,353760.53125,371067.84375,4,1.8334926572250265,HI,353760.53125,15665.78125,369426.3125,277936.25,52410.40625
test_id_test_id_000477_27,test_id_000477,137,high_degree,3,6,test_id_000477_t3_c6,little,little_1,2,1.2,0.93,136,454796.3,457091.4375,496129.5,507326.25,530187.1875,4,1.8334926572250265,HI,507326.25,15665.78125,522992.03125,454796.3125,73095.75
test_id_test_id_000477_28,test_id_000477,201,communication_heavy,4,0,test_id_000477_t4_c0,big,big_0,0,1.0,0.9,200,380342.25,375897.6875,407803.25,416800.3125,436364.25,4,1.8334926572250265,HI,416800.3125,15665.78125,432466.09375,380342.25,60466.5625
test_id_test_id_000477_29,test_id_000477,201,communication_heavy,4,1,test_id_000477_t4_c1,little,little_1,0,0.6,0.8,200,847123.94,807627.3125,876860.5,897285.0625,934240.0625,4,1.8334926572250265,HI,897285.0625,15665.78125,912950.84375,847123.9375,126612.75
test_id_test_id_000477_30,test_id_000477,201,communication_heavy,4,2,test_id_000477_t4_c2,big,big_1,1,1.4,0.98,200,443348.25,420056.875,455844.46875,466005.875,487413.9375,4,1.8334926572250265,HI,466005.875,15665.78125,481671.65625,443348.25,67357.0625
test_id_test_id_000477_31,test_id_000477,201,communication_heavy,4,3,test_id_000477_t4_c3,little,little_1,1,0.9,0.86,200,510960.28,519756.46875,563577.75,576312.75,600875.5,4,1.8334926572250265,HI,576312.75,15665.78125,591978.53125,510960.28125,81119.03125
test_id_test_id_000477_32,test_id_000477,201,communication_heavy,4,4,test_id_000477_t4_c4,big,big_0,2,1.8,1.06,200,325991.06,300851.9375,326818.28125,334250.21875,350864.28125,4,1.8334926572250265,HI,334250.21875,15665.78125,349916.0,325991.0625,50012.34375
test_id_test_id_000477_33,test_id_000477,201,communication_heavy,4,5,test_id_000477_t4_c5,little,little_1,2,1.2,0.93,200,534429.5,503750.84375,546859.9375,559407.625,583969.0,4,1.8334926572250265,HI,559407.625,15665.78125,575073.40625,534429.5,80218.15625
test_id_test_id_000477_34,test_id_000477,201,communication_heavy,4,6,test_id_000477_t4_c6,big,big_1,3,2.2,1.15,200,306921.28,284261.5625,309075.09375,316236.4375,332293.6875,4,1.8334926572250265,HI,316236.4375,15665.78125,331902.21875,306921.28125,48032.125
test_id_test_id_000477_35,test_id_000477,398,random,5,0,test_id_000477_t5_c0,little,little_1,0,0.6,0.8,397,533814.9,549335.6875,591915.125,604083.25,626653.375,4,1.8334926572250265,HI,604083.25,15665.78125,619749.03125,533814.875,77317.6875
test_id_test_id_000477_36,test_id_000477,398,random,5,1,test_id_000477_t5_c1,big,big_1,1,1.4,0.98,397,196027.64,183867.53125,202465.75,207993.3125,220779.078125,4,1.8334926572250265,HI,207993.3125,15665.78125,223659.09375,196027.640625,36911.546875
test_id_test_id_000477_37,test_id_000477,398,random,5,2,test_id_000477_t5_c2,little,little_1,1,0.9,0.86,397,394304.16,407533.8125,441989.65625,451735.4375,472455.03125,4,1.8334926572250265,HI,451735.4375,15665.78125,467401.21875,394304.15625,64921.21875
test_id_test_id_000477_38,test_id_000477,398,random,5,3,test_id_000477_t5_c3,big,big_1,2,1.8,1.06,397,164336.16,154481.984375,171447.9375,176375.4375,188082.8125,4,1.8334926572250265,HI,176375.4375,15665.78125,192041.21875,164336.15625,33600.828125
test_id_test_id_000477_39,test_id_000477,398,random,5,4,test_id_000477_t5_c4,little,little_1,2,1.2,0.93,397,254838.33,258484.21875,281566.71875,288306.90625,303481.5625,4,1.8334926572250265,HI,288306.90625,15665.78125,303972.6875,254838.328125,44997.34375
test_id_test_id_000477_40,test_id_000477,398,random,5,5,test_id_000477_t5_c5,big,big_1,3,2.2,1.15,397,132829.95,127266.9375,142907.96875,147294.34375,158077.28125,4,1.8334926572250265,HI,147294.34375,15665.78125,162960.125,132829.953125,30810.34375
test_id_test_id_000477_41,test_id_000477,398,random,5,6,test_id_000477_t5_c6,little,little_1,3,1.5,1.0,397,223361.58,231320.75,252701.234375,259031.0625,273355.5625,4,1.8334926572250265,HI,259031.0625,15665.78125,274696.84375,223361.578125,42034.8125
test_id_test_id_000523_00,test_id_000523,4,source_like,0,0,test_id_000523_t0_c0,little,little_0,1,0.9,0.86,3,192726.23,184699.34375,203641.9375,209346.53125,222478.796875,4,1.8334926572250265,LO,209346.53125,0.0,209346.53125,192726.234375,37779.453125
test_id_test_id_000523_01,test_id_000523,4,source_like,0,1,test_id_000523_t0_c1,big,big_1,2,1.8,1.06,3,60315.758,58149.796875,71449.390625,75245.703125,84434.734375,4,1.8334926572250265,LO,75245.703125,0.0,75245.703125,60315.7578125,26284.9375
test_id_test_id_000523_02,test_id_000523,4,source_like,0,2,test_id_000523_t0_c2,little,little_0,2,1.2,0.93,3,136711.34,133571.171875,149601.234375,154205.0,165358.84375,4,1.8334926572250265,LO,154205.0,0.0,154205.0,136711.34375,31787.671875
test_id_test_id_000523_03,test_id_000523,4,source_like,0,3,test_id_000523_t0_c3,big,big_0,3,2.2,1.15,3,46265.79,47939.171875,60774.421875,64512.203125,73388.96875,4,1.8334926572250265,LO,64512.203125,0.0,64512.203125,46265.7890625,25449.796875
test_id_test_id_000523_04,test_id_000523,4,source_like,0,4,test_id_000523_t0_c4,little,little_1,3,1.5,1.0,3,112786.61,109629.3125,124759.46875,128921.90625,139342.46875,4,1.8334926572250265,LO,128921.90625,0.0,128921.90625,112786.609375,29713.15625
test_id_test_id_000523_05,test_id_000523,4,source_like,0,5,test_id_000523_t0_c5,big,big_1,0,1.0,0.9,3,114417.36,110786.109375,126046.75,130308.4375,140919.84375,4,1.8334926572250265,LO,130308.4375,0.0,130308.4375,114417.359375,30133.734375
test_id_test_id_000523_06,test_id_000523,4,source_like,0,6,test_id_000523_t0_c6,little,little_0,0,0.6,0.8,3,286819.06,273581.03125,298468.0625,305615.125,322046.21875,4,1.8334926572250265,LO,305615.125,0.0,305615.125,286819.0625,48465.1875
test_id_test_id_000523_07,test_id_000523,250,sink_like,1,0,test_id_000523_t1_c0,big,big_1,2,1.8,1.06,249,538047.2,523789.375,569143.625,582527.0,608200.0,4,1.8334926572250265,LO,582527.0,0.0,582527.0,538047.1875,84410.625
test_id_test_id_000523_08,test_id_000523,250,sink_like,1,1,test_id_000523_t1_c1,little,little_1,2,1.2,0.93,249,869145.1,825024.6875,906105.375,929603.375,975778.3125,4,1.8334926572250265,LO,929603.375,0.0,929603.375,869145.125,150753.625
test_id_test_id_000523_09,test_id_000523,250,sink_like,1,2,test_id_000523_t1_c2,big,big_1,3,2.2,1.15,249,293551.16,296680.03125,322355.5625,329723.15625,346196.0625,4,1.8334926572250265,LO,329723.15625,0.0,329723.15625,293551.15625,49516.03125
test_id_test_id_000523_10,test_id_000523,250,sink_like,1,3,test_id_000523_t1_c3,little,little_0,3,1.5,1.0,249,579527.4,560511.75,609428.4375,624054.625,651331.75,4,1.8334926572250265,LO,624054.625,0.0,624054.625,579527.375,90820.0
test_id_test_id_000523_11,test_id_000523,250,sink_like,1,4,test_id_000523_t1_c4,big,big_1,0,1.0,0.9,249,872685.3,809918.0,885049.8125,907026.5625,948478.75,4,1.8334926572250265,LO,907026.5625,0.0,907026.5625,872685.3125,138560.75
test_id_test_id_000523_12,test_id_000523,250,sink_like,1,5,test_id_000523_t1_c5,little,little_1,0,0.6,0.8,249,1271198.4,1226738.75,1367406.0,1402018.25,1513633.5,4,1.8334926572250265,LO,1402018.25,0.0,1402018.25,1271198.375,286894.75
test_id_test_id_000523_13,test_id_000523,250,sink_like,1,6,test_id_000523_t1_c6,big,big_0,1,1.4,0.98,249,587666.2,549162.5,596244.5625,610190.125,636358.25,4,1.8334926572250265,LO,610190.125,0.0,610190.125,587666.1875,87195.75
test_id_test_id_000523_14,test_id_000523,218,middle,2,0,test_id_000523_t2_c0,little,little_0,2,1.2,0.93,217,200272.05,175393.34375,193382.9375,198699.734375,211083.15625,4,1.8334926572250265,LO,198699.734375,0.0,198699.734375,200272.046875,35689.8125
test_id_test_id_000523_15,test_id_000523,218,middle,2,1,test_id_000523_t2_c1,big,big_1,3,2.2,1.15,217,89084.555,75449.53125,89435.515625,93296.265625,102913.609375,4,1.8334926572250265,LO,93296.265625,0.0,93296.265625,89084.5546875,27464.078125
test_id_test_id_000523_16,test_id_000523,218,middle,2,2,test_id_000523_t2_c2,little,little_0,3,1.5,1.0,217,145913.72,132383.75,148212.265625,152677.0625,163586.15625,4,1.8334926572250265,LO,152677.0625,0.0,152677.0625,145913.71875,31202.40625
test_id_test_id_000523_17,test_id_000523,218,middle,2,3,test_id_000523_t2_c3,big,big_1,0,1.0,0.9,217,177668.22,158459.90625,175710.75,180804.90625,192810.15625,4,1.8334926572250265,LO,180804.90625,0.0,180804.90625,177668.21875,34350.25
test_id_test_id_000523_18,test_id_000523,218,middle,2,4,test_id_000523_t2_c4,little,little_0,0,0.6,0.8,217,274568.9,286727.15625,312117.375,319317.40625,335867.25,4,1.8334926572250265,LO,319317.40625,0.0,319317.40625,274568.90625,49140.09375
test_id_test_id_000523_19,test_id_000523,218,middle,2,5,test_id_000523_t2_c5,big,big_1,1,1.4,0.98,217,126220.5,105435.90625,120403.640625,124516.109375,134841.25,4,1.8334926572250265,LO,124516.109375,0.0,124516.109375,126220.5,29405.34375
test_id_test_id_000523_20,test_id_000523,218,middle,2,6,test_id_000523_t2_c6,little,little_0,1,0.9,0.86,217,250511.55,239398.015625,261138.5,267484.96875,281890.9375,4,1.8334926572250265,LO,267484.96875,0.0,267484.96875,250511.546875,42492.921875
test_id_test_id_000523_21,test_id_000523,16,high_degree,3,0,test_id_000523_t3_c0,big,big_0,3,2.2,1.15,15,240072.64,245217.109375,267523.90625,274104.0,288946.71875,4,1.8334926572250265,LO,274104.0,0.0,274104.0,240072.640625,43729.609375
test_id_test_id_000523_22,test_id_000523,16,high_degree,3,1,test_id_000523_t3_c1,little,little_1,3,1.5,1.0,15,327638.53,323753.78125,351461.03125,359340.5625,376830.875,4,1.8334926572250265,LO,359340.5625,0.0,359340.5625,327638.53125,53077.09375
test_id_test_id_000523_23,test_id_000523,16,high_degree,3,2,test_id_000523_t3_c2,big,big_0,0,1.0,0.9,15,404490.38,407626.0625,442191.5625,451965.375,472769.46875,4,1.8334926572250265,LO,451965.375,0.0,451965.375,404490.375,65143.40625
test_id_test_id_000523_24,test_id_000523,16,high_degree,3,3,test_id_000523_t3_c3,little,little_0,0,0.6,0.8,15,915401.25,975948.5,1069832.625,1093281.5,1153937.25,4,1.8334926572250265,LO,1093281.5,0.0,1093281.5,915401.25,177988.75
test_id_test_id_000523_25,test_id_000523,16,high_degree,3,4,test_id_000523_t3_c4,big,big_1,1,1.4,0.98,15,339402.06,369674.59375,401101.25,409968.9375,429300.6875,4,1.8334926572250265,LO,409968.9375,0.0,409968.9375,339402.0625,59626.09375
test_id_test_id_000523_26,test_id_000523,16,high_degree,3,5,test_id_000523_t3_c5,little,little_1,1,0.9,0.86,15,629688.2,618575.75,670832.125,686479.6875,714310.875,4,1.8334926572250265,LO,686479.6875,0.0,686479.6875,629688.1875,95735.125
test_id_test_id_000523_27,test_id_000523,16,high_degree,3,6,test_id_000523_t3_c6,big,big_0,2,1.8,1.06,15,299430.38,290515.25,315760.4375,323024.71875,339289.34375,4,1.8334926572250265,LO,323024.71875,0.0,323024.71875,299430.375,48774.09375
test_id_test_id_000523_28,test_id_000523,167,random,4,0,test_id_000523_t4_c0,little,little_0,3,1.5,1.0,166,158866.25,159651.03125,176810.453125,181810.5,193635.59375,4,1.8334926572250265,LO,181810.5,0.0,181810.5,158866.25,33984.5625
test_id_test_id_000523_29,test_id_000523,167,random,4,1,test_id_000523_t4_c1,big,big_0,0,1.0,0.9,166,141589.31,137300.21875,153566.125,158257.6875,169586.0625,4,1.8334926572250265,LO,158257.6875,0.0,158257.6875,141589.3125,32285.84375
test_id_test_id_000523_30,test_id_000523,167,random,4,2,test_id_000523_t4_c2,little,little_0,0,0.6,0.8,166,358927.3,331341.90625,358900.34375,366428.71875,383583.6875,4,1.8334926572250265,LO,366428.71875,0.0,366428.71875,358927.3125,52241.78125
test_id_test_id_000523_31,test_id_000523,167,random,4,3,test_id_000523_t4_c3,big,big_1,1,1.4,0.98,166,111435.56,106843.484375,121824.34375,125950.796875,136299.78125,4,1.8334926572250265,LO,125950.796875,0.0,125950.796875,111435.5625,29456.296875
test_id_test_id_000523_32,test_id_000523,167,random,4,4,test_id_000523_t4_c4,little,little_0,1,0.9,0.86,166,242182.6,249783.421875,272203.1875,278720.90625,293485.09375,4,1.8334926572250265,LO,278720.90625,0.0,278720.90625,242182.59375,43701.671875
test_id_test_id_000523_33,test_id_000523,167,random,4,5,test_id_000523_t4_c5,big,big_1,2,1.8,1.06,166,81860.305,83503.90625,97751.953125,101666.265625,111493.71875,4,1.8334926572250265,LO,101666.265625,0.0,101666.265625,81860.3046875,27989.8125
test_id_test_id_000523_34,test_id_000523,167,random,4,6,test_id_000523_t4_c6,little,little_0,2,1.2,0.93,166,171216.94,171262.671875,189116.5,194407.90625,206748.59375,4,1.8334926572250265,LO,194407.90625,0.0,194407.90625,171216.9375,35485.921875
test_id_test_id_000523_35,test_id_000523,333,diverse_fill_1,5,0,test_id_000523_t5_c0,big,big_0,0,1.0,0.9,332,192035.44,192049.390625,211124.640625,216828.359375,229941.3125,4,1.8334926572250265,LO,216828.359375,0.0,216828.359375,192035.4375,37891.921875
test_id_test_id_000523_36,test_id_000523,333,diverse_fill_1,5,1,test_id_000523_t5_c1,little,little_1,0,0.6,0.8,332,373078.3,373817.375,403892.8125,412041.53125,430119.5,4,1.8334926572250265,LO,412041.53125,0.0,412041.53125,373078.3125,56302.125
test_id_test_id_000523_37,test_id_000523,333,diverse_fill_1,5,2,test_id_000523_t5_c2,big,big_1,1,1.4,0.98,332,121576.16,121896.796875,137298.375,141600.640625,152239.78125,4,1.8334926572250265,LO,141600.640625,0.0,141600.640625,121576.15625,30342.984375
test_id_test_id_000523_38,test_id_000523,333,diverse_fill_1,5,3,test_id_000523_t5_c3,little,little_1,1,0.9,0.86,332,274767.25,297619.59375,323267.6875,330582.6875,346985.53125,4,1.8334926572250265,LO,330582.6875,0.0,330582.6875,274767.25,49365.9375
test_id_test_id_000523_39,test_id_000523,333,diverse_fill_1,5,4,test_id_000523_t5_c4,big,big_0,2,1.8,1.06,332,99653.57,100145.4375,114837.71875,118865.1875,129015.375,4,1.8334926572250265,LO,118865.1875,0.0,118865.1875,99653.5703125,28869.9375
test_id_test_id_000523_40,test_id_000523,333,diverse_fill_1,5,5,test_id_000523_t5_c5,little,little_0,2,1.2,0.93,332,219131.48,215983.359375,236387.5625,242439.453125,256222.3125,4,1.8334926572250265,LO,242439.453125,0.0,242439.453125,219131.484375,40238.953125
test_id_test_id_000523_41,test_id_000523,333,diverse_fill_1,5,6,test_id_000523_t5_c6,big,big_1,3,2.2,1.15,332,95588.46,95666.75,110294.9375,114285.25,124356.875,4,1.8334926572250265,LO,114285.25,0.0,114285.25,95588.4609375,28690.125
test_id_test_id_000558_00,test_id_000558,119,source_like,0,0,test_id_000558_t0_c0,big,big_0,3,2.2,1.15,118,65484.133,62352.9375,75876.8125,79706.921875,89048.015625,4,1.8334926572250265,HI,79706.921875,15665.78125,95372.703125,65484.1328125,26695.078125
test_id_test_id_000558_01,test_id_000558,119,source_like,0,1,test_id_000558_t0_c1,little,little_1,3,1.5,1.0,118,123475.14,121833.15625,137328.421875,141684.171875,152411.9375,4,1.8334926572250265,HI,141684.171875,15665.78125,157349.953125,123475.140625,30578.78125
test_id_test_id_000558_02,test_id_000558,119,source_like,0,2,test_id_000558_t0_c2,big,big_1,0,1.0,0.9,118,133814.38,132193.109375,148175.0625,152758.25,163882.625,4,1.8334926572250265,HI,152758.25,15665.78125,168424.03125,133814.375,31689.515625
test_id_test_id_000558_03,test_id_000558,119,source_like,0,3,test_id_000558_t0_c3,little,little_0,0,0.6,0.8,118,349578.06,325674.53125,352800.8125,360175.9375,377066.0625,4,1.8334926572250265,HI,360175.9375,15665.78125,375841.71875,349578.0625,51391.53125
test_id_test_id_000558_04,test_id_000558,119,source_like,0,4,test_id_000558_t0_c4,big,big_0,1,1.4,0.98,118,94183.445,93087.71875,107732.59375,111772.828125,121919.453125,4,1.8334926572250265,HI,111772.828125,15665.78125,127438.609375,94183.4453125,28831.734375
test_id_test_id_000558_05,test_id_000558,119,source_like,0,5,test_id_000558_t0_c5,little,little_1,1,0.9,0.86,118,212383.38,209067.0625,229351.4375,235455.796875,249326.953125,4,1.8334926572250265,HI,235455.796875,15665.78125,251121.578125,212383.375,40259.890625
test_id_test_id_000558_06,test_id_000558,119,source_like,0,6,test_id_000558_t0_c6,big,big_0,2,1.8,1.06,118,71263.17,72027.8125,85930.0625,89810.65625,99416.4375,4,1.8334926572250265,HI,89810.65625,15665.78125,105476.4375,71263.171875,27388.625
test_id_test_id_000558_07,test_id_000558,443,sink_like,1,0,test_id_000558_t1_c0,little,little_0,3,1.5,1.0,442,446832.8,466773.4375,506921.3125,518507.875,541952.625,4,1.8334926572250265,HI,518507.875,15665.78125,534173.65625,446832.8125,75179.1875
test_id_test_id_000558_08,test_id_000558,443,sink_like,1,1,test_id_000558_t1_c1,big,big_0,0,1.0,0.9,442,472397.06,486439.53125,527689.625,539585.875,563243.875,4,1.8334926572250265,HI,539585.875,15665.78125,555251.65625,472397.0625,76804.34375
test_id_test_id_000558_09,test_id_000558,443,sink_like,1,2,test_id_000558_t1_c2,little,little_1,0,0.6,0.8,442,916154.8,953254.0625,1042950.25,1065807.0,1121785.5,4,1.8334926572250265,HI,1065807.0,15665.78125,1081472.78125,916154.8125,168531.4375
test_id_test_id_000558_10,test_id_000558,443,sink_like,1,3,test_id_000558_t1_c3,big,big_1,1,1.4,0.98,442,282746.12,309795.0,336395.65625,343979.59375,360899.0625,4,1.8334926572250265,HI,343979.59375,15665.78125,359645.375,282746.125,51104.0625
test_id_test_id_000558_11,test_id_000558,443,sink_like,1,4,test_id_000558_t1_c4,little,little_0,1,0.9,0.86,442,543641.8,522716.875,566482.5625,579161.625,603584.4375,4,1.8334926572250265,HI,579161.625,15665.78125,594827.40625,543641.8125,80867.5625
test_id_test_id_000558_12,test_id_000558,443,sink_like,1,5,test_id_000558_t1_c5,big,big_1,2,1.8,1.06,442,275705.44,292861.0625,318268.5625,325570.8125,341914.15625,4,1.8334926572250265,HI,325570.8125,15665.78125,341236.59375,275705.4375,49053.09375
test_id_test_id_000558_13,test_id_000558,443,sink_like,1,6,test_id_000558_t1_c6,little,little_1,2,1.2,0.93,442,424172.25,425016.3125,461141.90625,471401.8125,492933.34375,4,1.8334926572250265,HI,471401.8125,15665.78125,487067.59375,424172.25,67917.03125
test_id_test_id_000558_14,test_id_000558,424,middle,2,0,test_id_000558_t2_c0,big,big_1,0,1.0,0.9,423,322720.3,338714.8125,367591.125,375756.3125,393833.0,4,1.8334926572250265,HI,375756.3125,15665.78125,391422.09375,322720.3125,55118.1875
test_id_test_id_000558_15,test_id_000558,424,middle,2,1,test_id_000558_t2_c1,little,little_0,0,0.6,0.8,423,574888.56,591821.25,639550.3125,653653.625,678769.8125,4,1.8334926572250265,HI,653653.625,15665.78125,669319.40625,574888.5625,86948.5625
test_id_test_id_000558_16,test_id_000558,424,middle,2,2,test_id_000558_t2_c2,big,big_0,1,1.4,0.98,423,299825.0,320340.375,347791.28125,355590.3125,372947.5,4,1.8334926572250265,HI,355590.3125,15665.78125,371256.09375,299825.0,52607.125
test_id_test_id_000558_17,test_id_000558,424,middle,2,3,test_id_000558_t2_c3,little,little_0,1,0.9,0.86,423,512339.44,546137.625,592356.25,605939.9375,631490.25,4,1.8334926572250265,HI,605939.9375,15665.78125,621605.71875,512339.4375,85352.625
test_id_test_id_000558_18,test_id_000558,424,middle,2,4,test_id_000558_t2_c4,big,big_1,2,1.8,1.06,423,209206.28,229774.8125,251081.828125,257389.015625,271680.0,4,1.8334926572250265,HI,257389.015625,15665.78125,273054.796875,209206.28125,41905.1875
test_id_test_id_000558_19,test_id_000558,424,middle,2,5,test_id_000558_t2_c5,little,little_0,2,1.2,0.93,423,360343.22,417965.5,453633.125,463770.625,485142.5,4,1.8334926572250265,HI,463770.625,15665.78125,479436.40625,360343.21875,67177.0
test_id_test_id_000558_20,test_id_000558,424,middle,2,6,test_id_000558_t2_c6,big,big_0,3,2.2,1.15,423,133767.81,155119.1875,171932.375,176808.71875,188401.90625,4,1.8334926572250265,HI,176808.71875,15665.78125,192474.5,133767.8125,33282.71875
test_id_test_id_000558_21,test_id_000558,440,communication_heavy,3,0,test_id_000558_t3_c0,little,little_0,0,0.6,0.8,439,894077.94,833866.375,906287.625,927194.875,966493.6875,4,1.8334926572250265,HI,927194.875,15665.78125,942860.65625,894077.9375,132627.3125
test_id_test_id_000558_22,test_id_000558,440,communication_heavy,3,1,test_id_000558_t3_c1,big,big_0,1,1.4,0.98,439,306125.06,316643.21875,343771.3125,351486.6875,368676.0,4,1.8334926572250265,HI,351486.6875,15665.78125,367152.46875,306125.0625,52032.78125
test_id_test_id_000558_23,test_id_000558,440,communication_heavy,3,2,test_id_000558_t3_c2,little,little_1,1,0.9,0.86,439,509123.84,549572.3125,595732.5,609256.0625,634643.0,4,1.8334926572250265,HI,609256.0625,15665.78125,624921.84375,509123.84375,85070.6875
test_id_test_id_000558_24,test_id_000558,440,communication_heavy,3,3,test_id_000558_t3_c3,big,big_1,2,1.8,1.06,439,298511.34,308483.6875,335037.75,342618.9375,359539.875,4,1.8334926572250265,HI,342618.9375,15665.78125,358284.71875,298511.34375,51056.1875
test_id_test_id_000558_25,test_id_000558,440,communication_heavy,3,4,test_id_000558_t3_c4,little,little_0,2,1.2,0.93,439,419968.72,436950.125,474169.46875,484776.0,506818.9375,4,1.8334926572250265,HI,484776.0,15665.78125,500441.78125,419968.71875,69868.8125
test_id_test_id_000558_26,test_id_000558,440,communication_heavy,3,5,test_id_000558_t3_c5,big,big_0,3,2.2,1.15,439,243813.05,247720.15625,270192.6875,276817.0625,291750.875,4,1.8334926572250265,HI,276817.0625,15665.78125,292482.84375,243813.046875,44030.71875
test_id_test_id_000558_27,test_id_000558,440,communication_heavy,3,6,test_id_000558_t3_c6,little,little_1,3,1.5,1.0,439,283288.72,290209.78125,315401.21875,322643.5625,338859.96875,4,1.8334926572250265,HI,322643.5625,15665.78125,338309.34375,283288.71875,48650.1875
test_id_test_id_000558_28,test_id_000558,414,random,4,0,test_id_000558_t4_c0,big,big_1,1,1.4,0.98,413,130077.01,136010.4375,151951.859375,156483.84375,167498.625,4,1.8334926572250265,HI,156483.84375,15665.78125,172149.625,130077.0078125,31488.1875
test_id_test_id_000558_29,test_id_000558,414,random,4,1,test_id_000558_t4_c1,little,little_0,1,0.9,0.86,413,251683.42,265416.84375,288868.625,295636.96875,310936.03125,4,1.8334926572250265,HI,295636.96875,15665.78125,311302.75,251683.421875,45519.1875
test_id_test_id_000558_30,test_id_000558,414,random,4,2,test_id_000558_t4_c2,big,big_0,2,1.8,1.06,413,134736.44,138184.953125,154262.71875,158832.40625,169916.125,4,1.8334926572250265,HI,158832.40625,15665.78125,174498.1875,134736.4375,31731.171875
test_id_test_id_000558_31,test_id_000558,414,random,4,3,test_id_000558_t4_c3,little,little_1,2,1.2,0.93,413,248899.33,250229.125,272665.21875,279194.15625,293961.0,4,1.8334926572250265,HI,279194.15625,15665.78125,294859.9375,248899.328125,43731.875
test_id_test_id_000558_32,test_id_000558,414,random,4,4,test_id_000558_t4_c4,big,big_0,3,2.2,1.15,413,128012.77,137197.9375,153276.96875,157823.3125,168879.078125,4,1.8334926572250265,HI,157823.3125,15665.78125,173489.09375,128012.7734375,31681.140625
test_id_test_id_000558_33,test_id_000558,414,random,4,5,test_id_000558_t4_c5,little,little_1,3,1.5,1.0,413,185260.06,198542.21875,217835.578125,223547.59375,236676.296875,4,1.8334926572250265,HI,223547.59375,15665.78125,239213.375,185260.0625,38134.078125
test_id_test_id_000558_34,test_id_000558,414,random,4,6,test_id_000558_t4_c6,big,big_1,0,1.0,0.9,413,163301.06,182687.59375,201220.1875,206737.78125,219508.78125,4,1.8334926572250265,HI,206737.78125,15665.78125,222403.5625,163301.0625,36821.1875
test_id_test_id_000558_35,test_id_000558,106,diverse_fill_1,5,0,test_id_000558_t5_c0,little,little_0,1,0.9,0.86,105,160339.0,149454.15625,166634.40625,171732.15625,183793.875,4,1.8334926572250265,HI,171732.15625,15665.78125,187397.9375,160339.0,34339.71875
test_id_test_id_000558_36,test_id_000558,106,diverse_fill_1,5,1,test_id_000558_t5_c1,big,big_1,2,1.8,1.06,105,54738.805,49832.078125,62795.546875,66573.4375,75564.421875,4,1.8334926572250265,HI,66573.4375,15665.78125,82239.21875,54738.8046875,25732.34375
test_id_test_id_000558_37,test_id_000558,106,diverse_fill_1,5,2,test_id_000558_t5_c2,little,little_1,2,1.2,0.93,105,110865.484,110430.078125,125699.234375,129965.5,140576.890625,4,1.8334926572250265,HI,129965.5,15665.78125,145631.28125,110865.484375,30146.8125
test_id_test_id_000558_38,test_id_000558,106,diverse_fill_1,5,3,test_id_000558_t5_c3,big,big_0,3,2.2,1.15,105,45225.09,44836.953125,57608.046875,61381.96875,70269.171875,4,1.8334926572250265,HI,61381.96875,15665.78125,77047.75,45225.08984375,25432.21875
test_id_test_id_000558_39,test_id_000558,106,diverse_fill_1,5,4,test_id_000558_t5_c4,little,little_1,3,1.5,1.0,105,99221.41,91633.578125,106361.5625,110396.421875,120534.140625,4,1.8334926572250265,HI,110396.421875,15665.78125,126062.203125,99221.40625,28900.5625
test_id_test_id_000558_40,test_id_000558,106,diverse_fill_1,5,5,test_id_000558_t5_c5,big,big_1,0,1.0,0.9,105,92031.83,93109.4375,108035.21875,112184.421875,122560.5,4,1.8334926572250265,HI,112184.421875,15665.78125,127850.203125,92031.828125,29451.0625
test_id_test_id_000558_41,test_id_000558,106,diverse_fill_1,5,6,test_id_000558_t5_c6,little,little_0,0,0.6,0.8,105,231304.81,208590.671875,230296.890625,237002.984375,252231.703125,4,1.8334926572250265,HI,237002.984375,15665.78125,252668.765625,231304.8125,43641.03125
test_id_test_id_000564_00,test_id_000564,5,source_like,0,0,test_id_000564_t0_c0,big,big_0,0,1.0,0.9,4,35743.27,32042.796875,44633.671875,48607.59375,57665.40625,4,1.8334926572250265,LO,48607.59375,0.0,48607.59375,35743.26953125,25622.609375
test_id_test_id_000564_01,test_id_000564,5,source_like,0,1,test_id_000564_t0_c1,little,little_1,0,0.6,0.8,4,70484.42,74891.234375,89401.9375,93581.359375,103818.921875,4,1.8334926572250265,LO,93581.359375,0.0,93581.359375,70484.421875,28927.6875
test_id_test_id_000564_02,test_id_000564,5,source_like,0,2,test_id_000564_t0_c2,big,big_1,1,1.4,0.98,4,30068.65,24262.390625,37001.21875,41160.9375,50415.84375,4,1.8334926572250265,LO,41160.9375,0.0,41160.9375,30068.650390625,26153.453125
test_id_test_id_000564_03,test_id_000564,5,source_like,0,3,test_id_000564_t0_c3,little,little_0,1,0.9,0.86,4,62979.766,60240.09375,74676.890625,78994.34375,89175.640625,4,1.8334926572250265,LO,78994.34375,0.0,78994.34375,62979.765625,28935.546875
test_id_test_id_000564_04,test_id_000564,5,source_like,0,4,test_id_000564_t0_c4,big,big_1,2,1.8,1.06,4,24948.402,19761.796875,32539.078125,36741.46875,45964.90625,4,1.8334926572250265,LO,36741.46875,0.0,36741.46875,24948.40234375,26203.109375
test_id_test_id_000564_05,test_id_000564,5,source_like,0,5,test_id_000564_t0_c5,little,little_1,2,1.2,0.93,4,43903.105,40467.140625,53280.703125,57189.828125,66252.3125,4,1.8334926572250265,LO,57189.828125,0.0,57189.828125,43903.10546875,25785.171875
test_id_test_id_000564_06,test_id_000564,5,source_like,0,6,test_id_000564_t0_c6,big,big_0,3,2.2,1.15,4,15752.646,19030.03125,31632.359375,35727.265625,44724.375,4,1.8334926572250265,LO,35727.265625,0.0,35727.265625,15752.646484375,25694.34375
test_id_test_id_000564_07,test_id_000564,244,sink_like,1,0,test_id_000564_t1_c0,little,little_1,0,0.6,0.8,243,264118.94,272277.9375,297088.90625,304278.625,320718.375,4,1.8334926572250265,LO,304278.625,0.0,304278.625,264118.9375,48440.4375
test_id_test_id_000564_08,test_id_000564,244,sink_like,1,1,test_id_000564_t1_c1,big,big_1,1,1.4,0.98,243,90906.85,95846.953125,110581.65625,114641.296875,124843.625,4,1.8334926572250265,LO,114641.296875,0.0,114641.296875,90906.8515625,28996.671875
test_id_test_id_000564_09,test_id_000564,244,sink_like,1,2,test_id_000564_t1_c2,little,little_0,1,0.9,0.86,243,202016.81,217716.515625,238412.8125,244559.875,258567.96875,4,1.8334926572250265,LO,244559.875,0.0,244559.875,202016.8125,40851.453125
test_id_test_id_000564_10,test_id_000564,244,sink_like,1,3,test_id_000564_t1_c3,big,big_0,2,1.8,1.06,243,76599.16,81459.46875,95669.84375,99596.171875,109422.71875,4,1.8334926572250265,LO,99596.171875,0.0,99596.171875,76599.15625,27963.25
test_id_test_id_000564_11,test_id_000564,244,sink_like,1,4,test_id_000564_t1_c4,little,little_1,2,1.2,0.93,243,135116.38,145597.5,162156.84375,166953.75,178441.40625,4,1.8334926572250265,LO,166953.75,0.0,166953.75,135116.375,32843.90625
test_id_test_id_000564_12,test_id_000564,244,sink_like,1,5,test_id_000564_t1_c5,big,big_1,3,2.2,1.15,243,76749.91,73720.109375,87622.875,91487.71875,101089.328125,4,1.8334926572250265,LO,91487.71875,0.0,91487.71875,76749.90625,27369.21875
test_id_test_id_000564_13,test_id_000564,244,sink_like,1,6,test_id_000564_t1_c6,little,little_1,3,1.5,1.0,243,132602.75,140079.578125,156318.125,160960.890625,172181.53125,4,1.8334926572250265,LO,160960.890625,0.0,160960.890625,132602.75,32101.953125
test_id_test_id_000564_14,test_id_000564,120,middle,2,0,test_id_000564_t2_c0,big,big_1,1,1.4,0.98,119,112068.82,113451.65625,128546.078125,132735.4375,143182.75,4,1.8334926572250265,LO,132735.4375,0.0,132735.4375,112068.8203125,29731.09375
test_id_test_id_000564_15,test_id_000564,120,middle,2,1,test_id_000564_t2_c1,little,little_0,1,0.9,0.86,119,232345.25,243064.421875,265211.59375,271696.9375,286405.375,4,1.8334926572250265,LO,271696.9375,0.0,271696.9375,232345.25,43340.953125
test_id_test_id_000564_16,test_id_000564,120,middle,2,2,test_id_000564_t2_c2,big,big_1,2,1.8,1.06,119,125994.89,125981.59375,141575.28125,145936.625,156681.140625,4,1.8334926572250265,LO,145936.625,0.0,145936.625,125994.890625,30699.546875
test_id_test_id_000564_17,test_id_000564,120,middle,2,3,test_id_000564_t2_c3,little,little_1,2,1.2,0.93,119,195185.86,198256.296875,217621.65625,223382.09375,236603.96875,4,1.8334926572250265,LO,223382.09375,0.0,223382.09375,195185.859375,38347.671875
test_id_test_id_000564_18,test_id_000564,120,middle,2,4,test_id_000564_t2_c4,big,big_0,3,2.2,1.15,119,126882.01,115057.21875,130302.796875,134493.9375,144964.015625,4,1.8334926572250265,LO,134493.9375,0.0,134493.9375,126882.0078125,29906.796875
test_id_test_id_000564_19,test_id_000564,120,middle,2,5,test_id_000564_t2_c5,little,little_0,3,1.5,1.0,119,181239.23,165187.484375,182636.1875,187750.03125,199776.5625,4,1.8334926572250265,LO,187750.03125,0.0,187750.03125,181239.234375,34589.078125
test_id_test_id_000564_20,test_id_000564,120,middle,2,6,test_id_000564_t2_c6,big,big_1,0,1.0,0.9,119,166293.19,171494.21875,189500.46875,194870.46875,207376.078125,4,1.8334926572250265,LO,194870.46875,0.0,194870.46875,166293.1875,35881.859375
test_id_test_id_000564_21,test_id_000564,113,high_degree,3,0,test_id_000564_t3_c0,little,little_0,1,0.9,0.86,112,404551.03,396384.0625,430020.09375,439536.8125,459910.6875,4,1.8334926572250265,LO,439536.8125,0.0,439536.8125,404551.03125,63526.625
test_id_test_id_000564_22,test_id_000564,113,high_degree,3,1,test_id_000564_t3_c1,big,big_1,2,1.8,1.06,112,149784.34,155889.3125,172884.46875,177822.59375,189540.375,4,1.8334926572250265,LO,177822.59375,0.0,177822.59375,149784.34375,33651.0625
test_id_test_id_000564_23,test_id_000564,113,high_degree,3,2,test_id_000564_t3_c2,little,little_0,2,1.2,0.93,112,261610.88,266656.75,290213.28125,297045.46875,312420.0625,4,1.8334926572250265,LO,297045.46875,0.0,297045.46875,261610.875,45763.3125
test_id_test_id_000564_24,test_id_000564,113,high_degree,3,3,test_id_000564_t3_c3,big,big_0,3,2.2,1.15,112,138467.45,147037.78125,163602.96875,168358.21875,179765.15625,4,1.8334926572250265,LO,168358.21875,0.0,168358.21875,138467.453125,32727.375
test_id_test_id_000564_25,test_id_000564,113,high_degree,3,4,test_id_000564_t3_c4,little,little_1,3,1.5,1.0,112,212578.66,200686.03125,220166.390625,225950.109375,239212.953125,4,1.8334926572250265,LO,225950.109375,0.0,225950.109375,212578.65625,38526.921875
test_id_test_id_000564_26,test_id_000564,113,high_degree,3,5,test_id_000564_t3_c5,big,big_0,0,1.0,0.9,112,251456.8,264236.625,287643.28125,294427.9375,309726.5,4,1.8334926572250265,LO,294427.9375,0.0,294427.9375,251456.796875,45489.875
test_id_test_id_000564_27,test_id_000564,113,high_degree,3,6,test_id_000564_t3_c6,little,little_0,0,0.6,0.8,112,413415.25,411168.0,444575.875,453865.9375,473745.53125,4,1.8334926572250265,LO,453865.9375,0.0,453865.9375,413415.25,62577.53125
test_id_test_id_000564_28,test_id_000564,43,random,4,0,test_id_000564_t4_c0,big,big_1,2,1.8,1.06,42,62656.105,59070.53125,72410.828125,76217.671875,85449.109375,4,1.8334926572250265,LO,76217.671875,0.0,76217.671875,62656.10546875,26378.578125
test_id_test_id_000564_29,test_id_000564,43,random,4,1,test_id_000564_t4_c1,little,little_1,2,1.2,0.93,42,143102.45,126712.125,142519.125,147013.8125,158008.390625,4,1.8334926572250265,LO,147013.8125,0.0,147013.8125,143102.453125,31296.265625
test_id_test_id_000564_30,test_id_000564,43,random,4,2,test_id_000564_t4_c2,big,big_0,3,2.2,1.15,42,51274.56,53066.03125,66134.703125,69911.625,78971.046875,4,1.8334926572250265,LO,69911.625,0.0,69911.625,51274.55859375,25905.015625
test_id_test_id_000564_31,test_id_000564,43,random,4,3,test_id_000564_t4_c3,little,little_1,3,1.5,1.0,42,118171.586,105733.046875,120774.515625,124917.109375,135305.328125,4,1.8334926572250265,LO,124917.109375,0.0,124917.109375,118171.5859375,29572.28125
test_id_test_id_000564_32,test_id_000564,43,random,4,4,test_id_000564_t4_c4,big,big_0,0,1.0,0.9,42,115419.414,111774.53125,127254.578125,131632.421875,142477.34375,4,1.8334926572250265,LO,131632.421875,0.0,131632.421875,115419.4140625,30702.8125
test_id_test_id_000564_33,test_id_000564,43,random,4,5,test_id_000564_t4_c5,little,little_0,0,0.6,0.8,42,275157.1,256727.953125,281054.34375,288264.0,304742.40625,4,1.8334926572250265,LO,288264.0,0.0,288264.0,275157.09375,48014.453125
test_id_test_id_000564_34,test_id_000564,43,random,4,6,test_id_000564_t4_c6,big,big_0,1,1.4,0.98,42,84815.69,79559.1875,93831.953125,97811.265625,107714.765625,4,1.8334926572250265,LO,97811.265625,0.0,97811.265625,84815.6875,28155.578125
test_id_test_id_000564_35,test_id_000564,20,diverse_fill_1,5,0,test_id_000564_t5_c0,little,little_1,2,1.2,0.93,19,86249.586,86935.25,101602.015625,105672.953125,115839.546875,4,1.8334926572250265,LO,105672.953125,0.0,105672.953125,86249.5859375,28904.296875
test_id_test_id_000564_36,test_id_000564,20,diverse_fill_1,5,1,test_id_000564_t5_c1,big,big_1,3,2.2,1.15,19,29864.662,35131.796875,47635.0,51434.265625,60170.90625,4,1.8334926572250265,LO,51434.265625,0.0,51434.265625,29864.662109375,25039.109375
test_id_test_id_000564_37,test_id_000564,20,diverse_fill_1,5,2,test_id_000564_t5_c2,little,little_0,3,1.5,1.0,19,64430.816,65875.359375,79619.390625,83500.203125,92993.5,4,1.8334926572250265,LO,83500.203125,0.0,83500.203125,64430.81640625,27118.140625
test_id_test_id_000564_38,test_id_000564,20,diverse_fill_1,5,3,test_id_000564_t5_c3,big,big_0,0,1.0,0.9,19,72530.7,73356.625,87625.40625,91644.78125,101534.765625,4,1.8334926572250265,LO,91644.78125,0.0,91644.78125,72530.703125,28178.140625
test_id_test_id_000564_39,test_id_000564,20,diverse_fill_1,5,4,test_id_000564_t5_c4,little,little_0,0,0.6,0.8,19,161819.05,164270.0625,182902.875,188593.125,201808.34375,4,1.8334926572250265,LO,188593.125,0.0,188593.125,161819.046875,37538.28125
test_id_test_id_000564_40,test_id_000564,20,diverse_fill_1,5,5,test_id_000564_t5_c5,big,big_0,1,1.4,0.98,19,52036.97,59325.90625,72890.453125,76797.609375,86213.234375,4,1.8334926572250265,LO,76797.609375,0.0,76797.609375,52036.96875,26887.328125
test_id_test_id_000564_41,test_id_000564,20,diverse_fill_1,5,6,test_id_000564_t5_c6,little,little_1,1,0.9,0.86,19,117268.3,119456.828125,135319.890625,139904.796875,151125.75,4,1.8334926572250265,LO,139904.796875,0.0,139904.796875,117268.296875,31668.921875
test_id_test_id_000581_00,test_id_000581,5,source_like,0,0,test_id_000581_t0_c0,big,big_1,0,1.0,0.9,4,75409.11,74722.734375,89036.03125,93065.125,102996.515625,4,1.8334926572250265,HI,93065.125,15665.78125,108730.90625,75409.109375,28273.78125
test_id_test_id_000581_01,test_id_000581,5,source_like,0,1,test_id_000581_t0_c1,little,little_0,0,0.6,0.8,4,185659.47,180663.875,200421.953125,206512.765625,220503.4375,4,1.8334926572250265,HI,206512.765625,15665.78125,222178.546875,185659.46875,39839.5625
test_id_test_id_000581_02,test_id_000581,5,source_like,0,2,test_id_000581_t0_c2,big,big_1,1,1.4,0.98,4,52402.938,53592.859375,66799.25,70634.484375,79807.203125,4,1.8334926572250265,HI,70634.484375,15665.78125,86300.265625,52402.9375,26214.34375
test_id_test_id_000581_03,test_id_000581,5,source_like,0,3,test_id_000581_t0_c3,little,little_1,1,0.9,0.86,4,131443.36,128602.453125,144846.109375,149579.75,161049.84375,4,1.8334926572250265,HI,149579.75,15665.78125,165245.53125,131443.359375,32447.390625
test_id_test_id_000581_04,test_id_000581,5,source_like,0,4,test_id_000581_t0_c4,big,big_1,2,1.8,1.06,4,43194.445,43150.453125,55925.8125,59737.453125,68660.328125,4,1.8334926572250265,HI,59737.453125,15665.78125,75403.234375,43194.4453125,25509.875
test_id_test_id_000581_05,test_id_000581,5,source_like,0,5,test_id_000581_t0_c5,little,little_0,2,1.2,0.93,4,102253.89,96674.890625,111641.40625,115804.078125,126223.8125,4,1.8334926572250265,HI,115804.078125,15665.78125,131469.859375,102253.890625,29548.921875
test_id_test_id_000581_06,test_id_000581,5,source_like,0,6,test_id_000581_t0_c6,big,big_1,3,2.2,1.15,4,33339.965,36281.171875,48767.453125,52535.234375,61233.34375,4,1.8334926572250265,HI,52535.234375,15665.78125,68201.015625,33339.96484375,24952.171875
test_id_test_id_000581_07,test_id_000581,41,sink_like,1,0,test_id_000581_t1_c0,little,little_1,0,0.6,0.8,40,424760.97,423119.0625,457315.9375,466830.8125,486984.25,4,1.8334926572250265,HI,466830.8125,15665.78125,482496.59375,424760.96875,63865.1875
test_id_test_id_000581_08,test_id_000581,41,sink_like,1,1,test_id_000581_t1_c1,big,big_0,1,1.4,0.98,40,155567.48,148359.796875,164891.875,169659.0,181069.875,4,1.8334926572250265,HI,169659.0,15665.78125,185324.78125,155567.484375,32710.078125
test_id_test_id_000581_09,test_id_000581,41,sink_like,1,2,test_id_000581_t1_c2,little,little_1,1,0.9,0.86,40,340636.2,323262.25,350821.0625,358634.8125,376011.9375,4,1.8334926572250265,HI,358634.8125,15665.78125,374300.59375,340636.1875,52749.6875
test_id_test_id_000581_10,test_id_000581,41,sink_like,1,3,test_id_000581_t1_c3,big,big_1,2,1.8,1.06,40,171169.12,163604.03125,181050.609375,186162.453125,198190.875,4,1.8334926572250265,HI,186162.453125,15665.78125,201828.234375,171169.125,34586.84375
test_id_test_id_000581_11,test_id_000581,41,sink_like,1,4,test_id_000581_t1_c4,little,little_1,2,1.2,0.93,40,229960.61,238621.234375,260393.25,266795.25,281280.59375,4,1.8334926572250265,HI,266795.25,15665.78125,282461.03125,229960.609375,42659.359375
test_id_test_id_000581_12,test_id_000581,41,sink_like,1,5,test_id_000581_t1_c5,big,big_1,3,2.2,1.15,40,130507.98,120681.53125,136011.96875,140272.40625,150836.375,4,1.8334926572250265,HI,140272.40625,15665.78125,155938.1875,130507.9765625,30154.84375
test_id_test_id_000581_13,test_id_000581,41,sink_like,1,6,test_id_000581_t1_c6,little,little_0,3,1.5,1.0,40,258202.56,252960.609375,275591.8125,282195.84375,297083.375,4,1.8334926572250265,HI,282195.84375,15665.78125,297861.625,258202.5625,44122.765625
test_id_test_id_000581_14,test_id_000581,55,middle,2,0,test_id_000581_t2_c0,big,big_0,1,1.4,0.98,54,155236.47,159955.4375,177128.75,182146.0625,193998.5,4,1.8334926572250265,HI,182146.0625,15665.78125,197811.84375,155236.46875,34043.0625
test_id_test_id_000581_15,test_id_000581,55,middle,2,1,test_id_000581_t2_c1,little,little_0,1,0.9,0.86,54,223581.66,240833.875,262785.1875,269215.75,283800.75,4,1.8334926572250265,HI,269215.75,15665.78125,284881.53125,223581.65625,42966.875
test_id_test_id_000581_16,test_id_000581,55,middle,2,2,test_id_000581_t2_c2,big,big_1,2,1.8,1.06,54,120671.54,122970.84375,138359.453125,142647.78125,153256.421875,4,1.8334926572250265,HI,142647.78125,15665.78125,158313.5625,120671.5390625,30285.578125
test_id_test_id_000581_17,test_id_000581,55,middle,2,3,test_id_000581_t2_c3,little,little_1,2,1.2,0.93,54,250690.5,260593.15625,283708.5,290410.8125,305528.59375,4,1.8334926572250265,HI,290410.8125,15665.78125,306076.59375,250690.5,44935.4375
test_id_test_id_000581_18,test_id_000581,55,middle,2,4,test_id_000581_t2_c4,big,big_0,3,2.2,1.15,54,109626.01,107186.96875,122065.1875,126143.875,136398.828125,4,1.8334926572250265,HI,126143.875,15665.78125,141809.65625,109626.0078125,29211.859375
test_id_test_id_000581_19,test_id_000581,55,middle,2,5,test_id_000581_t2_c5,little,little_1,3,1.5,1.0,54,207542.72,201628.78125,221111.5625,226881.6875,240119.921875,4,1.8334926572250265,HI,226881.6875,15665.78125,242547.46875,207542.71875,38491.140625
test_id_test_id_000581_20,test_id_000581,55,middle,2,6,test_id_000581_t2_c6,big,big_0,0,1.0,0.9,54,241431.56,235051.25,256562.5625,262871.96875,277190.28125,4,1.8334926572250265,HI,262871.96875,15665.78125,278537.75,241431.5625,42139.03125
test_id_test_id_000581_21,test_id_000581,33,high_degree,3,0,test_id_000581_t3_c0,little,little_1,1,0.9,0.86,32,221902.66,221966.0,242897.0625,249108.359375,263239.90625,4,1.8334926572250265,HI,249108.359375,15665.78125,264774.140625,221902.65625,41273.90625
test_id_test_id_000581_22,test_id_000581,33,high_degree,3,1,test_id_000581_t3_c1,big,big_0,2,1.8,1.06,32,121422.336,120834.765625,136268.796875,140541.140625,151145.59375,4,1.8334926572250265,HI,140541.140625,15665.78125,156206.921875,121422.3359375,30310.828125
test_id_test_id_000581_23,test_id_000581,33,high_degree,3,2,test_id_000581_t3_c2,little,little_0,2,1.2,0.93,32,202747.6,204361.0,224014.296875,229839.796875,243184.40625,4,1.8334926572250265,HI,229839.796875,15665.78125,245505.578125,202747.59375,38823.40625
test_id_test_id_000581_24,test_id_000581,33,high_degree,3,3,test_id_000581_t3_c3,big,big_1,3,2.2,1.15,32,83662.055,81638.84375,95788.875,99678.0625,109438.546875,4,1.8334926572250265,HI,99678.0625,15665.78125,115343.84375,83662.0546875,27799.703125
test_id_test_id_000581_25,test_id_000581,33,high_degree,3,4,test_id_000581_t3_c4,little,little_1,3,1.5,1.0,32,137600.38,137953.40625,153985.0625,158545.25,169607.625,4,1.8334926572250265,HI,158545.25,15665.78125,174211.03125,137600.375,31654.21875
test_id_test_id_000581_26,test_id_000581,33,high_degree,3,5,test_id_000581_t3_c5,big,big_0,0,1.0,0.9,32,188859.28,176074.125,194306.90625,199752.71875,212394.4375,4,1.8334926572250265,HI,199752.71875,15665.78125,215418.5,188859.28125,36320.3125
test_id_test_id_000581_27,test_id_000581,33,high_degree,3,6,test_id_000581_t3_c6,little,little_0,0,0.6,0.8,32,325033.56,337736.4375,365758.59375,373424.625,390792.46875,4,1.8334926572250265,HI,373424.625,15665.78125,389090.40625,325033.5625,53056.03125
test_id_test_id_000581_28,test_id_000581,92,communication_heavy,4,0,test_id_000581_t4_c0,big,big_1,2,1.8,1.06,91,181357.1,177353.015625,195573.953125,200976.0,213525.3125,4,1.8334926572250265,HI,200976.0,15665.78125,216641.78125,181357.09375,36172.296875
test_id_test_id_000581_29,test_id_000581,92,communication_heavy,4,1,test_id_000581_t4_c1,little,little_0,2,1.2,0.93,91,329466.5,348809.75,378489.59375,386883.375,405349.0,4,1.8334926572250265,HI,386883.375,15665.78125,402549.15625,329466.5,56539.25
test_id_test_id_000581_30,test_id_000581,92,communication_heavy,4,2,test_id_000581_t4_c2,big,big_1,3,2.2,1.15,91,193065.7,191183.828125,210323.296875,216056.765625,229228.859375,4,1.8334926572250265,HI,216056.765625,15665.78125,231722.546875,193065.703125,38045.03125
test_id_test_id_000581_31,test_id_000581,92,communication_heavy,4,3,test_id_000581_t4_c3,little,little_0,3,1.5,1.0,91,256368.62,264320.84375,287778.25,294613.65625,309981.4375,4,1.8334926572250265,HI,294613.65625,15665.78125,310279.4375,256368.625,45660.59375
test_id_test_id_000581_32,test_id_000581,92,communication_heavy,4,4,test_id_000581_t4_c4,big,big_1,0,1.0,0.9,91,336559.2,334800.75,363349.4375,371431.125,389340.0,4,1.8334926572250265,HI,371431.125,15665.78125,387096.90625,336559.1875,54539.25
test_id_test_id_000581_33,test_id_000581,92,communication_heavy,4,5,test_id_000581_t4_c5,little,little_1,0,0.6,0.8,91,672650.25,686072.625,741573.75,758400.375,786602.0625,4,1.8334926572250265,HI,758400.375,15665.78125,774066.15625,672650.25,100529.4375
test_id_test_id_000581_34,test_id_000581,92,communication_heavy,4,6,test_id_000581_t4_c6,big,big_0,1,1.4,0.98,91,249737.08,237083.234375,258854.796875,265284.40625,279823.25,4,1.8334926572250265,HI,265284.40625,15665.78125,280950.1875,249737.078125,42740.015625
test_id_test_id_000581_35,test_id_000581,34,random,5,0,test_id_000581_t5_c0,little,little_1,2,1.2,0.93,33,180559.23,173151.0,191128.3125,196462.53125,208888.78125,4,1.8334926572250265,HI,196462.53125,15665.78125,212128.3125,180559.234375,35737.78125
test_id_test_id_000581_36,test_id_000581,34,random,5,1,test_id_000581_t5_c1,big,big_1,3,2.2,1.15,33,93644.71,80931.78125,95135.5,99040.75,108820.234375,4,1.8334926572250265,HI,99040.75,15665.78125,114706.53125,93644.7109375,27888.453125
test_id_test_id_000581_37,test_id_000581,34,random,5,2,test_id_000581_t5_c2,little,little_0,3,1.5,1.0,33,132536.4,132919.8125,148803.765625,153301.65625,164273.1875,4,1.8334926572250265,HI,153301.65625,15665.78125,168967.4375,132536.40625,31353.375
test_id_test_id_000581_38,test_id_000581,34,random,5,3,test_id_000581_t5_c3,big,big_1,0,1.0,0.9,33,127543.99,132848.984375,148994.3125,153636.6875,164900.25,4,1.8334926572250265,HI,153636.6875,15665.78125,169302.46875,127543.9921875,32051.265625
test_id_test_id_000581_39,test_id_000581,34,random,5,4,test_id_000581_t5_c4,little,little_0,0,0.6,0.8,33,357876.4,345038.9375,373567.28125,381347.59375,398910.125,4,1.8334926572250265,HI,381347.59375,15665.78125,397013.375,357876.40625,53871.1875
test_id_test_id_000581_40,test_id_000581,34,random,5,5,test_id_000581_t5_c5,big,big_0,1,1.4,0.98,33,106247.65,101424.34375,116274.015625,120363.546875,130639.3125,4,1.8334926572250265,HI,120363.546875,15665.78125,136029.328125,106247.6484375,29214.96875
test_id_test_id_000581_41,test_id_000581,34,random,5,6,test_id_000581_t5_c6,little,little_1,1,0.9,0.86,33,218278.77,222241.390625,243219.078125,249451.5,263630.71875,4,1.8334926572250265,HI,249451.5,15665.78125,265117.28125,218278.765625,41389.328125
test_id_test_id_000583_00,test_id_000583,1,source_like,0,0,test_id_000583_t0_c0,little,little_1,2,1.2,0.93,0,120539.125,125694.203125,141386.125,145839.53125,156748.65625,4,1.8334926572250265,LO,145839.53125,0.0,145839.53125,120539.125,31054.453125
test_id_test_id_000583_01,test_id_000583,1,source_like,0,1,test_id_000583_t0_c1,big,big_0,3,2.2,1.15,0,44427.535,44769.640625,57470.890625,61198.21875,69991.234375,4,1.8334926572250265,LO,61198.21875,0.0,61198.21875,44427.53515625,25221.59375
test_id_test_id_000583_02,test_id_000583,1,source_like,0,2,test_id_000583_t0_c2,little,little_1,3,1.5,1.0,0,100009.98,96846.359375,111688.796875,115760.53125,125993.625,4,1.8334926572250265,LO,115760.53125,0.0,115760.53125,100009.9765625,29147.265625
test_id_test_id_000583_03,test_id_000583,1,source_like,0,3,test_id_000583_t0_c3,big,big_0,0,1.0,0.9,0,100788.99,98130.984375,113177.484375,117367.828125,127841.046875,4,1.8334926572250265,LO,117367.828125,0.0,117367.828125,100788.9921875,29710.0625
test_id_test_id_000583_04,test_id_000583,1,source_like,0,4,test_id_000583_t0_c4,little,little_1,0,0.6,0.8,0,258808.06,264491.71875,289067.1875,296234.90625,312633.375,4,1.8334926572250265,LO,296234.90625,0.0,296234.90625,258808.0625,48141.65625
test_id_test_id_000583_05,test_id_000583,1,source_like,0,5,test_id_000583_t0_c5,big,big_0,1,1.4,0.98,0,68899.66,69366.6875,83230.75,87131.875,96726.28125,4,1.8334926572250265,LO,87131.875,0.0,87131.875,68899.65625,27359.59375
test_id_test_id_000583_06,test_id_000583,1,source_like,0,6,test_id_000583_t0_c6,little,little_0,1,0.9,0.86,0,172299.28,172575.71875,190933.90625,196453.21875,209263.421875,4,1.8334926572250265,LO,196453.21875,0.0,196453.21875,172299.28125,36687.703125
test_id_test_id_000583_07,test_id_000583,18,sink_like,1,0,test_id_000583_t1_c0,big,big_0,3,2.2,1.15,17,116333.79,117395.828125,132544.015625,136745.8125,147201.9375,4,1.8334926572250265,LO,136745.8125,0.0,136745.8125,116333.7890625,29806.109375
test_id_test_id_000583_08,test_id_000583,18,sink_like,1,1,test_id_000583_t1_c1,little,little_1,3,1.5,1.0,17,274934.6,269699.65625,293454.65625,300328.90625,315783.125,4,1.8334926572250265,LO,300328.90625,0.0,300328.90625,274934.59375,46083.46875
test_id_test_id_000583_09,test_id_000583,18,sink_like,1,2,test_id_000583_t1_c2,big,big_0,0,1.0,0.9,17,246286.45,236007.3125,257585.546875,263914.03125,278273.96875,4,1.8334926572250265,LO,263914.03125,0.0,263914.03125,246286.453125,42266.65625
test_id_test_id_000583_10,test_id_000583,18,sink_like,1,3,test_id_000583_t1_c3,little,little_0,0,0.6,0.8,17,433768.1,411692.875,445470.75,454911.53125,475043.625,4,1.8334926572250265,LO,454911.53125,0.0,454911.53125,433768.09375,63350.75
test_id_test_id_000583_11,test_id_000583,18,sink_like,1,4,test_id_000583_t1_c4,big,big_1,1,1.4,0.98,17,189930.02,178828.8125,197030.78125,202413.6875,214922.921875,4,1.8334926572250265,LO,202413.6875,0.0,202413.6875,189930.015625,36094.109375
test_id_test_id_000583_12,test_id_000583,18,sink_like,1,5,test_id_000583_t1_c5,little,little_1,1,0.9,0.86,17,325249.22,354970.1875,385175.0,393711.78125,412441.78125,4,1.8334926572250265,LO,393711.78125,0.0,393711.78125,325249.21875,57471.59375
test_id_test_id_000583_13,test_id_000583,18,sink_like,1,6,test_id_000583_t1_c6,big,big_0,2,1.8,1.06,17,169983.4,168552.640625,186234.765625,191436.5,203621.234375,4,1.8334926572250265,LO,191436.5,0.0,191436.5,169983.40625,35068.59375
test_id_test_id_000583_14,test_id_000583,37,middle,2,0,test_id_000583_t2_c0,little,little_0,3,1.5,1.0,36,193387.67,185625.90625,204186.21875,209677.5,222388.46875,4,1.8334926572250265,LO,209677.5,0.0,209677.5,193387.671875,36762.5625
test_id_test_id_000583_15,test_id_000583,37,middle,2,1,test_id_000583_t2_c1,big,big_1,0,1.0,0.9,36,216447.53,184241.890625,202886.09375,208453.546875,221315.234375,4,1.8334926572250265,LO,208453.546875,0.0,208453.546875,216447.53125,37073.34375
test_id_test_id_000583_16,test_id_000583,37,middle,2,2,test_id_000583_t2_c2,little,little_1,0,0.6,0.8,36,333202.22,316938.6875,344034.6875,351594.625,368780.59375,4,1.8334926572250265,LO,351594.625,0.0,351594.625,333202.21875,51841.90625
test_id_test_id_000583_17,test_id_000583,37,middle,2,3,test_id_000583_t2_c3,big,big_0,1,1.4,0.98,36,163061.05,148167.96875,164766.34375,169564.625,181040.84375,4,1.8334926572250265,LO,169564.625,0.0,169564.625,163061.046875,32872.875
test_id_test_id_000583_18,test_id_000583,37,middle,2,4,test_id_000583_t2_c4,little,little_0,1,0.9,0.86,36,239970.83,221769.0625,242599.0,248762.0,262796.84375,4,1.8334926572250265,LO,248762.0,0.0,248762.0,239970.828125,41027.78125
test_id_test_id_000583_19,test_id_000583,37,middle,2,5,test_id_000583_t2_c5,big,big_0,2,1.8,1.06,36,120243.664,105965.734375,120828.609375,124913.015625,135176.5625,4,1.8334926572250265,LO,124913.015625,0.0,124913.015625,120243.6640625,29210.828125
test_id_test_id_000583_20,test_id_000583,37,middle,2,6,test_id_000583_t2_c6,little,little_1,2,1.2,0.93,36,230032.22,200899.109375,220326.4375,226078.03125,239284.5625,4,1.8334926572250265,LO,226078.03125,0.0,226078.03125,230032.21875,38385.453125
test_id_test_id_000583_21,test_id_000583,19,high_degree,3,0,test_id_000583_t3_c0,big,big_0,0,1.0,0.9,18,289747.12,256423.78125,279245.0,285855.1875,300807.65625,4,1.8334926572250265,LO,285855.1875,0.0,285855.1875,289747.125,44383.875
test_id_test_id_000583_22,test_id_000583,19,high_degree,3,1,test_id_000583_t3_c1,little,little_0,0,0.6,0.8,18,351530.06,332721.03125,360955.8125,368874.6875,386603.84375,4,1.8334926572250265,LO,368874.6875,0.0,368874.6875,351530.0625,53882.8125
test_id_test_id_000583_23,test_id_000583,19,high_degree,3,2,test_id_000583_t3_c2,big,big_1,1,1.4,0.98,18,219820.94,197212.859375,216472.3125,222195.53125,235336.0625,4,1.8334926572250265,LO,222195.53125,0.0,222195.53125,219820.9375,38123.203125
test_id_test_id_000583_24,test_id_000583,19,high_degree,3,3,test_id_000583_t3_c3,little,little_0,1,0.9,0.86,18,275125.47,253764.28125,276381.46875,282928.0625,297767.46875,4,1.8334926572250265,LO,282928.0625,0.0,282928.0625,275125.46875,44003.1875
test_id_test_id_000583_25,test_id_000583,19,high_degree,3,4,test_id_000583_t3_c4,big,big_1,2,1.8,1.06,18,149856.66,141363.9375,157553.90625,162171.546875,173329.625,4,1.8334926572250265,LO,162171.546875,0.0,162171.546875,149856.65625,31965.6875
test_id_test_id_000583_26,test_id_000583,19,high_degree,3,5,test_id_000583_t3_c5,little,little_0,2,1.2,0.93,18,267556.44,239480.65625,261184.796875,267518.34375,281888.625,4,1.8334926572250265,LO,267518.34375,0.0,267518.34375,267556.4375,42407.96875
test_id_test_id_000583_27,test_id_000583,19,high_degree,3,6,test_id_000583_t3_c6,big,big_0,3,2.2,1.15,18,133059.31,123298.515625,138721.125,143007.75,153617.265625,4,1.8334926572250265,LO,143007.75,0.0,143007.75,133059.3125,30318.75
test_id_test_id_000583_28,test_id_000583,51,communication_heavy,4,0,test_id_000583_t4_c0,little,little_1,0,0.6,0.8,50,576465.9,584361.5,631393.375,645221.0,670089.875,4,1.8334926572250265,LO,645221.0,0.0,645221.0,576465.875,85728.375
test_id_test_id_000583_29,test_id_000583,51,communication_heavy,4,1,test_id_000583_t4_c1,big,big_1,1,1.4,0.98,50,368850.53,349156.65625,378933.3125,387355.53125,405888.15625,4,1.8334926572250265,LO,387355.53125,0.0,387355.53125,368850.53125,56731.5
test_id_test_id_000583_30,test_id_000583,51,communication_heavy,4,2,test_id_000583_t4_c2,little,little_0,1,0.9,0.86,50,521852.25,509481.21875,552550.125,565032.625,589360.5625,4,1.8334926572250265,LO,565032.625,0.0,565032.625,521852.25,79879.34375
test_id_test_id_000583_31,test_id_000583,51,communication_heavy,4,3,test_id_000583_t4_c3,big,big_1,2,1.8,1.06,50,234498.77,233192.046875,254732.609375,261109.78125,275537.625,4,1.8334926572250265,LO,261109.78125,0.0,261109.78125,234498.765625,42345.578125
test_id_test_id_000583_32,test_id_000583,51,communication_heavy,4,4,test_id_000583_t4_c4,little,little_1,2,1.2,0.93,50,394250.03,391809.875,425175.5,434619.75,454897.5,4,1.8334926572250265,LO,434619.75,0.0,434619.75,394250.03125,63087.625
test_id_test_id_000583_33,test_id_000583,51,communication_heavy,4,5,test_id_000583_t4_c5,big,big_0,3,2.2,1.15,50,180177.86,176154.71875,194252.484375,199602.09375,212054.640625,4,1.8334926572250265,LO,199602.09375,0.0,199602.09375,180177.859375,35899.921875
test_id_test_id_000583_34,test_id_000583,51,communication_heavy,4,6,test_id_000583_t4_c6,little,little_1,3,1.5,1.0,50,347188.12,343242.6875,372565.3125,380877.0625,399185.6875,4,1.8334926572250265,LO,380877.0625,0.0,380877.0625,347188.125,55943.0
test_id_test_id_000583_35,test_id_000583,55,random,5,0,test_id_000583_t5_c0,big,big_0,1,1.4,0.98,54,245307.69,248677.90625,271140.5625,277728.21875,292594.9375,4,1.8334926572250265,LO,277728.21875,0.0,277728.21875,245307.6875,43917.03125
test_id_test_id_000583_36,test_id_000583,55,random,5,1,test_id_000583_t5_c1,little,little_1,1,0.9,0.86,54,586243.4,566391.875,614199.875,628278.25,654392.25,4,1.8334926572250265,LO,628278.25,0.0,628278.25,586243.375,88000.375
test_id_test_id_000583_37,test_id_000583,55,random,5,2,test_id_000583_t5_c2,big,big_1,2,1.8,1.06,54,219522.89,225412.0,246507.625,252780.5625,266997.59375,4,1.8334926572250265,LO,252780.5625,0.0,252780.5625,219522.890625,41585.59375
test_id_test_id_000583_38,test_id_000583,55,random,5,3,test_id_000583_t5_c3,little,little_1,2,1.2,0.93,54,457552.4,437940.0,475402.09375,486109.5,508316.9375,4,1.8334926572250265,LO,486109.5,0.0,486109.5,457552.40625,70376.9375
test_id_test_id_000583_39,test_id_000583,55,random,5,4,test_id_000583_t5_c4,big,big_1,3,2.2,1.15,54,194225.77,201702.28125,221421.09375,227324.359375,240820.765625,4,1.8334926572250265,LO,227324.359375,0.0,227324.359375,194225.765625,39118.484375
test_id_test_id_000583_40,test_id_000583,55,random,5,5,test_id_000583_t5_c5,little,little_0,3,1.5,1.0,54,335920.8,339007.53125,367987.625,376209.65625,394351.78125,4,1.8334926572250265,LO,376209.65625,0.0,376209.65625,335920.8125,55344.25
test_id_test_id_000583_41,test_id_000583,55,random,5,6,test_id_000583_t5_c6,big,big_1,0,1.0,0.9,54,362858.3,356094.46875,386348.625,394888.65625,413641.4375,4,1.8334926572250265,LO,394888.65625,0.0,394888.65625,362858.3125,57546.96875
test_id_test_id_000618_00,test_id_000618,1,source_like,0,0,test_id_000618_t0_c0,little,little_0,3,1.5,1.0,0,75060.98,72985.328125,87085.6875,91015.875,100721.03125,4,1.8334926572250265,HI,91015.875,15665.78125,106681.65625,75060.9765625,27735.703125
test_id_test_id_000618_01,test_id_000618,1,source_like,0,1,test_id_000618_t0_c1,big,big_0,0,1.0,0.9,0,73383.63,68996.40625,83026.65625,86998.625,96723.65625,4,1.8334926572250265,HI,86998.625,15665.78125,102664.40625,73383.6328125,27727.25
test_id_test_id_000618_02,test_id_000618,1,source_like,0,2,test_id_000618_t0_c2,little,little_0,0,0.6,0.8,0,167471.75,165012.046875,183683.03125,189376.0,202579.9375,4,1.8334926572250265,HI,189376.0,15665.78125,205041.78125,167471.75,37567.890625
test_id_test_id_000618_03,test_id_000618,1,source_like,0,3,test_id_000618_t0_c3,big,big_1,1,1.4,0.98,0,62030.625,54850.4375,68153.84375,72024.59375,81291.234375,4,1.8334926572250265,HI,72024.59375,15665.78125,87690.375,62030.625,26440.796875
test_id_test_id_000618_04,test_id_000618,1,source_like,0,4,test_id_000618_t0_c4,little,little_1,1,0.9,0.86,0,119915.125,117025.921875,132685.890625,137158.140625,148148.0625,4,1.8334926572250265,HI,137158.140625,15665.78125,152823.921875,119915.125,31122.140625
test_id_test_id_000618_05,test_id_000618,1,source_like,0,5,test_id_000618_t0_c5,big,big_0,2,1.8,1.06,0,44397.254,43322.3125,56108.25,59929.046875,68876.25,4,1.8334926572250265,HI,59929.046875,15665.78125,75594.828125,44397.25390625,25553.9375
test_id_test_id_000618_06,test_id_000618,1,source_like,0,6,test_id_000618_t0_c6,little,little_1,2,1.2,0.93,0,95377.17,93297.0625,108210.546875,112355.5,122727.203125,4,1.8334926572250265,HI,112355.5,15665.78125,128021.28125,95377.171875,29430.140625
test_id_test_id_000618_07,test_id_000618,121,sink_like,1,0,test_id_000618_t1_c0,big,big_0,0,1.0,0.9,120,388734.84,390234.375,423384.0625,432749.03125,452915.4375,4,1.8334926572250265,HI,432749.03125,15665.78125,448414.8125,388734.84375,62681.0625
test_id_test_id_000618_08,test_id_000618,121,sink_like,1,1,test_id_000618_t1_c1,little,little_0,0,0.6,0.8,120,612210.9,606273.125,654450.4375,668686.125,693710.0625,4,1.8334926572250265,HI,668686.125,15665.78125,684351.90625,612210.875,87436.9375
test_id_test_id_000618_09,test_id_000618,121,sink_like,1,2,test_id_000618_t1_c2,big,big_1,1,1.4,0.98,120,285668.53,287135.75,312130.8125,319325.5,335453.4375,4,1.8334926572250265,HI,319325.5,15665.78125,334991.28125,285668.53125,48317.6875
test_id_test_id_000618_10,test_id_000618,121,sink_like,1,3,test_id_000618_t1_c3,little,little_1,1,0.9,0.86,120,602253.6,611273.75,663073.5,678556.625,706258.75,4,1.8334926572250265,HI,678556.625,15665.78125,694222.40625,602253.625,94985.0
test_id_test_id_000618_11,test_id_000618,121,sink_like,1,4,test_id_000618_t1_c4,big,big_1,2,1.8,1.06,120,246758.55,255029.703125,277951.1875,284674.3125,299811.5625,4,1.8334926572250265,HI,284674.3125,15665.78125,300340.09375,246758.546875,44781.859375
test_id_test_id_000618_12,test_id_000618,121,sink_like,1,5,test_id_000618_t1_c5,little,little_1,2,1.2,0.93,120,458427.6,430443.375,467178.0,477646.59375,499501.1875,4,1.8334926572250265,HI,477646.59375,15665.78125,493312.375,458427.59375,69057.8125
test_id_test_id_000618_13,test_id_000618,121,sink_like,1,6,test_id_000618_t1_c6,big,big_1,3,2.2,1.15,120,186490.8,189791.75,208762.171875,214421.265625,227449.984375,4,1.8334926572250265,HI,214421.265625,15665.78125,230087.046875,186490.796875,37658.234375
test_id_test_id_000618_14,test_id_000618,149,middle,2,0,test_id_000618_t2_c0,little,little_0,0,0.6,0.8,148,614407.3,576485.25,623279.9375,637044.875,661957.1875,4,1.8334926572250265,HI,637044.875,15665.78125,652710.65625,614407.3125,85471.9375
test_id_test_id_000618_15,test_id_000618,149,middle,2,1,test_id_000618_t2_c1,big,big_0,1,1.4,0.98,148,286119.75,254516.78125,277308.84375,283956.21875,298956.84375,4,1.8334926572250265,HI,283956.21875,15665.78125,299622.0,286119.75,44440.0625
test_id_test_id_000618_16,test_id_000618,149,middle,2,2,test_id_000618_t2_c2,little,little_0,1,0.9,0.86,148,478277.56,444309.875,482140.4375,492951.0,515264.09375,4,1.8334926572250265,HI,492951.0,15665.78125,508616.78125,478277.5625,70954.21875
test_id_test_id_000618_17,test_id_000618,149,middle,2,3,test_id_000618_t2_c3,big,big_0,2,1.8,1.06,148,210284.52,199301.265625,218767.90625,224561.65625,237848.03125,4,1.8334926572250265,HI,224561.65625,15665.78125,240227.4375,210284.515625,38546.765625
test_id_test_id_000618_18,test_id_000618,149,middle,2,4,test_id_000618_t2_c4,little,little_0,2,1.2,0.93,148,280166.53,273125.625,297093.375,304007.84375,319573.4375,4,1.8334926572250265,HI,304007.84375,15665.78125,319673.625,280166.53125,46447.8125
test_id_test_id_000618_19,test_id_000618,149,middle,2,5,test_id_000618_t2_c5,big,big_0,3,2.2,1.15,148,224228.03,205808.84375,225723.078125,231674.90625,245258.390625,4,1.8334926572250265,HI,231674.90625,15665.78125,247340.6875,224228.03125,39449.546875
test_id_test_id_000618_20,test_id_000618,149,middle,2,6,test_id_000618_t2_c6,little,little_1,3,1.5,1.0,148,298968.28,282865.28125,307545.0625,314654.28125,330594.8125,4,1.8334926572250265,HI,314654.28125,15665.78125,330320.0625,298968.28125,47729.53125
test_id_test_id_000618_21,test_id_000618,16,high_degree,3,0,test_id_000618_t3_c0,big,big_0,1,1.4,0.98,15,224393.3,210754.96875,230860.46875,236829.4375,250452.296875,4,1.8334926572250265,HI,236829.4375,15665.78125,252495.21875,224393.296875,39697.328125
test_id_test_id_000618_22,test_id_000618,16,high_degree,3,1,test_id_000618_t3_c1,little,little_1,1,0.9,0.86,15,472510.56,419961.0625,455629.5,465756.5625,487078.59375,4,1.8334926572250265,HI,465756.5625,15665.78125,481422.34375,472510.5625,67117.53125
test_id_test_id_000618_23,test_id_000618,16,high_degree,3,2,test_id_000618_t3_c2,big,big_0,2,1.8,1.06,15,238963.98,223079.859375,243973.96875,250178.59375,264254.84375,4,1.8334926572250265,HI,250178.59375,15665.78125,265844.375,238963.984375,41174.984375
test_id_test_id_000618_24,test_id_000618,16,high_degree,3,3,test_id_000618_t3_c3,little,little_1,2,1.2,0.93,15,264631.7,262415.9375,285674.875,292423.15625,307638.75,4,1.8334926572250265,HI,292423.15625,15665.78125,308088.9375,264631.6875,45222.8125
test_id_test_id_000618_25,test_id_000618,16,high_degree,3,4,test_id_000618_t3_c4,big,big_1,3,2.2,1.15,15,150207.72,141736.421875,157930.171875,162550.8125,173711.78125,4,1.8334926572250265,HI,162550.8125,15665.78125,178216.59375,150207.71875,31975.359375
test_id_test_id_000618_26,test_id_000618,16,high_degree,3,5,test_id_000618_t3_c5,little,little_1,3,1.5,1.0,15,269810.06,255908.625,278738.71875,285389.21875,300383.625,4,1.8334926572250265,HI,285389.21875,15665.78125,301055.0,269810.0625,44475.0
test_id_test_id_000618_27,test_id_000618,16,high_degree,3,6,test_id_000618_t3_c6,big,big_1,0,1.0,0.9,15,257805.05,255216.6875,278037.5,284679.125,299687.15625,4,1.8334926572250265,HI,284679.125,15665.78125,300344.90625,257805.046875,44470.46875
test_id_test_id_000618_28,test_id_000618,67,communication_heavy,4,0,test_id_000618_t4_c0,little,little_0,1,0.9,0.86,66,835806.7,829803.0,907495.9375,929765.9375,973114.4375,4,1.8334926572250265,HI,929765.9375,15665.78125,945431.71875,835806.6875,143311.4375
test_id_test_id_000618_29,test_id_000618,67,communication_heavy,4,1,test_id_000618_t4_c1,big,big_1,2,1.8,1.06,66,313202.66,310342.34375,337002.9375,344609.375,361567.1875,4,1.8334926572250265,HI,344609.375,15665.78125,360275.15625,313202.65625,51224.84375
test_id_test_id_000618_30,test_id_000618,67,communication_heavy,4,2,test_id_000618_t4_c2,little,little_0,2,1.2,0.93,66,574706.94,548516.625,595580.25,609497.1875,635669.875,4,1.8334926572250265,HI,609497.1875,15665.78125,625162.96875,574706.9375,87153.25
test_id_test_id_000618_31,test_id_000618,67,communication_heavy,4,3,test_id_000618_t4_c3,big,big_1,3,2.2,1.15,66,234358.81,236368.765625,258007.5,264380.34375,278799.9375,4,1.8334926572250265,HI,264380.34375,15665.78125,280046.125,234358.8125,42431.171875
test_id_test_id_000618_32,test_id_000618,67,communication_heavy,4,4,test_id_000618_t4_c4,little,little_0,3,1.5,1.0,66,584413.8,562169.875,611363.6875,626095.25,653529.75,4,1.8334926572250265,HI,626095.25,15665.78125,641761.03125,584413.8125,91359.875
test_id_test_id_000618_33,test_id_000618,67,communication_heavy,4,5,test_id_000618_t4_c5,big,big_0,0,1.0,0.9,66,600514.4,628922.4375,682500.5,698694.375,727204.5,4,1.8334926572250265,HI,698694.375,15665.78125,714360.15625,600514.375,98282.0625
test_id_test_id_000618_34,test_id_000618,67,communication_heavy,4,6,test_id_000618_t4_c6,little,little_0,0,0.6,0.8,66,1008090.56,957129.6875,1047118.0625,1069979.75,1126379.75,4,1.8334926572250265,HI,1069979.75,15665.78125,1085645.53125,1008090.5625,169250.0625
test_id_test_id_000618_35,test_id_000618,73,random,5,0,test_id_000618_t5_c0,big,big_0,2,1.8,1.06,72,120355.125,121036.578125,136440.78125,140718.96875,151323.984375,4,1.8334926572250265,HI,140718.96875,15665.78125,156384.75,120355.125,30287.40625
test_id_test_id_000618_36,test_id_000618,73,random,5,1,test_id_000618_t5_c1,little,little_1,2,1.2,0.93,72,201142.78,205239.84375,225038.625,230949.609375,244438.03125,4,1.8334926572250265,HI,230949.609375,15665.78125,246615.390625,201142.78125,39198.1875
test_id_test_id_000618_37,test_id_000618,73,random,5,2,test_id_000618_t5_c2,big,big_0,3,2.2,1.15,72,86938.7,92651.09375,107163.421875,111137.625,121159.265625,4,1.8334926572250265,HI,111137.625,15665.78125,126803.40625,86938.703125,28508.171875
test_id_test_id_000618_38,test_id_000618,73,random,5,3,test_id_000618_t5_c3,little,little_1,3,1.5,1.0,72,171526.0,179233.0625,197508.9375,202922.25,215487.59375,4,1.8334926572250265,HI,202922.25,15665.78125,218588.03125,171526.0,36254.53125
test_id_test_id_000618_39,test_id_000618,73,random,5,4,test_id_000618_t5_c4,big,big_0,0,1.0,0.9,72,166277.62,168655.71875,186500.453125,191824.5625,204231.234375,4,1.8334926572250265,HI,191824.5625,15665.78125,207490.34375,166277.625,35575.515625
test_id_test_id_000618_40,test_id_000618,73,random,5,5,test_id_000618_t5_c5,little,little_1,0,0.6,0.8,72,415346.44,415941.3125,448483.59375,457297.0,476160.8125,4,1.8334926572250265,HI,457297.0,15665.78125,472962.78125,415346.4375,60219.5
test_id_test_id_000618_41,test_id_000618,73,random,5,6,test_id_000618_t5_c6,big,big_0,1,1.4,0.98,72,144670.81,148266.78125,164886.09375,169678.90625,181148.34375,4,1.8334926572250265,HI,169678.90625,15665.78125,185344.6875,144670.8125,32881.5625
test_id_test_id_000629_00,test_id_000629,5,source_like,0,0,test_id_000629_t0_c0,big,big_0,1,1.4,0.98,4,94593.4,94584.40625,109251.671875,113306.953125,123485.078125,4,1.8334926572250265,LO,113306.953125,0.0,113306.953125,94593.3984375,28900.671875
test_id_test_id_000629_01,test_id_000629,5,source_like,0,1,test_id_000629_t0_c1,little,little_1,1,0.9,0.86,4,215722.89,205750.078125,225986.375,232144.375,246108.5,4,1.8334926572250265,LO,232144.375,0.0,232144.375,215722.890625,40358.421875
test_id_test_id_000629_02,test_id_000629,5,source_like,0,2,test_id_000629_t0_c2,big,big_0,2,1.8,1.06,4,70544.79,77110.109375,91202.78125,95108.15625,104841.640625,4,1.8334926572250265,LO,95108.15625,0.0,95108.15625,70544.7890625,27731.53125
test_id_test_id_000629_03,test_id_000629,5,source_like,0,3,test_id_000629_t0_c3,little,little_0,2,1.2,0.93,4,165448.4,167819.359375,185537.78125,190816.75,203115.859375,4,1.8334926572250265,LO,190816.75,0.0,190816.75,165448.40625,35296.5
test_id_test_id_000629_04,test_id_000629,5,source_like,0,4,test_id_000629_t0_c4,big,big_1,3,2.2,1.15,4,63193.473,62974.71875,76528.46875,80357.1875,89705.25,4,1.8334926572250265,LO,80357.1875,0.0,80357.1875,63193.47265625,26730.53125
test_id_test_id_000629_05,test_id_000629,5,source_like,0,5,test_id_000629_t0_c5,little,little_1,3,1.5,1.0,4,139862.47,144083.46875,160452.125,165141.46875,176422.59375,4,1.8334926572250265,LO,165141.46875,0.0,165141.46875,139862.46875,32339.125
test_id_test_id_000629_06,test_id_000629,5,source_like,0,6,test_id_000629_t0_c6,big,big_0,0,1.0,0.9,4,137405.66,136581.90625,152818.203125,157522.0,168851.34375,4,1.8334926572250265,LO,157522.0,0.0,157522.0,137405.65625,32269.4375
test_id_test_id_000629_07,test_id_000629,74,sink_like,1,0,test_id_000629_t1_c0,little,little_0,1,0.9,0.86,73,312645.0,313480.1875,340321.46875,347948.3125,364968.0625,4,1.8334926572250265,LO,347948.3125,0.0,347948.3125,312645.0,51487.875
test_id_test_id_000629_08,test_id_000629,74,sink_like,1,1,test_id_000629_t1_c1,big,big_1,2,1.8,1.06,73,139256.03,132381.328125,148237.375,152705.890625,163627.203125,4,1.8334926572250265,LO,152705.890625,0.0,152705.890625,139256.03125,31245.875
test_id_test_id_000629_09,test_id_000629,74,sink_like,1,2,test_id_000629_t1_c2,little,little_0,2,1.2,0.93,73,236229.53,222715.0625,243518.515625,249672.359375,263661.0625,4,1.8334926572250265,LO,249672.359375,0.0,249672.359375,236229.53125,40946.0
test_id_test_id_000629_10,test_id_000629,74,sink_like,1,3,test_id_000629_t1_c3,big,big_1,3,2.2,1.15,73,102998.01,97562.890625,112173.65625,116176.515625,126272.953125,4,1.8334926572250265,LO,116176.515625,0.0,116176.515625,102998.0078125,28710.0625
test_id_test_id_000629_11,test_id_000629,74,sink_like,1,4,test_id_000629_t1_c4,little,little_0,3,1.5,1.0,73,179931.6,171076.875,188874.34375,194116.8125,206375.0,4,1.8334926572250265,LO,194116.8125,0.0,194116.8125,179931.59375,35298.125
test_id_test_id_000629_12,test_id_000629,74,sink_like,1,5,test_id_000629_t1_c5,big,big_0,0,1.0,0.9,73,173327.1,170571.625,188501.0,193841.84375,206287.34375,4,1.8334926572250265,LO,193841.84375,0.0,193841.84375,173327.09375,35715.71875
test_id_test_id_000629_13,test_id_000629,74,sink_like,1,6,test_id_000629_t1_c6,little,little_1,0,0.6,0.8,73,406812.25,375427.6875,405775.1875,414035.5625,432316.125,4,1.8334926572250265,LO,414035.5625,0.0,414035.5625,406812.25,56888.4375
test_id_test_id_000629_14,test_id_000629,56,middle,2,0,test_id_000629_t2_c0,big,big_1,2,1.8,1.06,55,159588.4,159337.125,176521.0,181535.75,193387.65625,4,1.8334926572250265,LO,181535.75,0.0,181535.75,159588.40625,34050.53125
test_id_test_id_000629_15,test_id_000629,56,middle,2,1,test_id_000629_t2_c1,little,little_0,2,1.2,0.93,55,297528.5,313564.625,340477.4375,348147.75,365224.09375,4,1.8334926572250265,LO,348147.75,0.0,348147.75,297528.5,51659.46875
test_id_test_id_000629_16,test_id_000629,56,middle,2,2,test_id_000629_t2_c2,big,big_0,3,2.2,1.15,55,123475.02,129155.484375,144797.84375,149195.90625,159983.25,4,1.8334926572250265,LO,149195.90625,0.0,149195.90625,123475.0234375,30827.765625
test_id_test_id_000629_17,test_id_000629,56,middle,2,3,test_id_000629_t2_c3,little,little_0,3,1.5,1.0,55,293826.62,281506.15625,306119.8125,313229.9375,329151.6875,4,1.8334926572250265,LO,313229.9375,0.0,313229.9375,293826.625,47645.53125
test_id_test_id_000629_18,test_id_000629,56,middle,2,4,test_id_000629_t2_c4,big,big_1,0,1.0,0.9,55,293197.56,289986.21875,315167.3125,322389.71875,338592.96875,4,1.8334926572250265,LO,322389.71875,0.0,322389.71875,293197.5625,48606.75
test_id_test_id_000629_19,test_id_000629,56,middle,2,5,test_id_000629_t2_c5,little,little_1,0,0.6,0.8,55,489933.78,533120.4375,575395.375,587495.0625,610452.375,4,1.8334926572250265,LO,587495.0625,0.0,587495.0625,489933.78125,77331.9375
test_id_test_id_000629_20,test_id_000629,56,middle,2,6,test_id_000629_t2_c6,big,big_0,1,1.4,0.98,55,178352.92,188440.125,207282.140625,212887.9375,225814.15625,4,1.8334926572250265,LO,212887.9375,0.0,212887.9375,178352.921875,37374.03125
test_id_test_id_000629_21,test_id_000629,73,high_degree,3,0,test_id_000629_t3_c0,little,little_0,2,1.2,0.93,72,320293.72,307976.71875,334501.875,342065.59375,358939.65625,4,1.8334926572250265,LO,342065.59375,0.0,342065.59375,320293.71875,50962.9375
test_id_test_id_000629_22,test_id_000629,73,high_degree,3,1,test_id_000629_t3_c1,big,big_0,3,2.2,1.15,72,117871.52,114598.171875,129664.703125,133828.59375,144224.25,4,1.8334926572250265,LO,133828.59375,0.0,133828.59375,117871.5234375,29626.078125
test_id_test_id_000629_23,test_id_000629,73,high_degree,3,2,test_id_000629_t3_c2,little,little_1,3,1.5,1.0,72,216215.7,203930.0,223537.140625,229337.984375,242639.359375,4,1.8334926572250265,LO,229337.984375,0.0,229337.984375,216215.703125,38709.359375
test_id_test_id_000629_24,test_id_000629,73,high_degree,3,3,test_id_000629_t3_c3,big,big_0,0,1.0,0.9,72,229997.75,227030.921875,248081.71875,254289.265625,268395.375,4,1.8334926572250265,LO,254289.265625,0.0,254289.265625,229997.75,41364.453125
test_id_test_id_000629_25,test_id_000629,73,high_degree,3,4,test_id_000629_t3_c4,little,little_0,0,0.6,0.8,72,430562.28,403608.34375,436507.6875,445637.625,465267.4375,4,1.8334926572250265,LO,445637.625,0.0,445637.625,430562.28125,61659.09375
test_id_test_id_000629_26,test_id_000629,73,high_degree,3,5,test_id_000629_t3_c5,big,big_0,1,1.4,0.98,72,204069.89,187092.125,205803.6875,211362.078125,224195.796875,4,1.8334926572250265,LO,211362.078125,0.0,211362.078125,204069.890625,37103.671875
test_id_test_id_000629_27,test_id_000629,73,high_degree,3,6,test_id_000629_t3_c6,little,little_0,1,0.9,0.86,72,353717.72,331627.15625,359910.09375,367919.75,385682.90625,4,1.8334926572250265,LO,367919.75,0.0,367919.75,353717.71875,54055.75
test_id_test_id_000629_28,test_id_000629,96,communication_heavy,4,0,test_id_000629_t4_c0,big,big_0,3,2.2,1.15,95,161544.88,160598.25,177859.15625,182895.1875,194791.328125,4,1.8334926572250265,LO,182895.1875,0.0,182895.1875,161544.875,34193.078125
test_id_test_id_000629_29,test_id_000629,96,communication_heavy,4,1,test_id_000629_t4_c1,little,little_0,3,1.5,1.0,95,216763.02,222014.46875,242665.84375,248743.15625,262588.09375,4,1.8334926572250265,LO,248743.15625,0.0,248743.15625,216763.015625,40573.625
test_id_test_id_000629_30,test_id_000629,96,communication_heavy,4,2,test_id_000629_t4_c2,big,big_0,0,1.0,0.9,95,293796.7,281530.8125,306074.625,313113.5,328959.90625,4,1.8334926572250265,LO,313113.5,0.0,313113.5,293796.6875,47429.09375
test_id_test_id_000629_31,test_id_000629,96,communication_heavy,4,3,test_id_000629_t4_c3,little,little_0,0,0.6,0.8,95,403738.2,399667.65625,432577.6875,441760.6875,461521.875,4,1.8334926572250265,LO,441760.6875,0.0,441760.6875,403738.1875,61854.21875
test_id_test_id_000629_32,test_id_000629,96,communication_heavy,4,4,test_id_000629_t4_c4,big,big_0,1,1.4,0.98,95,197459.52,198651.84375,217985.796875,223721.890625,236893.921875,4,1.8334926572250265,LO,223721.890625,0.0,223721.890625,197459.515625,38242.078125
test_id_test_id_000629_33,test_id_000629,96,communication_heavy,4,5,test_id_000629_t4_c5,little,little_1,1,0.9,0.86,95,308892.78,311547.84375,338270.6875,345863.75,362829.15625,4,1.8334926572250265,LO,345863.75,0.0,345863.75,308892.78125,51281.3125
test_id_test_id_000629_34,test_id_000629,96,communication_heavy,4,6,test_id_000629_t4_c6,big,big_1,2,1.8,1.06,95,122550.35,128964.09375,144520.90625,148893.625,159630.4375,4,1.8334926572250265,LO,148893.625,0.0,148893.625,122550.3515625,30666.34375
test_id_test_id_000629_35,test_id_000629,20,random,5,0,test_id_000629_t5_c0,little,little_1,3,1.5,1.0,19,81335.0,91582.578125,106215.015625,110244.796875,120367.921875,4,1.8334926572250265,LO,110244.796875,0.0,110244.796875,81335.0,28785.34375
test_id_test_id_000629_36,test_id_000629,20,random,5,1,test_id_000629_t5_c1,big,big_1,0,1.0,0.9,19,104192.7,117534.4375,133247.453125,137738.875,148786.53125,4,1.8334926572250265,LO,137738.875,0.0,137738.875,104192.703125,31252.09375
test_id_test_id_000629_37,test_id_000629,20,random,5,2,test_id_000629_t5_c2,little,little_0,0,0.6,0.8,19,198574.77,213912.125,235891.59375,242671.421875,258087.15625,4,1.8334926572250265,LO,242671.421875,0.0,242671.421875,198574.765625,44175.03125
test_id_test_id_000629_38,test_id_000629,20,random,5,3,test_id_000629_t5_c3,big,big_0,1,1.4,0.98,19,74822.54,83304.640625,97768.453125,101793.359375,111831.296875,4,1.8334926572250265,LO,101793.359375,0.0,101793.359375,74822.5390625,28526.65625
test_id_test_id_000629_39,test_id_000629,20,random,5,4,test_id_000629_t5_c4,little,little_0,1,0.9,0.86,19,144374.97,155559.421875,173085.75,178311.96875,190618.09375,4,1.8334926572250265,LO,178311.96875,0.0,178311.96875,144374.96875,35058.671875
test_id_test_id_000629_40,test_id_000629,20,random,5,5,test_id_000629_t5_c5,big,big_0,2,1.8,1.06,19,61107.44,67962.3125,81729.578125,85620.515625,95176.40625,4,1.8334926572250265,LO,85620.515625,0.0,85620.515625,61107.44140625,27214.09375
test_id_test_id_000629_41,test_id_000629,20,random,5,6,test_id_000629_t5_c6,little,little_0,2,1.2,0.93,19,109816.74,123219.671875,138904.15625,143344.546875,154254.59375,4,1.8334926572250265,LO,143344.546875,0.0,143344.546875,109816.7421875,31034.921875
test_id_test_id_000631_00,test_id_000631,3,source_like,0,0,test_id_000631_t0_c0,little,little_1,1,0.9,0.86,2,274681.9,237340.34375,259030.25,265406.4375,279836.0625,4,1.8334926572250265,HI,265406.4375,15665.78125,281072.21875,274681.90625,42495.71875
test_id_test_id_000631_01,test_id_000631,3,source_like,0,1,test_id_000631_t0_c1,big,big_0,2,1.8,1.06,2,87089.32,78230.78125,92326.765625,96246.34375,106023.640625,4,1.8334926572250265,HI,96246.34375,15665.78125,111912.125,87089.3203125,27792.859375
test_id_test_id_000631_02,test_id_000631,3,source_like,0,2,test_id_000631_t0_c2,little,little_0,2,1.2,0.93,2,217375.19,185951.3125,204570.21875,210118.578125,222908.421875,4,1.8334926572250265,HI,210118.578125,15665.78125,225784.359375,217375.1875,36957.109375
test_id_test_id_000631_03,test_id_000631,3,source_like,0,3,test_id_000631_t0_c3,big,big_0,3,2.2,1.15,2,78145.484,72401.5,86351.546875,90243.15625,99882.84375,4,1.8334926572250265,HI,90243.15625,15665.78125,105908.9375,78145.484375,27481.34375
test_id_test_id_000631_04,test_id_000631,3,source_like,0,4,test_id_000631_t0_c4,little,little_1,3,1.5,1.0,2,155375.8,138479.828125,154686.0625,159345.15625,170575.4375,4,1.8334926572250265,HI,159345.15625,15665.78125,175010.9375,155375.796875,32095.609375
test_id_test_id_000631_05,test_id_000631,3,source_like,0,5,test_id_000631_t0_c5,big,big_1,0,1.0,0.9,2,166173.2,144415.625,161101.234375,166009.5,177692.125,4,1.8334926572250265,HI,166009.5,15665.78125,181675.28125,166173.203125,33276.5
test_id_test_id_000631_06,test_id_000631,3,source_like,0,6,test_id_000631_t0_c6,little,little_1,0,0.6,0.8,2,398615.8,363493.1875,392178.46875,399761.625,416863.25,4,1.8334926572250265,HI,399761.625,15665.78125,415427.40625,398615.8125,53370.0625
test_id_test_id_000631_07,test_id_000631,49,sink_like,1,0,test_id_000631_t1_c0,big,big_1,2,1.8,1.06,48,209214.69,205701.8125,225667.21875,231646.15625,245282.34375,4,1.8334926572250265,HI,231646.15625,15665.78125,247311.9375,209214.6875,39580.53125
test_id_test_id_000631_08,test_id_000631,49,sink_like,1,1,test_id_000631_t1_c1,little,little_1,2,1.2,0.93,48,309100.2,303687.65625,329835.28125,337309.8125,354010.125,4,1.8334926572250265,HI,337309.8125,15665.78125,352975.59375,309100.1875,50322.46875
test_id_test_id_000631_09,test_id_000631,49,sink_like,1,2,test_id_000631_t1_c2,big,big_1,3,2.2,1.15,48,236955.1,222202.03125,243168.109375,249436.59375,263642.8125,4,1.8334926572250265,HI,249436.59375,15665.78125,265102.375,236955.09375,41440.78125
test_id_test_id_000631_10,test_id_000631,49,sink_like,1,3,test_id_000631_t1_c3,little,little_0,3,1.5,1.0,48,343701.0,333915.1875,362489.625,370604.25,388545.59375,4,1.8334926572250265,HI,370604.25,15665.78125,386270.03125,343701.0,54630.40625
test_id_test_id_000631_11,test_id_000631,49,sink_like,1,4,test_id_000631_t1_c4,big,big_1,0,1.0,0.9,48,293728.78,302676.1875,328755.8125,336202.90625,352873.0625,4,1.8334926572250265,HI,336202.90625,15665.78125,351868.6875,293728.78125,50196.875
test_id_test_id_000631_12,test_id_000631,49,sink_like,1,5,test_id_000631_t1_c5,little,little_0,0,0.6,0.8,48,637333.7,643064.1875,694227.875,709532.625,735671.625,4,1.8334926572250265,HI,709532.625,15665.78125,725198.40625,637333.6875,92607.4375
test_id_test_id_000631_13,test_id_000631,49,sink_like,1,6,test_id_000631_t1_c6,big,big_0,1,1.4,0.98,48,314228.2,295220.59375,320806.9375,328146.0,344570.78125,4,1.8334926572250265,HI,328146.0,15665.78125,343811.78125,314228.1875,49350.1875
test_id_test_id_000631_14,test_id_000631,30,middle,2,0,test_id_000631_t2_c0,little,little_0,2,1.2,0.93,29,285506.97,272398.90625,296379.46875,303331.9375,318950.125,4,1.8334926572250265,HI,303331.9375,15665.78125,318997.71875,285506.96875,46551.21875
test_id_test_id_000631_15,test_id_000631,30,middle,2,1,test_id_000631_t2_c1,big,big_0,3,2.2,1.15,29,154013.61,149564.34375,166299.28125,171123.21875,182656.15625,4,1.8334926572250265,HI,171123.21875,15665.78125,186789.0,154013.609375,33091.8125
test_id_test_id_000631_16,test_id_000631,30,middle,2,2,test_id_000631_t2_c2,little,little_1,3,1.5,1.0,29,214494.34,203881.875,223627.1875,229511.71875,242963.546875,4,1.8334926572250265,HI,229511.71875,15665.78125,245177.5,214494.34375,39081.671875
test_id_test_id_000631_17,test_id_000631,30,middle,2,3,test_id_000631_t2_c3,big,big_1,0,1.0,0.9,29,268790.7,259671.328125,282825.34375,289569.0,304773.3125,4,1.8334926572250265,HI,289569.0,15665.78125,305234.78125,268790.6875,45101.984375
test_id_test_id_000631_18,test_id_000631,30,middle,2,4,test_id_000631_t2_c4,little,little_1,0,0.6,0.8,29,677687.3,625319.0625,674623.0,689230.75,714381.25,4,1.8334926572250265,HI,689230.75,15665.78125,704896.53125,677687.3125,89062.1875
test_id_test_id_000631_19,test_id_000631,30,middle,2,5,test_id_000631_t2_c5,big,big_1,1,1.4,0.98,29,215461.36,204976.25,224783.4375,230685.203125,244170.609375,4,1.8334926572250265,HI,230685.203125,15665.78125,246350.984375,215461.359375,39194.359375
test_id_test_id_000631_20,test_id_000631,30,middle,2,6,test_id_000631_t2_c6,little,little_1,1,0.9,0.86,29,396596.66,395799.3125,429199.8125,438620.5,458830.125,4,1.8334926572250265,HI,438620.5,15665.78125,454286.28125,396596.65625,63030.8125
test_id_test_id_000631_21,test_id_000631,48,communication_heavy,3,0,test_id_000631_t3_c0,big,big_1,3,2.2,1.15,47,207214.17,208624.703125,228780.453125,234824.140625,248586.25,4,1.8334926572250265,HI,234824.140625,15665.78125,250489.921875,207214.171875,39961.546875
test_id_test_id_000631_22,test_id_000631,48,communication_heavy,3,1,test_id_000631_t3_c1,little,little_0,3,1.5,1.0,47,332047.1,327879.65625,355965.9375,363949.75,381636.25,4,1.8334926572250265,HI,363949.75,15665.78125,379615.53125,332047.09375,53756.59375
test_id_test_id_000631_23,test_id_000631,48,communication_heavy,3,2,test_id_000631_t3_c2,big,big_1,0,1.0,0.9,47,359012.38,362328.96875,393147.1875,401851.09375,420896.46875,4,1.8334926572250265,HI,401851.09375,15665.78125,417516.875,359012.375,58567.5
test_id_test_id_000631_24,test_id_000631,48,communication_heavy,3,3,test_id_000631_t3_c3,little,little_1,0,0.6,0.8,47,621569.6,600828.75,648756.8125,662902.125,687881.75,4,1.8334926572250265,HI,662902.125,15665.78125,678567.90625,621569.625,87053.0
test_id_test_id_000631_25,test_id_000631,48,communication_heavy,3,4,test_id_000631_t3_c4,big,big_0,1,1.4,0.98,47,280276.3,271884.5,295850.65625,302798.09375,318411.53125,4,1.8334926572250265,HI,302798.09375,15665.78125,318463.875,280276.3125,46527.03125
test_id_test_id_000631_26,test_id_000631,48,communication_heavy,3,5,test_id_000631_t3_c5,little,little_1,1,0.9,0.86,47,379678.66,394389.5,427658.375,437037.125,457194.8125,4,1.8334926572250265,HI,437037.125,15665.78125,452702.90625,379678.65625,62805.3125
test_id_test_id_000631_27,test_id_000631,48,communication_heavy,3,6,test_id_000631_t3_c6,big,big_1,2,1.8,1.06,47,163778.3,165715.28125,183173.703125,188293.203125,200322.953125,4,1.8334926572250265,HI,188293.203125,15665.78125,203958.984375,163778.296875,34607.671875
test_id_test_id_000631_28,test_id_000631,51,random,4,0,test_id_000631_t4_c0,little,little_1,3,1.5,1.0,50,171757.31,174148.421875,192071.59375,197350.078125,209670.96875,4,1.8334926572250265,HI,197350.078125,15665.78125,213015.859375,171757.3125,35522.546875
test_id_test_id_000631_29,test_id_000631,51,random,4,1,test_id_000631_t4_c1,big,big_1,0,1.0,0.9,50,210665.03,206344.71875,226198.296875,232109.21875,245619.328125,4,1.8334926572250265,HI,232109.21875,15665.78125,247775.0,210665.03125,39274.609375
test_id_test_id_000631_30,test_id_000631,51,random,4,2,test_id_000631_t4_c2,little,little_0,0,0.6,0.8,50,362286.3,381150.03125,412055.3125,420520.6875,439105.90625,4,1.8334926572250265,HI,420520.6875,15665.78125,436186.46875,362286.3125,57955.875
test_id_test_id_000631_31,test_id_000631,51,random,4,3,test_id_000631_t4_c3,big,big_0,1,1.4,0.98,50,169902.89,180108.3125,198446.578125,203893.71875,216517.8125,4,1.8334926572250265,HI,203893.71875,15665.78125,219559.5,169902.890625,36409.5
test_id_test_id_000631_32,test_id_000631,51,random,4,4,test_id_000631_t4_c4,little,little_0,1,0.9,0.86,50,228566.02,233926.84375,255466.203125,261806.09375,276193.96875,4,1.8334926572250265,HI,261806.09375,15665.78125,277471.875,228566.015625,42267.125
test_id_test_id_000631_33,test_id_000631,51,random,4,5,test_id_000631_t4_c5,big,big_0,2,1.8,1.06,50,118913.71,124225.3125,139697.671875,144011.515625,154668.109375,4,1.8334926572250265,HI,144011.515625,15665.78125,159677.296875,118913.7109375,30442.796875
test_id_test_id_000631_34,test_id_000631,51,random,4,6,test_id_000631_t4_c6,little,little_0,2,1.2,0.93,50,214425.27,226500.59375,247473.3125,253651.84375,267692.28125,4,1.8334926572250265,HI,253651.84375,15665.78125,269317.625,214425.265625,41191.6875
test_id_test_id_000631_35,test_id_000631,52,diverse_fill_1,5,0,test_id_000631_t5_c0,big,big_1,0,1.0,0.9,51,337717.22,334112.375,362593.1875,370656.0,388527.25,4,1.8334926572250265,HI,370656.0,15665.78125,386321.78125,337717.21875,54414.875
test_id_test_id_000631_36,test_id_000631,52,diverse_fill_1,5,1,test_id_000631_t5_c1,little,little_1,0,0.6,0.8,51,631403.4,674451.375,728650.3125,745022.875,772560.0625,4,1.8334926572250265,HI,745022.875,15665.78125,760688.65625,631403.375,98108.6875
test_id_test_id_000631_37,test_id_000631,52,diverse_fill_1,5,2,test_id_000631_t5_c2,big,big_1,1,1.4,0.98,51,273619.38,266177.125,289775.65625,296641.78125,312081.15625,4,1.8334926572250265,HI,296641.78125,15665.78125,312307.5625,273619.375,45904.03125
test_id_test_id_000631_38,test_id_000631,52,diverse_fill_1,5,3,test_id_000631_t5_c3,little,little_0,1,0.9,0.86,51,504745.7,517001.125,560597.5,573236.5625,597738.75,4,1.8334926572250265,HI,573236.5625,15665.78125,588902.34375,504745.6875,80737.625
test_id_test_id_000631_39,test_id_000631,52,diverse_fill_1,5,4,test_id_000631_t5_c4,big,big_0,2,1.8,1.06,51,192527.64,198137.703125,217651.125,223494.125,236868.734375,4,1.8334926572250265,HI,223494.125,15665.78125,239159.90625,192527.640625,38731.03125
test_id_test_id_000631_40,test_id_000631,52,diverse_fill_1,5,5,test_id_000631_t5_c5,little,little_0,2,1.2,0.93,51,300259.0,312965.25,339800.125,347446.9375,364488.96875,4,1.8334926572250265,HI,347446.9375,15665.78125,363112.71875,300259.0,51523.71875
test_id_test_id_000631_41,test_id_000631,52,diverse_fill_1,5,6,test_id_000631_t5_c6,big,big_1,3,2.2,1.15,51,170490.9,171719.890625,189691.53125,195010.46875,207418.21875,4,1.8334926572250265,HI,195010.46875,15665.78125,210676.25,170490.90625,35698.328125
test_id_test_id_000697_00,test_id_000697,14,source_like,0,0,test_id_000697_t0_c0,big,big_1,3,2.2,1.15,13,28460.17,30978.453125,43449.03125,47318.03125,56119.71875,4,1.8334926572250265,LO,47318.03125,0.0,47318.03125,28460.169921875,25141.265625
test_id_test_id_000697_01,test_id_000697,14,source_like,0,1,test_id_000697_t0_c1,little,little_0,3,1.5,1.0,13,62321.297,63458.609375,77211.703125,81122.484375,90617.046875,4,1.8334926572250265,LO,81122.484375,0.0,81122.484375,62321.296875,27158.4375
test_id_test_id_000697_02,test_id_000697,14,source_like,0,2,test_id_000697_t0_c2,big,big_1,0,1.0,0.9,13,63608.652,63317.640625,77193.1875,81188.640625,90853.296875,4,1.8334926572250265,LO,81188.640625,0.0,81188.640625,63608.65234375,27535.65625
test_id_test_id_000697_03,test_id_000697,14,source_like,0,3,test_id_000697_t0_c3,little,little_1,0,0.6,0.8,13,147898.14,142408.015625,159736.40625,164934.78125,177259.265625,4,1.8334926572250265,LO,164934.78125,0.0,164934.78125,147898.140625,34851.25
test_id_test_id_000697_04,test_id_000697,14,source_like,0,4,test_id_000697_t0_c4,big,big_0,1,1.4,0.98,13,44247.504,40929.515625,53647.328125,57473.28125,66383.0,4,1.8334926572250265,LO,57473.28125,0.0,57473.28125,44247.50390625,25453.484375
test_id_test_id_000697_05,test_id_000697,14,source_like,0,5,test_id_000697_t0_c5,little,little_0,1,0.9,0.86,13,98911.57,96059.90625,111009.90625,115203.171875,125661.25,4,1.8334926572250265,LO,115203.171875,0.0,115203.171875,98911.5703125,29601.34375
test_id_test_id_000697_06,test_id_000697,14,source_like,0,6,test_id_000697_t0_c6,big,big_1,2,1.8,1.06,13,33089.04,33461.3125,45924.234375,49733.625,58458.53125,4,1.8334926572250265,LO,49733.625,0.0,49733.625,33089.0390625,24997.21875
test_id_test_id_000697_07,test_id_000697,116,sink_like,1,0,test_id_000697_t1_c0,little,little_0,3,1.5,1.0,115,361564.9,369487.5625,400997.875,409911.1875,429308.25,4,1.8334926572250265,LO,409911.1875,0.0,409911.1875,361564.90625,59820.6875
test_id_test_id_000697_08,test_id_000697,116,sink_like,1,1,test_id_000697_t1_c1,big,big_1,0,1.0,0.9,115,383966.44,384978.8125,417674.40625,426906.15625,446853.0,4,1.8334926572250265,LO,426906.15625,0.0,426906.15625,383966.4375,61874.1875
test_id_test_id_000697_09,test_id_000697,116,sink_like,1,2,test_id_000697_t1_c2,little,little_1,0,0.6,0.8,115,686882.4,694345.8125,750925.75,768154.125,797027.125,4,1.8334926572250265,LO,768154.125,0.0,768154.125,686882.375,102681.3125
test_id_test_id_000697_10,test_id_000697,116,sink_like,1,3,test_id_000697_t1_c3,big,big_1,1,1.4,0.98,115,250937.81,251055.96875,273656.875,280270.90625,295198.5,4,1.8334926572250265,LO,280270.90625,0.0,280270.90625,250937.8125,44142.53125
test_id_test_id_000697_11,test_id_000697,116,sink_like,1,4,test_id_000697_t1_c4,little,little_1,1,0.9,0.86,115,579868.6,554965.875,601708.375,615434.625,641090.25,4,1.8334926572250265,LO,615434.625,0.0,615434.625,579868.625,86124.375
test_id_test_id_000697_12,test_id_000697,116,sink_like,1,5,test_id_000697_t1_c5,big,big_0,2,1.8,1.06,115,283961.44,284051.53125,308866.9375,316028.03125,332084.5625,4,1.8334926572250265,LO,316028.03125,0.0,316028.03125,283961.4375,48033.03125
test_id_test_id_000697_13,test_id_000697,116,sink_like,1,6,test_id_000697_t1_c6,little,little_0,2,1.2,0.93,115,393665.75,390497.46875,423686.03125,433066.3125,453243.4375,4,1.8334926572250265,LO,433066.3125,0.0,433066.3125,393665.75,62745.96875
test_id_test_id_000697_14,test_id_000697,71,middle,2,0,test_id_000697_t2_c0,big,big_1,0,1.0,0.9,70,394556.44,385507.0625,418246.5,427487.71875,447457.625,4,1.8334926572250265,LO,427487.71875,0.0,427487.71875,394556.4375,61950.5625
test_id_test_id_000697_15,test_id_000697,71,middle,2,1,test_id_000697_t2_c1,little,little_1,0,0.6,0.8,70,859018.8,801056.5,869726.5,890051.3125,926637.0625,4,1.8334926572250265,LO,890051.3125,0.0,890051.3125,859018.8125,125580.5625
test_id_test_id_000697_16,test_id_000697,71,middle,2,2,test_id_000697_t2_c2,big,big_0,1,1.4,0.98,70,282020.66,275730.46875,299892.9375,306866.46875,322543.5625,4,1.8334926572250265,LO,306866.46875,0.0,306866.46875,282020.65625,46813.09375
test_id_test_id_000697_17,test_id_000697,71,middle,2,3,test_id_000697_t2_c3,little,little_1,1,0.9,0.86,70,487682.47,515046.75,558543.5,571174.375,595642.75,4,1.8334926572250265,LO,571174.375,0.0,571174.375,487682.46875,80596.0
test_id_test_id_000697_18,test_id_000697,71,middle,2,4,test_id_000697_t2_c4,big,big_1,2,1.8,1.06,70,291626.16,284624.3125,309449.65625,316606.4375,332651.53125,4,1.8334926572250265,LO,316606.4375,0.0,316606.4375,291626.15625,48027.21875
test_id_test_id_000697_19,test_id_000697,71,middle,2,5,test_id_000697_t2_c5,little,little_0,2,1.2,0.93,70,497443.28,474894.0,515475.375,527175.0,550687.4375,4,1.8334926572250265,LO,527175.0,0.0,527175.0,497443.28125,75793.4375
test_id_test_id_000697_20,test_id_000697,71,middle,2,6,test_id_000697_t2_c6,big,big_1,3,2.2,1.15,70,294234.88,281439.28125,306064.90625,313181.03125,329145.875,4,1.8334926572250265,LO,313181.03125,0.0,313181.03125,294234.875,47706.59375
test_id_test_id_000697_21,test_id_000697,35,high_degree,3,0,test_id_000697_t3_c0,little,little_0,0,0.6,0.8,34,839486.25,821489.75,892145.875,912821.125,950725.875,4,1.8334926572250265,LO,912821.125,0.0,912821.125,839486.25,129236.125
test_id_test_id_000697_22,test_id_000697,35,high_degree,3,1,test_id_000697_t3_c1,big,big_1,1,1.4,0.98,34,344495.28,352464.5625,382438.71875,390902.46875,409514.9375,4,1.8334926572250265,LO,390902.46875,0.0,390902.46875,344495.28125,57050.375
test_id_test_id_000697_23,test_id_000697,35,high_degree,3,2,test_id_000697_t3_c2,little,little_1,1,0.9,0.86,34,524527.9,543345.0,588964.875,602291.5,627457.625,4,1.8334926572250265,LO,602291.5,0.0,602291.5,524527.875,84112.625
test_id_test_id_000697_24,test_id_000697,35,high_degree,3,3,test_id_000697_t3_c3,big,big_0,2,1.8,1.06,34,250865.31,264415.96875,287902.5625,294747.71875,310141.125,4,1.8334926572250265,LO,294747.71875,0.0,294747.71875,250865.3125,45725.15625
test_id_test_id_000697_25,test_id_000697,35,high_degree,3,4,test_id_000697_t3_c4,little,little_0,2,1.2,0.93,34,363774.72,368040.03125,399273.8125,408089.8125,427312.6875,4,1.8334926572250265,LO,408089.8125,0.0,408089.8125,363774.71875,59272.65625
test_id_test_id_000697_26,test_id_000697,35,high_degree,3,5,test_id_000697_t3_c5,big,big_1,3,2.2,1.15,34,248286.6,266980.21875,290650.96875,297548.9375,313054.5,4,1.8334926572250265,LO,297548.9375,0.0,297548.9375,248286.59375,46074.28125
test_id_test_id_000697_27,test_id_000697,35,high_degree,3,6,test_id_000697_t3_c6,little,little_0,3,1.5,1.0,34,412334.88,410982.75,446102.125,456075.75,477208.46875,4,1.8334926572250265,LO,456075.75,0.0,456075.75,412334.875,66225.71875
test_id_test_id_000697_28,test_id_000697,25,random,4,0,test_id_000697_t4_c0,big,big_1,1,1.4,0.98,24,90694.28,90200.59375,104838.546875,108840.296875,118902.828125,4,1.8334926572250265,LO,108840.296875,0.0,108840.296875,90694.28125,28702.234375
test_id_test_id_000697_29,test_id_000697,25,random,4,1,test_id_000697_t4_c1,little,little_0,1,0.9,0.86,24,187978.44,195255.84375,214911.625,220867.96875,234472.375,4,1.8334926572250265,LO,220867.96875,0.0,220867.96875,187978.4375,39216.53125
test_id_test_id_000697_30,test_id_000697,25,random,4,2,test_id_000697_t4_c2,big,big_1,2,1.8,1.06,24,65775.3,65905.796875,79570.796875,83410.71875,92826.296875,4,1.8334926572250265,LO,83410.71875,0.0,83410.71875,65775.296875,26920.5
test_id_test_id_000697_31,test_id_000697,25,random,4,3,test_id_000697_t4_c3,little,little_1,2,1.2,0.93,24,138435.5,143240.34375,159737.546875,164547.625,176044.5625,4,1.8334926572250265,LO,164547.625,0.0,164547.625,138435.5,32804.21875
test_id_test_id_000697_32,test_id_000697,25,random,4,4,test_id_000697_t4_c4,big,big_1,3,2.2,1.15,24,55013.887,55406.796875,68612.28125,72398.078125,81513.109375,4,1.8334926572250265,LO,72398.078125,0.0,72398.078125,55013.88671875,26106.3125
test_id_test_id_000697_33,test_id_000697,25,random,4,5,test_id_000697_t4_c5,little,little_1,3,1.5,1.0,24,117516.09,122287.296875,137783.90625,142107.796875,152792.15625,4,1.8334926572250265,LO,142107.796875,0.0,142107.796875,117516.09375,30504.859375
test_id_test_id_000697_34,test_id_000697,25,random,4,6,test_id_000697_t4_c6,big,big_1,0,1.0,0.9,24,117965.41,117064.375,132606.8125,137019.640625,147888.65625,4,1.8334926572250265,LO,137019.640625,0.0,137019.640625,117965.40625,30824.28125
test_id_test_id_000697_35,test_id_000697,124,diverse_fill_1,5,0,test_id_000697_t5_c0,little,little_0,1,0.9,0.86,123,614737.7,624237.5,677096.625,692949.5,721061.875,4,1.8334926572250265,LO,692949.5,0.0,692949.5,614737.6875,96824.375
test_id_test_id_000697_36,test_id_000697,124,diverse_fill_1,5,1,test_id_000697_t5_c1,big,big_0,2,1.8,1.06,123,212188.3,221358.84375,242184.4375,248375.46875,262429.59375,4,1.8334926572250265,LO,248375.46875,0.0,248375.46875,212188.296875,41070.75
test_id_test_id_000697_37,test_id_000697,124,diverse_fill_1,5,2,test_id_000697_t5_c2,little,little_1,2,1.2,0.93,123,424815.62,438396.4375,475762.09375,486419.78125,508536.875,4,1.8334926572250265,LO,486419.78125,0.0,486419.78125,424815.625,70140.4375
test_id_test_id_000697_38,test_id_000697,124,diverse_fill_1,5,3,test_id_000697_t5_c3,big,big_0,3,2.2,1.15,123,208407.36,213309.703125,233726.046875,239836.46875,253728.546875,4,1.8334926572250265,LO,239836.46875,0.0,239836.46875,208407.359375,40418.84375
test_id_test_id_000697_39,test_id_000697,124,diverse_fill_1,5,4,test_id_000697_t5_c4,little,little_0,3,1.5,1.0,123,349444.3,351381.28125,381330.8125,389805.125,408422.625,4,1.8334926572250265,LO,389805.125,0.0,389805.125,349444.3125,57041.34375
test_id_test_id_000697_40,test_id_000697,124,diverse_fill_1,5,5,test_id_000697_t5_c5,big,big_0,0,1.0,0.9,123,454603.9,479082.125,519815.25,531549.6875,555038.5625,4,1.8334926572250265,LO,531549.6875,0.0,531549.6875,454603.90625,75956.4375
test_id_test_id_000697_41,test_id_000697,124,diverse_fill_1,5,6,test_id_000697_t5_c6,little,little_0,0,0.6,0.8,123,760728.1,753802.0625,816323.5,835250.375,867505.25,4,1.8334926572250265,LO,835250.375,0.0,835250.375,760728.125,113703.1875
test_id_test_id_000713_00,test_id_000713,11,source_like,0,0,test_id_000713_t0_c0,little,little_0,1,0.9,0.86,10,137413.2,131276.265625,147539.828125,152270.15625,163699.609375,4,1.8334926572250265,HI,152270.15625,15665.78125,167935.9375,137413.203125,32423.34375
test_id_test_id_000713_01,test_id_000713,11,source_like,0,1,test_id_000713_t0_c1,big,big_0,2,1.8,1.06,10,47252.297,46702.078125,59584.09375,63387.25,72365.75,4,1.8334926572250265,HI,63387.25,15665.78125,79053.03125,47252.296875,25663.671875
test_id_test_id_000713_02,test_id_000713,11,source_like,0,2,test_id_000713_t0_c2,little,little_0,2,1.2,0.93,10,105500.44,103982.09375,119107.671875,123329.609375,133879.984375,4,1.8334926572250265,HI,123329.609375,15665.78125,138995.390625,105500.4375,29897.890625
test_id_test_id_000713_03,test_id_000713,11,source_like,0,3,test_id_000713_t0_c3,big,big_0,3,2.2,1.15,10,33862.94,38106.46875,50633.9375,54390.5625,63104.375,4,1.8334926572250265,HI,54390.5625,15665.78125,70056.34375,33862.94140625,24997.90625
test_id_test_id_000713_04,test_id_000713,11,source_like,0,4,test_id_000713_t0_c4,little,little_1,3,1.5,1.0,10,75680.164,76425.4375,90639.40625,94584.859375,104375.0,4,1.8334926572250265,HI,94584.859375,15665.78125,110250.640625,75680.1640625,27949.5625
test_id_test_id_000713_05,test_id_000713,11,source_like,0,5,test_id_000713_t0_c5,big,big_0,0,1.0,0.9,10,79282.01,79292.4375,93788.265625,97845.890625,107900.078125,4,1.8334926572250265,HI,97845.890625,15665.78125,113511.671875,79282.0078125,28607.640625
test_id_test_id_000713_06,test_id_000713,11,source_like,0,6,test_id_000713_t0_c6,little,little_1,0,0.6,0.8,10,211298.22,197202.984375,218026.578125,224455.765625,239125.359375,4,1.8334926572250265,HI,224455.765625,15665.78125,240121.546875,211298.21875,41922.375
test_id_test_id_000713_07,test_id_000713,229,sink_like,1,0,test_id_000713_t1_c0,big,big_0,2,1.8,1.06,228,186239.2,191776.828125,210815.390625,216482.6875,229526.09375,4,1.8334926572250265,HI,216482.6875,15665.78125,232148.46875,186239.203125,37749.265625
test_id_test_id_000713_08,test_id_000713,229,sink_like,1,1,test_id_000713_t1_c1,little,little_1,2,1.2,0.93,228,377346.84,357406.0,387871.875,396489.0,415358.375,4,1.8334926572250265,HI,396489.0,15665.78125,412154.78125,377346.84375,57952.375
test_id_test_id_000713_09,test_id_000713,229,sink_like,1,2,test_id_000713_t1_c2,big,big_0,3,2.2,1.15,228,198362.34,189792.84375,208795.765625,214472.15625,227533.859375,4,1.8334926572250265,HI,214472.15625,15665.78125,230137.9375,198362.34375,37741.015625
test_id_test_id_000713_10,test_id_000713,229,sink_like,1,3,test_id_000713_t1_c3,little,little_1,3,1.5,1.0,228,270834.0,260686.359375,283838.5625,290571.53125,305736.84375,4,1.8334926572250265,HI,290571.53125,15665.78125,306237.3125,270834.0,45050.484375
test_id_test_id_000713_11,test_id_000713,229,sink_like,1,4,test_id_000713_t1_c4,big,big_0,0,1.0,0.9,228,300131.75,309647.6875,336259.65625,343832.65625,360761.375,4,1.8334926572250265,HI,343832.65625,15665.78125,359498.4375,300131.75,51113.6875
test_id_test_id_000713_12,test_id_000713,229,sink_like,1,5,test_id_000713_t1_c5,little,little_0,0,0.6,0.8,228,645144.9,646356.0,698597.125,714318.0625,741121.5,4,1.8334926572250265,HI,714318.0625,15665.78125,729983.84375,645144.875,94765.5
test_id_test_id_000713_13,test_id_000713,229,sink_like,1,6,test_id_000713_t1_c6,big,big_1,1,1.4,0.98,228,204921.97,206006.71875,225796.375,231662.5,245091.84375,4,1.8334926572250265,HI,231662.5,15665.78125,247328.28125,204921.96875,39085.125
test_id_test_id_000713_14,test_id_000713,246,middle,2,0,test_id_000713_t2_c0,little,little_1,2,1.2,0.93,245,295481.72,286923.59375,311869.0625,319023.875,335077.8125,4,1.8334926572250265,HI,319023.875,15665.78125,334689.65625,295481.71875,48154.21875
test_id_test_id_000713_15,test_id_000713,246,middle,2,1,test_id_000713_t2_c1,big,big_0,3,2.2,1.15,245,123704.17,121339.84375,136688.1875,140947.21875,151510.875,4,1.8334926572250265,HI,140947.21875,15665.78125,156613.0,123704.171875,30171.03125
test_id_test_id_000713_16,test_id_000713,246,middle,2,2,test_id_000713_t2_c2,little,little_1,3,1.5,1.0,245,189819.38,185726.375,204250.84375,209716.96875,222384.859375,4,1.8334926572250265,HI,209716.96875,15665.78125,225382.75,189819.375,36658.484375
test_id_test_id_000713_17,test_id_000713,246,middle,2,3,test_id_000713_t2_c3,big,big_1,0,1.0,0.9,245,217862.6,215408.125,235749.9375,241769.734375,255501.53125,4,1.8334926572250265,HI,241769.734375,15665.78125,257435.515625,217862.59375,40093.40625
test_id_test_id_000713_18,test_id_000713,246,middle,2,4,test_id_000713_t2_c4,little,little_1,0,0.6,0.8,245,481387.94,459487.9375,496685.71875,507163.4375,528544.5,4,1.8334926572250265,HI,507163.4375,15665.78125,522829.21875,481387.9375,69056.5625
test_id_test_id_000713_19,test_id_000713,246,middle,2,5,test_id_000713_t2_c5,big,big_0,1,1.4,0.98,245,163987.05,153005.515625,169766.46875,174622.46875,186188.34375,4,1.8334926572250265,HI,174622.46875,15665.78125,190288.25,163987.046875,33182.828125
test_id_test_id_000713_20,test_id_000713,246,middle,2,6,test_id_000713_t2_c6,little,little_1,1,0.9,0.86,245,270383.6,260027.671875,283124.125,289808.875,304932.1875,4,1.8334926572250265,HI,289808.875,15665.78125,305474.65625,270383.59375,44904.515625
test_id_test_id_000713_21,test_id_000713,100,communication_heavy,3,0,test_id_000713_t3_c0,big,big_0,3,2.2,1.15,99,238708.53,248643.796875,271171.5625,277807.09375,292765.90625,4,1.8334926572250265,HI,277807.09375,15665.78125,293472.875,238708.53125,44122.109375
test_id_test_id_000713_22,test_id_000713,100,communication_heavy,3,1,test_id_000713_t3_c1,little,little_0,3,1.5,1.0,99,377054.44,383876.4375,416637.1875,425909.84375,445920.0,4,1.8334926572250265,HI,425909.84375,15665.78125,441575.625,377054.4375,62043.5625
test_id_test_id_000713_23,test_id_000713,100,communication_heavy,3,2,test_id_000713_t3_c2,big,big_0,0,1.0,0.9,99,316552.5,336980.84375,365673.25,373784.8125,391757.5,4,1.8334926572250265,HI,373784.8125,15665.78125,389450.59375,316552.5,54776.65625
test_id_test_id_000713_24,test_id_000713,100,communication_heavy,3,3,test_id_000713_t3_c3,little,little_0,0,0.6,0.8,99,601913.0,614003.5,663269.1875,677924.25,703513.375,4,1.8334926572250265,HI,677924.25,15665.78125,693590.03125,601913.0,89509.875
test_id_test_id_000713_25,test_id_000713,100,communication_heavy,3,4,test_id_000713_t3_c4,big,big_0,1,1.4,0.98,99,276724.56,284623.21875,309439.46875,316588.78125,332623.25,4,1.8334926572250265,HI,316588.78125,15665.78125,332254.5625,276724.5625,48000.03125
test_id_test_id_000713_26,test_id_000713,100,communication_heavy,3,5,test_id_000713_t3_c5,little,little_0,1,0.9,0.86,99,470185.7,499182.25,541335.25,553506.375,577461.0,4,1.8334926572250265,HI,553506.375,15665.78125,569172.15625,470185.6875,78278.75
test_id_test_id_000713_27,test_id_000713,100,communication_heavy,3,6,test_id_000713_t3_c6,big,big_0,2,1.8,1.06,99,251432.45,245841.125,268174.65625,274754.6875,289593.9375,4,1.8334926572250265,HI,274754.6875,15665.78125,290420.46875,251432.453125,43752.8125
test_id_test_id_000713_28,test_id_000713,217,random,4,0,test_id_000713_t4_c0,little,little_1,3,1.5,1.0,216,70077.95,72344.21875,86293.859375,90212.921875,99899.390625,4,1.8334926572250265,HI,90212.921875,15665.78125,105878.703125,70077.953125,27555.171875
test_id_test_id_000713_29,test_id_000713,217,random,4,1,test_id_000713_t4_c1,big,big_1,0,1.0,0.9,216,74091.36,78091.703125,92448.234375,96501.90625,106533.515625,4,1.8334926572250265,HI,96501.90625,15665.78125,112167.6875,74091.359375,28441.8125
test_id_test_id_000713_30,test_id_000713,217,random,4,2,test_id_000713_t4_c2,little,little_0,0,0.6,0.8,216,181249.45,198682.0625,219754.65625,226323.125,241311.09375,4,1.8334926572250265,HI,226323.125,15665.78125,241988.90625,181249.453125,42629.03125
test_id_test_id_000713_31,test_id_000713,217,random,4,3,test_id_000713_t4_c3,big,big_1,1,1.4,0.98,216,53163.293,56576.296875,69881.78125,73727.515625,82991.15625,4,1.8334926572250265,HI,73727.515625,15665.78125,89393.296875,53163.29296875,26414.859375
test_id_test_id_000713_32,test_id_000713,217,random,4,4,test_id_000713_t4_c4,little,little_1,1,0.9,0.86,216,132864.42,130089.234375,146284.90625,150999.28125,162405.375,4,1.8334926572250265,HI,150999.28125,15665.78125,166665.0625,132864.421875,32316.140625
test_id_test_id_000713_33,test_id_000713,217,random,4,5,test_id_000713_t4_c5,big,big_0,2,1.8,1.06,216,44177.375,46625.9375,59477.109375,63264.484375,72219.625,4,1.8334926572250265,HI,63264.484375,15665.78125,78930.265625,44177.375,25593.6875
test_id_test_id_000713_34,test_id_000713,217,random,4,6,test_id_000713_t4_c6,little,little_1,2,1.2,0.93,216,82052.125,86437.703125,100992.515625,105028.15625,115120.0,4,1.8334926572250265,HI,105028.15625,15665.78125,120693.9375,82052.125,28682.296875
test_id_test_id_000713_35,test_id_000713,307,diverse_fill_1,5,0,test_id_000713_t5_c0,big,big_0,0,1.0,0.9,306,129783.12,133555.609375,149655.625,154279.296875,165493.25,4,1.8334926572250265,HI,154279.296875,15665.78125,169945.078125,129783.1171875,31937.640625
test_id_test_id_000713_36,test_id_000713,307,diverse_fill_1,5,1,test_id_000713_t5_c1,little,little_1,0,0.6,0.8,306,320912.9,346625.1875,374922.09375,382560.5625,399886.78125,4,1.8334926572250265,HI,382560.5625,15665.78125,398226.34375,320912.90625,53261.59375
test_id_test_id_000713_37,test_id_000713,307,diverse_fill_1,5,2,test_id_000713_t5_c2,big,big_1,1,1.4,0.98,306,109583.66,112788.703125,128003.609375,132189.65625,142656.0625,4,1.8334926572250265,HI,132189.65625,15665.78125,147855.4375,109583.65625,29867.359375
test_id_test_id_000713_38,test_id_000713,307,diverse_fill_1,5,3,test_id_000713_t5_c3,little,little_0,1,0.9,0.86,306,237422.39,232030.28125,253391.90625,259675.25,273944.0,4,1.8334926572250265,HI,259675.25,15665.78125,275341.03125,237422.390625,41913.71875
test_id_test_id_000713_39,test_id_000713,307,diverse_fill_1,5,4,test_id_000713_t5_c4,big,big_0,2,1.8,1.06,306,93935.625,97171.078125,112000.28125,116019.328125,126163.40625,4,1.8334926572250265,HI,116019.328125,15665.78125,131685.109375,93935.625,28992.328125
test_id_test_id_000713_40,test_id_000713,307,diverse_fill_1,5,5,test_id_000713_t5_c5,little,little_0,2,1.2,0.93,306,162129.66,165195.90625,182701.1875,187874.84375,199997.25,4,1.8334926572250265,HI,187874.84375,15665.78125,203540.625,162129.65625,34801.34375
test_id_test_id_000713_41,test_id_000713,307,diverse_fill_1,5,6,test_id_000713_t5_c6,big,big_1,3,2.2,1.15,306,72855.79,69802.640625,83568.71875,87394.328125,96854.078125,4,1.8334926572250265,HI,87394.328125,15665.78125,103060.109375,72855.7890625,27051.4375
test_id_test_id_000747_00,test_id_000747,3,source_like,0,0,test_id_000747_t0_c0,little,little_0,2,1.2,0.93,2,102238.92,88838.140625,103695.640625,107847.078125,118203.59375,4,1.8334926572250265,LO,107847.078125,0.0,107847.078125,102238.921875,29365.453125
test_id_test_id_000747_01,test_id_000747,3,source_like,0,1,test_id_000747_t0_c1,big,big_0,3,2.2,1.15,2,33522.473,33967.75,46473.953125,50303.296875,59078.875,4,1.8334926572250265,LO,50303.296875,0.0,50303.296875,33522.47265625,25111.125
test_id_test_id_000747_02,test_id_000747,3,source_like,0,2,test_id_000747_t0_c2,little,little_1,3,1.5,1.0,2,65300.81,64750.671875,78464.5625,82349.859375,91830.21875,4,1.8334926572250265,LO,82349.859375,0.0,82349.859375,65300.80859375,27079.546875
test_id_test_id_000747_03,test_id_000747,3,source_like,0,3,test_id_000747_t0_c3,big,big_1,0,1.0,0.9,2,66050.18,66501.25,80434.703125,84401.0625,94071.34375,4,1.8334926572250265,LO,84401.0625,0.0,84401.0625,66050.1796875,27570.09375
test_id_test_id_000747_04,test_id_000747,3,source_like,0,4,test_id_000747_t0_c4,little,little_0,0,0.6,0.8,2,163249.92,161503.71875,180010.65625,185657.921875,198800.59375,4,1.8334926572250265,LO,185657.921875,0.0,185657.921875,163249.921875,37296.875
test_id_test_id_000747_05,test_id_000747,3,source_like,0,5,test_id_000747_t0_c5,big,big_1,1,1.4,0.98,2,50055.73,51624.890625,64737.890625,68565.78125,77685.703125,4,1.8334926572250265,LO,68565.78125,0.0,68565.78125,50055.73046875,26060.8125
test_id_test_id_000747_06,test_id_000747,3,source_like,0,6,test_id_000747_t0_c6,little,little_1,1,0.9,0.86,2,102972.43,105103.90625,120352.65625,124639.484375,135295.40625,4,1.8334926572250265,LO,124639.484375,0.0,124639.484375,102972.4296875,30191.5
test_id_test_id_000747_07,test_id_000747,129,sink_like,1,0,test_id_000747_t1_c0,big,big_0,3,2.2,1.15,128,188916.97,179266.25,197689.71875,203172.25,215878.734375,4,1.8334926572250265,LO,203172.25,0.0,203172.25,188916.96875,36612.484375
test_id_test_id_000747_08,test_id_000747,129,sink_like,1,1,test_id_000747_t1_c1,little,little_1,3,1.5,1.0,128,224634.61,232851.25,254310.1875,260649.5625,275002.96875,4,1.8334926572250265,LO,260649.5625,0.0,260649.5625,224634.609375,42151.71875
test_id_test_id_000747_09,test_id_000747,129,sink_like,1,2,test_id_000747_t1_c2,big,big_0,0,1.0,0.9,128,279648.0,275731.875,299949.0625,306945.6875,322685.1875,4,1.8334926572250265,LO,306945.6875,0.0,306945.6875,279648.0,46953.3125
test_id_test_id_000747_10,test_id_000747,129,sink_like,1,3,test_id_000747_t1_c3,little,little_1,0,0.6,0.8,128,631219.4,609023.625,657210.1875,671428.75,696305.25,4,1.8334926572250265,LO,671428.75,0.0,671428.75,631219.375,87281.625
test_id_test_id_000747_11,test_id_000747,129,sink_like,1,4,test_id_000747_t1_c4,big,big_0,1,1.4,0.98,128,243870.06,238989.3125,260863.4375,267314.21875,281894.75,4,1.8334926572250265,LO,267314.21875,0.0,267314.21875,243870.0625,42905.4375
test_id_test_id_000747_12,test_id_000747,129,sink_like,1,5,test_id_000747_t1_c5,little,little_1,1,0.9,0.86,128,384757.9,383510.90625,415833.5,424933.0625,444624.40625,4,1.8334926572250265,LO,424933.0625,0.0,424933.0625,384757.90625,61113.5
test_id_test_id_000747_13,test_id_000747,129,sink_like,1,6,test_id_000747_t1_c6,big,big_0,2,1.8,1.06,128,212651.81,219837.09375,240583.421875,246766.421875,260797.796875,4,1.8334926572250265,LO,246766.421875,0.0,246766.421875,212651.8125,40960.703125
test_id_test_id_000747_14,test_id_000747,174,middle,2,0,test_id_000747_t2_c0,little,little_1,3,1.5,1.0,173,166573.5,177933.25,196191.625,201612.40625,214192.203125,4,1.8334926572250265,LO,201612.40625,0.0,201612.40625,166573.5,36258.953125
test_id_test_id_000747_15,test_id_000747,174,middle,2,1,test_id_000747_t2_c1,big,big_0,0,1.0,0.9,173,170311.83,188217.953125,207182.34375,212882.375,225985.171875,4,1.8334926572250265,LO,212882.375,0.0,212882.375,170311.828125,37767.21875
test_id_test_id_000747_16,test_id_000747,174,middle,2,2,test_id_000747_t2_c2,little,little_0,0,0.6,0.8,173,390973.16,379263.71875,409657.3125,417890.28125,436115.9375,4,1.8334926572250265,LO,417890.28125,0.0,417890.28125,390973.15625,56852.21875
test_id_test_id_000747_17,test_id_000747,174,middle,2,3,test_id_000747_t2_c3,big,big_0,1,1.4,0.98,173,121201.29,147803.09375,164404.015625,169194.75,180661.21875,4,1.8334926572250265,LO,169194.75,0.0,169194.75,121201.2890625,32858.125
test_id_test_id_000747_18,test_id_000747,174,middle,2,4,test_id_000747_t2_c4,little,little_0,1,0.9,0.86,173,277723.75,285569.75,310322.03125,317411.8125,333350.875,4,1.8334926572250265,LO,317411.8125,0.0,317411.8125,277723.75,47781.125
test_id_test_id_000747_19,test_id_000747,174,middle,2,5,test_id_000747_t2_c5,big,big_1,2,1.8,1.06,173,101967.1,115804.8125,130985.046875,135193.5,145674.78125,4,1.8334926572250265,LO,135193.5,0.0,135193.5,101967.1015625,29869.96875
test_id_test_id_000747_20,test_id_000747,174,middle,2,6,test_id_000747_t2_c6,little,little_0,2,1.2,0.93,173,225380.94,246228.109375,268433.53125,274928.78125,289606.15625,4,1.8334926572250265,LO,274928.78125,0.0,274928.78125,225380.9375,43378.046875
test_id_test_id_000747_21,test_id_000747,173,high_degree,3,0,test_id_000747_t3_c0,big,big_1,0,1.0,0.9,172,131882.3,169882.5625,187824.34375,193177.46875,205668.28125,4,1.8334926572250265,LO,193177.46875,0.0,193177.46875,131882.296875,35785.71875
test_id_test_id_000747_22,test_id_000747,173,high_degree,3,1,test_id_000747_t3_c1,little,little_0,0,0.6,0.8,172,307737.22,326044.5625,353444.3125,360973.75,378136.53125,4,1.8334926572250265,LO,360973.75,0.0,360973.75,307737.21875,52091.96875
test_id_test_id_000747_23,test_id_000747,173,high_degree,3,2,test_id_000747_t3_c2,big,big_0,1,1.4,0.98,172,83605.84,95979.1875,110658.984375,114699.390625,124862.875,4,1.8334926572250265,LO,114699.390625,0.0,114699.390625,83605.84375,28883.6875
test_id_test_id_000747_24,test_id_000747,173,high_degree,3,3,test_id_000747_t3_c3,little,little_0,1,0.9,0.86,172,211581.75,220659.75,241579.453125,247803.65625,261968.40625,4,1.8334926572250265,LO,247803.65625,0.0,247803.65625,211581.75,41308.65625
test_id_test_id_000747_25,test_id_000747,173,high_degree,3,4,test_id_000747_t3_c4,big,big_1,2,1.8,1.06,172,74860.16,87896.84375,102332.109375,106288.3125,116240.078125,4,1.8334926572250265,LO,106288.3125,0.0,106288.3125,74860.15625,28343.234375
test_id_test_id_000747_26,test_id_000747,173,high_degree,3,5,test_id_000747_t3_c5,little,little_0,2,1.2,0.93,172,149611.25,161801.59375,179186.296875,184308.359375,196359.71875,4,1.8334926572250265,LO,184308.359375,0.0,184308.359375,149611.25,34558.125
test_id_test_id_000747_27,test_id_000747,173,high_degree,3,6,test_id_000747_t3_c6,big,big_0,3,2.2,1.15,172,55929.07,66464.4375,80051.71875,83854.265625,93216.359375,4,1.8334926572250265,LO,83854.265625,0.0,83854.265625,55929.0703125,26751.921875
test_id_test_id_000747_28,test_id_000747,269,communication_heavy,4,0,test_id_000747_t4_c0,little,little_0,0,0.6,0.8,268,751007.8,731940.125,792293.1875,810656.5625,841635.625,4,1.8334926572250265,LO,810656.5625,0.0,810656.5625,751007.8125,109695.5
test_id_test_id_000747_29,test_id_000747,269,communication_heavy,4,1,test_id_000747_t4_c1,big,big_0,1,1.4,0.98,268,426193.47,441245.875,478957.6875,489729.9375,512026.1875,4,1.8334926572250265,LO,489729.9375,0.0,489729.9375,426193.46875,70780.3125
test_id_test_id_000747_30,test_id_000747,269,communication_heavy,4,2,test_id_000747_t4_c2,little,little_1,1,0.9,0.86,268,563038.0,590199.375,639827.5,654572.25,681278.375,4,1.8334926572250265,LO,654572.25,0.0,654572.25,563038.0,91079.0
test_id_test_id_000747_31,test_id_000747,269,communication_heavy,4,3,test_id_000747_t4_c3,big,big_0,2,1.8,1.06,268,301456.75,298282.625,324075.25,331468.25,348004.75,4,1.8334926572250265,LO,331468.25,0.0,331468.25,301456.75,49722.125
test_id_test_id_000747_32,test_id_000747,269,communication_heavy,4,4,test_id_000747_t4_c4,little,little_0,2,1.2,0.93,268,519677.4,519749.0625,564335.25,577395.0625,602591.3125,4,1.8334926572250265,LO,577395.0625,0.0,577395.0625,519677.40625,82842.25
test_id_test_id_000747_33,test_id_000747,269,communication_heavy,4,5,test_id_000747_t4_c5,big,big_1,3,2.2,1.15,268,236151.5,229076.53125,250377.59375,256699.53125,271016.65625,4,1.8334926572250265,LO,256699.53125,0.0,256699.53125,236151.5,41940.125
test_id_test_id_000747_34,test_id_000747,269,communication_heavy,4,6,test_id_000747_t4_c6,little,little_1,3,1.5,1.0,268,428874.16,419441.03125,455309.5,465513.8125,486996.8125,4,1.8334926572250265,LO,465513.8125,0.0,465513.8125,428874.15625,67555.78125
test_id_test_id_000747_35,test_id_000747,325,random,5,0,test_id_000747_t5_c0,big,big_0,1,1.4,0.98,324,67435.18,81448.34375,95955.390625,100033.859375,110154.359375,4,1.8334926572250265,LO,100033.859375,0.0,100033.859375,67435.1796875,28706.015625
test_id_test_id_000747_36,test_id_000747,325,random,5,1,test_id_000747_t5_c1,little,little_1,1,0.9,0.86,324,113717.57,128206.0625,144323.4375,148967.34375,160254.5,4,1.8334926572250265,LO,148967.34375,0.0,148967.34375,113717.5703125,32048.4375
test_id_test_id_000747_37,test_id_000747,325,random,5,2,test_id_000747_t5_c2,big,big_0,2,1.8,1.06,324,52259.773,57434.0,70754.328125,74602.6875,83888.1875,4,1.8334926572250265,LO,74602.6875,0.0,74602.6875,52259.7734375,26454.1875
test_id_test_id_000747_38,test_id_000747,325,random,5,3,test_id_000747_t5_c3,little,little_0,2,1.2,0.93,324,80901.875,97305.65625,112222.75,116349.453125,126692.8125,4,1.8334926572250265,LO,116349.453125,0.0,116349.453125,80901.875,29387.15625
test_id_test_id_000747_39,test_id_000747,325,random,5,4,test_id_000747_t5_c4,big,big_0,3,2.2,1.15,324,41469.062,46682.984375,59515.90625,63293.578125,72230.640625,4,1.8334926572250265,LO,63293.578125,0.0,63293.578125,41469.0625,25547.65625
test_id_test_id_000747_40,test_id_000747,325,random,5,5,test_id_000747_t5_c5,little,little_0,3,1.5,1.0,324,93022.02,96897.59375,111782.65625,115896.015625,126214.203125,4,1.8334926572250265,LO,115896.015625,0.0,115896.015625,93022.0234375,29316.609375
test_id_test_id_000747_41,test_id_000747,325,random,5,6,test_id_000747_t5_c6,big,big_0,0,1.0,0.9,324,79175.76,90635.78125,105498.28125,109651.046875,120012.03125,4,1.8334926572250265,LO,109651.046875,0.0,109651.046875,79175.7578125,29376.25
test_id_test_id_000752_00,test_id_000752,2,source_like,0,0,test_id_000752_t0_c0,little,little_1,2,1.2,0.93,1,98239.69,105954.546875,121110.90625,125334.453125,135878.8125,4,1.8334926572250265,HI,125334.453125,15665.78125,141000.234375,98239.6875,29924.265625
test_id_test_id_000752_01,test_id_000752,2,source_like,0,1,test_id_000752_t0_c1,big,big_1,3,2.2,1.15,1,37089.383,39639.0625,52206.921875,55963.5,64710.8125,4,1.8334926572250265,HI,55963.5,15665.78125,71629.28125,37089.3828125,25071.75
test_id_test_id_000752_02,test_id_000752,2,source_like,0,2,test_id_000752_t0_c2,little,little_1,3,1.5,1.0,1,86829.04,80085.375,94434.296875,98401.578125,108285.5625,4,1.8334926572250265,HI,98401.578125,15665.78125,114067.359375,86829.0390625,28200.1875
test_id_test_id_000752_03,test_id_000752,2,source_like,0,3,test_id_000752_t0_c3,big,big_0,0,1.0,0.9,1,86331.664,83757.015625,98409.859375,102506.859375,112694.625,4,1.8334926572250265,HI,102506.859375,15665.78125,118172.640625,86331.6640625,28937.609375
test_id_test_id_000752_04,test_id_000752,2,source_like,0,4,test_id_000752_t0_c4,little,little_1,0,0.6,0.8,1,207759.62,215611.8125,237600.5,244340.140625,259686.375,4,1.8334926572250265,HI,244340.140625,15665.78125,260005.921875,207759.625,44074.5625
test_id_test_id_000752_05,test_id_000752,2,source_like,0,5,test_id_000752_t0_c5,big,big_0,1,1.4,0.98,1,57633.805,56239.78125,69526.453125,73351.921875,82560.53125,4,1.8334926572250265,HI,73351.921875,15665.78125,89017.703125,57633.8046875,26320.75
test_id_test_id_000752_06,test_id_000752,2,source_like,0,6,test_id_000752_t0_c6,little,little_0,1,0.9,0.86,1,152189.62,143182.484375,160051.21875,165030.6875,176901.4375,4,1.8334926572250265,HI,165030.6875,15665.78125,180696.46875,152189.625,33718.953125
test_id_test_id_000752_07,test_id_000752,11,sink_like,1,0,test_id_000752_t1_c0,big,big_0,3,2.2,1.15,10,120413.48,127604.9375,143210.53125,147590.625,158352.03125,4,1.8334926572250265,HI,147590.625,15665.78125,163256.40625,120413.4765625,30747.09375
test_id_test_id_000752_08,test_id_000752,11,sink_like,1,1,test_id_000752_t1_c1,little,little_0,3,1.5,1.0,10,213553.8,216378.8125,236879.109375,242981.203125,256856.515625,4,1.8334926572250265,HI,242981.203125,15665.78125,258646.984375,213553.796875,40477.703125
test_id_test_id_000752_09,test_id_000752,11,sink_like,1,2,test_id_000752_t1_c2,big,big_0,0,1.0,0.9,10,235512.48,256527.546875,279502.125,286212.25,301345.25,4,1.8334926572250265,HI,286212.25,15665.78125,301878.03125,235512.484375,44817.703125
test_id_test_id_000752_10,test_id_000752,11,sink_like,1,3,test_id_000752_t1_c3,little,little_0,0,0.6,0.8,10,518969.62,526607.0625,568264.875,580147.9375,602862.625,4,1.8334926572250265,HI,580147.9375,15665.78125,595813.71875,518969.625,76255.5625
test_id_test_id_000752_11,test_id_000752,11,sink_like,1,4,test_id_000752_t1_c4,big,big_0,1,1.4,0.98,10,220717.81,230746.796875,252067.15625,258370.1875,272645.0,4,1.8334926572250265,HI,258370.1875,15665.78125,274035.96875,220717.8125,41898.203125
test_id_test_id_000752_12,test_id_000752,11,sink_like,1,5,test_id_000752_t1_c5,little,little_1,1,0.9,0.86,10,361094.84,370159.03125,401387.15625,410179.40625,429346.0625,4,1.8334926572250265,HI,410179.40625,15665.78125,425845.1875,361094.84375,59187.03125
test_id_test_id_000752_13,test_id_000752,11,sink_like,1,6,test_id_000752_t1_c6,big,big_0,2,1.8,1.06,10,186685.6,187592.53125,206436.015625,212053.96875,225001.71875,4,1.8334926572250265,HI,212053.96875,15665.78125,227719.75,186685.59375,37409.1875
test_id_test_id_000752_14,test_id_000752,40,middle,2,0,test_id_000752_t2_c0,little,little_1,3,1.5,1.0,39,160489.44,162222.703125,179490.46875,184534.328125,196434.1875,4,1.8334926572250265,HI,184534.328125,15665.78125,200200.109375,160489.4375,34211.484375
test_id_test_id_000752_15,test_id_000752,40,middle,2,1,test_id_000752_t2_c1,big,big_1,0,1.0,0.9,39,145102.97,150652.28125,167493.875,172410.90625,184111.65625,4,1.8334926572250265,HI,172410.90625,15665.78125,188076.6875,145102.96875,33459.375
test_id_test_id_000752_16,test_id_000752,40,middle,2,2,test_id_000752_t2_c2,little,little_1,0,0.6,0.8,39,362064.2,370068.3125,400617.875,409076.75,427712.53125,4,1.8334926572250265,HI,409076.75,15665.78125,424742.53125,362064.1875,57644.21875
test_id_test_id_000752_17,test_id_000752,40,middle,2,3,test_id_000752_t2_c3,big,big_1,1,1.4,0.98,39,154303.14,156739.78125,173789.734375,178765.15625,190549.421875,4,1.8334926572250265,HI,178765.15625,15665.78125,194430.9375,154303.140625,33809.640625
test_id_test_id_000752_18,test_id_000752,40,middle,2,4,test_id_000752_t2_c4,little,little_1,1,0.9,0.86,39,237723.78,241706.171875,263665.375,270083.4375,284642.84375,4,1.8334926572250265,HI,270083.4375,15665.78125,285749.21875,237723.78125,42936.671875
test_id_test_id_000752_19,test_id_000752,40,middle,2,5,test_id_000752_t2_c5,big,big_1,2,1.8,1.06,39,103727.38,105157.984375,120036.546875,124112.28125,134365.203125,4,1.8334926572250265,HI,124112.28125,15665.78125,139778.0625,103727.3828125,29207.21875
test_id_test_id_000752_20,test_id_000752,40,middle,2,6,test_id_000752_t2_c6,little,little_1,2,1.2,0.93,39,191099.2,201544.0625,221032.765625,226811.71875,240066.40625,4,1.8334926572250265,HI,226811.71875,15665.78125,242477.5,191099.203125,38522.34375
test_id_test_id_000752_21,test_id_000752,56,communication_heavy,3,0,test_id_000752_t3_c0,big,big_1,0,1.0,0.9,55,377276.75,344327.25,373714.25,382027.46875,400365.4375,4,1.8334926572250265,HI,382027.46875,15665.78125,397693.25,377276.75,56038.1875
test_id_test_id_000752_22,test_id_000752,56,communication_heavy,3,1,test_id_000752_t3_c1,little,little_0,0,0.6,0.8,55,489648.38,469101.125,507329.8125,518157.5625,540085.75,4,1.8334926572250265,HI,518157.5625,15665.78125,533823.34375,489648.375,70984.625
test_id_test_id_000752_23,test_id_000752,56,communication_heavy,3,2,test_id_000752_t3_c2,big,big_1,1,1.4,0.98,55,193094.64,180499.203125,198740.90625,204118.203125,216623.859375,4,1.8334926572250265,HI,204118.203125,15665.78125,219783.984375,193094.640625,36124.65625
test_id_test_id_000752_24,test_id_000752,56,communication_heavy,3,3,test_id_000752_t3_c3,little,little_1,1,0.9,0.86,55,350286.1,331764.9375,360049.3125,368056.875,385822.9375,4,1.8334926572250265,HI,368056.875,15665.78125,383722.65625,350286.09375,54058.0
test_id_test_id_000752_25,test_id_000752,56,communication_heavy,3,4,test_id_000752_t3_c4,big,big_0,2,1.8,1.06,55,197552.95,179368.09375,197632.1875,203033.8125,215581.625,4,1.8334926572250265,HI,203033.8125,15665.78125,218699.59375,197552.953125,36213.53125
test_id_test_id_000752_26,test_id_000752,56,communication_heavy,3,5,test_id_000752_t3_c5,little,little_1,2,1.2,0.93,55,296835.8,281706.5625,306280.875,313348.53125,329224.09375,4,1.8334926572250265,HI,313348.53125,15665.78125,329014.3125,296835.8125,47517.53125
test_id_test_id_000752_27,test_id_000752,56,communication_heavy,3,6,test_id_000752_t3_c6,big,big_1,3,2.2,1.15,55,178220.03,157739.46875,174814.375,179779.71875,191546.40625,4,1.8334926572250265,HI,179779.71875,15665.78125,195445.5,178220.03125,33806.9375
test_id_test_id_000752_28,test_id_000752,25,random,4,0,test_id_000752_t4_c0,little,little_1,0,0.6,0.8,24,363410.97,347116.59375,375246.53125,382795.09375,399974.84375,4,1.8334926572250265,HI,382795.09375,15665.78125,398460.875,363410.96875,52858.25
test_id_test_id_000752_29,test_id_000752,25,random,4,1,test_id_000752_t4_c1,big,big_0,1,1.4,0.98,24,116120.97,141749.515625,158072.34375,162741.671875,174007.609375,4,1.8334926572250265,HI,162741.671875,15665.78125,178407.453125,116120.96875,32258.09375
test_id_test_id_000752_30,test_id_000752,25,random,4,2,test_id_000752_t4_c2,little,little_0,1,0.9,0.86,24,231635.86,223114.265625,244195.8125,250494.234375,264781.90625,4,1.8334926572250265,HI,250494.234375,15665.78125,266160.015625,231635.859375,41667.640625
test_id_test_id_000752_31,test_id_000752,25,random,4,3,test_id_000752_t4_c3,big,big_1,2,1.8,1.06,24,84926.164,93829.171875,108367.203125,112354.859375,122406.96875,4,1.8334926572250265,HI,112354.859375,15665.78125,128020.640625,84926.1640625,28577.796875
test_id_test_id_000752_32,test_id_000752,25,random,4,4,test_id_000752_t4_c4,little,little_0,2,1.2,0.93,24,189967.2,203343.625,222993.3125,228843.21875,242225.0,4,1.8334926572250265,HI,228843.21875,15665.78125,244509.0,189967.203125,38881.375
test_id_test_id_000752_33,test_id_000752,25,random,4,5,test_id_000752_t4_c5,big,big_1,3,2.2,1.15,24,76714.29,88143.0,102549.703125,106494.578125,116429.921875,4,1.8334926572250265,HI,106494.578125,15665.78125,122160.359375,76714.2890625,28286.921875
test_id_test_id_000752_34,test_id_000752,25,random,4,6,test_id_000752_t4_c6,little,little_1,3,1.5,1.0,24,160955.84,165729.1875,183257.34375,188407.96875,200499.046875,4,1.8334926572250265,HI,188407.96875,15665.78125,204073.75,160955.84375,34769.859375
test_id_test_id_000752_35,test_id_000752,78,diverse_fill_1,5,0,test_id_000752_t5_c0,big,big_0,1,1.4,0.98,77,173622.72,160644.25,177914.28125,182967.953125,194893.140625,4,1.8334926572250265,HI,182967.953125,15665.78125,198633.734375,173622.71875,34248.890625
test_id_test_id_000752_36,test_id_000752,78,diverse_fill_1,5,1,test_id_000752_t5_c1,little,little_1,1,0.9,0.86,77,298606.28,280037.125,304435.25,311446.3125,327222.8125,4,1.8334926572250265,HI,311446.3125,15665.78125,327112.09375,298606.28125,47185.6875
test_id_test_id_000752_37,test_id_000752,78,diverse_fill_1,5,2,test_id_000752_t5_c2,big,big_0,2,1.8,1.06,77,162981.27,153411.640625,170311.1875,175208.125,186861.46875,4,1.8334926572250265,HI,175208.125,15665.78125,190873.90625,162981.265625,33449.828125
test_id_test_id_000752_38,test_id_000752,78,diverse_fill_1,5,3,test_id_000752_t5_c3,little,little_0,2,1.2,0.93,77,272135.03,249828.875,272315.5625,278895.3125,293747.6875,4,1.8334926572250265,HI,278895.3125,15665.78125,294561.09375,272135.03125,43918.8125
test_id_test_id_000752_39,test_id_000752,78,diverse_fill_1,5,4,test_id_000752_t5_c4,big,big_1,3,2.2,1.15,77,119710.73,109169.046875,124108.015625,128223.96875,138542.078125,4,1.8334926572250265,HI,128223.96875,15665.78125,143889.75,119710.7265625,29373.03125
test_id_test_id_000752_40,test_id_000752,78,diverse_fill_1,5,5,test_id_000752_t5_c5,little,little_0,3,1.5,1.0,77,191161.83,180934.4375,199337.9375,204800.40625,217459.203125,4,1.8334926572250265,HI,204800.40625,15665.78125,220466.1875,191161.828125,36524.765625
test_id_test_id_000752_41,test_id_000752,78,diverse_fill_1,5,6,test_id_000752_t5_c6,big,big_0,0,1.0,0.9,77,270626.22,256555.296875,279445.4375,286100.96875,301133.46875,4,1.8334926572250265,HI,286100.96875,15665.78125,301766.75,270626.21875,44578.171875
test_id_test_id_000757_00,test_id_000757,1,source_like,0,0,test_id_000757_t0_c0,big,big_0,3,2.2,1.15,0,35303.22,39174.578125,51752.265625,55524.40625,64292.234375,4,1.8334926572250265,LO,55524.40625,0.0,55524.40625,35303.21875,25117.65625
test_id_test_id_000757_01,test_id_000757,1,source_like,0,1,test_id_000757_t0_c1,little,little_0,3,1.5,1.0,0,73940.99,81045.0625,95425.90625,99400.328125,109310.75,4,1.8334926572250265,LO,99400.328125,0.0,99400.328125,73940.9921875,28265.6875
test_id_test_id_000757_02,test_id_000757,1,source_like,0,2,test_id_000757_t0_c2,big,big_1,0,1.0,0.9,0,79614.03,81767.421875,96347.21875,100424.953125,110552.25,4,1.8334926572250265,LO,100424.953125,0.0,100424.953125,79614.03125,28784.828125
test_id_test_id_000757_03,test_id_000757,1,source_like,0,3,test_id_000757_t0_c3,little,little_1,0,0.6,0.8,0,199568.95,199510.359375,220485.59375,226958.96875,241724.140625,4,1.8334926572250265,LO,226958.96875,0.0,226958.96875,199568.953125,42213.78125
test_id_test_id_000757_04,test_id_000757,1,source_like,0,4,test_id_000757_t0_c4,big,big_0,1,1.4,0.98,0,51417.28,55843.59375,69130.234375,72962.484375,82174.40625,4,1.8334926572250265,LO,72962.484375,0.0,72962.484375,51417.28125,26330.8125
test_id_test_id_000757_05,test_id_000757,1,source_like,0,5,test_id_000757_t0_c5,little,little_0,1,0.9,0.86,0,131481.0,137204.4375,153759.25,158613.40625,170268.03125,4,1.8334926572250265,LO,158613.40625,0.0,158613.40625,131481.0,33063.59375
test_id_test_id_000757_06,test_id_000757,1,source_like,0,6,test_id_000757_t0_c6,big,big_1,2,1.8,1.06,0,40516.652,44631.046875,57397.953125,61168.484375,70039.84375,4,1.8334926572250265,LO,61168.484375,0.0,61168.484375,40516.65234375,25408.796875
test_id_test_id_000757_07,test_id_000757,66,sink_like,1,0,test_id_000757_t1_c0,little,little_1,3,1.5,1.0,65,178158.75,184045.171875,202485.96875,207932.53125,220558.421875,4,1.8334926572250265,LO,207932.53125,0.0,207932.53125,178158.75,36513.25
test_id_test_id_000757_08,test_id_000757,66,sink_like,1,1,test_id_000757_t1_c1,big,big_0,0,1.0,0.9,65,160027.86,161956.15625,179288.75,184384.796875,196382.328125,4,1.8334926572250265,LO,184384.796875,0.0,184384.796875,160027.859375,34426.171875
test_id_test_id_000757_09,test_id_000757,66,sink_like,1,2,test_id_000757_t1_c2,little,little_0,0,0.6,0.8,65,364483.5,360132.96875,390049.90625,398352.0,416745.375,4,1.8334926572250265,LO,398352.0,0.0,398352.0,364483.5,56612.40625
test_id_test_id_000757_10,test_id_000757,66,sink_like,1,3,test_id_000757_t1_c3,big,big_0,1,1.4,0.98,65,178075.7,180105.8125,198431.5,203874.203125,216489.703125,4,1.8334926572250265,LO,203874.203125,0.0,203874.203125,178075.703125,36383.890625
test_id_test_id_000757_11,test_id_000757,66,sink_like,1,4,test_id_000757_t1_c4,little,little_1,1,0.9,0.86,65,268644.38,279212.59375,303573.75,310567.53125,326317.96875,4,1.8334926572250265,LO,310567.53125,0.0,310567.53125,268644.375,47105.375
test_id_test_id_000757_12,test_id_000757,66,sink_like,1,5,test_id_000757_t1_c5,big,big_0,2,1.8,1.06,65,149970.11,147947.25,164528.234375,169301.46875,180733.0,4,1.8334926572250265,LO,169301.46875,0.0,169301.46875,149970.109375,32785.75
test_id_test_id_000757_13,test_id_000757,66,sink_like,1,6,test_id_000757_t1_c6,little,little_1,2,1.2,0.93,65,207521.9,203235.625,222751.703125,228517.6875,241750.40625,4,1.8334926572250265,LO,228517.6875,0.0,228517.6875,207521.90625,38514.78125
test_id_test_id_000757_14,test_id_000757,131,middle,2,0,test_id_000757_t2_c0,big,big_1,0,1.0,0.9,130,211099.95,219746.765625,240494.234375,246679.453125,260721.21875,4,1.8334926572250265,LO,246679.453125,0.0,246679.453125,211099.953125,40974.453125
test_id_test_id_000757_15,test_id_000757,131,middle,2,1,test_id_000757_t2_c1,little,little_1,0,0.6,0.8,130,473990.66,485696.21875,523979.1875,534725.75,556153.625,4,1.8334926572250265,LO,534725.75,0.0,534725.75,473990.65625,70457.40625
test_id_test_id_000757_16,test_id_000757,131,middle,2,2,test_id_000757_t2_c2,big,big_1,1,1.4,0.98,130,141194.97,140499.421875,156679.765625,161311.453125,172490.46875,4,1.8334926572250265,LO,161311.453125,0.0,161311.453125,141194.96875,31991.046875
test_id_test_id_000757_17,test_id_000757,131,middle,2,3,test_id_000757_t2_c3,little,little_1,1,0.9,0.86,130,301913.06,321554.0,348915.5625,356667.3125,373918.28125,4,1.8334926572250265,LO,356667.3125,0.0,356667.3125,301913.0625,52364.28125
test_id_test_id_000757_18,test_id_000757,131,middle,2,4,test_id_000757_t2_c4,big,big_1,2,1.8,1.06,130,128660.266,136204.828125,152224.734375,156764.390625,167800.8125,4,1.8334926572250265,LO,156764.390625,0.0,156764.390625,128660.265625,31595.984375
test_id_test_id_000757_19,test_id_000757,131,middle,2,5,test_id_000757_t2_c5,little,little_1,2,1.2,0.93,130,240532.89,257812.078125,280830.90625,287552.15625,302685.84375,4,1.8334926572250265,LO,287552.15625,0.0,287552.15625,240532.890625,44873.765625
test_id_test_id_000757_20,test_id_000757,131,middle,2,6,test_id_000757_t2_c6,big,big_0,3,2.2,1.15,130,105114.6,130063.984375,145856.296875,150279.25,161129.59375,4,1.8334926572250265,LO,150279.25,0.0,150279.25,105114.6015625,31065.609375
test_id_test_id_000757_21,test_id_000757,68,high_degree,3,0,test_id_000757_t3_c0,little,little_0,0,0.6,0.8,67,208902.7,213922.453125,235697.734375,242384.5625,257590.203125,4,1.8334926572250265,LO,242384.5625,0.0,242384.5625,208902.703125,43667.75
test_id_test_id_000757_22,test_id_000757,68,high_degree,3,1,test_id_000757_t3_c1,big,big_0,1,1.4,0.98,67,80029.805,85492.25,100044.296875,104089.53125,114189.828125,4,1.8334926572250265,LO,104089.53125,0.0,104089.53125,80029.8046875,28697.578125
test_id_test_id_000757_23,test_id_000757,68,high_degree,3,2,test_id_000757_t3_c2,little,little_1,1,0.9,0.86,67,139488.6,142305.984375,159064.03125,163975.59375,175711.0625,4,1.8334926572250265,LO,163975.59375,0.0,163975.59375,139488.59375,33405.078125
test_id_test_id_000757_24,test_id_000757,68,high_degree,3,3,test_id_000757_t3_c3,big,big_1,2,1.8,1.06,67,59105.35,63424.515625,76986.703125,80841.671875,90247.78125,4,1.8334926572250265,LO,80841.671875,0.0,80841.671875,59105.3515625,26823.265625
test_id_test_id_000757_25,test_id_000757,68,high_degree,3,4,test_id_000757_t3_c4,little,little_1,2,1.2,0.93,67,101032.625,113034.25,128361.359375,132644.265625,143284.46875,4,1.8334926572250265,LO,132644.265625,0.0,132644.265625,101032.625,30250.21875
test_id_test_id_000757_26,test_id_000757,68,high_degree,3,5,test_id_000757_t3_c5,big,big_1,3,2.2,1.15,67,54693.523,56973.296875,70251.28125,74078.15625,83312.53125,4,1.8334926572250265,LO,74078.15625,0.0,74078.15625,54693.5234375,26339.234375
test_id_test_id_000757_27,test_id_000757,68,high_degree,3,6,test_id_000757_t3_c6,little,little_1,3,1.5,1.0,67,98109.57,104132.5625,119148.375,123286.984375,133667.625,4,1.8334926572250265,LO,123286.984375,0.0,123286.984375,98109.5703125,29535.0625
test_id_test_id_000757_28,test_id_000757,156,random,4,0,test_id_000757_t4_c0,big,big_1,1,1.4,0.98,155,97705.2,97630.890625,112415.09375,116476.21875,126689.703125,4,1.8334926572250265,LO,116476.21875,0.0,116476.21875,97705.203125,29058.8125
test_id_test_id_000757_29,test_id_000757,156,random,4,1,test_id_000757_t4_c1,little,little_1,1,0.9,0.86,155,219204.33,231104.953125,252470.734375,258745.984375,273019.40625,4,1.8334926572250265,LO,258745.984375,0.0,258745.984375,219204.328125,41914.453125
test_id_test_id_000757_30,test_id_000757,156,random,4,2,test_id_000757_t4_c2,big,big_0,2,1.8,1.06,155,83604.4,86525.71875,100959.671875,104910.125,114837.75,4,1.8334926572250265,LO,104910.125,0.0,104910.125,83604.3984375,28312.03125
test_id_test_id_000757_31,test_id_000757,156,random,4,3,test_id_000757_t4_c3,little,little_1,2,1.2,0.93,155,148876.02,149472.5,166202.40625,171075.78125,182685.484375,4,1.8334926572250265,LO,171075.78125,0.0,171075.78125,148876.015625,33212.984375
test_id_test_id_000757_32,test_id_000757,156,random,4,4,test_id_000757_t4_c4,big,big_1,3,2.2,1.15,155,67771.78,67646.109375,81306.140625,85125.234375,94537.625,4,1.8334926572250265,LO,85125.234375,0.0,85125.234375,67771.78125,26891.515625
test_id_test_id_000757_33,test_id_000757,156,random,4,5,test_id_000757_t4_c5,little,little_0,3,1.5,1.0,155,131246.66,132075.015625,147934.65625,152409.21875,163344.21875,4,1.8334926572250265,LO,152409.21875,0.0,152409.21875,131246.65625,31269.203125
test_id_test_id_000757_34,test_id_000757,156,random,4,6,test_id_000757_t4_c6,big,big_1,0,1.0,0.9,155,113451.43,118926.109375,134492.75,138883.296875,149716.9375,4,1.8334926572250265,LO,138883.296875,0.0,138883.296875,113451.4296875,30790.828125
test_id_test_id_000757_35,test_id_000757,149,diverse_fill_1,5,0,test_id_000757_t5_c0,little,little_0,1,0.9,0.86,148,239085.23,227588.390625,248844.3125,255164.609375,269494.65625,4,1.8334926572250265,LO,255164.609375,0.0,255164.609375,239085.234375,41906.265625
test_id_test_id_000757_36,test_id_000757,149,diverse_fill_1,5,1,test_id_000757_t5_c1,big,big_0,2,1.8,1.06,148,84724.13,86785.8125,101168.546875,105112.859375,115033.0,4,1.8334926572250265,LO,105112.859375,0.0,105112.859375,84724.1328125,28247.1875
test_id_test_id_000757_37,test_id_000757,149,diverse_fill_1,5,2,test_id_000757_t5_c2,little,little_0,2,1.2,0.93,148,206803.8,204567.0625,224214.515625,230042.3125,243381.0625,4,1.8334926572250265,LO,230042.3125,0.0,230042.3125,206803.796875,38814.0
test_id_test_id_000757_38,test_id_000757,149,diverse_fill_1,5,3,test_id_000757_t5_c3,big,big_0,3,2.2,1.15,148,68924.48,68839.46875,82542.859375,86370.71875,95826.71875,4,1.8334926572250265,LO,86370.71875,0.0,86370.71875,68924.4765625,26987.25
test_id_test_id_000757_39,test_id_000757,149,diverse_fill_1,5,4,test_id_000757_t5_c4,little,little_0,3,1.5,1.0,148,165122.06,157228.75,174310.828125,179290.0625,191079.875,4,1.8334926572250265,LO,179290.0625,0.0,179290.0625,165122.0625,33851.125
test_id_test_id_000757_40,test_id_000757,149,diverse_fill_1,5,5,test_id_000757_t5_c5,big,big_0,0,1.0,0.9,148,161728.52,166492.46875,184170.53125,189414.171875,201687.546875,4,1.8334926572250265,LO,189414.171875,0.0,189414.171875,161728.515625,35195.078125
test_id_test_id_000757_41,test_id_000757,149,diverse_fill_1,5,6,test_id_000757_t5_c6,little,little_0,0,0.6,0.8,148,377392.4,372288.53125,401939.75,409897.75,427643.5625,4,1.8334926572250265,LO,409897.75,0.0,409897.75,377392.40625,55355.03125
test_id_test_id_000760_00,test_id_000760,2,source_like,0,0,test_id_000760_t0_c0,big,big_0,2,1.8,1.06,1,26700.371,29852.21875,42303.078125,46176.5625,54960.28125,4,1.8334926572250265,HI,46176.5625,15665.78125,61842.34375,26700.37109375,25108.0625
test_id_test_id_000760_01,test_id_000760,2,source_like,0,1,test_id_000760_t0_c1,little,little_0,2,1.2,0.93,1,59997.41,61925.625,75567.453125,79463.1875,88912.15625,4,1.8334926572250265,HI,79463.1875,15665.78125,95128.96875,59997.41015625,26986.53125
test_id_test_id_000760_02,test_id_000760,2,source_like,0,2,test_id_000760_t0_c2,big,big_1,3,2.2,1.15,1,22517.754,27012.5,39411.1875,43292.484375,52035.015625,4,1.8334926572250265,HI,43292.484375,15665.78125,58958.265625,22517.75390625,25022.515625
test_id_test_id_000760_03,test_id_000760,2,source_like,0,3,test_id_000760_t0_c3,little,little_1,3,1.5,1.0,1,53273.305,55481.15625,68909.65625,72812.3125,82137.375,4,1.8334926572250265,HI,72812.3125,15665.78125,88478.09375,53273.3046875,26656.21875
test_id_test_id_000760_04,test_id_000760,2,source_like,0,4,test_id_000760_t0_c4,big,big_0,0,1.0,0.9,1,46287.65,47617.3125,60625.171875,64489.671875,73611.34375,4,1.8334926572250265,HI,64489.671875,15665.78125,80155.453125,46287.6484375,25994.03125
test_id_test_id_000760_05,test_id_000760,2,source_like,0,5,test_id_000760_t0_c5,little,little_0,0,0.6,0.8,1,126251.25,123906.140625,140334.65625,145189.84375,156926.875,4,1.8334926572250265,HI,145189.84375,15665.78125,160855.625,126251.25,33020.734375
test_id_test_id_000760_06,test_id_000760,2,source_like,0,6,test_id_000760_t0_c6,big,big_0,1,1.4,0.98,1,37734.906,38619.609375,51354.5625,55257.5625,64277.265625,4,1.8334926572250265,HI,55257.5625,15665.78125,70923.34375,37734.90625,25657.65625
test_id_test_id_000760_07,test_id_000760,46,sink_like,1,0,test_id_000760_t1_c0,little,little_1,2,1.2,0.93,45,559832.56,532024.0625,577621.6875,591029.125,616595.875,4,1.8334926572250265,HI,591029.125,15665.78125,606694.90625,559832.5625,84571.8125
test_id_test_id_000760_08,test_id_000760,46,sink_like,1,1,test_id_000760_t1_c1,big,big_0,3,2.2,1.15,45,338745.56,313583.1875,340518.3125,348198.625,365317.90625,4,1.8334926572250265,HI,348198.625,15665.78125,363864.40625,338745.5625,51734.71875
test_id_test_id_000760_09,test_id_000760,46,sink_like,1,2,test_id_000760_t1_c2,little,little_1,3,1.5,1.0,45,472380.25,448689.1875,487128.1875,498142.375,520786.59375,4,1.8334926572250265,HI,498142.375,15665.78125,513808.15625,472380.25,72097.40625
test_id_test_id_000760_10,test_id_000760,46,sink_like,1,3,test_id_000760_t1_c3,big,big_1,0,1.0,0.9,45,452080.34,428601.0625,464956.0,475277.21875,496899.125,4,1.8334926572250265,HI,475277.21875,15665.78125,490943.0,452080.34375,68298.0625
test_id_test_id_000760_11,test_id_000760,46,sink_like,1,4,test_id_000760_t1_c4,little,little_1,0,0.6,0.8,45,829843.44,831180.625,902880.4375,923679.875,962464.125,4,1.8334926572250265,HI,923679.875,15665.78125,939345.65625,829843.4375,131283.5
test_id_test_id_000760_12,test_id_000760,46,sink_like,1,5,test_id_000760_t1_c5,big,big_1,1,1.4,0.98,45,473602.12,448442.375,486703.75,497642.40625,520150.5,4,1.8334926572250265,HI,497642.40625,15665.78125,513308.1875,473602.125,71708.125
test_id_test_id_000760_13,test_id_000760,46,sink_like,1,6,test_id_000760_t1_c6,little,little_0,1,0.9,0.86,45,706787.25,698602.0,759161.5,777547.875,809522.3125,4,1.8334926572250265,HI,777547.875,15665.78125,793213.65625,706787.25,110920.3125
test_id_test_id_000760_14,test_id_000760,35,middle,2,0,test_id_000760_t2_c0,big,big_1,3,2.2,1.15,34,58281.11,60522.3125,73869.234375,77647.484375,86851.890625,4,1.8334926572250265,HI,77647.484375,15665.78125,93313.265625,58281.109375,26329.578125
test_id_test_id_000760_15,test_id_000760,35,middle,2,1,test_id_000760_t2_c1,little,little_0,3,1.5,1.0,34,142502.3,138521.421875,154667.703125,159256.8125,170385.625,4,1.8334926572250265,HI,159256.8125,15665.78125,174922.59375,142502.296875,31864.203125
test_id_test_id_000760_16,test_id_000760,35,middle,2,2,test_id_000760_t2_c2,big,big_1,0,1.0,0.9,34,117944.695,119851.46875,135495.375,139927.53125,150842.234375,4,1.8334926572250265,HI,139927.53125,15665.78125,155593.3125,117944.6953125,30990.765625
test_id_test_id_000760_17,test_id_000760,35,middle,2,3,test_id_000760_t2_c3,little,little_0,0,0.6,0.8,34,272972.12,288895.03125,314519.375,321798.15625,338519.6875,4,1.8334926572250265,HI,321798.15625,15665.78125,337463.9375,272972.125,49624.65625
test_id_test_id_000760_18,test_id_000760,35,middle,2,4,test_id_000760_t2_c4,big,big_0,1,1.4,0.98,34,88884.34,97411.578125,112227.015625,116290.203125,126510.96875,4,1.8334926572250265,HI,116290.203125,15665.78125,131955.984375,88884.34375,29099.390625
test_id_test_id_000760_19,test_id_000760,35,middle,2,5,test_id_000760_t2_c5,little,little_1,1,0.9,0.86,34,198031.22,203442.1875,223317.796875,229271.359375,242883.21875,4,1.8334926572250265,HI,229271.359375,15665.78125,244937.140625,198031.21875,39441.03125
test_id_test_id_000760_20,test_id_000760,35,middle,2,6,test_id_000760_t2_c6,big,big_1,2,1.8,1.06,34,77585.79,79698.375,93883.765625,97795.984375,107570.890625,4,1.8334926572250265,HI,97795.984375,15665.78125,113461.765625,77585.7890625,27872.515625
test_id_test_id_000760_21,test_id_000760,45,high_degree,3,0,test_id_000760_t3_c0,little,little_0,3,1.5,1.0,44,229693.55,225195.28125,246075.796875,252225.4375,266211.4375,4,1.8334926572250265,HI,252225.4375,15665.78125,267891.21875,229693.546875,41016.15625
test_id_test_id_000760_22,test_id_000760,45,high_degree,3,1,test_id_000760_t3_c1,big,big_1,0,1.0,0.9,44,224803.2,225758.59375,246756.328125,252956.09375,267048.5625,4,1.8334926572250265,HI,252956.09375,15665.78125,268621.875,224803.203125,41289.96875
test_id_test_id_000760_23,test_id_000760,45,high_degree,3,2,test_id_000760_t3_c2,little,little_1,0,0.6,0.8,44,509684.7,515256.9375,556427.375,568183.0,590843.0,4,1.8334926572250265,HI,568183.0,15665.78125,583848.78125,509684.6875,75586.0625
test_id_test_id_000760_24,test_id_000760,45,high_degree,3,3,test_id_000760_t3_c3,big,big_1,1,1.4,0.98,44,168057.75,172057.421875,189865.75,195105.015625,207357.5625,4,1.8334926572250265,HI,195105.015625,15665.78125,210770.796875,168057.75,35300.140625
test_id_test_id_000760_25,test_id_000760,45,high_degree,3,4,test_id_000760_t3_c4,little,little_0,1,0.9,0.86,44,334203.47,334593.84375,363075.5,371134.5625,388992.6875,4,1.8334926572250265,HI,371134.5625,15665.78125,386800.34375,334203.46875,54398.84375
test_id_test_id_000760_26,test_id_000760,45,high_degree,3,5,test_id_000760_t3_c5,big,big_1,2,1.8,1.06,44,200166.9,201943.0,221549.390625,227389.375,240753.75,4,1.8334926572250265,HI,227389.375,15665.78125,243055.15625,200166.90625,38810.75
test_id_test_id_000760_27,test_id_000760,45,high_degree,3,6,test_id_000760_t3_c6,little,little_1,2,1.2,0.93,44,268064.3,283923.53125,308656.78125,315768.125,331728.34375,4,1.8334926572250265,HI,315768.125,15665.78125,331433.90625,268064.3125,47804.8125
test_id_test_id_000760_28,test_id_000760,48,random,4,0,test_id_000760_t4_c0,big,big_1,0,1.0,0.9,47,297154.6,274354.6875,298434.40625,305376.3125,321019.25,4,1.8334926572250265,HI,305376.3125,15665.78125,321042.09375,297154.59375,46664.5625
test_id_test_id_000760_29,test_id_000760,48,random,4,1,test_id_000760_t4_c1,little,little_1,0,0.6,0.8,47,578177.75,549873.0625,594195.375,607050.125,630980.75,4,1.8334926572250265,HI,607050.125,15665.78125,622715.90625,578177.75,81107.6875
test_id_test_id_000760_30,test_id_000760,48,random,4,2,test_id_000760_t4_c2,big,big_0,1,1.4,0.98,47,319778.16,293212.25,318647.8125,325941.375,342272.8125,4,1.8334926572250265,HI,325941.375,15665.78125,341607.15625,319778.15625,49060.5625
test_id_test_id_000760_31,test_id_000760,48,random,4,3,test_id_000760_t4_c3,little,little_0,1,0.9,0.86,47,444409.78,429956.5,466448.78125,476826.1875,498516.90625,4,1.8334926572250265,HI,476826.1875,15665.78125,492491.96875,444409.78125,68560.40625
test_id_test_id_000760_32,test_id_000760,48,random,4,4,test_id_000760_t4_c4,big,big_0,2,1.8,1.06,47,214695.53,208217.28125,228223.984375,234182.28125,247781.71875,4,1.8334926572250265,HI,234182.28125,15665.78125,249848.0625,214695.53125,39564.4375
test_id_test_id_000760_33,test_id_000760,48,random,4,5,test_id_000760_t4_c5,little,little_1,2,1.2,0.93,47,313088.9,321313.09375,348836.875,356661.3125,374051.09375,4,1.8334926572250265,HI,356661.3125,15665.78125,372327.09375,313088.90625,52738.0
test_id_test_id_000760_34,test_id_000760,48,random,4,6,test_id_000760_t4_c6,big,big_1,3,2.2,1.15,47,188380.16,177304.03125,195524.96875,200922.875,213468.78125,4,1.8334926572250265,HI,200922.875,15665.78125,216588.65625,188380.15625,36164.75
test_id_test_id_000760_35,test_id_000760,29,diverse_fill_1,5,0,test_id_000760_t5_c0,little,little_0,0,0.6,0.8,28,683585.9,674653.5,728713.5,745051.0,772504.375,4,1.8334926572250265,HI,745051.0,15665.78125,760716.78125,683585.875,97850.875
test_id_test_id_000760_36,test_id_000760,29,diverse_fill_1,5,1,test_id_000760_t5_c1,big,big_1,1,1.4,0.98,28,284819.5,283228.9375,307950.21875,315081.59375,331069.4375,4,1.8334926572250265,HI,315081.59375,15665.78125,330747.375,284819.5,47840.5
test_id_test_id_000760_37,test_id_000760,29,diverse_fill_1,5,2,test_id_000760_t5_c2,little,little_0,1,0.9,0.86,28,512965.53,488294.4375,529276.8125,541027.875,564436.6875,4,1.8334926572250265,HI,541027.875,15665.78125,556693.65625,512965.53125,76142.25
test_id_test_id_000760_38,test_id_000760,29,diverse_fill_1,5,3,test_id_000760_t5_c3,big,big_1,2,1.8,1.06,28,279658.72,288311.59375,313423.5625,320657.875,336858.03125,4,1.8334926572250265,HI,320657.875,15665.78125,336323.65625,279658.71875,48546.4375
test_id_test_id_000760_39,test_id_000760,29,diverse_fill_1,5,4,test_id_000760_t5_c4,little,little_0,2,1.2,0.93,28,404503.72,406517.0625,441074.75,450863.3125,471684.1875,4,1.8334926572250265,HI,450863.3125,15665.78125,466529.09375,404503.71875,65167.125
test_id_test_id_000760_40,test_id_000760,29,diverse_fill_1,5,5,test_id_000760_t5_c5,big,big_1,3,2.2,1.15,28,240201.36,236861.109375,258660.09375,265121.78125,279720.0625,4,1.8334926572250265,HI,265121.78125,15665.78125,280787.5625,240201.359375,42858.953125
test_id_test_id_000760_41,test_id_000760,29,diverse_fill_1,5,6,test_id_000760_t5_c6,little,little_0,3,1.5,1.0,28,351844.06,356667.5,387096.34375,395709.65625,414570.5625,4,1.8334926572250265,HI,395709.65625,15665.78125,411375.4375,351844.0625,57903.0625
test_id_test_id_000779_00,test_id_000779,8,source_like,0,0,test_id_000779_t0_c0,big,big_0,2,1.8,1.06,7,58055.41,54246.609375,67402.296875,71202.3125,80324.25,4,1.8334926572250265,LO,71202.3125,0.0,71202.3125,58055.41015625,26077.640625
test_id_test_id_000779_01,test_id_000779,8,source_like,0,1,test_id_000779_t0_c1,little,little_0,2,1.2,0.93,7,123782.586,119858.578125,135375.984375,139753.0625,150543.40625,4,1.8334926572250265,LO,139753.0625,0.0,139753.0625,123782.5859375,30684.828125
test_id_test_id_000779_02,test_id_000779,8,source_like,0,2,test_id_000779_t0_c2,big,big_1,3,2.2,1.15,7,48487.098,48628.21875,61538.71875,65312.984375,74275.375,4,1.8334926572250265,LO,65312.984375,0.0,65312.984375,48487.09765625,25647.15625
test_id_test_id_000779_03,test_id_000779,8,source_like,0,3,test_id_000779_t0_c3,little,little_0,3,1.5,1.0,7,96720.336,93431.890625,108192.296875,112236.78125,122402.75,4,1.8334926572250265,LO,112236.78125,0.0,112236.78125,96720.3359375,28970.859375
test_id_test_id_000779_04,test_id_000779,8,source_like,0,4,test_id_000779_t0_c4,big,big_1,0,1.0,0.9,7,99127.016,91247.9375,106118.578125,110254.578125,120585.203125,4,1.8334926572250265,LO,110254.578125,0.0,110254.578125,99127.015625,29337.265625
test_id_test_id_000779_05,test_id_000779,8,source_like,0,5,test_id_000779_t0_c5,little,little_1,0,0.6,0.8,7,244865.2,232723.515625,255740.15625,262722.78125,278594.03125,4,1.8334926572250265,LO,262722.78125,0.0,262722.78125,244865.203125,45870.515625
test_id_test_id_000779_06,test_id_000779,8,source_like,0,6,test_id_000779_t0_c6,big,big_1,1,1.4,0.98,7,71732.414,71122.625,85097.4375,89014.71875,98667.890625,4,1.8334926572250265,LO,89014.71875,0.0,89014.71875,71732.4140625,27545.265625
test_id_test_id_000779_07,test_id_000779,111,sink_like,1,0,test_id_000779_t1_c0,little,little_1,2,1.2,0.93,110,455751.2,431597.625,468509.5,479046.4375,501009.9375,4,1.8334926572250265,LO,479046.4375,0.0,479046.4375,455751.1875,69412.3125
test_id_test_id_000779_08,test_id_000779,111,sink_like,1,1,test_id_000779_t1_c1,big,big_1,3,2.2,1.15,110,162886.55,161918.390625,179263.6875,184343.0625,196313.171875,4,1.8334926572250265,LO,184343.0625,0.0,184343.0625,162886.546875,34394.78125
test_id_test_id_000779_09,test_id_000779,111,sink_like,1,2,test_id_000779_t1_c2,little,little_0,3,1.5,1.0,110,291503.38,302148.0625,328243.3125,335719.5625,352402.59375,4,1.8334926572250265,LO,335719.5625,0.0,335719.5625,291503.375,50254.53125
test_id_test_id_000779_10,test_id_000779,111,sink_like,1,3,test_id_000779_t1_c3,big,big_0,0,1.0,0.9,110,403722.8,381385.78125,413829.15625,423001.0625,442844.1875,4,1.8334926572250265,LO,423001.0625,0.0,423001.0625,403722.8125,61458.40625
test_id_test_id_000779_11,test_id_000779,111,sink_like,1,4,test_id_000779_t1_c4,little,little_0,0,0.6,0.8,110,659431.4,648988.75,700803.75,716353.25,742773.25,4,1.8334926572250265,LO,716353.25,0.0,716353.25,659431.375,93784.5
test_id_test_id_000779_12,test_id_000779,111,sink_like,1,5,test_id_000779_t1_c5,big,big_1,1,1.4,0.98,110,265619.38,264476.6875,287953.21875,294786.53125,310160.15625,4,1.8334926572250265,LO,294786.53125,0.0,294786.53125,265619.375,45683.46875
test_id_test_id_000779_13,test_id_000779,111,sink_like,1,6,test_id_000779_t1_c6,little,little_1,1,0.9,0.86,110,394581.1,402932.09375,436818.6875,446363.5,466770.8125,4,1.8334926572250265,LO,446363.5,0.0,446363.5,394581.09375,63838.71875
test_id_test_id_000779_14,test_id_000779,68,middle,2,0,test_id_000779_t2_c0,big,big_0,3,2.2,1.15,67,139737.42,136005.375,152007.421875,156533.296875,167546.78125,4,1.8334926572250265,LO,156533.296875,0.0,156533.296875,139737.421875,31541.40625
test_id_test_id_000779_15,test_id_000779,68,middle,2,1,test_id_000779_t2_c1,little,little_0,3,1.5,1.0,67,241582.19,222500.4375,243239.3125,249365.59375,263291.71875,4,1.8334926572250265,LO,249365.59375,0.0,249365.59375,241582.1875,40791.28125
test_id_test_id_000779_16,test_id_000779,68,middle,2,2,test_id_000779_t2_c2,big,big_1,0,1.0,0.9,67,226413.9,220689.125,241398.71875,247539.703125,261498.375,4,1.8334926572250265,LO,247539.703125,0.0,247539.703125,226413.90625,40809.25
test_id_test_id_000779_17,test_id_000779,68,middle,2,3,test_id_000779_t2_c3,little,little_1,0,0.6,0.8,67,457117.38,457665.28125,494344.3125,504617.375,525677.4375,4,1.8334926572250265,LO,504617.375,0.0,504617.375,457117.375,68012.15625
test_id_test_id_000779_18,test_id_000779,68,middle,2,4,test_id_000779_t2_c4,big,big_0,1,1.4,0.98,67,214243.4,211169.21875,231299.421875,237285.28125,250927.0625,4,1.8334926572250265,LO,237285.28125,0.0,237285.28125,214243.40625,39757.84375
test_id_test_id_000779_19,test_id_000779,68,middle,2,5,test_id_000779_t2_c5,little,little_1,1,0.9,0.86,67,299864.03,292565.84375,317851.625,325084.1875,341313.34375,4,1.8334926572250265,LO,325084.1875,0.0,325084.1875,299864.03125,48747.5
test_id_test_id_000779_20,test_id_000779,68,middle,2,6,test_id_000779_t2_c6,big,big_1,2,1.8,1.06,67,187525.16,176016.78125,194159.984375,199532.546875,212025.78125,4,1.8334926572250265,LO,199532.546875,0.0,199532.546875,187525.15625,36009.0
test_id_test_id_000779_21,test_id_000779,98,random,3,0,test_id_000779_t3_c0,little,little_1,3,1.5,1.0,97,128832.27,121594.703125,137011.828125,141319.75,151971.6875,4,1.8334926572250265,LO,141319.75,0.0,141319.75,128832.2734375,30376.984375
test_id_test_id_000779_22,test_id_000779,98,random,3,1,test_id_000779_t3_c1,big,big_0,0,1.0,0.9,97,147988.67,156247.625,173552.0625,178683.875,190788.921875,4,1.8334926572250265,LO,178683.875,0.0,178683.875,147988.671875,34541.296875
test_id_test_id_000779_23,test_id_000779,98,random,3,2,test_id_000779_t3_c2,little,little_1,0,0.6,0.8,97,315596.2,308106.625,334521.65625,341838.21875,358676.0625,4,1.8334926572250265,LO,341838.21875,0.0,341838.21875,315596.1875,50569.4375
test_id_test_id_000779_24,test_id_000779,98,random,3,3,test_id_000779_t3_c3,big,big_1,1,1.4,0.98,97,121214.82,120400.484375,135898.09375,140228.265625,150943.40625,4,1.8334926572250265,LO,140228.265625,0.0,140228.265625,121214.8203125,30542.921875
test_id_test_id_000779_25,test_id_000779,98,random,3,4,test_id_000779_t3_c4,little,little_1,1,0.9,0.86,97,192535.52,198067.9375,217893.5,223880.640625,237575.71875,4,1.8334926572250265,LO,223880.640625,0.0,223880.640625,192535.515625,39507.78125
test_id_test_id_000779_26,test_id_000779,98,random,3,5,test_id_000779_t3_c5,big,big_1,2,1.8,1.06,97,94052.266,89541.5625,104021.0,107991.78125,117984.515625,4,1.8334926572250265,LO,107991.78125,0.0,107991.78125,94052.265625,28442.953125
test_id_test_id_000779_27,test_id_000779,98,random,3,6,test_id_000779_t3_c6,little,little_0,2,1.2,0.93,97,184171.47,168127.03125,185812.65625,191043.75,203279.96875,4,1.8334926572250265,LO,191043.75,0.0,191043.75,184171.46875,35152.9375
test_id_test_id_000779_28,test_id_000779,83,diverse_fill_1,4,0,test_id_000779_t4_c0,big,big_1,0,1.0,0.9,82,146150.8,140736.3125,157248.859375,162053.75,173594.25,4,1.8334926572250265,LO,162053.75,0.0,162053.75,146150.796875,32857.9375
test_id_test_id_000779_29,test_id_000779,83,diverse_fill_1,4,1,test_id_000779_t4_c1,little,little_1,0,0.6,0.8,82,315301.44,290272.71875,315719.125,322830.6875,339346.34375,4,1.8334926572250265,LO,322830.6875,0.0,322830.6875,315301.4375,49073.625
test_id_test_id_000779_30,test_id_000779,83,diverse_fill_1,4,2,test_id_000779_t4_c2,big,big_1,1,1.4,0.98,82,110079.08,108727.265625,123828.4375,127996.390625,138430.453125,4,1.8334926572250265,LO,127996.390625,0.0,127996.390625,110079.078125,29703.1875
test_id_test_id_000779_31,test_id_000779,83,diverse_fill_1,4,3,test_id_000779_t4_c3,little,little_0,1,0.9,0.86,82,226351.73,210143.3125,230645.453125,236826.515625,250899.53125,4,1.8334926572250265,LO,236826.515625,0.0,236826.515625,226351.734375,40756.21875
test_id_test_id_000779_32,test_id_000779,83,diverse_fill_1,4,4,test_id_000779_t4_c4,big,big_1,2,1.8,1.06,82,87792.67,84665.21875,98989.546875,102924.125,112803.09375,4,1.8334926572250265,LO,102924.125,0.0,102924.125,87792.671875,28137.875
test_id_test_id_000779_33,test_id_000779,83,diverse_fill_1,4,5,test_id_000779_t4_c5,little,little_1,2,1.2,0.93,82,194945.62,178984.6875,197263.4375,202694.609375,215296.71875,4,1.8334926572250265,LO,202694.609375,0.0,202694.609375,194945.625,36312.03125
test_id_test_id_000779_34,test_id_000779,83,diverse_fill_1,4,6,test_id_000779_t4_c6,big,big_1,3,2.2,1.15,82,79610.17,77398.59375,91479.484375,95362.609375,105052.953125,4,1.8334926572250265,LO,95362.609375,0.0,95362.609375,79610.171875,27654.359375
test_id_test_id_000779_35,test_id_000779,5,diverse_fill_2,5,0,test_id_000779_t5_c0,little,little_1,0,0.6,0.8,4,153191.56,139166.875,156124.625,161150.453125,173121.078125,4,1.8334926572250265,LO,161150.453125,0.0,161150.453125,153191.5625,33954.203125
test_id_test_id_000779_36,test_id_000779,5,diverse_fill_2,5,1,test_id_000779_t5_c1,big,big_1,1,1.4,0.98,4,44893.754,42701.21875,55484.4375,59309.1875,68248.859375,4,1.8334926572250265,LO,59309.1875,0.0,59309.1875,44893.75390625,25547.640625
test_id_test_id_000779_37,test_id_000779,5,diverse_fill_2,5,2,test_id_000779_t5_c2,little,little_0,1,0.9,0.86,4,111311.68,105201.84375,120634.9375,125056.421875,135998.65625,4,1.8334926572250265,LO,125056.421875,0.0,125056.421875,111311.6796875,30796.8125
test_id_test_id_000779_38,test_id_000779,5,diverse_fill_2,5,3,test_id_000779_t5_c3,big,big_1,2,1.8,1.06,4,36307.09,35374.0625,47930.546875,51762.828125,60569.4375,4,1.8334926572250265,LO,51762.828125,0.0,51762.828125,36307.08984375,25195.375
test_id_test_id_000779_39,test_id_000779,5,diverse_fill_2,5,4,test_id_000779_t5_c4,little,little_1,2,1.2,0.93,4,84419.414,80262.0625,94781.640625,98841.328125,108913.34375,4,1.8334926572250265,LO,98841.328125,0.0,98841.328125,84419.4140625,28651.28125
test_id_test_id_000779_40,test_id_000779,5,diverse_fill_2,5,5,test_id_000779_t5_c5,big,big_1,3,2.2,1.15,4,31329.717,31469.109375,43930.1875,47776.03125,56534.21875,4,1.8334926572250265,LO,47776.03125,0.0,47776.03125,31329.716796875,25065.109375
test_id_test_id_000779_41,test_id_000779,5,diverse_fill_2,5,6,test_id_000779_t5_c6,little,little_0,3,1.5,1.0,4,68376.61,63784.609375,77512.65625,81410.890625,90890.8125,4,1.8334926572250265,LO,81410.890625,0.0,81410.890625,68376.609375,27106.203125
test_id_test_id_000814_00,test_id_000814,1,source_like,0,0,test_id_000814_t0_c0,big,big_1,0,1.0,0.9,0,92566.68,91909.71875,106791.546875,110936.96875,121295.09375,4,1.8334926572250265,HI,110936.96875,15665.78125,126602.75,92566.6796875,29385.375
test_id_test_id_000814_01,test_id_000814,1,source_like,0,1,test_id_000814_t0_c1,little,little_1,0,0.6,0.8,0,217905.66,217799.875,240030.734375,246864.015625,262381.9375,4,1.8334926572250265,HI,246864.015625,15665.78125,262529.796875,217905.65625,44582.0625
test_id_test_id_000814_02,test_id_000814,1,source_like,0,2,test_id_000814_t0_c2,big,big_0,1,1.4,0.98,0,64396.074,61670.953125,75201.59375,79055.421875,88420.421875,4,1.8334926572250265,HI,79055.421875,15665.78125,94721.203125,64396.07421875,26749.46875
test_id_test_id_000814_03,test_id_000814,1,source_like,0,3,test_id_000814_t0_c3,little,little_0,1,0.9,0.86,0,145422.64,151542.5625,168846.15625,173994.015625,186148.84375,4,1.8334926572250265,HI,173994.015625,15665.78125,189659.796875,145422.640625,34606.28125
test_id_test_id_000814_04,test_id_000814,1,source_like,0,4,test_id_000814_t0_c4,big,big_0,2,1.8,1.06,0,51920.938,51936.8125,65002.421875,68798.40625,77866.03125,4,1.8334926572250265,HI,68798.40625,15665.78125,84464.1875,51920.9375,25929.21875
test_id_test_id_000814_05,test_id_000814,1,source_like,0,5,test_id_000814_t0_c5,little,little_1,2,1.2,0.93,0,110467.805,115603.75,130986.921875,135303.0,146002.0625,4,1.8334926572250265,HI,135303.0,15665.78125,150968.78125,110467.8046875,30398.3125
test_id_test_id_000814_06,test_id_000814,1,source_like,0,6,test_id_000814_t0_c6,big,big_0,3,2.2,1.15,0,42125.363,41870.703125,54498.328125,58245.875,67020.390625,4,1.8334926572250265,HI,58245.875,15665.78125,73911.65625,42125.36328125,25149.6875
test_id_test_id_000814_07,test_id_000814,6,sink_like,1,0,test_id_000814_t1_c0,little,little_1,0,0.6,0.8,5,293117.38,292209.25,317659.0,324734.34375,341187.59375,4,1.8334926572250265,HI,324734.34375,15665.78125,340400.125,293117.375,48978.34375
test_id_test_id_000814_08,test_id_000814,6,sink_like,1,1,test_id_000814_t1_c1,big,big_1,1,1.4,0.98,5,101091.54,112044.9375,127239.109375,131443.484375,141941.9375,4,1.8334926572250265,HI,131443.484375,15665.78125,147109.265625,101091.5390625,29897.0
test_id_test_id_000814_09,test_id_000814,6,sink_like,1,2,test_id_000814_t1_c2,little,little_1,1,0.9,0.86,5,205230.14,206060.40625,226346.046875,232480.1875,246453.671875,4,1.8334926572250265,HI,232480.1875,15665.78125,248145.96875,205230.140625,40393.265625
test_id_test_id_000814_10,test_id_000814,6,sink_like,1,3,test_id_000814_t1_c3,big,big_0,2,1.8,1.06,5,93465.25,95547.234375,110246.421875,114262.65625,124385.25,4,1.8334926572250265,HI,114262.65625,15665.78125,129928.4375,93465.25,28838.015625
test_id_test_id_000814_11,test_id_000814,6,sink_like,1,4,test_id_000814_t1_c4,little,little_1,2,1.2,0.93,5,155188.72,160825.484375,178180.0625,183303.96875,195353.734375,4,1.8334926572250265,HI,183303.96875,15665.78125,198969.75,155188.71875,34528.25
test_id_test_id_000814_12,test_id_000814,6,sink_like,1,5,test_id_000814_t1_c5,big,big_0,3,2.2,1.15,5,73257.83,70512.578125,84287.734375,88121.421875,97612.0625,4,1.8334926572250265,HI,88121.421875,15665.78125,103787.203125,73257.828125,27099.484375
test_id_test_id_000814_13,test_id_000814,6,sink_like,1,6,test_id_000814_t1_c6,little,little_0,3,1.5,1.0,5,151512.9,145874.484375,162359.03125,167097.4375,178474.28125,4,1.8334926572250265,HI,167097.4375,15665.78125,182763.21875,151512.90625,32599.796875
test_id_test_id_000814_14,test_id_000814,213,middle,2,0,test_id_000814_t2_c0,big,big_1,1,1.4,0.98,212,163751.03,156169.15625,173230.34375,178221.0625,190041.390625,4,1.8334926572250265,HI,178221.0625,15665.78125,193886.84375,163751.03125,33872.234375
test_id_test_id_000814_15,test_id_000814,213,middle,2,1,test_id_000814_t2_c1,little,little_0,1,0.9,0.86,212,214489.88,228852.75,250062.84375,256301.96875,270497.90625,4,1.8334926572250265,HI,256301.96875,15665.78125,271967.75,214489.875,41645.15625
test_id_test_id_000814_16,test_id_000814,213,middle,2,2,test_id_000814_t2_c2,big,big_1,2,1.8,1.06,212,108731.56,105390.921875,120334.28125,124427.875,134719.140625,4,1.8334926572250265,HI,124427.875,15665.78125,140093.65625,108731.5625,29328.21875
test_id_test_id_000814_17,test_id_000814,213,middle,2,3,test_id_000814_t2_c3,little,little_1,2,1.2,0.93,212,158825.16,160245.4375,177434.28125,182465.03125,194342.546875,4,1.8334926572250265,HI,182465.03125,15665.78125,198130.8125,158825.15625,34097.109375
test_id_test_id_000814_18,test_id_000814,213,middle,2,4,test_id_000814_t2_c4,big,big_0,3,2.2,1.15,212,70360.33,75171.015625,89101.25,92952.578125,102552.046875,4,1.8334926572250265,HI,92952.578125,15665.78125,108618.359375,70360.328125,27381.03125
test_id_test_id_000814_19,test_id_000814,213,middle,2,5,test_id_000814_t2_c5,little,little_1,3,1.5,1.0,212,142978.55,155865.875,172815.65625,177740.78125,189435.4375,4,1.8334926572250265,HI,177740.78125,15665.78125,193406.5625,142978.546875,33569.5625
test_id_test_id_000814_20,test_id_000814,213,middle,2,6,test_id_000814_t2_c6,big,big_1,0,1.0,0.9,212,144943.66,147858.34375,164657.625,169564.78125,181266.40625,4,1.8334926572250265,HI,169564.78125,15665.78125,185230.5625,144943.65625,33408.0625
test_id_test_id_000814_21,test_id_000814,436,high_degree,3,0,test_id_000814_t3_c0,little,little_1,1,0.9,0.86,435,323854.53,336953.90625,365637.25,373753.09375,391702.0,4,1.8334926572250265,HI,373753.09375,15665.78125,389418.875,323854.53125,54748.09375
test_id_test_id_000814_22,test_id_000814,436,high_degree,3,1,test_id_000814_t3_c1,big,big_1,2,1.8,1.06,435,115059.97,120002.421875,135348.546875,139606.890625,150176.390625,4,1.8334926572250265,HI,139606.890625,15665.78125,155272.671875,115059.96875,30173.96875
test_id_test_id_000814_23,test_id_000814,436,high_degree,3,2,test_id_000814_t3_c2,little,little_1,2,1.2,0.93,435,244906.14,249115.796875,271524.34375,278075.625,292866.4375,4,1.8334926572250265,HI,278075.625,15665.78125,293741.40625,244906.140625,43750.640625
test_id_test_id_000814_24,test_id_000814,436,high_degree,3,3,test_id_000814_t3_c3,big,big_1,3,2.2,1.15,435,93658.71,91355.859375,105794.015625,109750.859375,119730.390625,4,1.8334926572250265,HI,109750.859375,15665.78125,125416.640625,93658.7109375,28374.53125
test_id_test_id_000814_25,test_id_000814,436,high_degree,3,4,test_id_000814_t3_c4,little,little_0,3,1.5,1.0,435,156859.84,157857.8125,174945.09375,179932.140625,191728.25,4,1.8334926572250265,HI,179932.140625,15665.78125,195597.921875,156859.84375,33870.4375
test_id_test_id_000814_26,test_id_000814,436,high_degree,3,5,test_id_000814_t3_c5,big,big_1,0,1.0,0.9,435,190210.38,185624.0625,204374.34375,209990.359375,222932.84375,4,1.8334926572250265,HI,209990.359375,15665.78125,225656.140625,190210.375,37308.78125
test_id_test_id_000814_27,test_id_000814,436,high_degree,3,6,test_id_000814_t3_c6,little,little_1,0,0.6,0.8,435,385717.38,393765.34375,425428.0,434094.40625,452977.375,4,1.8334926572250265,HI,434094.40625,15665.78125,449760.1875,385717.375,59212.03125
test_id_test_id_000814_28,test_id_000814,231,communication_heavy,4,0,test_id_000814_t4_c0,big,big_0,2,1.8,1.06,230,217895.34,215122.34375,235557.0625,241638.15625,255476.78125,4,1.8334926572250265,HI,241638.15625,15665.78125,257303.9375,217895.34375,40354.4375
test_id_test_id_000814_29,test_id_000814,231,communication_heavy,4,1,test_id_000814_t4_c1,little,little_0,2,1.2,0.93,230,401996.53,397253.125,431100.125,440688.03125,461199.875,4,1.8334926572250265,HI,440688.03125,15665.78125,456353.8125,401996.53125,63946.75
test_id_test_id_000814_30,test_id_000814,231,communication_heavy,4,2,test_id_000814_t4_c2,big,big_0,3,2.2,1.15,230,256031.38,238212.65625,260091.015625,266569.59375,281201.34375,4,1.8334926572250265,HI,266569.59375,15665.78125,282235.375,256031.375,42988.6875
test_id_test_id_000814_31,test_id_000814,231,communication_heavy,4,3,test_id_000814_t4_c3,little,little_1,3,1.5,1.0,230,360351.44,328457.125,356577.1875,364567.625,382269.625,4,1.8334926572250265,HI,364567.625,15665.78125,380233.40625,360351.4375,53812.5
test_id_test_id_000814_32,test_id_000814,231,communication_heavy,4,4,test_id_000814_t4_c4,big,big_0,0,1.0,0.9,230,325769.84,320902.625,348354.09375,356142.65625,373498.5625,4,1.8334926572250265,HI,356142.65625,15665.78125,371808.4375,325769.84375,52595.9375
test_id_test_id_000814_33,test_id_000814,231,communication_heavy,4,5,test_id_000814_t4_c5,little,little_1,0,0.6,0.8,230,662975.75,665093.8125,719259.5,735684.0,763460.125,4,1.8334926572250265,HI,735684.0,15665.78125,751349.78125,662975.75,98366.3125
test_id_test_id_000814_34,test_id_000814,231,communication_heavy,4,6,test_id_000814_t4_c6,big,big_0,1,1.4,0.98,230,325389.22,315131.34375,342182.375,349882.3125,367038.625,4,1.8334926572250265,HI,349882.3125,15665.78125,365548.09375,325389.21875,51907.28125
test_id_test_id_000814_35,test_id_000814,423,random,5,0,test_id_000814_t5_c0,little,little_1,2,1.2,0.93,422,217938.39,230421.109375,251654.234375,257906.09375,272091.9375,4,1.8334926572250265,HI,257906.09375,15665.78125,273571.875,217938.390625,41670.828125
test_id_test_id_000814_36,test_id_000814,423,random,5,1,test_id_000814_t5_c1,big,big_1,3,2.2,1.15,422,131784.36,131263.4375,147101.65625,151533.203125,162400.109375,4,1.8334926572250265,HI,151533.203125,15665.78125,167198.984375,131784.359375,31136.671875
test_id_test_id_000814_37,test_id_000814,423,random,5,2,test_id_000814_t5_c2,little,little_1,3,1.5,1.0,422,205043.48,196329.46875,215528.875,221224.875,234317.078125,4,1.8334926572250265,HI,221224.875,15665.78125,236890.65625,205043.484375,37987.609375
test_id_test_id_000814_38,test_id_000814,423,random,5,3,test_id_000814_t5_c3,big,big_1,0,1.0,0.9,422,161011.86,169812.234375,187591.203125,192858.09375,205157.0,4,1.8334926572250265,HI,192858.09375,15665.78125,208523.875,161011.859375,35344.765625
test_id_test_id_000814_39,test_id_000814,423,random,5,4,test_id_000814_t5_c4,little,little_1,0,0.6,0.8,422,469756.4,460270.3125,497273.0625,507666.875,528863.8125,4,1.8334926572250265,HI,507666.875,15665.78125,523332.65625,469756.40625,68593.5
test_id_test_id_000814_40,test_id_000814,423,random,5,5,test_id_000814_t5_c5,big,big_1,1,1.4,0.98,422,151493.48,145419.09375,161829.9375,166545.234375,177871.375,4,1.8334926572250265,HI,166545.234375,15665.78125,182211.015625,151493.484375,32452.28125
test_id_test_id_000814_41,test_id_000814,423,random,5,6,test_id_000814_t5_c6,little,little_0,1,0.9,0.86,422,257210.72,254443.296875,277220.5,283849.21875,298841.46875,4,1.8334926572250265,HI,283849.21875,15665.78125,299515.0,257210.71875,44398.171875
test_id_test_id_000832_00,test_id_000832,1,source_like,0,0,test_id_000832_t0_c0,big,big_1,3,2.2,1.15,0,42930.598,44229.125,56906.046875,60630.609375,69407.34375,4,1.8334926572250265,LO,60630.609375,0.0,60630.609375,42930.59765625,25178.21875
test_id_test_id_000832_01,test_id_000832,1,source_like,0,1,test_id_000832_t0_c1,little,little_0,3,1.5,1.0,0,93625.74,94862.109375,109658.703125,113711.765625,123901.09375,4,1.8334926572250265,LO,113711.765625,0.0,113711.765625,93625.7421875,29038.984375
test_id_test_id_000832_02,test_id_000832,1,source_like,0,2,test_id_000832_t0_c2,big,big_0,0,1.0,0.9,0,94171.93,93550.921875,108494.1875,112643.53125,123017.53125,4,1.8334926572250265,LO,112643.53125,0.0,112643.53125,94171.9296875,29466.609375
test_id_test_id_000832_03,test_id_000832,1,source_like,0,3,test_id_000832_t0_c3,little,little_0,0,0.6,0.8,0,257625.4,253591.703125,277615.1875,284720.625,300929.75,4,1.8334926572250265,LO,284720.625,0.0,284720.625,257625.40625,47338.046875
test_id_test_id_000832_04,test_id_000832,1,source_like,0,4,test_id_000832_t0_c4,big,big_0,1,1.4,0.98,0,75781.375,73762.015625,87859.546875,91781.796875,101484.21875,4,1.8334926572250265,LO,91781.796875,0.0,91781.796875,75781.375,27722.203125
test_id_test_id_000832_05,test_id_000832,1,source_like,0,5,test_id_000832_t0_c5,little,little_0,1,0.9,0.86,0,169864.53,165842.71875,183854.890625,189261.0625,201867.625,4,1.8334926572250265,LO,189261.0625,0.0,189261.0625,169864.53125,36024.90625
test_id_test_id_000832_06,test_id_000832,1,source_like,0,6,test_id_000832_t0_c6,big,big_1,2,1.8,1.06,0,58639.62,56369.875,69615.015625,73415.5625,82575.734375,4,1.8334926572250265,LO,73415.5625,0.0,73415.5625,58639.62109375,26205.859375
test_id_test_id_000832_07,test_id_000832,147,sink_like,1,0,test_id_000832_t1_c0,little,little_1,3,1.5,1.0,146,285011.7,271959.34375,295911.40625,302860.625,318459.6875,4,1.8334926572250265,LO,302860.625,0.0,302860.625,285011.6875,46500.34375
test_id_test_id_000832_08,test_id_000832,147,sink_like,1,1,test_id_000832_t1_c1,big,big_0,0,1.0,0.9,146,367212.66,356606.8125,386989.40625,395579.625,414416.8125,4,1.8334926572250265,LO,395579.625,0.0,395579.625,367212.65625,57810.0
test_id_test_id_000832_09,test_id_000832,147,sink_like,1,2,test_id_000832_t1_c2,little,little_0,0,0.6,0.8,146,583039.0,572841.75,618329.25,631566.25,655634.375,4,1.8334926572250265,LO,631566.25,0.0,631566.25,583039.0,82792.625
test_id_test_id_000832_10,test_id_000832,147,sink_like,1,3,test_id_000832_t1_c3,big,big_0,1,1.4,0.98,146,256456.38,250984.5,273596.625,280224.21875,295166.65625,4,1.8334926572250265,LO,280224.21875,0.0,280224.21875,256456.375,44182.15625
test_id_test_id_000832_11,test_id_000832,147,sink_like,1,4,test_id_000832_t1_c4,little,little_1,1,0.9,0.86,146,426293.28,403182.625,437168.0625,446755.125,467232.5625,4,1.8334926572250265,LO,446755.125,0.0,446755.125,426293.28125,64049.9375
test_id_test_id_000832_12,test_id_000832,147,sink_like,1,5,test_id_000832_t1_c5,big,big_1,2,1.8,1.06,146,175673.98,172644.3125,190594.0625,195898.859375,208270.59375,4,1.8334926572250265,LO,195898.859375,0.0,195898.859375,175673.984375,35626.28125
test_id_test_id_000832_13,test_id_000832,147,sink_like,1,6,test_id_000832_t1_c6,little,little_0,2,1.2,0.93,146,374384.12,360986.5625,391722.28125,400413.40625,419410.9375,4,1.8334926572250265,LO,400413.40625,0.0,400413.40625,374384.125,58424.375
test_id_test_id_000832_14,test_id_000832,82,middle,2,0,test_id_000832_t2_c0,big,big_0,0,1.0,0.9,81,176084.1,184100.859375,202796.625,208403.390625,221335.25,4,1.8334926572250265,LO,208403.390625,0.0,208403.390625,176084.09375,37234.390625
test_id_test_id_000832_15,test_id_000832,82,middle,2,1,test_id_000832_t2_c1,little,little_1,0,0.6,0.8,81,399981.78,421075.75,454905.25,464263.8125,484103.3125,4,1.8334926572250265,LO,464263.8125,0.0,464263.8125,399981.78125,63027.5625
test_id_test_id_000832_16,test_id_000832,82,middle,2,2,test_id_000832_t2_c2,big,big_0,1,1.4,0.98,81,151133.73,149587.65625,166266.453125,171087.625,182605.6875,4,1.8334926572250265,LO,171087.625,0.0,171087.625,151133.734375,33018.03125
test_id_test_id_000832_17,test_id_000832,82,middle,2,3,test_id_000832_t2_c3,little,little_0,1,0.9,0.86,81,255908.86,244850.125,267061.0625,273562.09375,288288.1875,4,1.8334926572250265,LO,273562.09375,0.0,273562.09375,255908.859375,43438.0625
test_id_test_id_000832_18,test_id_000832,82,middle,2,4,test_id_000832_t2_c4,big,big_1,2,1.8,1.06,81,123522.266,123927.078125,139443.46875,143760.171875,154431.84375,4,1.8334926572250265,LO,143760.171875,0.0,143760.171875,123522.265625,30504.765625
test_id_test_id_000832_19,test_id_000832,82,middle,2,5,test_id_000832_t2_c5,little,little_0,2,1.2,0.93,81,187027.6,191937.0,210951.9375,216621.53125,229658.515625,4,1.8334926572250265,LO,216621.53125,0.0,216621.53125,187027.59375,37721.515625
test_id_test_id_000832_20,test_id_000832,82,middle,2,6,test_id_000832_t2_c6,big,big_1,3,2.2,1.15,81,101549.34,97807.765625,112486.578125,116493.765625,126605.03125,4,1.8334926572250265,LO,116493.765625,0.0,116493.765625,101549.34375,28797.265625
test_id_test_id_000832_21,test_id_000832,45,high_degree,3,0,test_id_000832_t3_c0,little,little_0,0,0.6,0.8,44,779969.75,782049.9375,847924.3125,867622.6875,901971.6875,4,1.8334926572250265,LO,867622.6875,0.0,867622.6875,779969.75,119921.75
test_id_test_id_000832_22,test_id_000832,45,high_degree,3,1,test_id_000832_t3_c1,big,big_1,1,1.4,0.98,44,264306.0,252996.703125,275772.0,282452.5625,297503.6875,4,1.8334926572250265,LO,282452.5625,0.0,282452.5625,264306.0,44506.984375
test_id_test_id_000832_23,test_id_000832,45,high_degree,3,2,test_id_000832_t3_c2,little,little_0,1,0.9,0.86,44,533490.4,526833.375,571152.75,584023.625,608770.25,4,1.8334926572250265,LO,584023.625,0.0,584023.625,533490.375,81936.875
test_id_test_id_000832_24,test_id_000832,45,high_degree,3,3,test_id_000832_t3_c3,big,big_1,2,1.8,1.06,44,231435.22,238912.609375,260831.4375,267318.25,281962.5625,4,1.8334926572250265,LO,267318.25,0.0,267318.25,231435.21875,43049.953125
test_id_test_id_000832_25,test_id_000832,45,high_degree,3,4,test_id_000832_t3_c4,little,little_1,2,1.2,0.93,44,347046.2,333328.1875,361720.28125,369764.875,387585.9375,4,1.8334926572250265,LO,369764.875,0.0,369764.875,347046.1875,54257.75
test_id_test_id_000832_26,test_id_000832,45,high_degree,3,5,test_id_000832_t3_c5,big,big_0,3,2.2,1.15,44,192044.5,197131.71875,216642.40625,222498.1875,235906.65625,4,1.8334926572250265,LO,222498.1875,0.0,222498.1875,192044.5,38774.9375
test_id_test_id_000832_27,test_id_000832,45,high_degree,3,6,test_id_000832_t3_c6,little,little_1,3,1.5,1.0,44,293424.88,292221.03125,317595.375,324897.0625,341229.53125,4,1.8334926572250265,LO,324897.0625,0.0,324897.0625,293424.875,49008.5
test_id_test_id_000832_28,test_id_000832,96,communication_heavy,4,0,test_id_000832_t4_c0,big,big_1,1,1.4,0.98,95,237305.98,228946.625,250152.84375,256415.234375,270621.375,4,1.8334926572250265,LO,256415.234375,0.0,256415.234375,237305.984375,41674.75
test_id_test_id_000832_29,test_id_000832,96,communication_heavy,4,1,test_id_000832_t4_c1,little,little_0,1,0.9,0.86,95,507171.0,494896.21875,536901.625,549041.625,573026.625,4,1.8334926572250265,LO,549041.625,0.0,549041.625,507171.0,78130.40625
test_id_test_id_000832_30,test_id_000832,96,communication_heavy,4,2,test_id_000832_t4_c2,big,big_1,2,1.8,1.06,95,232978.95,222042.546875,242902.421875,249106.875,263183.1875,4,1.8334926572250265,LO,249106.875,0.0,249106.875,232978.953125,41140.640625
test_id_test_id_000832_31,test_id_000832,96,communication_heavy,4,3,test_id_000832_t4_c3,little,little_0,2,1.2,0.93,95,269616.72,278550.875,302905.59375,309930.28125,325709.75,4,1.8334926572250265,LO,309930.28125,0.0,309930.28125,269616.71875,47158.875
test_id_test_id_000832_32,test_id_000832,96,communication_heavy,4,4,test_id_000832_t4_c4,big,big_0,3,2.2,1.15,95,189493.64,181899.765625,200421.03125,205929.78125,218680.8125,4,1.8334926572250265,LO,205929.78125,0.0,205929.78125,189493.640625,36781.046875
test_id_test_id_000832_33,test_id_000832,96,communication_heavy,4,5,test_id_000832_t4_c5,little,little_0,3,1.5,1.0,95,279076.84,266545.21875,290108.71875,296953.125,312341.84375,4,1.8334926572250265,LO,296953.125,0.0,296953.125,279076.84375,45796.625
test_id_test_id_000832_34,test_id_000832,96,communication_heavy,4,6,test_id_000832_t4_c6,big,big_0,0,1.0,0.9,95,312662.2,324636.09375,352393.3125,360264.65625,377773.78125,4,1.8334926572250265,LO,360264.65625,0.0,360264.65625,312662.1875,53137.6875
test_id_test_id_000832_35,test_id_000832,90,random,5,0,test_id_000832_t5_c0,little,little_0,1,0.9,0.86,89,281288.72,268590.78125,292245.1875,299063.1875,314457.25,4,1.8334926572250265,LO,299063.1875,0.0,299063.1875,281288.71875,45866.46875
test_id_test_id_000832_36,test_id_000832,90,random,5,1,test_id_000832_t5_c1,big,big_1,2,1.8,1.06,89,106312.94,102789.296875,117605.75,121664.0625,131882.21875,4,1.8334926572250265,LO,121664.0625,0.0,121664.0625,106312.9375,29092.921875
test_id_test_id_000832_37,test_id_000832,90,random,5,2,test_id_000832_t5_c2,little,little_1,2,1.2,0.93,89,156044.2,161622.65625,178928.40625,184011.28125,195983.015625,4,1.8334926572250265,LO,184011.28125,0.0,184011.28125,156044.203125,34360.359375
test_id_test_id_000832_38,test_id_000832,90,random,5,3,test_id_000832_t5_c3,big,big_0,3,2.2,1.15,89,94658.77,88413.96875,102814.3125,106750.90625,116671.03125,4,1.8334926572250265,LO,106750.90625,0.0,106750.90625,94658.7734375,28257.0625
test_id_test_id_000832_39,test_id_000832,90,random,5,4,test_id_000832_t5_c4,little,little_0,3,1.5,1.0,89,179852.83,173146.1875,191039.203125,196312.53125,208625.953125,4,1.8334926572250265,LO,196312.53125,0.0,196312.53125,179852.828125,35479.765625
test_id_test_id_000832_40,test_id_000832,90,random,5,5,test_id_000832_t5_c5,big,big_0,0,1.0,0.9,89,195857.42,182319.96875,200877.421875,206423.734375,219250.6875,4,1.8334926572250265,LO,206423.734375,0.0,206423.734375,195857.421875,36930.71875
test_id_test_id_000832_41,test_id_000832,90,random,5,6,test_id_000832_t5_c6,little,little_1,0,0.6,0.8,89,297567.97,301393.0,327580.1875,334935.5,351776.90625,4,1.8334926572250265,LO,334935.5,0.0,334935.5,297567.96875,50383.90625
test_id_test_id_000844_00,test_id_000844,5,source_like,0,0,test_id_000844_t0_c0,little,little_0,3,1.5,1.0,4,105348.69,102635.859375,117613.140625,121720.328125,132040.734375,4,1.8334926572250265,HI,121720.328125,15665.78125,137386.109375,105348.6875,29404.875
test_id_test_id_000844_01,test_id_000844,5,source_like,0,1,test_id_000844_t0_c1,big,big_0,0,1.0,0.9,4,102518.71,99687.0625,114777.609375,118981.453125,129484.03125,4,1.8334926572250265,HI,118981.453125,15665.78125,134647.234375,102518.7109375,29796.96875
test_id_test_id_000844_02,test_id_000844,5,source_like,0,2,test_id_000844_t0_c2,little,little_0,0,0.6,0.8,4,273764.75,271397.28125,296243.25,303411.71875,319845.96875,4,1.8334926572250265,HI,303411.71875,15665.78125,319077.5,273764.75,48448.6875
test_id_test_id_000844_03,test_id_000844,5,source_like,0,3,test_id_000844_t0_c3,big,big_0,1,1.4,0.98,4,74425.47,77496.0,91706.515625,95649.515625,105451.234375,4,1.8334926572250265,HI,95649.515625,15665.78125,111315.296875,74425.46875,27955.234375
test_id_test_id_000844_04,test_id_000844,5,source_like,0,4,test_id_000844_t0_c4,little,little_0,1,0.9,0.86,4,164891.11,166211.375,184419.15625,189919.6875,202704.46875,4,1.8334926572250265,HI,189919.6875,15665.78125,205585.46875,164891.109375,36493.09375
test_id_test_id_000844_05,test_id_000844,5,source_like,0,5,test_id_000844_t0_c5,big,big_0,2,1.8,1.06,4,58700.266,58840.40625,72196.359375,76009.953125,85245.03125,4,1.8334926572250265,HI,76009.953125,15665.78125,91675.734375,58700.265625,26404.625
test_id_test_id_000844_06,test_id_000844,5,source_like,0,6,test_id_000844_t0_c6,little,little_1,2,1.2,0.93,4,122362.93,125704.59375,141434.328125,145905.671875,156847.40625,4,1.8334926572250265,HI,145905.671875,15665.78125,161571.453125,122362.9296875,31142.8125
test_id_test_id_000844_07,test_id_000844,65,sink_like,1,0,test_id_000844_t1_c0,big,big_0,0,1.0,0.9,64,299368.78,296972.90625,322653.96875,329998.875,346456.96875,4,1.8334926572250265,HI,329998.875,15665.78125,345664.65625,299368.78125,49484.0625
test_id_test_id_000844_08,test_id_000844,65,sink_like,1,1,test_id_000844_t1_c1,little,little_1,0,0.6,0.8,64,549659.2,555071.375,598948.5,611606.625,635026.875,4,1.8334926572250265,HI,611606.625,15665.78125,627272.40625,549659.1875,79955.5
test_id_test_id_000844_09,test_id_000844,65,sink_like,1,2,test_id_000844_t1_c2,big,big_0,1,1.4,0.98,64,218342.39,214804.640625,235215.9375,241291.53125,255117.890625,4,1.8334926572250265,HI,241291.53125,15665.78125,256957.3125,218342.390625,40313.25
test_id_test_id_000844_10,test_id_000844,65,sink_like,1,3,test_id_000844_t1_c3,little,little_1,1,0.9,0.86,64,438357.34,467880.5,507503.96875,518861.03125,541855.0,4,1.8334926572250265,HI,518861.03125,15665.78125,534526.8125,438357.34375,73974.5
test_id_test_id_000844_11,test_id_000844,65,sink_like,1,4,test_id_000844_t1_c4,big,big_1,2,1.8,1.06,64,151530.23,160538.9375,177774.6875,182810.96875,194699.09375,4,1.8334926572250265,HI,182810.96875,15665.78125,198476.75,151530.234375,34160.15625
test_id_test_id_000844_12,test_id_000844,65,sink_like,1,5,test_id_000844_t1_c5,little,little_1,2,1.2,0.93,64,320985.9,319268.40625,346615.25,354395.75,371691.3125,4,1.8334926572250265,HI,354395.75,15665.78125,370061.53125,320985.90625,52422.90625
test_id_test_id_000844_13,test_id_000844,65,sink_like,1,6,test_id_000844_t1_c6,big,big_1,3,2.2,1.15,64,116158.27,123638.1875,138998.359375,143298.09375,153910.46875,4,1.8334926572250265,HI,143298.09375,15665.78125,158963.875,116158.2734375,30272.28125
test_id_test_id_000844_14,test_id_000844,176,middle,2,0,test_id_000844_t2_c0,little,little_0,0,0.6,0.8,175,477154.94,467156.25,504829.09375,515446.40625,536993.3125,4,1.8334926572250265,HI,515446.40625,15665.78125,531112.1875,477154.9375,69837.0625
test_id_test_id_000844_15,test_id_000844,176,middle,2,1,test_id_000844_t2_c1,big,big_1,1,1.4,0.98,175,230357.12,231349.25,252657.453125,258937.5625,273171.15625,4,1.8334926572250265,HI,258937.5625,15665.78125,274603.34375,230357.125,41821.90625
test_id_test_id_000844_16,test_id_000844,176,middle,2,2,test_id_000844_t2_c2,little,little_1,1,0.9,0.86,175,309122.8,309616.65625,336157.375,343704.78125,360574.875,4,1.8334926572250265,HI,343704.78125,15665.78125,359370.5625,309122.8125,50958.21875
test_id_test_id_000844_17,test_id_000844,176,middle,2,3,test_id_000844_t2_c3,big,big_0,2,1.8,1.06,175,142951.8,146615.0,163054.71875,167775.53125,179108.625,4,1.8334926572250265,HI,167775.53125,15665.78125,183441.3125,142951.796875,32493.625
test_id_test_id_000844_18,test_id_000844,176,middle,2,4,test_id_000844_t2_c4,little,little_0,2,1.2,0.93,175,313348.7,311341.5,338116.21875,345746.0625,362750.96875,4,1.8334926572250265,HI,345746.0625,15665.78125,361411.84375,313348.6875,51409.46875
test_id_test_id_000844_19,test_id_000844,176,middle,2,5,test_id_000844_t2_c5,big,big_0,3,2.2,1.15,175,128985.4,121812.375,137124.71875,141388.65625,151949.328125,4,1.8334926572250265,HI,141388.65625,15665.78125,157054.4375,128985.3984375,30136.953125
test_id_test_id_000844_20,test_id_000844,176,middle,2,6,test_id_000844_t2_c6,little,little_0,3,1.5,1.0,175,231309.33,226158.40625,247099.9375,253267.578125,267286.0,4,1.8334926572250265,HI,253267.578125,15665.78125,268933.359375,231309.328125,41127.59375
test_id_test_id_000844_21,test_id_000844,59,high_degree,3,0,test_id_000844_t3_c0,big,big_1,1,1.4,0.98,58,126803.03,150375.4375,167127.15625,171993.5,183593.28125,4,1.8334926572250265,HI,171993.5,15665.78125,187659.28125,126803.03125,33217.84375
test_id_test_id_000844_22,test_id_000844,59,high_degree,3,1,test_id_000844_t3_c1,little,little_1,1,0.9,0.86,58,218099.39,261318.546875,284499.09375,291205.4375,306357.53125,4,1.8334926572250265,HI,291205.4375,15665.78125,306871.21875,218099.390625,45038.984375
test_id_test_id_000844_23,test_id_000844,59,high_degree,3,2,test_id_000844_t3_c2,big,big_1,2,1.8,1.06,58,105934.97,114495.9375,129685.46875,133880.046875,144346.84375,4,1.8334926572250265,HI,133880.046875,15665.78125,149545.828125,105934.96875,29850.90625
test_id_test_id_000844_24,test_id_000844,59,high_degree,3,3,test_id_000844_t3_c3,little,little_1,2,1.2,0.93,58,151109.1,171609.90625,189386.6875,194625.34375,206871.75,4,1.8334926572250265,HI,194625.34375,15665.78125,210291.125,151109.09375,35261.84375
test_id_test_id_000844_25,test_id_000844,59,high_degree,3,4,test_id_000844_t3_c4,big,big_1,3,2.2,1.15,58,74023.25,86927.453125,101274.140625,105199.59375,115083.90625,4,1.8334926572250265,HI,105199.59375,15665.78125,120865.375,74023.25,28156.453125
test_id_test_id_000844_26,test_id_000844,59,high_degree,3,5,test_id_000844_t3_c5,little,little_0,3,1.5,1.0,58,116861.45,134351.34375,150221.734375,154714.4375,165665.0625,4,1.8334926572250265,HI,154714.4375,15665.78125,170380.21875,116861.453125,31313.71875
test_id_test_id_000844_27,test_id_000844,59,high_degree,3,6,test_id_000844_t3_c6,big,big_0,0,1.0,0.9,58,125229.55,151374.40625,168310.0,173268.03125,185048.34375,4,1.8334926572250265,HI,173268.03125,15665.78125,188933.8125,125229.546875,33673.9375
test_id_test_id_000844_28,test_id_000844,197,communication_heavy,4,0,test_id_000844_t4_c0,little,little_1,1,0.9,0.86,196,345805.28,343521.0625,372769.09375,381038.59375,399290.25,4,1.8334926572250265,HI,381038.59375,15665.78125,396704.375,345805.28125,55769.1875
test_id_test_id_000844_29,test_id_000844,197,communication_heavy,4,1,test_id_000844_t4_c1,big,big_1,2,1.8,1.06,196,156368.67,149885.125,166477.90625,171258.28125,182693.625,4,1.8334926572250265,HI,171258.28125,15665.78125,186924.0625,156368.671875,32808.5
test_id_test_id_000844_30,test_id_000844,197,communication_heavy,4,2,test_id_000844_t4_c2,little,little_1,2,1.2,0.93,196,235322.5,242415.40625,264337.6875,270737.6875,285244.5,4,1.8334926572250265,HI,270737.6875,15665.78125,286403.46875,235322.5,42829.09375
test_id_test_id_000844_31,test_id_000844,197,communication_heavy,4,3,test_id_000844_t4_c3,big,big_0,3,2.2,1.15,196,144539.22,142683.84375,158959.71875,163602.4375,174808.03125,4,1.8334926572250265,HI,163602.4375,15665.78125,179268.21875,144539.21875,32124.1875
test_id_test_id_000844_32,test_id_000844,197,communication_heavy,4,4,test_id_000844_t4_c4,little,little_0,3,1.5,1.0,196,253866.48,240253.46875,262057.421875,268443.1875,282898.9375,4,1.8334926572250265,HI,268443.1875,15665.78125,284108.96875,253866.484375,42645.46875
test_id_test_id_000844_33,test_id_000844,197,communication_heavy,4,5,test_id_000844_t4_c5,big,big_0,0,1.0,0.9,196,303742.38,287108.875,312052.90625,319195.0625,335251.375,4,1.8334926572250265,HI,319195.0625,15665.78125,334860.84375,303742.375,48142.5
test_id_test_id_000844_34,test_id_000844,197,communication_heavy,4,6,test_id_000844_t4_c6,little,little_1,0,0.6,0.8,196,396353.38,394808.6875,427219.1875,436233.71875,455729.0625,4,1.8334926572250265,HI,436233.71875,15665.78125,451899.5,396353.375,60920.375
test_id_test_id_000844_35,test_id_000844,192,random,5,0,test_id_000844_t5_c0,big,big_0,2,1.8,1.06,191,112846.01,117740.484375,133080.03125,137306.734375,147838.03125,4,1.8334926572250265,HI,137306.734375,15665.78125,152972.515625,112846.0078125,30097.546875
test_id_test_id_000844_36,test_id_000844,192,random,5,1,test_id_000844_t5_c1,little,little_0,2,1.2,0.93,191,192012.05,184725.6875,203373.25,208947.734375,221802.21875,4,1.8334926572250265,HI,208947.734375,15665.78125,224613.515625,192012.046875,37076.53125
test_id_test_id_000844_37,test_id_000844,192,random,5,2,test_id_000844_t5_c2,big,big_1,3,2.2,1.15,191,85441.53,85519.390625,99852.9375,103779.53125,113655.078125,4,1.8334926572250265,HI,103779.53125,15665.78125,119445.3125,85441.53125,28135.6875
test_id_test_id_000844_38,test_id_000844,192,random,5,3,test_id_000844_t5_c3,little,little_0,3,1.5,1.0,191,172210.61,162067.59375,179386.03125,184454.34375,196399.25,4,1.8334926572250265,HI,184454.34375,15665.78125,200120.125,172210.609375,34331.65625
test_id_test_id_000844_39,test_id_000844,192,random,5,4,test_id_000844_t5_c4,big,big_0,0,1.0,0.9,191,163038.47,170932.6875,188885.59375,194238.40625,206708.46875,4,1.8334926572250265,HI,194238.40625,15665.78125,209904.1875,163038.46875,35775.78125
test_id_test_id_000844_40,test_id_000844,192,random,5,5,test_id_000844_t5_c5,little,little_1,0,0.6,0.8,191,398947.47,366405.5625,395782.25,403685.5,421368.40625,4,1.8334926572250265,HI,403685.5,15665.78125,419351.28125,398947.46875,54962.84375
test_id_test_id_000844_41,test_id_000844,192,random,5,6,test_id_000844_t5_c6,big,big_1,1,1.4,0.98,191,116555.81,117619.203125,132921.4375,137175.390625,147743.984375,4,1.8334926572250265,HI,137175.390625,15665.78125,152841.171875,116555.8125,30124.78125
test_id_test_id_000862_00,test_id_000862,11,source_like,0,0,test_id_000862_t0_c0,big,big_0,0,1.0,0.9,10,154678.6,153649.53125,170751.125,175803.625,187738.875,4,1.8334926572250265,LO,175803.625,0.0,175803.625,154678.59375,34089.34375
test_id_test_id_000862_01,test_id_000862,11,source_like,0,1,test_id_000862_t0_c1,little,little_0,0,0.6,0.8,10,402394.88,371213.5,400043.875,407592.40625,424563.625,4,1.8334926572250265,LO,407592.40625,0.0,407592.40625,402394.875,53350.125
test_id_test_id_000862_02,test_id_000862,11,source_like,0,2,test_id_000862_t0_c2,big,big_0,1,1.4,0.98,10,114947.59,105445.65625,120374.578125,124525.6875,134909.625,4,1.8334926572250265,LO,124525.6875,0.0,124525.6875,114947.59375,29463.96875
test_id_test_id_000862_03,test_id_000862,11,source_like,0,3,test_id_000862_t0_c3,little,little_1,1,0.9,0.86,10,253664.7,233589.390625,255277.171875,261716.78125,276278.21875,4,1.8334926572250265,LO,261716.78125,0.0,261716.78125,253664.703125,42688.828125
test_id_test_id_000862_04,test_id_000862,11,source_like,0,4,test_id_000862_t0_c4,big,big_1,2,1.8,1.06,10,83603.19,78095.59375,92148.890625,96067.640625,105842.203125,4,1.8334926572250265,LO,96067.640625,0.0,96067.640625,83603.1875,27746.609375
test_id_test_id_000862_05,test_id_000862,11,source_like,0,5,test_id_000862_t0_c5,little,little_0,2,1.2,0.93,10,204597.39,189812.984375,208642.53125,214245.5625,227146.4375,4,1.8334926572250265,LO,214245.5625,0.0,214245.5625,204597.390625,37333.453125
test_id_test_id_000862_06,test_id_000862,11,source_like,0,6,test_id_000862_t0_c6,big,big_0,3,2.2,1.15,10,78495.484,75547.703125,89581.25,93488.578125,103209.875,4,1.8334926572250265,LO,93488.578125,0.0,93488.578125,78495.484375,27662.171875
test_id_test_id_000862_07,test_id_000862,166,sink_like,1,0,test_id_000862_t1_c0,little,little_1,0,0.6,0.8,165,606920.8,646285.5,697534.875,712865.625,739023.375,4,1.8334926572250265,LO,712865.625,0.0,712865.625,606920.8125,92737.875
test_id_test_id_000862_08,test_id_000862,166,sink_like,1,1,test_id_000862_t1_c1,big,big_0,1,1.4,0.98,165,242201.89,253850.890625,276676.53125,283367.65625,298443.625,4,1.8334926572250265,LO,283367.65625,0.0,283367.65625,242201.890625,44592.734375
test_id_test_id_000862_09,test_id_000862,166,sink_like,1,2,test_id_000862_t1_c2,little,little_1,1,0.9,0.86,165,465268.56,528549.875,572819.4375,585663.5,610307.625,4,1.8334926572250265,LO,585663.5,0.0,585663.5,465268.5625,81757.75
test_id_test_id_000862_10,test_id_000862,166,sink_like,1,3,test_id_000862_t1_c3,big,big_1,2,1.8,1.06,165,208605.11,231038.8125,252513.109375,258900.96875,273342.78125,4,1.8334926572250265,LO,258900.96875,0.0,258900.96875,208605.109375,42303.96875
test_id_test_id_000862_11,test_id_000862,166,sink_like,1,4,test_id_000862_t1_c4,little,little_0,2,1.2,0.93,165,428416.75,436054.5625,473328.59375,483974.25,506092.8125,4,1.8334926572250265,LO,483974.25,0.0,483974.25,428416.75,70038.25
test_id_test_id_000862_12,test_id_000862,166,sink_like,1,5,test_id_000862_t1_c5,big,big_0,3,2.2,1.15,165,150004.88,163064.375,180445.953125,185542.640625,197539.03125,4,1.8334926572250265,LO,185542.640625,0.0,185542.640625,150004.875,34474.65625
test_id_test_id_000862_13,test_id_000862,166,sink_like,1,6,test_id_000862_t1_c6,little,little_0,3,1.5,1.0,165,323716.9,344444.28125,373865.375,382203.84375,400571.1875,4,1.8334926572250265,LO,382203.84375,0.0,382203.84375,323716.90625,56126.90625
test_id_test_id_000862_14,test_id_000862,163,middle,2,0,test_id_000862_t2_c0,big,big_0,1,1.4,0.98,162,237579.86,240197.171875,262136.34375,268601.5625,283211.59375,4,1.8334926572250265,LO,268601.5625,0.0,268601.5625,237579.859375,43014.421875
test_id_test_id_000862_15,test_id_000862,163,middle,2,1,test_id_000862_t2_c1,little,little_1,1,0.9,0.86,162,471372.06,469775.4375,509376.9375,520698.625,543621.25,4,1.8334926572250265,LO,520698.625,0.0,520698.625,471372.0625,73845.8125
test_id_test_id_000862_16,test_id_000862,163,middle,2,2,test_id_000862_t2_c2,big,big_1,2,1.8,1.06,162,220602.69,228495.34375,249773.265625,256097.0625,270410.5625,4,1.8334926572250265,LO,256097.0625,0.0,256097.0625,220602.6875,41915.21875
test_id_test_id_000862_17,test_id_000862,163,middle,2,3,test_id_000862_t2_c3,little,little_1,2,1.2,0.93,162,349782.3,352786.625,382789.15625,391271.125,409896.25,4,1.8334926572250265,LO,391271.125,0.0,391271.125,349782.3125,57109.625
test_id_test_id_000862_18,test_id_000862,163,middle,2,4,test_id_000862_t2_c4,big,big_1,3,2.2,1.15,162,186038.48,211439.71875,231739.609375,237820.21875,251651.984375,4,1.8334926572250265,LO,237820.21875,0.0,237820.21875,186038.484375,40212.265625
test_id_test_id_000862_19,test_id_000862,163,middle,2,5,test_id_000862_t2_c5,little,little_1,3,1.5,1.0,162,255836.08,256262.65625,279181.84375,285881.28125,300970.15625,4,1.8334926572250265,LO,285881.28125,0.0,285881.28125,255836.078125,44707.5
test_id_test_id_000862_20,test_id_000862,163,middle,2,6,test_id_000862_t2_c6,big,big_1,0,1.0,0.9,162,304908.8,316749.8125,343876.8125,351586.21875,368777.65625,4,1.8334926572250265,LO,351586.21875,0.0,351586.21875,304908.8125,52027.84375
test_id_test_id_000862_21,test_id_000862,61,random,3,0,test_id_000862_t3_c0,little,little_1,1,0.9,0.86,60,129698.625,148238.84375,165548.46875,170701.96875,182896.765625,4,1.8334926572250265,LO,170701.96875,0.0,170701.96875,129698.625,34657.921875
test_id_test_id_000862_22,test_id_000862,61,random,3,1,test_id_000862_t3_c1,big,big_0,2,1.8,1.06,60,54155.95,56032.671875,69282.5625,73105.203125,82310.875,4,1.8334926572250265,LO,73105.203125,0.0,73105.203125,54155.94921875,26278.203125
test_id_test_id_000862_23,test_id_000862,61,random,3,2,test_id_000862_t3_c2,little,little_0,2,1.2,0.93,60,108811.69,119437.65625,135025.734375,139433.609375,150298.4375,4,1.8334926572250265,LO,139433.609375,0.0,139433.609375,108811.6875,30860.78125
test_id_test_id_000862_24,test_id_000862,61,random,3,3,test_id_000862_t3_c3,big,big_0,3,2.2,1.15,60,38644.457,46726.859375,59551.921875,63308.296875,72197.234375,4,1.8334926572250265,LO,63308.296875,0.0,63308.296875,38644.45703125,25470.375
test_id_test_id_000862_25,test_id_000862,61,random,3,4,test_id_000862_t3_c4,little,little_0,3,1.5,1.0,60,82840.51,89654.84375,104231.625,108268.90625,118389.578125,4,1.8334926572250265,LO,108268.90625,0.0,108268.90625,82840.5078125,28734.734375
test_id_test_id_000862_26,test_id_000862,61,random,3,5,test_id_000862_t3_c5,big,big_0,0,1.0,0.9,60,101786.95,111361.078125,126945.75,131395.25,142386.65625,4,1.8334926572250265,LO,131395.25,0.0,131395.25,101786.953125,31025.578125
test_id_test_id_000862_27,test_id_000862,61,random,3,6,test_id_000862_t3_c6,little,little_0,0,0.6,0.8,60,214734.61,247906.8125,271865.90625,279050.15625,295450.65625,4,1.8334926572250265,LO,279050.15625,0.0,279050.15625,214734.609375,47543.84375
test_id_test_id_000862_28,test_id_000862,14,diverse_fill_1,4,0,test_id_000862_t4_c0,big,big_0,2,1.8,1.06,13,44065.77,44654.5,57471.71875,61275.625,70213.125,4,1.8334926572250265,LO,61275.625,0.0,61275.625,44065.76953125,25558.625
test_id_test_id_000862_29,test_id_000862,14,diverse_fill_1,4,1,test_id_000862_t4_c1,little,little_1,2,1.2,0.93,13,102620.1,99311.984375,114335.390625,118515.890625,128978.390625,4,1.8334926572250265,LO,118515.890625,0.0,118515.890625,102620.1015625,29666.40625
test_id_test_id_000862_30,test_id_000862,14,diverse_fill_1,4,2,test_id_000862_t4_c2,big,big_0,3,2.2,1.15,13,35884.17,37369.96875,49910.796875,53689.5625,62430.34375,4,1.8334926572250265,LO,53689.5625,0.0,53689.5625,35884.171875,25060.375
test_id_test_id_000862_31,test_id_000862,14,diverse_fill_1,4,3,test_id_000862_t4_c3,little,little_0,3,1.5,1.0,13,78976.46,77290.703125,91574.234375,95532.640625,105360.28125,4,1.8334926572250265,LO,95532.640625,0.0,95532.640625,78976.4609375,28069.578125
test_id_test_id_000862_32,test_id_000862,14,diverse_fill_1,4,4,test_id_000862_t4_c4,big,big_1,0,1.0,0.9,13,75911.95,81021.953125,95618.453125,99710.8125,109859.140625,4,1.8334926572250265,LO,99710.8125,0.0,99710.8125,75911.953125,28837.1875
test_id_test_id_000862_33,test_id_000862,14,diverse_fill_1,4,5,test_id_000862_t4_c5,little,little_0,0,0.6,0.8,13,185903.14,176029.25,195428.109375,201379.125,215078.4375,4,1.8334926572250265,LO,201379.125,0.0,201379.125,185903.140625,39049.1875
test_id_test_id_000862_34,test_id_000862,14,diverse_fill_1,4,6,test_id_000862_t4_c6,big,big_1,1,1.4,0.98,13,54977.863,54509.96875,67756.984375,71598.015625,80802.046875,4,1.8334926572250265,LO,71598.015625,0.0,71598.015625,54977.86328125,26292.078125
test_id_test_id_000862_35,test_id_000862,105,diverse_fill_2,5,0,test_id_000862_t5_c0,little,little_0,2,1.2,0.93,104,149902.39,134594.125,150738.078125,155383.53125,166629.125,4,1.8334926572250265,LO,155383.53125,0.0,155383.53125,149902.390625,32035.0
test_id_test_id_000862_36,test_id_000862,105,diverse_fill_2,5,1,test_id_000862_t5_c1,big,big_0,3,2.2,1.15,104,54080.15,52529.46875,65565.0625,69328.625,78349.625,4,1.8334926572250265,LO,69328.625,0.0,69328.625,54080.1484375,25820.15625
test_id_test_id_000862_37,test_id_000862,105,diverse_fill_2,5,2,test_id_000862_t5_c2,little,little_1,3,1.5,1.0,104,114547.15,107269.171875,122341.40625,126503.453125,136925.328125,4,1.8334926572250265,LO,126503.453125,0.0,126503.453125,114547.1484375,29656.15625
test_id_test_id_000862_38,test_id_000862,105,diverse_fill_2,5,3,test_id_000862_t5_c3,big,big_1,0,1.0,0.9,104,115916.61,108258.515625,123648.28125,127995.34375,138783.15625,4,1.8334926572250265,LO,127995.34375,0.0,127995.34375,115916.609375,30524.640625
test_id_test_id_000862_39,test_id_000862,105,diverse_fill_2,5,4,test_id_000862_t5_c4,little,little_0,0,0.6,0.8,104,284895.22,272640.9375,297659.78125,304883.90625,321521.03125,4,1.8334926572250265,LO,304883.90625,0.0,304883.90625,284895.21875,48880.09375
test_id_test_id_000862_40,test_id_000862,105,diverse_fill_2,5,5,test_id_000862_t5_c5,big,big_0,1,1.4,0.98,104,81437.4,76560.25,90694.734375,94643.046875,104446.265625,4,1.8334926572250265,LO,94643.046875,0.0,94643.046875,81437.3984375,27886.015625
test_id_test_id_000862_41,test_id_000862,105,diverse_fill_2,5,6,test_id_000862_t5_c6,little,little_1,1,0.9,0.86,104,189544.73,180336.1875,199342.234375,205130.125,218458.125,4,1.8334926572250265,LO,205130.125,0.0,205130.125,189544.734375,38121.9375
test_id_test_id_000871_00,test_id_000871,51,source_like,0,0,test_id_000871_t0_c0,big,big_1,1,1.4,0.98,50,50573.105,47516.421875,60511.171875,64364.671875,73453.671875,4,1.8334926572250265,HI,64364.671875,15665.78125,80030.453125,50573.10546875,25937.25
test_id_test_id_000871_01,test_id_000871,51,source_like,0,1,test_id_000871_t0_c1,little,little_1,1,0.9,0.86,50,98897.586,97861.390625,112905.96875,117137.78125,127684.5625,4,1.8334926572250265,HI,117137.78125,15665.78125,132803.5625,98897.5859375,29823.171875
test_id_test_id_000871_02,test_id_000871,51,source_like,0,2,test_id_000871_t0_c2,big,big_0,2,1.8,1.06,50,39719.785,38031.125,50672.875,54526.1875,63438.265625,4,1.8334926572250265,HI,54526.1875,15665.78125,70191.96875,39719.78515625,25407.140625
test_id_test_id_000871_03,test_id_000871,51,source_like,0,3,test_id_000871_t0_c3,little,little_1,2,1.2,0.93,50,82598.96,76229.0,90581.1875,94595.484375,104517.9375,4,1.8334926572250265,HI,94595.484375,15665.78125,110261.265625,82598.9609375,28288.9375
test_id_test_id_000871_04,test_id_000871,51,source_like,0,4,test_id_000871_t0_c4,big,big_0,3,2.2,1.15,50,29161.74,30025.515625,42412.234375,46234.0625,54916.65625,4,1.8334926572250265,HI,46234.0625,15665.78125,61899.84375,29161.740234375,24891.140625
test_id_test_id_000871_05,test_id_000871,51,source_like,0,5,test_id_000871_t0_c5,little,little_1,3,1.5,1.0,50,60907.83,58825.765625,72279.828125,76134.390625,85439.578125,4,1.8334926572250265,HI,76134.390625,15665.78125,91800.171875,60907.828125,26613.8125
test_id_test_id_000871_06,test_id_000871,51,source_like,0,6,test_id_000871_t0_c6,big,big_1,0,1.0,0.9,50,63475.0,55981.921875,69353.78125,73230.40625,82531.5625,4,1.8334926572250265,HI,73230.40625,15665.78125,88896.1875,63475.0,26549.640625
test_id_test_id_000871_07,test_id_000871,397,sink_like,1,0,test_id_000871_t1_c0,little,little_0,1,0.9,0.86,396,758223.06,710595.25,772576.5,791338.0625,824171.0625,4,1.8334926572250265,HI,791338.0625,15665.78125,807003.84375,758223.0625,113575.8125
test_id_test_id_000871_08,test_id_000871,397,sink_like,1,1,test_id_000871_t1_c1,big,big_1,2,1.8,1.06,396,422395.8,463563.84375,503321.875,514762.75,537989.6875,4,1.8334926572250265,HI,514762.75,15665.78125,530428.53125,422395.8125,74425.84375
test_id_test_id_000871_09,test_id_000871,397,sink_like,1,2,test_id_000871_t1_c2,little,little_0,2,1.2,0.93,396,623851.44,599963.875,652101.375,667820.125,696273.5,4,1.8334926572250265,HI,667820.125,15665.78125,683485.90625,623851.4375,96309.625
test_id_test_id_000871_10,test_id_000871,397,sink_like,1,3,test_id_000871_t1_c3,big,big_0,3,2.2,1.15,396,425491.03,409319.875,444392.53125,454357.625,475500.875,4,1.8334926572250265,HI,454357.625,15665.78125,470023.40625,425491.03125,66181.0
test_id_test_id_000871_11,test_id_000871,397,sink_like,1,4,test_id_000871_t1_c4,little,little_0,3,1.5,1.0,396,583165.9,597570.625,650418.375,666459.875,695596.5625,4,1.8334926572250265,HI,666459.875,15665.78125,682125.65625,583165.875,98025.9375
test_id_test_id_000871_12,test_id_000871,397,sink_like,1,5,test_id_000871_t1_c5,big,big_1,0,1.0,0.9,396,532460.8,546779.3125,592901.0,606460.625,631929.0,4,1.8334926572250265,HI,606460.625,15665.78125,622126.40625,532460.8125,85149.6875
test_id_test_id_000871_13,test_id_000871,397,sink_like,1,6,test_id_000871_t1_c6,little,little_1,0,0.6,0.8,396,1161736.0,1093300.125,1204603.625,1233117.125,1322079.75,4,1.8334926572250265,HI,1233117.125,15665.78125,1248782.90625,1161736.0,228779.625
test_id_test_id_000871_14,test_id_000871,246,middle,2,0,test_id_000871_t2_c0,big,big_1,2,1.8,1.06,245,491238.75,475327.78125,516196.375,528015.125,551743.25,4,1.8334926572250265,HI,528015.125,15665.78125,543680.90625,491238.75,76415.46875
test_id_test_id_000871_15,test_id_000871,246,middle,2,1,test_id_000871_t2_c1,little,little_1,2,1.2,0.93,245,652595.2,654078.5,712172.375,729946.375,761382.125,4,1.8334926572250265,HI,729946.375,15665.78125,745612.15625,652595.1875,107303.625
test_id_test_id_000871_16,test_id_000871,246,middle,2,2,test_id_000871_t2_c2,big,big_0,3,2.2,1.15,245,411744.66,394282.0625,428004.625,437557.65625,458050.78125,4,1.8334926572250265,HI,437557.65625,15665.78125,453223.4375,411744.65625,63768.71875
test_id_test_id_000871_17,test_id_000871,246,middle,2,3,test_id_000871_t2_c3,little,little_1,3,1.5,1.0,245,571839.94,557563.4375,606174.875,620694.625,647824.5,4,1.8334926572250265,HI,620694.625,15665.78125,636360.40625,571839.9375,90261.0625
test_id_test_id_000871_18,test_id_000871,246,middle,2,4,test_id_000871_t2_c4,big,big_1,0,1.0,0.9,245,640299.56,676734.875,735306.4375,753164.25,784173.375,4,1.8334926572250265,HI,753164.25,15665.78125,768830.03125,640299.5625,107438.5
test_id_test_id_000871_19,test_id_000871,246,middle,2,5,test_id_000871_t2_c5,little,little_1,0,0.6,0.8,245,970633.56,998324.4375,1095190.5,1119409.0,1184615.625,4,1.8334926572250265,HI,1119409.0,15665.78125,1135074.78125,970633.5625,186291.1875
test_id_test_id_000871_20,test_id_000871,246,middle,2,6,test_id_000871_t2_c6,big,big_1,1,1.4,0.98,245,417406.56,431002.59375,467602.0625,477986.625,499719.71875,4,1.8334926572250265,HI,477986.625,15665.78125,493652.40625,417406.5625,68717.125
test_id_test_id_000871_21,test_id_000871,198,communication_heavy,3,0,test_id_000871_t3_c0,little,little_1,2,1.2,0.93,197,791145.4,811014.125,889705.375,912775.0625,957217.375,4,1.8334926572250265,HI,912775.0625,15665.78125,928440.84375,791145.375,146203.25
test_id_test_id_000871_22,test_id_000871,198,communication_heavy,3,1,test_id_000871_t3_c1,big,big_1,3,2.2,1.15,197,338879.44,385017.625,417948.1875,427269.8125,447388.1875,4,1.8334926572250265,HI,427269.8125,15665.78125,442935.59375,338879.4375,62370.5625
test_id_test_id_000871_23,test_id_000871,198,communication_heavy,3,2,test_id_000871_t3_c2,little,little_1,3,1.5,1.0,197,737484.0,746772.375,817928.75,839710.1875,879164.625,4,1.8334926572250265,HI,839710.1875,15665.78125,855375.96875,737484.0,132392.25
test_id_test_id_000871_24,test_id_000871,198,communication_heavy,3,3,test_id_000871_t3_c3,big,big_0,0,1.0,0.9,197,680730.75,676622.375,734979.875,752735.0,783663.5,4,1.8334926572250265,HI,752735.0,15665.78125,768400.78125,680730.75,107041.125
test_id_test_id_000871_25,test_id_000871,198,communication_heavy,3,4,test_id_000871_t3_c4,little,little_0,0,0.6,0.8,197,1459919.4,1347236.25,1530550.0,1567196.25,1670971.25,4,1.8334926572250265,HI,1567196.25,15665.78125,1582862.03125,1459919.375,323735.0
test_id_test_id_000871_26,test_id_000871,198,communication_heavy,3,5,test_id_000871_t3_c5,big,big_0,1,1.4,0.98,197,543077.6,572431.75,621757.5,636509.875,663666.875,4,1.8334926572250265,HI,636509.875,15665.78125,652175.65625,543077.625,91235.125
test_id_test_id_000871_27,test_id_000871,198,communication_heavy,3,6,test_id_000871_t3_c6,little,little_0,1,0.9,0.86,197,1116090.4,1103278.25,1224830.5,1255586.75,1353707.75,4,1.8334926572250265,HI,1255586.75,15665.78125,1271252.53125,1116090.375,250429.5
test_id_test_id_000871_28,test_id_000871,355,random,4,0,test_id_000871_t4_c0,big,big_0,3,2.2,1.15,354,356752.72,329420.5,357577.15625,365569.3125,383299.625,4,1.8334926572250265,HI,365569.3125,15665.78125,381235.09375,356752.71875,53879.125
test_id_test_id_000871_29,test_id_000871,355,random,4,1,test_id_000871_t4_c1,little,little_0,3,1.5,1.0,354,552902.44,509263.90625,553220.5,566085.75,591160.5,4,1.8334926572250265,HI,566085.75,15665.78125,581751.53125,552902.4375,81896.59375
test_id_test_id_000871_30,test_id_000871,355,random,4,2,test_id_000871_t4_c2,big,big_1,0,1.0,0.9,354,680669.4,662607.875,719611.375,736956.0,767132.25,4,1.8334926572250265,HI,736956.0,15665.78125,752621.78125,680669.375,104524.375
test_id_test_id_000871_31,test_id_000871,355,random,4,3,test_id_000871_t4_c3,little,little_0,0,0.6,0.8,354,1029973.75,997304.3125,1093447.125,1117418.0,1181868.25,4,1.8334926572250265,HI,1117418.0,15665.78125,1133083.78125,1029973.75,184563.9375
test_id_test_id_000871_32,test_id_000871,355,random,4,4,test_id_000871_t4_c4,big,big_0,1,1.4,0.98,354,441019.03,416452.0625,451798.1875,461800.09375,482962.75,4,1.8334926572250265,HI,461800.09375,15665.78125,477465.875,441019.03125,66510.6875
test_id_test_id_000871_33,test_id_000871,355,random,4,5,test_id_000871_t4_c5,little,little_1,1,0.9,0.86,354,1078223.0,1011502.625,1118954.0,1145031.375,1218883.875,4,1.8334926572250265,HI,1145031.375,15665.78125,1160697.15625,1078223.0,207381.25
test_id_test_id_000871_34,test_id_000871,355,random,4,6,test_id_000871_t4_c6,big,big_0,2,1.8,1.06,354,383299.3,372600.90625,404266.1875,413194.625,432637.5,4,1.8334926572250265,HI,413194.625,15665.78125,428860.40625,383299.3125,60036.59375
test_id_test_id_000871_35,test_id_000871,203,diverse_fill_1,5,0,test_id_000871_t5_c0,little,little_0,3,1.5,1.0,202,449733.16,533756.5,580020.75,593695.4375,619780.625,4,1.8334926572250265,HI,593695.4375,15665.78125,609361.21875,449733.15625,86024.125
test_id_test_id_000871_36,test_id_000871,203,diverse_fill_1,5,1,test_id_000871_t5_c1,big,big_0,0,1.0,0.9,202,509983.25,588048.5625,637668.375,652467.0,679273.0,4,1.8334926572250265,HI,652467.0,15665.78125,668132.78125,509983.25,91224.4375
test_id_test_id_000871_37,test_id_000871,203,diverse_fill_1,5,2,test_id_000871_t5_c2,little,little_1,0,0.6,0.8,202,1179597.6,1313681.625,1483187.25,1519265.0,1626691.0,4,1.8334926572250265,HI,1519265.0,15665.78125,1534930.78125,1179597.625,313009.375
test_id_test_id_000871_38,test_id_000871,203,diverse_fill_1,5,3,test_id_000871_t5_c3,big,big_1,1,1.4,0.98,202,448802.38,505604.4375,548764.3125,561320.5,585876.625,4,1.8334926572250265,HI,561320.5,15665.78125,576986.28125,448802.375,80272.1875
test_id_test_id_000871_39,test_id_000871,203,diverse_fill_1,5,4,test_id_000871_t5_c4,little,little_1,1,0.9,0.86,202,770740.06,917975.8125,1009365.875,1033288.875,1088649.25,4,1.8334926572250265,HI,1033288.875,15665.78125,1048954.65625,770740.0625,170673.4375
test_id_test_id_000871_40,test_id_000871,203,diverse_fill_1,5,5,test_id_000871_t5_c5,big,big_1,2,1.8,1.06,202,428697.9,472772.09375,513388.15625,525120.0625,548733.25,4,1.8334926572250265,HI,525120.0625,15665.78125,540785.84375,428697.90625,75961.15625
test_id_test_id_000871_41,test_id_000871,203,diverse_fill_1,5,6,test_id_000871_t5_c6,little,little_1,2,1.2,0.93,202,652293.3,781029.8125,855835.4375,878238.5625,919880.75,4,1.8334926572250265,HI,878238.5625,15665.78125,893904.34375,652293.3125,138850.9375
test_id_test_id_000898_00,test_id_000898,45,source_like,0,0,test_id_000898_t0_c0,big,big_0,3,2.2,1.15,44,59036.05,56941.53125,70199.515625,73985.8125,83134.796875,4,1.8334926572250265,LO,73985.8125,0.0,73985.8125,59036.05078125,26193.265625
test_id_test_id_000898_01,test_id_000898,45,source_like,0,1,test_id_000898_t0_c1,little,little_0,3,1.5,1.0,44,143215.7,137424.90625,153455.09375,158005.875,169047.59375,4,1.8334926572250265,LO,158005.875,0.0,158005.875,143215.703125,31622.6875
test_id_test_id_000898_02,test_id_000898,45,source_like,0,2,test_id_000898_t0_c2,big,big_0,0,1.0,0.9,44,125463.92,126945.03125,142828.0625,147399.46875,158515.40625,4,1.8334926572250265,LO,147399.46875,0.0,147399.46875,125463.921875,31570.375
test_id_test_id_000898_03,test_id_000898,45,source_like,0,3,test_id_000898_t0_c3,little,little_1,0,0.6,0.8,44,325082.06,329578.0,356771.4375,364108.9375,380928.625,4,1.8334926572250265,LO,364108.9375,0.0,364108.9375,325082.0625,51350.625
test_id_test_id_000898_04,test_id_000898,45,source_like,0,4,test_id_000898_t0_c4,big,big_0,1,1.4,0.98,44,92512.336,96193.328125,110973.9375,115012.546875,125181.359375,4,1.8334926572250265,LO,115012.546875,0.0,115012.546875,92512.3359375,28988.03125
test_id_test_id_000898_05,test_id_000898,45,source_like,0,5,test_id_000898_t0_c5,little,little_0,1,0.9,0.86,44,218383.23,208395.21875,228698.875,234831.390625,248752.859375,4,1.8334926572250265,LO,234831.390625,0.0,234831.390625,218383.234375,40357.640625
test_id_test_id_000898_06,test_id_000898,45,source_like,0,6,test_id_000898_t0_c6,big,big_1,2,1.8,1.06,44,72625.11,70675.265625,84539.234375,88402.734375,97948.21875,4,1.8334926572250265,LO,88402.734375,0.0,88402.734375,72625.109375,27272.953125
test_id_test_id_000898_07,test_id_000898,322,sink_like,1,0,test_id_000898_t1_c0,little,little_1,3,1.5,1.0,321,537213.9,597111.625,649749.5,665706.875,694702.9375,4,1.8334926572250265,LO,665706.875,0.0,665706.875,537213.875,97591.3125
test_id_test_id_000898_08,test_id_000898,322,sink_like,1,1,test_id_000898_t1_c1,big,big_0,0,1.0,0.9,321,804966.7,836466.0,914916.875,937339.5625,981364.875,4,1.8334926572250265,LO,937339.5625,0.0,937339.5625,804966.6875,144898.875
test_id_test_id_000898_09,test_id_000898,322,sink_like,1,2,test_id_000898_t1_c2,little,little_0,0,0.6,0.8,321,1503117.9,1497915.0,1766251.5,1808323.25,1893463.0,4,1.8334926572250265,LO,1808323.25,0.0,1808323.25,1503117.875,395548.0
test_id_test_id_000898_10,test_id_000898,322,sink_like,1,3,test_id_000898_t1_c3,big,big_0,1,1.4,0.98,321,623870.7,655850.3125,713821.25,731598.3125,762839.375,4,1.8334926572250265,LO,731598.3125,0.0,731598.3125,623870.6875,106989.0625
test_id_test_id_000898_11,test_id_000898,322,sink_like,1,4,test_id_000898_t1_c4,little,little_1,1,0.9,0.86,321,971310.06,1053586.5,1166746.5,1194377.375,1277728.0,4,1.8334926572250265,LO,1194377.375,0.0,1194377.375,971310.0625,224141.5
test_id_test_id_000898_12,test_id_000898,322,sink_like,1,5,test_id_000898_t1_c5,big,big_0,2,1.8,1.06,321,438613.47,464260.5625,504060.3125,515511.28125,538750.3125,4,1.8334926572250265,LO,515511.28125,0.0,515511.28125,438613.46875,74489.75
test_id_test_id_000898_13,test_id_000898,322,sink_like,1,6,test_id_000898_t1_c6,little,little_0,2,1.2,0.93,321,588921.75,622564.0,676906.25,693364.5,722866.75,4,1.8334926572250265,LO,693364.5,0.0,693364.5,588921.75,100302.75
test_id_test_id_000898_14,test_id_000898,216,middle,2,0,test_id_000898_t2_c0,big,big_1,0,1.0,0.9,215,355050.4,360493.5,391146.9375,399802.4375,418760.125,4,1.8334926572250265,LO,399802.4375,0.0,399802.4375,355050.40625,58266.625
test_id_test_id_000898_15,test_id_000898,216,middle,2,1,test_id_000898_t2_c1,little,little_0,0,0.6,0.8,215,716890.0,698087.0625,755109.125,772447.0625,801540.375,4,1.8334926572250265,LO,772447.0625,0.0,772447.0625,716890.0,103453.3125
test_id_test_id_000898_16,test_id_000898,216,middle,2,2,test_id_000898_t2_c2,big,big_1,1,1.4,0.98,215,214806.78,223895.5,244816.125,251010.296875,265079.3125,4,1.8334926572250265,LO,251010.296875,0.0,251010.296875,214806.78125,41183.8125
test_id_test_id_000898_17,test_id_000898,216,middle,2,3,test_id_000898_t2_c3,little,little_1,1,0.9,0.86,215,459037.94,445217.28125,482739.6875,493403.375,515451.59375,4,1.8334926572250265,LO,493403.375,0.0,493403.375,459037.9375,70234.3125
test_id_test_id_000898_18,test_id_000898,216,middle,2,4,test_id_000898_t2_c4,big,big_1,2,1.8,1.06,215,219510.11,222192.765625,243082.671875,249302.28125,263407.25,4,1.8334926572250265,LO,249302.28125,0.0,249302.28125,219510.109375,41214.484375
test_id_test_id_000898_19,test_id_000898,216,middle,2,5,test_id_000898_t2_c5,little,little_1,2,1.2,0.93,215,423700.44,411286.25,446359.3125,456317.21875,477408.25,4,1.8334926572250265,LO,456317.21875,0.0,456317.21875,423700.4375,66122.0
test_id_test_id_000898_20,test_id_000898,216,middle,2,6,test_id_000898_t2_c6,big,big_0,3,2.2,1.15,215,179276.97,191049.46875,210128.15625,215829.6875,228938.9375,4,1.8334926572250265,LO,215829.6875,0.0,215829.6875,179276.96875,37889.46875
test_id_test_id_000898_21,test_id_000898,55,high_degree,3,0,test_id_000898_t3_c0,little,little_1,0,0.6,0.8,54,845965.9,868103.4375,944634.1875,966079.1875,1008855.875,4,1.8334926572250265,LO,966079.1875,0.0,966079.1875,845965.875,140752.4375
test_id_test_id_000898_22,test_id_000898,55,high_degree,3,1,test_id_000898_t3_c1,big,big_0,1,1.4,0.98,54,529124.5,528735.875,574019.125,587325.5,612760.375,4,1.8334926572250265,LO,587325.5,0.0,587325.5,529124.5,84024.5
test_id_test_id_000898_23,test_id_000898,55,high_degree,3,2,test_id_000898_t3_c2,little,little_0,1,0.9,0.86,54,860609.4,847658.375,927744.6875,950369.5,995606.875,4,1.8334926572250265,LO,950369.5,0.0,950369.5,860609.375,147948.5
test_id_test_id_000898_24,test_id_000898,55,high_degree,3,3,test_id_000898_t3_c3,big,big_1,2,1.8,1.06,54,406561.16,385050.625,417789.4375,427026.5625,446992.0625,4,1.8334926572250265,LO,427026.5625,0.0,427026.5625,406561.15625,61941.4375
test_id_test_id_000898_25,test_id_000898,55,high_degree,3,4,test_id_000898_t3_c4,little,little_1,2,1.2,0.93,54,815730.0,770221.6875,843156.625,865083.5625,905398.75,4,1.8334926572250265,LO,865083.5625,0.0,865083.5625,815730.0,135177.0625
test_id_test_id_000898_26,test_id_000898,55,high_degree,3,5,test_id_000898_t3_c5,big,big_1,3,2.2,1.15,54,309711.47,308947.34375,335521.375,343112.71875,360045.8125,4,1.8334926572250265,LO,343112.71875,0.0,343112.71875,309711.46875,51098.46875
test_id_test_id_000898_27,test_id_000898,55,high_degree,3,6,test_id_000898_t3_c6,little,little_1,3,1.5,1.0,54,490061.88,471144.25,511577.0625,523237.0625,546765.5,4,1.8334926572250265,LO,523237.0625,0.0,523237.0625,490061.875,75621.25
test_id_test_id_000898_28,test_id_000898,327,communication_heavy,4,0,test_id_000898_t4_c0,big,big_0,1,1.4,0.98,326,646902.56,624861.25,679361.375,695950.6875,725439.75,4,1.8334926572250265,LO,695950.6875,0.0,695950.6875,646902.5625,100578.5
test_id_test_id_000898_29,test_id_000898,327,communication_heavy,4,1,test_id_000898_t4_c1,little,little_0,1,0.9,0.86,326,1271604.9,1302612.875,1473474.75,1510870.5,1626843.0,4,1.8334926572250265,LO,1510870.5,0.0,1510870.5,1271604.875,324230.125
test_id_test_id_000898_30,test_id_000898,327,communication_heavy,4,2,test_id_000898_t4_c2,big,big_1,2,1.8,1.06,326,463082.25,460527.0625,500009.875,511356.0625,534460.8125,4,1.8334926572250265,LO,511356.0625,0.0,511356.0625,463082.25,73933.75
test_id_test_id_000898_31,test_id_000898,327,communication_heavy,4,3,test_id_000898_t4_c3,little,little_1,2,1.2,0.93,326,930056.7,916105.5,1011614.3125,1036739.25,1095421.25,4,1.8334926572250265,LO,1036739.25,0.0,1036739.25,930056.6875,179315.75
test_id_test_id_000898_32,test_id_000898,327,communication_heavy,4,4,test_id_000898_t4_c4,big,big_0,3,2.2,1.15,326,381004.38,387122.125,420224.15625,429595.5625,449795.5,4,1.8334926572250265,LO,429595.5625,0.0,429595.5625,381004.375,62673.375
test_id_test_id_000898_33,test_id_000898,327,communication_heavy,4,5,test_id_000898_t4_c5,little,little_1,3,1.5,1.0,326,770936.25,756773.625,829233.0625,851321.25,891580.1875,4,1.8334926572250265,LO,851321.25,0.0,851321.25,770936.25,134806.5625
test_id_test_id_000898_34,test_id_000898,327,communication_heavy,4,6,test_id_000898_t4_c6,big,big_0,0,1.0,0.9,326,900792.5,895965.5,983590.9375,1007082.3125,1058927.0,4,1.8334926572250265,LO,1007082.3125,0.0,1007082.3125,900792.5,162961.5
test_id_test_id_000898_35,test_id_000898,300,random,5,0,test_id_000898_t5_c0,little,little_1,1,0.9,0.86,299,108984.85,100793.359375,115838.28125,120073.578125,130621.734375,4,1.8334926572250265,LO,120073.578125,0.0,120073.578125,108984.8515625,29828.375
test_id_test_id_000898_36,test_id_000898,300,random,5,1,test_id_000898_t5_c1,big,big_1,2,1.8,1.06,299,37680.04,43720.03125,56539.890625,60403.171875,69464.75,4,1.8334926572250265,LO,60403.171875,0.0,60403.171875,37680.0390625,25744.71875
test_id_test_id_000898_37,test_id_000898,300,random,5,2,test_id_000898_t5_c2,little,little_1,2,1.2,0.93,299,74077.52,71525.9375,85523.34375,89460.109375,99164.671875,4,1.8334926572250265,LO,89460.109375,0.0,89460.109375,74077.5234375,27638.734375
test_id_test_id_000898_38,test_id_000898,300,random,5,3,test_id_000898_t5_c3,big,big_0,3,2.2,1.15,299,29961.582,34862.140625,47325.84375,51126.921875,59883.234375,4,1.8334926572250265,LO,51126.921875,0.0,51126.921875,29961.58203125,25021.09375
test_id_test_id_000898_39,test_id_000898,300,random,5,4,test_id_000898_t5_c4,little,little_1,3,1.5,1.0,299,65456.715,62751.390625,76341.6875,80233.0625,89701.171875,4,1.8334926572250265,LO,80233.0625,0.0,80233.0625,65456.71484375,26949.78125
test_id_test_id_000898_40,test_id_000898,300,random,5,5,test_id_000898_t5_c5,big,big_1,0,1.0,0.9,299,64233.746,61623.046875,75259.125,79195.375,88729.953125,4,1.8334926572250265,LO,79195.375,0.0,79195.375,64233.74609375,27106.90625
test_id_test_id_000898_41,test_id_000898,300,random,5,6,test_id_000898_t5_c6,little,little_1,0,0.6,0.8,299,145766.48,144529.5,161800.875,166985.28125,179247.765625,4,1.8334926572250265,LO,166985.28125,0.0,166985.28125,145766.484375,34718.265625
test_id_test_id_000908_00,test_id_000908,2,source_like,0,0,test_id_000908_t0_c0,big,big_1,3,2.2,1.15,1,45953.56,41020.125,53687.984375,57483.015625,66335.921875,4,1.8334926572250265,HI,57483.015625,15665.78125,73148.796875,45953.55859375,25315.796875
test_id_test_id_000908_01,test_id_000908,2,source_like,0,1,test_id_000908_t0_c1,little,little_0,3,1.5,1.0,1,91312.78,83246.90625,97764.109375,101765.609375,111757.765625,4,1.8334926572250265,HI,101765.609375,15665.78125,117431.390625,91312.78125,28510.859375
test_id_test_id_000908_02,test_id_000908,2,source_like,0,2,test_id_000908_t0_c2,big,big_1,0,1.0,0.9,1,82253.516,77965.25,92400.625,96440.140625,106438.890625,4,1.8334926572250265,HI,96440.140625,15665.78125,112105.921875,82253.515625,28473.640625
test_id_test_id_000908_03,test_id_000908,2,source_like,0,3,test_id_000908_t0_c3,little,little_0,0,0.6,0.8,1,208381.75,202277.03125,223458.203125,229992.765625,244887.453125,4,1.8334926572250265,HI,229992.765625,15665.78125,245658.546875,208381.75,42610.421875
test_id_test_id_000908_04,test_id_000908,2,source_like,0,4,test_id_000908_t0_c4,big,big_1,1,1.4,0.98,1,60495.406,56935.5,70279.203125,74129.515625,83399.828125,4,1.8334926572250265,HI,74129.515625,15665.78125,89795.296875,60495.40625,26464.328125
test_id_test_id_000908_05,test_id_000908,2,source_like,0,5,test_id_000908_t0_c5,little,little_1,1,0.9,0.86,1,144467.95,136112.046875,152628.703125,157461.828125,169074.09375,4,1.8334926572250265,HI,157461.828125,15665.78125,173127.609375,144467.953125,32962.046875
test_id_test_id_000908_06,test_id_000908,2,source_like,0,6,test_id_000908_t0_c6,big,big_1,2,1.8,1.06,1,54222.52,47682.296875,60597.859375,64399.765625,73394.515625,4,1.8334926572250265,HI,64399.765625,15665.78125,80065.546875,54222.51953125,25712.21875
test_id_test_id_000908_07,test_id_000908,293,sink_like,1,0,test_id_000908_t1_c0,little,little_0,3,1.5,1.0,292,372643.62,375704.375,407718.5,416769.8125,436406.125,4,1.8334926572250265,HI,416769.8125,15665.78125,432435.59375,372643.625,60701.75
test_id_test_id_000908_08,test_id_000908,293,sink_like,1,1,test_id_000908_t1_c1,big,big_1,0,1.0,0.9,292,377173.66,403983.1875,438268.625,447964.46875,468648.75,4,1.8334926572250265,HI,447964.46875,15665.78125,463630.25,377173.65625,64665.5625
test_id_test_id_000908_09,test_id_000908,293,sink_like,1,2,test_id_000908_t1_c2,little,little_1,0,0.6,0.8,292,669864.4,700705.75,757868.3125,775290.0,804479.1875,4,1.8334926572250265,HI,775290.0,15665.78125,790955.78125,669864.375,103773.4375
test_id_test_id_000908_10,test_id_000908,293,sink_like,1,3,test_id_000908_t1_c3,big,big_0,1,1.4,0.98,292,343682.22,362128.59375,392928.34375,401622.65625,420651.71875,4,1.8334926572250265,HI,401622.65625,15665.78125,417288.4375,343682.21875,58523.125
test_id_test_id_000908_11,test_id_000908,293,sink_like,1,4,test_id_000908_t1_c4,little,little_1,1,0.9,0.86,292,623441.56,636823.25,690924.875,707213.375,735901.125,4,1.8334926572250265,HI,707213.375,15665.78125,722879.15625,623441.5625,99077.875
test_id_test_id_000908_12,test_id_000908,293,sink_like,1,5,test_id_000908_t1_c5,big,big_0,2,1.8,1.06,292,200019.08,213644.515625,233952.78125,239985.53125,253729.515625,4,1.8334926572250265,HI,239985.53125,15665.78125,255651.3125,200019.078125,40085.0
test_id_test_id_000908_13,test_id_000908,293,sink_like,1,6,test_id_000908_t1_c6,little,little_0,2,1.2,0.93,292,449747.2,452743.75,491390.28125,502458.8125,525147.1875,4,1.8334926572250265,HI,502458.8125,15665.78125,518124.59375,449747.1875,72403.4375
test_id_test_id_000908_14,test_id_000908,168,middle,2,0,test_id_000908_t2_c0,big,big_0,0,1.0,0.9,167,268972.1,278065.53125,302407.8125,309419.84375,325194.25,4,1.8334926572250265,HI,309419.84375,15665.78125,325085.625,268972.09375,47128.71875
test_id_test_id_000908_15,test_id_000908,168,middle,2,1,test_id_000908_t2_c1,little,little_0,0,0.6,0.8,167,526544.0,525118.5,567070.25,579081.25,602044.125,4,1.8334926572250265,HI,579081.25,15665.78125,594747.03125,526544.0,76925.625
test_id_test_id_000908_16,test_id_000908,168,middle,2,2,test_id_000908_t2_c2,big,big_1,1,1.4,0.98,167,170707.34,180945.265625,199299.4375,204733.078125,217339.875,4,1.8334926572250265,HI,204733.078125,15665.78125,220398.859375,170707.34375,36394.609375
test_id_test_id_000908_17,test_id_000908,168,middle,2,3,test_id_000908_t2_c3,little,little_0,1,0.9,0.86,167,397860.44,398357.25,432109.3125,441652.375,462071.46875,4,1.8334926572250265,HI,441652.375,15665.78125,457318.15625,397860.4375,63714.21875
test_id_test_id_000908_18,test_id_000908,168,middle,2,4,test_id_000908_t2_c4,big,big_0,2,1.8,1.06,167,170727.11,172725.84375,190669.203125,195966.609375,208326.921875,4,1.8334926572250265,HI,195966.609375,15665.78125,211632.390625,170727.109375,35601.078125
test_id_test_id_000908_19,test_id_000908,168,middle,2,5,test_id_000908_t2_c5,little,little_1,2,1.2,0.93,167,269710.38,281309.65625,305862.4375,312936.28125,328813.46875,4,1.8334926572250265,HI,312936.28125,15665.78125,328602.0625,269710.375,47503.8125
test_id_test_id_000908_20,test_id_000908,168,middle,2,6,test_id_000908_t2_c6,big,big_0,3,2.2,1.15,167,121168.65,134677.546875,150558.21875,155047.78125,165989.421875,4,1.8334926572250265,HI,155047.78125,15665.78125,170713.5625,121168.6484375,31311.875
test_id_test_id_000908_21,test_id_000908,218,high_degree,3,0,test_id_000908_t3_c0,little,little_1,0,0.6,0.8,217,550983.8,571003.875,616851.375,630236.75,654632.6875,4,1.8334926572250265,HI,630236.75,15665.78125,645902.53125,550983.8125,83628.8125
test_id_test_id_000908_22,test_id_000908,218,high_degree,3,1,test_id_000908_t3_c1,big,big_0,1,1.4,0.98,217,321227.4,315754.34375,342885.3125,350609.84375,367805.59375,4,1.8334926572250265,HI,350609.84375,15665.78125,366275.625,321227.40625,52051.25
test_id_test_id_000908_23,test_id_000908,218,high_degree,3,2,test_id_000908_t3_c2,little,little_0,1,0.9,0.86,217,385664.5,395884.21875,429338.125,438779.5625,459039.875,4,1.8334926572250265,HI,438779.5625,15665.78125,454445.34375,385664.5,63155.65625
test_id_test_id_000908_24,test_id_000908,218,high_degree,3,3,test_id_000908_t3_c3,big,big_0,2,1.8,1.06,217,230986.14,225081.984375,246131.078125,252388.125,266567.375,4,1.8334926572250265,HI,252388.125,15665.78125,268053.90625,230986.140625,41485.390625
test_id_test_id_000908_25,test_id_000908,218,high_degree,3,4,test_id_000908_t3_c4,little,little_0,2,1.2,0.93,217,328725.03,331190.6875,359475.625,367499.59375,385268.8125,4,1.8334926572250265,HI,367499.59375,15665.78125,383165.375,328725.03125,54078.125
test_id_test_id_000908_26,test_id_000908,218,high_degree,3,5,test_id_000908_t3_c5,big,big_1,3,2.2,1.15,217,151825.73,161217.84375,178496.375,183544.0625,195455.921875,4,1.8334926572250265,HI,183544.0625,15665.78125,199209.84375,151825.734375,34238.078125
test_id_test_id_000908_27,test_id_000908,218,high_degree,3,6,test_id_000908_t3_c6,little,little_1,3,1.5,1.0,217,232741.92,237828.9375,259529.109375,265904.375,280340.75,4,1.8334926572250265,HI,265904.375,15665.78125,281570.15625,232741.921875,42511.8125
test_id_test_id_000908_28,test_id_000908,254,communication_heavy,4,0,test_id_000908_t4_c0,big,big_0,1,1.4,0.98,253,325922.9,304652.1875,330885.03125,338375.21875,355112.28125,4,1.8334926572250265,HI,338375.21875,15665.78125,354041.0,325922.90625,50460.09375
test_id_test_id_000908_29,test_id_000908,254,communication_heavy,4,1,test_id_000908_t4_c1,little,little_1,1,0.9,0.86,253,554754.5,543760.875,589559.5,602975.75,628264.6875,4,1.8334926572250265,HI,602975.75,15665.78125,618641.53125,554754.5,84503.8125
test_id_test_id_000908_30,test_id_000908,254,communication_heavy,4,2,test_id_000908_t4_c2,big,big_0,2,1.8,1.06,253,345699.78,332675.0625,361092.75,369149.40625,387002.40625,4,1.8334926572250265,HI,369149.40625,15665.78125,384815.1875,345699.78125,54327.34375
test_id_test_id_000908_31,test_id_000908,254,communication_heavy,4,3,test_id_000908_t4_c3,little,little_0,2,1.2,0.93,253,436676.94,448263.125,486511.75,497450.4375,519959.0625,4,1.8334926572250265,HI,497450.4375,15665.78125,513116.21875,436676.9375,71695.9375
test_id_test_id_000908_32,test_id_000908,254,communication_heavy,4,4,test_id_000908_t4_c4,big,big_0,3,2.2,1.15,253,243849.4,240902.296875,262931.6875,269439.34375,284135.09375,4,1.8334926572250265,HI,269439.34375,15665.78125,285105.125,243849.40625,43232.796875
test_id_test_id_000908_33,test_id_000908,254,communication_heavy,4,5,test_id_000908_t4_c5,little,little_1,3,1.5,1.0,253,397103.6,410355.84375,445408.9375,455359.5625,476456.4375,4,1.8334926572250265,HI,455359.5625,15665.78125,471025.34375,397103.59375,66100.59375
test_id_test_id_000908_34,test_id_000908,254,communication_heavy,4,6,test_id_000908_t4_c6,big,big_1,0,1.0,0.9,253,351091.62,362683.625,393481.71875,402166.5,421187.25,4,1.8334926572250265,HI,402166.5,15665.78125,417832.28125,351091.625,58503.625
test_id_test_id_000908_35,test_id_000908,180,random,5,0,test_id_000908_t5_c0,little,little_1,1,0.9,0.86,179,383750.88,378579.9375,410652.375,419703.6875,439325.875,4,1.8334926572250265,HI,419703.6875,15665.78125,435369.46875,383750.875,60745.9375
test_id_test_id_000908_36,test_id_000908,180,random,5,1,test_id_000908_t5_c1,big,big_0,2,1.8,1.06,179,181795.53,185795.859375,204505.96875,210073.75,222928.078125,4,1.8334926572250265,HI,210073.75,15665.78125,225739.53125,181795.53125,37132.21875
test_id_test_id_000908_37,test_id_000908,180,random,5,2,test_id_000908_t5_c2,little,little_0,2,1.2,0.93,179,303356.66,329681.3125,357880.3125,365883.875,383614.09375,4,1.8334926572250265,HI,365883.875,15665.78125,381549.65625,303356.65625,53932.78125
test_id_test_id_000908_38,test_id_000908,180,random,5,3,test_id_000908_t5_c3,big,big_0,3,2.2,1.15,179,129609.32,134030.609375,149852.40625,154326.28125,165235.1875,4,1.8334926572250265,HI,154326.28125,15665.78125,169992.0625,129609.3203125,31204.578125
test_id_test_id_000908_39,test_id_000908,180,random,5,4,test_id_000908_t5_c4,little,little_1,3,1.5,1.0,179,247470.56,240197.46875,262035.6875,268445.90625,282946.5,4,1.8334926572250265,HI,268445.90625,15665.78125,284111.6875,247470.5625,42749.03125
test_id_test_id_000908_40,test_id_000908,180,random,5,5,test_id_000908_t5_c5,big,big_0,0,1.0,0.9,179,273739.56,279305.78125,303732.4375,310762.875,326580.90625,4,1.8334926572250265,HI,310762.875,15665.78125,326428.65625,273739.5625,47275.125
test_id_test_id_000908_41,test_id_000908,180,random,5,6,test_id_000908_t5_c6,little,little_0,0,0.6,0.8,179,597329.75,573430.5,619182.5,632534.1875,656728.8125,4,1.8334926572250265,HI,632534.1875,15665.78125,648199.96875,597329.75,83298.3125
test_id_test_id_000957_00,test_id_000957,6,source_like,0,0,test_id_000957_t0_c0,little,little_0,3,1.5,1.0,5,83990.91,83191.96875,97722.8125,101712.609375,111682.390625,4,1.8334926572250265,LO,101712.609375,0.0,101712.609375,83990.90625,28490.421875
test_id_test_id_000957_01,test_id_000957,6,source_like,0,1,test_id_000957_t0_c1,big,big_0,0,1.0,0.9,5,79367.55,80805.4375,95364.21875,99427.765625,109515.46875,4,1.8334926572250265,LO,99427.765625,0.0,99427.765625,79367.546875,28710.03125
test_id_test_id_000957_02,test_id_000957,6,source_like,0,2,test_id_000957_t0_c2,little,little_1,0,0.6,0.8,5,203319.23,183246.09375,203195.1875,209341.578125,223426.796875,4,1.8334926572250265,LO,209341.578125,0.0,209341.578125,203319.234375,40180.703125
test_id_test_id_000957_03,test_id_000957,6,source_like,0,3,test_id_000957_t0_c3,big,big_0,1,1.4,0.98,5,57711.336,53902.09375,67098.84375,70924.8125,80089.34375,4,1.8334926572250265,LO,70924.8125,0.0,70924.8125,57711.3359375,26187.25
test_id_test_id_000957_04,test_id_000957,6,source_like,0,4,test_id_000957_t0_c4,little,little_0,1,0.9,0.86,5,134472.92,132641.4375,148994.921875,153759.90625,165259.546875,4,1.8334926572250265,LO,153759.90625,0.0,153759.90625,134472.921875,32618.109375
test_id_test_id_000957_05,test_id_000957,6,source_like,0,5,test_id_000957_t0_c5,big,big_1,2,1.8,1.06,5,44175.207,44219.25,56988.640625,60771.796875,69661.203125,4,1.8334926572250265,LO,60771.796875,0.0,60771.796875,44175.20703125,25441.953125
test_id_test_id_000957_06,test_id_000957,6,source_like,0,6,test_id_000957_t0_c6,little,little_0,2,1.2,0.93,5,107984.43,101208.125,116250.4375,120430.6875,130891.515625,4,1.8334926572250265,LO,120430.6875,0.0,120430.6875,107984.4296875,29683.390625
test_id_test_id_000957_07,test_id_000957,205,sink_like,1,0,test_id_000957_t1_c0,big,big_1,0,1.0,0.9,204,406244.78,402713.21875,436970.21875,446670.375,467371.0,4,1.8334926572250265,LO,446670.375,0.0,446670.375,406244.78125,64657.78125
test_id_test_id_000957_08,test_id_000957,205,sink_like,1,1,test_id_000957_t1_c1,little,little_0,0,0.6,0.8,204,705355.1,684341.25,739624.4375,756395.75,784505.625,4,1.8334926572250265,LO,756395.75,0.0,756395.75,705355.125,100164.375
test_id_test_id_000957_09,test_id_000957,205,sink_like,1,2,test_id_000957_t1_c2,big,big_0,1,1.4,0.98,204,252975.53,250590.90625,273189.9375,279816.28125,294762.15625,4,1.8334926572250265,LO,279816.28125,0.0,279816.28125,252975.53125,44171.25
test_id_test_id_000957_10,test_id_000957,205,sink_like,1,3,test_id_000957_t1_c3,little,little_1,1,0.9,0.86,204,464006.97,492109.03125,533511.625,545413.75,569021.125,4,1.8334926572250265,LO,545413.75,0.0,545413.75,464006.96875,76912.09375
test_id_test_id_000957_11,test_id_000957,205,sink_like,1,4,test_id_000957_t1_c4,big,big_1,2,1.8,1.06,204,174378.9,181686.953125,200093.53125,205548.140625,218190.578125,4,1.8334926572250265,LO,205548.140625,0.0,205548.140625,174378.90625,36503.625
test_id_test_id_000957_12,test_id_000957,205,sink_like,1,5,test_id_000957_t1_c5,little,little_1,2,1.2,0.93,204,391057.62,381297.03125,413693.03125,422844.03125,442639.96875,4,1.8334926572250265,LO,422844.03125,0.0,422844.03125,391057.625,61342.9375
test_id_test_id_000957_13,test_id_000957,205,sink_like,1,6,test_id_000957_t1_c6,big,big_1,3,2.2,1.15,204,209322.86,215141.546875,235695.1875,241853.9375,255841.671875,4,1.8334926572250265,LO,241853.9375,0.0,241853.9375,209322.859375,40700.125
test_id_test_id_000957_14,test_id_000957,128,middle,2,0,test_id_000957_t2_c0,little,little_0,0,0.6,0.8,127,508565.84,507767.9375,548243.25,559749.4375,582166.875,4,1.8334926572250265,LO,559749.4375,0.0,559749.4375,508565.84375,74398.9375
test_id_test_id_000957_15,test_id_000957,128,middle,2,1,test_id_000957_t2_c1,big,big_0,1,1.4,0.98,127,182871.58,177867.4375,196063.625,201448.28125,213963.890625,4,1.8334926572250265,LO,201448.28125,0.0,201448.28125,182871.578125,36096.453125
test_id_test_id_000957_16,test_id_000957,128,middle,2,2,test_id_000957_t2_c2,little,little_1,1,0.9,0.86,127,367239.66,383329.125,415803.125,424972.78125,444781.5625,4,1.8334926572250265,LO,424972.78125,0.0,424972.78125,367239.65625,61452.4375
test_id_test_id_000957_17,test_id_000957,128,middle,2,3,test_id_000957_t2_c3,big,big_1,2,1.8,1.06,127,171102.67,171891.546875,189799.5,195085.5,207424.625,4,1.8334926572250265,LO,195085.5,0.0,195085.5,171102.671875,35533.078125
test_id_test_id_000957_18,test_id_000957,128,middle,2,4,test_id_000957_t2_c4,little,little_1,2,1.2,0.93,127,266385.5,262742.625,286054.3125,292832.625,308094.40625,4,1.8334926572250265,LO,292832.625,0.0,292832.625,266385.5,45351.78125
test_id_test_id_000957_19,test_id_000957,128,middle,2,5,test_id_000957_t2_c5,big,big_0,3,2.2,1.15,127,158285.3,156168.296875,173241.34375,178201.390625,189969.28125,4,1.8334926572250265,LO,178201.390625,0.0,178201.390625,158285.296875,33800.984375
test_id_test_id_000957_20,test_id_000957,128,middle,2,6,test_id_000957_t2_c6,little,little_1,3,1.5,1.0,127,206818.81,206494.546875,226311.71875,232190.90625,245638.859375,4,1.8334926572250265,LO,232190.90625,0.0,232190.90625,206818.8125,39144.3125
test_id_test_id_000957_21,test_id_000957,188,communication_heavy,3,0,test_id_000957_t3_c0,big,big_0,1,1.4,0.98,187,374902.75,375850.625,407805.875,416825.9375,436418.46875,4,1.8334926572250265,LO,416825.9375,0.0,416825.9375,374902.75,60567.84375
test_id_test_id_000957_22,test_id_000957,188,communication_heavy,3,1,test_id_000957_t3_c1,little,little_1,1,0.9,0.86,187,690404.75,651757.6875,707312.0625,724080.25,753427.5625,4,1.8334926572250265,LO,724080.25,0.0,724080.25,690404.75,101669.875
test_id_test_id_000957_23,test_id_000957,188,communication_heavy,3,2,test_id_000957_t3_c2,big,big_1,2,1.8,1.06,187,277166.9,274399.9375,298545.0,305547.96875,321268.1875,4,1.8334926572250265,LO,305547.96875,0.0,305547.96875,277166.90625,46868.25
test_id_test_id_000957_24,test_id_000957,188,communication_heavy,3,3,test_id_000957_t3_c3,little,little_0,2,1.2,0.93,187,428679.0,424792.8125,460906.0,471163.0625,492693.0,4,1.8334926572250265,LO,471163.0625,0.0,471163.0625,428679.0,67900.1875
test_id_test_id_000957_25,test_id_000957,188,communication_heavy,3,4,test_id_000957_t3_c4,big,big_0,3,2.2,1.15,187,226547.64,229218.28125,250535.125,256868.625,271203.03125,4,1.8334926572250265,LO,256868.625,0.0,256868.625,226547.640625,41984.75
test_id_test_id_000957_26,test_id_000957,188,communication_heavy,3,5,test_id_000957_t3_c5,little,little_0,3,1.5,1.0,187,306667.78,309176.6875,335762.5,343355.78125,360282.25,4,1.8334926572250265,LO,343355.78125,0.0,343355.78125,306667.78125,51105.5625
test_id_test_id_000957_27,test_id_000957,188,communication_heavy,3,6,test_id_000957_t3_c6,big,big_0,0,1.0,0.9,187,522122.16,513800.1875,557368.375,570043.9375,594606.75,4,1.8334926572250265,LO,570043.9375,0.0,570043.9375,522122.15625,80806.5625
test_id_test_id_000957_28,test_id_000957,32,random,4,0,test_id_000957_t4_c0,little,little_1,1,0.9,0.86,31,76654.35,78327.890625,92890.96875,97006.828125,107166.390625,4,1.8334926572250265,LO,97006.828125,0.0,97006.828125,76654.3515625,28838.5
test_id_test_id_000957_29,test_id_000957,32,random,4,1,test_id_000957_t4_c1,big,big_1,2,1.8,1.06,31,29062.027,29713.546875,42209.21875,46132.234375,55026.15625,4,1.8334926572250265,LO,46132.234375,0.0,46132.234375,29062.02734375,25312.609375
test_id_test_id_000957_30,test_id_000957,32,random,4,2,test_id_000957_t4_c2,little,little_0,2,1.2,0.93,31,58605.76,58800.8125,72311.53125,76189.71875,85538.46875,4,1.8334926572250265,LO,76189.71875,0.0,76189.71875,58605.76171875,26737.65625
test_id_test_id_000957_31,test_id_000957,32,random,4,3,test_id_000957_t4_c3,big,big_0,3,2.2,1.15,31,21810.127,25371.078125,37851.3125,41816.328125,50700.390625,4,1.8334926572250265,LO,41816.328125,0.0,41816.328125,21810.126953125,25329.3125
test_id_test_id_000957_32,test_id_000957,32,random,4,4,test_id_000957_t4_c4,little,little_1,3,1.5,1.0,31,52075.62,52341.359375,65712.234375,69642.515625,78948.75,4,1.8334926572250265,LO,69642.515625,0.0,69642.515625,52075.62109375,26607.390625
test_id_test_id_000957_33,test_id_000957,32,random,4,5,test_id_000957_t4_c5,big,big_0,0,1.0,0.9,31,44443.297,43311.28125,56117.25,59958.875,68954.28125,4,1.8334926572250265,LO,59958.875,0.0,59958.875,44443.296875,25643.0
test_id_test_id_000957_34,test_id_000957,32,random,4,6,test_id_000957_t4_c6,little,little_0,0,0.6,0.8,31,115959.12,107755.515625,123183.03125,127608.3125,138516.265625,4,1.8334926572250265,LO,127608.3125,0.0,127608.3125,115959.1171875,30760.75
test_id_test_id_000957_35,test_id_000957,241,diverse_fill_1,5,0,test_id_000957_t5_c0,big,big_0,2,1.8,1.06,240,56154.133,56746.359375,69968.78125,73757.4375,82910.4375,4,1.8334926572250265,LO,73757.4375,0.0,73757.4375,56154.1328125,26164.078125
test_id_test_id_000957_36,test_id_000957,241,diverse_fill_1,5,1,test_id_000957_t5_c1,little,little_0,2,1.2,0.93,240,127889.445,130176.109375,146073.6875,150601.875,161647.34375,4,1.8334926572250265,LO,150601.875,0.0,150601.875,127889.4453125,31471.234375
test_id_test_id_000957_37,test_id_000957,241,diverse_fill_1,5,2,test_id_000957_t5_c2,big,big_0,3,2.2,1.15,240,50869.01,52999.640625,66050.046875,69824.765625,78880.96875,4,1.8334926572250265,LO,69824.765625,0.0,69824.765625,50869.01171875,25881.328125
test_id_test_id_000957_38,test_id_000957,241,diverse_fill_1,5,3,test_id_000957_t5_c3,little,little_0,3,1.5,1.0,240,101327.82,98070.59375,112896.671875,116971.375,127214.0,4,1.8334926572250265,LO,116971.375,0.0,116971.375,101327.8203125,29143.40625
test_id_test_id_000957_39,test_id_000957,241,diverse_fill_1,5,4,test_id_000957_t5_c4,big,big_1,0,1.0,0.9,240,98503.27,98907.515625,113985.5,118195.78125,128710.59375,4,1.8334926572250265,LO,118195.78125,0.0,118195.78125,98503.2734375,29803.078125
test_id_test_id_000957_40,test_id_000957,241,diverse_fill_1,5,5,test_id_000957_t5_c5,little,little_1,0,0.6,0.8,240,245642.52,230283.765625,253220.109375,260213.171875,276131.0,4,1.8334926572250265,LO,260213.171875,0.0,260213.171875,245642.515625,45847.234375
test_id_test_id_000957_41,test_id_000957,241,diverse_fill_1,5,6,test_id_000957_t5_c6,big,big_0,1,1.4,0.98,240,80697.48,89441.546875,104137.5,108192.953125,118351.0,4,1.8334926572250265,LO,108192.953125,0.0,108192.953125,80697.4765625,28909.453125
test_id_test_id_000974_00,test_id_000974,3,source_like,0,0,test_id_000974_t0_c0,little,little_1,2,1.2,0.93,2,121510.81,121909.46875,137448.5625,141834.59375,152632.25,4,1.8334926572250265,HI,141834.59375,15665.78125,157500.375,121510.8125,30722.78125
test_id_test_id_000974_01,test_id_000974,3,source_like,0,1,test_id_000974_t0_c1,big,big_1,3,2.2,1.15,2,46211.473,44242.140625,56955.8125,60701.703125,69518.890625,4,1.8334926572250265,HI,60701.703125,15665.78125,76367.484375,46211.47265625,25276.75
test_id_test_id_000974_02,test_id_000974,3,source_like,0,2,test_id_000974_t0_c2,little,little_1,3,1.5,1.0,2,104558.78,97775.0625,112650.265625,116725.4375,126972.359375,4,1.8334926572250265,HI,116725.4375,15665.78125,132391.21875,104558.78125,29197.296875
test_id_test_id_000974_03,test_id_000974,3,source_like,0,3,test_id_000974_t0_c3,big,big_0,0,1.0,0.9,2,103285.35,97099.40625,112111.421875,116278.359375,126707.8125,4,1.8334926572250265,HI,116278.359375,15665.78125,131944.140625,103285.3515625,29608.40625
test_id_test_id_000974_04,test_id_000974,3,source_like,0,4,test_id_000974_t0_c4,little,little_0,0,0.6,0.8,2,239328.22,229657.921875,252663.21875,259682.71875,275640.46875,4,1.8334926572250265,HI,259682.71875,15665.78125,275348.5,239328.21875,45982.546875
test_id_test_id_000974_05,test_id_000974,3,source_like,0,5,test_id_000974_t0_c5,big,big_0,1,1.4,0.98,2,68705.7,68502.09375,82351.015625,86249.21875,95820.84375,4,1.8334926572250265,HI,86249.21875,15665.78125,101915.0,68705.703125,27318.75
test_id_test_id_000974_06,test_id_000974,3,source_like,0,6,test_id_000974_t0_c6,little,little_1,1,0.9,0.86,2,192158.84,169934.875,188073.796875,193505.140625,206153.671875,4,1.8334926572250265,HI,193505.140625,15665.78125,209170.921875,192158.84375,36218.796875
test_id_test_id_000974_07,test_id_000974,5,sink_like,1,0,test_id_000974_t1_c0,big,big_0,3,2.2,1.15,4,90015.945,94589.640625,109062.828125,113035.953125,123060.4375,4,1.8334926572250265,HI,113035.953125,15665.78125,128701.734375,90015.9453125,28470.796875
test_id_test_id_000974_08,test_id_000974,5,sink_like,1,1,test_id_000974_t1_c1,little,little_1,3,1.5,1.0,4,235333.7,227896.53125,248961.609375,255175.890625,269272.09375,4,1.8334926572250265,HI,255175.890625,15665.78125,270841.671875,235333.703125,41375.5625
test_id_test_id_000974_09,test_id_000974,5,sink_like,1,2,test_id_000974_t1_c2,big,big_0,0,1.0,0.9,4,212005.94,209834.34375,229980.75,235999.0,249716.3125,4,1.8334926572250265,HI,235999.0,15665.78125,251664.78125,212005.9375,39881.96875
test_id_test_id_000974_10,test_id_000974,5,sink_like,1,3,test_id_000974_t1_c3,little,little_0,0,0.6,0.8,4,472752.25,458047.65625,494646.5625,504888.25,525849.3125,4,1.8334926572250265,HI,504888.25,15665.78125,520554.03125,472752.25,67801.65625
test_id_test_id_000974_11,test_id_000974,5,sink_like,1,4,test_id_000974_t1_c4,big,big_0,1,1.4,0.98,4,168154.02,160627.84375,177882.59375,182927.84375,194835.96875,4,1.8334926572250265,HI,182927.84375,15665.78125,198593.625,168154.015625,34208.125
test_id_test_id_000974_12,test_id_000974,5,sink_like,1,5,test_id_000974_t1_c5,little,little_0,1,0.9,0.86,4,305933.12,298920.5,324663.5625,332008.59375,348467.46875,4,1.8334926572250265,HI,332008.59375,15665.78125,347674.375,305933.125,49546.96875
test_id_test_id_000974_13,test_id_000974,5,sink_like,1,6,test_id_000974_t1_c6,big,big_1,2,1.8,1.06,4,103282.195,106957.6875,121763.78125,125847.984375,136099.359375,4,1.8334926572250265,HI,125847.984375,15665.78125,141513.765625,103282.1953125,29141.671875
test_id_test_id_000974_14,test_id_000974,26,middle,2,0,test_id_000974_t2_c0,little,little_0,3,1.5,1.0,25,317467.28,310829.3125,337577.1875,345219.96875,362242.75,4,1.8334926572250265,HI,345219.96875,15665.78125,360885.75,317467.28125,51413.4375
test_id_test_id_000974_15,test_id_000974,26,middle,2,1,test_id_000974_t2_c1,big,big_1,0,1.0,0.9,25,372673.5,380059.90625,412361.6875,421485.84375,441249.0625,4,1.8334926572250265,HI,421485.84375,15665.78125,437151.625,372673.5,61189.15625
test_id_test_id_000974_16,test_id_000974,26,middle,2,2,test_id_000974_t2_c2,little,little_0,0,0.6,0.8,25,783472.3,747231.6875,808999.5625,827696.8125,859410.625,4,1.8334926572250265,HI,827696.8125,15665.78125,843362.59375,783472.3125,112178.9375
test_id_test_id_000974_17,test_id_000974,26,middle,2,3,test_id_000974_t2_c3,big,big_1,1,1.4,0.98,25,284768.9,287726.34375,312784.3125,320000.3125,336164.875,4,1.8334926572250265,HI,320000.3125,15665.78125,335666.09375,284768.90625,48438.53125
test_id_test_id_000974_18,test_id_000974,26,middle,2,4,test_id_000974_t2_c4,little,little_1,1,0.9,0.86,25,598269.2,582327.25,631454.875,645982.3125,672599.125,4,1.8334926572250265,HI,645982.3125,15665.78125,661648.09375,598269.1875,90271.875
test_id_test_id_000974_19,test_id_000974,26,middle,2,5,test_id_000974_t2_c5,big,big_0,2,1.8,1.06,25,200549.39,194890.9375,214183.125,219949.03125,233176.625,4,1.8334926572250265,HI,219949.03125,15665.78125,235614.8125,200549.390625,38285.6875
test_id_test_id_000974_20,test_id_000974,26,middle,2,6,test_id_000974_t2_c6,little,little_1,2,1.2,0.93,25,391421.8,352709.4375,382659.5,391118.5625,409711.875,4,1.8334926572250265,HI,391118.5625,15665.78125,406784.34375,391421.8125,57002.4375
test_id_test_id_000974_21,test_id_000974,16,high_degree,3,0,test_id_000974_t3_c0,big,big_1,0,1.0,0.9,15,276171.94,263072.125,286448.90625,293243.125,308562.71875,4,1.8334926572250265,HI,293243.125,15665.78125,308908.90625,276171.9375,45490.59375
test_id_test_id_000974_22,test_id_000974,16,high_degree,3,1,test_id_000974_t3_c1,little,little_1,0,0.6,0.8,15,544301.56,550997.625,594161.375,606548.4375,629544.5625,4,1.8334926572250265,HI,606548.4375,15665.78125,622214.21875,544301.5625,78546.9375
test_id_test_id_000974_23,test_id_000974,16,high_degree,3,2,test_id_000974_t3_c2,big,big_0,1,1.4,0.98,15,225894.75,222340.96875,243151.84375,249318.890625,263327.78125,4,1.8334926572250265,HI,249318.890625,15665.78125,264984.671875,225894.75,40986.8125
test_id_test_id_000974_24,test_id_000974,16,high_degree,3,3,test_id_000974_t3_c3,little,little_1,1,0.9,0.86,15,344220.84,343342.0625,372394.28125,380591.8125,398696.25,4,1.8334926572250265,HI,380591.8125,15665.78125,396257.59375,344220.84375,55354.1875
test_id_test_id_000974_25,test_id_000974,16,high_degree,3,4,test_id_000974_t3_c4,big,big_0,2,1.8,1.06,15,149338.2,148144.21875,164705.640625,169479.9375,180909.34375,4,1.8334926572250265,HI,169479.9375,15665.78125,185145.71875,149338.203125,32765.125
test_id_test_id_000974_26,test_id_000974,16,high_degree,3,5,test_id_000974_t3_c5,little,little_1,2,1.2,0.93,15,345705.56,325137.75,352958.125,360866.25,378408.59375,4,1.8334926572250265,HI,360866.25,15665.78125,376532.03125,345705.5625,53270.84375
test_id_test_id_000974_27,test_id_000974,16,high_degree,3,6,test_id_000974_t3_c6,big,big_0,3,2.2,1.15,15,139553.48,137628.40625,153704.84375,158269.8125,169348.75,4,1.8334926572250265,HI,158269.8125,15665.78125,173935.59375,139553.484375,31720.34375
test_id_test_id_000974_28,test_id_000974,40,communication_heavy,4,0,test_id_000974_t4_c0,little,little_0,0,0.6,0.8,39,503578.47,521366.53125,563393.625,575434.0625,598597.4375,4,1.8334926572250265,HI,575434.0625,15665.78125,591099.84375,503578.46875,77230.90625
test_id_test_id_000974_29,test_id_000974,40,communication_heavy,4,1,test_id_000974_t4_c1,big,big_1,1,1.4,0.98,39,244150.17,261584.828125,284834.03125,291599.75,306835.4375,4,1.8334926572250265,HI,291599.75,15665.78125,307265.53125,244150.171875,45250.609375
test_id_test_id_000974_30,test_id_000974,40,communication_heavy,4,2,test_id_000974_t4_c2,little,little_0,1,0.9,0.86,39,570069.25,556736.4375,603883.5625,617754.0,643672.0,4,1.8334926572250265,HI,617754.0,15665.78125,633419.78125,570069.25,86935.5625
test_id_test_id_000974_31,test_id_000974,40,communication_heavy,4,3,test_id_000974_t4_c3,big,big_1,2,1.8,1.06,39,215406.19,231314.625,252718.375,259054.921875,273400.78125,4,1.8334926572250265,HI,259054.921875,15665.78125,274720.703125,215406.1875,42086.15625
test_id_test_id_000974_32,test_id_000974,40,communication_heavy,4,4,test_id_000974_t4_c4,little,little_0,2,1.2,0.93,39,363746.3,349840.4375,379632.4375,388060.53125,406585.78125,4,1.8334926572250265,HI,388060.53125,15665.78125,403726.3125,363746.3125,56745.34375
test_id_test_id_000974_33,test_id_000974,40,communication_heavy,4,5,test_id_000974_t4_c5,big,big_0,3,2.2,1.15,39,156378.42,163398.296875,180743.875,185817.0625,197768.4375,4,1.8334926572250265,HI,185817.0625,15665.78125,201482.84375,156378.421875,34370.140625
test_id_test_id_000974_34,test_id_000974,40,communication_heavy,4,6,test_id_000974_t4_c6,little,little_0,3,1.5,1.0,39,282591.88,301911.28125,327983.09375,335448.9375,352109.28125,4,1.8334926572250265,HI,335448.9375,15665.78125,351114.71875,282591.875,50198.0
test_id_test_id_000974_35,test_id_000974,46,random,5,0,test_id_000974_t5_c0,big,big_0,1,1.4,0.98,45,200572.94,209189.875,229190.0,235131.578125,248694.109375,4,1.8334926572250265,HI,235131.578125,15665.78125,250797.359375,200572.9375,39504.234375
test_id_test_id_000974_36,test_id_000974,46,random,5,1,test_id_000974_t5_c1,little,little_1,1,0.9,0.86,45,324684.4,332360.75,360688.46875,368708.75,386491.96875,4,1.8334926572250265,HI,368708.75,15665.78125,384374.53125,324684.40625,54131.21875
test_id_test_id_000974_37,test_id_000974,46,random,5,2,test_id_000974_t5_c2,big,big_1,2,1.8,1.06,45,123406.016,132698.234375,148438.90625,152882.6875,163740.8125,4,1.8334926572250265,HI,152882.6875,15665.78125,168548.46875,123406.015625,31042.578125
test_id_test_id_000974_38,test_id_000974,46,random,5,3,test_id_000974_t5_c3,little,little_0,2,1.2,0.93,45,286108.62,282677.625,307322.625,314409.03125,330316.8125,4,1.8334926572250265,HI,314409.03125,15665.78125,330074.8125,286108.625,47639.1875
test_id_test_id_000974_39,test_id_000974,46,random,5,4,test_id_000974_t5_c4,big,big_0,3,2.2,1.15,45,119218.13,128304.515625,143896.171875,148265.65625,159006.21875,4,1.8334926572250265,HI,148265.65625,15665.78125,163931.4375,119218.1328125,30701.703125
test_id_test_id_000974_40,test_id_000974,46,random,5,5,test_id_000974_t5_c5,little,little_1,3,1.5,1.0,45,184558.83,193549.90625,212516.859375,218115.5625,231037.359375,4,1.8334926572250265,HI,218115.5625,15665.78125,233781.34375,184558.828125,37487.453125
test_id_test_id_000974_41,test_id_000974,46,random,5,6,test_id_000974_t5_c6,big,big_0,0,1.0,0.9,45,293731.97,306682.375,333081.21875,340598.4375,357404.125,4,1.8334926572250265,HI,340598.4375,15665.78125,356264.21875,293731.96875,50721.75
test_id_test_id_000979_00,test_id_000979,5,source_like,0,0,test_id_000979_t0_c0,big,big_0,3,2.2,1.15,4,27482.838,31751.984375,44183.828125,48005.734375,56722.765625,4,1.8334926572250265,LO,48005.734375,0.0,48005.734375,27482.837890625,24970.78125
test_id_test_id_000979_01,test_id_000979,5,source_like,0,1,test_id_000979_t0_c1,little,little_0,3,1.5,1.0,4,62039.996,65333.5625,79167.734375,83084.6875,92626.90625,4,1.8334926572250265,LO,83084.6875,0.0,83084.6875,62039.99609375,27293.34375
test_id_test_id_000979_02,test_id_000979,5,source_like,0,2,test_id_000979_t0_c2,big,big_1,0,1.0,0.9,4,66492.55,66330.609375,80340.875,84353.5,94108.25,4,1.8334926572250265,LO,84353.5,0.0,84353.5,66492.546875,27777.640625
test_id_test_id_000979_03,test_id_000979,5,source_like,0,3,test_id_000979_t0_c3,little,little_0,0,0.6,0.8,4,153277.17,145312.765625,162694.125,167897.5625,180199.015625,4,1.8334926572250265,LO,167897.5625,0.0,167897.5625,153277.171875,34886.25
test_id_test_id_000979_04,test_id_000979,5,source_like,0,4,test_id_000979_t0_c4,big,big_0,1,1.4,0.98,4,44069.332,44037.171875,56866.46875,60690.0625,69654.078125,4,1.8334926572250265,LO,60690.0625,0.0,60690.0625,44069.33203125,25616.90625
test_id_test_id_000979_05,test_id_000979,5,source_like,0,5,test_id_000979_t0_c5,little,little_0,1,0.9,0.86,4,103571.47,100691.53125,115809.171875,120051.234375,130620.4375,4,1.8334926572250265,LO,120051.234375,0.0,120051.234375,103571.46875,29928.90625
test_id_test_id_000979_06,test_id_000979,5,source_like,0,6,test_id_000979_t0_c6,big,big_0,2,1.8,1.06,4,37745.066,38873.953125,51553.40625,55403.6875,64320.421875,4,1.8334926572250265,LO,55403.6875,0.0,55403.6875,37745.06640625,25446.46875
test_id_test_id_000979_07,test_id_000979,57,sink_like,1,0,test_id_000979_t1_c0,little,little_0,3,1.5,1.0,56,307456.03,307088.25,333550.40625,341111.96875,357968.625,4,1.8334926572250265,LO,341111.96875,0.0,341111.96875,307456.03125,50880.375
test_id_test_id_000979_08,test_id_000979,57,sink_like,1,1,test_id_000979_t1_c1,big,big_1,0,1.0,0.9,56,313516.44,326003.4375,353873.625,361774.0,379342.8125,4,1.8334926572250265,LO,361774.0,0.0,361774.0,313516.4375,53339.375
test_id_test_id_000979_09,test_id_000979,57,sink_like,1,2,test_id_000979_t1_c2,little,little_1,0,0.6,0.8,56,469595.66,478950.90625,518057.3125,529157.125,551465.6875,4,1.8334926572250265,LO,529157.125,0.0,529157.125,469595.65625,72514.78125
test_id_test_id_000979_10,test_id_000979,57,sink_like,1,3,test_id_000979_t1_c3,big,big_1,1,1.4,0.98,56,236080.03,236028.765625,257681.921875,264060.40625,278503.0625,4,1.8334926572250265,LO,264060.40625,0.0,264060.40625,236080.03125,42474.296875
test_id_test_id_000979_11,test_id_000979,57,sink_like,1,4,test_id_000979_t1_c4,little,little_1,1,0.9,0.86,56,421395.25,419865.875,455446.28125,465536.0,486803.0,4,1.8334926572250265,LO,465536.0,0.0,465536.0,421395.25,66937.125
test_id_test_id_000979_12,test_id_000979,57,sink_like,1,5,test_id_000979_t1_c5,big,big_0,2,1.8,1.06,56,234076.58,239450.84375,261377.65625,267851.6875,282476.84375,4,1.8334926572250265,LO,267851.6875,0.0,267851.6875,234076.578125,43026.0
test_id_test_id_000979_13,test_id_000979,57,sink_like,1,6,test_id_000979_t1_c6,little,little_0,2,1.2,0.93,56,407924.38,410337.09375,445358.90625,455306.375,476385.4375,4,1.8334926572250265,LO,455306.375,0.0,455306.375,407924.375,66048.34375
test_id_test_id_000979_14,test_id_000979,83,middle,2,0,test_id_000979_t2_c0,big,big_1,0,1.0,0.9,82,197027.72,208285.40625,228158.59375,234041.828125,247500.375,4,1.8334926572250265,LO,234041.828125,0.0,234041.828125,197027.71875,39214.96875
test_id_test_id_000979_15,test_id_000979,83,middle,2,1,test_id_000979_t2_c1,little,little_0,0,0.6,0.8,82,348439.97,355074.375,384789.1875,393081.1875,411459.3125,4,1.8334926572250265,LO,393081.1875,0.0,393081.1875,348439.96875,56384.9375
test_id_test_id_000979_16,test_id_000979,83,middle,2,2,test_id_000979_t2_c2,big,big_0,1,1.4,0.98,82,196953.3,195679.625,214845.84375,220540.71875,233624.28125,4,1.8334926572250265,LO,220540.71875,0.0,220540.71875,196953.296875,37944.65625
test_id_test_id_000979_17,test_id_000979,83,middle,2,3,test_id_000979_t2_c3,little,little_0,1,0.9,0.86,82,278584.44,276051.5625,300177.125,307109.71875,322733.875,4,1.8334926572250265,LO,307109.71875,0.0,307109.71875,278584.4375,46682.3125
test_id_test_id_000979_18,test_id_000979,83,middle,2,4,test_id_000979_t2_c4,big,big_1,2,1.8,1.06,82,156746.1,177041.65625,195193.65625,200566.625,213055.75,4,1.8334926572250265,LO,200566.625,0.0,200566.625,156746.09375,36014.09375
test_id_test_id_000979_19,test_id_000979,83,middle,2,5,test_id_000979_t2_c5,little,little_0,2,1.2,0.93,82,276830.97,293990.0625,319466.5,326763.84375,343098.125,4,1.8334926572250265,LO,326763.84375,0.0,326763.84375,276830.96875,49108.0625
test_id_test_id_000979_20,test_id_000979,83,middle,2,6,test_id_000979_t2_c6,big,big_0,3,2.2,1.15,82,124604.58,132096.640625,147878.078125,152314.28125,163169.90625,4,1.8334926572250265,LO,152314.28125,0.0,152314.28125,124604.578125,31073.265625
test_id_test_id_000979_21,test_id_000979,23,high_degree,3,0,test_id_000979_t3_c0,little,little_1,0,0.6,0.8,22,397037.94,403740.375,435808.25,444533.0625,463383.8125,4,1.8334926572250265,LO,444533.0625,0.0,444533.0625,397037.9375,59643.4375
test_id_test_id_000979_22,test_id_000979,23,high_degree,3,1,test_id_000979_t3_c1,big,big_0,1,1.4,0.98,22,135818.0,134933.65625,150932.9375,155471.625,166515.5,4,1.8334926572250265,LO,155471.625,0.0,155471.625,135818.0,31581.84375
test_id_test_id_000979_23,test_id_000979,23,high_degree,3,2,test_id_000979_t3_c2,little,little_0,1,0.9,0.86,22,262702.7,242977.75,265076.8125,271558.84375,286239.1875,4,1.8334926572250265,LO,271558.84375,0.0,271558.84375,262702.6875,43261.4375
test_id_test_id_000979_24,test_id_000979,23,high_degree,3,3,test_id_000979_t3_c3,big,big_1,2,1.8,1.06,22,113041.33,109846.65625,124880.8125,129015.84375,139379.265625,4,1.8334926572250265,LO,129015.84375,0.0,129015.84375,113041.328125,29532.609375
test_id_test_id_000979_25,test_id_000979,23,high_degree,3,4,test_id_000979_t3_c4,little,little_0,2,1.2,0.93,22,190933.56,187831.25,206661.0,212292.203125,225253.25,4,1.8334926572250265,LO,212292.203125,0.0,212292.203125,190933.5625,37422.0
test_id_test_id_000979_26,test_id_000979,23,high_degree,3,5,test_id_000979_t3_c5,big,big_1,3,2.2,1.15,22,78162.016,77637.71875,91641.484375,95513.078125,105191.609375,4,1.8334926572250265,LO,95513.078125,0.0,95513.078125,78162.015625,27553.890625
test_id_test_id_000979_27,test_id_000979,23,high_degree,3,6,test_id_000979_t3_c6,little,little_1,3,1.5,1.0,22,168711.31,161662.75,178968.859375,184035.890625,195978.984375,4,1.8334926572250265,LO,184035.890625,0.0,184035.890625,168711.3125,34316.234375
test_id_test_id_000979_28,test_id_000979,160,communication_heavy,4,0,test_id_000979_t4_c0,big,big_0,1,1.4,0.98,159,401730.28,387727.875,420643.71875,429927.875,449966.21875,4,1.8334926572250265,LO,429927.875,0.0,429927.875,401730.28125,62238.34375
test_id_test_id_000979_29,test_id_000979,160,communication_heavy,4,1,test_id_000979_t4_c1,little,little_0,1,0.9,0.86,159,587207.94,573399.625,621491.9375,635689.75,661760.375,4,1.8334926572250265,LO,635689.75,0.0,635689.75,587207.9375,88360.75
test_id_test_id_000979_30,test_id_000979,160,communication_heavy,4,2,test_id_000979_t4_c2,big,big_1,2,1.8,1.06,159,343511.1,352681.8125,382700.15625,391178.9375,409822.5,4,1.8334926572250265,LO,391178.9375,0.0,391178.9375,343511.09375,57140.6875
test_id_test_id_000979_31,test_id_000979,160,communication_heavy,4,3,test_id_000979_t4_c3,little,little_1,2,1.2,0.93,159,659641.6,628526.0625,683719.0,700498.875,730405.0625,4,1.8334926572250265,LO,700498.875,0.0,700498.875,659641.625,101879.0
test_id_test_id_000979_32,test_id_000979,160,communication_heavy,4,4,test_id_000979_t4_c4,big,big_0,3,2.2,1.15,159,286482.5,285074.625,309938.3125,317113.0,333195.40625,4,1.8334926572250265,LO,317113.0,0.0,317113.0,286482.5,48120.78125
test_id_test_id_000979_33,test_id_000979,160,communication_heavy,4,5,test_id_000979_t4_c5,little,little_0,3,1.5,1.0,159,421915.22,416795.875,452369.75,462472.4375,483795.84375,4,1.8334926572250265,LO,462472.4375,0.0,462472.4375,421915.21875,66999.96875
test_id_test_id_000979_34,test_id_000979,160,communication_heavy,4,6,test_id_000979_t4_c6,big,big_1,0,1.0,0.9,159,615496.4,609777.25,661594.1875,677173.25,704925.375,4,1.8334926572250265,LO,677173.25,0.0,677173.25,615496.375,95148.125
test_id_test_id_000979_35,test_id_000979,173,random,5,0,test_id_000979_t5_c0,little,little_1,1,0.9,0.86,172,563953.6,518959.9375,562929.875,575729.3125,600451.625,4,1.8334926572250265,LO,575729.3125,0.0,575729.3125,563953.625,81491.6875
test_id_test_id_000979_36,test_id_000979,173,random,5,1,test_id_000979_t5_c1,big,big_1,2,1.8,1.06,172,199613.89,188478.3125,207346.28125,212964.578125,225915.265625,4,1.8334926572250265,LO,212964.578125,0.0,212964.578125,199613.890625,37436.953125
test_id_test_id_000979_37,test_id_000979,173,random,5,2,test_id_000979_t5_c2,little,little_0,2,1.2,0.93,172,379321.9,371537.8125,403187.625,412138.96875,431592.53125,4,1.8334926572250265,LO,412138.96875,0.0,412138.96875,379321.90625,60054.71875
test_id_test_id_000979_38,test_id_000979,173,random,5,3,test_id_000979_t5_c3,big,big_1,3,2.2,1.15,172,159371.73,156825.53125,173855.109375,178810.34375,190555.453125,4,1.8334926572250265,LO,178810.34375,0.0,178810.34375,159371.734375,33729.921875
test_id_test_id_000979_39,test_id_000979,173,random,5,4,test_id_000979_t5_c4,little,little_0,3,1.5,1.0,172,295765.4,283873.03125,308645.46875,315792.1875,331798.9375,4,1.8334926572250265,LO,315792.1875,0.0,315792.1875,295765.40625,47925.90625
test_id_test_id_000979_40,test_id_000979,173,random,5,5,test_id_000979_t5_c5,big,big_1,0,1.0,0.9,172,280764.75,270783.96875,294641.375,301540.0625,317081.625,4,1.8334926572250265,LO,301540.0625,0.0,301540.0625,280764.75,46297.65625
test_id_test_id_000979_41,test_id_000979,173,random,5,6,test_id_000979_t5_c6,little,little_0,0,0.6,0.8,172,584114.6,591898.0,639346.625,653320.1875,678220.0,4,1.8334926572250265,LO,653320.1875,0.0,653320.1875,584114.625,86322.0
test_id_test_id_000986_00,test_id_000986,1,source_like,0,0,test_id_000986_t0_c0,little,little_0,0,0.6,0.8,0,253582.86,257408.890625,281629.3125,288758.46875,305039.5625,4,1.8334926572250265,HI,288758.46875,15665.78125,304424.25,253582.859375,47630.671875
test_id_test_id_000986_01,test_id_000986,1,source_like,0,1,test_id_000986_t0_c1,big,big_0,1,1.4,0.98,0,67607.81,69240.0,83108.0,87001.8125,96577.234375,4,1.8334926572250265,HI,87001.8125,15665.78125,102667.59375,67607.8125,27337.234375
test_id_test_id_000986_02,test_id_000986,1,source_like,0,2,test_id_000986_t0_c2,little,little_1,1,0.9,0.86,0,157242.66,166344.6875,184542.1875,190037.25,202815.5625,4,1.8334926572250265,HI,190037.25,15665.78125,205703.03125,157242.65625,36470.875
test_id_test_id_000986_03,test_id_000986,1,source_like,0,3,test_id_000986_t0_c3,big,big_0,2,1.8,1.06,0,55482.723,58114.0,71432.453125,75229.84375,84413.609375,4,1.8334926572250265,HI,75229.84375,15665.78125,90895.625,55482.72265625,26299.609375
test_id_test_id_000986_04,test_id_000986,1,source_like,0,4,test_id_000986_t0_c4,little,little_1,2,1.2,0.93,0,131290.8,131585.34375,147432.53125,151944.0,162941.40625,4,1.8334926572250265,HI,151944.0,15665.78125,167609.78125,131290.796875,31356.0625
test_id_test_id_000986_05,test_id_000986,1,source_like,0,5,test_id_000986_t0_c5,big,big_0,3,2.2,1.15,0,48008.29,47495.6875,60354.0,64116.09375,73029.3125,4,1.8334926572250265,HI,64116.09375,15665.78125,79781.875,48008.2890625,25533.625
test_id_test_id_000986_06,test_id_000986,1,source_like,0,6,test_id_000986_t0_c6,little,little_0,3,1.5,1.0,0,102207.84,99258.3125,114172.03125,118261.34375,128539.03125,4,1.8334926572250265,HI,118261.34375,15665.78125,133927.125,102207.84375,29280.71875
test_id_test_id_000986_07,test_id_000986,5,sink_like,1,0,test_id_000986_t1_c0,big,big_1,1,1.4,0.98,4,81471.07,102441.4375,117554.046875,121746.75,132235.515625,4,1.8334926572250265,HI,121746.75,15665.78125,137412.53125,81471.0703125,29794.078125
test_id_test_id_000986_08,test_id_000986,5,sink_like,1,1,test_id_000986_t1_c1,little,little_1,1,0.9,0.86,4,153674.61,156318.90625,173835.6875,179049.84375,191325.03125,4,1.8334926572250265,HI,179049.84375,15665.78125,194715.625,153674.609375,35006.125
test_id_test_id_000986_09,test_id_000986,5,sink_like,1,2,test_id_000986_t1_c2,big,big_0,2,1.8,1.06,4,60036.56,65761.0,79397.984375,83250.25,92693.921875,4,1.8334926572250265,HI,83250.25,15665.78125,98916.03125,60036.55859375,26932.921875
test_id_test_id_000986_10,test_id_000986,5,sink_like,1,3,test_id_000986_t1_c3,little,little_1,2,1.2,0.93,4,130783.5,135891.515625,152053.28125,156697.78125,167938.15625,4,1.8334926572250265,HI,156697.78125,15665.78125,172363.5625,130783.5,32046.640625
test_id_test_id_000986_11,test_id_000986,5,sink_like,1,4,test_id_000986_t1_c4,big,big_1,3,2.2,1.15,4,43832.582,52031.671875,65035.328125,68791.609375,77791.0,4,1.8334926572250265,HI,68791.609375,15665.78125,84457.390625,43832.58203125,25759.328125
test_id_test_id_000986_12,test_id_000986,5,sink_like,1,5,test_id_000986_t1_c5,little,little_1,3,1.5,1.0,4,101522.78,106395.53125,121448.046875,125603.28125,136011.6875,4,1.8334926572250265,HI,125603.28125,15665.78125,141269.0625,101522.78125,29616.15625
test_id_test_id_000986_13,test_id_000986,5,sink_like,1,6,test_id_000986_t1_c6,big,big_0,0,1.0,0.9,4,102281.27,111398.0,126866.625,131235.90625,142060.3125,4,1.8334926572250265,HI,131235.90625,15665.78125,146901.6875,102281.2734375,30662.3125
test_id_test_id_000986_14,test_id_000986,189,middle,2,0,test_id_000986_t2_c0,little,little_1,1,0.9,0.86,188,288441.56,312314.71875,339067.9375,346671.25,363646.3125,4,1.8334926572250265,HI,346671.25,15665.78125,362337.03125,288441.5625,51331.59375
test_id_test_id_000986_15,test_id_000986,189,middle,2,1,test_id_000986_t2_c1,big,big_0,2,1.8,1.06,188,109079.84,111731.671875,126750.328125,130891.203125,141253.90625,4,1.8334926572250265,HI,130891.203125,15665.78125,146556.984375,109079.84375,29522.234375
test_id_test_id_000986_16,test_id_000986,189,middle,2,2,test_id_000986_t2_c2,little,little_0,2,1.2,0.93,188,236768.23,249954.15625,272415.96875,278973.4375,293784.1875,4,1.8334926572250265,HI,278973.4375,15665.78125,294639.21875,236768.234375,43830.03125
test_id_test_id_000986_17,test_id_000986,189,middle,2,3,test_id_000986_t2_c3,big,big_0,3,2.2,1.15,188,105008.23,105807.109375,120700.65625,124775.90625,135029.109375,4,1.8334926572250265,HI,124775.90625,15665.78125,140441.6875,105008.2265625,29222.0
test_id_test_id_000986_18,test_id_000986,189,middle,2,4,test_id_000986_t2_c4,little,little_1,3,1.5,1.0,188,174334.08,176738.890625,194856.078125,200209.59375,212670.46875,4,1.8334926572250265,HI,200209.59375,15665.78125,215875.375,174334.078125,35931.578125
test_id_test_id_000986_19,test_id_000986,189,middle,2,5,test_id_000986_t2_c5,big,big_0,0,1.0,0.9,188,179006.23,180428.90625,198857.0,204360.40625,217095.25,4,1.8334926572250265,HI,204360.40625,15665.78125,220026.1875,179006.234375,36666.34375
test_id_test_id_000986_20,test_id_000986,189,middle,2,6,test_id_000986_t2_c6,little,little_0,0,0.6,0.8,188,396781.75,397014.25,429186.4375,438058.25,457283.59375,4,1.8334926572250265,HI,438058.25,15665.78125,453724.03125,396781.75,60269.34375
test_id_test_id_000986_21,test_id_000986,15,high_degree,3,0,test_id_000986_t3_c0,big,big_0,2,1.8,1.06,14,109686.67,118954.890625,134251.015625,138499.53125,149050.1875,4,1.8334926572250265,HI,138499.53125,15665.78125,154165.3125,109686.671875,30095.296875
test_id_test_id_000986_22,test_id_000986,15,high_degree,3,1,test_id_000986_t3_c1,little,little_0,2,1.2,0.93,14,212682.94,211622.25,231851.1875,237888.078125,251632.21875,4,1.8334926572250265,HI,237888.078125,15665.78125,253553.859375,212682.9375,40009.96875
test_id_test_id_000986_23,test_id_000986,15,high_degree,3,2,test_id_000986_t3_c2,big,big_1,3,2.2,1.15,14,110522.8,115533.53125,130772.640625,134970.921875,145448.65625,4,1.8334926572250265,HI,134970.921875,15665.78125,150636.703125,110522.796875,29915.125
test_id_test_id_000986_24,test_id_000986,15,high_degree,3,3,test_id_000986_t3_c3,little,little_1,3,1.5,1.0,14,182985.0,190155.0,209073.109375,214698.140625,227661.578125,4,1.8334926572250265,HI,214698.140625,15665.78125,230363.921875,182985.0,37506.578125
test_id_test_id_000986_25,test_id_000986,15,high_degree,3,4,test_id_000986_t3_c4,big,big_0,0,1.0,0.9,14,185054.61,196712.59375,216091.265625,221893.5625,235192.0625,4,1.8334926572250265,HI,221893.5625,15665.78125,237559.34375,185054.609375,38479.46875
test_id_test_id_000986_26,test_id_000986,15,high_degree,3,5,test_id_000986_t3_c5,little,little_1,0,0.6,0.8,14,368625.38,364257.0,393806.78125,401830.65625,419774.71875,4,1.8334926572250265,HI,401830.65625,15665.78125,417496.4375,368625.375,55517.71875
test_id_test_id_000986_27,test_id_000986,15,high_degree,3,6,test_id_000986_t3_c6,big,big_1,1,1.4,0.98,14,139701.48,145064.40625,161521.15625,166255.1875,177624.84375,4,1.8334926572250265,HI,166255.1875,15665.78125,181920.96875,139701.484375,32560.4375
test_id_test_id_000986_28,test_id_000986,370,communication_heavy,4,0,test_id_000986_t4_c0,little,little_1,2,1.2,0.93,369,400393.12,416864.90625,452364.75,462445.6875,483719.125,4,1.8334926572250265,HI,462445.6875,15665.78125,478111.46875,400393.125,66854.21875
test_id_test_id_000986_29,test_id_000986,370,communication_heavy,4,1,test_id_000986_t4_c1,big,big_1,3,2.2,1.15,369,185591.34,206481.3125,226470.09375,232450.453125,246092.453125,4,1.8334926572250265,HI,232450.453125,15665.78125,248116.234375,185591.34375,39611.140625
test_id_test_id_000986_30,test_id_000986,370,communication_heavy,4,2,test_id_000986_t4_c2,little,little_0,3,1.5,1.0,369,357399.44,410242.3125,445419.65625,455428.5625,476625.71875,4,1.8334926572250265,HI,455428.5625,15665.78125,471094.34375,357399.4375,66383.40625
test_id_test_id_000986_31,test_id_000986,370,communication_heavy,4,3,test_id_000986_t4_c3,big,big_1,0,1.0,0.9,369,306188.66,338100.6875,366854.625,374983.0625,392981.40625,4,1.8334926572250265,HI,374983.0625,15665.78125,390648.84375,306188.65625,54880.71875
test_id_test_id_000986_32,test_id_000986,370,communication_heavy,4,4,test_id_000986_t4_c4,little,little_0,0,0.6,0.8,369,680894.8,715400.875,773845.9375,791621.0625,821422.1875,4,1.8334926572250265,HI,791621.0625,15665.78125,807286.84375,680894.8125,106021.3125
test_id_test_id_000986_33,test_id_000986,370,communication_heavy,4,5,test_id_000986_t4_c5,big,big_1,1,1.4,0.98,369,294999.34,320967.5,348460.0,356276.25,373656.28125,4,1.8334926572250265,HI,356276.25,15665.78125,371942.03125,294999.34375,52688.78125
test_id_test_id_000986_34,test_id_000986,370,communication_heavy,4,6,test_id_000986_t4_c6,little,little_1,1,0.9,0.86,369,547587.8,578781.8125,627575.25,641994.5,668453.5,4,1.8334926572250265,HI,641994.5,15665.78125,657660.28125,547587.8125,89671.6875
test_id_test_id_000986_35,test_id_000986,256,random,5,0,test_id_000986_t5_c0,big,big_0,3,2.2,1.15,255,55388.88,56245.53125,69423.203125,73196.421875,82310.953125,4,1.8334926572250265,HI,73196.421875,15665.78125,88862.203125,55388.87890625,26065.421875
test_id_test_id_000986_36,test_id_000986,256,random,5,1,test_id_000986_t5_c1,little,little_0,3,1.5,1.0,255,120515.375,117710.703125,133097.0625,137381.34375,148015.34375,4,1.8334926572250265,HI,137381.34375,15665.78125,153047.125,120515.375,30304.640625
test_id_test_id_000986_37,test_id_000986,256,random,5,2,test_id_000986_t5_c2,big,big_0,0,1.0,0.9,255,116359.07,119501.171875,135236.953125,139719.890625,150741.046875,4,1.8334926572250265,HI,139719.890625,15665.78125,155385.671875,116359.0703125,31239.875
test_id_test_id_000986_38,test_id_000986,256,random,5,3,test_id_000986_t5_c3,little,little_1,0,0.6,0.8,255,204351.6,225305.234375,247868.90625,254761.625,270433.6875,4,1.8334926572250265,HI,254761.625,15665.78125,270427.40625,204351.59375,45128.453125
test_id_test_id_000986_39,test_id_000986,256,random,5,4,test_id_000986_t5_c4,big,big_1,1,1.4,0.98,255,100178.94,104281.828125,119426.234375,123633.125,134151.453125,4,1.8334926572250265,HI,123633.125,15665.78125,139298.90625,100178.9375,29869.625
test_id_test_id_000986_40,test_id_000986,256,random,5,5,test_id_000986_t5_c5,little,little_1,1,0.9,0.86,255,168457.31,170712.890625,188984.234375,194478.296875,207251.625,4,1.8334926572250265,HI,194478.296875,15665.78125,210144.078125,168457.3125,36538.734375
test_id_test_id_000986_41,test_id_000986,256,random,5,6,test_id_000986_t5_c6,big,big_1,2,1.8,1.06,255,56626.78,61882.125,75331.9375,79143.796875,88439.59375,4,1.8334926572250265,HI,79143.796875,15665.78125,94809.578125,56626.78125,26557.46875
test_id_test_id_000988_00,test_id_000988,2,source_like,0,0,test_id_000988_t0_c0,little,little_1,0,0.6,0.8,1,179172.38,171516.21875,190684.984375,196569.546875,210166.21875,4,1.8334926572250265,LO,196569.546875,0.0,196569.546875,179172.375,38650.0
test_id_test_id_000988_01,test_id_000988,2,source_like,0,1,test_id_000988_t0_c1,big,big_1,1,1.4,0.98,1,53035.87,50730.5,63822.234375,67656.28125,76771.5,4,1.8334926572250265,LO,67656.28125,0.0,67656.28125,53035.87109375,26041.0
test_id_test_id_000988_02,test_id_000988,2,source_like,0,2,test_id_000988_t0_c2,little,little_0,1,0.9,0.86,1,119385.02,119627.65625,135426.453125,139969.703125,151095.3125,4,1.8334926572250265,LO,139969.703125,0.0,139969.703125,119385.0234375,31467.65625
test_id_test_id_000988_03,test_id_000988,2,source_like,0,3,test_id_000988_t0_c3,big,big_0,2,1.8,1.06,1,35768.28,39374.984375,51970.421875,55741.0625,64505.265625,4,1.8334926572250265,LO,55741.0625,0.0,55741.0625,35768.28125,25130.28125
test_id_test_id_000988_04,test_id_000988,2,source_like,0,4,test_id_000988_t0_c4,little,little_0,2,1.2,0.93,1,89835.91,90834.46875,105646.25,109758.3125,120042.265625,4,1.8334926572250265,LO,109758.3125,0.0,109758.3125,89835.90625,29207.796875
test_id_test_id_000988_05,test_id_000988,2,source_like,0,5,test_id_000988_t0_c5,big,big_1,3,2.2,1.15,1,37358.812,36761.21875,49336.75,53162.625,61991.28125,4,1.8334926572250265,LO,53162.625,0.0,53162.625,37358.8125,25230.0625
test_id_test_id_000988_06,test_id_000988,2,source_like,0,6,test_id_000988_t0_c6,little,little_0,3,1.5,1.0,1,76206.95,74979.53125,89210.875,93179.78125,102992.671875,4,1.8334926572250265,LO,93179.78125,0.0,93179.78125,76206.953125,28013.140625
test_id_test_id_000988_07,test_id_000988,33,sink_like,1,0,test_id_000988_t1_c0,big,big_1,1,1.4,0.98,32,218693.55,226713.25,247797.6875,254040.65625,268197.125,4,1.8334926572250265,LO,254040.65625,0.0,254040.65625,218693.546875,41483.875
test_id_test_id_000988_08,test_id_000988,33,sink_like,1,1,test_id_000988_t1_c1,little,little_1,1,0.9,0.86,32,365266.72,364211.8125,395027.75,403716.75,422707.3125,4,1.8334926572250265,LO,403716.75,0.0,403716.75,365266.71875,58495.5
test_id_test_id_000988_09,test_id_000988,33,sink_like,1,2,test_id_000988_t1_c2,big,big_1,2,1.8,1.06,32,203069.7,208622.875,228661.15625,234640.328125,248268.859375,4,1.8334926572250265,LO,234640.328125,0.0,234640.328125,203069.703125,39645.984375
test_id_test_id_000988_10,test_id_000988,33,sink_like,1,3,test_id_000988_t1_c3,little,little_1,2,1.2,0.93,32,275206.22,273140.25,297144.40625,304090.1875,319699.03125,4,1.8334926572250265,LO,304090.1875,0.0,304090.1875,275206.21875,46558.78125
test_id_test_id_000988_11,test_id_000988,33,sink_like,1,4,test_id_000988_t1_c4,big,big_1,3,2.2,1.15,32,114781.79,118900.203125,134080.96875,138307.765625,148799.40625,4,1.8334926572250265,LO,138307.765625,0.0,138307.765625,114781.7890625,29899.203125
test_id_test_id_000988_12,test_id_000988,33,sink_like,1,5,test_id_000988_t1_c5,little,little_1,3,1.5,1.0,32,230716.3,233015.703125,254445.34375,260765.734375,275080.25,4,1.8334926572250265,LO,260765.734375,0.0,260765.734375,230716.296875,42064.546875
test_id_test_id_000988_13,test_id_000988,33,sink_like,1,6,test_id_000988_t1_c6,big,big_1,0,1.0,0.9,32,268198.38,270235.71875,294068.6875,300965.09375,316496.9375,4,1.8334926572250265,LO,300965.09375,0.0,300965.09375,268198.375,46261.21875
test_id_test_id_000988_14,test_id_000988,14,middle,2,0,test_id_000988_t2_c0,little,little_0,1,0.9,0.86,13,208054.56,212157.1875,232645.109375,238790.921875,252784.765625,4,1.8334926572250265,LO,238790.921875,0.0,238790.921875,208054.5625,40627.578125
test_id_test_id_000988_15,test_id_000988,14,middle,2,1,test_id_000988_t2_c1,big,big_0,2,1.8,1.06,13,91975.62,99485.28125,114284.171875,118330.5,128525.140625,4,1.8334926572250265,LO,118330.5,0.0,118330.5,91975.6171875,29039.859375
test_id_test_id_000988_16,test_id_000988,14,middle,2,2,test_id_000988_t2_c2,little,little_1,2,1.2,0.93,13,168463.12,180977.59375,199387.9375,204866.21875,217555.625,4,1.8334926572250265,LO,204866.21875,0.0,204866.21875,168463.125,36578.03125
test_id_test_id_000988_17,test_id_000988,14,middle,2,3,test_id_000988_t2_c3,big,big_0,3,2.2,1.15,13,60015.9,67057.96875,80672.578125,84479.21875,93860.75,4,1.8334926572250265,LO,84479.21875,0.0,84479.21875,60015.8984375,26802.78125
test_id_test_id_000988_18,test_id_000988,14,middle,2,4,test_id_000988_t2_c4,little,little_0,3,1.5,1.0,13,132903.95,139251.0625,155418.46875,160032.15625,171197.125,4,1.8334926572250265,LO,160032.15625,0.0,160032.15625,132903.953125,31946.0625
test_id_test_id_000988_19,test_id_000988,14,middle,2,5,test_id_000988_t2_c5,big,big_0,0,1.0,0.9,13,145716.53,156966.15625,174276.75,179405.03125,191499.59375,4,1.8334926572250265,LO,179405.03125,0.0,179405.03125,145716.53125,34533.4375
test_id_test_id_000988_20,test_id_000988,14,middle,2,6,test_id_000988_t2_c6,little,little_0,0,0.6,0.8,13,302642.97,319814.875,346707.15625,354064.34375,370976.625,4,1.8334926572250265,LO,354064.34375,0.0,354064.34375,302642.96875,51161.75
test_id_test_id_000988_21,test_id_000988,45,communication_heavy,3,0,test_id_000988_t3_c0,big,big_0,2,1.8,1.06,44,335132.88,321521.78125,349043.6875,356866.1875,374264.5,4,1.8334926572250265,LO,356866.1875,0.0,356866.1875,335132.875,52742.71875
test_id_test_id_000988_22,test_id_000988,45,communication_heavy,3,1,test_id_000988_t3_c1,little,little_0,2,1.2,0.93,44,562962.3,525224.6875,570278.5,583497.875,608876.5,4,1.8334926572250265,LO,583497.875,0.0,583497.875,562962.3125,83651.8125
test_id_test_id_000988_23,test_id_000988,45,communication_heavy,3,2,test_id_000988_t3_c2,big,big_1,3,2.2,1.15,44,288357.4,260528.109375,283765.6875,290555.875,305835.3125,4,1.8334926572250265,LO,290555.875,0.0,290555.875,288357.40625,45307.203125
test_id_test_id_000988_24,test_id_000988,45,communication_heavy,3,3,test_id_000988_t3_c3,little,little_0,3,1.5,1.0,44,355140.22,341666.90625,370831.8125,379096.4375,397320.1875,4,1.8334926572250265,LO,379096.4375,0.0,379096.4375,355140.21875,55653.28125
test_id_test_id_000988_25,test_id_000988,45,communication_heavy,3,4,test_id_000988_t3_c4,big,big_1,0,1.0,0.9,44,467242.44,454990.84375,493632.28125,504683.53125,527298.4375,4,1.8334926572250265,LO,504683.53125,0.0,504683.53125,467242.4375,72307.59375
test_id_test_id_000988_26,test_id_000988,45,communication_heavy,3,5,test_id_000988_t3_c5,little,little_1,0,0.6,0.8,44,794863.2,758998.75,822633.1875,841908.625,874985.75,4,1.8334926572250265,LO,841908.625,0.0,841908.625,794863.1875,115987.0
test_id_test_id_000988_27,test_id_000988,45,communication_heavy,3,6,test_id_000988_t3_c6,big,big_1,1,1.4,0.98,44,408998.84,381389.34375,413805.375,422951.8125,442759.03125,4,1.8334926572250265,LO,422951.8125,0.0,422951.8125,408998.84375,61369.6875
test_id_test_id_000988_28,test_id_000988,38,random,4,0,test_id_000988_t4_c0,little,little_0,2,1.2,0.93,37,219685.2,222982.65625,243756.984375,249893.265625,263843.53125,4,1.8334926572250265,LO,249893.265625,0.0,249893.265625,219685.203125,40860.875
test_id_test_id_000988_29,test_id_000988,38,random,4,1,test_id_000988_t4_c1,big,big_1,3,2.2,1.15,37,126064.27,124454.546875,140014.625,144334.640625,155015.53125,4,1.8334926572250265,LO,144334.640625,0.0,144334.640625,126064.2734375,30560.984375
test_id_test_id_000988_30,test_id_000988,38,random,4,2,test_id_000988_t4_c2,little,little_1,3,1.5,1.0,37,192413.64,194766.625,213896.234375,219575.21875,232636.9375,4,1.8334926572250265,LO,219575.21875,0.0,219575.21875,192413.640625,37870.3125
test_id_test_id_000988_31,test_id_000988,38,random,4,3,test_id_000988_t4_c3,big,big_1,0,1.0,0.9,37,211249.6,196515.1875,215838.71875,221612.234375,234855.046875,4,1.8334926572250265,LO,221612.234375,0.0,221612.234375,211249.59375,38339.859375
test_id_test_id_000988_32,test_id_000988,38,random,4,4,test_id_000988_t4_c4,little,little_1,0,0.6,0.8,37,385975.12,406056.125,438959.375,448068.71875,467637.0625,4,1.8334926572250265,LO,448068.71875,0.0,448068.71875,385975.125,61580.9375
test_id_test_id_000988_33,test_id_000988,38,random,4,5,test_id_000988_t4_c5,big,big_0,1,1.4,0.98,37,149110.52,148101.9375,164689.09375,169474.6875,180928.546875,4,1.8334926572250265,LO,169474.6875,0.0,169474.6875,149110.515625,32826.609375
test_id_test_id_000988_34,test_id_000988,38,random,4,6,test_id_000988_t4_c6,little,little_1,1,0.9,0.86,37,246652.25,249513.4375,271989.96875,278549.25,293395.0625,4,1.8334926572250265,LO,278549.25,0.0,278549.25,246652.25,43881.625
test_id_test_id_000988_35,test_id_000988,36,diverse_fill_1,5,0,test_id_000988_t5_c0,big,big_1,3,2.2,1.15,35,163952.3,160714.46875,178043.078125,183112.4375,195071.375,4,1.8334926572250265,LO,183112.4375,0.0,183112.4375,163952.296875,34356.90625
test_id_test_id_000988_36,test_id_000988,36,diverse_fill_1,5,1,test_id_000988_t5_c1,little,little_1,3,1.5,1.0,35,232148.47,240861.59375,262757.59375,269186.34375,283726.4375,4,1.8334926572250265,LO,269186.34375,0.0,269186.34375,232148.46875,42864.84375
test_id_test_id_000988_37,test_id_000988,36,diverse_fill_1,5,2,test_id_000988_t5_c2,big,big_1,0,1.0,0.9,35,278067.97,293304.5,318727.28125,326004.625,342332.125,4,1.8334926572250265,LO,326004.625,0.0,326004.625,278067.96875,49027.625
test_id_test_id_000988_38,test_id_000988,36,diverse_fill_1,5,3,test_id_000988_t5_c3,little,little_0,0,0.6,0.8,35,553732.1,550783.5,594570.0,607206.5,630691.0,4,1.8334926572250265,LO,607206.5,0.0,607206.5,553732.125,79907.5
test_id_test_id_000988_39,test_id_000988,36,diverse_fill_1,5,4,test_id_000988_t5_c4,big,big_0,1,1.4,0.98,35,193083.47,193742.34375,212874.984375,218564.96875,231654.53125,4,1.8334926572250265,LO,218564.96875,0.0,218564.96875,193083.46875,37912.1875
test_id_test_id_000988_40,test_id_000988,36,diverse_fill_1,5,5,test_id_000988_t5_c5,little,little_1,1,0.9,0.86,35,398689.34,438865.0,476142.21875,486768.4375,508808.6875,4,1.8334926572250265,LO,486768.4375,0.0,486768.4375,398689.34375,69943.6875
test_id_test_id_000988_41,test_id_000988,36,diverse_fill_1,5,6,test_id_000988_t5_c6,big,big_1,2,1.8,1.06,35,159587.11,165489.90625,183023.78125,188172.65625,200266.140625,4,1.8334926572250265,LO,188172.65625,0.0,188172.65625,159587.109375,34776.234375
test_id_test_id_000989_00,test_id_000989,1,source_like,0,0,test_id_000989_t0_c0,big,big_1,1,1.4,0.98,0,58476.516,51883.109375,64990.875,68805.515625,77905.859375,4,1.8334926572250265,HI,68805.515625,15665.78125,84471.296875,58476.515625,26022.75
test_id_test_id_000989_01,test_id_000989,1,source_like,0,1,test_id_000989_t0_c1,little,little_1,1,0.9,0.86,0,137057.98,127568.515625,143699.28125,148378.28125,159733.359375,4,1.8334926572250265,HI,148378.28125,15665.78125,164044.0625,137057.984375,32164.84375
test_id_test_id_000989_02,test_id_000989,1,source_like,0,2,test_id_000989_t0_c2,big,big_0,2,1.8,1.06,0,49091.824,44903.4375,57724.03125,61531.015625,70482.890625,4,1.8334926572250265,HI,61531.015625,15665.78125,77196.796875,49091.82421875,25579.453125
test_id_test_id_000989_03,test_id_000989,1,source_like,0,3,test_id_000989_t0_c3,little,little_0,2,1.2,0.93,0,103656.83,96143.765625,111090.5625,115239.171875,125626.53125,4,1.8334926572250265,HI,115239.171875,15665.78125,130904.953125,103656.828125,29482.765625
test_id_test_id_000989_04,test_id_000989,1,source_like,0,4,test_id_000989_t0_c4,big,big_0,3,2.2,1.15,0,43146.016,38867.09375,51452.0,55244.96875,64054.015625,4,1.8334926572250265,HI,55244.96875,15665.78125,70910.75,43146.015625,25186.921875
test_id_test_id_000989_05,test_id_000989,1,source_like,0,5,test_id_000989_t0_c5,little,little_0,3,1.5,1.0,0,80686.69,75286.765625,89477.0,93428.171875,103212.546875,4,1.8334926572250265,HI,93428.171875,15665.78125,109093.953125,80686.6875,27925.78125
test_id_test_id_000989_06,test_id_000989,1,source_like,0,6,test_id_000989_t0_c6,big,big_1,0,1.0,0.9,0,77108.9,73078.828125,87300.15625,91303.046875,101156.125,4,1.8334926572250265,HI,91303.046875,15665.78125,106968.828125,77108.8984375,28077.296875
test_id_test_id_000989_07,test_id_000989,15,sink_like,1,0,test_id_000989_t1_c0,little,little_0,1,0.9,0.86,14,202327.67,199869.078125,219696.125,225669.125,239326.09375,4,1.8334926572250265,HI,225669.125,15665.78125,241334.90625,202327.671875,39457.015625
test_id_test_id_000989_08,test_id_000989,15,sink_like,1,1,test_id_000989_t1_c1,big,big_1,2,1.8,1.06,14,67628.03,73165.375,87089.484375,90958.78125,100556.828125,4,1.8334926572250265,HI,90958.78125,15665.78125,106624.5625,67628.03125,27391.453125
test_id_test_id_000989_09,test_id_000989,15,sink_like,1,2,test_id_000989_t1_c2,little,little_1,2,1.2,0.93,14,150855.69,147193.84375,163838.1875,168686.171875,180254.03125,4,1.8334926572250265,HI,168686.171875,15665.78125,184351.953125,150855.6875,33060.1875
test_id_test_id_000989_10,test_id_000989,15,sink_like,1,3,test_id_000989_t1_c3,big,big_1,3,2.2,1.15,14,63373.367,71893.015625,85800.46875,89667.546875,99240.265625,4,1.8334926572250265,HI,89667.546875,15665.78125,105333.328125,63373.3671875,27347.25
test_id_test_id_000989_11,test_id_000989,15,sink_like,1,4,test_id_000989_t1_c4,little,little_1,3,1.5,1.0,14,109730.625,110304.375,125415.25,129590.453125,140025.15625,4,1.8334926572250265,HI,129590.453125,15665.78125,145256.234375,109730.625,29720.78125
test_id_test_id_000989_12,test_id_000989,15,sink_like,1,5,test_id_000989_t1_c5,big,big_0,0,1.0,0.9,14,126950.05,133337.984375,149498.671875,154154.34375,165443.0625,4,1.8334926572250265,HI,154154.34375,15665.78125,169820.125,126950.046875,32105.078125
test_id_test_id_000989_13,test_id_000989,15,sink_like,1,6,test_id_000989_t1_c6,little,little_1,0,0.6,0.8,14,318416.03,296902.28125,322795.6875,330072.84375,346771.0,4,1.8334926572250265,HI,330072.84375,15665.78125,345738.625,318416.03125,49868.71875
test_id_test_id_000989_14,test_id_000989,128,middle,2,0,test_id_000989_t2_c0,big,big_0,2,1.8,1.06,127,50771.117,53610.265625,66820.921875,70694.328125,79958.546875,4,1.8334926572250265,HI,70694.328125,15665.78125,86360.109375,50771.1171875,26348.28125
test_id_test_id_000989_15,test_id_000989,128,middle,2,1,test_id_000989_t2_c1,little,little_0,2,1.2,0.93,127,93014.19,99201.3125,114162.84375,118337.359375,128775.640625,4,1.8334926572250265,HI,118337.359375,15665.78125,134003.140625,93014.1875,29574.328125
test_id_test_id_000989_16,test_id_000989,128,middle,2,2,test_id_000989_t2_c2,big,big_1,3,2.2,1.15,127,38290.715,40373.46875,52989.65625,56767.625,65581.09375,4,1.8334926572250265,HI,56767.625,15665.78125,72433.40625,38290.71484375,25207.625
test_id_test_id_000989_17,test_id_000989,128,middle,2,3,test_id_000989_t2_c3,little,little_0,3,1.5,1.0,127,62416.98,67239.34375,81001.890625,84887.40625,94422.125,4,1.8334926572250265,HI,84887.40625,15665.78125,100553.1875,62416.98046875,27182.78125
test_id_test_id_000989_18,test_id_000989,128,middle,2,4,test_id_000989_t2_c4,big,big_0,0,1.0,0.9,127,80602.66,80844.578125,95351.5625,99451.25,109608.484375,4,1.8334926572250265,HI,99451.25,15665.78125,115117.03125,80602.65625,28763.90625
test_id_test_id_000989_19,test_id_000989,128,middle,2,5,test_id_000989_t2_c5,little,little_1,0,0.6,0.8,127,157436.89,153894.90625,171752.8125,177122.515625,189727.953125,4,1.8334926572250265,HI,177122.515625,15665.78125,192788.296875,157436.890625,35833.046875
test_id_test_id_000989_20,test_id_000989,128,middle,2,6,test_id_000989_t2_c6,big,big_1,1,1.4,0.98,127,54562.76,58967.453125,72403.171875,76275.90625,85634.453125,4,1.8334926572250265,HI,76275.90625,15665.78125,91941.6875,54562.76171875,26667.0
test_id_test_id_000989_21,test_id_000989,81,high_degree,3,0,test_id_000989_t3_c0,little,little_0,2,1.2,0.93,80,160689.47,156809.640625,173897.609375,178902.25,190742.6875,4,1.8334926572250265,HI,178902.25,15665.78125,194568.03125,160689.46875,33933.046875
test_id_test_id_000989_22,test_id_000989,81,high_degree,3,1,test_id_000989_t3_c1,big,big_0,3,2.2,1.15,80,62845.363,67723.53125,81358.640625,85166.90625,94563.296875,4,1.8334926572250265,HI,85166.90625,15665.78125,100832.6875,62845.36328125,26839.765625
test_id_test_id_000989_23,test_id_000989,81,high_degree,3,2,test_id_000989_t3_c2,little,little_0,3,1.5,1.0,80,150695.5,154118.40625,170994.5,175886.28125,187526.53125,4,1.8334926572250265,HI,175886.28125,15665.78125,191552.0625,150695.5,33408.125
test_id_test_id_000989_24,test_id_000989,81,high_degree,3,3,test_id_000989_t3_c3,big,big_1,0,1.0,0.9,80,148054.47,142317.65625,158863.03125,163673.09375,175213.71875,4,1.8334926572250265,HI,163673.09375,15665.78125,179338.875,148054.46875,32896.0625
test_id_test_id_000989_25,test_id_000989,81,high_degree,3,4,test_id_000989_t3_c4,little,little_1,0,0.6,0.8,80,323036.22,320521.96875,347784.40625,355365.1875,372599.71875,4,1.8334926572250265,HI,355365.1875,15665.78125,371030.96875,323036.21875,52077.75
test_id_test_id_000989_26,test_id_000989,81,high_degree,3,5,test_id_000989_t3_c5,big,big_1,1,1.4,0.98,80,112018.09,114400.9375,129669.171875,133900.21875,144443.5,4,1.8334926572250265,HI,133900.21875,15665.78125,149566.0,112018.09375,30042.5625
test_id_test_id_000989_27,test_id_000989,81,high_degree,3,6,test_id_000989_t3_c6,little,little_0,1,0.9,0.86,80,250887.38,238175.5625,259931.28125,266296.53125,280753.8125,4,1.8334926572250265,HI,266296.53125,15665.78125,281962.3125,250887.375,42578.25
test_id_test_id_000989_28,test_id_000989,237,communication_heavy,4,0,test_id_000989_t4_c0,big,big_1,3,2.2,1.15,236,132376.3,119259.890625,134557.453125,138791.65625,149318.125,4,1.8334926572250265,HI,138791.65625,15665.78125,154457.4375,132376.296875,30058.234375
test_id_test_id_000989_29,test_id_000989,237,communication_heavy,4,1,test_id_000989_t4_c1,little,little_1,3,1.5,1.0,236,188755.31,170323.96875,187991.765625,193172.984375,205318.59375,4,1.8334926572250265,HI,193172.984375,15665.78125,208838.765625,188755.3125,34994.625
test_id_test_id_000989_30,test_id_000989,237,communication_heavy,4,2,test_id_000989_t4_c2,big,big_0,0,1.0,0.9,236,267626.2,246859.46875,269084.0,275558.90625,290221.46875,4,1.8334926572250265,HI,275558.90625,15665.78125,291224.6875,267626.1875,43362.0
test_id_test_id_000989_31,test_id_000989,237,communication_heavy,4,3,test_id_000989_t4_c3,little,little_1,0,0.6,0.8,236,363856.25,351351.65625,380587.75,388677.125,406738.25,4,1.8334926572250265,HI,388677.125,15665.78125,404342.90625,363856.25,55386.59375
test_id_test_id_000989_32,test_id_000989,237,communication_heavy,4,4,test_id_000989_t4_c4,big,big_1,1,1.4,0.98,236,179031.19,165769.625,183270.53125,188413.84375,200489.78125,4,1.8334926572250265,HI,188413.84375,15665.78125,204079.625,179031.1875,34720.15625
test_id_test_id_000989_33,test_id_000989,237,communication_heavy,4,5,test_id_000989_t4_c5,little,little_0,1,0.9,0.86,236,345404.75,318414.71875,345666.09375,353400.40625,370634.71875,4,1.8334926572250265,HI,353400.40625,15665.78125,369066.1875,345404.75,52220.0
test_id_test_id_000989_34,test_id_000989,237,communication_heavy,4,6,test_id_000989_t4_c6,big,big_1,2,1.8,1.06,236,138120.25,137034.96875,153057.875,157602.53125,168643.90625,4,1.8334926572250265,HI,157602.53125,15665.78125,173268.3125,138120.25,31608.9375
test_id_test_id_000989_35,test_id_000989,251,random,5,0,test_id_000989_t5_c0,little,little_1,3,1.5,1.0,250,68005.31,78931.6875,93193.453125,97175.109375,107070.703125,4,1.8334926572250265,HI,97175.109375,15665.78125,112840.890625,68005.3125,28139.015625
test_id_test_id_000989_36,test_id_000989,251,random,5,1,test_id_000989_t5_c1,big,big_1,0,1.0,0.9,250,83286.17,93250.296875,108299.125,112612.40625,123294.71875,4,1.8334926572250265,HI,112612.40625,15665.78125,128278.1875,83286.171875,30044.421875
test_id_test_id_000989_37,test_id_000989,251,random,5,2,test_id_000989_t5_c2,little,little_1,0,0.6,0.8,250,128106.83,146154.796875,163413.6875,168551.5625,180714.90625,4,1.8334926572250265,HI,168551.5625,15665.78125,184217.34375,128106.828125,34560.109375
test_id_test_id_000989_38,test_id_000989,251,random,5,3,test_id_000989_t5_c3,big,big_1,1,1.4,0.98,250,55449.85,58161.546875,71577.3125,75466.84375,84845.203125,4,1.8334926572250265,HI,75466.84375,15665.78125,91132.625,55449.8515625,26683.65625
test_id_test_id_000989_39,test_id_000989,251,random,5,4,test_id_000989_t5_c4,little,little_1,1,0.9,0.86,250,101116.79,116022.609375,131537.3125,135963.203125,146853.171875,4,1.8334926572250265,HI,135963.203125,15665.78125,151628.984375,101116.7890625,30830.5625
test_id_test_id_000989_40,test_id_000989,251,random,5,5,test_id_000989_t5_c5,big,big_1,2,1.8,1.06,250,54067.82,52473.59375,65693.40625,69612.0625,78946.15625,4,1.8334926572250265,HI,69612.0625,15665.78125,85277.84375,54067.8203125,26472.5625
test_id_test_id_000989_41,test_id_000989,251,random,5,6,test_id_000989_t5_c6,little,little_0,2,1.2,0.93,250,84862.88,96479.171875,111324.265625,115466.0625,125823.796875,4,1.8334926572250265,HI,115466.0625,15665.78125,131131.84375,84862.8828125,29344.625
test_id_test_id_000996_00,test_id_000996,1,source_like,0,0,test_id_000996_t0_c0,big,big_1,0,1.0,0.9,0,139054.31,130682.609375,146642.984375,151228.3125,162360.53125,4,1.8334926572250265,LO,151228.3125,0.0,151228.3125,139054.3125,31677.921875
test_id_test_id_000996_01,test_id_000996,1,source_like,0,1,test_id_000996_t0_c1,little,little_1,0,0.6,0.8,0,328468.9,327108.96875,354405.0,361843.6875,378844.8125,4,1.8334926572250265,LO,361843.6875,0.0,361843.6875,328468.90625,51735.84375
test_id_test_id_000996_02,test_id_000996,1,source_like,0,2,test_id_000996_t0_c2,big,big_1,1,1.4,0.98,0,87169.24,88208.15625,102707.421875,106722.578125,116781.796875,4,1.8334926572250265,LO,106722.578125,0.0,106722.578125,87169.2421875,28573.640625
test_id_test_id_000996_03,test_id_000996,1,source_like,0,3,test_id_000996_t0_c3,little,little_1,1,0.9,0.86,0,224323.52,206432.09375,226563.875,232638.25,246449.453125,4,1.8334926572250265,LO,232638.25,0.0,232638.25,224323.515625,40017.359375
test_id_test_id_000996_04,test_id_000996,1,source_like,0,4,test_id_000996_t0_c4,big,big_0,2,1.8,1.06,0,73639.49,72081.421875,85994.125,89872.203125,99473.265625,4,1.8334926572250265,LO,89872.203125,0.0,89872.203125,73639.4921875,27391.84375
test_id_test_id_000996_05,test_id_000996,1,source_like,0,5,test_id_000996_t0_c5,little,little_1,2,1.2,0.93,0,163940.72,160442.25,177734.46875,182853.0625,194866.46875,4,1.8334926572250265,LO,182853.0625,0.0,182853.0625,163940.71875,34424.21875
test_id_test_id_000996_06,test_id_000996,1,source_like,0,6,test_id_000996_t0_c6,big,big_0,3,2.2,1.15,0,58248.03,55568.140625,68748.625,72525.15625,81631.359375,4,1.8334926572250265,LO,72525.15625,0.0,72525.15625,58248.03125,26063.21875
test_id_test_id_000996_07,test_id_000996,64,sink_like,1,0,test_id_000996_t1_c0,little,little_0,0,0.6,0.8,63,1132040.9,1043309.5,1147194.0,1172852.0,1248189.375,4,1.8334926572250265,LO,1172852.0,0.0,1172852.0,1132040.875,204879.875
test_id_test_id_000996_08,test_id_000996,64,sink_like,1,1,test_id_000996_t1_c1,big,big_0,1,1.4,0.98,63,471931.22,416876.0,452298.125,462330.0,483539.6875,4,1.8334926572250265,LO,462330.0,0.0,462330.0,471931.21875,66663.6875
test_id_test_id_000996_09,test_id_000996,64,sink_like,1,2,test_id_000996_t1_c2,little,little_0,1,0.9,0.86,63,690198.3,602047.5,652636.0,667712.5625,694787.5,4,1.8334926572250265,LO,667712.5625,0.0,667712.5625,690198.3125,92740.0
test_id_test_id_000996_10,test_id_000996,64,sink_like,1,3,test_id_000996_t1_c3,big,big_0,2,1.8,1.06,63,464691.22,412580.25,447803.53125,457798.15625,478967.34375,4,1.8334926572250265,LO,457798.15625,0.0,457798.15625,464691.21875,66387.09375
test_id_test_id_000996_11,test_id_000996,64,sink_like,1,4,test_id_000996_t1_c4,little,little_1,2,1.2,0.93,63,753301.9,663411.3125,722645.5,740774.375,772814.625,4,1.8334926572250265,LO,740774.375,0.0,740774.375,753301.875,109403.3125
test_id_test_id_000996_12,test_id_000996,64,sink_like,1,5,test_id_000996_t1_c5,big,big_0,3,2.2,1.15,63,313708.8,282317.3125,306980.625,314105.65625,330078.90625,4,1.8334926572250265,LO,314105.65625,0.0,314105.65625,313708.8125,47761.59375
test_id_test_id_000996_13,test_id_000996,64,sink_like,1,6,test_id_000996_t1_c6,little,little_0,3,1.5,1.0,63,540318.94,484492.34375,526152.625,538232.125,562298.4375,4,1.8334926572250265,LO,538232.125,0.0,538232.125,540318.9375,77806.09375
test_id_test_id_000996_14,test_id_000996,33,middle,2,0,test_id_000996_t2_c0,big,big_1,1,1.4,0.98,32,201512.19,192090.296875,211116.34375,216781.5,229814.109375,4,1.8334926572250265,LO,216781.5,0.0,216781.5,201512.1875,37723.8125
test_id_test_id_000996_15,test_id_000996,33,middle,2,1,test_id_000996_t2_c1,little,little_1,1,0.9,0.86,32,323805.25,299651.0,325475.6875,332841.6875,349353.03125,4,1.8334926572250265,LO,332841.6875,0.0,332841.6875,323805.25,49702.03125
test_id_test_id_000996_16,test_id_000996,33,middle,2,2,test_id_000996_t2_c2,big,big_0,2,1.8,1.06,32,173720.06,160995.75,178276.4375,183324.765625,195239.90625,4,1.8334926572250265,LO,183324.765625,0.0,183324.765625,173720.0625,34244.15625
test_id_test_id_000996_17,test_id_000996,33,middle,2,3,test_id_000996_t2_c3,little,little_1,2,1.2,0.93,32,283453.34,263285.0,286602.0,293361.03125,308596.46875,4,1.8334926572250265,LO,293361.03125,0.0,293361.03125,283453.34375,45311.46875
test_id_test_id_000996_18,test_id_000996,33,middle,2,4,test_id_000996_t2_c4,big,big_1,3,2.2,1.15,32,111177.414,104738.859375,119496.78125,123553.21875,133758.140625,4,1.8334926572250265,LO,123553.21875,0.0,123553.21875,111177.4140625,29019.28125
test_id_test_id_000996_19,test_id_000996,33,middle,2,5,test_id_000996_t2_c5,little,little_1,3,1.5,1.0,32,204891.58,182618.28125,201005.40625,206433.515625,219034.34375,4,1.8334926572250265,LO,206433.515625,0.0,206433.515625,204891.578125,36416.0625
test_id_test_id_000996_20,test_id_000996,33,middle,2,6,test_id_000996_t2_c6,big,big_1,0,1.0,0.9,32,188289.36,181371.1875,199788.046875,205266.859375,217955.671875,4,1.8334926572250265,LO,205266.859375,0.0,205266.859375,188289.359375,36584.484375
test_id_test_id_000996_21,test_id_000996,7,random,3,0,test_id_000996_t3_c0,little,little_0,1,0.9,0.86,6,166909.89,170276.15625,188743.59375,194341.9375,207327.0,4,1.8334926572250265,LO,194341.9375,0.0,194341.9375,166909.890625,37050.84375
test_id_test_id_000996_22,test_id_000996,7,random,3,1,test_id_000996_t3_c1,big,big_1,2,1.8,1.06,6,59221.727,64965.359375,78556.953125,82392.390625,91786.90625,4,1.8334926572250265,LO,82392.390625,0.0,82392.390625,59221.7265625,26821.546875
test_id_test_id_000996_23,test_id_000996,7,random,3,2,test_id_000996_t3_c2,little,little_1,2,1.2,0.93,6,126221.805,135230.1875,151369.5625,156001.296875,167221.21875,4,1.8334926572250265,LO,156001.296875,0.0,156001.296875,126221.8046875,31991.03125
test_id_test_id_000996_24,test_id_000996,7,random,3,3,test_id_000996_t3_c3,big,big_0,3,2.2,1.15,6,52270.574,58732.9375,72034.546875,75828.78125,85029.65625,4,1.8334926572250265,LO,75828.78125,0.0,75828.78125,52270.57421875,26296.71875
test_id_test_id_000996_25,test_id_000996,7,random,3,4,test_id_000996_t3_c4,little,little_1,3,1.5,1.0,6,112046.41,117365.53125,132739.34375,137004.515625,147608.40625,4,1.8334926572250265,LO,137004.515625,0.0,137004.515625,112046.40625,30242.875
test_id_test_id_000996_26,test_id_000996,7,random,3,5,test_id_000996_t3_c5,big,big_0,0,1.0,0.9,6,109496.59,109360.515625,124778.28125,129117.15625,139893.71875,4,1.8334926572250265,LO,129117.15625,0.0,129117.15625,109496.59375,30533.203125
test_id_test_id_000996_27,test_id_000996,7,random,3,6,test_id_000996_t3_c6,little,little_0,0,0.6,0.8,6,264079.2,279821.5625,305086.25,312336.4375,328976.75,4,1.8334926572250265,LO,312336.4375,0.0,312336.4375,264079.1875,49155.1875
test_id_test_id_000996_28,test_id_000996,27,diverse_fill_1,4,0,test_id_000996_t4_c0,big,big_1,2,1.8,1.06,26,113210.96,122384.890625,137748.578125,142026.40625,152616.828125,4,1.8334926572250265,LO,142026.40625,0.0,142026.40625,113210.9609375,30231.9375
test_id_test_id_000996_29,test_id_000996,27,diverse_fill_1,4,1,test_id_000996_t4_c1,little,little_0,2,1.2,0.93,26,233957.27,242103.90625,264004.0625,270399.0,284886.65625,4,1.8334926572250265,LO,270399.0,0.0,270399.0,233957.265625,42782.75
test_id_test_id_000996_30,test_id_000996,27,diverse_fill_1,4,2,test_id_000996_t4_c2,big,big_0,3,2.2,1.15,26,93880.26,100611.234375,115284.21875,119299.078125,129426.25,4,1.8334926572250265,LO,119299.078125,0.0,119299.078125,93880.2578125,28815.015625
test_id_test_id_000996_31,test_id_000996,27,diverse_fill_1,4,3,test_id_000996_t4_c3,little,little_1,3,1.5,1.0,26,155556.52,168023.40625,185531.0625,190650.078125,202682.34375,4,1.8334926572250265,LO,190650.078125,0.0,190650.078125,155556.515625,34658.9375
test_id_test_id_000996_32,test_id_000996,27,diverse_fill_1,4,4,test_id_000996_t4_c4,big,big_0,0,1.0,0.9,26,235651.44,227542.828125,248589.734375,254780.0,268857.3125,4,1.8334926572250265,LO,254780.0,0.0,254780.0,235651.4375,41314.484375
test_id_test_id_000996_33,test_id_000996,27,diverse_fill_1,4,5,test_id_000996_t4_c5,little,little_0,0,0.6,0.8,26,395290.38,390668.875,423036.625,432086.5,451674.34375,4,1.8334926572250265,LO,432086.5,0.0,432086.5,395290.375,61005.46875
test_id_test_id_000996_34,test_id_000996,27,diverse_fill_1,4,6,test_id_000996_t4_c6,big,big_1,1,1.4,0.98,26,155053.73,162723.171875,180037.34375,185110.59375,197059.53125,4,1.8334926572250265,LO,185110.59375,0.0,185110.59375,155053.734375,34336.359375
test_id_test_id_000996_35,test_id_000996,51,diverse_fill_2,5,0,test_id_000996_t5_c0,little,little_0,2,1.2,0.93,50,253057.88,236223.890625,257787.25,264109.9375,278445.84375,4,1.8334926572250265,LO,264109.9375,0.0,264109.9375,253057.875,42221.953125
test_id_test_id_000996_36,test_id_000996,51,diverse_fill_2,5,1,test_id_000996_t5_c1,big,big_1,3,2.2,1.15,50,123411.47,118247.609375,133517.28125,137735.46875,148238.375,4,1.8334926572250265,LO,137735.46875,0.0,137735.46875,123411.46875,29990.765625
test_id_test_id_000996_37,test_id_000996,51,diverse_fill_2,5,2,test_id_000996_t5_c2,little,little_0,3,1.5,1.0,50,221290.66,211166.359375,231230.125,237173.53125,250741.15625,4,1.8334926572250265,LO,237173.53125,0.0,237173.53125,221290.65625,39574.796875
test_id_test_id_000996_38,test_id_000996,51,diverse_fill_2,5,3,test_id_000996_t5_c3,big,big_0,0,1.0,0.9,50,195830.0,189435.46875,208352.640625,214000.125,227005.53125,4,1.8334926572250265,LO,214000.125,0.0,214000.125,195830.0,37570.0625
test_id_test_id_000996_39,test_id_000996,51,diverse_fill_2,5,4,test_id_000996_t5_c4,little,little_0,0,0.6,0.8,50,426171.25,392347.28125,424203.0,432980.375,452058.59375,4,1.8334926572250265,LO,432980.375,0.0,432980.375,426171.25,59711.3125
test_id_test_id_000996_40,test_id_000996,51,diverse_fill_2,5,5,test_id_000996_t5_c5,big,big_1,1,1.4,0.98,50,188102.42,185535.5625,204173.0,209715.015625,222513.953125,4,1.8334926572250265,LO,209715.015625,0.0,209715.015625,188102.421875,36978.390625
test_id_test_id_000996_41,test_id_000996,51,diverse_fill_2,5,6,test_id_000996_t5_c6,little,little_0,1,0.9,0.86,50,279000.84,270562.625,294343.25,301198.40625,316664.03125,4,1.8334926572250265,LO,301198.40625,0.0,301198.40625,279000.84375,46101.40625
