sample_id,graph_id,target_node,target_role,target_index,context_index,context_id,core_type,core_id,dvfs_level,frequency_ghz,voltage_v,local_target_node_index,y_exec_us_raw,y_exec_us,Q50_pred_us,Q90_pred_us,Q95_pred_us,Q99_pred_us,criticality,deadline_us,period_us,split,Qhat_base_us,q_conf_us,C_e_us,raw_covered,calibrated_covered,inflation_us,sliding_q_conf_us,sliding_C_e_us,sliding_covered
test_ood_test_ood_000004_00,test_ood_000004,1,source_like,0,0,test_ood_000004_t0_c0,big,big_1,2,1.8,1.06,0,26687.049,26687.048828125,29839.75,42276.25,46139.953125,54905.0625,HI,25800463,30212592,test_ood,46139.953125,15665.78125,61805.734375,True,True,15665.78125,0.0,46139.953125,True
test_ood_test_ood_000004_20,test_ood_000004,437,middle,2,6,test_ood_000004_t2_c6,big,big_0,2,1.8,1.06,436,200699.81,200699.8125,210437.125,230561.1875,236549.109375,250205.078125,HI,25800463,30212592,test_ood,236549.109375,15665.78125,252214.890625,True,True,15665.78125,0.0,236549.109375,True
test_ood_test_ood_000004_02,test_ood_000004,1,source_like,0,2,test_ood_000004_t0_c2,big,big_0,3,2.2,1.15,0,19565.234,19565.234375,27948.421875,40279.9375,44099.515625,52738.234375,HI,25800463,30212592,test_ood,44099.515625,15665.78125,59765.296875,True,True,15665.78125,0.0,44099.515625,True
test_ood_test_ood_000004_03,test_ood_000004,1,source_like,0,3,test_ood_000004_t0_c3,little,little_0,3,1.5,1.0,0,45575.445,45575.4453125,45829.859375,58695.140625,62497.921875,71457.640625,HI,25800463,30212592,test_ood,62497.921875,15665.78125,78163.703125,True,True,15665.78125,0.0,62497.921875,True
test_ood_test_ood_000004_04,test_ood_000004,1,source_like,0,4,test_ood_000004_t0_c4,big,big_1,0,1.0,0.9,0,44861.223,44861.22265625,52946.359375,66305.59375,70245.65625,79607.8125,HI,25800463,30212592,test_ood,70245.65625,15665.78125,85911.4375,True,True,15665.78125,0.0,70245.65625,True
test_ood_test_ood_000004_05,test_ood_000004,1,source_like,0,5,test_ood_000004_t0_c5,little,little_0,0,0.6,0.8,0,117228.625,117228.625,119336.171875,135446.265625,140164.71875,151636.46875,HI,25800463,30212592,test_ood,140164.71875,15665.78125,155830.5,True,True,15665.78125,0.0,140164.71875,True
test_ood_test_ood_000004_06,test_ood_000004,1,source_like,0,6,test_ood_000004_t0_c6,big,big_0,1,1.4,0.98,0,34019.83,34019.828125,38319.71875,51030.828125,54923.96875,63920.015625,HI,25800463,30212592,test_ood,54923.96875,15665.78125,70589.75,True,True,15665.78125,0.0,54923.96875,True
test_ood_test_ood_000004_07,test_ood_000004,5,sink_like,1,0,test_ood_000004_t1_c0,little,little_1,2,1.2,0.93,4,218291.73,218291.734375,212040.96875,232062.59375,237956.5625,251452.59375,HI,25800463,30212592,test_ood,237956.5625,15665.78125,253622.34375,True,True,15665.78125,0.0,237956.5625,True
test_ood_test_ood_000004_09,test_ood_000004,5,sink_like,1,2,test_ood_000004_t1_c2,little,little_1,3,1.5,1.0,4,221985.64,221985.640625,215692.21875,235986.5,241975.984375,255646.265625,HI,25800463,30212592,test_ood,241975.984375,15665.78125,257641.765625,True,True,15665.78125,0.0,241975.984375,True
test_ood_test_ood_000004_19,test_ood_000004,437,middle,2,5,test_ood_000004_t2_c5,little,little_0,1,0.9,0.86,436,402874.97,402874.96875,387367.34375,420231.4375,429517.75,449539.6875,HI,25800463,30212592,test_ood,429517.75,15665.78125,445183.53125,True,True,15665.78125,0.0,429517.75,True
test_ood_test_ood_000004_01,test_ood_000004,1,source_like,0,1,test_ood_000004_t0_c1,little,little_0,2,1.2,0.93,0,61950.21,61950.2109375,67752.140625,81901.296875,85931.890625,95737.734375,HI,25800463,30212592,test_ood,85931.890625,15665.78125,101597.671875,True,True,15665.78125,0.0,85931.890625,True
test_ood_test_ood_000004_10,test_ood_000004,5,sink_like,1,3,test_ood_000004_t1_c3,big,big_1,0,1.0,0.9,4,313510.56,313510.5625,294464.75,319960.5625,327248.84375,343597.4375,HI,25800463,30212592,test_ood,327248.84375,15665.78125,342914.625,True,True,15665.78125,0.0,327248.84375,True
test_ood_test_ood_000004_17,test_ood_000004,437,middle,2,3,test_ood_000004_t2_c3,little,little_0,0,0.6,0.8,436,591634.4,591634.375,563657.375,608881.5,622058.0,646189.5,HI,25800463,30212592,test_ood,622058.0,15665.78125,637723.78125,True,True,15665.78125,0.0,622058.0,True
test_ood_test_ood_000004_16,test_ood_000004,437,middle,2,2,test_ood_000004_t2_c2,big,big_0,0,1.0,0.9,436,325636.5,325636.5,332441.46875,360835.375,368874.84375,386707.3125,HI,25800463,30212592,test_ood,368874.84375,15665.78125,384540.625,True,True,15665.78125,0.0,368874.84375,True
test_ood_test_ood_000004_15,test_ood_000004,437,middle,2,1,test_ood_000004_t2_c1,little,little_0,3,1.5,1.0,436,232593.52,232593.515625,235478.15625,256957.578125,263246.21875,277523.4375,HI,25800463,30212592,test_ood,263246.21875,15665.78125,278912.0,True,True,15665.78125,0.0,263246.21875,True
test_ood_test_ood_000004_18,test_ood_000004,437,middle,2,4,test_ood_000004_t2_c4,big,big_0,1,1.4,0.98,436,270864.34,270864.34375,282379.65625,307047.5625,314153.40625,330095.3125,HI,25800463,30212592,test_ood,314153.40625,15665.78125,329819.1875,True,True,15665.78125,0.0,314153.40625,True
test_ood_test_ood_000004_13,test_ood_000004,5,sink_like,1,6,test_ood_000004_t1_c6,little,little_1,1,0.9,0.86,4,365759.9,365759.90625,350089.75,379884.5625,388307.9375,406834.53125,HI,25800463,30212592,test_ood,388307.9375,15665.78125,403973.71875,True,True,15665.78125,0.0,388307.9375,True
test_ood_test_ood_000004_12,test_ood_000004,5,sink_like,1,5,test_ood_000004_t1_c5,big,big_0,1,1.4,0.98,4,216086.22,216086.21875,203369.0,222996.34375,228822.390625,242166.0,HI,25800463,30212592,test_ood,228822.390625,15665.78125,244488.171875,True,True,15665.78125,0.0,228822.390625,True
test_ood_test_ood_000004_14,test_ood_000004,437,middle,2,0,test_ood_000004_t2_c0,big,big_1,3,2.2,1.15,436,152787.11,152787.109375,162618.671875,179938.375,184999.1875,196932.375,HI,25800463,30212592,test_ood,184999.1875,15665.78125,200664.96875,True,True,15665.78125,0.0,184999.1875,True
test_ood_test_ood_000004_11,test_ood_000004,5,sink_like,1,4,test_ood_000004_t1_c4,little,little_0,0,0.6,0.8,4,451130.0,451130.0,426129.6875,461099.1875,470916.5625,491594.8125,HI,25800463,30212592,test_ood,470916.5625,15665.78125,486582.34375,True,True,15665.78125,0.0,470916.5625,True
test_ood_test_ood_000004_30,test_ood_000004,136,communication_heavy,4,2,test_ood_000004_t4_c2,big,big_0,1,1.4,0.98,135,393069.22,393069.21875,412919.40625,448100.0625,458076.28125,479208.125,HI,25800463,30212592,test_ood,458076.28125,15665.78125,473742.0625,True,True,15665.78125,0.0,458076.28125,True
test_ood_test_ood_000004_08,test_ood_000004,5,sink_like,1,1,test_ood_000004_t1_c1,big,big_1,3,2.2,1.15,4,145508.94,145508.9375,136356.71875,152321.234375,156840.65625,167834.359375,HI,25800463,30212592,test_ood,156840.65625,15665.78125,172506.4375,True,True,15665.78125,0.0,156840.65625,True
test_ood_test_ood_000004_33,test_ood_000004,136,communication_heavy,4,5,test_ood_000004_t4_c5,little,little_1,2,1.2,0.93,135,492012.88,492012.875,469857.4375,509983.125,521530.375,544844.75,HI,25800463,30212592,test_ood,521530.375,15665.78125,537196.15625,True,True,15665.78125,0.0,521530.375,True
test_ood_test_ood_000004_21,test_ood_000004,738,high_degree,3,0,test_ood_000004_t3_c0,little,little_0,3,1.5,1.0,737,156983.12,156983.125,172579.421875,190289.0,195469.875,207612.4375,HI,25800463,30212592,test_ood,195469.875,15665.78125,211135.65625,True,True,15665.78125,0.0,195469.875,True
test_ood_test_ood_000004_24,test_ood_000004,738,high_degree,3,3,test_ood_000004_t3_c3,big,big_1,1,1.4,0.98,737,128046.93,128046.9296875,140814.171875,156919.21875,161509.28125,172613.0,HI,25800463,30212592,test_ood,161509.28125,15665.78125,177175.0625,True,True,15665.78125,0.0,161509.28125,True
test_ood_test_ood_000004_25,test_ood_000004,738,high_degree,3,4,test_ood_000004_t3_c4,little,little_0,1,0.9,0.86,737,328481.4,328481.40625,341790.15625,370934.5625,379178.0625,397379.8125,HI,25800463,30212592,test_ood,379178.0625,15665.78125,394843.84375,True,True,15665.78125,0.0,379178.0625,True
test_ood_test_ood_000004_26,test_ood_000004,738,high_degree,3,5,test_ood_000004_t3_c5,big,big_0,2,1.8,1.06,737,126604.28,126604.28125,141138.453125,157306.03125,161906.9375,173036.375,HI,25800463,30212592,test_ood,161906.9375,15665.78125,177572.71875,True,True,15665.78125,0.0,161906.9375,True
test_ood_test_ood_000004_27,test_ood_000004,738,high_degree,3,6,test_ood_000004_t3_c6,little,little_0,2,1.2,0.93,737,248485.19,248485.1875,266624.09375,290125.15625,296913.90625,312214.28125,HI,25800463,30212592,test_ood,296913.90625,15665.78125,312579.6875,True,True,15665.78125,0.0,296913.90625,True
test_ood_test_ood_000004_28,test_ood_000004,136,communication_heavy,4,0,test_ood_000004_t4_c0,big,big_1,0,1.0,0.9,135,434843.47,434843.46875,426047.3125,462235.3125,472510.5625,494066.09375,HI,25800463,30212592,test_ood,472510.5625,15665.78125,488176.34375,True,True,15665.78125,0.0,472510.5625,True
test_ood_test_ood_000004_29,test_ood_000004,136,communication_heavy,4,1,test_ood_000004_t4_c1,little,little_0,0,0.6,0.8,135,748363.56,748363.5625,731664.875,792162.5,810574.5,841731.5,HI,25800463,30212592,test_ood,810574.5,15665.78125,826240.28125,True,True,15665.78125,0.0,810574.5,True
test_ood_test_ood_000004_31,test_ood_000004,136,communication_heavy,4,3,test_ood_000004_t4_c3,little,little_1,1,0.9,0.86,135,671772.3,671772.3125,649879.3125,705237.0,721970.0,751245.625,HI,25800463,30212592,test_ood,721970.0,15665.78125,737635.78125,True,True,15665.78125,0.0,721970.0,True
test_ood_test_ood_000004_22,test_ood_000004,738,high_degree,3,1,test_ood_000004_t3_c1,big,big_1,0,1.0,0.9,737,226674.75,226674.75,240121.453125,261888.328125,268241.1875,282654.65625,HI,25800463,30212592,test_ood,268241.1875,15665.78125,283906.96875,True,True,15665.78125,0.0,268241.1875,True
test_ood_test_ood_000004_23,test_ood_000004,738,high_degree,3,2,test_ood_000004_t3_c2,little,little_1,0,0.6,0.8,737,318326.88,318326.875,334594.4375,362961.34375,370916.375,388718.3125,HI,25800463,30212592,test_ood,370916.375,15665.78125,386582.15625,True,True,15665.78125,0.0,370916.375,True
test_ood_test_ood_000004_34,test_ood_000004,136,communication_heavy,4,6,test_ood_000004_t4_c6,big,big_1,3,2.2,1.15,135,217059.38,217059.375,212607.546875,232824.375,238822.734375,252505.109375,HI,25800463,30212592,test_ood,238822.734375,15665.78125,254488.515625,True,True,15665.78125,0.0,238822.734375,True
test_ood_test_ood_000004_32,test_ood_000004,136,communication_heavy,4,4,test_ood_000004_t4_c4,big,big_0,2,1.8,1.06,135,346082.25,346082.25,339678.5,368645.15625,376845.1875,394972.28125,HI,25800463,30212592,test_ood,376845.1875,15665.78125,392510.96875,True,True,15665.78125,0.0,376845.1875,True
test_ood_test_ood_000004_40,test_ood_000004,429,random,5,5,test_ood_000004_t5_c5,big,big_1,3,2.2,1.15,428,85241.14,85241.140625,90091.515625,104596.78125,108555.859375,118533.703125,HI,25800463,30212592,test_ood,108555.859375,15665.78125,124221.640625,True,True,15665.78125,0.0,108555.859375,True
test_ood_test_ood_000004_39,test_ood_000004,429,random,5,4,test_ood_000004_t5_c4,little,little_0,2,1.2,0.93,428,166861.9,166861.90625,155460.609375,172479.4375,177456.0625,189248.984375,HI,25800463,30212592,test_ood,177456.0625,15665.78125,193121.84375,True,True,15665.78125,0.0,177456.0625,True
test_ood_test_ood_000004_38,test_ood_000004,429,random,5,3,test_ood_000004_t5_c3,big,big_1,2,1.8,1.06,428,84908.64,84908.640625,97857.859375,112556.5,116580.890625,126723.875,HI,25800463,30212592,test_ood,116580.890625,15665.78125,132246.671875,True,True,15665.78125,0.0,116580.890625,True
test_ood_test_ood_000004_41,test_ood_000004,429,random,5,6,test_ood_000004_t5_c6,little,little_1,3,1.5,1.0,428,148869.7,148869.703125,141293.6875,157529.03125,162172.859375,173386.21875,HI,25800463,30212592,test_ood,162172.859375,15665.78125,177838.640625,True,True,15665.78125,0.0,162172.859375,True
test_ood_test_ood_000004_36,test_ood_000004,429,random,5,1,test_ood_000004_t5_c1,big,big_1,1,1.4,0.98,428,130243.0,130243.0,148122.0,164789.671875,169615.6875,181155.5625,HI,25800463,30212592,test_ood,169615.6875,15665.78125,185281.46875,True,True,15665.78125,0.0,169615.6875,True
test_ood_test_ood_000004_35,test_ood_000004,429,random,5,0,test_ood_000004_t5_c0,little,little_1,0,0.6,0.8,428,307328.34,307328.34375,304648.9375,330979.90625,338337.4375,355214.5625,HI,25800463,30212592,test_ood,338337.4375,15665.78125,354003.21875,True,True,15665.78125,0.0,338337.4375,True
test_ood_test_ood_000004_37,test_ood_000004,429,random,5,2,test_ood_000004_t5_c2,little,little_0,1,0.9,0.86,428,233483.8,233483.796875,226722.453125,247919.921875,254185.953125,268443.1875,HI,25800463,30212592,test_ood,254185.953125,15665.78125,269851.734375,True,True,15665.78125,0.0,254185.953125,True
test_ood_test_ood_000056_07,test_ood_000056,8,sink_like,1,0,test_ood_000056_t1_c0,big,big_0,3,2.2,1.15,7,105768.12,105768.1171875,113471.875,128574.984375,132747.625,143167.53125,HI,12872868,15689351,test_ood,132747.625,15665.78125,148413.40625,True,True,15665.78125,0.0,132747.625,True
test_ood_test_ood_000056_00,test_ood_000056,1,source_like,0,0,test_ood_000056_t0_c0,little,little_0,2,1.2,0.93,0,72833.54,72833.5390625,74503.015625,88791.09375,92791.171875,102660.546875,HI,12872868,15689351,test_ood,92791.171875,15665.78125,108456.953125,True,True,15665.78125,0.0,92791.171875,True
test_ood_test_ood_000056_01,test_ood_000056,1,source_like,0,1,test_ood_000056_t0_c1,big,big_0,3,2.2,1.15,0,27727.297,27727.296875,30543.375,42966.875,46808.859375,55544.53125,HI,12872868,15689351,test_ood,46808.859375,15665.78125,62474.640625,True,True,15665.78125,0.0,46808.859375,True
test_ood_test_ood_000056_02,test_ood_000056,1,source_like,0,2,test_ood_000056_t0_c2,little,little_0,3,1.5,1.0,0,62147.24,62147.23828125,54187.28125,67402.640625,71220.75,80371.03125,HI,12872868,15689351,test_ood,71220.75,15665.78125,86886.53125,True,True,15665.78125,0.0,71220.75,True
test_ood_test_ood_000056_03,test_ood_000056,1,source_like,0,3,test_ood_000056_t0_c3,big,big_0,0,1.0,0.9,0,57307.723,57307.72265625,57630.578125,71123.875,75032.234375,84425.5625,HI,12872868,15689351,test_ood,75032.234375,15665.78125,90698.015625,True,True,15665.78125,0.0,75032.234375,True
test_ood_test_ood_000056_05,test_ood_000056,1,source_like,0,5,test_ood_000056_t0_c5,big,big_1,1,1.4,0.98,0,44442.1,44442.1015625,43809.21875,56658.59375,60508.359375,69520.921875,HI,12872868,15689351,test_ood,60508.359375,15665.78125,76174.140625,True,True,15665.78125,0.0,60508.359375,True
test_ood_test_ood_000056_19,test_ood_000056,264,middle,2,5,test_ood_000056_t2_c5,big,big_0,2,1.8,1.06,263,153280.05,153280.046875,153373.09375,170219.734375,175095.703125,186705.546875,HI,12872868,15689351,test_ood,175095.703125,15665.78125,190761.484375,True,True,15665.78125,0.0,175095.703125,True
test_ood_test_ood_000056_06,test_ood_000056,1,source_like,0,6,test_ood_000056_t0_c6,little,little_1,1,0.9,0.86,0,106856.914,106856.9140625,100851.3125,116163.625,120539.859375,131391.609375,HI,12872868,15689351,test_ood,120539.859375,15665.78125,136205.640625,True,True,15665.78125,0.0,120539.859375,True
test_ood_test_ood_000056_04,test_ood_000056,1,source_like,0,4,test_ood_000056_t0_c4,little,little_0,0,0.6,0.8,0,163001.1,163001.09375,149109.84375,167062.84375,172527.359375,185386.625,HI,12872868,15689351,test_ood,172527.359375,15665.78125,188193.140625,True,True,15665.78125,0.0,172527.359375,True
test_ood_test_ood_000056_13,test_ood_000056,8,sink_like,1,6,test_ood_000056_t1_c6,big,big_0,2,1.8,1.06,7,130031.09,130031.09375,126335.46875,141886.96875,146245.375,156972.875,HI,12872868,15689351,test_ood,146245.375,15665.78125,161911.15625,True,True,15665.78125,0.0,146245.375,True
test_ood_test_ood_000056_11,test_ood_000056,8,sink_like,1,4,test_ood_000056_t1_c4,big,big_0,1,1.4,0.98,7,135030.44,135030.4375,140955.609375,157147.0625,161782.640625,172967.75,HI,12872868,15689351,test_ood,161782.640625,15665.78125,177448.421875,True,True,15665.78125,0.0,161782.640625,True
test_ood_test_ood_000056_12,test_ood_000056,8,sink_like,1,5,test_ood_000056_t1_c5,little,little_1,1,0.9,0.86,7,315147.0,315147.0,324046.875,351596.5,359396.5,376741.0625,HI,12872868,15689351,test_ood,359396.5,15665.78125,375062.28125,True,True,15665.78125,0.0,359396.5,True
test_ood_test_ood_000056_14,test_ood_000056,264,middle,2,0,test_ood_000056_t2_c0,little,little_1,3,1.5,1.0,263,226255.66,226255.65625,223638.46875,244454.515625,250602.015625,264572.03125,HI,12872868,15689351,test_ood,250602.015625,15665.78125,266267.796875,True,True,15665.78125,0.0,250602.015625,True
test_ood_test_ood_000056_15,test_ood_000056,264,middle,2,1,test_ood_000056_t2_c1,big,big_0,0,1.0,0.9,263,219554.19,219554.1875,222176.46875,242987.84375,249154.5,263170.71875,HI,12872868,15689351,test_ood,249154.5,15665.78125,264820.28125,True,True,15665.78125,0.0,249154.5,True
test_ood_test_ood_000056_16,test_ood_000056,264,middle,2,2,test_ood_000056_t2_c2,little,little_1,0,0.6,0.8,263,526003.0,526003.0,513117.5,554135.875,565841.0,588462.25,HI,12872868,15689351,test_ood,565841.0,15665.78125,581506.78125,True,True,15665.78125,0.0,565841.0,True
test_ood_test_ood_000056_09,test_ood_000056,8,sink_like,1,2,test_ood_000056_t1_c2,big,big_1,0,1.0,0.9,7,216925.19,216925.1875,223321.796875,244237.96875,250448.15625,264547.40625,HI,12872868,15689351,test_ood,250448.15625,15665.78125,266113.9375,True,True,15665.78125,0.0,250448.15625,True
test_ood_test_ood_000056_17,test_ood_000056,264,middle,2,3,test_ood_000056_t2_c3,big,big_0,1,1.4,0.98,263,192800.19,192800.1875,180452.21875,198785.15625,204215.5,216815.078125,HI,12872868,15689351,test_ood,204215.5,15665.78125,219881.28125,True,True,15665.78125,0.0,204215.5,True
test_ood_test_ood_000056_18,test_ood_000056,264,middle,2,4,test_ood_000056_t2_c4,little,little_0,1,0.9,0.86,263,281051.72,281051.71875,277377.25,301625.46875,308600.0,324309.625,HI,12872868,15689351,test_ood,308600.0,15665.78125,324265.78125,True,True,15665.78125,0.0,308600.0,True
test_ood_test_ood_000056_10,test_ood_000056,8,sink_like,1,3,test_ood_000056_t1_c3,little,little_0,0,0.6,0.8,7,481474.12,481474.125,470770.4375,507952.9375,518342.8125,539378.625,HI,12872868,15689351,test_ood,518342.8125,15665.78125,534008.59375,True,True,15665.78125,0.0,518342.8125,True
test_ood_test_ood_000056_20,test_ood_000056,264,middle,2,6,test_ood_000056_t2_c6,little,little_1,2,1.2,0.93,263,248385.25,248385.25,245636.4375,267831.40625,274325.3125,289009.28125,HI,12872868,15689351,test_ood,274325.3125,15665.78125,289991.09375,True,True,15665.78125,0.0,274325.3125,True
test_ood_test_ood_000056_08,test_ood_000056,8,sink_like,1,1,test_ood_000056_t1_c1,little,little_0,3,1.5,1.0,7,225432.9,225432.90625,219806.90625,240422.859375,246535.0625,260424.5625,HI,12872868,15689351,test_ood,246535.0625,15665.78125,262200.84375,True,True,15665.78125,0.0,246535.0625,True
test_ood_test_ood_000056_31,test_ood_000056,114,communication_heavy,4,3,test_ood_000056_t4_c3,big,big_1,2,1.8,1.06,113,200902.39,200902.390625,203170.03125,222899.5,228782.5625,242237.9375,HI,12872868,15689351,test_ood,228782.5625,15665.78125,244448.34375,True,True,15665.78125,0.0,228782.5625,True
test_ood_test_ood_000056_23,test_ood_000056,373,high_degree,3,2,test_ood_000056_t3_c2,big,big_1,1,1.4,0.98,372,75753.47,75753.46875,81834.40625,96146.421875,100110.296875,110012.484375,HI,12872868,15689351,test_ood,100110.296875,15665.78125,115776.078125,True,True,15665.78125,0.0,100110.296875,True
test_ood_test_ood_000056_24,test_ood_000056,373,high_degree,3,3,test_ood_000056_t3_c3,little,little_0,1,0.9,0.86,372,187346.92,187346.921875,191000.734375,210419.125,216298.390625,229786.5625,HI,12872868,15689351,test_ood,216298.390625,15665.78125,231964.171875,True,True,15665.78125,0.0,216298.390625,True
test_ood_test_ood_000056_25,test_ood_000056,373,high_degree,3,4,test_ood_000056_t3_c4,big,big_0,2,1.8,1.06,372,66791.91,66791.90625,72832.453125,86760.5,90643.59375,100263.390625,HI,12872868,15689351,test_ood,90643.59375,15665.78125,106309.375,True,True,15665.78125,0.0,90643.59375,True
test_ood_test_ood_000056_26,test_ood_000056,373,high_degree,3,5,test_ood_000056_t3_c5,little,little_0,2,1.2,0.93,372,140465.38,140465.375,156670.546875,173745.46875,178746.0625,190581.8125,HI,12872868,15689351,test_ood,178746.0625,15665.78125,194411.84375,True,True,15665.78125,0.0,178746.0625,True
test_ood_test_ood_000056_27,test_ood_000056,373,high_degree,3,6,test_ood_000056_t3_c6,big,big_1,3,2.2,1.15,372,54905.79,54905.7890625,61082.015625,74483.328125,78285.859375,87548.140625,HI,12872868,15689351,test_ood,78285.859375,15665.78125,93951.640625,True,True,15665.78125,0.0,78285.859375,True
test_ood_test_ood_000056_28,test_ood_000056,114,communication_heavy,4,0,test_ood_000056_t4_c0,little,little_1,0,0.6,0.8,113,645918.44,645918.4375,617908.0,667276.625,681946.125,707418.8125,HI,12872868,15689351,test_ood,681946.125,15665.78125,697611.90625,True,True,15665.78125,0.0,681946.125,True
test_ood_test_ood_000056_29,test_ood_000056,114,communication_heavy,4,1,test_ood_000056_t4_c1,big,big_1,1,1.4,0.98,113,269492.38,269492.375,248850.75,271293.28125,277860.9375,292695.03125,HI,12872868,15689351,test_ood,277860.9375,15665.78125,293526.71875,True,True,15665.78125,0.0,277860.9375,True
test_ood_test_ood_000056_30,test_ood_000056,114,communication_heavy,4,2,test_ood_000056_t4_c2,little,little_0,1,0.9,0.86,113,373310.6,373310.59375,378019.4375,410039.625,419076.5,438680.8125,HI,12872868,15689351,test_ood,419076.5,15665.78125,434742.28125,True,True,15665.78125,0.0,419076.5,True
test_ood_test_ood_000056_32,test_ood_000056,114,communication_heavy,4,4,test_ood_000056_t4_c4,little,little_1,2,1.2,0.93,113,282103.34,282103.34375,284398.84375,309162.90625,316278.46875,332258.8125,HI,12872868,15689351,test_ood,316278.46875,15665.78125,331944.25,True,True,15665.78125,0.0,316278.46875,True
test_ood_test_ood_000056_22,test_ood_000056,373,high_degree,3,1,test_ood_000056_t3_c1,little,little_0,0,0.6,0.8,372,263254.78,263254.78125,277088.6875,302308.09375,309564.65625,326299.65625,HI,12872868,15689351,test_ood,309564.65625,15665.78125,325230.4375,True,True,15665.78125,0.0,309564.65625,True
test_ood_test_ood_000056_33,test_ood_000056,114,communication_heavy,4,5,test_ood_000056_t4_c5,big,big_1,3,2.2,1.15,113,149839.56,149839.5625,149065.59375,165626.65625,170399.328125,181820.53125,HI,12872868,15689351,test_ood,170399.328125,15665.78125,186065.109375,True,True,15665.78125,0.0,170399.328125,True
test_ood_test_ood_000056_21,test_ood_000056,373,high_degree,3,0,test_ood_000056_t3_c0,big,big_0,0,1.0,0.9,372,113684.42,113684.421875,117692.546875,133353.34375,137793.28125,148742.796875,HI,12872868,15689351,test_ood,137793.28125,15665.78125,153459.0625,True,True,15665.78125,0.0,137793.28125,True
test_ood_test_ood_000056_40,test_ood_000056,313,random,5,5,test_ood_000056_t5_c5,little,little_1,3,1.5,1.0,312,100534.836,100534.8359375,100086.4375,114947.203125,119037.5,129315.421875,HI,12872868,15689351,test_ood,119037.5,15665.78125,134703.28125,True,True,15665.78125,0.0,119037.5,True
test_ood_test_ood_000056_39,test_ood_000056,313,random,5,4,test_ood_000056_t5_c4,big,big_0,3,2.2,1.15,312,58448.793,58448.79296875,55159.140625,68298.625,72072.671875,81166.734375,HI,12872868,15689351,test_ood,72072.671875,15665.78125,87738.453125,True,True,15665.78125,0.0,72072.671875,True
test_ood_test_ood_000056_38,test_ood_000056,313,random,5,3,test_ood_000056_t5_c3,little,little_0,2,1.2,0.93,312,136709.47,136709.46875,129824.890625,145758.5,150299.34375,161374.046875,HI,12872868,15689351,test_ood,150299.34375,15665.78125,165965.125,True,True,15665.78125,0.0,150299.34375,True
test_ood_test_ood_000056_35,test_ood_000056,313,random,5,0,test_ood_000056_t5_c0,big,big_1,1,1.4,0.98,312,85830.055,85830.0546875,90070.78125,104760.671875,108816.34375,118981.828125,HI,12872868,15689351,test_ood,108816.34375,15665.78125,124482.125,True,True,15665.78125,0.0,108816.34375,True
test_ood_test_ood_000056_36,test_ood_000056,313,random,5,1,test_ood_000056_t5_c1,little,little_0,1,0.9,0.86,312,162324.08,162324.078125,159903.46875,177724.0625,183055.90625,195558.546875,HI,12872868,15689351,test_ood,183055.90625,15665.78125,198721.6875,True,True,15665.78125,0.0,183055.90625,True
test_ood_test_ood_000056_41,test_ood_000056,313,random,5,6,test_ood_000056_t5_c6,big,big_0,0,1.0,0.9,312,124558.32,124558.3203125,117940.125,133642.9375,138111.890625,149119.09375,HI,12872868,15689351,test_ood,138111.890625,15665.78125,153777.671875,True,True,15665.78125,0.0,138111.890625,True
test_ood_test_ood_000056_34,test_ood_000056,114,communication_heavy,4,6,test_ood_000056_t4_c6,little,little_0,3,1.5,1.0,113,341764.0,341764.0,335161.125,363868.21875,372020.625,390022.875,HI,12872868,15689351,test_ood,372020.625,15665.78125,387686.40625,True,True,15665.78125,0.0,372020.625,True
test_ood_test_ood_000056_37,test_ood_000056,313,random,5,2,test_ood_000056_t5_c2,big,big_0,2,1.8,1.06,312,75876.98,75876.9765625,74076.40625,88099.453125,92016.703125,101720.1875,HI,12872868,15689351,test_ood,92016.703125,15665.78125,107682.484375,True,True,15665.78125,0.0,92016.703125,True
test_ood_test_ood_000117_20,test_ood_000117,317,middle,2,6,test_ood_000117_t2_c6,big,big_1,3,2.2,1.15,316,134545.48,134545.484375,138017.65625,154115.71875,158687.59375,169777.4375,HI,7561458,8941204,test_ood,158687.59375,15665.78125,174353.375,True,True,15665.78125,0.0,158687.59375,True
test_ood_test_ood_000117_01,test_ood_000117,1,source_like,0,1,test_ood_000117_t0_c1,little,little_1,3,1.5,1.0,0,118189.23,118189.2265625,114578.859375,129852.03125,134070.1875,144592.46875,HI,7561458,8941204,test_ood,134070.1875,15665.78125,149735.96875,True,True,15665.78125,0.0,134070.1875,True
test_ood_test_ood_000117_02,test_ood_000117,1,source_like,0,2,test_ood_000117_t0_c2,big,big_1,0,1.0,0.9,0,108373.48,108373.4765625,104800.328125,120028.59375,124302.046875,134936.875,HI,7561458,8941204,test_ood,124302.046875,15665.78125,139967.828125,True,True,15665.78125,0.0,124302.046875,True
test_ood_test_ood_000117_03,test_ood_000117,1,source_like,0,3,test_ood_000117_t0_c3,little,little_0,0,0.6,0.8,0,274525.9,274525.90625,274588.28125,299598.59375,306785.4375,323319.875,HI,7561458,8941204,test_ood,306785.4375,15665.78125,322451.21875,True,True,15665.78125,0.0,306785.4375,True
test_ood_test_ood_000117_04,test_ood_000117,1,source_like,0,4,test_ood_000117_t0_c4,big,big_1,1,1.4,0.98,0,85148.06,85148.0625,82511.203125,96902.140625,100879.359375,110815.09375,HI,7561458,8941204,test_ood,100879.359375,15665.78125,116545.140625,True,True,15665.78125,0.0,100879.359375,True
test_ood_test_ood_000117_05,test_ood_000117,1,source_like,0,5,test_ood_000117_t0_c5,little,little_0,1,0.9,0.86,0,205885.7,205885.703125,198570.53125,218136.890625,223964.0,237342.9375,HI,7561458,8941204,test_ood,223964.0,15665.78125,239629.78125,True,True,15665.78125,0.0,223964.0,True
test_ood_test_ood_000117_07,test_ood_000117,490,sink_like,1,0,test_ood_000117_t1_c0,little,little_0,3,1.5,1.0,489,201312.11,201312.109375,207697.921875,227639.6875,233571.21875,247115.734375,HI,7561458,8941204,test_ood,233571.21875,15665.78125,249237.0,True,True,15665.78125,0.0,233571.21875,True
test_ood_test_ood_000117_08,test_ood_000117,490,sink_like,1,1,test_ood_000117_t1_c1,big,big_0,0,1.0,0.9,489,256642.48,256642.484375,277061.40625,301353.875,308360.75,324124.4375,HI,7561458,8941204,test_ood,308360.75,15665.78125,324026.53125,True,True,15665.78125,0.0,308360.75,True
test_ood_test_ood_000117_09,test_ood_000117,490,sink_like,1,2,test_ood_000117_t1_c2,little,little_1,0,0.6,0.8,489,518370.28,518370.28125,555868.3125,599680.625,612310.125,635659.125,HI,7561458,8941204,test_ood,612310.125,15665.78125,627975.90625,True,True,15665.78125,0.0,612310.125,True
test_ood_test_ood_000117_11,test_ood_000117,490,sink_like,1,4,test_ood_000117_t1_c4,little,little_1,1,0.9,0.86,489,381262.3,381262.3125,399054.84375,432731.875,442234.71875,462577.5625,HI,7561458,8941204,test_ood,442234.71875,15665.78125,457900.5,True,True,15665.78125,0.0,442234.71875,True
test_ood_test_ood_000117_10,test_ood_000117,490,sink_like,1,3,test_ood_000117_t1_c3,big,big_0,1,1.4,0.98,489,198354.94,198354.9375,229059.328125,250286.765625,256566.015625,270796.375,HI,7561458,8941204,test_ood,256566.015625,15665.78125,272231.796875,True,True,15665.78125,0.0,256566.015625,True
test_ood_test_ood_000117_18,test_ood_000117,317,middle,2,4,test_ood_000117_t2_c4,big,big_1,2,1.8,1.06,316,179875.38,179875.375,190391.375,209369.40625,215026.203125,228044.1875,HI,7561458,8941204,test_ood,215026.203125,15665.78125,230691.984375,True,True,15665.78125,0.0,215026.203125,True
test_ood_test_ood_000117_15,test_ood_000117,317,middle,2,1,test_ood_000117_t2_c1,little,little_1,0,0.6,0.8,316,595695.2,595695.1875,582713.375,628504.0,641834.875,665735.0,HI,7561458,8941204,test_ood,641834.875,15665.78125,657500.65625,True,True,15665.78125,0.0,641834.875,True
test_ood_test_ood_000117_16,test_ood_000117,317,middle,2,2,test_ood_000117_t2_c2,big,big_0,1,1.4,0.98,316,176266.39,176266.390625,188470.3125,207318.5,212927.609375,225859.453125,HI,7561458,8941204,test_ood,212927.609375,15665.78125,228593.390625,True,True,15665.78125,0.0,212927.609375,True
test_ood_test_ood_000117_19,test_ood_000117,317,middle,2,5,test_ood_000117_t2_c5,little,little_1,2,1.2,0.93,316,278588.97,278588.96875,285959.46875,310843.1875,318004.3125,334054.4375,HI,7561458,8941204,test_ood,318004.3125,15665.78125,333670.09375,True,True,15665.78125,0.0,318004.3125,True
test_ood_test_ood_000117_14,test_ood_000117,317,middle,2,0,test_ood_000117_t2_c0,big,big_1,0,1.0,0.9,316,232994.8,232994.796875,241669.234375,263730.40625,270225.59375,284911.34375,HI,7561458,8941204,test_ood,270225.59375,15665.78125,285891.375,True,True,15665.78125,0.0,270225.59375,True
test_ood_test_ood_000117_13,test_ood_000117,490,sink_like,1,6,test_ood_000117_t1_c6,little,little_1,2,1.2,0.93,489,310491.53,310491.53125,330962.5,359236.0,367260.6875,385024.8125,HI,7561458,8941204,test_ood,367260.6875,15665.78125,382926.46875,True,True,15665.78125,0.0,367260.6875,True
test_ood_test_ood_000117_12,test_ood_000117,490,sink_like,1,5,test_ood_000117_t1_c5,big,big_0,2,1.8,1.06,489,147701.27,147701.265625,154415.0625,171319.296875,176225.90625,187887.125,HI,7561458,8941204,test_ood,176225.90625,15665.78125,191891.6875,True,True,15665.78125,0.0,176225.90625,True
test_ood_test_ood_000117_00,test_ood_000117,1,source_like,0,0,test_ood_000117_t0_c0,big,big_0,3,2.2,1.15,0,51239.43,51239.4296875,50128.171875,63079.953125,66836.53125,75792.453125,HI,7561458,8941204,test_ood,66836.53125,15665.78125,82502.3125,True,True,15665.78125,0.0,66836.53125,True
test_ood_test_ood_000117_06,test_ood_000117,1,source_like,0,6,test_ood_000117_t0_c6,big,big_1,2,1.8,1.06,0,63346.707,63346.70703125,58432.65625,71742.359375,75540.0625,84739.96875,HI,7561458,8941204,test_ood,75540.0625,15665.78125,91205.84375,True,True,15665.78125,0.0,75540.0625,True
test_ood_test_ood_000117_17,test_ood_000117,317,middle,2,3,test_ood_000117_t2_c3,little,little_1,1,0.9,0.86,316,370797.75,370797.75,354279.375,384234.5625,392678.875,411233.71875,HI,7561458,8941204,test_ood,392678.875,15665.78125,408344.65625,True,True,15665.78125,0.0,392678.875,True
test_ood_test_ood_000117_21,test_ood_000117,355,high_degree,3,0,test_ood_000117_t3_c0,little,little_1,0,0.6,0.8,354,406901.97,406901.96875,432110.21875,466985.0,476698.625,497046.5625,HI,7561458,8941204,test_ood,476698.625,15665.78125,492364.40625,True,True,15665.78125,0.0,476698.625,True
test_ood_test_ood_000117_33,test_ood_000117,407,communication_heavy,4,5,test_ood_000117_t4_c5,little,little_1,3,1.5,1.0,406,275845.94,275845.9375,296808.34375,322479.0,329840.65625,346304.84375,HI,7561458,8941204,test_ood,329840.65625,15665.78125,345506.4375,True,True,15665.78125,0.0,329840.65625,True
test_ood_test_ood_000117_22,test_ood_000117,355,high_degree,3,1,test_ood_000117_t3_c1,big,big_1,1,1.4,0.98,354,145459.5,145459.5,146705.84375,163183.0625,167927.0625,179305.171875,HI,7561458,8941204,test_ood,167927.0625,15665.78125,183592.84375,True,True,15665.78125,0.0,167927.0625,True
test_ood_test_ood_000117_30,test_ood_000117,407,communication_heavy,4,2,test_ood_000117_t4_c2,big,big_0,2,1.8,1.06,406,234758.81,234758.8125,253090.8125,275876.25,282563.96875,297628.53125,HI,7561458,8941204,test_ood,282563.96875,15665.78125,298229.75,True,True,15665.78125,0.0,282563.96875,True
test_ood_test_ood_000117_29,test_ood_000117,407,communication_heavy,4,1,test_ood_000117_t4_c1,little,little_1,1,0.9,0.86,406,501822.78,501822.78125,558128.9375,605037.1875,618814.875,644487.5,HI,7561458,8941204,test_ood,618814.875,15665.78125,634480.65625,True,True,15665.78125,0.0,618814.875,True
test_ood_test_ood_000117_28,test_ood_000117,407,communication_heavy,4,0,test_ood_000117_t4_c0,big,big_0,1,1.4,0.98,406,273671.75,273671.75,288337.0,313401.84375,320608.28125,336767.25,HI,7561458,8941204,test_ood,320608.28125,15665.78125,336274.0625,True,True,15665.78125,0.0,320608.28125,True
test_ood_test_ood_000117_24,test_ood_000117,355,high_degree,3,3,test_ood_000117_t3_c3,big,big_1,2,1.8,1.06,354,106445.81,106445.8125,104965.296875,119759.375,123819.859375,134037.859375,HI,7561458,8941204,test_ood,123819.859375,15665.78125,139485.640625,True,True,15665.78125,0.0,123819.859375,True
test_ood_test_ood_000117_25,test_ood_000117,355,high_degree,3,4,test_ood_000117_t3_c4,little,little_1,2,1.2,0.93,354,229732.53,229732.53125,234703.90625,256143.71875,262421.375,276673.5,HI,7561458,8941204,test_ood,262421.375,15665.78125,278087.15625,True,True,15665.78125,0.0,262421.375,True
test_ood_test_ood_000117_31,test_ood_000117,407,communication_heavy,4,3,test_ood_000117_t4_c3,little,little_0,2,1.2,0.93,406,368236.84,368236.84375,376973.0,408984.28125,418023.125,437632.0625,HI,7561458,8941204,test_ood,418023.125,15665.78125,433688.90625,True,True,15665.78125,0.0,418023.125,True
test_ood_test_ood_000117_27,test_ood_000117,355,high_degree,3,6,test_ood_000117_t3_c6,little,little_1,3,1.5,1.0,354,143772.89,143772.890625,151070.25,167678.359375,172465.125,183909.46875,HI,7561458,8941204,test_ood,172465.125,15665.78125,188130.90625,True,True,15665.78125,0.0,172465.125,True
test_ood_test_ood_000117_32,test_ood_000117,407,communication_heavy,4,4,test_ood_000117_t4_c4,big,big_1,3,2.2,1.15,406,246562.14,246562.140625,263883.125,287378.3125,294238.84375,309672.25,HI,7561458,8941204,test_ood,294238.84375,15665.78125,309904.625,True,True,15665.78125,0.0,294238.84375,True
test_ood_test_ood_000117_26,test_ood_000117,355,high_degree,3,5,test_ood_000117_t3_c5,big,big_1,3,2.2,1.15,354,99791.63,99791.6328125,100668.625,115373.921875,119391.84375,129528.15625,HI,7561458,8941204,test_ood,119391.84375,15665.78125,135057.625,True,True,15665.78125,0.0,119391.84375,True
test_ood_test_ood_000117_34,test_ood_000117,407,communication_heavy,4,6,test_ood_000117_t4_c6,big,big_1,0,1.0,0.9,406,432304.97,432304.96875,456541.78125,495423.59375,506559.8125,529315.125,HI,7561458,8941204,test_ood,506559.8125,15665.78125,522225.59375,True,True,15665.78125,0.0,506559.8125,True
test_ood_test_ood_000117_35,test_ood_000117,525,random,5,0,test_ood_000117_t5_c0,little,little_0,1,0.9,0.86,524,180789.42,180789.421875,176445.5625,195104.8125,200744.21875,213791.828125,HI,7561458,8941204,test_ood,200744.21875,15665.78125,216410.0,True,True,15665.78125,0.0,200744.21875,True
test_ood_test_ood_000117_37,test_ood_000117,525,random,5,2,test_ood_000117_t5_c2,little,little_1,2,1.2,0.93,524,123130.336,123130.3359375,123345.453125,139012.09375,143437.21875,154313.375,HI,7561458,8941204,test_ood,143437.21875,15665.78125,159103.0,True,True,15665.78125,0.0,143437.21875,True
test_ood_test_ood_000117_38,test_ood_000117,525,random,5,3,test_ood_000117_t5_c3,big,big_0,3,2.2,1.15,524,61069.18,61069.1796875,60181.625,73547.3125,77353.0625,86605.9375,HI,7561458,8941204,test_ood,77353.0625,15665.78125,93018.84375,True,True,15665.78125,0.0,77353.0625,True
test_ood_test_ood_000117_39,test_ood_000117,525,random,5,4,test_ood_000117_t5_c4,little,little_0,3,1.5,1.0,524,105746.07,105746.0703125,104451.75,119421.078125,123550.125,133906.484375,HI,7561458,8941204,test_ood,123550.125,15665.78125,139215.90625,True,True,15665.78125,0.0,123550.125,True
test_ood_test_ood_000117_40,test_ood_000117,525,random,5,5,test_ood_000117_t5_c5,big,big_1,0,1.0,0.9,524,108250.14,108250.140625,103771.25,118965.984375,123205.609375,133786.6875,HI,7561458,8941204,test_ood,123205.609375,15665.78125,138871.390625,True,True,15665.78125,0.0,123205.609375,True
test_ood_test_ood_000117_41,test_ood_000117,525,random,5,6,test_ood_000117_t5_c6,little,little_1,0,0.6,0.8,524,259731.53,259731.53125,266303.53125,290999.15625,298232.3125,314763.625,HI,7561458,8941204,test_ood,298232.3125,15665.78125,313898.09375,True,True,15665.78125,0.0,298232.3125,True
test_ood_test_ood_000117_36,test_ood_000117,525,random,5,1,test_ood_000117_t5_c1,big,big_0,2,1.8,1.06,524,72312.78,72312.78125,74376.609375,88386.640625,92299.015625,101999.671875,HI,7561458,8941204,test_ood,92299.015625,15665.78125,107964.796875,True,True,15665.78125,0.0,92299.015625,True
test_ood_test_ood_000117_23,test_ood_000117,355,high_degree,3,2,test_ood_000117_t3_c2,little,little_1,1,0.9,0.86,354,271158.53,271158.53125,283738.75,308428.625,315506.5,331434.875,HI,7561458,8941204,test_ood,315506.5,15665.78125,331172.28125,True,True,15665.78125,0.0,315506.5,True
test_ood_test_ood_000165_06,test_ood_000165,3,source_like,0,6,test_ood_000165_t0_c6,big,big_1,2,1.8,1.06,2,60299.28,60299.28125,58574.828125,71879.3125,75668.484375,84852.21875,HI,85602523,125152168,test_ood,75668.484375,15665.78125,91334.265625,True,True,15665.78125,0.0,75668.484375,True
test_ood_test_ood_000165_05,test_ood_000165,3,source_like,0,5,test_ood_000165_t0_c5,little,little_0,1,0.9,0.86,2,175268.5,175268.5,167546.546875,185698.15625,191160.125,203867.90625,HI,85602523,125152168,test_ood,191160.125,15665.78125,206825.90625,True,True,15665.78125,0.0,191160.125,True
test_ood_test_ood_000165_04,test_ood_000165,3,source_like,0,4,test_ood_000165_t0_c4,big,big_1,1,1.4,0.98,2,73865.164,73865.1640625,77615.5625,91813.296875,95746.265625,105530.6875,HI,85602523,125152168,test_ood,95746.265625,15665.78125,111412.046875,True,True,15665.78125,0.0,95746.265625,True
test_ood_test_ood_000165_00,test_ood_000165,3,source_like,0,0,test_ood_000165_t0_c0,big,big_0,3,2.2,1.15,2,50533.586,50533.5859375,49951.34375,62872.4375,66621.4375,75562.171875,HI,85602523,125152168,test_ood,66621.4375,15665.78125,82287.21875,True,True,15665.78125,0.0,66621.4375,True
test_ood_test_ood_000165_02,test_ood_000165,3,source_like,0,2,test_ood_000165_t0_c2,big,big_0,0,1.0,0.9,2,105401.55,105401.546875,103874.515625,119054.78125,123288.203125,133855.3125,HI,85602523,125152168,test_ood,123288.203125,15665.78125,138953.984375,True,True,15665.78125,0.0,123288.203125,True
test_ood_test_ood_000165_01,test_ood_000165,3,source_like,0,1,test_ood_000165_t0_c1,little,little_1,3,1.5,1.0,2,112168.07,112168.0703125,112574.171875,127791.515625,131971.46875,142430.65625,HI,85602523,125152168,test_ood,131971.46875,15665.78125,147637.25,True,True,15665.78125,0.0,131971.46875,True
test_ood_test_ood_000165_07,test_ood_000165,153,sink_like,1,0,test_ood_000165_t1_c0,little,little_1,3,1.5,1.0,152,226181.67,226181.671875,269444.34375,293177.21875,300044.0625,315489.5,HI,85602523,125152168,test_ood,300044.0625,15665.78125,315709.84375,True,True,15665.78125,0.0,300044.0625,True
test_ood_test_ood_000165_03,test_ood_000165,3,source_like,0,3,test_ood_000165_t0_c3,little,little_0,0,0.6,0.8,2,265205.2,265205.1875,267171.65625,291780.6875,298948.65625,315321.375,HI,85602523,125152168,test_ood,298948.65625,15665.78125,314614.4375,True,True,15665.78125,0.0,298948.65625,True
test_ood_test_ood_000165_08,test_ood_000165,153,sink_like,1,1,test_ood_000165_t1_c1,big,big_0,0,1.0,0.9,152,248050.58,248050.578125,289239.1875,314351.125,321539.46875,337694.4375,HI,85602523,125152168,test_ood,321539.46875,15665.78125,337205.25,True,True,15665.78125,0.0,321539.46875,True
test_ood_test_ood_000165_09,test_ood_000165,153,sink_like,1,2,test_ood_000165_t1_c2,little,little_0,0,0.6,0.8,152,384560.72,384560.71875,463205.4375,501280.21875,512080.8125,534086.875,HI,85602523,125152168,test_ood,512080.8125,15665.78125,527746.59375,True,True,15665.78125,0.0,512080.8125,True
test_ood_test_ood_000165_18,test_ood_000165,478,middle,2,4,test_ood_000165_t2_c4,big,big_0,2,1.8,1.06,477,199371.8,199371.796875,255340.15625,278237.4375,284941.5625,300039.25,HI,85602523,125152168,test_ood,284941.5625,15665.78125,300607.34375,True,True,15665.78125,0.0,284941.5625,True
test_ood_test_ood_000165_11,test_ood_000165,153,sink_like,1,4,test_ood_000165_t1_c4,little,little_1,1,0.9,0.86,152,327331.88,327331.875,405681.4375,440179.03125,449958.4375,470763.5,HI,85602523,125152168,test_ood,449958.4375,15665.78125,465624.21875,True,True,15665.78125,0.0,449958.4375,True
test_ood_test_ood_000165_12,test_ood_000165,153,sink_like,1,5,test_ood_000165_t1_c5,big,big_0,2,1.8,1.06,152,170251.38,170251.375,210073.484375,230197.40625,236193.6875,249863.265625,HI,85602523,125152168,test_ood,236193.6875,15665.78125,251859.46875,True,True,15665.78125,0.0,236193.6875,True
test_ood_test_ood_000165_13,test_ood_000165,153,sink_like,1,6,test_ood_000165_t1_c6,little,little_1,2,1.2,0.93,152,232034.36,232034.359375,273330.125,297305.125,304215.28125,319772.8125,HI,85602523,125152168,test_ood,304215.28125,15665.78125,319881.0625,True,True,15665.78125,0.0,304215.28125,True
test_ood_test_ood_000165_14,test_ood_000165,478,middle,2,0,test_ood_000165_t2_c0,big,big_0,0,1.0,0.9,477,273356.7,273356.6875,361947.3125,392676.375,401346.25,420329.375,HI,85602523,125152168,test_ood,401346.25,15665.78125,417012.03125,True,True,15665.78125,0.0,401346.25,True
test_ood_test_ood_000165_15,test_ood_000165,478,middle,2,1,test_ood_000165_t2_c1,little,little_0,0,0.6,0.8,477,686928.4,686928.375,843809.625,917101.9375,938011.1875,977971.9375,HI,85602523,125152168,test_ood,938011.1875,15665.78125,953676.96875,True,True,15665.78125,0.0,938011.1875,True
test_ood_test_ood_000165_16,test_ood_000165,478,middle,2,2,test_ood_000165_t2_c2,big,big_1,1,1.4,0.98,477,220010.6,220010.59375,274913.1875,299052.03125,306035.40625,321721.84375,HI,85602523,125152168,test_ood,306035.40625,15665.78125,321701.1875,True,True,15665.78125,0.0,306035.40625,True
test_ood_test_ood_000165_17,test_ood_000165,478,middle,2,3,test_ood_000165_t2_c3,little,little_1,1,0.9,0.86,477,476779.88,476779.875,613932.125,665977.9375,681513.875,709352.75,HI,85602523,125152168,test_ood,681513.875,15665.78125,697179.65625,True,True,15665.78125,0.0,681513.875,True
test_ood_test_ood_000165_19,test_ood_000165,478,middle,2,5,test_ood_000165_t2_c5,little,little_0,2,1.2,0.93,477,280556.28,280556.28125,353021.21875,383011.78125,391486.15625,410101.1875,HI,85602523,125152168,test_ood,391486.15625,15665.78125,407151.9375,True,True,15665.78125,0.0,391486.15625,True
test_ood_test_ood_000165_20,test_ood_000165,478,middle,2,6,test_ood_000165_t2_c6,big,big_1,3,2.2,1.15,477,141700.34,141700.34375,186418.78125,205127.546875,210685.21875,223523.90625,HI,85602523,125152168,test_ood,210685.21875,15665.78125,226351.0,True,True,15665.78125,0.0,210685.21875,True
test_ood_test_ood_000165_10,test_ood_000165,153,sink_like,1,3,test_ood_000165_t1_c3,big,big_0,1,1.4,0.98,152,252230.45,252230.453125,283410.625,308152.125,315269.15625,331246.6875,HI,85602523,125152168,test_ood,315269.15625,15665.78125,330934.9375,True,True,15665.78125,0.0,315269.15625,True
test_ood_test_ood_000165_33,test_ood_000165,530,communication_heavy,4,5,test_ood_000165_t4_c5,little,little_0,3,1.5,1.0,529,487123.12,487123.125,431491.875,468402.28125,478927.0625,500882.5625,HI,85602523,125152168,test_ood,478927.0625,15665.78125,494592.84375,False,True,15665.78125,0.0,478927.0625,False
test_ood_test_ood_000165_32,test_ood_000165,530,communication_heavy,4,4,test_ood_000165_t4_c4,big,big_0,3,2.2,1.15,529,250144.58,250144.578125,233843.46875,255335.78125,261671.203125,276020.46875,HI,85602523,125152168,test_ood,261671.203125,15665.78125,277336.984375,True,True,15665.78125,0.0,261671.203125,True
test_ood_test_ood_000165_28,test_ood_000165,530,communication_heavy,4,0,test_ood_000165_t4_c0,big,big_1,1,1.4,0.98,529,519050.6,519050.59375,439731.875,477228.4375,487921.90625,510098.5625,HI,85602523,125152168,test_ood,487921.90625,15665.78125,503587.6875,False,False,15665.78125,0.0,487921.90625,False
test_ood_test_ood_000165_27,test_ood_000165,8,high_degree,3,6,test_ood_000165_t3_c6,little,little_1,3,1.5,1.0,7,125320.86,125320.859375,151856.15625,168541.046875,173362.03125,184864.40625,HI,85602523,125152168,test_ood,173362.03125,15665.78125,189027.8125,True,True,15665.78125,0.0,173362.03125,True
test_ood_test_ood_000165_23,test_ood_000165,8,high_degree,3,2,test_ood_000165_t3_c2,little,little_1,1,0.9,0.86,7,268762.72,268762.71875,303274.40625,329357.34375,336785.75,353419.5625,HI,85602523,125152168,test_ood,336785.75,15665.78125,352451.53125,True,True,15665.78125,0.0,336785.75,True
test_ood_test_ood_000165_25,test_ood_000165,8,high_degree,3,4,test_ood_000165_t3_c4,little,little_0,2,1.2,0.93,7,172310.92,172310.921875,201387.1875,220909.0625,226710.96875,240008.15625,HI,85602523,125152168,test_ood,226710.96875,15665.78125,242376.75,True,True,15665.78125,0.0,226710.96875,True
test_ood_test_ood_000165_24,test_ood_000165,8,high_degree,3,3,test_ood_000165_t3_c3,big,big_0,2,1.8,1.06,7,108339.74,108339.7421875,124674.046875,140169.15625,144488.75,155156.0625,HI,85602523,125152168,test_ood,144488.75,15665.78125,160154.53125,True,True,15665.78125,0.0,144488.75,True
test_ood_test_ood_000165_30,test_ood_000165,530,communication_heavy,4,2,test_ood_000165_t4_c2,big,big_0,2,1.8,1.06,529,429892.0,429892.0,373128.8125,404896.25,413867.375,433380.84375,HI,85602523,125152168,test_ood,413867.375,15665.78125,429533.15625,False,False,15665.78125,0.0,413867.375,False
test_ood_test_ood_000165_26,test_ood_000165,8,high_degree,3,5,test_ood_000165_t3_c5,big,big_0,3,2.2,1.15,7,88047.09,88047.09375,100261.546875,114962.4375,118980.78125,129116.765625,HI,85602523,125152168,test_ood,118980.78125,15665.78125,134646.5625,True,True,15665.78125,0.0,118980.78125,True
test_ood_test_ood_000165_31,test_ood_000165,530,communication_heavy,4,3,test_ood_000165_t4_c3,little,little_1,2,1.2,0.93,529,537917.6,537917.625,483059.21875,524334.1875,536258.9375,560058.625,HI,85602523,125152168,test_ood,536258.9375,15665.78125,551924.71875,False,True,15665.78125,0.0,536258.9375,False
test_ood_test_ood_000165_41,test_ood_000165,755,random,5,6,test_ood_000165_t5_c6,little,little_1,0,0.6,0.8,754,491385.9,491385.90625,725850.5625,786111.0,804481.5625,835513.8125,HI,85602523,125152168,test_ood,804481.5625,15665.78125,820147.34375,True,True,15665.78125,0.0,804481.5625,True
test_ood_test_ood_000165_29,test_ood_000165,530,communication_heavy,4,1,test_ood_000165_t4_c1,little,little_0,1,0.9,0.86,529,877538.3,877538.3125,757946.4375,826265.125,846740.0,883479.6875,HI,85602523,125152168,test_ood,846740.0,15665.78125,862405.78125,False,False,15665.78125,0.0,846740.0,False
test_ood_test_ood_000165_34,test_ood_000165,530,communication_heavy,4,6,test_ood_000165_t4_c6,big,big_1,0,1.0,0.9,529,511662.38,511662.375,456288.5,495013.84375,506086.25,528740.9375,HI,85602523,125152168,test_ood,506086.25,15665.78125,521752.03125,False,True,15665.78125,0.0,506086.25,False
test_ood_test_ood_000165_35,test_ood_000165,755,random,5,0,test_ood_000165_t5_c0,little,little_1,1,0.9,0.86,754,375885.25,375885.25,598907.6875,649712.5,664866.5,692226.6875,HI,85602523,125152168,test_ood,664866.5,15665.78125,680532.28125,True,True,15665.78125,0.0,664866.5,True
test_ood_test_ood_000165_36,test_ood_000165,755,random,5,1,test_ood_000165_t5_c1,big,big_0,2,1.8,1.06,754,184107.61,184107.609375,318539.28125,345860.0,353635.6875,370939.0,HI,85602523,125152168,test_ood,353635.6875,15665.78125,369301.46875,True,True,15665.78125,0.0,353635.6875,True
test_ood_test_ood_000165_37,test_ood_000165,755,random,5,2,test_ood_000165_t5_c2,little,little_0,2,1.2,0.93,754,248794.33,248794.328125,362123.5,392937.59375,401647.125,420683.875,HI,85602523,125152168,test_ood,401647.125,15665.78125,417312.90625,True,True,15665.78125,0.0,401647.125,True
test_ood_test_ood_000165_38,test_ood_000165,755,random,5,3,test_ood_000165_t5_c3,big,big_1,3,2.2,1.15,754,136989.94,136989.9375,248087.5625,270543.875,277151.0,292051.03125,HI,85602523,125152168,test_ood,277151.0,15665.78125,292816.78125,True,True,15665.78125,0.0,277151.0,True
test_ood_test_ood_000165_39,test_ood_000165,755,random,5,4,test_ood_000165_t5_c4,little,little_1,3,1.5,1.0,754,227838.34,227838.34375,374115.03125,406037.0625,415069.75,434670.5,HI,85602523,125152168,test_ood,415069.75,15665.78125,430735.53125,True,True,15665.78125,0.0,415069.75,True
test_ood_test_ood_000165_40,test_ood_000165,755,random,5,5,test_ood_000165_t5_c5,big,big_1,0,1.0,0.9,754,260185.48,260185.484375,405462.0,439920.03125,449672.375,470454.8125,HI,85602523,125152168,test_ood,449672.375,15665.78125,465338.15625,True,True,15665.78125,0.0,449672.375,True
test_ood_test_ood_000165_22,test_ood_000165,8,high_degree,3,1,test_ood_000165_t3_c1,big,big_0,1,1.4,0.98,7,126292.23,126292.2265625,149127.4375,165738.328125,170531.4375,181996.03125,HI,85602523,125152168,test_ood,170531.4375,15665.78125,186197.21875,True,True,15665.78125,0.0,170531.4375,True
test_ood_test_ood_000165_21,test_ood_000165,8,high_degree,3,0,test_ood_000165_t3_c0,little,little_1,0,0.6,0.8,7,394258.28,394258.28125,431790.34375,466766.125,476532.875,497001.75,HI,85602523,125152168,test_ood,476532.875,15665.78125,492198.65625,True,True,15665.78125,0.0,476532.875,True
test_ood_test_ood_000264_08,test_ood_000264,572,sink_like,1,1,test_ood_000264_t1_c1,little,little_0,3,1.5,1.0,571,313667.94,313667.9375,325244.40625,353124.75,361057.40625,378646.5,HI,8847008,10486313,test_ood,361057.40625,15665.78125,376723.1875,True,True,15665.78125,0.0,361057.40625,True
test_ood_test_ood_000264_07,test_ood_000264,572,sink_like,1,0,test_ood_000264_t1_c0,big,big_0,3,2.2,1.15,571,192786.45,192786.453125,212899.9375,233315.296875,239434.6875,253347.859375,HI,8847008,10486313,test_ood,239434.6875,15665.78125,255100.46875,True,True,15665.78125,0.0,239434.6875,True
test_ood_test_ood_000264_06,test_ood_000264,3,source_like,0,6,test_ood_000264_t0_c6,little,little_1,1,0.9,0.86,2,161671.38,161671.375,153305.265625,170730.078125,175922.0,188156.21875,HI,8847008,10486313,test_ood,175922.0,15665.78125,191587.78125,True,True,15665.78125,0.0,175922.0,True
test_ood_test_ood_000264_00,test_ood_000264,3,source_like,0,0,test_ood_000264_t0_c0,little,little_1,2,1.2,0.93,2,114130.18,114130.1796875,108664.3125,123909.609375,128152.5625,138724.40625,HI,8847008,10486313,test_ood,128152.5625,15665.78125,143818.34375,True,True,15665.78125,0.0,128152.5625,True
test_ood_test_ood_000264_02,test_ood_000264,3,source_like,0,2,test_ood_000264_t0_c2,little,little_0,3,1.5,1.0,2,99710.695,99710.6953125,94814.5,109632.359375,113688.296875,123888.109375,HI,8847008,10486313,test_ood,113688.296875,15665.78125,129354.078125,True,True,15665.78125,0.0,113688.296875,True
test_ood_test_ood_000264_01,test_ood_000264,3,source_like,0,1,test_ood_000264_t0_c1,big,big_0,3,2.2,1.15,2,45906.664,45906.6640625,46306.71875,59123.03125,62892.359375,71800.3125,HI,8847008,10486313,test_ood,62892.359375,15665.78125,78558.140625,True,True,15665.78125,0.0,62892.359375,True
test_ood_test_ood_000264_09,test_ood_000264,572,sink_like,1,2,test_ood_000264_t1_c2,big,big_0,0,1.0,0.9,571,297540.16,297540.15625,313631.9375,340516.65625,348161.09375,365229.375,HI,8847008,10486313,test_ood,348161.09375,15665.78125,363826.875,True,True,15665.78125,0.0,348161.09375,True
test_ood_test_ood_000264_03,test_ood_000264,3,source_like,0,3,test_ood_000264_t0_c3,big,big_0,0,1.0,0.9,2,101887.17,101887.171875,95137.546875,110125.640625,114285.765625,124694.953125,HI,8847008,10486313,test_ood,114285.765625,15665.78125,129951.546875,True,True,15665.78125,0.0,114285.765625,True
test_ood_test_ood_000264_04,test_ood_000264,3,source_like,0,4,test_ood_000264_t0_c4,little,little_0,0,0.6,0.8,2,251448.3,251448.296875,236193.78125,259329.9375,266314.75,282197.40625,HI,8847008,10486313,test_ood,266314.75,15665.78125,281980.53125,True,True,15665.78125,0.0,266314.75,True
test_ood_test_ood_000264_16,test_ood_000264,303,middle,2,2,test_ood_000264_t2_c2,little,little_0,0,0.6,0.8,302,573485.25,573485.25,536876.75,579453.0,591650.125,614725.875,HI,8847008,10486313,test_ood,591650.125,15665.78125,607315.90625,True,True,15665.78125,0.0,591650.125,True
test_ood_test_ood_000264_10,test_ood_000264,572,sink_like,1,3,test_ood_000264_t1_c3,little,little_1,0,0.6,0.8,571,629637.8,629637.8125,706609.4375,764053.0,781494.875,810683.1875,HI,8847008,10486313,test_ood,781494.875,15665.78125,797160.65625,True,True,15665.78125,0.0,781494.875,True
test_ood_test_ood_000264_17,test_ood_000264,303,middle,2,3,test_ood_000264_t2_c3,big,big_0,1,1.4,0.98,302,241430.69,241430.6875,229663.65625,250931.953125,257224.75,271479.3125,HI,8847008,10486313,test_ood,257224.75,15665.78125,272890.53125,True,True,15665.78125,0.0,257224.75,True
test_ood_test_ood_000264_15,test_ood_000264,303,middle,2,1,test_ood_000264_t2_c1,big,big_1,0,1.0,0.9,302,282721.06,282721.0625,282379.21875,307035.25,314132.90625,330080.125,HI,8847008,10486313,test_ood,314132.90625,15665.78125,329798.6875,True,True,15665.78125,0.0,314132.90625,True
test_ood_test_ood_000264_18,test_ood_000264,303,middle,2,4,test_ood_000264_t2_c4,little,little_1,1,0.9,0.86,302,470175.0,470175.0,459117.75,498010.6875,509129.0625,531823.375,HI,8847008,10486313,test_ood,509129.0625,15665.78125,524794.84375,True,True,15665.78125,0.0,509129.0625,True
test_ood_test_ood_000264_13,test_ood_000264,572,sink_like,1,6,test_ood_000264_t1_c6,big,big_0,2,1.8,1.06,571,172787.2,172787.203125,188059.828125,206918.5625,212537.78125,225489.875,HI,8847008,10486313,test_ood,212537.78125,15665.78125,228203.5625,True,True,15665.78125,0.0,212537.78125,True
test_ood_test_ood_000264_12,test_ood_000264,572,sink_like,1,5,test_ood_000264_t1_c5,little,little_1,1,0.9,0.86,571,408710.53,408710.53125,440019.125,477022.75,487510.0625,509309.375,HI,8847008,10486313,test_ood,487510.0625,15665.78125,503175.84375,True,True,15665.78125,0.0,487510.0625,True
test_ood_test_ood_000264_14,test_ood_000264,303,middle,2,0,test_ood_000264_t2_c0,little,little_1,3,1.5,1.0,302,286609.16,286609.15625,272527.375,296512.9375,303467.9375,319075.78125,HI,8847008,10486313,test_ood,303467.9375,15665.78125,319133.71875,True,True,15665.78125,0.0,303467.9375,True
test_ood_test_ood_000264_20,test_ood_000264,303,middle,2,6,test_ood_000264_t2_c6,little,little_1,2,1.2,0.93,302,314842.8,314842.8125,300799.25,326748.4375,334172.9375,350763.40625,HI,8847008,10486313,test_ood,334172.9375,15665.78125,349838.71875,True,True,15665.78125,0.0,334172.9375,True
test_ood_test_ood_000264_11,test_ood_000264,572,sink_like,1,4,test_ood_000264_t1_c4,big,big_1,1,1.4,0.98,571,227293.67,227293.671875,239070.5625,260967.21875,267430.25,282035.59375,HI,8847008,10486313,test_ood,267430.25,15665.78125,283096.03125,True,True,15665.78125,0.0,267430.25,True
test_ood_test_ood_000264_19,test_ood_000264,303,middle,2,5,test_ood_000264_t2_c5,big,big_1,2,1.8,1.06,302,157092.81,157092.8125,151724.234375,168457.09375,173297.21875,184838.4375,HI,8847008,10486313,test_ood,173297.21875,15665.78125,188963.0,True,True,15665.78125,0.0,173297.21875,True
test_ood_test_ood_000264_05,test_ood_000264,3,source_like,0,5,test_ood_000264_t0_c5,big,big_0,1,1.4,0.98,2,67327.07,67327.0703125,64526.5,78177.875,82042.125,91480.84375,HI,8847008,10486313,test_ood,82042.125,15665.78125,97707.90625,True,True,15665.78125,0.0,82042.125,True
test_ood_test_ood_000264_30,test_ood_000264,54,communication_heavy,4,2,test_ood_000264_t4_c2,little,little_0,1,0.9,0.86,53,511492.3,511492.3125,491985.5625,533461.0625,545398.1875,569062.375,HI,8847008,10486313,test_ood,545398.1875,15665.78125,561063.96875,True,True,15665.78125,0.0,545398.1875,True
test_ood_test_ood_000264_21,test_ood_000264,140,high_degree,3,0,test_ood_000264_t3_c0,big,big_1,0,1.0,0.9,139,275006.5,275006.5,276007.59375,300215.3125,307191.6875,322905.8125,HI,8847008,10486313,test_ood,307191.6875,15665.78125,322857.46875,True,True,15665.78125,0.0,307191.6875,True
test_ood_test_ood_000264_24,test_ood_000264,140,high_degree,3,3,test_ood_000264_t3_c3,little,little_0,1,0.9,0.86,139,505915.97,505915.96875,479724.21875,520419.125,532128.875,555585.875,HI,8847008,10486313,test_ood,532128.875,15665.78125,547794.65625,True,True,15665.78125,0.0,532128.875,True
test_ood_test_ood_000264_25,test_ood_000264,140,high_degree,3,4,test_ood_000264_t3_c4,big,big_1,2,1.8,1.06,139,231360.17,231360.171875,223188.421875,244133.109375,250361.125,264489.0,HI,8847008,10486313,test_ood,250361.125,15665.78125,266026.90625,True,True,15665.78125,0.0,250361.125,True
test_ood_test_ood_000264_26,test_ood_000264,140,high_degree,3,5,test_ood_000264_t3_c5,little,little_0,2,1.2,0.93,139,405894.1,405894.09375,372352.90625,404069.75,413038.9375,432524.0,HI,8847008,10486313,test_ood,413038.9375,15665.78125,428704.71875,True,True,15665.78125,0.0,413038.9375,True
test_ood_test_ood_000264_27,test_ood_000264,140,high_degree,3,6,test_ood_000264_t3_c6,big,big_0,3,2.2,1.15,139,177800.1,177800.09375,177724.296875,195979.15625,201389.234375,213959.296875,HI,8847008,10486313,test_ood,201389.234375,15665.78125,217055.015625,True,True,15665.78125,0.0,201389.234375,True
test_ood_test_ood_000264_28,test_ood_000264,54,communication_heavy,4,0,test_ood_000264_t4_c0,little,little_1,0,0.6,0.8,53,824945.2,824945.1875,789717.125,856968.8125,877050.5625,912488.25,HI,8847008,10486313,test_ood,877050.5625,15665.78125,892716.34375,True,True,15665.78125,0.0,877050.5625,True
test_ood_test_ood_000264_23,test_ood_000264,140,high_degree,3,2,test_ood_000264_t3_c2,big,big_1,1,1.4,0.98,139,262085.22,262085.21875,252761.796875,275470.46875,282113.34375,297092.4375,HI,8847008,10486313,test_ood,282113.34375,15665.78125,297779.125,True,True,15665.78125,0.0,282113.34375,True
test_ood_test_ood_000264_31,test_ood_000264,54,communication_heavy,4,3,test_ood_000264_t4_c3,big,big_0,2,1.8,1.06,53,216718.77,216718.765625,214419.25,234833.046875,240913.046875,254750.765625,HI,8847008,10486313,test_ood,240913.046875,15665.78125,256578.828125,True,True,15665.78125,0.0,240913.046875,True
test_ood_test_ood_000264_41,test_ood_000264,26,random,5,6,test_ood_000264_t5_c6,big,big_1,0,1.0,0.9,25,266116.06,266116.0625,259604.15625,282717.8125,289436.8125,304595.875,HI,8847008,10486313,test_ood,289436.8125,15665.78125,305102.59375,True,True,15665.78125,0.0,289436.8125,True
test_ood_test_ood_000264_29,test_ood_000264,54,communication_heavy,4,1,test_ood_000264_t4_c1,big,big_1,1,1.4,0.98,53,271026.25,271026.25,283769.0,308530.78125,315667.53125,331679.40625,HI,8847008,10486313,test_ood,315667.53125,15665.78125,331333.3125,True,True,15665.78125,0.0,315667.53125,True
test_ood_test_ood_000264_34,test_ood_000264,54,communication_heavy,4,6,test_ood_000264_t4_c6,little,little_1,3,1.5,1.0,53,375988.12,375988.125,375030.03125,407030.375,416084.34375,435726.90625,HI,8847008,10486313,test_ood,416084.34375,15665.78125,431750.125,True,True,15665.78125,0.0,416084.34375,True
test_ood_test_ood_000264_33,test_ood_000264,54,communication_heavy,4,5,test_ood_000264_t4_c5,big,big_0,3,2.2,1.15,53,213358.69,213358.6875,225428.78125,246582.046875,252892.34375,267186.09375,HI,8847008,10486313,test_ood,252892.34375,15665.78125,268558.125,True,True,15665.78125,0.0,252892.34375,True
test_ood_test_ood_000264_22,test_ood_000264,140,high_degree,3,1,test_ood_000264_t3_c1,little,little_1,0,0.6,0.8,139,550105.0,550105.0,547581.1875,591480.3125,604168.75,627871.5,HI,8847008,10486313,test_ood,604168.75,15665.78125,619834.53125,True,True,15665.78125,0.0,604168.75,True
test_ood_test_ood_000264_40,test_ood_000264,26,random,5,5,test_ood_000264_t5_c5,little,little_1,3,1.5,1.0,25,226147.78,226147.78125,232237.125,253601.578125,259902.59375,274173.28125,HI,8847008,10486313,test_ood,259902.59375,15665.78125,275568.375,True,True,15665.78125,0.0,259902.59375,True
test_ood_test_ood_000264_39,test_ood_000264,26,random,5,4,test_ood_000264_t5_c4,big,big_1,3,2.2,1.15,25,123518.91,123518.90625,126968.28125,142539.453125,146898.296875,157625.96875,HI,8847008,10486313,test_ood,146898.296875,15665.78125,162564.078125,True,True,15665.78125,0.0,146898.296875,True
test_ood_test_ood_000264_32,test_ood_000264,54,communication_heavy,4,4,test_ood_000264_t4_c4,little,little_0,2,1.2,0.93,53,394076.22,394076.21875,378989.09375,411206.71875,420310.625,440030.5,HI,8847008,10486313,test_ood,420310.625,15665.78125,435976.40625,True,True,15665.78125,0.0,420310.625,True
test_ood_test_ood_000264_37,test_ood_000264,26,random,5,2,test_ood_000264_t5_c2,big,big_1,2,1.8,1.06,25,162345.84,162345.84375,172735.1875,190695.3125,195999.046875,208371.8125,HI,8847008,10486313,test_ood,195999.046875,15665.78125,211664.828125,True,True,15665.78125,0.0,195999.046875,True
test_ood_test_ood_000264_36,test_ood_000264,26,random,5,1,test_ood_000264_t5_c1,little,little_0,1,0.9,0.86,25,309378.84,309378.84375,304732.25,330873.5625,338319.65625,354975.53125,HI,8847008,10486313,test_ood,338319.65625,15665.78125,353985.4375,True,True,15665.78125,0.0,338319.65625,True
test_ood_test_ood_000264_35,test_ood_000264,26,random,5,0,test_ood_000264_t5_c0,big,big_0,1,1.4,0.98,25,169763.25,169763.25,172101.109375,189975.015625,195246.546875,207557.75,HI,8847008,10486313,test_ood,195246.546875,15665.78125,210912.328125,True,True,15665.78125,0.0,195246.546875,True
test_ood_test_ood_000264_38,test_ood_000264,26,random,5,3,test_ood_000264_t5_c3,little,little_0,2,1.2,0.93,25,326666.06,326666.0625,320396.375,347865.09375,355681.46875,373038.34375,HI,8847008,10486313,test_ood,355681.46875,15665.78125,371347.25,True,True,15665.78125,0.0,355681.46875,True
test_ood_test_ood_000301_08,test_ood_000301,601,sink_like,1,1,test_ood_000301_t1_c1,big,big_1,1,1.4,0.98,600,309117.88,309117.875,307848.03125,334305.875,341848.25,358690.28125,HI,16161237,23285278,test_ood,341848.25,15665.78125,357514.03125,True,True,15665.78125,30798.3125,372646.5625,True
test_ood_test_ood_000301_01,test_ood_000301,3,source_like,0,1,test_ood_000301_t0_c1,little,little_1,0,0.6,0.8,2,261934.44,261934.4375,248053.25,271953.3125,279091.0,295390.5625,HI,16161237,23285278,test_ood,279091.0,15665.78125,294756.78125,True,True,15665.78125,30798.3125,309889.3125,True
test_ood_test_ood_000301_02,test_ood_000301,3,source_like,0,2,test_ood_000301_t0_c2,big,big_1,1,1.4,0.98,2,78277.89,78277.890625,76430.84375,90618.8125,94555.09375,104327.984375,HI,16161237,23285278,test_ood,94555.09375,15665.78125,110220.875,True,True,15665.78125,30798.3125,125353.40625,True
test_ood_test_ood_000301_03,test_ood_000301,3,source_like,0,3,test_ood_000301_t0_c3,little,little_0,1,0.9,0.86,2,174253.6,174253.59375,171428.65625,189883.5625,195460.203125,208390.328125,HI,16161237,23285278,test_ood,195460.203125,15665.78125,211125.984375,True,True,15665.78125,30798.3125,226258.515625,True
test_ood_test_ood_000301_04,test_ood_000301,3,source_like,0,4,test_ood_000301_t0_c4,big,big_1,2,1.8,1.06,2,58742.594,58742.59375,58295.640625,71619.75,75421.125,84618.71875,HI,16161237,23285278,test_ood,75421.125,15665.78125,91086.90625,True,True,15665.78125,30798.3125,106219.4375,True
test_ood_test_ood_000301_05,test_ood_000301,3,source_like,0,5,test_ood_000301_t0_c5,little,little_1,2,1.2,0.93,2,135740.62,135740.625,132270.25,148209.59375,152763.609375,163836.90625,HI,16161237,23285278,test_ood,152763.609375,15665.78125,168429.390625,True,True,15665.78125,30798.3125,183561.921875,True
test_ood_test_ood_000301_06,test_ood_000301,3,source_like,0,6,test_ood_000301_t0_c6,big,big_1,3,2.2,1.15,2,48860.332,48860.33203125,49372.859375,62306.296875,66072.265625,75030.71875,HI,16161237,23285278,test_ood,66072.265625,15665.78125,81738.046875,True,True,15665.78125,30798.3125,96870.578125,True
test_ood_test_ood_000301_07,test_ood_000301,601,sink_like,1,0,test_ood_000301_t1_c0,little,little_1,0,0.6,0.8,600,807100.06,807100.0625,778848.125,844143.625,863694.125,897861.5,HI,16161237,23285278,test_ood,863694.125,15665.78125,879359.90625,True,True,15665.78125,30798.3125,894492.4375,True
test_ood_test_ood_000301_20,test_ood_000301,479,middle,2,6,test_ood_000301_t2_c6,big,big_0,0,1.0,0.9,478,264809.03,264809.03125,298463.15625,324242.4375,331602.125,348096.96875,HI,16161237,23285278,test_ood,331602.125,15665.78125,347267.90625,True,True,15665.78125,30798.3125,362400.4375,True
test_ood_test_ood_000301_00,test_ood_000301,3,source_like,0,0,test_ood_000301_t0_c0,big,big_0,0,1.0,0.9,2,101802.61,101802.609375,102102.296875,117277.859375,121506.4375,132066.84375,HI,16161237,23285278,test_ood,121506.4375,15665.78125,137172.21875,True,True,15665.78125,30798.3125,152304.75,True
test_ood_test_ood_000301_11,test_ood_000301,601,sink_like,1,4,test_ood_000301_t1_c4,little,little_0,2,1.2,0.93,600,470143.56,470143.5625,480919.25,521982.9375,533836.375,557535.75,HI,16161237,23285278,test_ood,533836.375,15665.78125,549502.15625,True,True,15665.78125,30798.3125,564634.6875,True
test_ood_test_ood_000301_12,test_ood_000301,601,sink_like,1,5,test_ood_000301_t1_c5,big,big_0,3,2.2,1.15,600,238310.6,238310.59375,267378.40625,291054.40625,297947.125,313439.625,HI,16161237,23285278,test_ood,297947.125,15665.78125,313612.90625,True,True,15665.78125,30798.3125,328745.4375,True
test_ood_test_ood_000301_13,test_ood_000301,601,sink_like,1,6,test_ood_000301_t1_c6,little,little_0,3,1.5,1.0,600,466667.5,466667.5,498116.875,541073.75,553603.6875,578248.25,HI,16161237,23285278,test_ood,553603.6875,15665.78125,569269.46875,True,True,15665.78125,30798.3125,584402.0,True
test_ood_test_ood_000301_14,test_ood_000301,479,middle,2,0,test_ood_000301_t2_c0,big,big_1,1,1.4,0.98,478,202914.62,202914.625,213263.53125,233496.28125,239496.84375,253178.03125,HI,16161237,23285278,test_ood,239496.84375,15665.78125,255162.625,True,True,15665.78125,30798.3125,270295.15625,True
test_ood_test_ood_000301_15,test_ood_000301,479,middle,2,1,test_ood_000301_t2_c1,little,little_0,1,0.9,0.86,478,369545.28,369545.28125,393974.0625,427424.0,436886.625,457187.25,HI,16161237,23285278,test_ood,436886.625,15665.78125,452552.40625,True,True,15665.78125,30798.3125,467684.9375,True
test_ood_test_ood_000301_16,test_ood_000301,479,middle,2,2,test_ood_000301_t2_c2,big,big_1,2,1.8,1.06,478,138025.11,138025.109375,155519.59375,172413.640625,177311.71875,188952.40625,HI,16161237,23285278,test_ood,177311.71875,15665.78125,192977.5,True,True,15665.78125,30798.3125,208110.03125,True
test_ood_test_ood_000301_17,test_ood_000301,479,middle,2,3,test_ood_000301_t2_c3,little,little_1,2,1.2,0.93,478,239599.92,239599.921875,262556.78125,285814.5,292558.21875,307764.21875,HI,16161237,23285278,test_ood,292558.21875,15665.78125,308224.0,True,True,15665.78125,30798.3125,323356.53125,True
test_ood_test_ood_000301_18,test_ood_000301,479,middle,2,4,test_ood_000301_t2_c4,big,big_1,3,2.2,1.15,478,151609.17,151609.171875,161458.078125,178770.625,183826.78125,195756.625,HI,16161237,23285278,test_ood,183826.78125,15665.78125,199492.5625,True,True,15665.78125,30798.3125,214625.09375,True
test_ood_test_ood_000301_09,test_ood_000301,601,sink_like,1,2,test_ood_000301_t1_c2,little,little_1,1,0.9,0.86,600,609270.0,609270.0,644464.75,699176.375,715681.625,744593.6875,HI,16161237,23285278,test_ood,715681.625,15665.78125,731347.40625,True,True,15665.78125,30798.3125,746479.9375,True
test_ood_test_ood_000301_10,test_ood_000301,601,sink_like,1,3,test_ood_000301_t1_c3,big,big_1,2,1.8,1.06,600,366043.16,366043.15625,388214.125,421308.3125,430667.25,450832.0625,HI,16161237,23285278,test_ood,430667.25,15665.78125,446333.03125,True,True,15665.78125,30798.3125,461465.5625,True
test_ood_test_ood_000301_19,test_ood_000301,479,middle,2,5,test_ood_000301_t2_c5,little,little_1,3,1.5,1.0,478,221827.19,221827.1875,240874.390625,262720.21875,269115.78125,283595.9375,HI,16161237,23285278,test_ood,269115.78125,15665.78125,284781.5625,True,True,15665.78125,30798.3125,299914.09375,True
test_ood_test_ood_000301_29,test_ood_000301,360,communication_heavy,4,1,test_ood_000301_t4_c1,little,little_1,2,1.2,0.93,359,415549.2,415549.1875,434754.5625,471830.9375,482396.71875,504393.375,HI,16161237,23285278,test_ood,482396.71875,15665.78125,498062.5,True,True,15665.78125,30798.3125,513195.03125,True
test_ood_test_ood_000301_21,test_ood_000301,78,high_degree,3,0,test_ood_000301_t3_c0,little,little_0,1,0.9,0.86,77,473168.84,473168.84375,430636.3125,466973.5625,477269.90625,498831.84375,HI,16161237,23285278,test_ood,477269.90625,15665.78125,492935.6875,True,True,15665.78125,30798.3125,508068.21875,True
test_ood_test_ood_000301_41,test_ood_000301,499,random,5,6,test_ood_000301_t5_c6,little,little_1,1,0.9,0.86,498,291504.28,291504.28125,294418.4375,319856.0625,327120.1875,343423.5625,HI,16161237,23285278,test_ood,327120.1875,15665.78125,342785.96875,True,True,15665.78125,30798.3125,357918.5,True
test_ood_test_ood_000301_28,test_ood_000301,360,communication_heavy,4,0,test_ood_000301_t4_c0,big,big_0,2,1.8,1.06,359,388617.9,388617.90625,353789.5,383902.1875,392408.5,411100.625,HI,16161237,23285278,test_ood,392408.5,15665.78125,408074.28125,True,True,15665.78125,30798.3125,423206.8125,True
test_ood_test_ood_000301_27,test_ood_000301,78,high_degree,3,6,test_ood_000301_t3_c6,little,little_1,0,0.6,0.8,77,702871.2,702871.1875,671660.625,726015.1875,742499.75,770279.5,HI,16161237,23285278,test_ood,742499.75,15665.78125,758165.53125,True,True,15665.78125,30798.3125,773298.0625,True
test_ood_test_ood_000301_23,test_ood_000301,78,high_degree,3,2,test_ood_000301_t3_c2,little,little_0,2,1.2,0.93,77,500698.25,500698.25,491855.5,534023.75,546263.1875,570484.8125,HI,16161237,23285278,test_ood,546263.1875,15665.78125,561928.96875,True,True,15665.78125,30798.3125,577061.5,True
test_ood_test_ood_000301_25,test_ood_000301,78,high_degree,3,4,test_ood_000301_t3_c4,little,little_0,3,1.5,1.0,77,472385.06,472385.0625,427082.5625,463689.125,474132.8125,495983.375,HI,16161237,23285278,test_ood,474132.8125,15665.78125,489798.59375,True,True,15665.78125,30798.3125,504931.125,True
test_ood_test_ood_000301_30,test_ood_000301,360,communication_heavy,4,2,test_ood_000301_t4_c2,big,big_1,3,2.2,1.15,359,350347.12,350347.125,325421.3125,353295.9375,361217.125,378808.0,HI,16161237,23285278,test_ood,361217.125,15665.78125,376882.90625,True,True,15665.78125,30798.3125,392015.4375,True
test_ood_test_ood_000301_26,test_ood_000301,78,high_degree,3,5,test_ood_000301_t3_c5,big,big_0,0,1.0,0.9,77,424084.06,424084.0625,431111.625,467781.34375,478212.84375,499996.84375,HI,16161237,23285278,test_ood,478212.84375,15665.78125,493878.625,True,True,15665.78125,30798.3125,509011.15625,True
test_ood_test_ood_000301_31,test_ood_000301,360,communication_heavy,4,3,test_ood_000301_t4_c3,little,little_0,3,1.5,1.0,359,433185.8,433185.8125,431200.59375,468067.34375,478577.21875,500505.28125,HI,16161237,23285278,test_ood,478577.21875,15665.78125,494243.0,True,True,15665.78125,30798.3125,509375.53125,True
test_ood_test_ood_000301_36,test_ood_000301,499,random,5,1,test_ood_000301_t5_c1,big,big_0,3,2.2,1.15,498,80220.27,80220.2734375,87609.40625,101937.640625,105859.234375,115744.71875,HI,16161237,23285278,test_ood,105859.234375,15665.78125,121525.015625,True,True,15665.78125,30798.3125,136657.546875,True
test_ood_test_ood_000301_24,test_ood_000301,78,high_degree,3,3,test_ood_000301_t3_c3,big,big_0,3,2.2,1.15,77,235642.42,235642.421875,230320.5,251718.1875,258075.21875,272465.125,HI,16161237,23285278,test_ood,258075.21875,15665.78125,273741.0,True,True,15665.78125,30798.3125,288873.53125,True
test_ood_test_ood_000301_34,test_ood_000301,360,communication_heavy,4,6,test_ood_000301_t4_c6,big,big_1,1,1.4,0.98,359,402789.47,402789.46875,392617.0625,425994.34375,435422.0,455697.25,HI,16161237,23285278,test_ood,435422.0,15665.78125,451087.78125,True,True,15665.78125,30798.3125,466220.3125,True
test_ood_test_ood_000301_35,test_ood_000301,499,random,5,0,test_ood_000301_t5_c0,little,little_0,2,1.2,0.93,498,221699.86,221699.859375,234408.21875,255836.5625,262118.671875,276372.625,HI,16161237,23285278,test_ood,262118.671875,15665.78125,277784.453125,True,True,15665.78125,30798.3125,292916.984375,True
test_ood_test_ood_000301_37,test_ood_000301,499,random,5,2,test_ood_000301_t5_c2,little,little_1,3,1.5,1.0,498,178106.42,178106.421875,174819.59375,192776.625,198065.90625,210406.46875,HI,16161237,23285278,test_ood,198065.90625,15665.78125,213731.6875,True,True,15665.78125,30798.3125,228864.21875,True
test_ood_test_ood_000301_38,test_ood_000301,499,random,5,3,test_ood_000301_t5_c3,big,big_1,0,1.0,0.9,498,166823.27,166823.265625,172310.21875,190284.21875,195626.1875,208074.671875,HI,16161237,23285278,test_ood,195626.1875,15665.78125,211291.96875,True,True,15665.78125,30798.3125,226424.5,True
test_ood_test_ood_000301_39,test_ood_000301,499,random,5,4,test_ood_000301_t5_c4,little,little_1,0,0.6,0.8,498,374943.4,374943.40625,361785.59375,391338.3125,399400.53125,417392.9375,HI,16161237,23285278,test_ood,399400.53125,15665.78125,415066.3125,True,True,15665.78125,30798.3125,430198.84375,True
test_ood_test_ood_000301_40,test_ood_000301,499,random,5,5,test_ood_000301_t5_c5,big,big_0,1,1.4,0.98,498,115020.98,115020.9765625,120746.09375,136065.984375,140338.015625,150920.9375,HI,16161237,23285278,test_ood,140338.015625,15665.78125,156003.796875,True,True,15665.78125,30798.3125,171136.328125,True
test_ood_test_ood_000301_22,test_ood_000301,78,high_degree,3,1,test_ood_000301_t3_c1,big,big_1,2,1.8,1.06,77,275513.84,275513.84375,279702.34375,304212.4375,311300.75,327210.3125,HI,16161237,23285278,test_ood,311300.75,15665.78125,326966.53125,True,True,15665.78125,30798.3125,342099.0625,True
test_ood_test_ood_000301_33,test_ood_000301,360,communication_heavy,4,5,test_ood_000301_t4_c5,little,little_0,0,0.6,0.8,359,882067.3,882067.3125,915753.4375,999669.125,1021747.9375,1071421.75,HI,16161237,23285278,test_ood,1021747.9375,15665.78125,1037413.71875,True,True,15665.78125,30798.3125,1052546.25,True
test_ood_test_ood_000301_32,test_ood_000301,360,communication_heavy,4,4,test_ood_000301_t4_c4,big,big_1,0,1.0,0.9,359,525534.5,525534.5,517193.875,560996.875,573765.8125,598392.875,HI,16161237,23285278,test_ood,573765.8125,15665.78125,589431.59375,True,True,15665.78125,30798.3125,604564.125,True
test_ood_test_ood_000340_06,test_ood_000340,1,source_like,0,6,test_ood_000340_t0_c6,little,little_1,3,1.5,1.0,0,103514.27,103514.2734375,98558.859375,113417.390625,117500.671875,127757.3125,HI,9314630,13087410,test_ood,117500.671875,15665.78125,133166.453125,True,True,15665.78125,30798.3125,148298.984375,True
test_ood_test_ood_000340_05,test_ood_000340,1,source_like,0,5,test_ood_000340_t0_c5,big,big_0,3,2.2,1.15,0,45290.96,45290.9609375,48606.296875,61490.296875,65241.921875,74157.1875,HI,9314630,13087410,test_ood,65241.921875,15665.78125,80907.703125,True,True,15665.78125,30798.3125,96040.234375,True
test_ood_test_ood_000340_04,test_ood_000340,1,source_like,0,4,test_ood_000340_t0_c4,little,little_0,2,1.2,0.93,0,139349.86,139349.859375,133439.515625,149429.0625,154005.171875,165113.34375,HI,9314630,13087410,test_ood,154005.171875,15665.78125,169670.953125,True,True,15665.78125,30798.3125,184803.484375,True
test_ood_test_ood_000340_00,test_ood_000340,1,source_like,0,0,test_ood_000340_t0_c0,little,little_1,0,0.6,0.8,0,282272.16,282272.15625,272857.03125,297790.3125,304980.78125,321463.875,HI,9314630,13087410,test_ood,304980.78125,15665.78125,320646.5625,True,True,15665.78125,30798.3125,335779.09375,True
test_ood_test_ood_000340_02,test_ood_000340,1,source_like,0,2,test_ood_000340_t0_c2,little,little_1,1,0.9,0.86,0,189943.62,189943.625,173455.203125,192053.75,197689.625,210724.21875,HI,9314630,13087410,test_ood,197689.625,15665.78125,213355.40625,True,True,15665.78125,30798.3125,228487.9375,True
test_ood_test_ood_000340_01,test_ood_000340,1,source_like,0,1,test_ood_000340_t0_c1,big,big_0,1,1.4,0.98,0,78562.1,78562.1015625,82112.9375,96514.203125,100454.5,110311.859375,HI,9314630,13087410,test_ood,100454.5,15665.78125,116120.28125,True,True,15665.78125,30798.3125,131252.8125,True
test_ood_test_ood_000340_07,test_ood_000340,672,sink_like,1,0,test_ood_000340_t1_c0,big,big_1,1,1.4,0.98,671,299367.72,299367.71875,310287.28125,336930.65625,344520.625,361455.71875,HI,9314630,13087410,test_ood,344520.625,15665.78125,360186.40625,True,True,15665.78125,30798.3125,375318.9375,True
test_ood_test_ood_000340_03,test_ood_000340,1,source_like,0,3,test_ood_000340_t0_c3,big,big_1,2,1.8,1.06,0,60197.59,60197.58984375,58539.125,71868.375,75675.390625,84892.921875,HI,9314630,13087410,test_ood,75675.390625,15665.78125,91341.171875,True,True,15665.78125,30798.3125,106473.703125,True
test_ood_test_ood_000340_08,test_ood_000340,672,sink_like,1,1,test_ood_000340_t1_c1,little,little_1,1,0.9,0.86,671,746528.6,746528.625,728356.625,792541.5,811950.0625,846061.125,HI,9314630,13087410,test_ood,811950.0625,15665.78125,827615.84375,True,True,15665.78125,30798.3125,842748.375,True
test_ood_test_ood_000340_14,test_ood_000340,312,middle,2,0,test_ood_000340_t2_c0,little,little_0,1,0.9,0.86,311,234604.36,234604.359375,238084.34375,259893.484375,266284.875,280801.46875,HI,9314630,13087410,test_ood,266284.875,15665.78125,281950.65625,True,True,15665.78125,30798.3125,297083.1875,True
test_ood_test_ood_000340_10,test_ood_000340,672,sink_like,1,3,test_ood_000340_t1_c3,little,little_1,2,1.2,0.93,671,518799.0,518799.0,545870.0,592671.0625,606498.0,632535.6875,HI,9314630,13087410,test_ood,606498.0,15665.78125,622163.78125,True,True,15665.78125,30798.3125,637296.3125,True
test_ood_test_ood_000340_17,test_ood_000340,312,middle,2,3,test_ood_000340_t2_c3,big,big_0,3,2.2,1.15,311,98909.266,98909.265625,94852.40625,109373.734375,113349.765625,123384.734375,HI,9314630,13087410,test_ood,113349.765625,15665.78125,129015.546875,True,True,15665.78125,30798.3125,144148.078125,True
test_ood_test_ood_000340_16,test_ood_000340,312,middle,2,2,test_ood_000340_t2_c2,little,little_1,2,1.2,0.93,311,195294.3,195294.296875,194094.5,213122.84375,218753.8125,231733.765625,HI,9314630,13087410,test_ood,218753.8125,15665.78125,234419.59375,True,True,15665.78125,30798.3125,249552.125,True
test_ood_test_ood_000340_15,test_ood_000340,312,middle,2,1,test_ood_000340_t2_c1,big,big_0,2,1.8,1.06,311,124611.17,124611.171875,124195.578125,139677.515625,143999.53125,154672.0,HI,9314630,13087410,test_ood,143999.53125,15665.78125,159665.3125,True,True,15665.78125,30798.3125,174797.84375,True
test_ood_test_ood_000340_18,test_ood_000340,312,middle,2,4,test_ood_000340_t2_c4,little,little_0,3,1.5,1.0,311,174025.34,174025.34375,185869.25,204435.359375,209923.671875,222633.140625,HI,9314630,13087410,test_ood,209923.671875,15665.78125,225589.453125,True,True,15665.78125,30798.3125,240721.984375,True
test_ood_test_ood_000340_13,test_ood_000340,672,sink_like,1,6,test_ood_000340_t1_c6,big,big_0,0,1.0,0.9,671,600293.94,600293.9375,613016.125,665131.3125,680824.375,708699.9375,HI,9314630,13087410,test_ood,680824.375,15665.78125,696490.15625,True,True,15665.78125,30798.3125,711622.6875,True
test_ood_test_ood_000340_12,test_ood_000340,672,sink_like,1,5,test_ood_000340_t1_c5,little,little_0,3,1.5,1.0,671,411607.97,411607.96875,411820.625,446974.5625,456954.3125,478093.25,HI,9314630,13087410,test_ood,456954.3125,15665.78125,472620.09375,True,True,15665.78125,30798.3125,487752.625,True
test_ood_test_ood_000340_11,test_ood_000340,672,sink_like,1,4,test_ood_000340_t1_c4,big,big_1,3,2.2,1.15,671,294178.25,294178.25,303798.75,330000.03125,337497.3125,354247.84375,HI,9314630,13087410,test_ood,337497.3125,15665.78125,353163.09375,True,True,15665.78125,30798.3125,368295.625,True
test_ood_test_ood_000340_19,test_ood_000340,312,middle,2,5,test_ood_000340_t2_c5,big,big_1,0,1.0,0.9,311,236367.66,236367.65625,225864.140625,246852.53125,253038.96875,267112.21875,HI,9314630,13087410,test_ood,253038.96875,15665.78125,268704.75,True,True,15665.78125,30798.3125,283837.28125,True
test_ood_test_ood_000340_20,test_ood_000340,312,middle,2,6,test_ood_000340_t2_c6,little,little_0,0,0.6,0.8,311,350692.6,350692.59375,358467.0625,387806.21875,395810.96875,413691.03125,HI,9314630,13087410,test_ood,395810.96875,15665.78125,411476.75,True,True,15665.78125,30798.3125,426609.28125,True
test_ood_test_ood_000340_09,test_ood_000340,672,sink_like,1,2,test_ood_000340_t1_c2,big,big_0,2,1.8,1.06,671,316531.16,316531.15625,320353.71875,347774.75,355570.40625,372914.34375,HI,9314630,13087410,test_ood,355570.40625,15665.78125,371236.1875,True,True,15665.78125,30798.3125,386368.71875,True
test_ood_test_ood_000340_33,test_ood_000340,59,random,4,5,test_ood_000340_t4_c5,big,big_1,1,1.4,0.98,58,143953.25,143953.25,133833.71875,149795.71875,154321.515625,165347.765625,HI,9314630,13087410,test_ood,154321.515625,15665.78125,169987.296875,True,True,15665.78125,30798.3125,185119.828125,True
test_ood_test_ood_000340_32,test_ood_000340,59,random,4,4,test_ood_000340_t4_c4,little,little_0,0,0.6,0.8,58,346998.7,346998.6875,339408.90625,367369.5625,374958.0625,392212.34375,HI,9314630,13087410,test_ood,374958.0625,15665.78125,390623.84375,True,True,15665.78125,30798.3125,405756.375,True
test_ood_test_ood_000340_29,test_ood_000340,59,random,4,1,test_ood_000340_t4_c1,big,big_1,3,2.2,1.15,58,80509.984,80509.984375,74318.78125,88217.078125,92063.296875,101641.953125,HI,9314630,13087410,test_ood,92063.296875,15665.78125,107729.078125,True,True,15665.78125,30798.3125,122861.609375,True
test_ood_test_ood_000340_28,test_ood_000340,59,random,4,0,test_ood_000340_t4_c0,little,little_1,2,1.2,0.93,58,217152.58,217152.578125,198268.0,217595.484375,223334.71875,236516.28125,HI,9314630,13087410,test_ood,223334.71875,15665.78125,239000.5,True,True,15665.78125,30798.3125,254133.03125,True
test_ood_test_ood_000340_27,test_ood_000340,124,communication_heavy,3,6,test_ood_000340_t3_c6,big,big_0,1,1.4,0.98,123,420205.12,420205.125,426095.5625,462422.65625,472751.75,494407.40625,HI,9314630,13087410,test_ood,472751.75,15665.78125,488417.53125,True,True,15665.78125,30798.3125,503550.0625,True
test_ood_test_ood_000340_23,test_ood_000340,124,communication_heavy,3,2,test_ood_000340_t3_c2,big,big_0,3,2.2,1.15,123,271270.66,271270.65625,254169.171875,276999.84375,283691.15625,298770.09375,HI,9314630,13087410,test_ood,283691.15625,15665.78125,299356.9375,True,True,15665.78125,30798.3125,314489.46875,True
test_ood_test_ood_000340_25,test_ood_000340,124,communication_heavy,3,4,test_ood_000340_t3_c4,big,big_0,0,1.0,0.9,123,494145.78,494145.78125,452784.34375,491253.125,502249.84375,524795.9375,HI,9314630,13087410,test_ood,502249.84375,15665.78125,517915.625,True,True,15665.78125,30798.3125,533048.15625,True
test_ood_test_ood_000340_24,test_ood_000340,124,communication_heavy,3,3,test_ood_000340_t3_c3,little,little_0,3,1.5,1.0,123,493213.62,493213.625,447359.3125,485705.125,496694.75,519310.625,HI,9314630,13087410,test_ood,496694.75,15665.78125,512360.53125,True,True,15665.78125,30798.3125,527493.0625,True
test_ood_test_ood_000340_30,test_ood_000340,59,random,4,2,test_ood_000340_t4_c2,little,little_1,3,1.5,1.0,58,147891.33,147891.328125,140263.671875,156444.09375,161066.625,172240.28125,HI,9314630,13087410,test_ood,161066.625,15665.78125,176732.40625,True,True,15665.78125,30798.3125,191864.9375,True
test_ood_test_ood_000340_26,test_ood_000340,124,communication_heavy,3,5,test_ood_000340_t3_c5,little,little_0,0,0.6,0.8,123,943359.3,943359.3125,856557.9375,931764.0,953017.4375,994682.625,HI,9314630,13087410,test_ood,953017.4375,15665.78125,968683.21875,True,True,15665.78125,30798.3125,983815.75,True
test_ood_test_ood_000340_31,test_ood_000340,59,random,4,3,test_ood_000340_t4_c3,big,big_1,0,1.0,0.9,58,200461.06,200461.0625,183174.53125,201753.953125,207301.328125,220132.078125,HI,9314630,13087410,test_ood,207301.328125,15665.78125,222967.109375,True,True,15665.78125,30798.3125,238099.640625,True
test_ood_test_ood_000340_21,test_ood_000340,124,communication_heavy,3,0,test_ood_000340_t3_c0,big,big_1,2,1.8,1.06,123,247454.4,247454.40625,230674.984375,251947.9375,258210.15625,272422.15625,HI,9314630,13087410,test_ood,258210.15625,15665.78125,273875.9375,True,True,15665.78125,30798.3125,289008.46875,True
test_ood_test_ood_000340_22,test_ood_000340,124,communication_heavy,3,1,test_ood_000340_t3_c1,little,little_1,2,1.2,0.93,123,552562.6,552562.625,491451.0,533489.75,545676.5,569798.75,HI,9314630,13087410,test_ood,545676.5,15665.78125,561342.28125,False,True,15665.78125,30798.3125,576474.8125,True
test_ood_test_ood_000340_34,test_ood_000340,59,random,4,6,test_ood_000340_t4_c6,little,little_0,1,0.9,0.86,58,241882.89,241882.890625,235044.015625,256746.6875,263138.6875,277651.0,HI,9314630,13087410,test_ood,263138.6875,15665.78125,278804.46875,True,True,15665.78125,30798.3125,293937.0,True
test_ood_test_ood_000340_35,test_ood_000340,439,diverse_fill_1,5,0,test_ood_000340_t5_c0,big,big_0,3,2.2,1.15,438,134418.02,134418.015625,139091.953125,155203.96875,159772.78125,170856.34375,HI,9314630,13087410,test_ood,159772.78125,15665.78125,175438.5625,True,True,15665.78125,30798.3125,190571.09375,True
test_ood_test_ood_000340_36,test_ood_000340,439,diverse_fill_1,5,1,test_ood_000340_t5_c1,little,little_0,3,1.5,1.0,438,154978.2,154978.203125,167256.96875,184672.359375,189749.4375,201707.875,HI,9314630,13087410,test_ood,189749.4375,15665.78125,205415.21875,True,True,15665.78125,30798.3125,220547.75,True
test_ood_test_ood_000340_37,test_ood_000340,439,diverse_fill_1,5,2,test_ood_000340_t5_c2,big,big_1,0,1.0,0.9,438,215644.39,215644.390625,226734.40625,247725.890625,253897.65625,267943.375,HI,9314630,13087410,test_ood,253897.65625,15665.78125,269563.4375,True,True,15665.78125,30798.3125,284695.96875,True
test_ood_test_ood_000340_38,test_ood_000340,439,diverse_fill_1,5,3,test_ood_000340_t5_c3,little,little_1,0,0.6,0.8,438,405166.66,405166.65625,410496.3125,443925.0625,453214.34375,473055.875,HI,9314630,13087410,test_ood,453214.34375,15665.78125,468880.125,True,True,15665.78125,30798.3125,484012.65625,True
test_ood_test_ood_000340_39,test_ood_000340,439,diverse_fill_1,5,4,test_ood_000340_t5_c4,big,big_0,1,1.4,0.98,438,148698.25,148698.25,158000.875,175000.71875,179945.53125,191666.015625,HI,9314630,13087410,test_ood,179945.53125,15665.78125,195611.3125,True,True,15665.78125,30798.3125,210743.84375,True
test_ood_test_ood_000340_40,test_ood_000340,439,diverse_fill_1,5,5,test_ood_000340_t5_c5,little,little_1,1,0.9,0.86,438,331899.06,331899.0625,360176.71875,390813.96875,399469.75,418411.625,HI,9314630,13087410,test_ood,399469.75,15665.78125,415135.53125,True,True,15665.78125,30798.3125,430268.0625,True
test_ood_test_ood_000340_41,test_ood_000340,439,diverse_fill_1,5,6,test_ood_000340_t5_c6,big,big_0,2,1.8,1.06,438,168611.2,168611.203125,164712.03125,182156.75,187268.296875,199290.609375,HI,9314630,13087410,test_ood,187268.296875,15665.78125,202934.078125,True,True,15665.78125,30798.3125,218066.609375,True
test_ood_test_ood_000373_07,test_ood_000373,705,sink_like,1,0,test_ood_000373_t1_c0,big,big_1,1,1.4,0.98,704,367167.25,367167.25,307384.21875,333845.0,341396.21875,358256.8125,HI,765473,1127405,test_ood,341396.21875,15665.78125,357062.0,False,False,15665.78125,30798.3125,372194.53125,True
test_ood_test_ood_000373_06,test_ood_000373,278,source_like,0,6,test_ood_000373_t0_c6,little,little_0,3,1.5,1.0,277,91037.875,91037.875,92946.609375,107706.921875,111753.71875,121918.625,HI,765473,1127405,test_ood,111753.71875,15665.78125,127419.5,True,True,15665.78125,30798.3125,142552.03125,True
test_ood_test_ood_000373_04,test_ood_000373,278,source_like,0,4,test_ood_000373_t0_c4,little,little_1,2,1.2,0.93,277,107421.266,107421.265625,115119.53125,130532.765625,134858.234375,145570.0,HI,765473,1127405,test_ood,134858.234375,15665.78125,150524.015625,True,True,15665.78125,30798.3125,165656.546875,True
test_ood_test_ood_000373_14,test_ood_000373,506,middle,2,0,test_ood_000373_t2_c0,little,little_1,1,0.9,0.86,505,655485.9,655485.875,515198.8125,558612.9375,571197.0625,595616.875,HI,765473,1127405,test_ood,571197.0625,15665.78125,586862.84375,False,False,15665.78125,30798.3125,601995.375,False
test_ood_test_ood_000373_01,test_ood_000373,278,source_like,0,1,test_ood_000373_t0_c1,big,big_1,1,1.4,0.98,277,70082.23,70082.2265625,71828.671875,85849.03125,89752.875,99385.34375,HI,765473,1127405,test_ood,89752.875,15665.78125,105418.65625,True,True,15665.78125,30798.3125,120551.1875,True
test_ood_test_ood_000373_20,test_ood_000373,506,middle,2,6,test_ood_000373_t2_c6,little,little_0,0,0.6,0.8,505,753640.75,753640.75,622052.875,671841.8125,686671.875,712403.625,HI,765473,1127405,test_ood,686671.875,15665.78125,702337.65625,False,False,15665.78125,30798.3125,717470.1875,False
test_ood_test_ood_000373_08,test_ood_000373,705,sink_like,1,1,test_ood_000373_t1_c1,little,little_1,1,0.9,0.86,704,448015.25,448015.25,419662.75,455031.40625,465030.375,486141.0,HI,765473,1127405,test_ood,465030.375,15665.78125,480696.15625,True,True,15665.78125,30798.3125,495828.6875,True
test_ood_test_ood_000373_02,test_ood_000373,278,source_like,0,2,test_ood_000373_t0_c2,little,little_0,1,0.9,0.86,277,162325.92,162325.921875,161346.34375,179164.09375,184500.625,196989.921875,HI,765473,1127405,test_ood,184500.625,15665.78125,200166.40625,True,True,15665.78125,30798.3125,215298.9375,True
test_ood_test_ood_000373_09,test_ood_000373,705,sink_like,1,2,test_ood_000373_t1_c2,big,big_1,2,1.8,1.06,704,253018.75,253018.75,219989.125,240752.484375,246934.984375,260973.3125,HI,765473,1127405,test_ood,246934.984375,15665.78125,262600.765625,False,True,15665.78125,30798.3125,277733.296875,True
test_ood_test_ood_000373_16,test_ood_000373,506,middle,2,2,test_ood_000373_t2_c2,little,little_1,2,1.2,0.93,505,409718.5,409718.5,320696.09375,348125.375,355921.125,373261.75,HI,765473,1127405,test_ood,355921.125,15665.78125,371586.90625,False,False,15665.78125,30798.3125,386719.4375,False
test_ood_test_ood_000373_11,test_ood_000373,705,sink_like,1,4,test_ood_000373_t1_c4,big,big_0,3,2.2,1.15,704,252262.75,252262.75,216031.5,236635.625,242808.75,256822.828125,HI,765473,1127405,test_ood,242808.75,15665.78125,258474.53125,False,True,15665.78125,30798.3125,273607.0625,True
test_ood_test_ood_000373_10,test_ood_000373,705,sink_like,1,3,test_ood_000373_t1_c3,little,little_1,2,1.2,0.93,704,364019.78,364019.78125,341534.4375,370604.0,378829.90625,396992.0625,HI,765473,1127405,test_ood,378829.90625,15665.78125,394495.6875,True,True,15665.78125,30798.3125,409628.21875,True
test_ood_test_ood_000373_17,test_ood_000373,506,middle,2,3,test_ood_000373_t2_c3,big,big_1,3,2.2,1.15,505,298101.25,298101.25,227174.859375,248437.453125,254782.6875,269142.46875,HI,765473,1127405,test_ood,254782.6875,15665.78125,270448.46875,False,False,15665.78125,30798.3125,285581.0,False
test_ood_test_ood_000373_19,test_ood_000373,506,middle,2,5,test_ood_000373_t2_c5,big,big_1,0,1.0,0.9,505,439312.03,439312.03125,329538.53125,357646.625,365606.375,383288.65625,HI,765473,1127405,test_ood,365606.375,15665.78125,381272.15625,False,False,15665.78125,30798.3125,396404.6875,False
test_ood_test_ood_000373_15,test_ood_000373,506,middle,2,1,test_ood_000373_t2_c1,big,big_0,2,1.8,1.06,505,325881.4,325881.40625,251198.234375,273880.375,280546.90625,295568.0,HI,765473,1127405,test_ood,280546.90625,15665.78125,296212.6875,False,False,15665.78125,30798.3125,311345.21875,False
test_ood_test_ood_000373_18,test_ood_000373,506,middle,2,4,test_ood_000373_t2_c4,little,little_0,3,1.5,1.0,505,415647.62,415647.625,313272.71875,340200.75,347885.4375,364992.1875,HI,765473,1127405,test_ood,347885.4375,15665.78125,363551.21875,False,False,15665.78125,30798.3125,378683.75,False
test_ood_test_ood_000373_13,test_ood_000373,705,sink_like,1,6,test_ood_000373_t1_c6,big,big_0,0,1.0,0.9,704,420054.7,420054.6875,365116.59375,396139.75,404896.25,424036.3125,HI,765473,1127405,test_ood,404896.25,15665.78125,420562.03125,False,True,15665.78125,30798.3125,435694.5625,True
test_ood_test_ood_000373_12,test_ood_000373,705,sink_like,1,5,test_ood_000373_t1_c5,little,little_0,3,1.5,1.0,704,247844.64,247844.640625,239949.828125,261780.1875,268181.90625,282680.875,HI,765473,1127405,test_ood,268181.90625,15665.78125,283847.6875,True,True,15665.78125,30798.3125,298980.21875,True
test_ood_test_ood_000373_00,test_ood_000373,278,source_like,0,0,test_ood_000373_t0_c0,little,little_0,0,0.6,0.8,277,225898.53,225898.53125,247589.6875,271273.9375,278318.5,294371.65625,HI,765473,1127405,test_ood,278318.5,15665.78125,293984.28125,True,True,15665.78125,30798.3125,309116.8125,True
test_ood_test_ood_000373_05,test_ood_000373,278,source_like,0,5,test_ood_000373_t0_c5,big,big_0,3,2.2,1.15,277,46649.492,46649.4921875,44889.25,57638.46875,61394.109375,70243.578125,HI,765473,1127405,test_ood,61394.109375,15665.78125,77059.890625,True,True,15665.78125,30798.3125,92192.421875,True
test_ood_test_ood_000373_03,test_ood_000373,278,source_like,0,3,test_ood_000373_t0_c3,big,big_0,2,1.8,1.06,277,52501.44,52501.44140625,52888.390625,65956.125,69728.296875,78765.5,HI,765473,1127405,test_ood,69728.296875,15665.78125,85394.078125,True,True,15665.78125,30798.3125,100526.609375,True
test_ood_test_ood_000373_32,test_ood_000373,403,diverse_fill_1,4,4,test_ood_000373_t4_c4,little,little_0,0,0.6,0.8,402,481378.97,481378.96875,439604.6875,474110.5,483574.375,503364.1875,HI,765473,1127405,test_ood,483574.375,15665.78125,499240.15625,True,True,15665.78125,30798.3125,514372.6875,True
test_ood_test_ood_000373_30,test_ood_000373,403,diverse_fill_1,4,2,test_ood_000373_t4_c2,little,little_0,3,1.5,1.0,402,199375.16,199375.15625,189559.609375,208413.5,214003.75,226911.265625,HI,765473,1127405,test_ood,214003.75,15665.78125,229669.53125,True,True,15665.78125,30798.3125,244802.0625,True
test_ood_test_ood_000373_21,test_ood_000373,320,random,3,0,test_ood_000373_t3_c0,big,big_0,2,1.8,1.06,319,51447.92,51447.921875,56750.234375,70019.984375,73813.890625,82960.796875,HI,765473,1127405,test_ood,73813.890625,15665.78125,89479.671875,True,True,15665.78125,30798.3125,104612.203125,True
test_ood_test_ood_000373_24,test_ood_000373,320,random,3,3,test_ood_000373_t3_c3,little,little_1,3,1.5,1.0,319,85976.24,85976.2421875,92122.0625,106913.453125,110950.859375,121102.265625,HI,765473,1127405,test_ood,110950.859375,15665.78125,126616.640625,True,True,15665.78125,30798.3125,141749.171875,True
test_ood_test_ood_000373_25,test_ood_000373,320,random,3,4,test_ood_000373_t3_c4,big,big_1,0,1.0,0.9,319,79399.4,79399.3984375,86444.0,101201.3125,105294.859375,115503.75,HI,765473,1127405,test_ood,105294.859375,15665.78125,120960.640625,True,True,15665.78125,30798.3125,136093.171875,True
test_ood_test_ood_000373_26,test_ood_000373,320,random,3,5,test_ood_000373_t3_c5,little,little_1,0,0.6,0.8,319,205896.4,205896.40625,205673.765625,227178.71875,233816.9375,248914.109375,HI,765473,1127405,test_ood,233816.9375,15665.78125,249482.71875,True,True,15665.78125,30798.3125,264615.25,True
test_ood_test_ood_000373_27,test_ood_000373,320,random,3,6,test_ood_000373_t3_c6,big,big_1,1,1.4,0.98,319,60219.86,60219.859375,68037.90625,81911.3125,85811.09375,95372.75,HI,765473,1127405,test_ood,85811.09375,15665.78125,101476.875,True,True,15665.78125,30798.3125,116609.40625,True
test_ood_test_ood_000373_28,test_ood_000373,403,diverse_fill_1,4,0,test_ood_000373_t4_c0,little,little_0,2,1.2,0.93,402,290386.56,290386.5625,281881.8125,306478.875,313561.78125,329454.28125,HI,765473,1127405,test_ood,313561.78125,15665.78125,329227.5625,True,True,15665.78125,30798.3125,344360.09375,True
test_ood_test_ood_000373_23,test_ood_000373,320,random,3,2,test_ood_000373_t3_c2,big,big_1,3,2.2,1.15,319,36001.77,36001.76953125,41693.3125,54313.734375,58059.546875,66825.28125,HI,765473,1127405,test_ood,58059.546875,15665.78125,73725.328125,True,True,15665.78125,30798.3125,88857.859375,True
test_ood_test_ood_000373_31,test_ood_000373,403,diverse_fill_1,4,3,test_ood_000373_t4_c3,big,big_1,0,1.0,0.9,402,237133.69,237133.6875,239059.15625,260925.515625,267356.09375,281921.28125,HI,765473,1127405,test_ood,267356.09375,15665.78125,283021.875,True,True,15665.78125,30798.3125,298154.40625,True
test_ood_test_ood_000373_36,test_ood_000373,331,diverse_fill_2,5,1,test_ood_000373_t5_c1,little,little_0,3,1.5,1.0,330,100613.67,100613.671875,102056.25,117028.96875,121133.296875,131443.453125,HI,765473,1127405,test_ood,121133.296875,15665.78125,136799.078125,True,True,15665.78125,30798.3125,151931.609375,True
test_ood_test_ood_000373_29,test_ood_000373,403,diverse_fill_1,4,1,test_ood_000373_t4_c1,big,big_0,3,2.2,1.15,402,117045.85,117045.8515625,117330.953125,132527.8125,136750.4375,147250.3125,HI,765473,1127405,test_ood,136750.4375,15665.78125,152416.21875,True,True,15665.78125,30798.3125,167548.75,True
test_ood_test_ood_000373_34,test_ood_000373,403,diverse_fill_1,4,6,test_ood_000373_t4_c6,little,little_1,1,0.9,0.86,402,351605.78,351605.78125,377610.03125,409623.6875,418665.3125,438252.25,HI,765473,1127405,test_ood,418665.3125,15665.78125,434331.09375,True,True,15665.78125,30798.3125,449463.625,True
test_ood_test_ood_000373_22,test_ood_000373,320,random,3,1,test_ood_000373_t3_c1,little,little_1,2,1.2,0.93,319,108259.07,108259.0703125,112522.671875,127844.40625,132122.515625,142764.03125,HI,765473,1127405,test_ood,132122.515625,15665.78125,147788.296875,True,True,15665.78125,30798.3125,162920.828125,True
test_ood_test_ood_000373_33,test_ood_000373,403,diverse_fill_1,4,5,test_ood_000373_t4_c5,big,big_0,1,1.4,0.98,402,151200.78,151200.78125,148683.84375,165231.40625,170008.8125,181440.796875,HI,765473,1127405,test_ood,170008.8125,15665.78125,185674.59375,True,True,15665.78125,30798.3125,200807.125,True
test_ood_test_ood_000373_40,test_ood_000373,331,diverse_fill_2,5,5,test_ood_000373_t5_c5,little,little_0,1,0.9,0.86,330,171372.84,171372.84375,173920.40625,192426.515625,198009.4375,210937.0,HI,765473,1127405,test_ood,198009.4375,15665.78125,213675.21875,True,True,15665.78125,30798.3125,228807.75,True
test_ood_test_ood_000373_39,test_ood_000373,331,diverse_fill_2,5,4,test_ood_000373_t5_c4,big,big_1,1,1.4,0.98,330,73626.33,73626.328125,78713.75,92970.984375,96917.6875,106742.78125,HI,765473,1127405,test_ood,96917.6875,15665.78125,112583.46875,True,True,15665.78125,30798.3125,127716.0,True
test_ood_test_ood_000373_41,test_ood_000373,331,diverse_fill_2,5,6,test_ood_000373_t5_c6,big,big_1,2,1.8,1.06,330,58850.566,58850.56640625,58180.0,71487.21875,75283.546875,84470.609375,HI,765473,1127405,test_ood,75283.546875,15665.78125,90949.328125,True,True,15665.78125,30798.3125,106081.859375,True
test_ood_test_ood_000373_38,test_ood_000373,331,diverse_fill_2,5,3,test_ood_000373_t5_c3,little,little_0,0,0.6,0.8,330,229002.45,229002.453125,249832.84375,273741.3125,280851.21875,297094.4375,HI,765473,1127405,test_ood,280851.21875,15665.78125,296517.0,True,True,15665.78125,30798.3125,311649.53125,True
test_ood_test_ood_000373_37,test_ood_000373,331,diverse_fill_2,5,2,test_ood_000373_t5_c2,big,big_1,0,1.0,0.9,330,107967.7,107967.703125,103721.25,118857.53125,123064.671875,133581.390625,HI,765473,1127405,test_ood,123064.671875,15665.78125,138730.453125,True,True,15665.78125,30798.3125,153862.984375,True
test_ood_test_ood_000373_35,test_ood_000373,331,diverse_fill_2,5,0,test_ood_000373_t5_c0,big,big_1,3,2.2,1.15,330,47362.184,47362.18359375,48119.46875,60980.75,64730.90625,73634.046875,HI,765473,1127405,test_ood,64730.90625,15665.78125,80396.6875,True,True,15665.78125,30798.3125,95529.21875,True
test_ood_test_ood_000407_08,test_ood_000407,873,sink_like,1,1,test_ood_000407_t1_c1,big,big_0,3,2.2,1.15,872,101967.99,101967.9921875,104715.0625,119469.203125,123521.765625,133719.671875,HI,2356608,3191360,test_ood,123521.765625,15665.78125,139187.546875,True,True,15665.78125,30798.3125,154320.078125,True
test_ood_test_ood_000407_02,test_ood_000407,8,source_like,0,2,test_ood_000407_t0_c2,big,big_0,3,2.2,1.15,7,35171.55,35171.55078125,36196.8125,48678.0,52440.234375,61124.5625,HI,2356608,3191360,test_ood,52440.234375,15665.78125,68106.015625,True,True,15665.78125,30798.3125,83238.546875,True
test_ood_test_ood_000407_03,test_ood_000407,8,source_like,0,3,test_ood_000407_t0_c3,little,little_1,3,1.5,1.0,7,83018.38,83018.3828125,79186.28125,93596.171875,97599.59375,107543.921875,HI,2356608,3191360,test_ood,97599.59375,15665.78125,113265.375,True,True,15665.78125,30798.3125,128397.90625,True
test_ood_test_ood_000407_04,test_ood_000407,8,source_like,0,4,test_ood_000407_t0_c4,big,big_1,0,1.0,0.9,7,80810.67,80810.671875,74393.328125,88683.828125,92702.46875,102608.515625,HI,2356608,3191360,test_ood,92702.46875,15665.78125,108368.25,True,True,15665.78125,30798.3125,123500.78125,True
test_ood_test_ood_000407_05,test_ood_000407,8,source_like,0,5,test_ood_000407_t0_c5,little,little_0,0,0.6,0.8,7,192737.61,192737.609375,178835.125,198488.3125,204550.625,218503.046875,HI,2356608,3191360,test_ood,204550.625,15665.78125,220216.40625,True,True,15665.78125,30798.3125,235348.9375,True
test_ood_test_ood_000407_06,test_ood_000407,8,source_like,0,6,test_ood_000407_t0_c6,big,big_1,1,1.4,0.98,7,60281.863,60281.86328125,55200.359375,68496.171875,72352.46875,81598.609375,HI,2356608,3191360,test_ood,72352.46875,15665.78125,88018.25,True,True,15665.78125,30798.3125,103150.78125,True
test_ood_test_ood_000407_07,test_ood_000407,873,sink_like,1,0,test_ood_000407_t1_c0,little,little_0,2,1.2,0.93,872,274258.7,274258.6875,285914.5,310788.6875,317929.15625,333950.625,HI,2356608,3191360,test_ood,317929.15625,15665.78125,333594.9375,True,True,15665.78125,30798.3125,348727.46875,True
test_ood_test_ood_000407_01,test_ood_000407,8,source_like,0,1,test_ood_000407_t0_c1,little,little_1,2,1.2,0.93,7,95754.234,95754.234375,92144.296875,106993.734375,111109.59375,121409.921875,HI,2356608,3191360,test_ood,111109.59375,15665.78125,126775.375,True,True,15665.78125,30798.3125,141907.90625,True
test_ood_test_ood_000407_20,test_ood_000407,457,middle,2,6,test_ood_000407_t2_c6,big,big_1,2,1.8,1.06,456,134951.77,134951.765625,135005.765625,150925.59375,155429.6875,166400.53125,HI,2356608,3191360,test_ood,155429.6875,15665.78125,171095.46875,True,True,15665.78125,30798.3125,186228.0,True
test_ood_test_ood_000407_09,test_ood_000407,873,sink_like,1,2,test_ood_000407_t1_c2,little,little_1,3,1.5,1.0,872,166619.48,166619.484375,173302.96875,191117.71875,196344.515625,208574.046875,HI,2356608,3191360,test_ood,196344.515625,15665.78125,212010.296875,True,True,15665.78125,30798.3125,227142.828125,True
test_ood_test_ood_000407_11,test_ood_000407,873,sink_like,1,4,test_ood_000407_t1_c4,little,little_0,0,0.6,0.8,872,401219.7,401219.6875,425122.25,459564.5,469162.5625,489419.46875,HI,2356608,3191360,test_ood,469162.5625,15665.78125,484828.34375,True,True,15665.78125,30798.3125,499960.875,True
test_ood_test_ood_000407_12,test_ood_000407,873,sink_like,1,5,test_ood_000407_t1_c5,big,big_1,1,1.4,0.98,872,166108.67,166108.671875,172043.5,189876.796875,195132.296875,207411.828125,HI,2356608,3191360,test_ood,195132.296875,15665.78125,210798.078125,True,True,15665.78125,30798.3125,225930.609375,True
test_ood_test_ood_000407_13,test_ood_000407,873,sink_like,1,6,test_ood_000407_t1_c6,little,little_0,1,0.9,0.86,872,308744.03,308744.03125,305601.40625,331856.25,339333.21875,356059.84375,HI,2356608,3191360,test_ood,339333.21875,15665.78125,354999.0,True,True,15665.78125,30798.3125,370131.53125,True
test_ood_test_ood_000407_14,test_ood_000407,457,middle,2,0,test_ood_000407_t2_c0,big,big_0,3,2.2,1.15,456,119434.695,119434.6953125,118403.203125,133661.671875,137884.796875,148390.5,HI,2356608,3191360,test_ood,137884.796875,15665.78125,153550.578125,True,True,15665.78125,30798.3125,168683.109375,True
test_ood_test_ood_000407_15,test_ood_000407,457,middle,2,1,test_ood_000407_t2_c1,little,little_1,3,1.5,1.0,456,221358.3,221358.296875,203159.09375,222731.015625,228528.375,241817.3125,HI,2356608,3191360,test_ood,228528.375,15665.78125,244194.15625,True,True,15665.78125,30798.3125,259326.6875,True
test_ood_test_ood_000407_16,test_ood_000407,457,middle,2,2,test_ood_000407_t2_c2,big,big_1,0,1.0,0.9,456,237246.73,237246.734375,230105.828125,251345.875,257600.484375,271803.71875,HI,2356608,3191360,test_ood,257600.484375,15665.78125,273266.265625,True,True,15665.78125,30798.3125,288398.796875,True
test_ood_test_ood_000407_17,test_ood_000407,457,middle,2,3,test_ood_000407_t2_c3,little,little_1,0,0.6,0.8,456,349991.2,349991.1875,355674.53125,384966.78125,392997.0625,410944.96875,HI,2356608,3191360,test_ood,392997.0625,15665.78125,408662.84375,True,True,15665.78125,30798.3125,423795.375,True
test_ood_test_ood_000407_18,test_ood_000407,457,middle,2,4,test_ood_000407_t2_c4,big,big_1,1,1.4,0.98,456,156227.58,156227.578125,156156.921875,173110.0,178040.046875,189739.25,HI,2356608,3191360,test_ood,178040.046875,15665.78125,193705.828125,True,True,15665.78125,30798.3125,208838.359375,True
test_ood_test_ood_000407_00,test_ood_000407,8,source_like,0,0,test_ood_000407_t0_c0,big,big_1,2,1.8,1.06,7,45761.22,45761.21875,42117.796875,54836.046875,58630.1875,67496.921875,HI,2356608,3191360,test_ood,58630.1875,15665.78125,74295.96875,True,True,15665.78125,30798.3125,89428.5,True
test_ood_test_ood_000407_10,test_ood_000407,873,sink_like,1,3,test_ood_000407_t1_c3,big,big_1,0,1.0,0.9,872,213413.53,213413.53125,219768.90625,240396.421875,246501.4375,260400.265625,HI,2356608,3191360,test_ood,246501.4375,15665.78125,262167.21875,True,True,15665.78125,30798.3125,277299.75,True
test_ood_test_ood_000407_19,test_ood_000407,457,middle,2,5,test_ood_000407_t2_c5,little,little_1,1,0.9,0.86,456,323084.5,323084.5,306479.71875,332802.6875,340293.71875,357053.375,HI,2356608,3191360,test_ood,340293.71875,15665.78125,355959.5,True,True,15665.78125,30798.3125,371092.03125,True
test_ood_test_ood_000407_24,test_ood_000407,572,high_degree,3,3,test_ood_000407_t3_c3,big,big_1,1,1.4,0.98,571,159918.23,159918.234375,163811.9375,181223.359375,186334.34375,198354.75,HI,2356608,3191360,test_ood,186334.34375,15665.78125,202000.125,True,True,15665.78125,30798.3125,217132.65625,True
test_ood_test_ood_000407_21,test_ood_000407,572,high_degree,3,0,test_ood_000407_t3_c0,little,little_0,3,1.5,1.0,571,200766.58,200766.578125,208759.609375,228674.609375,234578.890625,248066.1875,HI,2356608,3191360,test_ood,234578.890625,15665.78125,250244.671875,True,True,15665.78125,30798.3125,265377.203125,True
test_ood_test_ood_000407_41,test_ood_000407,852,random,5,6,test_ood_000407_t5_c6,little,little_0,3,1.5,1.0,851,116472.52,116472.5234375,122506.90625,138066.28125,142417.3125,153166.53125,HI,2356608,3191360,test_ood,142417.3125,15665.78125,158083.09375,True,True,15665.78125,30798.3125,173215.625,True
test_ood_test_ood_000407_29,test_ood_000407,750,communication_heavy,4,1,test_ood_000407_t4_c1,little,little_0,0,0.6,0.8,749,669139.1,669139.125,666838.1875,720586.125,736803.875,764146.625,HI,2356608,3191360,test_ood,736803.875,15665.78125,752469.65625,True,True,15665.78125,30798.3125,767602.1875,True
test_ood_test_ood_000407_28,test_ood_000407,750,communication_heavy,4,0,test_ood_000407_t4_c0,big,big_0,0,1.0,0.9,749,296526.16,296526.15625,282514.84375,307177.1875,314273.375,330224.5,HI,2356608,3191360,test_ood,314273.375,15665.78125,329939.15625,True,True,15665.78125,30798.3125,345071.6875,True
test_ood_test_ood_000407_27,test_ood_000407,572,high_degree,3,6,test_ood_000407_t3_c6,little,little_1,2,1.2,0.93,571,185024.7,185024.703125,183735.421875,202176.796875,207633.84375,220279.625,HI,2356608,3191360,test_ood,207633.84375,15665.78125,223299.625,True,True,15665.78125,30798.3125,238432.15625,True
test_ood_test_ood_000407_23,test_ood_000407,572,high_degree,3,2,test_ood_000407_t3_c2,little,little_0,0,0.6,0.8,571,402334.8,402334.8125,402988.8125,435402.75,444303.46875,463481.40625,HI,2356608,3191360,test_ood,444303.46875,15665.78125,459969.25,True,True,15665.78125,30798.3125,475101.78125,True
test_ood_test_ood_000407_30,test_ood_000407,750,communication_heavy,4,2,test_ood_000407_t4_c2,big,big_0,1,1.4,0.98,749,239654.3,239654.296875,243521.96875,265639.96875,272140.0625,286821.21875,HI,2356608,3191360,test_ood,272140.0625,15665.78125,287805.84375,True,True,15665.78125,30798.3125,302938.375,True
test_ood_test_ood_000407_26,test_ood_000407,572,high_degree,3,5,test_ood_000407_t3_c5,big,big_0,2,1.8,1.06,571,106959.38,106959.3828125,107320.484375,122204.75,126295.234375,136569.21875,HI,2356608,3191360,test_ood,126295.234375,15665.78125,141961.015625,True,True,15665.78125,30798.3125,157093.546875,True
test_ood_test_ood_000407_31,test_ood_000407,750,communication_heavy,4,3,test_ood_000407_t4_c3,little,little_0,1,0.9,0.86,749,381396.3,381396.3125,375246.3125,406931.9375,415859.3125,435266.75,HI,2356608,3191360,test_ood,415859.3125,15665.78125,431525.09375,True,True,15665.78125,30798.3125,446657.625,True
test_ood_test_ood_000407_36,test_ood_000407,852,random,5,1,test_ood_000407_t5_c1,big,big_0,1,1.4,0.98,851,77366.73,77366.7265625,82687.609375,97084.0,101086.359375,111073.203125,HI,2356608,3191360,test_ood,101086.359375,15665.78125,116752.140625,True,True,15665.78125,30798.3125,131884.671875,True
test_ood_test_ood_000407_25,test_ood_000407,572,high_degree,3,4,test_ood_000407_t3_c4,little,little_0,1,0.9,0.86,571,251082.58,251082.578125,253979.0,276739.78125,283355.3125,298333.96875,HI,2356608,3191360,test_ood,283355.3125,15665.78125,299021.09375,True,True,15665.78125,30798.3125,314153.625,True
test_ood_test_ood_000407_34,test_ood_000407,750,communication_heavy,4,6,test_ood_000407_t4_c6,big,big_0,3,2.2,1.15,749,185095.25,185095.25,181999.3125,200580.1875,206118.25,218926.25,HI,2356608,3191360,test_ood,206118.25,15665.78125,221784.03125,True,True,15665.78125,30798.3125,236916.5625,True
test_ood_test_ood_000407_33,test_ood_000407,750,communication_heavy,4,5,test_ood_000407_t4_c5,little,little_0,2,1.2,0.93,749,292155.12,292155.125,286457.3125,311372.65625,318536.125,334602.90625,HI,2356608,3191360,test_ood,318536.125,15665.78125,334201.90625,True,True,15665.78125,30798.3125,349334.4375,True
test_ood_test_ood_000407_22,test_ood_000407,572,high_degree,3,1,test_ood_000407_t3_c1,big,big_0,0,1.0,0.9,571,189252.12,189252.125,192476.53125,211546.453125,217234.984375,230321.6875,HI,2356608,3191360,test_ood,217234.984375,15665.78125,232900.765625,True,True,15665.78125,30798.3125,248033.296875,True
test_ood_test_ood_000407_40,test_ood_000407,852,random,5,5,test_ood_000407_t5_c5,big,big_1,3,2.2,1.15,851,53649.35,53649.3515625,55415.734375,68569.328125,72345.765625,81449.375,HI,2356608,3191360,test_ood,72345.765625,15665.78125,88011.546875,True,True,15665.78125,30798.3125,103144.078125,True
test_ood_test_ood_000407_39,test_ood_000407,852,random,5,4,test_ood_000407_t5_c4,little,little_0,2,1.2,0.93,851,128034.23,128034.2265625,132402.140625,148415.625,152996.21875,164129.609375,HI,2356608,3191360,test_ood,152996.21875,15665.78125,168662.0,True,True,15665.78125,30798.3125,183794.53125,True
test_ood_test_ood_000407_32,test_ood_000407,750,communication_heavy,4,4,test_ood_000407_t4_c4,big,big_0,2,1.8,1.06,749,191319.81,191319.8125,205627.375,225528.828125,231473.953125,245043.34375,HI,2356608,3191360,test_ood,231473.953125,15665.78125,247139.734375,True,True,15665.78125,30798.3125,262272.265625,True
test_ood_test_ood_000407_37,test_ood_000407,852,random,5,2,test_ood_000407_t5_c2,little,little_0,1,0.9,0.86,851,165062.84,165062.84375,169200.6875,187404.328125,192876.890625,205613.65625,HI,2356608,3191360,test_ood,192876.890625,15665.78125,208542.671875,True,True,15665.78125,30798.3125,223675.203125,True
test_ood_test_ood_000407_35,test_ood_000407,852,random,5,0,test_ood_000407_t5_c0,little,little_0,0,0.6,0.8,851,248450.06,248450.0625,241179.96875,264655.4375,271735.53125,287864.09375,HI,2356608,3191360,test_ood,271735.53125,15665.78125,287401.3125,True,True,15665.78125,30798.3125,302533.84375,True
test_ood_test_ood_000407_38,test_ood_000407,852,random,5,3,test_ood_000407_t5_c3,big,big_1,2,1.8,1.06,851,52165.566,52165.56640625,59978.140625,73355.609375,77161.4375,86408.578125,HI,2356608,3191360,test_ood,77161.4375,15665.78125,92827.21875,True,True,15665.78125,30798.3125,107959.75,True
test_ood_test_ood_000435_07,test_ood_000435,421,sink_like,1,0,test_ood_000435_t1_c0,big,big_0,3,2.2,1.15,420,260067.11,260067.109375,256903.296875,279956.5625,286716.25,301935.0625,HI,4002802,5800673,test_ood,286716.25,15665.78125,302382.03125,True,True,15665.78125,30798.3125,317514.5625,True
test_ood_test_ood_000435_00,test_ood_000435,11,source_like,0,0,test_ood_000435_t0_c0,little,little_1,2,1.2,0.93,10,119844.28,119844.28125,114253.90625,129617.4375,133917.8125,144592.09375,HI,4002802,5800673,test_ood,133917.8125,15665.78125,149583.59375,True,True,15665.78125,30798.3125,164716.125,True
test_ood_test_ood_000435_01,test_ood_000435,11,source_like,0,1,test_ood_000435_t0_c1,big,big_1,3,2.2,1.15,10,43693.324,43693.32421875,44528.78125,57295.03125,61074.046875,69966.875,HI,4002802,5800673,test_ood,61074.046875,15665.78125,76739.828125,True,True,15665.78125,30798.3125,91872.359375,True
test_ood_test_ood_000435_02,test_ood_000435,11,source_like,0,2,test_ood_000435_t0_c2,little,little_1,3,1.5,1.0,10,91180.64,91180.640625,87291.125,101884.453125,105889.40625,115929.828125,HI,4002802,5800673,test_ood,105889.40625,15665.78125,121555.1875,True,True,15665.78125,30798.3125,136687.71875,True
test_ood_test_ood_000435_03,test_ood_000435,11,source_like,0,3,test_ood_000435_t0_c3,big,big_1,0,1.0,0.9,10,91145.945,91145.9453125,87040.5,101779.9375,105878.046875,116101.0,HI,4002802,5800673,test_ood,105878.046875,15665.78125,121543.828125,True,True,15665.78125,30798.3125,136676.359375,True
test_ood_test_ood_000435_04,test_ood_000435,11,source_like,0,4,test_ood_000435_t0_c4,little,little_1,0,0.6,0.8,10,227206.25,227206.25,208610.109375,230274.53125,236973.328125,252176.65625,HI,4002802,5800673,test_ood,236973.328125,15665.78125,252639.109375,True,True,15665.78125,30798.3125,267771.640625,True
test_ood_test_ood_000435_05,test_ood_000435,11,source_like,0,5,test_ood_000435_t0_c5,big,big_0,1,1.4,0.98,10,69932.03,69932.03125,67210.53125,81002.25,84907.078125,94473.109375,HI,4002802,5800673,test_ood,84907.078125,15665.78125,100572.859375,True,True,15665.78125,30798.3125,115705.390625,True
test_ood_test_ood_000435_06,test_ood_000435,11,source_like,0,6,test_ood_000435_t0_c6,little,little_1,1,0.9,0.86,10,151191.7,151191.703125,151822.25,169084.4375,174213.0,186327.921875,HI,4002802,5800673,test_ood,174213.0,15665.78125,189878.78125,True,True,15665.78125,30798.3125,205011.3125,True
test_ood_test_ood_000435_08,test_ood_000435,421,sink_like,1,1,test_ood_000435_t1_c1,little,little_1,3,1.5,1.0,420,298818.62,298818.625,311728.5625,338517.71875,346162.09375,363190.5625,HI,4002802,5800673,test_ood,346162.09375,15665.78125,361827.875,True,True,15665.78125,30798.3125,376960.40625,True
test_ood_test_ood_000435_18,test_ood_000435,339,middle,2,4,test_ood_000435_t2_c4,little,little_0,1,0.9,0.86,338,427330.34,427330.34375,424065.375,460107.375,470350.125,491845.6875,HI,4002802,5800673,test_ood,470350.125,15665.78125,486015.90625,True,True,15665.78125,30798.3125,501148.4375,True
test_ood_test_ood_000435_10,test_ood_000435,421,sink_like,1,3,test_ood_000435_t1_c3,little,little_0,0,0.6,0.8,420,763573.8,763573.8125,764940.375,829263.0625,848694.375,882166.125,HI,4002802,5800673,test_ood,848694.375,15665.78125,864360.15625,True,True,15665.78125,30798.3125,879492.6875,True
test_ood_test_ood_000435_17,test_ood_000435,339,middle,2,3,test_ood_000435_t2_c3,big,big_1,1,1.4,0.98,338,192969.48,192969.484375,198126.984375,217408.46875,223113.90625,236236.71875,HI,4002802,5800673,test_ood,223113.90625,15665.78125,238779.6875,True,True,15665.78125,30798.3125,253912.21875,True
test_ood_test_ood_000435_16,test_ood_000435,339,middle,2,2,test_ood_000435_t2_c2,little,little_0,0,0.6,0.8,338,561999.75,561999.75,570713.125,616354.0625,629675.0,653873.875,HI,4002802,5800673,test_ood,629675.0,15665.78125,645340.78125,True,True,15665.78125,30798.3125,660473.3125,True
test_ood_test_ood_000435_15,test_ood_000435,339,middle,2,1,test_ood_000435_t2_c1,big,big_0,0,1.0,0.9,338,265520.12,265520.125,267996.6875,291639.4375,298470.90625,313882.53125,HI,4002802,5800673,test_ood,298470.90625,15665.78125,314136.6875,True,True,15665.78125,30798.3125,329269.21875,True
test_ood_test_ood_000435_09,test_ood_000435,421,sink_like,1,2,test_ood_000435_t1_c2,big,big_1,0,1.0,0.9,420,389746.62,389746.625,392558.65625,425918.40625,435346.78125,455614.96875,HI,4002802,5800673,test_ood,435346.78125,15665.78125,451012.5625,True,True,15665.78125,30798.3125,466145.09375,True
test_ood_test_ood_000435_13,test_ood_000435,421,sink_like,1,6,test_ood_000435_t1_c6,big,big_0,2,1.8,1.06,420,203406.64,203406.640625,209846.71875,229942.859375,235918.328125,249555.609375,HI,4002802,5800673,test_ood,235918.328125,15665.78125,251584.109375,True,True,15665.78125,30798.3125,266716.640625,True
test_ood_test_ood_000435_12,test_ood_000435,421,sink_like,1,5,test_ood_000435_t1_c5,little,little_0,1,0.9,0.86,420,549750.94,549750.9375,565585.875,613238.75,627286.8125,653278.0,HI,4002802,5800673,test_ood,627286.8125,15665.78125,642952.59375,True,True,15665.78125,30798.3125,658085.125,True
test_ood_test_ood_000435_11,test_ood_000435,421,sink_like,1,4,test_ood_000435_t1_c4,big,big_1,1,1.4,0.98,420,289857.34,289857.34375,291127.25,316401.6875,323660.0,339927.0,HI,4002802,5800673,test_ood,323660.0,15665.78125,339325.78125,True,True,15665.78125,30798.3125,354458.3125,True
test_ood_test_ood_000435_19,test_ood_000435,339,middle,2,5,test_ood_000435_t2_c5,big,big_1,2,1.8,1.06,338,183853.28,183853.28125,193374.21875,212493.09375,218183.84375,231269.53125,HI,4002802,5800673,test_ood,218183.84375,15665.78125,233849.625,True,True,15665.78125,30798.3125,248982.15625,True
test_ood_test_ood_000435_14,test_ood_000435,339,middle,2,0,test_ood_000435_t2_c0,little,little_1,3,1.5,1.0,338,219849.77,219849.765625,230096.6875,251259.03125,257472.5625,271594.59375,HI,4002802,5800673,test_ood,257472.5625,15665.78125,273138.34375,True,True,15665.78125,30798.3125,288270.875,True
test_ood_test_ood_000435_20,test_ood_000435,339,middle,2,6,test_ood_000435_t2_c6,little,little_0,2,1.2,0.93,338,355636.7,355636.6875,352735.5,382834.09375,391352.125,410042.75,HI,4002802,5800673,test_ood,391352.125,15665.78125,407017.90625,True,True,15665.78125,30798.3125,422150.4375,True
test_ood_test_ood_000435_31,test_ood_000435,152,communication_heavy,4,3,test_ood_000435_t4_c3,big,big_1,2,1.8,1.06,151,339786.12,339786.125,343893.9375,373173.84375,381451.6875,399722.53125,HI,4002802,5800673,test_ood,381451.6875,15665.78125,397117.46875,True,True,15665.78125,30798.3125,412250.0,True
test_ood_test_ood_000435_28,test_ood_000435,152,communication_heavy,4,0,test_ood_000435_t4_c0,little,little_1,0,0.6,0.8,151,883877.44,883877.4375,847726.625,921499.0625,942529.375,983030.3125,HI,4002802,5800673,test_ood,942529.375,15665.78125,958195.15625,True,True,15665.78125,30798.3125,973327.6875,True
test_ood_test_ood_000435_27,test_ood_000435,390,high_degree,3,6,test_ood_000435_t3_c6,big,big_1,3,2.2,1.15,389,221965.94,221965.9375,233575.734375,255144.375,261532.234375,275987.0,HI,4002802,5800673,test_ood,261532.234375,15665.78125,277198.015625,True,True,15665.78125,30798.3125,292330.546875,True
test_ood_test_ood_000435_26,test_ood_000435,390,high_degree,3,5,test_ood_000435_t3_c5,little,little_0,2,1.2,0.93,389,518219.56,518219.5625,521981.46875,566790.625,579929.0,605219.25,HI,4002802,5800673,test_ood,579929.0,15665.78125,595594.78125,True,True,15665.78125,30798.3125,610727.3125,True
test_ood_test_ood_000435_22,test_ood_000435,390,high_degree,3,1,test_ood_000435_t3_c1,little,little_0,0,0.6,0.8,389,792879.75,792879.75,780805.25,846866.4375,866684.875,901368.3125,HI,4002802,5800673,test_ood,866684.875,15665.78125,882350.65625,True,True,15665.78125,30798.3125,897483.1875,True
test_ood_test_ood_000435_24,test_ood_000435,390,high_degree,3,3,test_ood_000435_t3_c3,little,little_0,1,0.9,0.86,389,512704.0,512704.0,507763.96875,550559.125,562936.625,587098.8125,HI,4002802,5800673,test_ood,562936.625,15665.78125,578602.40625,True,True,15665.78125,30798.3125,593734.9375,True
test_ood_test_ood_000435_23,test_ood_000435,390,high_degree,3,2,test_ood_000435_t3_c2,big,big_0,1,1.4,0.98,389,336590.25,336590.25,342011.71875,371134.625,379367.96875,397559.15625,HI,4002802,5800673,test_ood,379367.96875,15665.78125,395033.75,True,True,15665.78125,30798.3125,410166.28125,True
test_ood_test_ood_000435_29,test_ood_000435,152,communication_heavy,4,1,test_ood_000435_t4_c1,big,big_1,1,1.4,0.98,151,417927.47,417927.46875,435610.0625,472693.1875,483246.25,505218.9375,HI,4002802,5800673,test_ood,483246.25,15665.78125,498912.03125,True,True,15665.78125,30798.3125,514044.5625,True
test_ood_test_ood_000435_25,test_ood_000435,390,high_degree,3,4,test_ood_000435_t3_c4,big,big_1,2,1.8,1.06,389,268283.94,268283.9375,293321.25,318758.21875,326063.90625,342422.0,HI,4002802,5800673,test_ood,326063.90625,15665.78125,341729.6875,True,True,15665.78125,30798.3125,356862.21875,True
test_ood_test_ood_000435_30,test_ood_000435,152,communication_heavy,4,2,test_ood_000435_t4_c2,little,little_0,1,0.9,0.86,151,696310.7,696310.6875,681838.75,740469.25,758249.5,789177.1875,HI,4002802,5800673,test_ood,758249.5,15665.78125,773915.28125,True,True,15665.78125,30798.3125,789047.8125,True
test_ood_test_ood_000435_21,test_ood_000435,390,high_degree,3,0,test_ood_000435_t3_c0,big,big_1,0,1.0,0.9,389,365116.72,365116.71875,382576.90625,415050.375,424212.53125,444048.65625,HI,4002802,5800673,test_ood,424212.53125,15665.78125,439878.3125,True,True,15665.78125,30798.3125,455010.84375,True
test_ood_test_ood_000435_32,test_ood_000435,152,communication_heavy,4,4,test_ood_000435_t4_c4,little,little_1,2,1.2,0.93,151,592437.06,592437.0625,579829.875,629910.8125,644902.5,672382.0625,HI,4002802,5800673,test_ood,644902.5,15665.78125,660568.28125,True,True,15665.78125,30798.3125,675700.8125,True
test_ood_test_ood_000435_33,test_ood_000435,152,communication_heavy,4,5,test_ood_000435_t4_c5,big,big_1,3,2.2,1.15,151,345528.0,345528.0,337000.1875,365778.40625,373934.8125,391979.5,HI,4002802,5800673,test_ood,373934.8125,15665.78125,389600.59375,True,True,15665.78125,30798.3125,404733.125,True
test_ood_test_ood_000435_34,test_ood_000435,152,communication_heavy,4,6,test_ood_000435_t4_c6,little,little_0,3,1.5,1.0,151,591212.9,591212.875,579453.25,630369.5,645720.625,673924.5,HI,4002802,5800673,test_ood,645720.625,15665.78125,661386.40625,True,True,15665.78125,30798.3125,676518.9375,True
test_ood_test_ood_000435_35,test_ood_000435,182,random,5,0,test_ood_000435_t5_c0,big,big_0,1,1.4,0.98,181,119087.5,119087.5,118538.703125,133846.109375,138113.828125,148701.28125,HI,4002802,5800673,test_ood,138113.828125,15665.78125,153779.609375,True,True,15665.78125,30798.3125,168912.140625,True
test_ood_test_ood_000435_36,test_ood_000435,182,random,5,1,test_ood_000435_t5_c1,little,little_0,1,0.9,0.86,181,200344.78,200344.78125,216156.109375,236824.03125,242972.375,256991.3125,HI,4002802,5800673,test_ood,242972.375,15665.78125,258638.15625,True,True,15665.78125,30798.3125,273770.6875,True
test_ood_test_ood_000435_37,test_ood_000435,182,random,5,2,test_ood_000435_t5_c2,big,big_0,2,1.8,1.06,181,140307.86,140307.859375,135999.484375,152051.46875,156589.15625,167636.4375,HI,4002802,5800673,test_ood,156589.15625,15665.78125,172254.9375,True,True,15665.78125,30798.3125,187387.46875,True
test_ood_test_ood_000435_38,test_ood_000435,182,random,5,3,test_ood_000435_t5_c3,little,little_1,2,1.2,0.93,181,192315.58,192315.578125,197075.25,216299.96875,221997.734375,235101.90625,HI,4002802,5800673,test_ood,221997.734375,15665.78125,237663.515625,True,True,15665.78125,30798.3125,252796.046875,True
test_ood_test_ood_000435_39,test_ood_000435,182,random,5,4,test_ood_000435_t5_c4,big,big_0,3,2.2,1.15,181,90226.54,90226.5390625,91463.125,105948.515625,109905.75,119888.421875,HI,4002802,5800673,test_ood,109905.75,15665.78125,125571.53125,True,True,15665.78125,30798.3125,140704.0625,True
test_ood_test_ood_000435_41,test_ood_000435,182,random,5,6,test_ood_000435_t5_c6,big,big_0,0,1.0,0.9,181,171994.05,171994.046875,185849.921875,204662.125,210304.5625,223310.984375,HI,4002802,5800673,test_ood,210304.5625,15665.78125,225970.34375,True,True,15665.78125,30798.3125,241102.875,True
test_ood_test_ood_000435_40,test_ood_000435,182,random,5,5,test_ood_000435_t5_c5,little,little_1,3,1.5,1.0,181,150059.44,150059.4375,151485.75,168182.3125,173008.53125,184528.625,HI,4002802,5800673,test_ood,173008.53125,15665.78125,188674.3125,True,True,15665.78125,30798.3125,203806.84375,True
test_ood_test_ood_000450_07,test_ood_000450,942,sink_like,1,0,test_ood_000450_t1_c0,big,big_0,0,1.0,0.9,941,521184.62,521184.625,531375.375,576340.875,589505.125,614561.25,HI,14949241,19230764,test_ood,589505.125,15665.78125,605170.90625,True,True,15665.78125,66968.875,656474.0,True
test_ood_test_ood_000450_06,test_ood_000450,1,source_like,0,6,test_ood_000450_t0_c6,little,little_0,2,1.2,0.93,0,131768.89,131768.890625,129302.34375,145194.03125,149736.96875,160798.96875,HI,14949241,19230764,test_ood,149736.96875,15665.78125,165402.75,True,True,15665.78125,66968.875,216705.84375,True
test_ood_test_ood_000450_04,test_ood_000450,1,source_like,0,4,test_ood_000450_t0_c4,little,little_1,1,0.9,0.86,0,177115.5,177115.5,178454.015625,197300.953125,203015.3125,216191.3125,HI,14949241,19230764,test_ood,203015.3125,15665.78125,218681.09375,True,True,15665.78125,66968.875,269984.1875,True
test_ood_test_ood_000450_20,test_ood_000450,492,middle,2,6,test_ood_000450_t2_c6,little,little_0,3,1.5,1.0,491,194056.16,194056.15625,200109.15625,219414.625,225105.71875,238201.71875,HI,14949241,19230764,test_ood,225105.71875,15665.78125,240771.5,True,True,15665.78125,66968.875,292074.59375,True
test_ood_test_ood_000450_02,test_ood_000450,1,source_like,0,2,test_ood_000450_t0_c2,little,little_0,0,0.6,0.8,0,291407.34,291407.34375,279547.03125,304765.875,311973.0,328512.25,HI,14949241,19230764,test_ood,311973.0,15665.78125,327638.78125,True,True,15665.78125,66968.875,378941.875,True
test_ood_test_ood_000450_01,test_ood_000450,1,source_like,0,1,test_ood_000450_t0_c1,big,big_0,0,1.0,0.9,0,109527.555,109527.5546875,106782.859375,122014.796875,126280.59375,136903.9375,HI,14949241,19230764,test_ood,126280.59375,15665.78125,141946.375,True,True,15665.78125,66968.875,193249.46875,True
test_ood_test_ood_000450_08,test_ood_000450,942,sink_like,1,1,test_ood_000450_t1_c1,little,little_1,0,0.6,0.8,941,894477.2,894477.1875,913721.1875,996926.6875,1019006.1875,1068073.75,HI,14949241,19230764,test_ood,1019006.1875,15665.78125,1034671.96875,True,True,15665.78125,66968.875,1085975.0625,True
test_ood_test_ood_000450_03,test_ood_000450,1,source_like,0,3,test_ood_000450_t0_c3,big,big_1,1,1.4,0.98,0,83510.67,83510.671875,78653.0,92919.609375,96860.78125,106674.296875,HI,14949241,19230764,test_ood,96860.78125,15665.78125,112526.5625,True,True,15665.78125,66968.875,163829.65625,True
test_ood_test_ood_000450_09,test_ood_000450,942,sink_like,1,2,test_ood_000450_t1_c2,big,big_0,1,1.4,0.98,941,443155.06,443155.0625,457396.71875,496444.5625,507635.6875,530488.5,HI,14949241,19230764,test_ood,507635.6875,15665.78125,523301.46875,True,True,15665.78125,66968.875,574604.5625,True
test_ood_test_ood_000450_14,test_ood_000450,492,middle,2,0,test_ood_000450_t2_c0,little,little_0,0,0.6,0.8,491,312373.6,312373.59375,341019.53125,369651.875,377605.9375,395424.65625,HI,14949241,19230764,test_ood,377605.9375,15665.78125,393271.71875,True,True,15665.78125,66968.875,444574.8125,True
test_ood_test_ood_000450_11,test_ood_000450,942,sink_like,1,4,test_ood_000450_t1_c4,big,big_1,2,1.8,1.06,941,273239.8,273239.8125,276307.75,300539.125,307545.71875,323278.90625,HI,14949241,19230764,test_ood,307545.71875,15665.78125,323211.5,True,True,15665.78125,66968.875,374514.59375,True
test_ood_test_ood_000450_12,test_ood_000450,942,sink_like,1,5,test_ood_000450_t1_c5,little,little_1,2,1.2,0.93,941,566044.94,566044.9375,570219.75,619348.5,633999.4375,661048.25,HI,14949241,19230764,test_ood,633999.4375,15665.78125,649665.21875,True,True,15665.78125,66968.875,700968.3125,True
test_ood_test_ood_000450_13,test_ood_000450,942,sink_like,1,6,test_ood_000450_t1_c6,big,big_0,3,2.2,1.15,941,263669.62,263669.625,269225.3125,293022.28125,299943.0625,315495.28125,HI,14949241,19230764,test_ood,299943.0625,15665.78125,315608.84375,True,True,15665.78125,66968.875,366911.9375,True
test_ood_test_ood_000450_15,test_ood_000450,492,middle,2,1,test_ood_000450_t2_c1,big,big_0,1,1.4,0.98,491,210452.9,210452.90625,207503.1875,227366.515625,233261.59375,246733.484375,HI,14949241,19230764,test_ood,233261.59375,15665.78125,248927.375,True,True,15665.78125,66968.875,300230.46875,True
test_ood_test_ood_000450_16,test_ood_000450,492,middle,2,2,test_ood_000450_t2_c2,little,little_1,1,0.9,0.86,491,373800.25,373800.25,361506.8125,392296.40625,400999.75,420028.53125,HI,14949241,19230764,test_ood,400999.75,15665.78125,416665.53125,True,True,15665.78125,66968.875,467968.625,True
test_ood_test_ood_000450_17,test_ood_000450,492,middle,2,3,test_ood_000450_t2_c3,big,big_1,2,1.8,1.06,491,160778.86,160778.859375,167212.84375,184788.15625,189948.03125,202056.53125,HI,14949241,19230764,test_ood,189948.03125,15665.78125,205613.8125,True,True,15665.78125,66968.875,256916.90625,True
test_ood_test_ood_000450_10,test_ood_000450,942,sink_like,1,3,test_ood_000450_t1_c3,little,little_1,1,0.9,0.86,941,607026.7,607026.6875,590541.25,640072.1875,654766.75,681377.0,HI,14949241,19230764,test_ood,654766.75,15665.78125,670432.53125,True,True,15665.78125,66968.875,721735.625,True
test_ood_test_ood_000450_19,test_ood_000450,492,middle,2,5,test_ood_000450_t2_c5,big,big_0,3,2.2,1.15,491,111784.695,111784.6953125,114871.875,129932.0,134087.875,144471.9375,HI,14949241,19230764,test_ood,134087.875,15665.78125,149753.65625,True,True,15665.78125,66968.875,201056.75,True
test_ood_test_ood_000450_00,test_ood_000450,1,source_like,0,0,test_ood_000450_t0_c0,little,little_1,3,1.5,1.0,0,104833.484,104833.484375,101727.546875,116680.875,120787.9375,131099.765625,HI,14949241,19230764,test_ood,120787.9375,15665.78125,136453.71875,True,True,15665.78125,66968.875,187756.8125,True
test_ood_test_ood_000450_05,test_ood_000450,1,source_like,0,5,test_ood_000450_t0_c5,big,big_1,2,1.8,1.06,0,64021.55,64021.55078125,59677.109375,73059.3125,76868.328125,86109.796875,HI,14949241,19230764,test_ood,76868.328125,15665.78125,92534.109375,True,True,15665.78125,66968.875,143837.203125,True
test_ood_test_ood_000450_18,test_ood_000450,492,middle,2,4,test_ood_000450_t2_c4,little,little_0,2,1.2,0.93,491,239582.47,239582.46875,242572.5,264481.375,270866.625,285348.125,HI,14949241,19230764,test_ood,270866.625,15665.78125,286532.40625,True,True,15665.78125,66968.875,337835.5,True
test_ood_test_ood_000450_32,test_ood_000450,248,communication_heavy,4,4,test_ood_000450_t4_c4,little,little_1,3,1.5,1.0,247,465229.72,465229.71875,436289.8125,473615.6875,484272.125,506417.0625,HI,14949241,19230764,test_ood,484272.125,15665.78125,499937.90625,True,True,15665.78125,66968.875,551241.0,True
test_ood_test_ood_000450_30,test_ood_000450,248,communication_heavy,4,2,test_ood_000450_t4_c2,little,little_1,2,1.2,0.93,247,710356.9,710356.875,629625.625,684861.6875,701649.6875,731552.375,HI,14949241,19230764,test_ood,701649.6875,15665.78125,717315.46875,False,True,15665.78125,66968.875,768618.5625,True
test_ood_test_ood_000450_24,test_ood_000450,432,high_degree,3,3,test_ood_000450_t3_c3,little,little_0,2,1.2,0.93,431,415316.9,415316.90625,429151.875,465769.9375,476201.4375,497999.25,HI,14949241,19230764,test_ood,476201.4375,15665.78125,491867.21875,True,True,15665.78125,66968.875,543170.3125,True
test_ood_test_ood_000450_25,test_ood_000450,432,high_degree,3,4,test_ood_000450_t3_c4,big,big_0,3,2.2,1.15,431,220421.64,220421.640625,226810.484375,248004.578125,254309.71875,268594.5625,HI,14949241,19230764,test_ood,254309.71875,15665.78125,269975.5,True,True,15665.78125,66968.875,321278.59375,True
test_ood_test_ood_000450_26,test_ood_000450,432,high_degree,3,5,test_ood_000450_t3_c5,little,little_1,3,1.5,1.0,431,323475.22,323475.21875,327359.65625,355374.25,363334.8125,380982.5625,HI,14949241,19230764,test_ood,363334.8125,15665.78125,379000.59375,True,True,15665.78125,66968.875,430303.6875,True
test_ood_test_ood_000450_27,test_ood_000450,432,high_degree,3,6,test_ood_000450_t3_c6,big,big_0,0,1.0,0.9,431,451392.7,451392.6875,448059.625,486215.5625,497123.0625,519569.5625,HI,14949241,19230764,test_ood,497123.0625,15665.78125,512788.84375,True,True,15665.78125,66968.875,564091.9375,True
test_ood_test_ood_000450_28,test_ood_000450,248,communication_heavy,4,0,test_ood_000450_t4_c0,little,little_0,1,0.9,0.86,247,733189.2,733189.1875,646584.0,701528.0,718116.4375,747145.125,HI,14949241,19230764,test_ood,718116.4375,15665.78125,733782.21875,False,True,15665.78125,66968.875,785085.3125,True
test_ood_test_ood_000450_29,test_ood_000450,248,communication_heavy,4,1,test_ood_000450_t4_c1,big,big_0,2,1.8,1.06,247,310978.1,310978.09375,291331.8125,316605.875,323868.1875,340127.6875,HI,14949241,19230764,test_ood,323868.1875,15665.78125,339533.96875,True,True,15665.78125,66968.875,390837.0625,True
test_ood_test_ood_000450_23,test_ood_000450,432,high_degree,3,2,test_ood_000450_t3_c2,big,big_0,2,1.8,1.06,431,241855.27,241855.265625,240489.84375,262458.40625,268931.8125,283563.46875,HI,14949241,19230764,test_ood,268931.8125,15665.78125,284597.59375,True,True,15665.78125,66968.875,335900.6875,True
test_ood_test_ood_000450_31,test_ood_000450,248,communication_heavy,4,3,test_ood_000450_t4_c3,big,big_1,3,2.2,1.15,247,334430.53,334430.53125,317971.6875,345245.28125,353011.5,370300.875,HI,14949241,19230764,test_ood,353011.5,15665.78125,368677.28125,True,True,15665.78125,66968.875,419980.375,True
test_ood_test_ood_000450_21,test_ood_000450,432,high_degree,3,0,test_ood_000450_t3_c0,big,big_0,1,1.4,0.98,431,266033.28,266033.28125,266613.6875,290186.15625,297021.1875,312416.0,HI,14949241,19230764,test_ood,297021.1875,15665.78125,312686.96875,True,True,15665.78125,66968.875,363990.0625,True
test_ood_test_ood_000450_33,test_ood_000450,248,communication_heavy,4,5,test_ood_000450_t4_c5,big,big_1,0,1.0,0.9,247,441597.9,441597.90625,420864.78125,456603.375,466737.8125,488106.71875,HI,14949241,19230764,test_ood,466737.8125,15665.78125,482403.59375,True,True,15665.78125,66968.875,533706.6875,True
test_ood_test_ood_000450_34,test_ood_000450,248,communication_heavy,4,6,test_ood_000450_t4_c6,little,little_0,0,0.6,0.8,247,1041137.56,1041137.5625,911218.6875,994201.5,1016288.625,1065071.75,HI,14949241,19230764,test_ood,1016288.625,15665.78125,1031954.40625,False,False,15665.78125,66968.875,1083257.5,True
test_ood_test_ood_000450_35,test_ood_000450,288,random,5,0,test_ood_000450_t5_c0,big,big_0,2,1.8,1.06,287,129553.88,129553.8828125,130353.515625,146168.8125,150596.71875,161463.9375,HI,14949241,19230764,test_ood,150596.71875,15665.78125,166262.5,True,True,15665.78125,66968.875,217565.59375,True
test_ood_test_ood_000450_36,test_ood_000450,288,random,5,1,test_ood_000450_t5_c1,little,little_1,2,1.2,0.93,287,185030.94,185030.9375,188120.59375,206842.953125,212393.671875,225218.6875,HI,14949241,19230764,test_ood,212393.671875,15665.78125,228059.453125,True,True,15665.78125,66968.875,279362.546875,True
test_ood_test_ood_000450_37,test_ood_000450,288,random,5,2,test_ood_000450_t5_c2,big,big_1,3,2.2,1.15,287,73549.01,73549.0078125,78684.265625,92733.28125,96600.25,106281.171875,HI,14949241,19230764,test_ood,96600.25,15665.78125,112266.03125,True,True,15665.78125,66968.875,163569.125,True
test_ood_test_ood_000450_38,test_ood_000450,288,random,5,3,test_ood_000450_t5_c3,little,little_1,3,1.5,1.0,287,153241.73,153241.734375,161827.765625,179081.0625,184119.46875,196011.203125,HI,14949241,19230764,test_ood,184119.46875,15665.78125,199785.25,True,True,15665.78125,66968.875,251088.34375,True
test_ood_test_ood_000450_39,test_ood_000450,288,random,5,4,test_ood_000450_t5_c4,big,big_0,0,1.0,0.9,287,170965.44,170965.4375,174145.09375,192288.84375,197701.890625,210290.25,HI,14949241,19230764,test_ood,197701.890625,15665.78125,213367.671875,True,True,15665.78125,66968.875,264670.765625,True
test_ood_test_ood_000450_40,test_ood_000450,288,random,5,5,test_ood_000450_t5_c5,little,little_0,0,0.6,0.8,287,279744.22,279744.21875,291905.125,317557.6875,324785.59375,341401.125,HI,14949241,19230764,test_ood,324785.59375,15665.78125,340451.375,True,True,15665.78125,66968.875,391754.46875,True
test_ood_test_ood_000450_22,test_ood_000450,432,high_degree,3,1,test_ood_000450_t3_c1,little,little_0,1,0.9,0.86,431,643760.8,643760.8125,614275.125,666295.75,681864.9375,709643.625,HI,14949241,19230764,test_ood,681864.9375,15665.78125,697530.71875,True,True,15665.78125,66968.875,748833.8125,True
test_ood_test_ood_000450_41,test_ood_000450,288,random,5,6,test_ood_000450_t5_c6,big,big_1,1,1.4,0.98,287,127508.58,127508.578125,134696.1875,150673.53125,155208.375,166246.09375,HI,14949241,19230764,test_ood,155208.375,15665.78125,170874.15625,True,True,15665.78125,66968.875,222177.25,True
test_ood_test_ood_000482_06,test_ood_000482,38,source_like,0,6,test_ood_000482_t0_c6,little,little_0,2,1.2,0.93,37,125308.46,125308.4609375,118890.65625,134338.953125,138681.796875,149423.359375,HI,4516235,4603809,test_ood,138681.796875,15665.78125,154347.578125,True,True,15665.78125,66968.875,205650.671875,True
test_ood_test_ood_000482_05,test_ood_000482,38,source_like,0,5,test_ood_000482_t0_c5,big,big_1,2,1.8,1.06,37,51962.027,51962.02734375,49516.15625,62450.625,66214.78125,75172.4375,HI,4516235,4603809,test_ood,66214.78125,15665.78125,81880.5625,True,True,15665.78125,66968.875,133183.65625,True
test_ood_test_ood_000482_04,test_ood_000482,38,source_like,0,4,test_ood_000482_t0_c4,little,little_0,1,0.9,0.86,37,160770.97,160770.96875,157384.5,174943.15625,180180.03125,192490.71875,HI,4516235,4603809,test_ood,180180.03125,15665.78125,195845.8125,True,True,15665.78125,66968.875,247148.90625,True
test_ood_test_ood_000482_00,test_ood_000482,38,source_like,0,0,test_ood_000482_t0_c0,little,little_0,3,1.5,1.0,37,97482.945,97482.9453125,91771.296875,106509.65625,110542.03125,120677.078125,HI,4516235,4603809,test_ood,110542.03125,15665.78125,126207.8125,True,True,15665.78125,66968.875,177510.90625,True
test_ood_test_ood_000482_02,test_ood_000482,38,source_like,0,2,test_ood_000482_t0_c2,little,little_1,0,0.6,0.8,37,220417.78,220417.78125,217968.390625,240224.296875,247068.265625,262610.3125,HI,4516235,4603809,test_ood,247068.265625,15665.78125,262734.046875,True,True,15665.78125,66968.875,314037.140625,True
test_ood_test_ood_000482_01,test_ood_000482,38,source_like,0,1,test_ood_000482_t0_c1,big,big_0,0,1.0,0.9,37,99794.484,99794.484375,91466.34375,106329.96875,110442.859375,120736.5625,HI,4516235,4603809,test_ood,110442.859375,15665.78125,126108.640625,True,True,15665.78125,66968.875,177411.734375,True
test_ood_test_ood_000482_07,test_ood_000482,948,sink_like,1,0,test_ood_000482_t1_c0,big,big_1,0,1.0,0.9,947,301749.4,301749.40625,315537.46875,342548.53125,350222.90625,367353.875,HI,4516235,4603809,test_ood,350222.90625,15665.78125,365888.6875,True,True,15665.78125,66968.875,417191.78125,True
test_ood_test_ood_000482_03,test_ood_000482,38,source_like,0,3,test_ood_000482_t0_c3,big,big_1,1,1.4,0.98,37,71320.57,71320.5703125,64610.375,78274.203125,82148.09375,91606.78125,HI,4516235,4603809,test_ood,82148.09375,15665.78125,97813.875,True,True,15665.78125,66968.875,149116.96875,True
test_ood_test_ood_000482_08,test_ood_000482,948,sink_like,1,1,test_ood_000482_t1_c1,little,little_0,0,0.6,0.8,947,771129.7,771129.6875,789192.875,855792.3125,875660.0,910569.75,HI,4516235,4603809,test_ood,875660.0,15665.78125,891325.78125,True,True,15665.78125,66968.875,942628.875,True
test_ood_test_ood_000482_13,test_ood_000482,948,sink_like,1,6,test_ood_000482_t1_c6,big,big_1,3,2.2,1.15,947,198743.55,198743.546875,209286.203125,229480.515625,235534.0625,249318.171875,HI,4516235,4603809,test_ood,235534.0625,15665.78125,251199.84375,True,True,15665.78125,66968.875,302502.9375,True
test_ood_test_ood_000482_10,test_ood_000482,948,sink_like,1,3,test_ood_000482_t1_c3,little,little_0,1,0.9,0.86,947,481787.8,481787.8125,525353.75,569438.625,582227.25,606823.0,HI,4516235,4603809,test_ood,582227.25,15665.78125,597893.03125,True,True,15665.78125,66968.875,649196.125,True
test_ood_test_ood_000482_11,test_ood_000482,948,sink_like,1,4,test_ood_000482_t1_c4,big,big_1,2,1.8,1.06,947,187449.84,187449.84375,207375.234375,227376.46875,233345.03125,246962.171875,HI,4516235,4603809,test_ood,233345.03125,15665.78125,249010.8125,True,True,15665.78125,66968.875,300313.90625,True
test_ood_test_ood_000482_12,test_ood_000482,948,sink_like,1,5,test_ood_000482_t1_c5,little,little_0,2,1.2,0.93,947,348127.25,348127.25,367192.0625,398353.75,407149.0,426340.65625,HI,4516235,4603809,test_ood,407149.0,15665.78125,422814.78125,True,True,15665.78125,66968.875,474117.875,True
test_ood_test_ood_000482_14,test_ood_000482,479,middle,2,0,test_ood_000482_t2_c0,little,little_1,0,0.6,0.8,478,609945.4,609945.375,584784.875,632025.375,645941.125,670876.1875,HI,4516235,4603809,test_ood,645941.125,15665.78125,661606.90625,True,True,15665.78125,66968.875,712910.0,True
test_ood_test_ood_000482_15,test_ood_000482,479,middle,2,1,test_ood_000482_t2_c1,big,big_1,1,1.4,0.98,478,193795.27,193795.265625,198937.296875,218255.515625,223971.09375,237111.28125,HI,4516235,4603809,test_ood,223971.09375,15665.78125,239636.875,True,True,15665.78125,66968.875,290939.96875,True
test_ood_test_ood_000482_16,test_ood_000482,479,middle,2,2,test_ood_000482_t2_c2,little,little_0,1,0.9,0.86,478,416509.72,416509.71875,393780.8125,427231.84375,436695.6875,457001.8125,HI,4516235,4603809,test_ood,436695.6875,15665.78125,452361.46875,True,True,15665.78125,66968.875,503664.5625,True
test_ood_test_ood_000482_17,test_ood_000482,479,middle,2,3,test_ood_000482_t2_c3,big,big_0,2,1.8,1.06,478,173868.83,173868.828125,178155.96875,196345.234375,201720.6875,214218.390625,HI,4516235,4603809,test_ood,201720.6875,15665.78125,217386.46875,True,True,15665.78125,66968.875,268689.5625,True
test_ood_test_ood_000482_18,test_ood_000482,479,middle,2,4,test_ood_000482_t2_c4,little,little_1,2,1.2,0.93,478,306650.75,306650.75,306274.5625,332648.875,340170.75,356966.84375,HI,4516235,4603809,test_ood,340170.75,15665.78125,355836.53125,True,True,15665.78125,66968.875,407139.625,True
test_ood_test_ood_000482_19,test_ood_000482,479,middle,2,5,test_ood_000482_t2_c5,big,big_1,3,2.2,1.15,478,133018.02,133018.015625,137629.5,153583.828125,158111.9375,169108.796875,HI,4516235,4603809,test_ood,158111.9375,15665.78125,173777.71875,True,True,15665.78125,66968.875,225080.8125,True
test_ood_test_ood_000482_20,test_ood_000482,479,middle,2,6,test_ood_000482_t2_c6,little,little_0,3,1.5,1.0,478,208276.77,208276.765625,212243.640625,232272.15625,238164.125,251658.5625,HI,4516235,4603809,test_ood,238164.125,15665.78125,253829.90625,True,True,15665.78125,66968.875,305133.0,True
test_ood_test_ood_000482_09,test_ood_000482,948,sink_like,1,2,test_ood_000482_t1_c2,big,big_1,1,1.4,0.98,947,318728.9,318728.90625,325906.09375,353787.84375,361703.59375,379284.03125,HI,4516235,4603809,test_ood,361703.59375,15665.78125,377369.375,True,True,15665.78125,66968.875,428672.46875,True
test_ood_test_ood_000482_41,test_ood_000482,376,random,5,6,test_ood_000482_t5_c6,big,big_0,1,1.4,0.98,375,185925.33,185925.328125,182442.15625,200905.25,206380.546875,219063.65625,HI,4516235,4603809,test_ood,206380.546875,15665.78125,222046.328125,True,True,15665.78125,66968.875,273349.421875,True
test_ood_test_ood_000482_32,test_ood_000482,893,communication_heavy,4,4,test_ood_000482_t4_c4,little,little_0,3,1.5,1.0,892,312461.6,312461.59375,330161.9375,358399.5625,366420.34375,384180.8125,HI,4516235,4603809,test_ood,366420.34375,15665.78125,382086.125,True,True,15665.78125,66968.875,433389.21875,True
test_ood_test_ood_000482_21,test_ood_000482,780,high_degree,3,0,test_ood_000482_t3_c0,big,big_1,1,1.4,0.98,779,315132.22,315132.21875,332981.9375,361424.0,369482.9375,387341.9375,HI,4516235,4603809,test_ood,369482.9375,15665.78125,385148.71875,True,True,15665.78125,66968.875,436451.8125,True
test_ood_test_ood_000482_29,test_ood_000482,893,communication_heavy,4,1,test_ood_000482_t4_c1,big,big_1,2,1.8,1.06,892,305156.4,305156.40625,335371.375,363975.875,372078.125,390019.1875,HI,4516235,4603809,test_ood,372078.125,15665.78125,387743.90625,True,True,15665.78125,66968.875,439047.0,True
test_ood_test_ood_000482_28,test_ood_000482,893,communication_heavy,4,0,test_ood_000482_t4_c0,little,little_0,1,0.9,0.86,892,605037.2,605037.1875,595667.25,645741.0,660629.625,687484.375,HI,4516235,4603809,test_ood,660629.625,15665.78125,676295.40625,True,True,15665.78125,66968.875,727598.5,True
test_ood_test_ood_000482_27,test_ood_000482,780,high_degree,3,6,test_ood_000482_t3_c6,big,big_1,0,1.0,0.9,779,338836.88,338836.875,363558.6875,394472.8125,403198.6875,422289.3125,HI,4516235,4603809,test_ood,403198.6875,15665.78125,418864.46875,True,True,15665.78125,66968.875,470167.5625,True
test_ood_test_ood_000482_23,test_ood_000482,780,high_degree,3,2,test_ood_000482_t3_c2,big,big_1,2,1.8,1.06,779,212623.3,212623.296875,220083.21875,240801.6875,246953.4375,260935.25,HI,4516235,4603809,test_ood,246953.4375,15665.78125,262619.21875,True,True,15665.78125,66968.875,313922.3125,True
test_ood_test_ood_000482_24,test_ood_000482,780,high_degree,3,3,test_ood_000482_t3_c3,little,little_1,2,1.2,0.93,779,276441.9,276441.90625,298668.59375,324446.84375,331817.9375,348314.15625,HI,4516235,4603809,test_ood,331817.9375,15665.78125,347483.71875,True,True,15665.78125,66968.875,398786.8125,True
test_ood_test_ood_000482_30,test_ood_000482,893,communication_heavy,4,2,test_ood_000482_t4_c2,little,little_0,2,1.2,0.93,892,530899.4,530899.375,525607.375,570640.125,583848.875,609195.0,HI,4516235,4603809,test_ood,583848.875,15665.78125,599514.65625,True,True,15665.78125,66968.875,650817.75,True
test_ood_test_ood_000482_26,test_ood_000482,780,high_degree,3,5,test_ood_000482_t3_c5,little,little_0,3,1.5,1.0,779,295552.2,295552.1875,317383.6875,344626.25,352388.1875,369644.40625,HI,4516235,4603809,test_ood,352388.1875,15665.78125,368053.96875,True,True,15665.78125,66968.875,419357.0625,True
test_ood_test_ood_000482_31,test_ood_000482,893,communication_heavy,4,3,test_ood_000482_t4_c3,big,big_0,3,2.2,1.15,892,287527.47,287527.46875,305773.875,332130.625,339667.8125,356499.09375,HI,4516235,4603809,test_ood,339667.8125,15665.78125,355333.59375,True,True,15665.78125,66968.875,406636.6875,True
test_ood_test_ood_000482_25,test_ood_000482,780,high_degree,3,4,test_ood_000482_t3_c4,big,big_1,3,2.2,1.15,779,252067.64,252067.640625,240554.984375,262571.1875,269081.875,283778.96875,HI,4516235,4603809,test_ood,269081.875,15665.78125,284747.65625,True,True,15665.78125,66968.875,336050.75,True
test_ood_test_ood_000482_33,test_ood_000482,893,communication_heavy,4,5,test_ood_000482_t4_c5,big,big_1,0,1.0,0.9,892,439306.4,439306.40625,467271.71875,506895.78125,518257.875,541259.125,HI,4516235,4603809,test_ood,518257.875,15665.78125,533923.65625,True,True,15665.78125,66968.875,585226.75,True
test_ood_test_ood_000482_34,test_ood_000482,893,communication_heavy,4,6,test_ood_000482_t4_c6,little,little_0,0,0.6,0.8,892,928880.06,928880.0625,901871.9375,983336.4375,1005280.9375,1052607.625,HI,4516235,4603809,test_ood,1005280.9375,15665.78125,1020946.71875,True,True,15665.78125,66968.875,1072249.8125,True
test_ood_test_ood_000482_36,test_ood_000482,376,random,5,1,test_ood_000482_t5_c1,little,little_1,2,1.2,0.93,375,270504.06,270504.0625,277715.78125,302012.875,309023.78125,324766.28125,HI,4516235,4603809,test_ood,309023.78125,15665.78125,324689.5625,True,True,15665.78125,66968.875,375992.65625,True
test_ood_test_ood_000482_37,test_ood_000482,376,random,5,2,test_ood_000482_t5_c2,big,big_0,3,2.2,1.15,375,141551.73,141551.734375,146979.15625,163552.21875,168308.21875,179719.890625,HI,4516235,4603809,test_ood,168308.21875,15665.78125,183974.0,True,True,15665.78125,66968.875,235277.09375,True
test_ood_test_ood_000482_38,test_ood_000482,376,random,5,3,test_ood_000482_t5_c3,little,little_1,3,1.5,1.0,375,222683.94,222683.9375,221541.9375,242239.3125,248357.171875,262270.0,HI,4516235,4603809,test_ood,248357.171875,15665.78125,264022.953125,True,True,15665.78125,66968.875,315326.046875,True
test_ood_test_ood_000482_39,test_ood_000482,376,random,5,4,test_ood_000482_t5_c4,big,big_0,0,1.0,0.9,375,213098.02,213098.015625,213283.171875,233563.609375,239593.015625,253332.0625,HI,4516235,4603809,test_ood,239593.015625,15665.78125,255258.796875,True,True,15665.78125,66968.875,306561.890625,True
test_ood_test_ood_000482_40,test_ood_000482,376,random,5,5,test_ood_000482_t5_c5,little,little_0,0,0.6,0.8,375,410532.78,410532.78125,446972.0,482743.09375,492713.375,513393.875,HI,4516235,4603809,test_ood,492713.375,15665.78125,508379.15625,True,True,15665.78125,66968.875,559682.25,True
test_ood_test_ood_000482_35,test_ood_000482,376,random,5,0,test_ood_000482_t5_c0,big,big_0,2,1.8,1.06,375,160022.47,160022.46875,163193.5625,180591.0,185681.71875,197671.109375,HI,4516235,4603809,test_ood,185681.71875,15665.78125,201347.5,True,True,15665.78125,66968.875,252650.59375,True
test_ood_test_ood_000482_22,test_ood_000482,780,high_degree,3,1,test_ood_000482_t3_c1,little,little_0,1,0.9,0.86,779,416258.56,416258.5625,456575.125,495273.96875,506331.5,528951.875,HI,4516235,4603809,test_ood,506331.5,15665.78125,521997.28125,True,True,15665.78125,66968.875,573300.375,True
test_ood_test_ood_000526_07,test_ood_000526,708,sink_like,1,0,test_ood_000526_t1_c0,little,little_0,1,0.9,0.86,707,396709.2,396709.1875,446037.84375,483984.75,494830.5625,517173.4375,HI,3478409,4913564,test_ood,494830.5625,15665.78125,510496.34375,True,True,15665.78125,66968.875,561799.4375,True
test_ood_test_ood_000526_06,test_ood_000526,48,source_like,0,6,test_ood_000526_t0_c6,big,big_0,0,1.0,0.9,47,99343.03,99343.03125,92857.25,107778.0,111925.625,122292.96875,HI,3478409,4913564,test_ood,111925.625,15665.78125,127591.40625,True,True,15665.78125,66968.875,178894.5,True
test_ood_test_ood_000526_05,test_ood_000526,48,source_like,0,5,test_ood_000526_t0_c5,little,little_1,3,1.5,1.0,47,99095.1,99095.1015625,93293.40625,108060.421875,112105.84375,122274.171875,HI,3478409,4913564,test_ood,112105.84375,15665.78125,127771.625,True,True,15665.78125,66968.875,179074.71875,True
test_ood_test_ood_000526_01,test_ood_000526,48,source_like,0,1,test_ood_000526_t0_c1,little,little_1,1,0.9,0.86,47,165429.55,165429.546875,160450.28125,178168.0625,183464.75,195878.375,HI,3478409,4913564,test_ood,183464.75,15665.78125,199130.53125,True,True,15665.78125,66968.875,250433.625,True
test_ood_test_ood_000526_03,test_ood_000526,48,source_like,0,3,test_ood_000526_t0_c3,little,little_1,2,1.2,0.93,47,119521.52,119521.5234375,115682.171875,131077.890625,135396.15625,146093.46875,HI,3478409,4913564,test_ood,135396.15625,15665.78125,151061.9375,True,True,15665.78125,66968.875,202365.03125,True
test_ood_test_ood_000526_02,test_ood_000526,48,source_like,0,2,test_ood_000526_t0_c2,big,big_0,2,1.8,1.06,47,57431.266,57431.265625,56877.015625,70168.1875,73986.875,83193.875,HI,3478409,4913564,test_ood,73986.875,15665.78125,89652.65625,True,True,15665.78125,66968.875,140955.75,True
test_ood_test_ood_000526_08,test_ood_000526,708,sink_like,1,1,test_ood_000526_t1_c1,big,big_1,2,1.8,1.06,707,156431.67,156431.671875,164587.09375,181975.71875,187059.09375,199028.40625,HI,3478409,4913564,test_ood,187059.09375,15665.78125,202724.875,True,True,15665.78125,66968.875,254027.96875,True
test_ood_test_ood_000526_04,test_ood_000526,48,source_like,0,4,test_ood_000526_t0_c4,big,big_0,3,2.2,1.15,47,45688.816,45688.81640625,45390.21875,58163.375,61922.953125,70791.5625,HI,3478409,4913564,test_ood,61922.953125,15665.78125,77588.734375,True,True,15665.78125,66968.875,128891.828125,True
test_ood_test_ood_000526_20,test_ood_000526,397,middle,2,6,test_ood_000526_t2_c6,big,big_0,1,1.4,0.98,396,193535.56,193535.5625,208878.03125,228926.53125,234897.984375,248521.046875,HI,3478409,4913564,test_ood,234897.984375,15665.78125,250563.765625,True,True,15665.78125,66968.875,301866.859375,True
test_ood_test_ood_000526_09,test_ood_000526,708,sink_like,1,2,test_ood_000526_t1_c2,little,little_1,2,1.2,0.93,707,279819.4,279819.40625,304764.3125,331026.96875,338522.1875,355264.375,HI,3478409,4913564,test_ood,338522.1875,15665.78125,354187.96875,True,True,15665.78125,66968.875,405491.0625,True
test_ood_test_ood_000526_11,test_ood_000526,708,sink_like,1,4,test_ood_000526_t1_c4,little,little_0,3,1.5,1.0,707,280964.6,280964.59375,312211.90625,339077.875,346739.8125,363795.59375,HI,3478409,4913564,test_ood,346739.8125,15665.78125,362405.59375,True,True,15665.78125,66968.875,413708.6875,True
test_ood_test_ood_000526_12,test_ood_000526,708,sink_like,1,5,test_ood_000526_t1_c5,big,big_1,0,1.0,0.9,707,307359.62,307359.625,317140.53125,344332.4375,352055.875,369277.1875,HI,3478409,4913564,test_ood,352055.875,15665.78125,367721.65625,True,True,15665.78125,66968.875,419024.75,True
test_ood_test_ood_000526_13,test_ood_000526,708,sink_like,1,6,test_ood_000526_t1_c6,little,little_0,0,0.6,0.8,707,408871.56,408871.5625,458303.5,495751.875,506335.1875,528010.875,HI,3478409,4913564,test_ood,506335.1875,15665.78125,522000.96875,True,True,15665.78125,66968.875,573304.0625,True
test_ood_test_ood_000526_14,test_ood_000526,397,middle,2,0,test_ood_000526_t2_c0,big,big_1,2,1.8,1.06,396,157844.88,157844.875,158662.5625,175769.640625,180755.9375,192553.4375,HI,3478409,4913564,test_ood,180755.9375,15665.78125,196421.71875,True,True,15665.78125,66968.875,247724.8125,True
test_ood_test_ood_000526_15,test_ood_000526,397,middle,2,1,test_ood_000526_t2_c1,little,little_1,2,1.2,0.93,396,322903.66,322903.65625,335685.90625,364323.84375,372441.875,390388.5625,HI,3478409,4913564,test_ood,372441.875,15665.78125,388107.65625,True,True,15665.78125,66968.875,439410.75,True
test_ood_test_ood_000526_16,test_ood_000526,397,middle,2,2,test_ood_000526_t2_c2,big,big_0,3,2.2,1.15,396,145292.45,145292.453125,163432.8125,180904.5,186026.203125,198078.125,HI,3478409,4913564,test_ood,186026.203125,15665.78125,201691.984375,True,True,15665.78125,66968.875,252995.078125,True
test_ood_test_ood_000526_17,test_ood_000526,397,middle,2,3,test_ood_000526_t2_c3,little,little_0,3,1.5,1.0,396,259430.27,259430.265625,283174.15625,307891.65625,315022.0,330993.78125,HI,3478409,4913564,test_ood,315022.0,15665.78125,330687.78125,True,True,15665.78125,66968.875,381990.875,True
test_ood_test_ood_000526_18,test_ood_000526,397,middle,2,4,test_ood_000526_t2_c4,big,big_0,0,1.0,0.9,396,279050.62,279050.625,290392.28125,315597.4375,322822.53125,339040.90625,HI,3478409,4913564,test_ood,322822.53125,15665.78125,338488.3125,True,True,15665.78125,66968.875,389791.40625,True
test_ood_test_ood_000526_00,test_ood_000526,48,source_like,0,0,test_ood_000526_t0_c0,big,big_0,1,1.4,0.98,47,66295.57,66295.5703125,63608.1875,77207.765625,81062.65625,90469.0625,HI,3478409,4913564,test_ood,81062.65625,15665.78125,96728.4375,True,True,15665.78125,66968.875,148031.53125,True
test_ood_test_ood_000526_10,test_ood_000526,708,sink_like,1,3,test_ood_000526_t1_c3,big,big_0,3,2.2,1.15,707,123085.52,123085.5234375,139112.640625,155152.21875,159713.84375,170768.65625,HI,3478409,4913564,test_ood,159713.84375,15665.78125,175379.625,True,True,15665.78125,66968.875,226682.71875,True
test_ood_test_ood_000526_19,test_ood_000526,397,middle,2,5,test_ood_000526_t2_c5,little,little_1,0,0.6,0.8,396,494271.84,494271.84375,523142.125,564739.9375,576606.5,599390.75,HI,3478409,4913564,test_ood,576606.5,15665.78125,592272.28125,True,True,15665.78125,66968.875,643575.375,True
test_ood_test_ood_000526_41,test_ood_000526,273,diverse_fill_1,5,6,test_ood_000526_t5_c6,little,little_0,2,1.2,0.93,272,249076.83,249076.828125,261057.1875,284215.21875,290931.875,306085.71875,HI,3478409,4913564,test_ood,290931.875,15665.78125,306597.65625,True,True,15665.78125,66968.875,357900.75,True
test_ood_test_ood_000526_21,test_ood_000526,449,high_degree,3,0,test_ood_000526_t3_c0,little,little_0,2,1.2,0.93,448,531157.56,531157.5625,460911.65625,500285.75,511592.625,534604.5,HI,3478409,4913564,test_ood,511592.625,15665.78125,527258.40625,False,False,15665.78125,66968.875,578561.5,True
test_ood_test_ood_000526_23,test_ood_000526,449,high_degree,3,2,test_ood_000526_t3_c2,little,little_0,3,1.5,1.0,448,336310.3,336310.3125,322116.4375,349705.875,357555.25,374985.875,HI,3478409,4913564,test_ood,357555.25,15665.78125,373221.03125,True,True,15665.78125,66968.875,424524.125,True
test_ood_test_ood_000526_24,test_ood_000526,449,high_degree,3,3,test_ood_000526_t3_c3,big,big_0,0,1.0,0.9,448,452180.2,452180.1875,425523.125,461674.25,471941.4375,493485.1875,HI,3478409,4913564,test_ood,471941.4375,15665.78125,487607.21875,True,True,15665.78125,66968.875,538910.3125,True
test_ood_test_ood_000526_25,test_ood_000526,449,high_degree,3,4,test_ood_000526_t3_c4,little,little_1,0,0.6,0.8,448,800390.8,800390.8125,733307.25,793639.625,811965.1875,842902.875,HI,3478409,4913564,test_ood,811965.1875,15665.78125,827630.96875,True,True,15665.78125,66968.875,878934.0625,True
test_ood_test_ood_000526_26,test_ood_000526,449,high_degree,3,5,test_ood_000526_t3_c5,big,big_0,1,1.4,0.98,448,310137.94,310137.9375,282519.0625,307162.375,314259.0,330191.84375,HI,3478409,4913564,test_ood,314259.0,15665.78125,329924.78125,True,True,15665.78125,66968.875,381227.875,True
test_ood_test_ood_000526_27,test_ood_000526,449,high_degree,3,6,test_ood_000526_t3_c6,little,little_0,1,0.9,0.86,448,685168.56,685168.5625,626782.5,679935.1875,695880.875,724145.3125,HI,3478409,4913564,test_ood,695880.875,15665.78125,711546.65625,True,True,15665.78125,66968.875,762849.75,True
test_ood_test_ood_000526_28,test_ood_000526,143,random,4,0,test_ood_000526_t4_c0,big,big_0,3,2.2,1.15,142,58010.746,58010.74609375,58210.984375,71462.03125,75232.671875,84378.0,HI,3478409,4913564,test_ood,75232.671875,15665.78125,90898.453125,True,True,15665.78125,66968.875,142201.546875,True
test_ood_test_ood_000526_29,test_ood_000526,143,random,4,1,test_ood_000526_t4_c1,little,little_1,3,1.5,1.0,142,124826.26,124826.2578125,117540.875,132891.890625,137156.40625,147752.3125,HI,3478409,4913564,test_ood,137156.40625,15665.78125,152822.1875,True,True,15665.78125,66968.875,204125.28125,True
test_ood_test_ood_000526_31,test_ood_000526,143,random,4,3,test_ood_000526_t4_c3,little,little_0,0,0.6,0.8,142,287205.06,287205.0625,296789.84375,322785.0,330091.5,346873.34375,HI,3478409,4913564,test_ood,330091.5,15665.78125,345757.28125,True,True,15665.78125,66968.875,397060.375,True
test_ood_test_ood_000526_22,test_ood_000526,449,high_degree,3,1,test_ood_000526_t3_c1,big,big_1,3,2.2,1.15,448,299640.75,299640.75,278921.1875,303393.09375,310477.9375,326376.1875,HI,3478409,4913564,test_ood,310477.9375,15665.78125,326143.71875,True,True,15665.78125,66968.875,377446.8125,True
test_ood_test_ood_000526_30,test_ood_000526,143,random,4,2,test_ood_000526_t4_c2,big,big_1,0,1.0,0.9,142,115364.96,115364.9609375,111172.90625,126567.828125,130890.21875,141624.25,HI,3478409,4913564,test_ood,130890.21875,15665.78125,146556.0,True,True,15665.78125,66968.875,197859.09375,True
test_ood_test_ood_000526_34,test_ood_000526,143,random,4,6,test_ood_000526_t4_c6,big,big_1,2,1.8,1.06,142,63721.207,63721.20703125,63040.625,76516.265625,80320.21875,89622.046875,HI,3478409,4913564,test_ood,80320.21875,15665.78125,95986.0,True,True,15665.78125,66968.875,147289.09375,True
test_ood_test_ood_000526_35,test_ood_000526,273,diverse_fill_1,5,0,test_ood_000526_t5_c0,little,little_0,3,1.5,1.0,272,204278.69,204278.6875,222125.75,242838.65625,248951.28125,262860.59375,HI,3478409,4913564,test_ood,248951.28125,15665.78125,264617.0625,True,True,15665.78125,66968.875,315920.15625,True
test_ood_test_ood_000526_36,test_ood_000526,273,diverse_fill_1,5,1,test_ood_000526_t5_c1,big,big_0,0,1.0,0.9,272,277323.7,277323.6875,293770.5,319210.625,326485.65625,342807.625,HI,3478409,4913564,test_ood,326485.65625,15665.78125,342151.4375,True,True,15665.78125,66968.875,393454.53125,True
test_ood_test_ood_000526_37,test_ood_000526,273,diverse_fill_1,5,2,test_ood_000526_t5_c2,little,little_0,0,0.6,0.8,272,423517.4,423517.40625,449042.0625,485498.28125,495743.875,516913.5,HI,3478409,4913564,test_ood,495743.875,15665.78125,511409.65625,True,True,15665.78125,66968.875,562712.75,True
test_ood_test_ood_000526_38,test_ood_000526,273,diverse_fill_1,5,3,test_ood_000526_t5_c3,big,big_0,1,1.4,0.98,272,195696.8,195696.796875,210604.765625,230683.1875,236641.671875,250241.46875,HI,3478409,4913564,test_ood,236641.671875,15665.78125,252307.453125,True,True,15665.78125,66968.875,303610.546875,True
test_ood_test_ood_000526_39,test_ood_000526,273,diverse_fill_1,5,4,test_ood_000526_t5_c4,little,little_1,1,0.9,0.86,272,351916.4,351916.40625,379172.6875,411339.8125,420424.9375,440102.625,HI,3478409,4913564,test_ood,420424.9375,15665.78125,436090.71875,True,True,15665.78125,66968.875,487393.8125,True
test_ood_test_ood_000526_40,test_ood_000526,273,diverse_fill_1,5,5,test_ood_000526_t5_c5,big,big_1,2,1.8,1.06,272,172385.86,172385.859375,187909.671875,206723.46875,212322.828125,225234.109375,HI,3478409,4913564,test_ood,212322.828125,15665.78125,227988.609375,True,True,15665.78125,66968.875,279291.703125,True
test_ood_test_ood_000526_32,test_ood_000526,143,random,4,4,test_ood_000526_t4_c4,big,big_1,1,1.4,0.98,142,91006.28,91006.28125,98261.359375,113137.75,117236.109375,127529.015625,HI,3478409,4913564,test_ood,117236.109375,15665.78125,132901.890625,True,True,15665.78125,66968.875,184204.984375,True
test_ood_test_ood_000526_33,test_ood_000526,143,random,4,5,test_ood_000526_t4_c5,little,little_0,1,0.9,0.86,142,196445.25,196445.25,187871.1875,207168.453125,213027.421875,226471.703125,HI,3478409,4913564,test_ood,213027.421875,15665.78125,228693.203125,True,True,15665.78125,66968.875,279996.296875,True
test_ood_test_ood_000545_07,test_ood_000545,490,sink_like,1,0,test_ood_000545_t1_c0,little,little_1,3,1.5,1.0,489,307418.38,307418.375,318049.125,345340.65625,353115.78125,370401.0625,HI,4349938,4807657,test_ood,353115.78125,15665.78125,368781.5625,True,True,15665.78125,66968.875,420084.65625,True
test_ood_test_ood_000545_06,test_ood_000545,42,source_like,0,6,test_ood_000545_t0_c6,big,big_0,2,1.8,1.06,41,55669.223,55669.22265625,53855.359375,66965.046875,70741.3125,79808.703125,HI,4349938,4807657,test_ood,70741.3125,15665.78125,86407.09375,True,True,15665.78125,66968.875,137710.1875,True
test_ood_test_ood_000545_05,test_ood_000545,42,source_like,0,5,test_ood_000545_t0_c5,little,little_0,1,0.9,0.86,41,174546.53,174546.53125,178144.8125,196716.5625,202276.546875,215164.90625,HI,4349938,4807657,test_ood,202276.546875,15665.78125,217942.328125,True,True,15665.78125,66968.875,269245.421875,True
test_ood_test_ood_000545_00,test_ood_000545,42,source_like,0,0,test_ood_000545_t0_c0,big,big_0,3,2.2,1.15,41,48873.375,48873.375,47656.921875,60527.203125,64295.484375,73226.796875,HI,4349938,4807657,test_ood,64295.484375,15665.78125,79961.265625,True,True,15665.78125,66968.875,131264.359375,True
test_ood_test_ood_000545_02,test_ood_000545,42,source_like,0,2,test_ood_000545_t0_c2,big,big_1,0,1.0,0.9,41,103216.375,103216.375,99234.125,114310.96875,118508.4375,129000.0,HI,4349938,4807657,test_ood,118508.4375,15665.78125,134174.21875,True,True,15665.78125,66968.875,185477.3125,True
test_ood_test_ood_000545_01,test_ood_000545,42,source_like,0,1,test_ood_000545_t0_c1,little,little_1,3,1.5,1.0,41,101127.11,101127.109375,102474.3125,117455.0,121553.25,131860.234375,HI,4349938,4807657,test_ood,121553.25,15665.78125,137219.03125,True,True,15665.78125,66968.875,188522.125,True
test_ood_test_ood_000545_08,test_ood_000545,490,sink_like,1,1,test_ood_000545_t1_c1,big,big_1,0,1.0,0.9,489,320185.34,320185.34375,336034.3125,364662.5,372758.9375,390704.375,HI,4349938,4807657,test_ood,372758.9375,15665.78125,388424.71875,True,True,15665.78125,66968.875,439727.8125,True
test_ood_test_ood_000545_03,test_ood_000545,42,source_like,0,3,test_ood_000545_t0_c3,little,little_1,0,0.6,0.8,41,263483.06,263483.0625,240651.953125,264229.5625,271338.6875,287544.6875,HI,4349938,4807657,test_ood,271338.6875,15665.78125,287004.46875,True,True,15665.78125,66968.875,338307.5625,True
test_ood_test_ood_000545_04,test_ood_000545,42,source_like,0,4,test_ood_000545_t0_c4,big,big_0,1,1.4,0.98,41,70838.17,70838.171875,69836.6875,83718.140625,87611.453125,97197.796875,HI,4349938,4807657,test_ood,87611.453125,15665.78125,103277.234375,True,True,15665.78125,66968.875,154580.328125,True
test_ood_test_ood_000545_13,test_ood_000545,490,sink_like,1,6,test_ood_000545_t1_c6,little,little_1,2,1.2,0.93,489,415515.12,415515.125,426391.25,462787.65625,473153.0,494860.5625,HI,4349938,4807657,test_ood,473153.0,15665.78125,488818.78125,True,True,15665.78125,66968.875,540121.875,True
test_ood_test_ood_000545_11,test_ood_000545,490,sink_like,1,4,test_ood_000545_t1_c4,little,little_0,1,0.9,0.86,489,384111.2,384111.1875,402255.1875,436186.3125,445759.6875,466231.15625,HI,4349938,4807657,test_ood,445759.6875,15665.78125,461425.46875,True,True,15665.78125,66968.875,512728.5625,True
test_ood_test_ood_000545_12,test_ood_000545,490,sink_like,1,5,test_ood_000545_t1_c5,big,big_0,2,1.8,1.06,489,273233.38,273233.375,280798.1875,305399.90625,312509.90625,328459.5,HI,4349938,4807657,test_ood,312509.90625,15665.78125,328175.6875,True,True,15665.78125,66968.875,379478.78125,True
test_ood_test_ood_000545_14,test_ood_000545,370,middle,2,0,test_ood_000545_t2_c0,big,big_0,0,1.0,0.9,369,248347.97,248347.96875,261725.1875,284916.40625,291623.6875,306776.5,HI,4349938,4807657,test_ood,291623.6875,15665.78125,307289.46875,True,True,15665.78125,66968.875,358592.5625,True
test_ood_test_ood_000545_15,test_ood_000545,370,middle,2,1,test_ood_000545_t2_c1,little,little_0,0,0.6,0.8,369,366138.62,366138.625,375440.65625,406229.0,414715.3125,433373.59375,HI,4349938,4807657,test_ood,414715.3125,15665.78125,430381.09375,True,True,15665.78125,66968.875,481684.1875,True
test_ood_test_ood_000545_16,test_ood_000545,370,middle,2,2,test_ood_000545_t2_c2,big,big_0,1,1.4,0.98,369,161579.34,161579.34375,176228.5625,194289.65625,199627.640625,212054.0625,HI,4349938,4807657,test_ood,199627.640625,15665.78125,215293.421875,True,True,15665.78125,66968.875,266596.515625,True
test_ood_test_ood_000545_09,test_ood_000545,490,sink_like,1,2,test_ood_000545_t1_c2,little,little_1,0,0.6,0.8,489,652158.9,652158.875,669797.375,723931.75,740321.125,767939.5,HI,4349938,4807657,test_ood,740321.125,15665.78125,755986.90625,True,True,15665.78125,66968.875,807290.0,True
test_ood_test_ood_000545_17,test_ood_000545,370,middle,2,3,test_ood_000545_t2_c3,little,little_0,1,0.9,0.86,369,299711.8,299711.8125,312911.03125,339729.28125,347347.40625,364358.5,HI,4349938,4807657,test_ood,347347.40625,15665.78125,363013.1875,True,True,15665.78125,66968.875,414316.28125,True
test_ood_test_ood_000545_19,test_ood_000545,370,middle,2,5,test_ood_000545_t2_c5,little,little_1,2,1.2,0.93,369,216143.3,216143.296875,225708.640625,246598.859375,252737.90625,266713.625,HI,4349938,4807657,test_ood,252737.90625,15665.78125,268403.6875,True,True,15665.78125,66968.875,319706.78125,True
test_ood_test_ood_000545_10,test_ood_000545,490,sink_like,1,3,test_ood_000545_t1_c3,big,big_0,1,1.4,0.98,489,276600.72,276600.71875,285785.625,310695.5625,317868.90625,333955.75,HI,4349938,4807657,test_ood,317868.90625,15665.78125,333534.6875,True,True,15665.78125,66968.875,384837.78125,True
test_ood_test_ood_000545_18,test_ood_000545,370,middle,2,4,test_ood_000545_t2_c4,big,big_1,2,1.8,1.06,369,115868.66,115868.65625,123463.421875,138834.328125,143122.328125,153725.375,HI,4349938,4807657,test_ood,143122.328125,15665.78125,158788.109375,True,True,15665.78125,66968.875,210091.203125,True
test_ood_test_ood_000545_20,test_ood_000545,370,middle,2,6,test_ood_000545_t2_c6,big,big_0,3,2.2,1.15,369,137029.08,137029.078125,136664.28125,152678.734375,157205.21875,168220.34375,HI,4349938,4807657,test_ood,157205.21875,15665.78125,172871.0,True,True,15665.78125,66968.875,224174.09375,True
test_ood_test_ood_000545_28,test_ood_000545,106,random,4,0,test_ood_000545_t4_c0,big,big_0,1,1.4,0.98,105,44335.613,44335.61328125,42734.609375,55447.515625,59233.5,68108.421875,HI,4349938,4807657,test_ood,59233.5,15665.78125,74899.28125,True,True,15665.78125,66968.875,126202.375,True
test_ood_test_ood_000545_41,test_ood_000545,466,diverse_fill_1,5,6,test_ood_000545_t5_c6,little,little_0,0,0.6,0.8,465,303345.6,303345.59375,297009.3125,323036.5625,330370.0,347193.0625,HI,4349938,4807657,test_ood,330370.0,15665.78125,346035.78125,True,True,15665.78125,66968.875,397338.875,True
test_ood_test_ood_000545_27,test_ood_000545,572,communication_heavy,3,6,test_ood_000545_t3_c6,little,little_1,3,1.5,1.0,571,509878.28,509878.28125,480615.5625,521938.25,533903.25,557832.375,HI,4349938,4807657,test_ood,533903.25,15665.78125,549569.03125,True,True,15665.78125,66968.875,600872.125,True
test_ood_test_ood_000545_26,test_ood_000545,572,communication_heavy,3,5,test_ood_000545_t3_c5,big,big_1,3,2.2,1.15,571,235503.81,235503.8125,246184.375,268419.78125,274932.40625,289648.53125,HI,4349938,4807657,test_ood,274932.40625,15665.78125,290598.1875,True,True,15665.78125,66968.875,341901.28125,True
test_ood_test_ood_000545_22,test_ood_000545,572,communication_heavy,3,1,test_ood_000545_t3_c1,big,big_0,1,1.4,0.98,571,436737.6,436737.59375,430908.96875,467579.3125,478001.3125,499787.84375,HI,4349938,4807657,test_ood,478001.3125,15665.78125,493667.09375,True,True,15665.78125,66968.875,544970.1875,True
test_ood_test_ood_000545_24,test_ood_000545,572,communication_heavy,3,3,test_ood_000545_t3_c3,big,big_1,2,1.8,1.06,571,461339.75,461339.75,467278.9375,507529.5625,519156.4375,542648.375,HI,4349938,4807657,test_ood,519156.4375,15665.78125,534822.21875,True,True,15665.78125,66968.875,586125.3125,True
test_ood_test_ood_000545_23,test_ood_000545,572,communication_heavy,3,2,test_ood_000545_t3_c2,little,little_0,1,0.9,0.86,571,775208.5,775208.5,739864.375,805478.4375,825291.5625,860233.8125,HI,4349938,4807657,test_ood,825291.5625,15665.78125,840957.34375,True,True,15665.78125,66968.875,892260.4375,True
test_ood_test_ood_000545_25,test_ood_000545,572,communication_heavy,3,4,test_ood_000545_t3_c4,little,little_1,2,1.2,0.93,571,657442.2,657442.1875,610673.0625,664015.375,680165.875,709199.25,HI,4349938,4807657,test_ood,680165.875,15665.78125,695831.65625,True,True,15665.78125,66968.875,747134.75,True
test_ood_test_ood_000545_30,test_ood_000545,106,random,4,2,test_ood_000545_t4_c2,big,big_1,2,1.8,1.06,105,45133.29,45133.2890625,39748.40625,52405.578125,56252.546875,65204.34375,HI,4349938,4807657,test_ood,56252.546875,15665.78125,71918.328125,True,True,15665.78125,66968.875,123221.421875,True
test_ood_test_ood_000545_35,test_ood_000545,466,diverse_fill_1,5,0,test_ood_000545_t5_c0,little,little_0,1,0.9,0.86,465,191357.62,191357.625,189666.03125,208873.953125,214652.03125,227933.0,HI,4349938,4807657,test_ood,214652.03125,15665.78125,230317.8125,True,True,15665.78125,66968.875,281620.90625,True
test_ood_test_ood_000545_29,test_ood_000545,106,random,4,1,test_ood_000545_t4_c1,little,little_0,1,0.9,0.86,105,84968.016,84968.015625,93596.984375,108547.0625,112682.53125,123036.1875,HI,4349938,4807657,test_ood,112682.53125,15665.78125,128348.3125,True,True,15665.78125,66968.875,179651.40625,True
test_ood_test_ood_000545_33,test_ood_000545,106,random,4,5,test_ood_000545_t4_c5,little,little_0,3,1.5,1.0,105,63008.75,63008.75,58943.5,72383.34375,76228.015625,85520.484375,HI,4349938,4807657,test_ood,76228.015625,15665.78125,91893.796875,True,True,15665.78125,66968.875,143196.890625,True
test_ood_test_ood_000545_32,test_ood_000545,106,random,4,4,test_ood_000545_t4_c4,big,big_0,3,2.2,1.15,105,34941.434,34941.43359375,32578.125,44972.921875,48777.78125,57500.765625,HI,4349938,4807657,test_ood,48777.78125,15665.78125,64443.5625,True,True,15665.78125,66968.875,115746.65625,True
test_ood_test_ood_000545_21,test_ood_000545,572,communication_heavy,3,0,test_ood_000545_t3_c0,little,little_0,0,0.6,0.8,571,1138667.5,1138667.5,1060804.5,1167303.0,1193968.625,1273946.0,HI,4349938,4807657,test_ood,1193968.625,15665.78125,1209634.40625,True,True,15665.78125,66968.875,1260937.5,True
test_ood_test_ood_000545_40,test_ood_000545,466,diverse_fill_1,5,5,test_ood_000545_t5_c5,big,big_0,0,1.0,0.9,465,131865.78,131865.78125,127861.53125,143762.5,148295.46875,159370.3125,HI,4349938,4807657,test_ood,148295.46875,15665.78125,163961.25,True,True,15665.78125,66968.875,215264.34375,True
test_ood_test_ood_000545_39,test_ood_000545,466,diverse_fill_1,5,4,test_ood_000545_t5_c4,little,little_0,3,1.5,1.0,465,142865.36,142865.359375,130435.484375,146222.28125,150655.859375,161524.828125,HI,4349938,4807657,test_ood,150655.859375,15665.78125,166321.640625,True,True,15665.78125,66968.875,217624.734375,True
test_ood_test_ood_000545_31,test_ood_000545,106,random,4,3,test_ood_000545_t4_c3,little,little_0,2,1.2,0.93,105,88909.02,88909.0234375,84482.515625,99211.953125,103343.21875,113611.3125,HI,4349938,4807657,test_ood,103343.21875,15665.78125,119009.0,True,True,15665.78125,66968.875,170312.09375,True
test_ood_test_ood_000545_37,test_ood_000545,466,diverse_fill_1,5,2,test_ood_000545_t5_c2,little,little_1,2,1.2,0.93,465,174705.72,174705.71875,167304.9375,184831.15625,189982.625,202070.6875,HI,4349938,4807657,test_ood,189982.625,15665.78125,205648.40625,True,True,15665.78125,66968.875,256951.5,True
test_ood_test_ood_000545_36,test_ood_000545,466,diverse_fill_1,5,1,test_ood_000545_t5_c1,big,big_1,2,1.8,1.06,465,82543.02,82543.0234375,78226.71875,92355.359375,96244.765625,105955.09375,HI,4349938,4807657,test_ood,96244.765625,15665.78125,111910.546875,True,True,15665.78125,66968.875,163213.640625,True
test_ood_test_ood_000545_34,test_ood_000545,106,random,4,6,test_ood_000545_t4_c6,big,big_1,0,1.0,0.9,105,82391.8,82391.796875,78814.984375,93737.4375,98084.015625,108709.8125,HI,4349938,4807657,test_ood,98084.015625,15665.78125,113749.796875,True,True,15665.78125,66968.875,165052.890625,True
test_ood_test_ood_000545_38,test_ood_000545,466,diverse_fill_1,5,3,test_ood_000545_t5_c3,big,big_0,3,2.2,1.15,465,74276.23,74276.2265625,70076.28125,83867.296875,87703.40625,97185.6875,HI,4349938,4807657,test_ood,87703.40625,15665.78125,103369.1875,True,True,15665.78125,66968.875,154672.28125,True
test_ood_test_ood_000616_08,test_ood_000616,586,sink_like,1,1,test_ood_000616_t1_c1,big,big_0,1,1.4,0.98,585,492257.88,492257.875,437154.75,474432.0,485059.4375,507139.75,HI,1023184,1468922,test_ood,485059.4375,15665.78125,500725.21875,False,True,15665.78125,66968.875,552028.3125,True
test_ood_test_ood_000616_01,test_ood_000616,77,source_like,0,1,test_ood_000616_t0_c1,little,little_0,0,0.6,0.8,76,147629.33,147629.328125,130556.25,147646.96875,152806.484375,165166.0625,HI,1023184,1468922,test_ood,152806.484375,15665.78125,168472.265625,True,True,15665.78125,66968.875,219775.359375,True
test_ood_test_ood_000616_02,test_ood_000616,77,source_like,0,2,test_ood_000616_t0_c2,big,big_1,1,1.4,0.98,76,45806.62,45806.62109375,44835.78125,57900.328125,61856.609375,71088.734375,HI,1023184,1468922,test_ood,61856.609375,15665.78125,77522.390625,True,True,15665.78125,66968.875,128825.484375,True
test_ood_test_ood_000616_03,test_ood_000616,77,source_like,0,3,test_ood_000616_t0_c3,little,little_1,1,0.9,0.86,76,93769.99,93769.9921875,86191.609375,100989.140625,105145.9375,115483.21875,HI,1023184,1468922,test_ood,105145.9375,15665.78125,120811.71875,True,True,15665.78125,66968.875,172114.8125,True
test_ood_test_ood_000616_04,test_ood_000616,77,source_like,0,4,test_ood_000616_t0_c4,big,big_0,2,1.8,1.06,76,31810.975,31810.974609375,31284.703125,43801.234375,47695.609375,56551.671875,HI,1023184,1468922,test_ood,47695.609375,15665.78125,63361.390625,True,True,15665.78125,66968.875,114664.484375,True
test_ood_test_ood_000616_05,test_ood_000616,77,source_like,0,5,test_ood_000616_t0_c5,little,little_1,2,1.2,0.93,76,66445.555,66445.5546875,62972.96875,76673.640625,80568.03125,90029.875,HI,1023184,1468922,test_ood,80568.03125,15665.78125,96233.8125,True,True,15665.78125,66968.875,147536.90625,True
test_ood_test_ood_000616_06,test_ood_000616,77,source_like,0,6,test_ood_000616_t0_c6,big,big_1,3,2.2,1.15,76,27144.516,27144.515625,27147.03125,39565.828125,43451.078125,52200.28125,HI,1023184,1468922,test_ood,43451.078125,15665.78125,59116.859375,True,True,15665.78125,66968.875,110419.953125,True
test_ood_test_ood_000616_07,test_ood_000616,586,sink_like,1,0,test_ood_000616_t1_c0,little,little_0,0,0.6,0.8,585,1002683.75,1002683.75,915895.3125,999312.625,1021364.625,1070675.375,HI,1023184,1468922,test_ood,1021364.625,15665.78125,1037030.40625,True,True,15665.78125,66968.875,1088333.5,True
test_ood_test_ood_000616_20,test_ood_000616,160,middle,2,6,test_ood_000616_t2_c6,big,big_0,0,1.0,0.9,159,307784.25,307784.25,289662.875,314830.3125,322056.3125,338273.125,HI,1023184,1468922,test_ood,322056.3125,15665.78125,337722.09375,True,True,15665.78125,66968.875,389025.1875,True
test_ood_test_ood_000616_00,test_ood_000616,77,source_like,0,0,test_ood_000616_t0_c0,big,big_0,0,1.0,0.9,76,55883.527,55883.52734375,52994.9375,66302.71875,70206.859375,79499.46875,HI,1023184,1468922,test_ood,70206.859375,15665.78125,85872.640625,True,True,15665.78125,66968.875,137175.734375,True
test_ood_test_ood_000616_11,test_ood_000616,586,sink_like,1,4,test_ood_000616_t1_c4,little,little_1,2,1.2,0.93,585,550828.9,550828.875,489871.1875,531690.5625,543794.5625,567799.5,HI,1023184,1468922,test_ood,543794.5625,15665.78125,559460.34375,False,True,15665.78125,66968.875,610763.4375,True
test_ood_test_ood_000616_12,test_ood_000616,586,sink_like,1,5,test_ood_000616_t1_c5,big,big_1,3,2.2,1.15,585,260253.56,260253.5625,222245.578125,243029.125,249179.75,263158.5,HI,1023184,1468922,test_ood,249179.75,15665.78125,264845.53125,False,True,15665.78125,66968.875,316148.625,True
test_ood_test_ood_000616_13,test_ood_000616,586,sink_like,1,6,test_ood_000616_t1_c6,little,little_1,3,1.5,1.0,585,480340.1,480340.09375,422615.0625,458730.125,469008.9375,490599.6875,HI,1023184,1468922,test_ood,469008.9375,15665.78125,484674.71875,False,True,15665.78125,66968.875,535977.8125,True
test_ood_test_ood_000616_14,test_ood_000616,160,middle,2,0,test_ood_000616_t2_c0,big,big_1,1,1.4,0.98,159,258621.31,258621.3125,249196.59375,271720.125,278332.625,293248.25,HI,1023184,1468922,test_ood,278332.625,15665.78125,293998.40625,True,True,15665.78125,66968.875,345301.5,True
test_ood_test_ood_000616_15,test_ood_000616,160,middle,2,1,test_ood_000616_t2_c1,little,little_0,1,0.9,0.86,159,483917.38,483917.375,477131.0625,517348.9375,528869.875,552045.3125,HI,1023184,1468922,test_ood,528869.875,15665.78125,544535.65625,True,True,15665.78125,66968.875,595838.75,True
test_ood_test_ood_000616_16,test_ood_000616,160,middle,2,2,test_ood_000616_t2_c2,big,big_1,2,1.8,1.06,159,202331.03,202331.03125,202424.0,222181.1875,228096.578125,241608.59375,HI,1023184,1468922,test_ood,228096.578125,15665.78125,243762.359375,True,True,15665.78125,66968.875,295065.453125,True
test_ood_test_ood_000616_17,test_ood_000616,160,middle,2,3,test_ood_000616_t2_c3,little,little_1,2,1.2,0.93,159,373459.53,373459.53125,377885.75,410038.59375,419129.4375,438824.1875,HI,1023184,1468922,test_ood,419129.4375,15665.78125,434795.21875,True,True,15665.78125,66968.875,486098.3125,True
test_ood_test_ood_000616_18,test_ood_000616,160,middle,2,4,test_ood_000616_t2_c4,big,big_1,3,2.2,1.15,159,225654.52,225654.515625,214312.921875,234786.59375,240917.78125,254850.625,HI,1023184,1468922,test_ood,240917.78125,15665.78125,256583.5625,True,True,15665.78125,66968.875,307886.65625,True
test_ood_test_ood_000616_09,test_ood_000616,586,sink_like,1,2,test_ood_000616_t1_c2,little,little_1,1,0.9,0.86,585,530876.6,530876.625,497320.0625,539136.875,551166.125,574918.375,HI,1023184,1468922,test_ood,551166.125,15665.78125,566831.90625,True,True,15665.78125,66968.875,618135.0,True
test_ood_test_ood_000616_10,test_ood_000616,586,sink_like,1,3,test_ood_000616_t1_c3,big,big_1,2,1.8,1.06,585,292124.06,292124.0625,266547.5625,290127.53125,296978.625,312385.6875,HI,1023184,1468922,test_ood,296978.625,15665.78125,312644.40625,True,True,15665.78125,66968.875,363947.5,True
test_ood_test_ood_000616_19,test_ood_000616,160,middle,2,5,test_ood_000616_t2_c5,little,little_1,3,1.5,1.0,159,313708.28,313708.28125,307635.09375,334144.34375,341724.875,358619.84375,HI,1023184,1468922,test_ood,341724.875,15665.78125,357390.65625,True,True,15665.78125,66968.875,408693.75,True
test_ood_test_ood_000616_29,test_ood_000616,186,random,4,1,test_ood_000616_t4_c1,little,little_0,2,1.2,0.93,185,275787.97,275787.96875,274473.09375,298572.8125,305541.53125,321197.4375,HI,1023184,1468922,test_ood,305541.53125,15665.78125,321207.3125,True,True,15665.78125,66968.875,372510.40625,True
test_ood_test_ood_000616_21,test_ood_000616,632,communication_heavy,3,0,test_ood_000616_t3_c0,little,little_0,1,0.9,0.86,631,736208.56,736208.5625,631677.4375,684914.25,700907.8125,729039.75,HI,1023184,1468922,test_ood,700907.8125,15665.78125,716573.59375,False,False,15665.78125,66968.875,767876.6875,True
test_ood_test_ood_000616_41,test_ood_000616,14,diverse_fill_1,5,6,test_ood_000616_t5_c6,little,little_1,1,0.9,0.86,13,217607.16,217607.15625,211898.75,232256.53125,238351.171875,252206.21875,HI,1023184,1468922,test_ood,238351.171875,15665.78125,254016.953125,True,True,15665.78125,66968.875,305320.046875,True
test_ood_test_ood_000616_28,test_ood_000616,186,random,4,0,test_ood_000616_t4_c0,big,big_0,2,1.8,1.06,185,124018.836,124018.8359375,124670.125,140103.8125,144426.078125,155084.4375,HI,1023184,1468922,test_ood,144426.078125,15665.78125,160091.859375,True,True,15665.78125,66968.875,211394.953125,True
test_ood_test_ood_000616_27,test_ood_000616,632,communication_heavy,3,6,test_ood_000616_t3_c6,little,little_1,0,0.6,0.8,631,1206558.4,1206558.375,964760.125,1056133.75,1079280.75,1137355.625,HI,1023184,1468922,test_ood,1079280.75,15665.78125,1094946.53125,False,False,15665.78125,66968.875,1146249.625,False
test_ood_test_ood_000616_23,test_ood_000616,632,communication_heavy,3,2,test_ood_000616_t3_c2,little,little_0,2,1.2,0.93,631,539933.75,539933.75,455074.6875,493857.4375,504960.375,527692.8125,HI,1023184,1468922,test_ood,504960.375,15665.78125,520626.15625,False,False,15665.78125,66968.875,571929.25,True
test_ood_test_ood_000616_25,test_ood_000616,632,communication_heavy,3,4,test_ood_000616_t3_c4,little,little_1,3,1.5,1.0,631,586092.44,586092.4375,489708.75,531873.75,544128.75,568427.125,HI,1023184,1468922,test_ood,544128.75,15665.78125,559794.53125,False,False,15665.78125,66968.875,611097.625,True
test_ood_test_ood_000616_30,test_ood_000616,186,random,4,2,test_ood_000616_t4_c2,big,big_1,3,2.2,1.15,185,118005.48,118005.4765625,113687.359375,128752.859375,132921.40625,143327.28125,HI,1023184,1468922,test_ood,132921.40625,15665.78125,148587.1875,True,True,15665.78125,66968.875,199890.28125,True
test_ood_test_ood_000616_26,test_ood_000616,632,communication_heavy,3,5,test_ood_000616_t3_c5,big,big_1,0,1.0,0.9,631,708001.94,708001.9375,582616.25,631833.25,646482.375,673104.625,HI,1023184,1468922,test_ood,646482.375,15665.78125,662148.15625,False,False,15665.78125,66968.875,713451.25,True
test_ood_test_ood_000616_31,test_ood_000616,186,random,4,3,test_ood_000616_t4_c3,little,little_1,3,1.5,1.0,185,203164.78,203164.78125,202236.640625,221822.625,227642.203125,240972.6875,HI,1023184,1468922,test_ood,227642.203125,15665.78125,243307.984375,True,True,15665.78125,66968.875,294611.078125,True
test_ood_test_ood_000616_35,test_ood_000616,14,diverse_fill_1,5,0,test_ood_000616_t5_c0,little,little_0,2,1.2,0.93,13,161866.14,161866.140625,156442.78125,173561.40625,178620.609375,190532.96875,HI,1023184,1468922,test_ood,178620.609375,15665.78125,194286.390625,True,True,15665.78125,66968.875,245589.484375,True
test_ood_test_ood_000616_24,test_ood_000616,632,communication_heavy,3,3,test_ood_000616_t3_c3,big,big_1,3,2.2,1.15,631,342193.84,342193.84375,284162.0625,308961.28125,316118.59375,332162.40625,HI,1023184,1468922,test_ood,316118.59375,15665.78125,331784.375,False,False,15665.78125,66968.875,383087.46875,True
test_ood_test_ood_000616_34,test_ood_000616,186,random,4,6,test_ood_000616_t4_c6,big,big_0,1,1.4,0.98,185,148469.77,148469.765625,143431.46875,159717.859375,164392.125,175642.90625,HI,1023184,1468922,test_ood,164392.125,15665.78125,180057.90625,True,True,15665.78125,66968.875,231361.0,True
test_ood_test_ood_000616_36,test_ood_000616,14,diverse_fill_1,5,1,test_ood_000616_t5_c1,big,big_1,3,2.2,1.15,13,61528.387,61528.38671875,59600.609375,72997.640625,76808.9375,86059.40625,HI,1023184,1468922,test_ood,76808.9375,15665.78125,92474.71875,True,True,15665.78125,66968.875,143777.8125,True
test_ood_test_ood_000616_37,test_ood_000616,14,diverse_fill_1,5,2,test_ood_000616_t5_c2,little,little_1,3,1.5,1.0,13,128248.84,128248.84375,124628.640625,140227.171875,144613.234375,155394.34375,HI,1023184,1468922,test_ood,144613.234375,15665.78125,160279.015625,True,True,15665.78125,66968.875,211582.109375,True
test_ood_test_ood_000616_38,test_ood_000616,14,diverse_fill_1,5,3,test_ood_000616_t5_c3,big,big_0,0,1.0,0.9,13,139704.48,139704.484375,133280.15625,149261.3125,153831.671875,164929.328125,HI,1023184,1468922,test_ood,153831.671875,15665.78125,169497.453125,True,True,15665.78125,66968.875,220800.546875,True
test_ood_test_ood_000616_39,test_ood_000616,14,diverse_fill_1,5,4,test_ood_000616_t5_c4,little,little_1,0,0.6,0.8,13,331824.12,331824.125,329833.65625,357088.4375,364448.875,381307.375,HI,1023184,1468922,test_ood,364448.875,15665.78125,380114.65625,True,True,15665.78125,66968.875,431417.75,True
test_ood_test_ood_000616_40,test_ood_000616,14,diverse_fill_1,5,5,test_ood_000616_t5_c5,big,big_1,1,1.4,0.98,13,90954.54,90954.5390625,90858.296875,105455.375,109472.953125,119563.953125,HI,1023184,1468922,test_ood,109472.953125,15665.78125,125138.734375,True,True,15665.78125,66968.875,176441.828125,True
test_ood_test_ood_000616_22,test_ood_000616,632,communication_heavy,3,1,test_ood_000616_t3_c1,big,big_1,2,1.8,1.06,631,423443.7,423443.6875,340642.3125,369666.03125,377877.28125,396024.1875,HI,1023184,1468922,test_ood,377877.28125,15665.78125,393543.0625,False,False,15665.78125,66968.875,444846.15625,True
test_ood_test_ood_000616_33,test_ood_000616,186,random,4,5,test_ood_000616_t4_c5,little,little_1,0,0.6,0.8,185,524084.6,524084.59375,518521.90625,559241.875,570801.375,592984.4375,HI,1023184,1468922,test_ood,570801.375,15665.78125,586467.15625,True,True,15665.78125,66968.875,637770.25,True
test_ood_test_ood_000616_32,test_ood_000616,186,random,4,4,test_ood_000616_t4_c4,big,big_1,0,1.0,0.9,185,240856.48,240856.484375,243332.1875,265425.0625,271903.3125,286562.0625,HI,1023184,1468922,test_ood,271903.3125,15665.78125,287569.09375,True,True,15665.78125,66968.875,338872.1875,True
test_ood_test_ood_000679_07,test_ood_000679,678,sink_like,1,0,test_ood_000679_t1_c0,little,little_0,2,1.2,0.93,677,412178.75,412178.75,434599.46875,471810.3125,482444.71875,504555.71875,HI,2517311,3676606,test_ood,482444.71875,15665.78125,498110.5,True,True,15665.78125,61519.5625,543964.28125,True
test_ood_test_ood_000679_06,test_ood_000679,3,source_like,0,6,test_ood_000679_t0_c6,big,big_1,1,1.4,0.98,2,66985.79,66985.7890625,62648.375,76245.5,80119.296875,89541.453125,HI,2517311,3676606,test_ood,80119.296875,15665.78125,95785.078125,True,True,15665.78125,61519.5625,141638.859375,True
test_ood_test_ood_000679_05,test_ood_000679,3,source_like,0,5,test_ood_000679_t0_c5,little,little_0,0,0.6,0.8,2,237353.23,237353.234375,228825.859375,251577.234375,258487.0625,274216.9375,HI,2517311,3676606,test_ood,258487.0625,15665.78125,274152.84375,True,True,15665.78125,61519.5625,320006.625,True
test_ood_test_ood_000679_01,test_ood_000679,3,source_like,0,1,test_ood_000679_t0_c1,little,little_1,2,1.2,0.93,2,112108.336,112108.3359375,108984.25,124207.109375,128456.984375,139041.5625,HI,2517311,3676606,test_ood,128456.984375,15665.78125,144122.765625,True,True,15665.78125,61519.5625,189976.546875,True
test_ood_test_ood_000679_03,test_ood_000679,3,source_like,0,3,test_ood_000679_t0_c3,little,little_0,3,1.5,1.0,2,87142.664,87142.6640625,82827.28125,97259.96875,101238.484375,111179.625,HI,2517311,3676606,test_ood,101238.484375,15665.78125,116904.265625,True,True,15665.78125,61519.5625,162758.046875,True
test_ood_test_ood_000679_02,test_ood_000679,3,source_like,0,2,test_ood_000679_t0_c2,big,big_0,3,2.2,1.15,2,44093.117,44093.1171875,42129.390625,54768.390625,58520.5,67311.390625,HI,2517311,3676606,test_ood,58520.5,15665.78125,74186.28125,True,True,15665.78125,61519.5625,120040.0625,True
test_ood_test_ood_000679_08,test_ood_000679,678,sink_like,1,1,test_ood_000679_t1_c1,big,big_0,3,2.2,1.15,677,153237.61,153237.609375,152189.09375,168961.796875,173822.171875,185400.25,HI,2517311,3676606,test_ood,173822.171875,15665.78125,189487.953125,True,True,15665.78125,61519.5625,235341.734375,True
test_ood_test_ood_000679_04,test_ood_000679,3,source_like,0,4,test_ood_000679_t0_c4,big,big_0,0,1.0,0.9,2,92167.46,92167.4609375,89592.625,104415.9375,108532.703125,118820.3125,HI,2517311,3676606,test_ood,108532.703125,15665.78125,124198.484375,True,True,15665.78125,61519.5625,170052.265625,True
test_ood_test_ood_000679_20,test_ood_000679,386,middle,2,6,test_ood_000679_t2_c6,big,big_0,2,1.8,1.06,385,247501.98,247501.984375,235477.625,257139.734375,263549.3125,278031.6875,HI,2517311,3676606,test_ood,263549.3125,15665.78125,279215.09375,True,True,15665.78125,61519.5625,325068.875,True
test_ood_test_ood_000679_09,test_ood_000679,678,sink_like,1,2,test_ood_000679_t1_c2,little,little_0,3,1.5,1.0,677,294739.84,294739.84375,300767.53125,326759.84375,334210.8125,350851.8125,HI,2517311,3676606,test_ood,334210.8125,15665.78125,349876.59375,True,True,15665.78125,61519.5625,395730.375,True
test_ood_test_ood_000679_11,test_ood_000679,678,sink_like,1,4,test_ood_000679_t1_c4,little,little_0,0,0.6,0.8,677,680629.5,680629.5,670942.9375,724574.125,740740.5625,767952.0,HI,2517311,3676606,test_ood,740740.5625,15665.78125,756406.34375,True,True,15665.78125,61519.5625,802260.125,True
test_ood_test_ood_000679_12,test_ood_000679,678,sink_like,1,5,test_ood_000679_t1_c5,big,big_1,1,1.4,0.98,677,292309.38,292309.375,292667.71875,318076.78125,325375.3125,341715.4375,HI,2517311,3676606,test_ood,325375.3125,15665.78125,341041.09375,True,True,15665.78125,61519.5625,386894.875,True
test_ood_test_ood_000679_13,test_ood_000679,678,sink_like,1,6,test_ood_000679_t1_c6,little,little_1,1,0.9,0.86,677,463692.28,463692.28125,452864.625,490855.375,501637.1875,523825.71875,HI,2517311,3676606,test_ood,501637.1875,15665.78125,517302.96875,True,True,15665.78125,61519.5625,563156.75,True
test_ood_test_ood_000679_14,test_ood_000679,386,middle,2,0,test_ood_000679_t2_c0,big,big_0,3,2.2,1.15,385,174863.9,174863.90625,180260.78125,198705.71875,204190.109375,216898.125,HI,2517311,3676606,test_ood,204190.109375,15665.78125,219855.890625,True,True,15665.78125,61519.5625,265709.671875,True
test_ood_test_ood_000679_15,test_ood_000679,386,middle,2,1,test_ood_000679_t2_c1,little,little_0,3,1.5,1.0,385,321608.5,321608.5,313031.125,339964.875,347651.9375,364751.78125,HI,2517311,3676606,test_ood,347651.9375,15665.78125,363317.71875,True,True,15665.78125,61519.5625,409171.5,True
test_ood_test_ood_000679_16,test_ood_000679,386,middle,2,2,test_ood_000679_t2_c2,big,big_0,0,1.0,0.9,385,335620.88,335620.875,323842.15625,351539.5,359396.96875,376877.3125,HI,2517311,3676606,test_ood,359396.96875,15665.78125,375062.75,True,True,15665.78125,61519.5625,420916.53125,True
test_ood_test_ood_000679_17,test_ood_000679,386,middle,2,3,test_ood_000679_t2_c3,little,little_0,0,0.6,0.8,385,558471.0,558471.0,555072.875,599446.0,612289.0,636104.25,HI,2517311,3676606,test_ood,612289.0,15665.78125,627954.78125,True,True,15665.78125,61519.5625,673808.5625,True
test_ood_test_ood_000679_18,test_ood_000679,386,middle,2,4,test_ood_000679_t2_c4,big,big_1,1,1.4,0.98,385,229903.84,229903.84375,223175.671875,244052.65625,250235.140625,264281.84375,HI,2517311,3676606,test_ood,250235.140625,15665.78125,265900.921875,True,True,15665.78125,61519.5625,311754.703125,True
test_ood_test_ood_000679_00,test_ood_000679,3,source_like,0,0,test_ood_000679_t0_c0,big,big_1,2,1.8,1.06,2,48450.02,48450.01953125,47793.90625,60673.890625,64444.890625,73381.484375,HI,2517311,3676606,test_ood,64444.890625,15665.78125,80110.671875,True,True,15665.78125,61519.5625,125964.453125,True
test_ood_test_ood_000679_10,test_ood_000679,678,sink_like,1,3,test_ood_000679_t1_c3,big,big_1,0,1.0,0.9,677,363660.72,363660.71875,368579.9375,399906.875,408753.0625,428043.625,HI,2517311,3676606,test_ood,408753.0625,15665.78125,424418.84375,True,True,15665.78125,61519.5625,470272.625,True
test_ood_test_ood_000679_19,test_ood_000679,386,middle,2,5,test_ood_000679_t2_c5,little,little_1,1,0.9,0.86,385,393846.78,393846.78125,394892.0,428241.3125,437649.84375,457851.9375,HI,2517311,3676606,test_ood,437649.84375,15665.78125,453315.625,True,True,15665.78125,61519.5625,499169.40625,True
test_ood_test_ood_000679_41,test_ood_000679,372,random,5,6,test_ood_000679_t5_c6,little,little_1,3,1.5,1.0,371,106705.71,106705.7109375,114354.1875,129513.390625,133713.828125,144187.03125,HI,2517311,3676606,test_ood,133713.828125,15665.78125,149379.609375,True,True,15665.78125,61519.5625,195233.390625,True
test_ood_test_ood_000679_21,test_ood_000679,136,high_degree,3,0,test_ood_000679_t3_c0,little,little_1,3,1.5,1.0,135,339688.53,339688.53125,375941.375,408095.28125,417207.71875,436947.34375,HI,2517311,3676606,test_ood,417207.71875,15665.78125,432873.5,True,True,15665.78125,61519.5625,478727.28125,True
test_ood_test_ood_000679_23,test_ood_000679,136,high_degree,3,2,test_ood_000679_t3_c2,little,little_1,0,0.6,0.8,135,704563.7,704563.6875,694719.5,750987.4375,768058.875,796661.125,HI,2517311,3676606,test_ood,768058.875,15665.78125,783724.65625,True,True,15665.78125,61519.5625,829578.4375,True
test_ood_test_ood_000679_24,test_ood_000679,136,high_degree,3,3,test_ood_000679_t3_c3,big,big_0,1,1.4,0.98,135,292208.1,292208.09375,301040.15625,327054.46875,334502.0625,351141.9375,HI,2517311,3676606,test_ood,334502.0625,15665.78125,350167.84375,True,True,15665.78125,61519.5625,396021.625,True
test_ood_test_ood_000679_25,test_ood_000679,136,high_degree,3,4,test_ood_000679_t3_c4,little,little_0,1,0.9,0.86,135,431320.66,431320.65625,429783.65625,465909.6875,476123.5625,497534.125,HI,2517311,3676606,test_ood,476123.5625,15665.78125,491789.34375,True,True,15665.78125,61519.5625,537643.125,True
test_ood_test_ood_000679_26,test_ood_000679,136,high_degree,3,5,test_ood_000679_t3_c5,big,big_0,2,1.8,1.06,135,227411.05,227411.046875,233965.09375,255593.609375,262007.53125,276510.21875,HI,2517311,3676606,test_ood,262007.53125,15665.78125,277673.3125,True,True,15665.78125,61519.5625,323527.09375,True
test_ood_test_ood_000679_27,test_ood_000679,136,high_degree,3,6,test_ood_000679_t3_c6,little,little_1,2,1.2,0.93,135,370700.8,370700.8125,361659.9375,392381.78125,401058.71875,420037.21875,HI,2517311,3676606,test_ood,401058.71875,15665.78125,416724.5,True,True,15665.78125,61519.5625,462578.28125,True
test_ood_test_ood_000679_28,test_ood_000679,230,communication_heavy,4,0,test_ood_000679_t4_c0,big,big_0,0,1.0,0.9,229,337318.53,337318.53125,353851.375,383919.0625,392405.03125,411065.75,HI,2517311,3676606,test_ood,392405.03125,15665.78125,408070.8125,True,True,15665.78125,61519.5625,453924.59375,True
test_ood_test_ood_000679_29,test_ood_000679,230,communication_heavy,4,1,test_ood_000679_t4_c1,little,little_1,0,0.6,0.8,229,613568.94,613568.9375,604690.125,652849.5625,667073.75,692109.875,HI,2517311,3676606,test_ood,667073.75,15665.78125,682739.53125,True,True,15665.78125,61519.5625,728593.3125,True
test_ood_test_ood_000679_31,test_ood_000679,230,communication_heavy,4,3,test_ood_000679_t4_c3,little,little_0,1,0.9,0.86,229,544586.94,544586.9375,545964.875,591955.875,605418.0,630799.3125,HI,2517311,3676606,test_ood,605418.0,15665.78125,621083.78125,True,True,15665.78125,61519.5625,666937.5625,True
test_ood_test_ood_000679_22,test_ood_000679,136,high_degree,3,1,test_ood_000679_t3_c1,big,big_1,0,1.0,0.9,135,313448.56,313448.5625,332837.96875,361194.875,369219.46875,387023.6875,HI,2517311,3676606,test_ood,369219.46875,15665.78125,384885.25,True,True,15665.78125,61519.5625,430739.03125,True
test_ood_test_ood_000679_30,test_ood_000679,230,communication_heavy,4,2,test_ood_000679_t4_c2,big,big_1,1,1.4,0.98,229,280186.56,280186.5625,295036.96875,320587.625,327913.1875,344315.5,HI,2517311,3676606,test_ood,327913.1875,15665.78125,343578.96875,True,True,15665.78125,61519.5625,389432.75,True
test_ood_test_ood_000679_34,test_ood_000679,230,communication_heavy,4,6,test_ood_000679_t4_c6,big,big_1,3,2.2,1.15,229,203499.2,203499.203125,211941.0,232275.34375,238361.8125,252211.59375,HI,2517311,3676606,test_ood,238361.8125,15665.78125,254027.59375,True,True,15665.78125,61519.5625,299881.375,True
test_ood_test_ood_000679_35,test_ood_000679,372,random,5,0,test_ood_000679_t5_c0,little,little_0,0,0.6,0.8,371,268224.84,268224.84375,284079.65625,309439.34375,316690.3125,333286.90625,HI,2517311,3676606,test_ood,316690.3125,15665.78125,332356.09375,True,True,15665.78125,61519.5625,378209.875,True
test_ood_test_ood_000679_36,test_ood_000679,372,random,5,1,test_ood_000679_t5_c1,big,big_0,1,1.4,0.98,371,101682.74,101682.7421875,115246.46875,130551.71875,134800.296875,145374.3125,HI,2517311,3676606,test_ood,134800.296875,15665.78125,150466.078125,True,True,15665.78125,61519.5625,196319.859375,True
test_ood_test_ood_000679_37,test_ood_000679,372,random,5,2,test_ood_000679_t5_c2,little,little_0,1,0.9,0.86,371,175887.38,175887.375,195948.921875,215487.0625,221346.1875,234789.75,HI,2517311,3676606,test_ood,221346.1875,15665.78125,237011.96875,True,True,15665.78125,61519.5625,282865.75,True
test_ood_test_ood_000679_38,test_ood_000679,372,random,5,3,test_ood_000679_t5_c3,big,big_0,2,1.8,1.06,371,85973.66,85973.65625,94844.265625,109491.015625,113500.4375,123602.109375,HI,2517311,3676606,test_ood,113500.4375,15665.78125,129166.21875,True,True,15665.78125,61519.5625,175020.0,True
test_ood_test_ood_000679_39,test_ood_000679,372,random,5,4,test_ood_000679_t5_c4,little,little_0,2,1.2,0.93,371,160299.56,160299.5625,165238.78125,182741.1875,187891.609375,199989.78125,HI,2517311,3676606,test_ood,187891.609375,15665.78125,203557.390625,True,True,15665.78125,61519.5625,249411.171875,True
test_ood_test_ood_000679_40,test_ood_000679,372,random,5,5,test_ood_000679_t5_c5,big,big_1,3,2.2,1.15,371,75355.81,75355.8125,86371.546875,100784.5625,104724.671875,114630.890625,HI,2517311,3676606,test_ood,104724.671875,15665.78125,120390.453125,True,True,15665.78125,61519.5625,166244.234375,True
test_ood_test_ood_000679_32,test_ood_000679,230,communication_heavy,4,4,test_ood_000679_t4_c4,big,big_0,2,1.8,1.06,229,257544.66,257544.65625,257496.140625,280564.46875,287319.53125,302523.09375,HI,2517311,3676606,test_ood,287319.53125,15665.78125,302985.3125,True,True,15665.78125,61519.5625,348839.09375,True
test_ood_test_ood_000679_33,test_ood_000679,230,communication_heavy,4,5,test_ood_000679_t4_c5,little,little_1,2,1.2,0.93,229,390616.62,390616.625,379662.125,411942.4375,421065.875,440816.75,HI,2517311,3676606,test_ood,421065.875,15665.78125,436731.65625,True,True,15665.78125,61519.5625,482585.4375,True
test_ood_test_ood_000717_06,test_ood_000717,9,source_like,0,6,test_ood_000717_t0_c6,big,big_0,0,1.0,0.9,8,60777.83,60777.828125,58336.75,71849.765625,75758.984375,85170.9375,HI,6668268,9638797,test_ood,75758.984375,15665.78125,91424.765625,True,True,15665.78125,61519.5625,137278.546875,True
test_ood_test_ood_000717_05,test_ood_000717,9,source_like,0,5,test_ood_000717_t0_c5,little,little_0,3,1.5,1.0,8,69620.81,69620.8125,64480.90625,78256.25,82167.046875,91685.078125,HI,6668268,9638797,test_ood,82167.046875,15665.78125,97832.828125,True,True,15665.78125,61519.5625,143686.609375,True
test_ood_test_ood_000717_03,test_ood_000717,9,source_like,0,3,test_ood_000717_t0_c3,little,little_1,2,1.2,0.93,8,82668.68,82668.6796875,80319.234375,94869.734375,98938.59375,109030.796875,HI,6668268,9638797,test_ood,98938.59375,15665.78125,114604.375,True,True,15665.78125,61519.5625,160458.15625,True
test_ood_test_ood_000717_19,test_ood_000717,381,middle,2,5,test_ood_000717_t2_c5,little,little_1,0,0.6,0.8,380,617708.56,617708.5625,574893.3125,620890.75,634330.8125,658664.625,HI,6668268,9638797,test_ood,634330.8125,15665.78125,649996.59375,True,True,15665.78125,61519.5625,695850.375,True
test_ood_test_ood_000717_01,test_ood_000717,9,source_like,0,1,test_ood_000717_t0_c1,little,little_0,1,0.9,0.86,8,98760.26,98760.2578125,101980.3125,117205.203125,121512.5625,132220.640625,HI,6668268,9638797,test_ood,121512.5625,15665.78125,137178.34375,True,True,15665.78125,61519.5625,183032.125,True
test_ood_test_ood_000717_00,test_ood_000717,9,source_like,0,0,test_ood_000717_t0_c0,big,big_1,1,1.4,0.98,8,45638.55,45638.55078125,47584.78125,60622.84375,64501.515625,73642.953125,HI,6668268,9638797,test_ood,64501.515625,15665.78125,80167.296875,True,True,15665.78125,61519.5625,126021.078125,True
test_ood_test_ood_000717_07,test_ood_000717,290,sink_like,1,0,test_ood_000717_t1_c0,little,little_0,1,0.9,0.86,289,589946.7,589946.6875,586488.25,635582.125,650114.125,676519.5,HI,6668268,9638797,test_ood,650114.125,15665.78125,665779.90625,True,True,15665.78125,61519.5625,711633.6875,True
test_ood_test_ood_000717_02,test_ood_000717,9,source_like,0,2,test_ood_000717_t0_c2,big,big_1,2,1.8,1.06,8,34096.44,34096.44140625,35383.5625,47916.015625,51735.0,60517.828125,HI,6668268,9638797,test_ood,51735.0,15665.78125,67400.78125,True,True,15665.78125,61519.5625,113254.5625,True
test_ood_test_ood_000717_08,test_ood_000717,290,sink_like,1,1,test_ood_000717_t1_c1,big,big_1,2,1.8,1.06,289,262848.8,262848.8125,259467.578125,282605.0,289356.90625,304554.53125,HI,6668268,9638797,test_ood,289356.90625,15665.78125,305022.6875,True,True,15665.78125,61519.5625,350876.46875,True
test_ood_test_ood_000717_16,test_ood_000717,381,middle,2,2,test_ood_000717_t2_c2,big,big_1,3,2.2,1.15,380,203025.98,203025.984375,182920.8125,201513.15625,207047.765625,219846.75,HI,6668268,9638797,test_ood,207047.765625,15665.78125,222713.546875,True,True,15665.78125,61519.5625,268567.328125,True
test_ood_test_ood_000717_10,test_ood_000717,290,sink_like,1,3,test_ood_000717_t1_c3,big,big_1,3,2.2,1.15,289,286399.94,286399.9375,284501.0,309345.25,316517.375,332599.34375,HI,6668268,9638797,test_ood,316517.375,15665.78125,332183.15625,True,True,15665.78125,61519.5625,378036.9375,True
test_ood_test_ood_000717_09,test_ood_000717,290,sink_like,1,2,test_ood_000717_t1_c2,little,little_1,2,1.2,0.93,289,618192.75,618192.75,583303.0,633989.75,649197.75,677066.5,HI,6668268,9638797,test_ood,649197.75,15665.78125,664863.53125,True,True,15665.78125,61519.5625,710717.3125,True
test_ood_test_ood_000717_15,test_ood_000717,381,middle,2,1,test_ood_000717_t2_c1,little,little_0,2,1.2,0.93,380,373200.97,373200.96875,349220.5625,379004.3125,387434.75,405963.1875,HI,6668268,9638797,test_ood,387434.75,15665.78125,403100.53125,True,True,15665.78125,61519.5625,448954.3125,True
test_ood_test_ood_000717_14,test_ood_000717,381,middle,2,0,test_ood_000717_t2_c0,big,big_0,2,1.8,1.06,380,186545.92,186545.921875,184891.5625,203507.125,209031.25,221807.6875,HI,6668268,9638797,test_ood,209031.25,15665.78125,224697.03125,True,True,15665.78125,61519.5625,270550.8125,True
test_ood_test_ood_000717_17,test_ood_000717,381,middle,2,3,test_ood_000717_t2_c3,little,little_1,3,1.5,1.0,380,251826.78,251826.78125,237471.359375,259139.234375,265501.6875,279914.40625,HI,6668268,9638797,test_ood,265501.6875,15665.78125,281167.46875,True,True,15665.78125,61519.5625,327021.25,True
test_ood_test_ood_000717_12,test_ood_000717,290,sink_like,1,5,test_ood_000717_t1_c5,big,big_0,0,1.0,0.9,289,567897.7,567897.6875,593623.75,643994.125,659041.0,686213.25,HI,6668268,9638797,test_ood,659041.0,15665.78125,674706.78125,True,True,15665.78125,61519.5625,720560.5625,True
test_ood_test_ood_000717_11,test_ood_000717,290,sink_like,1,4,test_ood_000717_t1_c4,little,little_0,3,1.5,1.0,289,468013.1,468013.09375,422053.25,458128.5,468394.46875,489968.125,HI,6668268,9638797,test_ood,468394.46875,15665.78125,484060.25,True,True,15665.78125,61519.5625,529914.03125,True
test_ood_test_ood_000717_18,test_ood_000717,381,middle,2,4,test_ood_000717_t2_c4,big,big_1,0,1.0,0.9,380,258675.7,258675.703125,245186.203125,267353.25,273829.96875,288498.875,HI,6668268,9638797,test_ood,273829.96875,15665.78125,289495.75,True,True,15665.78125,61519.5625,335349.53125,True
test_ood_test_ood_000717_04,test_ood_000717,9,source_like,0,4,test_ood_000717_t0_c4,big,big_1,3,2.2,1.15,8,27354.88,27354.880859375,31587.8125,43977.5625,47770.109375,56423.359375,HI,6668268,9638797,test_ood,47770.109375,15665.78125,63435.890625,True,True,15665.78125,61519.5625,109289.671875,True
test_ood_test_ood_000717_20,test_ood_000717,381,middle,2,6,test_ood_000717_t2_c6,big,big_0,1,1.4,0.98,380,225875.69,225875.6875,219333.9375,239974.015625,246095.71875,260017.078125,HI,6668268,9638797,test_ood,246095.71875,15665.78125,261761.5,True,True,15665.78125,61519.5625,307615.28125,True
test_ood_test_ood_000717_13,test_ood_000717,290,sink_like,1,6,test_ood_000717_t1_c6,little,little_1,0,0.6,0.8,289,922414.6,922414.625,888969.5625,968244.1875,989894.6875,1035201.875,HI,6668268,9638797,test_ood,989894.6875,15665.78125,1005560.46875,True,True,15665.78125,61519.5625,1051414.25,True
test_ood_test_ood_000717_31,test_ood_000717,636,communication_heavy,4,3,test_ood_000717_t4_c3,little,little_1,0,0.6,0.8,635,701647.06,701647.0625,717952.125,776960.75,794932.6875,825240.8125,HI,6668268,9638797,test_ood,794932.6875,15665.78125,810598.46875,True,True,15665.78125,61519.5625,856452.25,True
test_ood_test_ood_000717_28,test_ood_000717,636,communication_heavy,4,0,test_ood_000717_t4_c0,big,big_0,3,2.2,1.15,635,292300.16,292300.15625,313586.1875,340516.875,348195.6875,365311.03125,HI,6668268,9638797,test_ood,348195.6875,15665.78125,363861.46875,True,True,15665.78125,61519.5625,409715.25,True
test_ood_test_ood_000717_27,test_ood_000717,672,high_degree,3,6,test_ood_000717_t3_c6,little,little_1,1,0.9,0.86,671,209911.5,209911.5,212647.609375,232939.953125,238967.4375,252723.09375,HI,6668268,9638797,test_ood,238967.4375,15665.78125,254633.21875,True,True,15665.78125,61519.5625,300487.0,True
test_ood_test_ood_000717_26,test_ood_000717,672,high_degree,3,5,test_ood_000717_t3_c5,big,big_1,1,1.4,0.98,671,114192.58,114192.578125,113869.71875,128989.453125,133173.015625,143612.65625,HI,6668268,9638797,test_ood,133173.015625,15665.78125,148838.796875,True,True,15665.78125,61519.5625,194692.578125,True
test_ood_test_ood_000717_22,test_ood_000717,672,high_degree,3,1,test_ood_000717_t3_c1,big,big_0,3,2.2,1.15,671,93272.67,93272.671875,91913.328125,106441.984375,110397.96875,120382.65625,HI,6668268,9638797,test_ood,110397.96875,15665.78125,126063.75,True,True,15665.78125,61519.5625,171917.53125,True
test_ood_test_ood_000717_24,test_ood_000717,672,high_degree,3,3,test_ood_000717_t3_c3,big,big_0,0,1.0,0.9,671,202959.39,202959.390625,198039.75,217315.28125,223042.5625,236195.125,HI,6668268,9638797,test_ood,223042.5625,15665.78125,238708.34375,True,True,15665.78125,61519.5625,284562.125,True
test_ood_test_ood_000717_23,test_ood_000717,672,high_degree,3,2,test_ood_000717_t3_c2,little,little_0,3,1.5,1.0,671,173443.47,173443.46875,172993.765625,190833.6875,196081.53125,208342.65625,HI,6668268,9638797,test_ood,196081.53125,15665.78125,211747.3125,True,True,15665.78125,61519.5625,257601.09375,True
test_ood_test_ood_000717_29,test_ood_000717,636,communication_heavy,4,1,test_ood_000717_t4_c1,little,little_1,3,1.5,1.0,635,382606.16,382606.15625,399130.5,433180.3125,442827.15625,463444.0,HI,6668268,9638797,test_ood,442827.15625,15665.78125,458492.9375,True,True,15665.78125,61519.5625,504346.71875,True
test_ood_test_ood_000717_25,test_ood_000717,672,high_degree,3,4,test_ood_000717_t3_c4,little,little_1,0,0.6,0.8,671,345723.47,345723.46875,350940.3125,379909.3125,387859.9375,405674.0,HI,6668268,9638797,test_ood,387859.9375,15665.78125,403525.71875,True,True,15665.78125,61519.5625,449379.5,True
test_ood_test_ood_000717_30,test_ood_000717,636,communication_heavy,4,2,test_ood_000717_t4_c2,big,big_1,0,1.0,0.9,635,502659.66,502659.65625,561900.75,609378.5,623429.4375,649399.125,HI,6668268,9638797,test_ood,623429.4375,15665.78125,639095.21875,True,True,15665.78125,61519.5625,684949.0,True
test_ood_test_ood_000717_41,test_ood_000717,555,random,5,6,test_ood_000717_t5_c6,little,little_0,2,1.2,0.93,554,228726.55,228726.546875,239269.3125,261041.09375,267429.3125,281887.0625,HI,6668268,9638797,test_ood,267429.3125,15665.78125,283095.09375,True,True,15665.78125,61519.5625,328948.875,True
test_ood_test_ood_000717_32,test_ood_000717,636,communication_heavy,4,4,test_ood_000717_t4_c4,big,big_1,1,1.4,0.98,635,444273.6,444273.59375,440307.53125,477813.65625,488503.75,510667.375,HI,6668268,9638797,test_ood,488503.75,15665.78125,504169.53125,True,True,15665.78125,61519.5625,550023.3125,True
test_ood_test_ood_000717_33,test_ood_000717,636,communication_heavy,4,5,test_ood_000717_t4_c5,little,little_0,1,0.9,0.86,635,761680.5,761680.5,793542.125,866231.5625,887634.4375,927341.375,HI,6668268,9638797,test_ood,887634.4375,15665.78125,903300.21875,True,True,15665.78125,61519.5625,949154.0,True
test_ood_test_ood_000717_34,test_ood_000717,636,communication_heavy,4,6,test_ood_000717_t4_c6,big,big_0,2,1.8,1.06,635,293236.97,293236.96875,311033.71875,337745.8125,345363.15625,362350.4375,HI,6668268,9638797,test_ood,345363.15625,15665.78125,361028.9375,True,True,15665.78125,61519.5625,406882.71875,True
test_ood_test_ood_000717_36,test_ood_000717,555,random,5,1,test_ood_000717_t5_c1,big,big_1,0,1.0,0.9,554,196031.22,196031.21875,193501.1875,212622.90625,218328.375,231440.21875,HI,6668268,9638797,test_ood,218328.375,15665.78125,233994.15625,True,True,15665.78125,61519.5625,279847.9375,True
test_ood_test_ood_000717_37,test_ood_000717,555,random,5,2,test_ood_000717_t5_c2,little,little_1,0,0.6,0.8,554,390143.6,390143.59375,401438.25,433872.375,442814.3125,462124.15625,HI,6668268,9638797,test_ood,442814.3125,15665.78125,458480.09375,True,True,15665.78125,61519.5625,504333.875,True
test_ood_test_ood_000717_38,test_ood_000717,555,random,5,3,test_ood_000717_t5_c3,big,big_1,1,1.4,0.98,554,135464.38,135464.375,140840.0625,157031.84375,161655.390625,172828.0,HI,6668268,9638797,test_ood,161655.390625,15665.78125,177321.171875,True,True,15665.78125,61519.5625,223174.953125,True
test_ood_test_ood_000717_39,test_ood_000717,555,random,5,4,test_ood_000717_t5_c4,little,little_0,1,0.9,0.86,554,305230.6,305230.59375,304912.28125,331094.375,338548.5625,355225.875,HI,6668268,9638797,test_ood,338548.5625,15665.78125,354214.34375,True,True,15665.78125,61519.5625,400068.125,True
test_ood_test_ood_000717_40,test_ood_000717,555,random,5,5,test_ood_000717_t5_c5,big,big_0,2,1.8,1.06,554,124354.61,124354.609375,130518.40625,146275.84375,150698.84375,161541.71875,HI,6668268,9638797,test_ood,150698.84375,15665.78125,166364.625,True,True,15665.78125,61519.5625,212218.40625,True
test_ood_test_ood_000717_21,test_ood_000717,672,high_degree,3,0,test_ood_000717_t3_c0,little,little_1,2,1.2,0.93,671,213854.47,213854.46875,206700.28125,226429.40625,232259.125,245612.25,HI,6668268,9638797,test_ood,232259.125,15665.78125,247924.90625,True,True,15665.78125,61519.5625,293778.6875,True
test_ood_test_ood_000717_35,test_ood_000717,555,random,5,0,test_ood_000717_t5_c0,little,little_1,3,1.5,1.0,554,157710.6,157710.59375,159253.3125,176351.59375,181333.015625,193116.90625,HI,6668268,9638797,test_ood,181333.015625,15665.78125,196998.796875,True,True,15665.78125,61519.5625,242852.578125,True
test_ood_test_ood_000725_06,test_ood_000725,3,source_like,0,6,test_ood_000725_t0_c6,little,little_1,0,0.6,0.8,2,173941.61,173941.609375,164363.4375,183077.34375,188810.5625,202121.6875,HI,8943780,10794450,test_ood,188810.5625,15665.78125,204476.34375,True,True,15665.78125,61519.5625,250330.125,True
test_ood_test_ood_000725_05,test_ood_000725,3,source_like,0,5,test_ood_000725_t0_c5,big,big_0,0,1.0,0.9,2,67510.8,67510.796875,64810.171875,78636.8125,82593.09375,92217.734375,HI,8943780,10794450,test_ood,82593.09375,15665.78125,98258.875,True,True,15665.78125,61519.5625,144112.65625,True
test_ood_test_ood_000725_04,test_ood_000725,3,source_like,0,4,test_ood_000725_t0_c4,little,little_1,3,1.5,1.0,2,69882.695,69882.6953125,68748.96875,82684.765625,86610.3125,96237.234375,HI,8943780,10794450,test_ood,86610.3125,15665.78125,102276.09375,True,True,15665.78125,61519.5625,148129.875,True
test_ood_test_ood_000725_00,test_ood_000725,3,source_like,0,0,test_ood_000725_t0_c0,little,little_0,1,0.9,0.86,2,113233.54,113233.5390625,112021.90625,127534.671875,131955.296875,142865.625,HI,8943780,10794450,test_ood,131955.296875,15665.78125,147621.078125,True,True,15665.78125,61519.5625,193474.859375,True
test_ood_test_ood_000725_02,test_ood_000725,3,source_like,0,2,test_ood_000725_t0_c2,little,little_1,2,1.2,0.93,2,82175.086,82175.0859375,83930.5,98545.65625,102600.59375,112708.140625,HI,8943780,10794450,test_ood,102600.59375,15665.78125,118266.375,True,True,15665.78125,61519.5625,164120.15625,True
test_ood_test_ood_000725_01,test_ood_000725,3,source_like,0,1,test_ood_000725_t0_c1,big,big_1,2,1.8,1.06,2,41321.61,41321.609375,42907.6875,55735.4375,59590.875,68596.234375,HI,8943780,10794450,test_ood,59590.875,15665.78125,75256.65625,True,True,15665.78125,61519.5625,121110.4375,True
test_ood_test_ood_000725_07,test_ood_000725,163,sink_like,1,0,test_ood_000725_t1_c0,big,big_1,2,1.8,1.06,162,215955.02,215955.015625,221686.28125,242591.328125,248826.5,262966.5625,HI,8943780,10794450,test_ood,248826.5,15665.78125,264492.28125,True,True,15665.78125,61519.5625,310346.0625,True
test_ood_test_ood_000725_03,test_ood_000725,3,source_like,0,3,test_ood_000725_t0_c3,big,big_1,3,2.2,1.15,2,29430.219,29430.21875,33830.6875,46287.59375,50086.796875,58799.6875,HI,8943780,10794450,test_ood,50086.796875,15665.78125,65752.578125,True,True,15665.78125,61519.5625,111606.359375,True
test_ood_test_ood_000725_08,test_ood_000725,163,sink_like,1,1,test_ood_000725_t1_c1,little,little_0,2,1.2,0.93,162,399890.7,399890.6875,390354.21875,423538.625,432921.5625,453105.8125,HI,8943780,10794450,test_ood,432921.5625,15665.78125,448587.34375,True,True,15665.78125,61519.5625,494441.125,True
test_ood_test_ood_000725_13,test_ood_000725,163,sink_like,1,6,test_ood_000725_t1_c6,big,big_1,1,1.4,0.98,162,242609.42,242609.421875,235323.4375,256981.453125,263375.0,277847.84375,HI,8943780,10794450,test_ood,263375.0,15665.78125,279040.78125,True,True,15665.78125,61519.5625,324894.5625,True
test_ood_test_ood_000725_10,test_ood_000725,163,sink_like,1,3,test_ood_000725_t1_c3,little,little_0,3,1.5,1.0,162,384068.75,384068.75,370521.6875,402170.90625,411132.25,430617.65625,HI,8943780,10794450,test_ood,411132.25,15665.78125,426798.03125,True,True,15665.78125,61519.5625,472651.8125,True
test_ood_test_ood_000725_11,test_ood_000725,163,sink_like,1,4,test_ood_000725_t1_c4,big,big_1,0,1.0,0.9,162,344955.03,344955.03125,343604.0,372813.65625,381063.9375,399293.375,HI,8943780,10794450,test_ood,381063.9375,15665.78125,396729.71875,True,True,15665.78125,61519.5625,442583.5,True
test_ood_test_ood_000725_12,test_ood_000725,163,sink_like,1,5,test_ood_000725_t1_c5,little,little_1,0,0.6,0.8,162,813000.75,813000.75,778195.0,843540.375,863142.5,897174.9375,HI,8943780,10794450,test_ood,863142.5,15665.78125,878808.28125,True,True,15665.78125,61519.5625,924662.0625,True
test_ood_test_ood_000725_14,test_ood_000725,321,middle,2,0,test_ood_000725_t2_c0,little,little_0,2,1.2,0.93,320,306405.78,306405.78125,288192.96875,313227.625,320417.21875,336532.125,HI,8943780,10794450,test_ood,320417.21875,15665.78125,336083.0,True,True,15665.78125,61519.5625,381936.78125,True
test_ood_test_ood_000725_15,test_ood_000725,321,middle,2,1,test_ood_000725_t2_c1,big,big_0,3,2.2,1.15,320,135869.81,135869.8125,139618.1875,155741.3125,160326.609375,171432.15625,HI,8943780,10794450,test_ood,160326.609375,15665.78125,175992.390625,True,True,15665.78125,61519.5625,221846.171875,True
test_ood_test_ood_000725_16,test_ood_000725,321,middle,2,2,test_ood_000725_t2_c2,little,little_0,3,1.5,1.0,320,259169.2,259169.203125,245643.140625,267819.875,274314.125,288982.15625,HI,8943780,10794450,test_ood,274314.125,15665.78125,289979.90625,True,True,15665.78125,61519.5625,335833.6875,True
test_ood_test_ood_000725_17,test_ood_000725,321,middle,2,3,test_ood_000725_t2_c3,big,big_0,0,1.0,0.9,320,312454.22,312454.21875,304752.90625,331009.03125,338493.8125,355234.3125,HI,8943780,10794450,test_ood,338493.8125,15665.78125,354159.59375,True,True,15665.78125,61519.5625,400013.375,True
test_ood_test_ood_000725_18,test_ood_000725,321,middle,2,4,test_ood_000725_t2_c4,little,little_0,0,0.6,0.8,320,559616.7,559616.6875,543409.0,586689.5,599158.75,622496.75,HI,8943780,10794450,test_ood,599158.75,15665.78125,614824.53125,True,True,15665.78125,61519.5625,660678.3125,True
test_ood_test_ood_000725_19,test_ood_000725,321,middle,2,5,test_ood_000725_t2_c5,big,big_1,1,1.4,0.98,320,176066.1,176066.09375,171292.96875,189048.625,194268.40625,206481.609375,HI,8943780,10794450,test_ood,194268.40625,15665.78125,209934.1875,True,True,15665.78125,61519.5625,255787.96875,True
test_ood_test_ood_000725_20,test_ood_000725,321,middle,2,6,test_ood_000725_t2_c6,little,little_1,1,0.9,0.86,320,303781.6,303781.59375,306053.8125,332327.21875,339807.46875,356541.9375,HI,8943780,10794450,test_ood,339807.46875,15665.78125,355473.25,True,True,15665.78125,61519.5625,401327.03125,True
test_ood_test_ood_000725_09,test_ood_000725,163,sink_like,1,2,test_ood_000725_t1_c2,big,big_1,3,2.2,1.15,162,201127.53,201127.53125,193433.75,212652.21875,218398.53125,231595.078125,HI,8943780,10794450,test_ood,218398.53125,15665.78125,234064.3125,True,True,15665.78125,61519.5625,279918.09375,True
test_ood_test_ood_000725_26,test_ood_000725,395,high_degree,3,5,test_ood_000725_t3_c5,little,little_1,1,0.9,0.86,394,499732.72,499732.71875,509188.0,552305.0,564806.625,589189.0,HI,8943780,10794450,test_ood,564806.625,15665.78125,580472.40625,True,True,15665.78125,61519.5625,626326.1875,True
test_ood_test_ood_000725_32,test_ood_000725,547,communication_heavy,4,4,test_ood_000725_t4_c4,little,little_0,1,0.9,0.86,546,504220.6,504220.59375,506404.5625,549167.75,561540.8125,585723.125,HI,8943780,10794450,test_ood,561540.8125,15665.78125,577206.59375,True,True,15665.78125,61519.5625,623060.375,True
test_ood_test_ood_000725_21,test_ood_000725,395,high_degree,3,0,test_ood_000725_t3_c0,big,big_1,3,2.2,1.15,394,133626.52,133626.515625,145882.03125,162292.046875,167003.09375,178318.84375,HI,8943780,10794450,test_ood,167003.09375,15665.78125,182668.875,True,True,15665.78125,61519.5625,228522.65625,True
test_ood_test_ood_000725_30,test_ood_000725,547,communication_heavy,4,2,test_ood_000725_t4_c2,little,little_0,0,0.6,0.8,546,896203.44,896203.4375,881508.0,961058.0625,982962.5625,1028305.0625,HI,8943780,10794450,test_ood,982962.5625,15665.78125,998628.34375,True,True,15665.78125,61519.5625,1044482.125,True
test_ood_test_ood_000725_23,test_ood_000725,395,high_degree,3,2,test_ood_000725_t3_c2,big,big_1,0,1.0,0.9,394,293629.75,293629.75,312138.40625,338932.25,346555.0625,363576.6875,HI,8943780,10794450,test_ood,346555.0625,15665.78125,362220.84375,True,True,15665.78125,61519.5625,408074.625,True
test_ood_test_ood_000725_24,test_ood_000725,395,high_degree,3,3,test_ood_000725_t3_c3,little,little_1,0,0.6,0.8,394,536447.2,536447.1875,539960.5,583037.8125,595421.5,618763.75,HI,8943780,10794450,test_ood,595421.5,15665.78125,611087.28125,True,True,15665.78125,61519.5625,656941.0625,True
test_ood_test_ood_000725_25,test_ood_000725,395,high_degree,3,4,test_ood_000725_t3_c4,big,big_0,1,1.4,0.98,394,225153.72,225153.71875,231964.171875,253373.9375,259694.203125,274016.71875,HI,8943780,10794450,test_ood,259694.203125,15665.78125,275359.984375,True,True,15665.78125,61519.5625,321213.765625,True
test_ood_test_ood_000725_28,test_ood_000725,547,communication_heavy,4,0,test_ood_000725_t4_c0,little,little_1,3,1.5,1.0,546,362013.84,362013.84375,367826.5625,399171.34375,408034.03125,427343.875,HI,8943780,10794450,test_ood,408034.03125,15665.78125,423699.8125,True,True,15665.78125,61519.5625,469553.59375,True
test_ood_test_ood_000725_29,test_ood_000725,547,communication_heavy,4,1,test_ood_000725_t4_c1,big,big_0,0,1.0,0.9,546,389115.44,389115.4375,397257.40625,431013.6875,440556.9375,461009.25,HI,8943780,10794450,test_ood,440556.9375,15665.78125,456222.71875,True,True,15665.78125,61519.5625,502076.5,True
test_ood_test_ood_000725_31,test_ood_000725,547,communication_heavy,4,3,test_ood_000725_t4_c3,big,big_1,1,1.4,0.98,546,303298.44,303298.4375,333493.15625,361949.625,370008.96875,387868.3125,HI,8943780,10794450,test_ood,370008.96875,15665.78125,385674.75,True,True,15665.78125,61519.5625,431528.53125,True
test_ood_test_ood_000725_36,test_ood_000725,223,random,5,1,test_ood_000725_t5_c1,little,little_0,0,0.6,0.8,222,452917.94,452917.9375,464774.8125,502111.875,512607.625,533963.125,HI,8943780,10794450,test_ood,512607.625,15665.78125,528273.40625,True,True,15665.78125,61519.5625,574127.1875,True
test_ood_test_ood_000725_27,test_ood_000725,395,high_degree,3,6,test_ood_000725_t3_c6,big,big_0,2,1.8,1.06,394,199313.5,199313.5,203018.703125,222757.34375,228651.15625,242122.78125,HI,8943780,10794450,test_ood,228651.15625,15665.78125,244316.9375,True,True,15665.78125,61519.5625,290170.71875,True
test_ood_test_ood_000725_34,test_ood_000725,547,communication_heavy,4,6,test_ood_000725_t4_c6,little,little_1,2,1.2,0.93,546,509430.62,509430.625,493925.375,536195.875,548462.5625,572690.625,HI,8943780,10794450,test_ood,548462.5625,15665.78125,564128.34375,True,True,15665.78125,61519.5625,609982.125,True
test_ood_test_ood_000725_33,test_ood_000725,547,communication_heavy,4,5,test_ood_000725_t4_c5,big,big_1,2,1.8,1.06,546,212780.17,212780.171875,218240.65625,238778.34375,244855.46875,258695.546875,HI,8943780,10794450,test_ood,244855.46875,15665.78125,260521.25,True,True,15665.78125,61519.5625,306375.03125,True
test_ood_test_ood_000725_40,test_ood_000725,223,random,5,5,test_ood_000725_t5_c5,little,little_1,2,1.2,0.93,222,254096.75,254096.75,251827.015625,274399.1875,280982.75,295848.09375,HI,8943780,10794450,test_ood,280982.75,15665.78125,296648.53125,True,True,15665.78125,61519.5625,342502.3125,True
test_ood_test_ood_000725_39,test_ood_000725,223,random,5,4,test_ood_000725_t5_c4,big,big_1,2,1.8,1.06,222,124685.52,124685.5234375,126391.25,141883.859375,146223.296875,156909.75,HI,8943780,10794450,test_ood,146223.296875,15665.78125,161889.078125,True,True,15665.78125,61519.5625,207742.859375,True
test_ood_test_ood_000725_38,test_ood_000725,223,random,5,3,test_ood_000725_t5_c3,little,little_0,1,0.9,0.86,222,313157.3,313157.3125,342511.71875,371626.4375,379857.0,398024.0625,HI,8943780,10794450,test_ood,379857.0,15665.78125,395522.78125,True,True,15665.78125,61519.5625,441376.5625,True
test_ood_test_ood_000725_41,test_ood_000725,223,random,5,6,test_ood_000725_t5_c6,big,big_0,3,2.2,1.15,222,115649.766,115649.765625,118009.234375,133223.875,137436.046875,147918.265625,HI,8943780,10794450,test_ood,137436.046875,15665.78125,153101.828125,True,True,15665.78125,61519.5625,198955.609375,True
test_ood_test_ood_000725_22,test_ood_000725,395,high_degree,3,1,test_ood_000725_t3_c1,little,little_0,3,1.5,1.0,394,309014.22,309014.21875,322561.5625,350244.6875,358125.25,375607.25,HI,8943780,10794450,test_ood,358125.25,15665.78125,373791.03125,True,True,15665.78125,61519.5625,419644.8125,True
test_ood_test_ood_000725_35,test_ood_000725,223,random,5,0,test_ood_000725_t5_c0,big,big_0,0,1.0,0.9,222,219148.36,219148.359375,226510.0,247535.8125,253741.375,267837.96875,HI,8943780,10794450,test_ood,253741.375,15665.78125,269407.15625,True,True,15665.78125,61519.5625,315260.9375,True
test_ood_test_ood_000725_37,test_ood_000725,223,random,5,2,test_ood_000725_t5_c2,big,big_0,1,1.4,0.98,222,201847.38,201847.375,208320.0,228269.203125,234202.953125,247740.59375,HI,8943780,10794450,test_ood,234202.953125,15665.78125,249868.734375,True,True,15665.78125,61519.5625,295722.515625,True
test_ood_test_ood_000734_08,test_ood_000734,655,sink_like,1,1,test_ood_000734_t1_c1,little,little_0,1,0.9,0.86,654,670571.0,670571.0,600112.25,650507.3125,665510.625,692459.25,HI,901119,927027,test_ood,665510.625,15665.78125,681176.40625,False,True,15665.78125,61519.5625,727030.1875,True
test_ood_test_ood_000734_00,test_ood_000734,178,source_like,0,0,test_ood_000734_t0_c0,little,little_0,0,0.6,0.8,177,222530.45,222530.453125,208728.046875,230317.953125,236970.9375,252093.875,HI,901119,927027,test_ood,236970.9375,15665.78125,252636.71875,True,True,15665.78125,61519.5625,298490.5,True
test_ood_test_ood_000734_01,test_ood_000734,178,source_like,0,1,test_ood_000734_t0_c1,big,big_0,1,1.4,0.98,177,66711.56,66711.5625,68344.203125,82230.5,86139.984375,95728.265625,HI,901119,927027,test_ood,86139.984375,15665.78125,101805.765625,True,True,15665.78125,61519.5625,147659.546875,True
test_ood_test_ood_000734_02,test_ood_000734,178,source_like,0,2,test_ood_000734_t0_c2,little,little_0,1,0.9,0.86,177,142404.7,142404.703125,142381.9375,159197.078125,164145.6875,175949.3125,HI,901119,927027,test_ood,164145.6875,15665.78125,179811.46875,True,True,15665.78125,61519.5625,225665.25,True
test_ood_test_ood_000734_03,test_ood_000734,178,source_like,0,3,test_ood_000734_t0_c3,big,big_1,2,1.8,1.06,177,55709.19,55709.19140625,54151.5625,67330.3125,71139.015625,80270.65625,HI,901119,927027,test_ood,71139.015625,15665.78125,86804.796875,True,True,15665.78125,61519.5625,132658.578125,True
test_ood_test_ood_000734_04,test_ood_000734,178,source_like,0,4,test_ood_000734_t0_c4,little,little_0,2,1.2,0.93,177,116989.86,116989.859375,112105.390625,127413.0,131687.65625,142320.96875,HI,901119,927027,test_ood,131687.65625,15665.78125,147353.4375,True,True,15665.78125,61519.5625,193207.21875,True
test_ood_test_ood_000734_06,test_ood_000734,178,source_like,0,6,test_ood_000734_t0_c6,little,little_1,3,1.5,1.0,177,90057.65,90057.6484375,82380.203125,96784.34375,100757.109375,110680.5625,HI,901119,927027,test_ood,100757.109375,15665.78125,116422.890625,True,True,15665.78125,61519.5625,162276.671875,True
test_ood_test_ood_000734_07,test_ood_000734,655,sink_like,1,0,test_ood_000734_t1_c0,big,big_1,1,1.4,0.98,654,337877.5,337877.5,296438.625,322060.59375,329395.84375,345818.375,HI,901119,927027,test_ood,329395.84375,15665.78125,345061.625,False,True,15665.78125,61519.5625,390915.40625,True
test_ood_test_ood_000734_10,test_ood_000734,655,sink_like,1,3,test_ood_000734_t1_c3,little,little_0,2,1.2,0.93,654,599891.8,599891.8125,508915.875,552481.0625,565184.25,589934.375,HI,901119,927027,test_ood,565184.25,15665.78125,580850.03125,False,False,15665.78125,61519.5625,626703.8125,True
test_ood_test_ood_000734_20,test_ood_000734,528,middle,2,6,test_ood_000734_t2_c6,little,little_1,0,0.6,0.8,527,1002749.4,1002749.375,985733.375,1080319.75,1103867.75,1165955.0,HI,901119,927027,test_ood,1103867.75,15665.78125,1119533.53125,True,True,15665.78125,61519.5625,1165387.3125,True
test_ood_test_ood_000734_17,test_ood_000734,528,middle,2,3,test_ood_000734_t2_c3,big,big_0,3,2.2,1.15,527,314507.28,314507.28125,305448.1875,331760.09375,339285.1875,356087.75,HI,901119,927027,test_ood,339285.1875,15665.78125,354950.96875,True,True,15665.78125,61519.5625,400804.75,True
test_ood_test_ood_000734_16,test_ood_000734,528,middle,2,2,test_ood_000734_t2_c2,little,little_0,2,1.2,0.93,527,671628.7,671628.6875,702686.625,766654.9375,786267.75,820926.875,HI,901119,927027,test_ood,786267.75,15665.78125,801933.53125,True,True,15665.78125,61519.5625,847787.3125,True
test_ood_test_ood_000734_15,test_ood_000734,528,middle,2,1,test_ood_000734_t2_c1,big,big_1,2,1.8,1.06,527,413346.12,413346.125,419903.59375,455765.0625,465956.03125,487424.3125,HI,901119,927027,test_ood,465956.03125,15665.78125,481621.8125,True,True,15665.78125,61519.5625,527475.59375,True
test_ood_test_ood_000734_18,test_ood_000734,528,middle,2,4,test_ood_000734_t2_c4,little,little_0,3,1.5,1.0,527,635675.94,635675.9375,611871.0,666338.0,682958.8125,712896.25,HI,901119,927027,test_ood,682958.8125,15665.78125,698624.59375,True,True,15665.78125,61519.5625,744478.375,True
test_ood_test_ood_000734_13,test_ood_000734,655,sink_like,1,6,test_ood_000734_t1_c6,big,big_0,0,1.0,0.9,654,498631.38,498631.375,467652.5,507339.4375,518725.4375,541761.125,HI,901119,927027,test_ood,518725.4375,15665.78125,534391.21875,True,True,15665.78125,61519.5625,580245.0,True
test_ood_test_ood_000734_12,test_ood_000734,655,sink_like,1,5,test_ood_000734_t1_c5,little,little_0,3,1.5,1.0,654,573588.9,573588.875,467393.3125,507581.4375,519179.71875,542630.75,HI,901119,927027,test_ood,519179.71875,15665.78125,534845.5,False,False,15665.78125,61519.5625,580699.28125,True
test_ood_test_ood_000734_11,test_ood_000734,655,sink_like,1,4,test_ood_000734_t1_c4,big,big_0,3,2.2,1.15,654,276602.56,276602.5625,246094.203125,268420.84375,274993.375,289821.5625,HI,901119,927027,test_ood,274993.375,15665.78125,290659.15625,False,True,15665.78125,61519.5625,336512.9375,True
test_ood_test_ood_000734_14,test_ood_000734,528,middle,2,0,test_ood_000734_t2_c0,little,little_1,1,0.9,0.86,527,669196.9,669196.875,669124.625,726384.75,743714.9375,773928.125,HI,901119,927027,test_ood,743714.9375,15665.78125,759380.71875,True,True,15665.78125,61519.5625,805234.5,True
test_ood_test_ood_000734_09,test_ood_000734,655,sink_like,1,2,test_ood_000734_t1_c2,big,big_0,2,1.8,1.06,654,283134.06,283134.0625,255852.15625,278745.8125,285431.125,300500.1875,HI,901119,927027,test_ood,285431.125,15665.78125,301096.90625,True,True,15665.78125,61519.5625,346950.6875,True
test_ood_test_ood_000734_19,test_ood_000734,528,middle,2,5,test_ood_000734_t2_c5,big,big_0,0,1.0,0.9,527,598869.8,598869.8125,610794.125,662641.0,678242.5,705985.875,HI,901119,927027,test_ood,678242.5,15665.78125,693908.28125,True,True,15665.78125,61519.5625,739762.0625,True
test_ood_test_ood_000734_05,test_ood_000734,178,source_like,0,5,test_ood_000734_t0_c5,big,big_0,3,2.2,1.15,177,45397.82,45397.8203125,42446.625,55127.3125,58896.71875,67726.40625,HI,901119,927027,test_ood,58896.71875,15665.78125,74562.5,True,True,15665.78125,61519.5625,120416.28125,True
test_ood_test_ood_000734_41,test_ood_000734,359,diverse_fill_1,5,6,test_ood_000734_t5_c6,big,big_1,2,1.8,1.06,358,161232.61,161232.609375,177508.53125,195710.65625,201096.78125,213620.9375,HI,901119,927027,test_ood,201096.78125,15665.78125,216762.5625,True,True,15665.78125,61519.5625,262616.34375,True
test_ood_test_ood_000734_28,test_ood_000734,415,random,4,0,test_ood_000734_t4_c0,little,little_0,2,1.2,0.93,414,122006.984,122006.984375,123051.46875,138778.3125,143225.78125,154159.3125,HI,901119,927027,test_ood,143225.78125,15665.78125,158891.5625,True,True,15665.78125,61519.5625,204745.34375,True
test_ood_test_ood_000734_27,test_ood_000734,583,communication_heavy,3,6,test_ood_000734_t3_c6,big,big_0,1,1.4,0.98,582,583320.8,583320.8125,542074.875,588660.625,602434.0,628432.0,HI,901119,927027,test_ood,602434.0,15665.78125,618099.78125,True,True,15665.78125,61519.5625,663953.5625,True
test_ood_test_ood_000734_23,test_ood_000734,583,communication_heavy,3,2,test_ood_000734_t3_c2,big,big_0,3,2.2,1.15,582,368512.1,368512.09375,352134.8125,382163.375,390656.625,409329.4375,HI,901119,927027,test_ood,390656.625,15665.78125,406322.40625,True,True,15665.78125,61519.5625,452176.1875,True
test_ood_test_ood_000734_25,test_ood_000734,583,communication_heavy,3,4,test_ood_000734_t3_c4,big,big_1,0,1.0,0.9,582,554739.8,554739.8125,510550.59375,553716.25,566248.0,590623.9375,HI,901119,927027,test_ood,566248.0,15665.78125,581913.78125,True,True,15665.78125,61519.5625,627767.5625,True
test_ood_test_ood_000734_24,test_ood_000734,583,communication_heavy,3,3,test_ood_000734_t3_c3,little,little_0,3,1.5,1.0,582,708162.5,708162.5,625882.875,681974.875,699163.0625,729938.3125,HI,901119,927027,test_ood,699163.0625,15665.78125,714828.84375,False,True,15665.78125,61519.5625,760682.625,True
test_ood_test_ood_000734_30,test_ood_000734,415,random,4,2,test_ood_000734_t4_c2,little,little_0,3,1.5,1.0,414,99346.43,99346.4296875,105232.078125,120290.375,124442.109375,134852.90625,HI,901119,927027,test_ood,124442.109375,15665.78125,140107.890625,True,True,15665.78125,61519.5625,185961.671875,True
test_ood_test_ood_000734_26,test_ood_000734,583,communication_heavy,3,5,test_ood_000734_t3_c5,little,little_0,0,0.6,0.8,582,979177.7,979177.6875,867104.5625,943138.1875,964430.125,1006867.6875,HI,901119,927027,test_ood,964430.125,15665.78125,980095.90625,False,True,15665.78125,61519.5625,1025949.6875,True
test_ood_test_ood_000734_31,test_ood_000734,415,random,4,3,test_ood_000734_t4_c3,big,big_1,0,1.0,0.9,414,94387.02,94387.0234375,101884.140625,117142.984375,121413.34375,132063.296875,HI,901119,927027,test_ood,121413.34375,15665.78125,137079.125,True,True,15665.78125,61519.5625,182932.90625,True
test_ood_test_ood_000734_35,test_ood_000734,359,diverse_fill_1,5,0,test_ood_000734_t5_c0,big,big_1,3,2.2,1.15,358,156972.03,156972.03125,177605.6875,195885.421875,201308.578125,213904.359375,HI,901119,927027,test_ood,201308.578125,15665.78125,216974.359375,True,True,15665.78125,61519.5625,262828.140625,True
test_ood_test_ood_000734_29,test_ood_000734,415,random,4,1,test_ood_000734_t4_c1,big,big_0,3,2.2,1.15,414,49591.613,49591.61328125,53000.9375,66061.859375,69838.984375,78896.296875,HI,901119,927027,test_ood,69838.984375,15665.78125,85504.765625,True,True,15665.78125,61519.5625,131358.546875,True
test_ood_test_ood_000734_33,test_ood_000734,415,random,4,5,test_ood_000734_t4_c5,big,big_0,1,1.4,0.98,414,70469.84,70469.84375,84444.484375,98972.015625,103009.890625,113087.765625,HI,901119,927027,test_ood,103009.890625,15665.78125,118675.671875,True,True,15665.78125,61519.5625,164529.453125,True
test_ood_test_ood_000734_34,test_ood_000734,415,random,4,6,test_ood_000734_t4_c6,little,little_1,1,0.9,0.86,414,139164.58,139164.578125,150232.5625,167644.96875,172818.84375,185055.90625,HI,901119,927027,test_ood,172818.84375,15665.78125,188484.625,True,True,15665.78125,61519.5625,234338.40625,True
test_ood_test_ood_000734_36,test_ood_000734,359,diverse_fill_1,5,1,test_ood_000734_t5_c1,little,little_0,3,1.5,1.0,358,200442.72,200442.71875,216660.75,237009.8125,243008.171875,256703.4375,HI,901119,927027,test_ood,243008.171875,15665.78125,258673.953125,True,True,15665.78125,61519.5625,304527.734375,True
test_ood_test_ood_000734_37,test_ood_000734,359,diverse_fill_1,5,2,test_ood_000734_t5_c2,big,big_1,0,1.0,0.9,358,235610.61,235610.609375,249127.1875,271538.59375,278069.9375,292857.65625,HI,901119,927027,test_ood,278069.9375,15665.78125,293735.71875,True,True,15665.78125,61519.5625,339589.5,True
test_ood_test_ood_000734_38,test_ood_000734,359,diverse_fill_1,5,3,test_ood_000734_t5_c3,little,little_0,0,0.6,0.8,358,424881.34,424881.34375,422271.21875,456479.0,465997.5625,486158.3125,HI,901119,927027,test_ood,465997.5625,15665.78125,481663.34375,True,True,15665.78125,61519.5625,527517.125,True
test_ood_test_ood_000734_39,test_ood_000734,359,diverse_fill_1,5,4,test_ood_000734_t5_c4,big,big_0,1,1.4,0.98,358,219931.36,219931.359375,231037.4375,252351.625,258634.21875,272882.59375,HI,901119,927027,test_ood,258634.21875,15665.78125,274300.0,True,True,15665.78125,61519.5625,320153.78125,True
test_ood_test_ood_000734_40,test_ood_000734,359,diverse_fill_1,5,5,test_ood_000734_t5_c5,little,little_0,1,0.9,0.86,358,352243.47,352243.46875,367216.53125,398358.75,407148.4375,426322.03125,HI,901119,927027,test_ood,407148.4375,15665.78125,422814.21875,True,True,15665.78125,61519.5625,468668.0,True
test_ood_test_ood_000734_22,test_ood_000734,583,communication_heavy,3,1,test_ood_000734_t3_c1,little,little_1,2,1.2,0.93,582,639831.8,639831.8125,585796.25,636514.625,651737.25,679517.5,HI,901119,927027,test_ood,651737.25,15665.78125,667403.03125,True,True,15665.78125,61519.5625,713256.8125,True
test_ood_test_ood_000734_32,test_ood_000734,415,random,4,4,test_ood_000734_t4_c4,little,little_0,0,0.6,0.8,414,242351.27,242351.265625,255801.296875,280299.625,287589.8125,304304.375,HI,901119,927027,test_ood,287589.8125,15665.78125,303255.59375,True,True,15665.78125,61519.5625,349109.375,True
test_ood_test_ood_000734_21,test_ood_000734,583,communication_heavy,3,0,test_ood_000734_t3_c0,big,big_1,2,1.8,1.06,582,410683.22,410683.21875,382263.0625,414782.5625,423963.125,443833.125,HI,901119,927027,test_ood,423963.125,15665.78125,439628.90625,True,True,15665.78125,61519.5625,485482.6875,True
test_ood_test_ood_000760_08,test_ood_000760,353,sink_like,1,1,test_ood_000760_t1_c1,big,big_0,0,1.0,0.9,352,157496.0,157496.0,163725.0625,181185.8125,186328.78125,198418.515625,HI,8043333,10511434,test_ood,186328.78125,15665.78125,201994.5625,True,True,15665.78125,61519.5625,247848.34375,True
test_ood_test_ood_000760_07,test_ood_000760,353,sink_like,1,0,test_ood_000760_t1_c0,little,little_0,3,1.5,1.0,352,205560.72,205560.71875,202905.34375,222465.84375,228262.0625,241548.0,HI,8043333,10511434,test_ood,228262.0625,15665.78125,243927.84375,True,True,15665.78125,61519.5625,289781.625,True
test_ood_test_ood_000760_05,test_ood_000760,15,source_like,0,5,test_ood_000760_t0_c5,little,little_1,1,0.9,0.86,14,139666.34,139666.34375,133398.796875,149818.921875,154617.1875,166185.078125,HI,8043333,10511434,test_ood,154617.1875,15665.78125,170282.96875,True,True,15665.78125,61519.5625,216136.75,True
test_ood_test_ood_000760_01,test_ood_000760,15,source_like,0,1,test_ood_000760_t0_c1,little,little_0,3,1.5,1.0,14,85026.6,85026.6015625,77735.859375,92025.75,95985.4375,105823.03125,HI,8043333,10511434,test_ood,95985.4375,15665.78125,111651.21875,True,True,15665.78125,61519.5625,157505.0,True
test_ood_test_ood_000760_03,test_ood_000760,15,source_like,0,3,test_ood_000760_t0_c3,little,little_0,0,0.6,0.8,14,199867.86,199867.859375,178159.1875,197733.40625,203747.234375,217577.359375,HI,8043333,10511434,test_ood,203747.234375,15665.78125,219413.015625,True,True,15665.78125,61519.5625,265266.796875,True
test_ood_test_ood_000760_02,test_ood_000760,15,source_like,0,2,test_ood_000760_t0_c2,big,big_1,0,1.0,0.9,14,90709.11,90709.109375,78564.890625,93034.234375,97089.625,107130.203125,HI,8043333,10511434,test_ood,97089.625,15665.78125,112755.40625,True,True,15665.78125,61519.5625,158609.1875,True
test_ood_test_ood_000760_09,test_ood_000760,353,sink_like,1,2,test_ood_000760_t1_c2,little,little_0,0,0.6,0.8,352,390580.75,390580.75,369574.0625,400047.875,408475.875,427062.8125,HI,8043333,10511434,test_ood,408475.875,15665.78125,424141.65625,True,True,15665.78125,61519.5625,469995.4375,True
test_ood_test_ood_000760_04,test_ood_000760,15,source_like,0,4,test_ood_000760_t0_c4,big,big_1,1,1.4,0.98,14,64322.406,64322.40625,57988.71875,71403.640625,75267.984375,84582.546875,HI,8043333,10511434,test_ood,75267.984375,15665.78125,90933.765625,True,True,15665.78125,61519.5625,136787.546875,True
test_ood_test_ood_000760_06,test_ood_000760,15,source_like,0,6,test_ood_000760_t0_c6,big,big_1,2,1.8,1.06,14,47460.83,47460.828125,43465.046875,56190.734375,59960.21875,68806.28125,HI,8043333,10511434,test_ood,59960.21875,15665.78125,75626.0,True,True,15665.78125,61519.5625,121479.78125,True
test_ood_test_ood_000760_16,test_ood_000760,468,middle,2,2,test_ood_000760_t2_c2,big,big_0,1,1.4,0.98,467,263913.47,263913.46875,281818.875,306441.28125,313530.46875,329443.84375,HI,8043333,10511434,test_ood,313530.46875,15665.78125,329196.25,True,True,15665.78125,61519.5625,375050.03125,True
test_ood_test_ood_000760_10,test_ood_000760,353,sink_like,1,3,test_ood_000760_t1_c3,big,big_0,1,1.4,0.98,352,129930.02,129930.0234375,137033.109375,153034.171875,157581.78125,168626.46875,HI,8043333,10511434,test_ood,157581.78125,15665.78125,173247.5625,True,True,15665.78125,61519.5625,219101.34375,True
test_ood_test_ood_000760_18,test_ood_000760,468,middle,2,4,test_ood_000760_t2_c4,big,big_0,2,1.8,1.06,467,168447.78,168447.78125,178343.4375,196545.640625,201923.25,214428.8125,HI,8043333,10511434,test_ood,201923.25,15665.78125,217589.03125,True,True,15665.78125,61519.5625,263442.8125,True
test_ood_test_ood_000760_17,test_ood_000760,468,middle,2,3,test_ood_000760_t2_c3,little,little_1,1,0.9,0.86,467,331308.84,331308.84375,335159.6875,363694.5625,371767.5,389655.1875,HI,8043333,10511434,test_ood,371767.5,15665.78125,387433.28125,True,True,15665.78125,61519.5625,433287.0625,True
test_ood_test_ood_000760_19,test_ood_000760,468,middle,2,5,test_ood_000760_t2_c5,little,little_0,2,1.2,0.93,467,279470.28,279470.28125,293811.125,319250.0,326537.40625,342855.25,HI,8043333,10511434,test_ood,326537.40625,15665.78125,342203.1875,True,True,15665.78125,61519.5625,388056.96875,True
test_ood_test_ood_000760_14,test_ood_000760,468,middle,2,0,test_ood_000760_t2_c0,big,big_1,0,1.0,0.9,467,317386.3,317386.3125,328845.78125,356968.625,364940.21875,382636.71875,HI,8043333,10511434,test_ood,364940.21875,15665.78125,380606.0,True,True,15665.78125,61519.5625,426459.78125,True
test_ood_test_ood_000760_13,test_ood_000760,353,sink_like,1,6,test_ood_000760_t1_c6,little,little_1,2,1.2,0.93,352,197601.8,197601.796875,193504.53125,212464.96875,218070.0625,230997.4375,HI,8043333,10511434,test_ood,218070.0625,15665.78125,233735.84375,True,True,15665.78125,61519.5625,279589.625,True
test_ood_test_ood_000760_12,test_ood_000760,353,sink_like,1,5,test_ood_000760_t1_c5,big,big_0,2,1.8,1.06,352,118352.8,118352.796875,126329.5,141891.53125,146242.9375,156962.75,HI,8043333,10511434,test_ood,146242.9375,15665.78125,161908.71875,True,True,15665.78125,61519.5625,207762.5,True
test_ood_test_ood_000760_20,test_ood_000760,468,middle,2,6,test_ood_000760_t2_c6,big,big_0,3,2.2,1.15,467,165008.34,165008.34375,165922.6875,183475.5,188625.96875,200721.375,HI,8043333,10511434,test_ood,188625.96875,15665.78125,204291.75,True,True,15665.78125,61519.5625,250145.53125,True
test_ood_test_ood_000760_11,test_ood_000760,353,sink_like,1,4,test_ood_000760_t1_c4,little,little_0,1,0.9,0.86,352,285691.28,285691.28125,285674.46875,310500.5625,317608.5625,333602.28125,HI,8043333,10511434,test_ood,317608.5625,15665.78125,333274.34375,True,True,15665.78125,61519.5625,379128.125,True
test_ood_test_ood_000760_00,test_ood_000760,15,source_like,0,0,test_ood_000760_t0_c0,big,big_0,3,2.2,1.15,14,51061.344,51061.34375,40990.71875,53682.96875,57495.046875,66381.703125,HI,8043333,10511434,test_ood,57495.046875,15665.78125,73160.828125,True,True,15665.78125,61519.5625,119014.609375,True
test_ood_test_ood_000760_15,test_ood_000760,468,middle,2,1,test_ood_000760_t2_c1,little,little_0,0,0.6,0.8,467,446892.44,446892.4375,444989.90625,481370.0,491615.4375,512861.5,HI,8043333,10511434,test_ood,491615.4375,15665.78125,507281.21875,True,True,15665.78125,61519.5625,553135.0,True
test_ood_test_ood_000760_22,test_ood_000760,175,high_degree,3,1,test_ood_000760_t3_c1,big,big_1,1,1.4,0.98,174,288937.66,288937.65625,273843.84375,297945.65625,304928.65625,320613.8125,HI,8043333,10511434,test_ood,304928.65625,15665.78125,320594.4375,True,True,15665.78125,61519.5625,366448.21875,True
test_ood_test_ood_000760_30,test_ood_000760,351,communication_heavy,4,2,test_ood_000760_t4_c2,big,big_0,2,1.8,1.06,350,216574.9,216574.90625,228954.84375,250201.671875,256486.375,270735.09375,HI,8043333,10511434,test_ood,256486.375,15665.78125,272152.15625,True,True,15665.78125,61519.5625,318005.9375,True
test_ood_test_ood_000760_29,test_ood_000760,351,communication_heavy,4,1,test_ood_000760_t4_c1,little,little_1,1,0.9,0.86,350,584901.6,584901.625,615568.6875,667559.5,683113.75,710837.875,HI,8043333,10511434,test_ood,683113.75,15665.78125,698779.53125,True,True,15665.78125,61519.5625,744633.3125,True
test_ood_test_ood_000760_28,test_ood_000760,351,communication_heavy,4,0,test_ood_000760_t4_c0,big,big_1,1,1.4,0.98,350,328760.28,328760.28125,360703.8125,391398.0,400065.84375,419045.65625,HI,8043333,10511434,test_ood,400065.84375,15665.78125,415731.625,True,True,15665.78125,61519.5625,461585.40625,True
test_ood_test_ood_000760_24,test_ood_000760,175,high_degree,3,3,test_ood_000760_t3_c3,big,big_0,2,1.8,1.06,174,251673.12,251673.125,239951.4375,261894.015625,268371.15625,283000.28125,HI,8043333,10511434,test_ood,268371.15625,15665.78125,284036.9375,True,True,15665.78125,61519.5625,329890.71875,True
test_ood_test_ood_000760_26,test_ood_000760,175,high_degree,3,5,test_ood_000760_t3_c5,big,big_1,3,2.2,1.15,174,209748.05,209748.046875,207952.09375,228045.671875,234064.9375,247780.5625,HI,8043333,10511434,test_ood,234064.9375,15665.78125,249730.71875,True,True,15665.78125,61519.5625,295584.5,True
test_ood_test_ood_000760_25,test_ood_000760,175,high_degree,3,4,test_ood_000760_t3_c4,little,little_0,2,1.2,0.93,174,476952.28,476952.28125,428495.625,465139.03125,475592.375,497433.90625,HI,8043333,10511434,test_ood,475592.375,15665.78125,491258.15625,False,True,15665.78125,61519.5625,537111.9375,True
test_ood_test_ood_000760_31,test_ood_000760,351,communication_heavy,4,3,test_ood_000760_t4_c3,little,little_1,2,1.2,0.93,350,429040.0,429040.0,430471.90625,467124.46875,477555.21875,499343.625,HI,8043333,10511434,test_ood,477555.21875,15665.78125,493221.0,True,True,15665.78125,61519.5625,539074.78125,True
test_ood_test_ood_000760_27,test_ood_000760,175,high_degree,3,6,test_ood_000760_t3_c6,little,little_0,3,1.5,1.0,174,311292.6,311292.59375,309428.375,336059.8125,343666.40625,360615.75,HI,8043333,10511434,test_ood,343666.40625,15665.78125,359332.1875,True,True,15665.78125,61519.5625,405185.96875,True
test_ood_test_ood_000760_32,test_ood_000760,351,communication_heavy,4,4,test_ood_000760_t4_c4,big,big_0,3,2.2,1.15,350,216724.61,216724.609375,230517.25,251933.9375,258297.078125,272699.40625,HI,8043333,10511434,test_ood,258297.078125,15665.78125,273962.859375,True,True,15665.78125,61519.5625,319816.640625,True
test_ood_test_ood_000760_21,test_ood_000760,175,high_degree,3,0,test_ood_000760_t3_c0,little,little_0,0,0.6,0.8,174,596968.3,596968.3125,592165.625,639243.9375,653062.375,677678.25,HI,8043333,10511434,test_ood,653062.375,15665.78125,668728.15625,True,True,15665.78125,61519.5625,714581.9375,True
test_ood_test_ood_000760_34,test_ood_000760,351,communication_heavy,4,6,test_ood_000760_t4_c6,big,big_1,0,1.0,0.9,350,403176.97,403176.96875,429723.84375,466241.75,476621.9375,498328.75,HI,8043333,10511434,test_ood,476621.9375,15665.78125,492287.71875,True,True,15665.78125,61519.5625,538141.5,True
test_ood_test_ood_000760_35,test_ood_000760,325,random,5,0,test_ood_000760_t5_c0,little,little_0,1,0.9,0.86,324,315782.97,315782.96875,317892.375,345066.15625,352777.84375,369968.21875,HI,8043333,10511434,test_ood,352777.84375,15665.78125,368443.625,True,True,15665.78125,61519.5625,414297.40625,True
test_ood_test_ood_000760_37,test_ood_000760,325,random,5,2,test_ood_000760_t5_c2,little,little_0,2,1.2,0.93,324,241386.97,241386.96875,249154.25,271546.53125,278078.75,292845.875,HI,8043333,10511434,test_ood,278078.75,15665.78125,293744.53125,True,True,15665.78125,61519.5625,339598.3125,True
test_ood_test_ood_000760_38,test_ood_000760,325,random,5,3,test_ood_000760_t5_c3,big,big_1,3,2.2,1.15,324,127374.99,127374.9921875,134586.328125,150510.625,154998.625,165948.65625,HI,8043333,10511434,test_ood,154998.625,15665.78125,170664.40625,True,True,15665.78125,61519.5625,216518.1875,True
test_ood_test_ood_000760_39,test_ood_000760,325,random,5,4,test_ood_000760_t5_c4,little,little_1,3,1.5,1.0,324,223573.89,223573.890625,235643.90625,257157.171875,263473.625,277781.78125,HI,8043333,10511434,test_ood,263473.625,15665.78125,279139.40625,True,True,15665.78125,61519.5625,324993.1875,True
test_ood_test_ood_000760_40,test_ood_000760,325,random,5,5,test_ood_000760_t5_c5,big,big_0,0,1.0,0.9,324,248292.88,248292.875,261300.875,284486.78125,291205.46875,306372.0625,HI,8043333,10511434,test_ood,291205.46875,15665.78125,306871.25,True,True,15665.78125,61519.5625,352725.03125,True
test_ood_test_ood_000760_41,test_ood_000760,325,random,5,6,test_ood_000760_t5_c6,little,little_1,0,0.6,0.8,324,416192.6,416192.59375,400848.5,433514.5,442578.0,462119.96875,HI,8043333,10511434,test_ood,442578.0,15665.78125,458243.78125,True,True,15665.78125,61519.5625,504097.5625,True
test_ood_test_ood_000760_23,test_ood_000760,175,high_degree,3,2,test_ood_000760_t3_c2,little,little_0,1,0.9,0.86,174,429762.53,429762.53125,417509.5,452694.9375,462638.03125,483662.6875,HI,8043333,10511434,test_ood,462638.03125,15665.78125,478303.8125,True,True,15665.78125,61519.5625,524157.59375,True
test_ood_test_ood_000760_33,test_ood_000760,351,communication_heavy,4,5,test_ood_000760_t4_c5,little,little_0,3,1.5,1.0,350,344847.2,344847.1875,368487.28125,399892.875,408773.03125,428113.0625,HI,8043333,10511434,test_ood,408773.03125,15665.78125,424438.8125,True,True,15665.78125,61519.5625,470292.59375,True
test_ood_test_ood_000760_36,test_ood_000760,325,random,5,1,test_ood_000760_t5_c1,big,big_0,2,1.8,1.06,324,138239.06,138239.0625,151111.28125,167823.375,172646.484375,184162.5625,HI,8043333,10511434,test_ood,172646.484375,15665.78125,188312.265625,True,True,15665.78125,61519.5625,234166.046875,True
test_ood_test_ood_000765_06,test_ood_000765,33,source_like,0,6,test_ood_000765_t0_c6,big,big_1,2,1.8,1.06,32,51370.523,51370.5234375,49410.390625,62363.609375,66146.078125,75137.578125,HI,1394605,1523330,test_ood,66146.078125,15665.78125,81811.859375,True,True,15665.78125,53797.375,119943.453125,True
test_ood_test_ood_000765_05,test_ood_000765,33,source_like,0,5,test_ood_000765_t0_c5,little,little_1,1,0.9,0.86,32,165485.39,165485.390625,153133.0625,170403.53125,175528.46875,187638.09375,HI,1394605,1523330,test_ood,175528.46875,15665.78125,191194.25,True,True,15665.78125,53797.375,229325.84375,True
test_ood_test_ood_000765_04,test_ood_000765,33,source_like,0,4,test_ood_000765_t0_c4,big,big_0,1,1.4,0.98,32,71825.5,71825.5,69182.546875,83111.28125,87026.984375,96641.796875,HI,1394605,1523330,test_ood,87026.984375,15665.78125,102692.765625,True,True,15665.78125,53797.375,140824.359375,True
test_ood_test_ood_000765_19,test_ood_000765,209,middle,2,5,test_ood_000765_t2_c5,little,little_1,2,1.2,0.93,208,241860.92,241860.921875,250245.34375,272700.8125,279249.0,294046.0625,HI,1394605,1523330,test_ood,279249.0,15665.78125,294914.78125,True,True,15665.78125,53797.375,333046.375,True
test_ood_test_ood_000765_02,test_ood_000765,33,source_like,0,2,test_ood_000765_t0_c2,big,big_1,0,1.0,0.9,32,95005.08,95005.078125,89437.359375,104251.703125,108365.015625,118643.515625,HI,1394605,1523330,test_ood,108365.015625,15665.78125,124030.796875,True,True,15665.78125,53797.375,162162.390625,True
test_ood_test_ood_000765_01,test_ood_000765,33,source_like,0,1,test_ood_000765_t0_c1,little,little_1,3,1.5,1.0,32,91695.59,91695.59375,82218.359375,96611.59375,100580.25,110494.390625,HI,1394605,1523330,test_ood,100580.25,15665.78125,116246.03125,True,True,15665.78125,53797.375,154377.625,True
test_ood_test_ood_000765_07,test_ood_000765,410,sink_like,1,0,test_ood_000765_t1_c0,little,little_1,3,1.5,1.0,409,456189.03,456189.03125,408954.6875,443855.625,453757.3125,474776.28125,HI,1394605,1523330,test_ood,453757.3125,15665.78125,469423.09375,False,True,15665.78125,53797.375,507554.6875,True
test_ood_test_ood_000765_03,test_ood_000765,33,source_like,0,3,test_ood_000765_t0_c3,little,little_1,0,0.6,0.8,32,233386.95,233386.953125,209913.984375,231520.703125,238169.359375,253283.3125,HI,1394605,1523330,test_ood,238169.359375,15665.78125,253835.140625,True,True,15665.78125,53797.375,291966.734375,True
test_ood_test_ood_000765_08,test_ood_000765,410,sink_like,1,1,test_ood_000765_t1_c1,big,big_1,0,1.0,0.9,409,552379.8,552379.8125,519712.375,563657.25,576462.3125,601122.375,HI,1394605,1523330,test_ood,576462.3125,15665.78125,592128.09375,True,True,15665.78125,53797.375,630259.6875,True
test_ood_test_ood_000765_13,test_ood_000765,410,sink_like,1,6,test_ood_000765_t1_c6,little,little_1,2,1.2,0.93,409,602659.4,602659.375,582774.125,633228.6875,648347.625,676033.375,HI,1394605,1523330,test_ood,648347.625,15665.78125,664013.40625,True,True,15665.78125,53797.375,702145.0,True
test_ood_test_ood_000765_00,test_ood_000765,33,source_like,0,0,test_ood_000765_t0_c0,big,big_0,3,2.2,1.15,32,40479.945,40479.9453125,41414.453125,54011.90625,57745.65625,66483.046875,HI,1394605,1523330,test_ood,57745.65625,15665.78125,73411.4375,True,True,15665.78125,53797.375,111543.03125,True
test_ood_test_ood_000765_11,test_ood_000765,410,sink_like,1,4,test_ood_000765_t1_c4,little,little_1,1,0.9,0.86,409,681761.7,681761.6875,644455.8125,699110.4375,715580.1875,744446.25,HI,1394605,1523330,test_ood,715580.1875,15665.78125,731245.96875,True,True,15665.78125,53797.375,769377.5625,True
test_ood_test_ood_000765_12,test_ood_000765,410,sink_like,1,5,test_ood_000765_t1_c5,big,big_0,2,1.8,1.06,409,290327.2,290327.1875,287490.4375,312498.1875,319697.46875,335823.46875,HI,1394605,1523330,test_ood,319697.46875,15665.78125,335363.25,True,True,15665.78125,53797.375,373494.84375,True
test_ood_test_ood_000765_14,test_ood_000765,209,middle,2,0,test_ood_000765_t2_c0,big,big_1,0,1.0,0.9,208,218871.02,218871.015625,228779.5,249956.75,256203.296875,270385.6875,HI,1394605,1523330,test_ood,256203.296875,15665.78125,271869.078125,True,True,15665.78125,53797.375,310000.671875,True
test_ood_test_ood_000765_15,test_ood_000765,209,middle,2,1,test_ood_000765_t2_c1,little,little_1,0,0.6,0.8,208,479578.0,479578.0,506161.8125,546191.25,557538.5,579594.9375,HI,1394605,1523330,test_ood,557538.5,15665.78125,573204.28125,True,True,15665.78125,53797.375,611335.875,True
test_ood_test_ood_000765_16,test_ood_000765,209,middle,2,2,test_ood_000765_t2_c2,big,big_0,1,1.4,0.98,208,188298.28,188298.28125,191466.34375,210441.09375,216084.5,229076.40625,HI,1394605,1523330,test_ood,216084.5,15665.78125,231750.28125,True,True,15665.78125,53797.375,269881.875,True
test_ood_test_ood_000765_17,test_ood_000765,209,middle,2,3,test_ood_000765_t2_c3,little,little_1,1,0.9,0.86,208,261720.47,261720.46875,285994.21875,310824.125,317938.46875,333936.9375,HI,1394605,1523330,test_ood,317938.46875,15665.78125,333604.25,True,True,15665.78125,53797.375,371735.84375,True
test_ood_test_ood_000765_18,test_ood_000765,209,middle,2,4,test_ood_000765_t2_c4,big,big_0,2,1.8,1.06,208,158730.6,158730.59375,166891.84375,184496.53125,189667.25,201798.28125,HI,1394605,1523330,test_ood,189667.25,15665.78125,205333.03125,True,True,15665.78125,53797.375,243464.625,True
test_ood_test_ood_000765_20,test_ood_000765,209,middle,2,6,test_ood_000765_t2_c6,big,big_0,3,2.2,1.15,208,105476.3,105476.296875,110508.53125,125448.21875,129564.84375,139880.484375,HI,1394605,1523330,test_ood,129564.84375,15665.78125,145230.625,True,True,15665.78125,53797.375,183362.21875,True
test_ood_test_ood_000765_09,test_ood_000765,410,sink_like,1,2,test_ood_000765_t1_c2,little,little_0,0,0.6,0.8,409,1085994.8,1085994.75,1010245.75,1108971.375,1133356.875,1200885.25,HI,1394605,1523330,test_ood,1133356.875,15665.78125,1149022.65625,True,True,15665.78125,53797.375,1187154.25,True
test_ood_test_ood_000765_10,test_ood_000765,410,sink_like,1,3,test_ood_000765_t1_c3,big,big_0,1,1.4,0.98,409,362359.47,362359.46875,336553.0,365232.5,373347.90625,391310.625,HI,1394605,1523330,test_ood,373347.90625,15665.78125,389013.6875,True,True,15665.78125,53797.375,427145.28125,True
test_ood_test_ood_000765_21,test_ood_000765,353,high_degree,3,0,test_ood_000765_t3_c0,little,little_1,0,0.6,0.8,352,780873.56,780873.5625,766812.6875,830725.8125,849979.5625,883070.75,HI,1394605,1523330,test_ood,849979.5625,15665.78125,865645.34375,True,True,15665.78125,53797.375,903776.9375,True
test_ood_test_ood_000765_22,test_ood_000765,353,high_degree,3,1,test_ood_000765_t3_c1,big,big_0,1,1.4,0.98,352,276229.75,276229.75,262796.0,286137.03125,292928.40625,308221.96875,HI,1394605,1523330,test_ood,292928.40625,15665.78125,308594.1875,True,True,15665.78125,53797.375,346725.78125,True
test_ood_test_ood_000765_32,test_ood_000765,175,communication_heavy,4,4,test_ood_000765_t4_c4,big,big_0,3,2.2,1.15,174,391624.53,391624.53125,357229.625,387689.9375,396301.90625,415190.375,HI,1394605,1523330,test_ood,396301.90625,15665.78125,411967.6875,True,True,15665.78125,53797.375,450099.28125,True
test_ood_test_ood_000765_29,test_ood_000765,175,communication_heavy,4,1,test_ood_000765_t4_c1,little,little_1,1,0.9,0.86,174,874461.56,874461.5625,813523.5,888825.9375,910712.375,952272.25,HI,1394605,1523330,test_ood,910712.375,15665.78125,926378.15625,True,True,15665.78125,53797.375,964509.75,True
test_ood_test_ood_000765_28,test_ood_000765,175,communication_heavy,4,0,test_ood_000765_t4_c0,big,big_0,1,1.4,0.98,174,579797.25,579797.25,540541.5,587012.25,600744.25,626710.125,HI,1394605,1523330,test_ood,600744.25,15665.78125,616410.03125,True,True,15665.78125,53797.375,654541.625,True
test_ood_test_ood_000765_27,test_ood_000765,353,high_degree,3,6,test_ood_000765_t3_c6,little,little_1,3,1.5,1.0,352,417080.28,417080.28125,397907.25,431949.4375,441611.25,462260.0,HI,1394605,1523330,test_ood,441611.25,15665.78125,457277.03125,True,True,15665.78125,53797.375,495408.625,True
test_ood_test_ood_000765_23,test_ood_000765,353,high_degree,3,2,test_ood_000765_t3_c2,little,little_1,1,0.9,0.86,352,524391.1,524391.125,535430.375,580349.625,593418.25,618312.125,HI,1394605,1523330,test_ood,593418.25,15665.78125,609084.03125,True,True,15665.78125,53797.375,647215.625,True
test_ood_test_ood_000765_24,test_ood_000765,353,high_degree,3,3,test_ood_000765_t3_c3,big,big_0,2,1.8,1.06,352,298511.06,298511.0625,277386.28125,301750.21875,308807.71875,324642.125,HI,1394605,1523330,test_ood,308807.71875,15665.78125,324473.5,True,True,15665.78125,53797.375,362605.09375,True
test_ood_test_ood_000765_30,test_ood_000765,175,communication_heavy,4,2,test_ood_000765_t4_c2,big,big_1,2,1.8,1.06,174,322015.28,322015.28125,315237.96875,342263.4375,349960.09375,367099.53125,HI,1394605,1523330,test_ood,349960.09375,15665.78125,365625.875,True,True,15665.78125,53797.375,403757.46875,True
test_ood_test_ood_000765_26,test_ood_000765,353,high_degree,3,5,test_ood_000765_t3_c5,big,big_1,3,2.2,1.15,352,215844.83,215844.828125,200743.734375,220342.34375,226193.03125,239585.953125,HI,1394605,1523330,test_ood,226193.03125,15665.78125,241858.8125,True,True,15665.78125,53797.375,279990.40625,True
test_ood_test_ood_000765_31,test_ood_000765,175,communication_heavy,4,3,test_ood_000765_t4_c3,little,little_0,2,1.2,0.93,174,601494.0,601494.0,562513.0,610941.5,625343.75,652115.375,HI,1394605,1523330,test_ood,625343.75,15665.78125,641009.53125,True,True,15665.78125,53797.375,679141.125,True
test_ood_test_ood_000765_25,test_ood_000765,353,high_degree,3,4,test_ood_000765_t3_c4,little,little_1,2,1.2,0.93,352,433785.03,433785.03125,420988.625,456848.84375,467042.75,488487.75,HI,1394605,1523330,test_ood,467042.75,15665.78125,482708.53125,True,True,15665.78125,53797.375,520840.125,True
test_ood_test_ood_000765_33,test_ood_000765,175,communication_heavy,4,5,test_ood_000765_t4_c5,little,little_1,3,1.5,1.0,174,482226.4,482226.40625,453951.125,492863.375,504025.625,526888.625,HI,1394605,1523330,test_ood,504025.625,15665.78125,519691.40625,True,True,15665.78125,53797.375,557823.0,True
test_ood_test_ood_000765_41,test_ood_000765,446,random,5,6,test_ood_000765_t5_c6,little,little_1,0,0.6,0.8,445,698230.3,698230.3125,717142.5,776326.75,794345.8125,824731.875,HI,1394605,1523330,test_ood,794345.8125,15665.78125,810011.59375,True,True,15665.78125,53797.375,848143.1875,True
test_ood_test_ood_000765_39,test_ood_000765,446,random,5,4,test_ood_000765_t5_c4,little,little_0,3,1.5,1.0,445,311111.5,311111.5,362048.4375,392938.375,401678.3125,420768.65625,HI,1394605,1523330,test_ood,401678.3125,15665.78125,417344.09375,True,True,15665.78125,53797.375,455475.6875,True
test_ood_test_ood_000765_38,test_ood_000765,446,random,5,3,test_ood_000765_t5_c3,big,big_1,3,2.2,1.15,445,184828.3,184828.296875,200881.625,220511.1875,226375.65625,239795.515625,HI,1394605,1523330,test_ood,226375.65625,15665.78125,242041.4375,True,True,15665.78125,53797.375,280173.03125,True
test_ood_test_ood_000765_37,test_ood_000765,446,random,5,2,test_ood_000765_t5_c2,little,little_1,2,1.2,0.93,445,314604.7,314604.6875,347064.3125,376623.09375,384985.03125,403397.40625,HI,1394605,1523330,test_ood,384985.03125,15665.78125,400650.8125,True,True,15665.78125,53797.375,438782.40625,True
test_ood_test_ood_000765_40,test_ood_000765,446,random,5,5,test_ood_000765_t5_c5,big,big_1,0,1.0,0.9,445,331550.25,331550.25,377695.625,409806.3125,418875.0625,438552.4375,HI,1394605,1523330,test_ood,418875.0625,15665.78125,434540.84375,True,True,15665.78125,53797.375,472672.4375,True
test_ood_test_ood_000765_35,test_ood_000765,446,random,5,0,test_ood_000765_t5_c0,little,little_0,1,0.9,0.86,445,388609.78,388609.78125,431974.1875,468545.03125,478932.3125,500630.5625,HI,1394605,1523330,test_ood,478932.3125,15665.78125,494598.09375,True,True,15665.78125,53797.375,532729.6875,True
test_ood_test_ood_000765_34,test_ood_000765,175,communication_heavy,4,6,test_ood_000765_t4_c6,big,big_1,0,1.0,0.9,174,761795.75,761795.75,673699.6875,732033.375,749827.375,780705.875,HI,1394605,1523330,test_ood,749827.375,15665.78125,765493.15625,False,True,15665.78125,53797.375,803624.75,True
test_ood_test_ood_000765_36,test_ood_000765,446,random,5,1,test_ood_000765_t5_c1,big,big_0,2,1.8,1.06,445,174754.16,174754.15625,199521.453125,218946.5625,224708.203125,237938.6875,HI,1394605,1523330,test_ood,224708.203125,15665.78125,240373.984375,True,True,15665.78125,53797.375,278505.578125,True
test_ood_test_ood_000785_07,test_ood_000785,61,sink_like,1,0,test_ood_000785_t1_c0,little,little_0,1,0.9,0.86,60,499441.25,499441.25,528272.3125,572710.6875,585617.5625,610405.125,HI,8495400,11329599,test_ood,585617.5625,15665.78125,601283.34375,True,True,15665.78125,53797.375,639414.9375,True
test_ood_test_ood_000785_19,test_ood_000785,318,middle,2,5,test_ood_000785_t2_c5,little,little_0,0,0.6,0.8,317,557184.06,557184.0625,588168.875,634956.25,648654.1875,673215.75,HI,8495400,11329599,test_ood,648654.1875,15665.78125,664319.96875,True,True,15665.78125,53797.375,702451.5625,True
test_ood_test_ood_000785_00,test_ood_000785,5,source_like,0,0,test_ood_000785_t0_c0,big,big_0,1,1.4,0.98,4,103149.51,103149.5078125,99248.640625,114063.125,118141.421875,128390.265625,HI,8495400,11329599,test_ood,118141.421875,15665.78125,133807.203125,True,True,15665.78125,53797.375,171938.796875,True
test_ood_test_ood_000785_01,test_ood_000785,5,source_like,0,1,test_ood_000785_t0_c1,little,little_1,1,0.9,0.86,4,237674.06,237674.0625,225430.40625,246375.1875,252563.953125,266607.65625,HI,8495400,11329599,test_ood,252563.953125,15665.78125,268229.734375,True,True,15665.78125,53797.375,306361.328125,True
test_ood_test_ood_000785_02,test_ood_000785,5,source_like,0,2,test_ood_000785_t0_c2,big,big_1,2,1.8,1.06,4,76908.9,76908.8984375,79292.0625,93476.828125,97398.578125,107193.546875,HI,8495400,11329599,test_ood,97398.578125,15665.78125,113064.359375,True,True,15665.78125,53797.375,151195.953125,True
test_ood_test_ood_000785_03,test_ood_000785,5,source_like,0,3,test_ood_000785_t0_c3,little,little_0,2,1.2,0.93,4,165044.92,165044.921875,166626.15625,184289.234375,189553.890625,201826.34375,HI,8495400,11329599,test_ood,189553.890625,15665.78125,205219.671875,True,True,15665.78125,53797.375,243351.265625,True
test_ood_test_ood_000785_05,test_ood_000785,5,source_like,0,5,test_ood_000785_t0_c5,little,little_0,3,1.5,1.0,4,137132.52,137132.515625,138427.265625,154599.125,159220.375,170392.5625,HI,8495400,11329599,test_ood,159220.375,15665.78125,174886.15625,True,True,15665.78125,53797.375,213017.75,True
test_ood_test_ood_000785_06,test_ood_000785,5,source_like,0,6,test_ood_000785_t0_c6,big,big_0,0,1.0,0.9,4,140688.19,140688.1875,138644.15625,154918.5625,159624.59375,170952.921875,HI,8495400,11329599,test_ood,159624.59375,15665.78125,175290.375,True,True,15665.78125,53797.375,213421.96875,True
test_ood_test_ood_000785_13,test_ood_000785,61,sink_like,1,6,test_ood_000785_t1_c6,little,little_1,0,0.6,0.8,60,652384.44,652384.4375,604306.625,651857.125,665826.5,690459.5,HI,8495400,11329599,test_ood,665826.5,15665.78125,681492.28125,True,True,15665.78125,53797.375,719623.875,True
test_ood_test_ood_000785_18,test_ood_000785,318,middle,2,4,test_ood_000785_t2_c4,big,big_1,0,1.0,0.9,317,283435.06,283435.0625,312494.5,339314.375,346945.25,363979.6875,HI,8495400,11329599,test_ood,346945.25,15665.78125,362611.03125,True,True,15665.78125,53797.375,400742.625,True
test_ood_test_ood_000785_10,test_ood_000785,61,sink_like,1,3,test_ood_000785_t1_c3,big,big_1,3,2.2,1.15,60,174399.78,174399.78125,174515.0,192701.140625,198100.765625,210665.03125,HI,8495400,11329599,test_ood,198100.765625,15665.78125,213766.546875,True,True,15665.78125,53797.375,251898.140625,True
test_ood_test_ood_000785_09,test_ood_000785,61,sink_like,1,2,test_ood_000785_t1_c2,little,little_0,2,1.2,0.93,60,320507.34,320507.34375,314300.8125,341243.625,348917.71875,366017.625,HI,8495400,11329599,test_ood,348917.71875,15665.78125,364583.5,True,True,15665.78125,53797.375,402715.09375,True
test_ood_test_ood_000785_16,test_ood_000785,318,middle,2,2,test_ood_000785_t2_c2,big,big_1,3,2.2,1.15,317,157404.81,157404.8125,180017.328125,198492.046875,203993.359375,216735.6875,HI,8495400,11329599,test_ood,203993.359375,15665.78125,219659.140625,True,True,15665.78125,53797.375,257790.734375,True
test_ood_test_ood_000785_15,test_ood_000785,318,middle,2,1,test_ood_000785_t2_c1,little,little_0,2,1.2,0.93,317,297349.38,297349.375,299742.1875,325611.96875,333017.21875,349573.0,HI,8495400,11329599,test_ood,333017.21875,15665.78125,348683.0,True,True,15665.78125,53797.375,386814.59375,True
test_ood_test_ood_000785_14,test_ood_000785,318,middle,2,0,test_ood_000785_t2_c0,big,big_1,2,1.8,1.06,317,174066.64,174066.640625,187150.0,205965.25,211571.65625,224500.75,HI,8495400,11329599,test_ood,211571.65625,15665.78125,227237.4375,True,True,15665.78125,53797.375,265369.03125,True
test_ood_test_ood_000785_17,test_ood_000785,318,middle,2,3,test_ood_000785_t2_c3,little,little_1,3,1.5,1.0,317,228166.56,228166.5625,243267.28125,265381.71875,271889.1875,286583.75,HI,8495400,11329599,test_ood,271889.1875,15665.78125,287554.96875,True,True,15665.78125,53797.375,325686.5625,True
test_ood_test_ood_000785_12,test_ood_000785,61,sink_like,1,5,test_ood_000785_t1_c5,big,big_1,0,1.0,0.9,60,298342.84,298342.84375,290014.84375,315231.875,322478.1875,338734.6875,HI,8495400,11329599,test_ood,322478.1875,15665.78125,338143.96875,True,True,15665.78125,53797.375,376275.5625,True
test_ood_test_ood_000785_11,test_ood_000785,61,sink_like,1,4,test_ood_000785_t1_c4,little,little_1,3,1.5,1.0,60,266199.12,266199.125,256820.46875,279828.0,286567.09375,301734.78125,HI,8495400,11329599,test_ood,286567.09375,15665.78125,302232.875,True,True,15665.78125,53797.375,340364.46875,True
test_ood_test_ood_000785_04,test_ood_000785,5,source_like,0,4,test_ood_000785_t0_c4,big,big_1,3,2.2,1.15,4,60768.082,60768.08203125,59011.390625,72344.703125,76143.0625,85362.5,HI,8495400,11329599,test_ood,76143.0625,15665.78125,91808.84375,True,True,15665.78125,53797.375,129940.4375,True
test_ood_test_ood_000785_20,test_ood_000785,318,middle,2,6,test_ood_000785_t2_c6,big,big_0,1,1.4,0.98,317,202147.19,202147.1875,225046.828125,246065.453125,252300.953125,266443.9375,HI,8495400,11329599,test_ood,252300.953125,15665.78125,267966.734375,True,True,15665.78125,53797.375,306098.328125,True
test_ood_test_ood_000785_08,test_ood_000785,61,sink_like,1,1,test_ood_000785_t1_c1,big,big_0,2,1.8,1.06,60,221246.2,221246.203125,230702.5625,252128.984375,258498.21875,272902.4375,HI,8495400,11329599,test_ood,258498.21875,15665.78125,274164.0,True,True,15665.78125,53797.375,312295.59375,True
test_ood_test_ood_000785_31,test_ood_000785,578,communication_heavy,4,3,test_ood_000785_t4_c3,little,little_1,0,0.6,0.8,577,553361.9,553361.875,537566.5,581053.5,593612.625,617337.25,HI,8495400,11329599,test_ood,593612.625,15665.78125,609278.40625,True,True,15665.78125,53797.375,647410.0,True
test_ood_test_ood_000785_28,test_ood_000785,578,communication_heavy,4,0,test_ood_000785_t4_c0,big,big_1,3,2.2,1.15,577,184937.2,184937.203125,177917.5625,196161.65625,201566.65625,214124.046875,HI,8495400,11329599,test_ood,201566.65625,15665.78125,217232.4375,True,True,15665.78125,53797.375,255364.03125,True
test_ood_test_ood_000785_27,test_ood_000785,141,high_degree,3,6,test_ood_000785_t3_c6,little,little_0,1,0.9,0.86,140,388779.72,388779.71875,374057.75,405802.25,414767.9375,434240.5625,HI,8495400,11329599,test_ood,414767.9375,15665.78125,430433.71875,True,True,15665.78125,53797.375,468565.3125,True
test_ood_test_ood_000785_26,test_ood_000785,141,high_degree,3,5,test_ood_000785_t3_c5,big,big_0,1,1.4,0.98,140,185256.52,185256.515625,186371.84375,205021.671875,210550.890625,223333.359375,HI,8495400,11329599,test_ood,210550.890625,15665.78125,226216.671875,True,True,15665.78125,53797.375,264348.265625,True
test_ood_test_ood_000785_22,test_ood_000785,141,high_degree,3,1,test_ood_000785_t3_c1,big,big_0,3,2.2,1.15,140,164617.94,164617.9375,164848.8125,182387.703125,187529.59375,199617.28125,HI,8495400,11329599,test_ood,187529.59375,15665.78125,203195.375,True,True,15665.78125,53797.375,241326.96875,True
test_ood_test_ood_000785_24,test_ood_000785,141,high_degree,3,3,test_ood_000785_t3_c3,big,big_1,0,1.0,0.9,140,244352.44,244352.4375,242839.6875,264865.09375,271309.25,285906.40625,HI,8495400,11329599,test_ood,271309.25,15665.78125,286975.03125,True,True,15665.78125,53797.375,325106.625,True
test_ood_test_ood_000785_23,test_ood_000785,141,high_degree,3,2,test_ood_000785_t3_c2,little,little_0,3,1.5,1.0,140,243598.19,243598.1875,229147.65625,250291.921875,256522.53125,270659.25,HI,8495400,11329599,test_ood,256522.53125,15665.78125,272188.3125,True,True,15665.78125,53797.375,310319.90625,True
test_ood_test_ood_000785_29,test_ood_000785,578,communication_heavy,4,1,test_ood_000785_t4_c1,little,little_1,3,1.5,1.0,577,319793.66,319793.65625,316716.375,343919.78125,351670.875,368905.625,HI,8495400,11329599,test_ood,351670.875,15665.78125,367336.65625,True,True,15665.78125,53797.375,405468.25,True
test_ood_test_ood_000785_25,test_ood_000785,141,high_degree,3,4,test_ood_000785_t3_c4,little,little_1,0,0.6,0.8,140,402699.72,402699.71875,385767.46875,417456.0625,426254.1875,445431.6875,HI,8495400,11329599,test_ood,426254.1875,15665.78125,441919.96875,True,True,15665.78125,53797.375,480051.5625,True
test_ood_test_ood_000785_30,test_ood_000785,578,communication_heavy,4,2,test_ood_000785_t4_c2,big,big_1,0,1.0,0.9,577,377277.03,377277.03125,370134.4375,401637.09375,410537.75,429927.9375,HI,8495400,11329599,test_ood,410537.75,15665.78125,426203.53125,True,True,15665.78125,53797.375,464335.125,True
test_ood_test_ood_000785_41,test_ood_000785,441,random,5,6,test_ood_000785_t5_c6,little,little_1,2,1.2,0.93,440,112522.625,112522.625,102455.0625,117497.515625,121680.515625,132138.28125,HI,8495400,11329599,test_ood,121680.515625,15665.78125,137346.296875,True,True,15665.78125,53797.375,175477.890625,True
test_ood_test_ood_000785_32,test_ood_000785,578,communication_heavy,4,4,test_ood_000785_t4_c4,big,big_1,1,1.4,0.98,577,224873.2,224873.203125,215572.359375,235918.171875,241929.40625,255650.09375,HI,8495400,11329599,test_ood,241929.40625,15665.78125,257595.1875,True,True,15665.78125,53797.375,295726.78125,True
test_ood_test_ood_000785_33,test_ood_000785,578,communication_heavy,4,5,test_ood_000785_t4_c5,little,little_0,1,0.9,0.86,577,508919.12,508919.125,473493.4375,513662.28125,525201.625,548443.3125,HI,8495400,11329599,test_ood,525201.625,15665.78125,540867.40625,True,True,15665.78125,53797.375,578999.0,True
test_ood_test_ood_000785_34,test_ood_000785,578,communication_heavy,4,6,test_ood_000785_t4_c6,big,big_1,2,1.8,1.06,577,254559.48,254559.484375,252970.671875,275724.40625,282390.53125,297413.96875,HI,8495400,11329599,test_ood,282390.53125,15665.78125,298056.3125,True,True,15665.78125,53797.375,336187.90625,True
test_ood_test_ood_000785_36,test_ood_000785,441,random,5,1,test_ood_000785_t5_c1,big,big_1,0,1.0,0.9,440,83357.09,83357.09375,80135.0625,94590.34375,98657.84375,108741.875,HI,8495400,11329599,test_ood,98657.84375,15665.78125,114323.625,True,True,15665.78125,53797.375,152455.21875,True
test_ood_test_ood_000785_37,test_ood_000785,441,random,5,2,test_ood_000785_t5_c2,little,little_0,0,0.6,0.8,440,213809.1,213809.09375,194493.40625,215176.890625,221593.234375,236227.015625,HI,8495400,11329599,test_ood,221593.234375,15665.78125,237259.015625,True,True,15665.78125,53797.375,275390.609375,True
test_ood_test_ood_000785_38,test_ood_000785,441,random,5,3,test_ood_000785_t5_c3,big,big_1,1,1.4,0.98,440,61073.137,61073.13671875,56563.34375,69860.46875,73689.78125,82916.796875,HI,8495400,11329599,test_ood,73689.78125,15665.78125,89355.5625,True,True,15665.78125,53797.375,127487.15625,True
test_ood_test_ood_000785_39,test_ood_000785,441,random,5,4,test_ood_000785_t5_c4,little,little_1,1,0.9,0.86,440,148245.78,148245.78125,134654.640625,151054.03125,155845.25,167378.359375,HI,8495400,11329599,test_ood,155845.25,15665.78125,171511.03125,True,True,15665.78125,53797.375,209642.625,True
test_ood_test_ood_000785_40,test_ood_000785,441,random,5,5,test_ood_000785_t5_c5,big,big_1,2,1.8,1.06,440,60285.24,60285.23828125,53704.8125,66867.640625,70701.5625,79887.171875,HI,8495400,11329599,test_ood,70701.5625,15665.78125,86367.34375,True,True,15665.78125,53797.375,124498.9375,True
test_ood_test_ood_000785_21,test_ood_000785,141,high_degree,3,0,test_ood_000785_t3_c0,little,little_1,2,1.2,0.93,140,238999.19,238999.1875,240635.125,262503.125,268910.875,283424.0625,HI,8495400,11329599,test_ood,268910.875,15665.78125,284576.65625,True,True,15665.78125,53797.375,322708.25,True
test_ood_test_ood_000785_35,test_ood_000785,441,random,5,0,test_ood_000785_t5_c0,little,little_0,3,1.5,1.0,440,93543.305,93543.3046875,82719.5625,97104.125,101093.015625,111053.8125,HI,8495400,11329599,test_ood,101093.015625,15665.78125,116758.796875,True,True,15665.78125,53797.375,154890.390625,True
test_ood_test_ood_000824_07,test_ood_000824,502,sink_like,1,0,test_ood_000824_t1_c0,big,big_1,1,1.4,0.98,501,244138.88,244138.875,242783.609375,264837.25,271312.40625,285943.75,HI,865258,999940,test_ood,271312.40625,15665.78125,286978.1875,True,True,15665.78125,53797.375,325109.78125,True
test_ood_test_ood_000824_06,test_ood_000824,2,source_like,0,6,test_ood_000824_t0_c6,little,little_1,3,1.5,1.0,1,46834.734,46834.734375,40047.140625,52704.0625,56509.765625,65363.125,HI,865258,999940,test_ood,56509.765625,15665.78125,72175.546875,True,True,15665.78125,53797.375,110307.140625,True
test_ood_test_ood_000824_05,test_ood_000824,2,source_like,0,5,test_ood_000824_t0_c5,big,big_0,3,2.2,1.15,1,25637.984,25637.984375,24753.25,37357.859375,41410.390625,50455.515625,HI,865258,999940,test_ood,41410.390625,15665.78125,57076.171875,True,True,15665.78125,53797.375,95207.765625,True
test_ood_test_ood_000824_01,test_ood_000824,2,source_like,0,1,test_ood_000824_t0_c1,big,big_1,1,1.4,0.98,1,36197.83,36197.828125,31550.171875,44087.3125,47996.890625,56891.515625,HI,865258,999940,test_ood,47996.890625,15665.78125,63662.671875,True,True,15665.78125,53797.375,101794.265625,True
test_ood_test_ood_000824_03,test_ood_000824,2,source_like,0,3,test_ood_000824_t0_c3,big,big_0,2,1.8,1.06,1,25992.371,25992.37109375,26104.765625,38484.78125,42362.09375,51075.65625,HI,865258,999940,test_ood,42362.09375,15665.78125,58027.875,True,True,15665.78125,53797.375,96159.46875,True
test_ood_test_ood_000824_02,test_ood_000824,2,source_like,0,2,test_ood_000824_t0_c2,little,little_1,1,0.9,0.86,1,81231.24,81231.2421875,75147.078125,89529.96875,93595.453125,103607.65625,HI,865258,999940,test_ood,93595.453125,15665.78125,109261.234375,True,True,15665.78125,53797.375,147392.828125,True
test_ood_test_ood_000824_08,test_ood_000824,502,sink_like,1,1,test_ood_000824_t1_c1,little,little_0,1,0.9,0.86,501,367274.38,367274.375,378052.15625,410126.78125,419185.5,438817.375,HI,865258,999940,test_ood,419185.5,15665.78125,434851.28125,True,True,15665.78125,53797.375,472982.875,True
test_ood_test_ood_000824_04,test_ood_000824,2,source_like,0,4,test_ood_000824_t0_c4,little,little_1,2,1.2,0.93,1,65087.24,65087.23828125,59646.203125,73426.421875,77434.96875,87043.046875,HI,865258,999940,test_ood,77434.96875,15665.78125,93100.75,True,True,15665.78125,53797.375,131232.34375,True
test_ood_test_ood_000824_20,test_ood_000824,420,middle,2,6,test_ood_000824_t2_c6,little,little_1,0,0.6,0.8,419,441065.72,441065.71875,450570.8125,487353.5,497720.6875,519119.1875,HI,865258,999940,test_ood,497720.6875,15665.78125,513386.46875,True,True,15665.78125,53797.375,551518.0625,True
test_ood_test_ood_000824_14,test_ood_000824,420,middle,2,0,test_ood_000824_t2_c0,little,little_1,1,0.9,0.86,419,356659.2,356659.1875,366693.5625,397794.28125,406572.5625,425732.21875,HI,865258,999940,test_ood,406572.5625,15665.78125,422238.34375,True,True,15665.78125,53797.375,460369.9375,True
test_ood_test_ood_000824_11,test_ood_000824,502,sink_like,1,4,test_ood_000824_t1_c4,big,big_0,3,2.2,1.15,501,139273.72,139273.71875,137995.890625,154020.21875,158567.1875,169603.875,HI,865258,999940,test_ood,158567.1875,15665.78125,174232.96875,True,True,15665.78125,53797.375,212364.5625,True
test_ood_test_ood_000824_12,test_ood_000824,502,sink_like,1,5,test_ood_000824_t1_c5,little,little_1,3,1.5,1.0,501,246986.7,246986.703125,255685.75,278499.4375,285143.84375,300125.6875,HI,865258,999940,test_ood,285143.84375,15665.78125,300809.625,True,True,15665.78125,53797.375,338941.21875,True
test_ood_test_ood_000824_13,test_ood_000824,502,sink_like,1,6,test_ood_000824_t1_c6,big,big_1,0,1.0,0.9,501,221776.0,221776.0,227270.828125,248319.453125,254518.59375,268613.71875,HI,865258,999940,test_ood,254518.59375,15665.78125,270184.375,True,True,15665.78125,53797.375,308315.96875,True
test_ood_test_ood_000824_15,test_ood_000824,420,middle,2,1,test_ood_000824_t2_c1,big,big_0,2,1.8,1.06,419,168160.28,168160.28125,177143.96875,195299.296875,200665.90625,213150.515625,HI,865258,999940,test_ood,200665.90625,15665.78125,216331.6875,True,True,15665.78125,53797.375,254463.28125,True
test_ood_test_ood_000824_16,test_ood_000824,420,middle,2,2,test_ood_000824_t2_c2,little,little_1,2,1.2,0.93,419,339022.56,339022.5625,352408.78125,382470.65625,390976.875,409647.4375,HI,865258,999940,test_ood,390976.875,15665.78125,406642.65625,True,True,15665.78125,53797.375,444774.25,True
test_ood_test_ood_000824_17,test_ood_000824,420,middle,2,3,test_ood_000824_t2_c3,big,big_0,3,2.2,1.15,419,151330.45,151330.453125,162585.75,179958.125,185041.09375,197017.0,HI,865258,999940,test_ood,185041.09375,15665.78125,200706.875,True,True,15665.78125,53797.375,238838.46875,True
test_ood_test_ood_000824_18,test_ood_000824,420,middle,2,4,test_ood_000824_t2_c4,little,little_0,3,1.5,1.0,419,236528.72,236528.71875,250465.84375,272937.71875,279496.15625,294305.59375,HI,865258,999940,test_ood,279496.15625,15665.78125,295161.9375,True,True,15665.78125,53797.375,333293.53125,True
test_ood_test_ood_000824_09,test_ood_000824,502,sink_like,1,2,test_ood_000824_t1_c2,big,big_1,2,1.8,1.06,501,171535.38,171535.375,175964.703125,194066.484375,199417.3125,211872.0625,HI,865258,999940,test_ood,199417.3125,15665.78125,215083.09375,True,True,15665.78125,53797.375,253214.6875,True
test_ood_test_ood_000824_00,test_ood_000824,2,source_like,0,0,test_ood_000824_t0_c0,little,little_1,0,0.6,0.8,1,115624.84,115624.84375,103383.46875,118683.015625,123071.765625,133914.046875,HI,865258,999940,test_ood,123071.765625,15665.78125,138737.546875,True,True,15665.78125,53797.375,176869.140625,True
test_ood_test_ood_000824_10,test_ood_000824,502,sink_like,1,3,test_ood_000824_t1_c3,little,little_1,2,1.2,0.93,501,243228.61,243228.609375,251042.203125,273531.59375,280079.5,294886.28125,HI,865258,999940,test_ood,280079.5,15665.78125,295745.28125,True,True,15665.78125,53797.375,333876.875,True
test_ood_test_ood_000824_19,test_ood_000824,420,middle,2,5,test_ood_000824_t2_c5,big,big_0,0,1.0,0.9,419,309681.78,309681.78125,344429.59375,373810.59375,382122.125,400458.375,HI,865258,999940,test_ood,382122.125,15665.78125,397787.90625,True,True,15665.78125,53797.375,435919.5,True
test_ood_test_ood_000824_41,test_ood_000824,226,diverse_fill_1,5,6,test_ood_000824_t5_c6,big,big_0,2,1.8,1.06,225,124536.945,124536.9453125,127683.421875,143239.703125,147612.1875,158353.46875,HI,865258,999940,test_ood,147612.1875,15665.78125,163277.96875,True,True,15665.78125,53797.375,201409.5625,True
test_ood_test_ood_000824_21,test_ood_000824,457,communication_heavy,3,0,test_ood_000824_t3_c0,big,big_1,2,1.8,1.06,456,183947.7,183947.703125,189843.15625,208781.65625,214421.796875,227411.0625,HI,865258,999940,test_ood,214421.796875,15665.78125,230087.578125,True,True,15665.78125,53797.375,268219.171875,True
test_ood_test_ood_000824_29,test_ood_000824,477,random,4,1,test_ood_000824_t4_c1,big,big_0,3,2.2,1.15,476,99063.95,99063.953125,101735.515625,116500.984375,120539.296875,130717.765625,HI,865258,999940,test_ood,120539.296875,15665.78125,136205.078125,True,True,15665.78125,53797.375,174336.671875,True
test_ood_test_ood_000824_28,test_ood_000824,477,random,4,0,test_ood_000824_t4_c0,little,little_1,2,1.2,0.93,476,227713.12,227713.125,232171.546875,253511.5,259785.859375,274022.46875,HI,865258,999940,test_ood,259785.859375,15665.78125,275451.640625,True,True,15665.78125,53797.375,313583.234375,True
test_ood_test_ood_000824_27,test_ood_000824,457,communication_heavy,3,6,test_ood_000824_t3_c6,big,big_1,1,1.4,0.98,456,219334.4,219334.40625,217934.09375,238483.59375,244573.765625,258439.328125,HI,865258,999940,test_ood,244573.765625,15665.78125,260239.546875,True,True,15665.78125,53797.375,298371.140625,True
test_ood_test_ood_000824_23,test_ood_000824,457,communication_heavy,3,2,test_ood_000824_t3_c2,big,big_0,3,2.2,1.15,456,159007.05,159007.046875,160175.9375,177387.859375,182412.03125,194279.890625,HI,865258,999940,test_ood,182412.03125,15665.78125,198077.8125,True,True,15665.78125,53797.375,236209.40625,True
test_ood_test_ood_000824_25,test_ood_000824,457,communication_heavy,3,4,test_ood_000824_t3_c4,big,big_1,0,1.0,0.9,456,332332.06,332332.0625,332667.1875,361051.5625,369089.625,386915.125,HI,865258,999940,test_ood,369089.625,15665.78125,384755.40625,True,True,15665.78125,53797.375,422887.0,True
test_ood_test_ood_000824_30,test_ood_000824,477,random,4,2,test_ood_000824_t4_c2,little,little_0,3,1.5,1.0,476,167970.22,167970.21875,164393.125,181798.0,186894.9375,198890.6875,HI,865258,999940,test_ood,186894.9375,15665.78125,202560.71875,True,True,15665.78125,53797.375,240692.3125,True
test_ood_test_ood_000824_26,test_ood_000824,457,communication_heavy,3,5,test_ood_000824_t3_c5,little,little_1,0,0.6,0.8,456,623358.0,623358.0,654846.75,707494.0625,723344.4375,750203.5,HI,865258,999940,test_ood,723344.4375,15665.78125,739010.21875,True,True,15665.78125,53797.375,777141.8125,True
test_ood_test_ood_000824_31,test_ood_000824,477,random,4,3,test_ood_000824_t4_c3,big,big_0,0,1.0,0.9,476,214402.48,214402.484375,211945.28125,232115.515625,238105.6875,251774.65625,HI,865258,999940,test_ood,238105.6875,15665.78125,253771.46875,True,True,15665.78125,53797.375,291903.0625,True
test_ood_test_ood_000824_36,test_ood_000824,226,diverse_fill_1,5,1,test_ood_000824_t5_c1,little,little_1,3,1.5,1.0,225,208332.97,208332.96875,209204.65625,229215.078125,235161.1875,248734.828125,HI,865258,999940,test_ood,235161.1875,15665.78125,250826.96875,True,True,15665.78125,53797.375,288958.5625,True
test_ood_test_ood_000824_24,test_ood_000824,457,communication_heavy,3,3,test_ood_000824_t3_c3,little,little_1,3,1.5,1.0,456,311757.75,311757.75,313310.8125,340267.4375,347962.6875,365078.09375,HI,865258,999940,test_ood,347962.6875,15665.78125,363628.46875,True,True,15665.78125,53797.375,401760.0625,True
test_ood_test_ood_000824_34,test_ood_000824,477,random,4,6,test_ood_000824_t4_c6,little,little_0,1,0.9,0.86,476,232794.78,232794.78125,244081.609375,266296.40625,272804.25,287554.46875,HI,865258,999940,test_ood,272804.25,15665.78125,288470.03125,True,True,15665.78125,53797.375,326601.625,True
test_ood_test_ood_000824_33,test_ood_000824,477,random,4,5,test_ood_000824_t4_c5,big,big_0,1,1.4,0.98,476,128026.59,128026.59375,131506.96875,147282.0,151740.21875,162636.921875,HI,865258,999940,test_ood,151740.21875,15665.78125,167406.0,True,True,15665.78125,53797.375,205537.59375,True
test_ood_test_ood_000824_22,test_ood_000824,457,communication_heavy,3,1,test_ood_000824_t3_c1,little,little_1,2,1.2,0.93,456,338168.1,338168.09375,357833.875,388281.96875,396888.90625,415739.3125,HI,865258,999940,test_ood,396888.90625,15665.78125,412554.6875,True,True,15665.78125,53797.375,450686.28125,True
test_ood_test_ood_000824_40,test_ood_000824,226,diverse_fill_1,5,5,test_ood_000824_t5_c5,little,little_0,1,0.9,0.86,225,342390.62,342390.625,351039.1875,380773.0625,389163.125,407618.21875,HI,865258,999940,test_ood,389163.125,15665.78125,404828.90625,True,True,15665.78125,53797.375,442960.5,True
test_ood_test_ood_000824_39,test_ood_000824,226,diverse_fill_1,5,4,test_ood_000824_t5_c4,big,big_1,1,1.4,0.98,225,191085.27,191085.265625,209999.0,230036.03125,235986.140625,249563.59375,HI,865258,999940,test_ood,235986.140625,15665.78125,251651.921875,True,True,15665.78125,53797.375,289783.515625,True
test_ood_test_ood_000824_32,test_ood_000824,477,random,4,4,test_ood_000824_t4_c4,little,little_0,0,0.6,0.8,476,385849.1,385849.09375,399603.875,431563.0,440287.90625,459192.0,HI,865258,999940,test_ood,440287.90625,15665.78125,455953.6875,True,True,15665.78125,53797.375,494085.28125,True
test_ood_test_ood_000824_37,test_ood_000824,226,diverse_fill_1,5,2,test_ood_000824_t5_c2,big,big_0,0,1.0,0.9,225,257049.06,257049.0625,271948.09375,295859.75,302761.84375,318307.40625,HI,865258,999940,test_ood,302761.84375,15665.78125,318427.625,True,True,15665.78125,53797.375,356559.21875,True
test_ood_test_ood_000824_35,test_ood_000824,226,diverse_fill_1,5,0,test_ood_000824_t5_c0,big,big_0,3,2.2,1.15,225,116391.85,116391.8515625,122154.453125,137545.140625,141830.25,152436.609375,HI,865258,999940,test_ood,141830.25,15665.78125,157496.03125,True,True,15665.78125,53797.375,195627.625,True
test_ood_test_ood_000824_38,test_ood_000824,226,diverse_fill_1,5,3,test_ood_000824_t5_c3,little,little_0,0,0.6,0.8,225,542026.7,542026.6875,489973.0,528656.875,539538.375,561126.125,HI,865258,999940,test_ood,539538.375,15665.78125,555204.15625,False,True,15665.78125,53797.375,593335.75,True
test_ood_test_ood_000880_08,test_ood_000880,564,sink_like,1,1,test_ood_000880_t1_c1,big,big_0,1,1.4,0.98,563,258011.98,258011.984375,265700.0,289247.28125,296089.59375,311487.03125,HI,1017993,1114802,test_ood,296089.59375,15665.78125,311755.375,True,True,15665.78125,53797.375,349886.96875,True
test_ood_test_ood_000880_01,test_ood_000880,95,source_like,0,1,test_ood_000880_t0_c1,little,little_1,0,0.6,0.8,94,195347.66,195347.65625,170369.15625,189467.34375,195335.09375,208907.5,HI,1017993,1114802,test_ood,195335.09375,15665.78125,211000.875,False,True,15665.78125,53797.375,249132.46875,True
test_ood_test_ood_000880_02,test_ood_000880,95,source_like,0,2,test_ood_000880_t0_c2,big,big_0,1,1.4,0.98,94,56605.773,56605.7734375,52720.84375,65893.359375,69730.15625,78889.0625,HI,1017993,1114802,test_ood,69730.15625,15665.78125,85395.9375,True,True,15665.78125,53797.375,123527.53125,True
test_ood_test_ood_000880_03,test_ood_000880,95,source_like,0,3,test_ood_000880_t0_c3,little,little_1,1,0.9,0.86,94,130602.4,130602.3984375,119620.515625,135462.46875,140029.515625,151210.671875,HI,1017993,1114802,test_ood,140029.515625,15665.78125,155695.296875,True,True,15665.78125,53797.375,193826.890625,True
test_ood_test_ood_000880_04,test_ood_000880,95,source_like,0,4,test_ood_000880_t0_c4,big,big_1,2,1.8,1.06,94,39880.812,39880.8125,39443.984375,52057.359375,55834.828125,64611.859375,HI,1017993,1114802,test_ood,55834.828125,15665.78125,71500.609375,True,True,15665.78125,53797.375,109632.203125,True
test_ood_test_ood_000880_05,test_ood_000880,95,source_like,0,5,test_ood_000880_t0_c5,little,little_0,2,1.2,0.93,94,94470.75,94470.75,88559.5625,103323.546875,107414.265625,117640.125,HI,1017993,1114802,test_ood,107414.265625,15665.78125,123080.046875,True,True,15665.78125,53797.375,161211.640625,True
test_ood_test_ood_000880_06,test_ood_000880,95,source_like,0,6,test_ood_000880_t0_c6,big,big_1,3,2.2,1.15,94,33004.484,33004.484375,34988.78125,47452.21875,51226.953125,59911.265625,HI,1017993,1114802,test_ood,51226.953125,15665.78125,66892.734375,True,True,15665.78125,53797.375,105024.328125,True
test_ood_test_ood_000880_07,test_ood_000880,564,sink_like,1,0,test_ood_000880_t1_c0,little,little_0,0,0.6,0.8,563,639997.25,639997.25,613627.0625,662614.25,677148.375,702479.875,HI,1017993,1114802,test_ood,677148.375,15665.78125,692814.15625,True,True,15665.78125,53797.375,730945.75,True
test_ood_test_ood_000880_09,test_ood_000880,564,sink_like,1,2,test_ood_000880_t1_c2,little,little_1,1,0.9,0.86,563,357453.06,357453.0625,357379.90625,387657.59375,396202.09375,414953.1875,HI,1017993,1114802,test_ood,396202.09375,15665.78125,411867.875,True,True,15665.78125,53797.375,449999.46875,True
test_ood_test_ood_000880_18,test_ood_000880,331,middle,2,4,test_ood_000880_t2_c4,big,big_0,3,2.2,1.15,330,127763.516,127763.515625,125637.78125,141149.78125,145478.03125,156156.1875,HI,1017993,1114802,test_ood,145478.03125,15665.78125,161143.8125,True,True,15665.78125,53797.375,199275.40625,True
test_ood_test_ood_000880_10,test_ood_000880,564,sink_like,1,3,test_ood_000880_t1_c3,big,big_0,2,1.8,1.06,563,252596.44,252596.4375,248405.53125,270885.65625,277492.625,292391.15625,HI,1017993,1114802,test_ood,277492.625,15665.78125,293158.40625,True,True,15665.78125,53797.375,331290.0,True
test_ood_test_ood_000880_11,test_ood_000880,564,sink_like,1,4,test_ood_000880_t1_c4,little,little_0,2,1.2,0.93,563,338445.4,338445.40625,337455.28125,366242.9375,374398.75,392424.0625,HI,1017993,1114802,test_ood,374398.75,15665.78125,390064.53125,True,True,15665.78125,53797.375,428196.125,True
test_ood_test_ood_000880_12,test_ood_000880,564,sink_like,1,5,test_ood_000880_t1_c5,big,big_1,3,2.2,1.15,563,196794.83,196794.828125,195059.734375,214389.453125,220173.5,233441.015625,HI,1017993,1114802,test_ood,220173.5,15665.78125,235839.28125,True,True,15665.78125,53797.375,273970.875,True
test_ood_test_ood_000880_13,test_ood_000880,564,sink_like,1,6,test_ood_000880_t1_c6,little,little_0,3,1.5,1.0,563,241008.3,241008.296875,246826.0625,269086.09375,275597.09375,290314.71875,HI,1017993,1114802,test_ood,275597.09375,15665.78125,291262.875,True,True,15665.78125,53797.375,329394.46875,True
test_ood_test_ood_000880_14,test_ood_000880,331,middle,2,0,test_ood_000880_t2_c0,big,big_0,1,1.4,0.98,330,136481.64,136481.640625,148883.875,165411.109375,170174.0625,181578.34375,HI,1017993,1114802,test_ood,170174.0625,15665.78125,185839.84375,True,True,15665.78125,53797.375,223971.4375,True
test_ood_test_ood_000880_15,test_ood_000880,331,middle,2,1,test_ood_000880_t2_c1,little,little_1,1,0.9,0.86,330,268921.6,268921.59375,279492.34375,303896.875,310902.25,326690.6875,HI,1017993,1114802,test_ood,310902.25,15665.78125,326568.03125,True,True,15665.78125,53797.375,364699.625,True
test_ood_test_ood_000880_16,test_ood_000880,331,middle,2,2,test_ood_000880_t2_c2,big,big_0,2,1.8,1.06,330,166888.64,166888.640625,167515.71875,185152.046875,190339.3125,202498.84375,HI,1017993,1114802,test_ood,190339.3125,15665.78125,206005.09375,True,True,15665.78125,53797.375,244136.6875,True
test_ood_test_ood_000880_17,test_ood_000880,331,middle,2,3,test_ood_000880_t2_c3,little,little_1,2,1.2,0.93,330,199149.83,199149.828125,209122.046875,229000.4375,234866.53125,248301.53125,HI,1017993,1114802,test_ood,234866.53125,15665.78125,250532.3125,True,True,15665.78125,53797.375,288663.90625,True
test_ood_test_ood_000880_00,test_ood_000880,95,source_like,0,0,test_ood_000880_t0_c0,big,big_0,0,1.0,0.9,94,75456.45,75456.453125,74428.921875,88746.59375,92777.375,102707.84375,HI,1017993,1114802,test_ood,92777.375,15665.78125,108443.15625,True,True,15665.78125,53797.375,146574.75,True
test_ood_test_ood_000880_20,test_ood_000880,331,middle,2,6,test_ood_000880_t2_c6,big,big_0,0,1.0,0.9,330,239530.98,239530.984375,247340.65625,269600.59375,276080.9375,290765.125,HI,1017993,1114802,test_ood,276080.9375,15665.78125,291746.71875,True,True,15665.78125,53797.375,329878.3125,True
test_ood_test_ood_000880_19,test_ood_000880,331,middle,2,5,test_ood_000880_t2_c5,little,little_0,3,1.5,1.0,330,180802.86,180802.859375,192632.3125,211542.953125,217124.84375,230013.609375,HI,1017993,1114802,test_ood,217124.84375,15665.78125,232790.625,True,True,15665.78125,53797.375,270922.21875,True
test_ood_test_ood_000880_33,test_ood_000880,659,communication_heavy,4,5,test_ood_000880_t4_c5,little,little_1,0,0.6,0.8,658,849255.06,849255.0625,863991.25,940795.25,962385.625,1005308.3125,HI,1017993,1114802,test_ood,962385.625,15665.78125,978051.40625,True,True,15665.78125,53797.375,1016183.0,True
test_ood_test_ood_000880_21,test_ood_000880,144,high_degree,3,0,test_ood_000880_t3_c0,little,little_1,1,0.9,0.86,143,422946.34,422946.34375,435383.9375,472108.0625,482526.71875,504242.4375,HI,1017993,1114802,test_ood,482526.71875,15665.78125,498192.5,True,True,15665.78125,53797.375,536324.09375,True
test_ood_test_ood_000880_30,test_ood_000880,659,communication_heavy,4,2,test_ood_000880_t4_c2,big,big_0,3,2.2,1.15,658,229242.69,229242.6875,234983.34375,256679.34375,263115.6875,277664.71875,HI,1017993,1114802,test_ood,263115.6875,15665.78125,278781.46875,True,True,15665.78125,53797.375,316913.0625,True
test_ood_test_ood_000880_23,test_ood_000880,144,high_degree,3,2,test_ood_000880_t3_c2,little,little_1,2,1.2,0.93,143,359102.4,359102.40625,348212.4375,377865.8125,386256.6875,404712.4375,HI,1017993,1114802,test_ood,386256.6875,15665.78125,401922.46875,True,True,15665.78125,53797.375,440054.0625,True
test_ood_test_ood_000880_24,test_ood_000880,144,high_degree,3,3,test_ood_000880_t3_c3,big,big_1,3,2.2,1.15,143,136584.45,136584.453125,138354.984375,154403.09375,158968.21875,170035.25,HI,1017993,1114802,test_ood,158968.21875,15665.78125,174634.0,True,True,15665.78125,53797.375,212765.59375,True
test_ood_test_ood_000880_25,test_ood_000880,144,high_degree,3,4,test_ood_000880_t3_c4,little,little_1,3,1.5,1.0,143,246790.8,246790.796875,246377.75,268653.84375,275190.6875,289945.78125,HI,1017993,1114802,test_ood,275190.6875,15665.78125,290856.46875,True,True,15665.78125,53797.375,328988.0625,True
test_ood_test_ood_000880_26,test_ood_000880,144,high_degree,3,5,test_ood_000880_t3_c5,big,big_1,0,1.0,0.9,143,301765.47,301765.46875,295569.375,321139.8125,328458.3125,344862.65625,HI,1017993,1114802,test_ood,328458.3125,15665.78125,344124.09375,True,True,15665.78125,53797.375,382255.6875,True
test_ood_test_ood_000880_31,test_ood_000880,659,communication_heavy,4,3,test_ood_000880_t4_c3,little,little_0,3,1.5,1.0,658,295328.62,295328.625,301868.28125,327910.125,335362.28125,352008.125,HI,1017993,1114802,test_ood,335362.28125,15665.78125,351028.0625,True,True,15665.78125,53797.375,389159.65625,True
test_ood_test_ood_000880_28,test_ood_000880,659,communication_heavy,4,0,test_ood_000880_t4_c0,big,big_1,2,1.8,1.06,658,267534.6,267534.59375,270625.84375,294513.71875,301450.8125,317041.9375,HI,1017993,1114802,test_ood,301450.8125,15665.78125,317116.59375,True,True,15665.78125,53797.375,355248.1875,True
test_ood_test_ood_000880_29,test_ood_000880,659,communication_heavy,4,1,test_ood_000880_t4_c1,little,little_0,2,1.2,0.93,658,399537.56,399537.5625,401368.875,435512.0,445178.53125,465817.75,HI,1017993,1114802,test_ood,445178.53125,15665.78125,460844.3125,True,True,15665.78125,53797.375,498975.90625,True
test_ood_test_ood_000880_41,test_ood_000880,678,random,5,6,test_ood_000880_t5_c6,little,little_1,1,0.9,0.86,677,218806.14,218806.140625,212025.15625,232600.53125,238778.515625,252851.625,HI,1017993,1114802,test_ood,238778.515625,15665.78125,254444.296875,True,True,15665.78125,53797.375,292575.890625,True
test_ood_test_ood_000880_27,test_ood_000880,144,high_degree,3,6,test_ood_000880_t3_c6,little,little_0,0,0.6,0.8,143,617895.2,617895.1875,631693.1875,681740.25,696625.375,722185.4375,HI,1017993,1114802,test_ood,696625.375,15665.78125,712291.15625,True,True,15665.78125,53797.375,750422.75,True
test_ood_test_ood_000880_34,test_ood_000880,659,communication_heavy,4,6,test_ood_000880_t4_c6,big,big_0,1,1.4,0.98,658,299717.22,299717.21875,307261.15625,333683.6875,341220.375,358055.375,HI,1017993,1114802,test_ood,341220.375,15665.78125,356886.15625,True,True,15665.78125,53797.375,395017.75,True
test_ood_test_ood_000880_35,test_ood_000880,678,random,5,0,test_ood_000880_t5_c0,little,little_0,2,1.2,0.93,677,177476.42,177476.421875,160290.65625,177568.25,182649.21875,194622.3125,HI,1017993,1114802,test_ood,182649.21875,15665.78125,198315.0,True,True,15665.78125,53797.375,236446.59375,True
test_ood_test_ood_000880_36,test_ood_000880,678,random,5,1,test_ood_000880_t5_c1,big,big_1,3,2.2,1.15,677,84994.78,84994.78125,75281.21875,89239.203125,93097.96875,102712.53125,HI,1017993,1114802,test_ood,93097.96875,15665.78125,108763.75,True,True,15665.78125,53797.375,146895.34375,True
test_ood_test_ood_000880_37,test_ood_000880,678,random,5,2,test_ood_000880_t5_c2,little,little_0,3,1.5,1.0,677,159051.56,159051.5625,145701.765625,162171.34375,166905.1875,178273.9375,HI,1017993,1114802,test_ood,166905.1875,15665.78125,182570.96875,True,True,15665.78125,53797.375,220702.5625,True
test_ood_test_ood_000880_38,test_ood_000880,678,random,5,3,test_ood_000880_t5_c3,big,big_1,0,1.0,0.9,677,167637.73,167637.734375,157062.140625,174394.234375,179529.953125,191643.984375,HI,1017993,1114802,test_ood,179529.953125,15665.78125,195195.734375,True,True,15665.78125,53797.375,233327.328125,True
test_ood_test_ood_000880_39,test_ood_000880,678,random,5,4,test_ood_000880_t5_c4,little,little_0,0,0.6,0.8,677,390344.25,390344.25,353634.59375,382505.1875,390319.46875,407908.84375,HI,1017993,1114802,test_ood,390319.46875,15665.78125,405985.25,False,True,15665.78125,53797.375,444116.84375,True
test_ood_test_ood_000880_40,test_ood_000880,678,random,5,5,test_ood_000880_t5_c5,big,big_0,1,1.4,0.98,677,116017.74,116017.7421875,104263.90625,119189.84375,123300.0,133619.1875,HI,1017993,1114802,test_ood,123300.0,15665.78125,138965.78125,True,True,15665.78125,53797.375,177097.375,True
test_ood_test_ood_000880_32,test_ood_000880,659,communication_heavy,4,4,test_ood_000880_t4_c4,big,big_1,0,1.0,0.9,658,448348.88,448348.875,469670.0,509617.125,521095.96875,544273.1875,HI,1017993,1114802,test_ood,521095.96875,15665.78125,536761.75,True,True,15665.78125,53797.375,574893.34375,True
test_ood_test_ood_000880_22,test_ood_000880,144,high_degree,3,1,test_ood_000880_t3_c1,big,big_1,2,1.8,1.06,143,206609.45,206609.453125,212069.8125,232351.0625,238408.375,252190.453125,HI,1017993,1114802,test_ood,238408.375,15665.78125,254074.15625,True,True,15665.78125,53797.375,292205.75,True
test_ood_test_ood_000934_20,test_ood_000934,391,middle,2,6,test_ood_000934_t2_c6,little,little_1,2,1.2,0.93,390,278179.94,278179.9375,315255.28125,342252.90625,349936.0,367054.125,HI,1269986,1848190,test_ood,349936.0,15665.78125,365601.78125,True,True,15665.78125,53797.375,403733.375,True
test_ood_test_ood_000934_04,test_ood_000934,44,source_like,0,4,test_ood_000934_t0_c4,little,little_1,0,0.6,0.8,43,212001.44,212001.4375,198102.0,218991.953125,225442.5625,240145.125,HI,1269986,1848190,test_ood,225442.5625,15665.78125,241108.34375,True,True,15665.78125,53797.375,279239.9375,True
test_ood_test_ood_000934_03,test_ood_000934,44,source_like,0,3,test_ood_000934_t0_c3,big,big_1,0,1.0,0.9,43,85408.83,85408.828125,85959.46875,100686.265625,104793.515625,115029.390625,HI,1269986,1848190,test_ood,104793.515625,15665.78125,120459.296875,True,True,15665.78125,53797.375,158590.890625,True
test_ood_test_ood_000934_19,test_ood_000934,391,middle,2,5,test_ood_000934_t2_c5,big,big_1,2,1.8,1.06,390,215673.08,215673.078125,231861.25,253329.015625,259690.953125,274088.65625,HI,1269986,1848190,test_ood,259690.953125,15665.78125,275356.734375,True,True,15665.78125,53797.375,313488.328125,True
test_ood_test_ood_000934_01,test_ood_000934,44,source_like,0,1,test_ood_000934_t0_c1,big,big_0,3,2.2,1.15,43,40486.625,40486.625,39542.46875,52123.5625,55885.640625,64639.578125,HI,1269986,1848190,test_ood,55885.640625,15665.78125,71551.421875,True,True,15665.78125,53797.375,109683.015625,True
test_ood_test_ood_000934_00,test_ood_000934,44,source_like,0,0,test_ood_000934_t0_c0,little,little_0,2,1.2,0.93,43,103895.38,103895.3828125,103336.28125,118434.78125,122632.359375,133125.125,HI,1269986,1848190,test_ood,122632.359375,15665.78125,138298.140625,True,True,15665.78125,53797.375,176429.734375,True
test_ood_test_ood_000934_02,test_ood_000934,44,source_like,0,2,test_ood_000934_t0_c2,little,little_0,3,1.5,1.0,43,85981.414,85981.4140625,80593.765625,94970.890625,98940.0625,108835.484375,HI,1269986,1848190,test_ood,98940.0625,15665.78125,114605.84375,True,True,15665.78125,53797.375,152737.4375,True
test_ood_test_ood_000934_06,test_ood_000934,44,source_like,0,6,test_ood_000934_t0_c6,little,little_0,1,0.9,0.86,43,129088.55,129088.546875,128516.78125,144673.59375,149335.90625,160648.8125,HI,1269986,1848190,test_ood,149335.90625,15665.78125,165001.6875,True,True,15665.78125,53797.375,203133.28125,True
test_ood_test_ood_000934_17,test_ood_000934,391,middle,2,3,test_ood_000934_t2_c3,big,big_1,1,1.4,0.98,390,309011.88,309011.875,357339.8125,387810.875,396425.40625,415304.375,HI,1269986,1848190,test_ood,396425.40625,15665.78125,412091.1875,True,True,15665.78125,53797.375,450222.78125,True
test_ood_test_ood_000934_08,test_ood_000934,812,sink_like,1,1,test_ood_000934_t1_c1,little,little_0,3,1.5,1.0,811,314576.47,314576.46875,340465.53125,369569.8125,377822.9375,396022.40625,HI,1269986,1848190,test_ood,377822.9375,15665.78125,393488.71875,True,True,15665.78125,53797.375,431620.3125,True
test_ood_test_ood_000934_05,test_ood_000934,44,source_like,0,5,test_ood_000934_t0_c5,big,big_1,1,1.4,0.98,43,65372.562,65372.5625,63593.375,77280.296875,81177.609375,90659.015625,HI,1269986,1848190,test_ood,81177.609375,15665.78125,96843.390625,True,True,15665.78125,53797.375,134974.984375,True
test_ood_test_ood_000934_11,test_ood_000934,812,sink_like,1,4,test_ood_000934_t1_c4,big,big_0,1,1.4,0.98,811,260609.66,260609.65625,304678.34375,330944.71875,338442.5,355203.09375,HI,1269986,1848190,test_ood,338442.5,15665.78125,354108.28125,True,True,15665.78125,53797.375,392239.875,True
test_ood_test_ood_000934_12,test_ood_000934,812,sink_like,1,5,test_ood_000934_t1_c5,little,little_1,1,0.9,0.86,811,392218.0,392218.0,448779.6875,486776.3125,497611.3125,519921.625,HI,1269986,1848190,test_ood,497611.3125,15665.78125,513277.09375,True,True,15665.78125,53797.375,551408.6875,True
test_ood_test_ood_000934_13,test_ood_000934,812,sink_like,1,6,test_ood_000934_t1_c6,big,big_1,2,1.8,1.06,811,196259.03,196259.03125,217784.265625,238373.03125,244492.34375,258411.484375,HI,1269986,1848190,test_ood,244492.34375,15665.78125,260158.125,True,True,15665.78125,53797.375,298289.71875,True
test_ood_test_ood_000934_14,test_ood_000934,391,middle,2,0,test_ood_000934_t2_c0,little,little_1,3,1.5,1.0,390,345056.34,345056.34375,371049.84375,402725.75,411692.40625,431179.75,HI,1269986,1848190,test_ood,411692.40625,15665.78125,427358.1875,True,True,15665.78125,53797.375,465489.78125,True
test_ood_test_ood_000934_15,test_ood_000934,391,middle,2,1,test_ood_000934_t2_c1,big,big_1,0,1.0,0.9,390,347142.66,347142.65625,379228.25,411436.375,420530.0625,440241.25,HI,1269986,1848190,test_ood,420530.0625,15665.78125,436195.84375,True,True,15665.78125,53797.375,474327.4375,True
test_ood_test_ood_000934_16,test_ood_000934,391,middle,2,2,test_ood_000934_t2_c2,little,little_1,0,0.6,0.8,390,558582.8,558582.8125,639805.25,691074.6875,706439.5625,732745.5625,HI,1269986,1848190,test_ood,706439.5625,15665.78125,722105.34375,True,True,15665.78125,53797.375,760236.9375,True
test_ood_test_ood_000934_10,test_ood_000934,812,sink_like,1,3,test_ood_000934_t1_c3,little,little_1,0,0.6,0.8,811,629379.4,629379.375,707690.5,765770.1875,783404.6875,813136.8125,HI,1269986,1848190,test_ood,783404.6875,15665.78125,799070.46875,True,True,15665.78125,53797.375,837202.0625,True
test_ood_test_ood_000934_07,test_ood_000934,812,sink_like,1,0,test_ood_000934_t1_c0,big,big_1,3,2.2,1.15,811,166429.34,166429.34375,185000.53125,203688.890625,209253.46875,222106.03125,HI,1269986,1848190,test_ood,209253.46875,15665.78125,224919.25,True,True,15665.78125,53797.375,263050.84375,True
test_ood_test_ood_000934_21,test_ood_000934,245,high_degree,3,0,test_ood_000934_t3_c0,big,big_0,0,1.0,0.9,244,344513.16,344513.15625,333487.5625,361967.5,370033.90625,387911.6875,HI,1269986,1848190,test_ood,370033.90625,15665.78125,385699.6875,True,True,15665.78125,53797.375,423831.28125,True
test_ood_test_ood_000934_32,test_ood_000934,759,communication_heavy,4,4,test_ood_000934_t4_c4,little,little_1,2,1.2,0.93,758,447758.88,447758.875,454668.375,493454.46875,504565.375,527304.875,HI,1269986,1848190,test_ood,504565.375,15665.78125,520231.15625,True,True,15665.78125,53797.375,558362.75,True
test_ood_test_ood_000934_22,test_ood_000934,245,high_degree,3,1,test_ood_000934_t3_c1,little,little_1,0,0.6,0.8,244,572395.56,572395.5625,570187.25,615645.75,628883.1875,652976.5,HI,1269986,1848190,test_ood,628883.1875,15665.78125,644548.96875,True,True,15665.78125,53797.375,682680.5625,True
test_ood_test_ood_000934_18,test_ood_000934,391,middle,2,4,test_ood_000934_t2_c4,little,little_1,1,0.9,0.86,390,466391.72,466391.71875,497584.75,539478.5,551544.9375,575357.125,HI,1269986,1848190,test_ood,551544.9375,15665.78125,567210.71875,True,True,15665.78125,53797.375,605342.3125,True
test_ood_test_ood_000934_30,test_ood_000934,759,communication_heavy,4,2,test_ood_000934_t4_c2,little,little_0,1,0.9,0.86,758,612929.94,612929.9375,599632.5,650052.75,665058.875,692066.875,HI,1269986,1848190,test_ood,665058.875,15665.78125,680724.65625,True,True,15665.78125,53797.375,718856.25,True
test_ood_test_ood_000934_23,test_ood_000934,245,high_degree,3,2,test_ood_000934_t3_c2,big,big_1,1,1.4,0.98,244,208841.3,208841.296875,193942.90625,213018.875,218671.84375,231693.984375,HI,1269986,1848190,test_ood,218671.84375,15665.78125,234337.625,True,True,15665.78125,53797.375,272469.21875,True
test_ood_test_ood_000934_24,test_ood_000934,245,high_degree,3,3,test_ood_000934_t3_c3,little,little_0,1,0.9,0.86,244,461817.7,461817.6875,448016.5625,486034.5,496887.375,519235.75,HI,1269986,1848190,test_ood,496887.375,15665.78125,512553.15625,True,True,15665.78125,53797.375,550684.75,True
test_ood_test_ood_000934_25,test_ood_000934,245,high_degree,3,4,test_ood_000934_t3_c4,big,big_0,2,1.8,1.06,244,214991.6,214991.59375,197031.75,216392.34375,222164.09375,235404.5625,HI,1269986,1848190,test_ood,222164.09375,15665.78125,237829.875,True,True,15665.78125,53797.375,275961.46875,True
test_ood_test_ood_000934_26,test_ood_000934,245,high_degree,3,5,test_ood_000934_t3_c5,little,little_0,2,1.2,0.93,244,281025.8,281025.8125,282173.1875,306782.125,313867.59375,329773.65625,HI,1269986,1848190,test_ood,313867.59375,15665.78125,329533.375,True,True,15665.78125,53797.375,367664.96875,True
test_ood_test_ood_000934_27,test_ood_000934,245,high_degree,3,6,test_ood_000934_t3_c6,big,big_0,3,2.2,1.15,244,175968.89,175968.890625,165555.03125,183121.171875,188280.53125,200396.84375,HI,1269986,1848190,test_ood,188280.53125,15665.78125,203946.3125,True,True,15665.78125,53797.375,242077.90625,True
test_ood_test_ood_000934_28,test_ood_000934,759,communication_heavy,4,0,test_ood_000934_t4_c0,little,little_1,0,0.6,0.8,758,721914.56,721914.5625,712523.25,770535.375,788159.5,817767.8125,HI,1269986,1848190,test_ood,788159.5,15665.78125,803825.28125,True,True,15665.78125,53797.375,841956.875,True
test_ood_test_ood_000934_31,test_ood_000934,759,communication_heavy,4,3,test_ood_000934_t4_c3,big,big_1,2,1.8,1.06,758,341057.2,341057.1875,316272.59375,343396.0625,351118.5625,368318.90625,HI,1269986,1848190,test_ood,351118.5625,15665.78125,366784.34375,True,True,15665.78125,53797.375,404915.9375,True
test_ood_test_ood_000934_29,test_ood_000934,759,communication_heavy,4,1,test_ood_000934_t4_c1,big,big_1,1,1.4,0.98,758,462563.56,462563.5625,430092.625,466805.625,477258.65625,499103.25,HI,1269986,1848190,test_ood,477258.65625,15665.78125,492924.4375,True,True,15665.78125,53797.375,531056.03125,True
test_ood_test_ood_000934_40,test_ood_000934,733,random,5,5,test_ood_000934_t5_c5,little,little_0,3,1.5,1.0,732,469421.6,469421.59375,546678.375,594251.4375,608404.5,635066.25,HI,1269986,1848190,test_ood,608404.5,15665.78125,624070.28125,True,True,15665.78125,53797.375,662201.875,True
test_ood_test_ood_000934_33,test_ood_000934,759,communication_heavy,4,5,test_ood_000934_t4_c5,big,big_0,3,2.2,1.15,758,223172.11,223172.109375,214078.0625,234404.15625,240440.609375,254196.640625,HI,1269986,1848190,test_ood,240440.609375,15665.78125,256106.390625,True,True,15665.78125,53797.375,294237.984375,True
test_ood_test_ood_000934_34,test_ood_000934,759,communication_heavy,4,6,test_ood_000934_t4_c6,little,little_0,3,1.5,1.0,758,452038.1,452038.09375,417489.25,453171.8125,463319.96875,484716.1875,HI,1269986,1848190,test_ood,463319.96875,15665.78125,478985.75,True,True,15665.78125,53797.375,517117.34375,True
test_ood_test_ood_000934_35,test_ood_000934,733,random,5,0,test_ood_000934_t5_c0,big,big_0,1,1.4,0.98,732,410692.8,410692.8125,493553.6875,535753.1875,547995.9375,572169.0625,HI,1269986,1848190,test_ood,547995.9375,15665.78125,563661.71875,True,True,15665.78125,53797.375,601793.3125,True
test_ood_test_ood_000934_36,test_ood_000934,733,random,5,1,test_ood_000934_t5_c1,little,little_0,1,0.9,0.86,732,494836.0,494836.0,583482.9375,632356.0,646813.75,673152.1875,HI,1269986,1848190,test_ood,646813.75,15665.78125,662479.53125,True,True,15665.78125,53797.375,700611.125,True
test_ood_test_ood_000934_37,test_ood_000934,733,random,5,2,test_ood_000934_t5_c2,big,big_1,2,1.8,1.06,732,289177.56,289177.5625,346730.125,376249.53125,384593.4375,402988.8125,HI,1269986,1848190,test_ood,384593.4375,15665.78125,400259.21875,True,True,15665.78125,53797.375,438390.8125,True
test_ood_test_ood_000934_38,test_ood_000934,733,random,5,3,test_ood_000934_t5_c3,little,little_0,2,1.2,0.93,732,405238.75,405238.75,504279.9375,547402.5625,559947.875,584504.0,HI,1269986,1848190,test_ood,559947.875,15665.78125,575613.65625,True,True,15665.78125,53797.375,613745.25,True
test_ood_test_ood_000934_39,test_ood_000934,733,random,5,4,test_ood_000934_t5_c4,big,big_1,3,2.2,1.15,732,250567.22,250567.21875,310259.0,336937.9375,344553.84375,361541.96875,HI,1269986,1848190,test_ood,344553.84375,15665.78125,360219.625,True,True,15665.78125,53797.375,398351.21875,True
test_ood_test_ood_000934_41,test_ood_000934,733,random,5,6,test_ood_000934_t5_c6,big,big_0,0,1.0,0.9,732,430801.38,430801.375,546375.125,592496.5,606063.0,631509.75,HI,1269986,1848190,test_ood,606063.0,15665.78125,621728.78125,True,True,15665.78125,53797.375,659860.375,True
test_ood_test_ood_000934_09,test_ood_000934,812,sink_like,1,2,test_ood_000934_t1_c2,big,big_0,0,1.0,0.9,811,282855.66,282855.65625,319316.8125,346652.4375,354406.34375,371701.65625,HI,1269986,1848190,test_ood,354406.34375,15665.78125,370072.125,True,True,15665.78125,53797.375,408203.71875,True
