sample_id,graph_id,target_node,target_role,target_index,context_index,context_id,core_type,core_id,dvfs_level,frequency_ghz,voltage_v,local_target_node_index,y_exec_us_raw,y_exec_us,Q50_pred_us,Q90_pred_us,Q95_pred_us,Q99_pred_us,criticality,deadline_us,period_us,split,Qhat_base_us,q_conf_us,C_e_us,raw_covered,calibrated_covered,inflation_us,sliding_q_conf_us,sliding_C_e_us,sliding_covered
test_ood_test_ood_000010_30,test_ood_000010,528,communication_heavy,4,2,test_ood_000010_t4_c2,big,big_0,0,1.0,0.9,527,366253.34,366253.34375,385333.75,418121.71875,427391.09375,447402.5625,LO,3524939,4285244,test_ood,427391.09375,0.0,427391.09375,True,True,0.0,0.0,427391.09375,True
test_ood_test_ood_000010_02,test_ood_000010,21,source_like,0,2,test_ood_000010_t0_c2,big,big_1,2,1.8,1.06,20,22961.807,22961.806640625,22499.53125,35014.875,39026.640625,47932.84375,LO,3524939,4285244,test_ood,39026.640625,0.0,39026.640625,True,True,0.0,0.0,39026.640625,True
test_ood_test_ood_000010_03,test_ood_000010,21,source_like,0,3,test_ood_000010_t0_c3,little,little_0,2,1.2,0.93,20,46689.68,46689.6796875,45487.296875,58366.140625,62188.109375,71177.046875,LO,3524939,4285244,test_ood,62188.109375,0.0,62188.109375,True,True,0.0,0.0,62188.109375,True
test_ood_test_ood_000010_04,test_ood_000010,21,source_like,0,4,test_ood_000010_t0_c4,big,big_0,3,2.2,1.15,20,19372.643,19372.642578125,21270.640625,33847.375,37910.640625,46895.3125,LO,3524939,4285244,test_ood,37910.640625,0.0,37910.640625,True,True,0.0,0.0,37910.640625,True
test_ood_test_ood_000010_05,test_ood_000010,21,source_like,0,5,test_ood_000010_t0_c5,little,little_0,3,1.5,1.0,20,41632.11,41632.109375,37695.75,50440.078125,54355.171875,63372.203125,LO,3524939,4285244,test_ood,54355.171875,0.0,54355.171875,True,True,0.0,0.0,54355.171875,True
test_ood_test_ood_000010_06,test_ood_000010,21,source_like,0,6,test_ood_000010_t0_c6,big,big_0,0,1.0,0.9,20,43991.023,43991.0234375,42971.421875,56055.328125,60080.53125,69413.65625,LO,3524939,4285244,test_ood,60080.53125,0.0,60080.53125,True,True,0.0,0.0,60080.53125,True
test_ood_test_ood_000010_07,test_ood_000010,817,sink_like,1,0,test_ood_000010_t1_c0,little,little_0,1,0.9,0.86,816,296945.1,296945.09375,288955.78125,313998.375,321163.5625,337268.0,LO,3524939,4285244,test_ood,321163.5625,0.0,321163.5625,True,True,0.0,0.0,321163.5625,True
test_ood_test_ood_000010_08,test_ood_000010,817,sink_like,1,1,test_ood_000010_t1_c1,big,big_1,2,1.8,1.06,816,101241.41,101241.40625,111816.03125,126762.234375,130891.625,141224.5625,LO,3524939,4285244,test_ood,130891.625,0.0,130891.625,True,True,0.0,0.0,130891.625,True
test_ood_test_ood_000010_00,test_ood_000010,21,source_like,0,0,test_ood_000010_t0_c0,big,big_0,1,1.4,0.98,20,26989.414,26989.4140625,25376.171875,37757.15625,41653.828125,50400.6875,LO,3524939,4285244,test_ood,41653.828125,0.0,41653.828125,True,True,0.0,0.0,41653.828125,True
test_ood_test_ood_000010_01,test_ood_000010,21,source_like,0,1,test_ood_000010_t0_c1,little,little_1,1,0.9,0.86,20,68333.07,68333.0703125,66539.0,80946.8125,85176.578125,95348.609375,LO,3524939,4285244,test_ood,85176.578125,0.0,85176.578125,True,True,0.0,0.0,85176.578125,True
test_ood_test_ood_000010_10,test_ood_000010,817,sink_like,1,3,test_ood_000010_t1_c3,big,big_1,3,2.2,1.15,816,103999.28,103999.28125,111708.859375,126704.4375,130834.671875,141176.34375,LO,3524939,4285244,test_ood,130834.671875,0.0,130834.671875,True,True,0.0,0.0,130834.671875,True
test_ood_test_ood_000010_17,test_ood_000010,451,middle,2,3,test_ood_000010_t2_c3,little,little_1,3,1.5,1.0,450,363602.2,363602.1875,360307.59375,391067.25,399774.84375,418809.03125,LO,3524939,4285244,test_ood,399774.84375,0.0,399774.84375,True,True,0.0,0.0,399774.84375,True
test_ood_test_ood_000010_16,test_ood_000010,451,middle,2,2,test_ood_000010_t2_c2,big,big_0,3,2.2,1.15,450,203841.53,203841.53125,213513.140625,233955.515625,240079.34375,253998.875,LO,3524939,4285244,test_ood,240079.34375,0.0,240079.34375,True,True,0.0,0.0,240079.34375,True
test_ood_test_ood_000010_15,test_ood_000010,451,middle,2,1,test_ood_000010_t2_c1,little,little_0,2,1.2,0.93,450,379677.66,379677.65625,395843.53125,429531.53125,439067.59375,459497.1875,LO,3524939,4285244,test_ood,439067.59375,0.0,439067.59375,True,True,0.0,0.0,439067.59375,True
test_ood_test_ood_000010_20,test_ood_000010,451,middle,2,6,test_ood_000010_t2_c6,big,big_0,1,1.4,0.98,450,244606.73,244606.734375,254636.953125,277480.0,284158.90625,299218.625,LO,3524939,4285244,test_ood,284158.90625,0.0,284158.90625,True,True,0.0,0.0,284158.90625,True
test_ood_test_ood_000010_13,test_ood_000010,817,sink_like,1,6,test_ood_000010_t1_c6,little,little_0,0,0.6,0.8,816,457698.53,457698.53125,451073.46875,487570.03125,497822.5,518930.375,LO,3524939,4285244,test_ood,497822.5,0.0,497822.5,True,True,0.0,0.0,497822.5,True
test_ood_test_ood_000010_12,test_ood_000010,817,sink_like,1,5,test_ood_000010_t1_c5,big,big_1,0,1.0,0.9,816,191904.12,191904.125,198035.328125,217378.546875,223133.765625,236344.40625,LO,3524939,4285244,test_ood,223133.765625,0.0,223133.765625,True,True,0.0,0.0,223133.765625,True
test_ood_test_ood_000010_11,test_ood_000010,817,sink_like,1,4,test_ood_000010_t1_c4,little,little_0,3,1.5,1.0,816,187136.47,187136.46875,187682.171875,206345.625,211861.546875,224622.328125,LO,3524939,4285244,test_ood,211861.546875,0.0,211861.546875,True,True,0.0,0.0,211861.546875,True
test_ood_test_ood_000010_14,test_ood_000010,451,middle,2,0,test_ood_000010_t2_c0,big,big_0,2,1.8,1.06,450,221374.14,221374.140625,220720.875,241540.328125,247740.765625,261815.78125,LO,3524939,4285244,test_ood,247740.765625,0.0,247740.765625,True,True,0.0,0.0,247740.765625,True
test_ood_test_ood_000010_18,test_ood_000010,451,middle,2,4,test_ood_000010_t2_c4,big,big_1,0,1.0,0.9,450,359112.34,359112.34375,414737.4375,450076.90625,460109.6875,481325.5,LO,3524939,4285244,test_ood,460109.6875,0.0,460109.6875,True,True,0.0,0.0,460109.6875,True
test_ood_test_ood_000010_19,test_ood_000010,451,middle,2,5,test_ood_000010_t2_c5,little,little_0,0,0.6,0.8,450,509713.22,509713.21875,541078.6875,584350.0,596800.5,620269.3125,LO,3524939,4285244,test_ood,596800.5,0.0,596800.5,True,True,0.0,0.0,596800.5,True
test_ood_test_ood_000010_09,test_ood_000010,817,sink_like,1,2,test_ood_000010_t1_c2,little,little_1,2,1.2,0.93,816,289708.88,289708.875,288750.96875,313838.03125,321037.34375,337173.3125,LO,3524939,4285244,test_ood,321037.34375,0.0,321037.34375,True,True,0.0,0.0,321037.34375,True
test_ood_test_ood_000010_21,test_ood_000010,519,high_degree,3,0,test_ood_000010_t3_c0,little,little_1,2,1.2,0.93,518,451360.7,451360.6875,424603.8125,460757.34375,471036.75,492605.5,LO,3524939,4285244,test_ood,471036.75,0.0,471036.75,True,True,0.0,0.0,471036.75,True
test_ood_test_ood_000010_31,test_ood_000010,528,communication_heavy,4,3,test_ood_000010_t4_c3,little,little_1,0,0.6,0.8,527,594751.9,594751.875,616503.875,666303.625,681167.75,707049.0,LO,3524939,4285244,test_ood,681167.75,0.0,681167.75,True,True,0.0,0.0,681167.75,True
test_ood_test_ood_000010_25,test_ood_000010,519,high_degree,3,4,test_ood_000010_t3_c4,little,little_1,0,0.6,0.8,518,726478.94,726478.9375,677159.125,731537.0,747991.125,775628.875,LO,3524939,4285244,test_ood,747991.125,0.0,747991.125,True,True,0.0,0.0,747991.125,True
test_ood_test_ood_000010_26,test_ood_000010,519,high_degree,3,5,test_ood_000010_t3_c5,big,big_1,1,1.4,0.98,518,342451.78,342451.78125,341175.5,370258.21875,378488.03125,396666.5625,LO,3524939,4285244,test_ood,378488.03125,0.0,378488.03125,True,True,0.0,0.0,378488.03125,True
test_ood_test_ood_000010_27,test_ood_000010,519,high_degree,3,6,test_ood_000010_t3_c6,little,little_0,1,0.9,0.86,518,636880.06,636880.0625,651550.3125,707389.125,724241.4375,753841.875,LO,3524939,4285244,test_ood,724241.4375,0.0,724241.4375,True,True,0.0,0.0,724241.4375,True
test_ood_test_ood_000010_28,test_ood_000010,528,communication_heavy,4,0,test_ood_000010_t4_c0,big,big_0,3,2.2,1.15,527,172762.11,172762.109375,182065.8125,200499.53125,205959.75,218619.25,LO,3524939,4285244,test_ood,205959.75,0.0,205959.75,True,True,0.0,0.0,205959.75,True
test_ood_test_ood_000010_23,test_ood_000010,519,high_degree,3,2,test_ood_000010_t3_c2,little,little_1,3,1.5,1.0,518,386812.7,386812.6875,372510.8125,404270.1875,413254.5625,432774.5,LO,3524939,4285244,test_ood,413254.5625,0.0,413254.5625,True,True,0.0,0.0,413254.5625,True
test_ood_test_ood_000010_29,test_ood_000010,528,communication_heavy,4,1,test_ood_000010_t4_c1,little,little_1,3,1.5,1.0,527,259175.72,259175.71875,279988.9375,304451.96875,311503.65625,327333.84375,LO,3524939,4285244,test_ood,311503.65625,0.0,311503.65625,True,True,0.0,0.0,311503.65625,True
test_ood_test_ood_000010_32,test_ood_000010,528,communication_heavy,4,4,test_ood_000010_t4_c4,big,big_1,1,1.4,0.98,527,324292.28,324292.28125,331820.21875,360177.0,368213.59375,386029.8125,LO,3524939,4285244,test_ood,368213.59375,0.0,368213.59375,True,True,0.0,0.0,368213.59375,True
test_ood_test_ood_000010_36,test_ood_000010,653,random,5,1,test_ood_000010_t5_c1,big,big_0,0,1.0,0.9,652,171895.61,171895.609375,187453.359375,206301.375,211940.21875,224937.703125,LO,3524939,4285244,test_ood,211940.21875,0.0,211940.21875,True,True,0.0,0.0,211940.21875,True
test_ood_test_ood_000010_24,test_ood_000010,519,high_degree,3,3,test_ood_000010_t3_c3,big,big_1,0,1.0,0.9,518,381024.1,381024.09375,374468.9375,406215.75,415166.625,434637.8125,LO,3524939,4285244,test_ood,415166.625,0.0,415166.625,True,True,0.0,0.0,415166.625,True
test_ood_test_ood_000010_35,test_ood_000010,653,random,5,0,test_ood_000010_t5_c0,little,little_0,3,1.5,1.0,652,161605.25,161605.25,176628.5625,194699.59375,200029.78125,212447.96875,LO,3524939,4285244,test_ood,200029.78125,0.0,200029.78125,True,True,0.0,0.0,200029.78125,True
test_ood_test_ood_000010_34,test_ood_000010,528,communication_heavy,4,6,test_ood_000010_t4_c6,big,big_0,2,1.8,1.06,527,275789.5,275789.5,289413.5,314582.90625,321817.1875,338029.875,LO,3524939,4285244,test_ood,321817.1875,0.0,321817.1875,True,True,0.0,0.0,321817.1875,True
test_ood_test_ood_000010_22,test_ood_000010,519,high_degree,3,1,test_ood_000010_t3_c1,big,big_0,3,2.2,1.15,518,211762.88,211762.875,231592.078125,253070.828125,259451.1875,273887.0,LO,3524939,4285244,test_ood,259451.1875,0.0,259451.1875,True,True,0.0,0.0,259451.1875,True
test_ood_test_ood_000010_41,test_ood_000010,653,random,5,6,test_ood_000010_t5_c6,little,little_1,2,1.2,0.93,652,165701.02,165701.015625,183592.78125,202086.53125,207573.15625,220277.78125,LO,3524939,4285244,test_ood,207573.15625,0.0,207573.15625,True,True,0.0,0.0,207573.15625,True
test_ood_test_ood_000010_40,test_ood_000010,653,random,5,5,test_ood_000010_t5_c5,big,big_0,2,1.8,1.06,652,92127.875,92127.875,100373.78125,115078.296875,119109.359375,129267.984375,LO,3524939,4285244,test_ood,119109.359375,0.0,119109.359375,True,True,0.0,0.0,119109.359375,True
test_ood_test_ood_000010_33,test_ood_000010,528,communication_heavy,4,5,test_ood_000010_t4_c5,little,little_1,1,0.9,0.86,527,430361.9,430361.90625,451409.8125,489729.5625,500677.53125,523158.34375,LO,3524939,4285244,test_ood,500677.53125,0.0,500677.53125,True,True,0.0,0.0,500677.53125,True
test_ood_test_ood_000010_38,test_ood_000010,653,random,5,3,test_ood_000010_t5_c3,big,big_1,1,1.4,0.98,652,132199.52,132199.515625,144697.59375,161134.59375,165861.6875,177220.9375,LO,3524939,4285244,test_ood,165861.6875,0.0,165861.6875,True,True,0.0,0.0,165861.6875,True
test_ood_test_ood_000010_37,test_ood_000010,653,random,5,2,test_ood_000010_t5_c2,little,little_1,0,0.6,0.8,652,357342.28,357342.28125,351117.4375,379743.71875,387487.09375,404954.25,LO,3524939,4285244,test_ood,387487.09375,0.0,387487.09375,True,True,0.0,0.0,387487.09375,True
test_ood_test_ood_000010_39,test_ood_000010,653,random,5,4,test_ood_000010_t5_c4,little,little_0,1,0.9,0.86,652,260766.97,260766.96875,272232.28125,296132.9375,303013.3125,318539.28125,LO,3524939,4285244,test_ood,303013.3125,0.0,303013.3125,True,True,0.0,0.0,303013.3125,True
test_ood_test_ood_000097_08,test_ood_000097,286,sink_like,1,1,test_ood_000097_t1_c1,little,little_0,0,0.6,0.8,285,542939.6,542939.625,532528.875,574720.25,586779.375,609716.5625,LO,9708887,10597060,test_ood,586779.375,0.0,586779.375,True,True,0.0,0.0,586779.375,True
test_ood_test_ood_000097_02,test_ood_000097,2,source_like,0,2,test_ood_000097_t0_c2,little,little_0,0,0.6,0.8,1,158678.81,158678.8125,150499.796875,168191.0625,173515.1875,186038.375,LO,9708887,10597060,test_ood,173515.1875,0.0,173515.1875,True,True,0.0,0.0,173515.1875,True
test_ood_test_ood_000097_03,test_ood_000097,2,source_like,0,3,test_ood_000097_t0_c3,big,big_1,1,1.4,0.98,1,46701.43,46701.4296875,47152.90625,60124.03125,63964.3125,73021.0,LO,9708887,10597060,test_ood,63964.3125,0.0,63964.3125,True,True,0.0,0.0,63964.3125,True
test_ood_test_ood_000097_04,test_ood_000097,2,source_like,0,4,test_ood_000097_t0_c4,little,little_0,1,0.9,0.86,1,104127.74,104127.7421875,111579.6875,127110.484375,131552.046875,142510.1875,LO,9708887,10597060,test_ood,131552.046875,0.0,131552.046875,True,True,0.0,0.0,131552.046875,True
test_ood_test_ood_000097_05,test_ood_000097,2,source_like,0,5,test_ood_000097_t0_c5,big,big_1,2,1.8,1.06,1,35718.598,35718.59765625,37351.359375,49926.90625,53724.953125,62499.75,LO,9708887,10597060,test_ood,53724.953125,0.0,53724.953125,True,True,0.0,0.0,53724.953125,True
test_ood_test_ood_000097_06,test_ood_000097,2,source_like,0,6,test_ood_000097_t0_c6,little,little_0,2,1.2,0.93,1,78956.78,78956.78125,84382.203125,99019.484375,103091.875,113239.8125,LO,9708887,10597060,test_ood,103091.875,0.0,103091.875,True,True,0.0,0.0,103091.875,True
test_ood_test_ood_000097_01,test_ood_000097,2,source_like,0,1,test_ood_000097_t0_c1,big,big_1,0,1.0,0.9,1,70723.34,70723.34375,71222.828125,85464.71875,89507.5625,99408.359375,LO,9708887,10597060,test_ood,89507.5625,0.0,89507.5625,True,True,0.0,0.0,89507.5625,True
test_ood_test_ood_000097_07,test_ood_000097,286,sink_like,1,0,test_ood_000097_t1_c0,big,big_1,0,1.0,0.9,285,299997.7,299997.6875,314891.375,341898.15625,349578.71875,366712.375,LO,9708887,10597060,test_ood,349578.71875,0.0,349578.71875,True,True,0.0,0.0,349578.71875,True
test_ood_test_ood_000097_00,test_ood_000097,2,source_like,0,0,test_ood_000097_t0_c0,little,little_0,3,1.5,1.0,1,62613.67,62613.671875,60997.8125,74519.140625,78369.09375,87712.96875,LO,9708887,10597060,test_ood,78369.09375,0.0,78369.09375,True,True,0.0,0.0,78369.09375,True
test_ood_test_ood_000097_14,test_ood_000097,287,middle,2,0,test_ood_000097_t2_c0,little,little_1,0,0.6,0.8,286,353520.2,353520.1875,359342.8125,388949.0,397081.0625,415191.75,LO,9708887,10597060,test_ood,397081.0625,0.0,397081.0625,True,True,0.0,0.0,397081.0625,True
test_ood_test_ood_000097_12,test_ood_000097,286,sink_like,1,5,test_ood_000097_t1_c5,little,little_1,2,1.2,0.93,285,350745.75,350745.75,347116.90625,376670.71875,385033.03125,403438.75,LO,9708887,10597060,test_ood,385033.03125,0.0,385033.03125,True,True,0.0,0.0,385033.03125,True
test_ood_test_ood_000097_13,test_ood_000097,286,sink_like,1,6,test_ood_000097_t1_c6,big,big_1,3,2.2,1.15,285,191235.94,191235.9375,189140.25,208144.921875,213830.671875,226912.46875,LO,9708887,10597060,test_ood,213830.671875,0.0,213830.671875,True,True,0.0,0.0,213830.671875,True
test_ood_test_ood_000097_15,test_ood_000097,287,middle,2,1,test_ood_000097_t2_c1,big,big_1,1,1.4,0.98,286,167960.66,167960.65625,168851.828125,186499.03125,191689.875,203851.4375,LO,9708887,10597060,test_ood,191689.875,0.0,191689.875,True,True,0.0,0.0,191689.875,True
test_ood_test_ood_000097_16,test_ood_000097,287,middle,2,2,test_ood_000097_t2_c2,little,little_0,1,0.9,0.86,286,320303.97,320303.96875,325576.6875,353383.6875,361264.21875,378781.875,LO,9708887,10597060,test_ood,361264.21875,0.0,361264.21875,True,True,0.0,0.0,361264.21875,True
test_ood_test_ood_000097_17,test_ood_000097,287,middle,2,3,test_ood_000097_t2_c3,big,big_1,2,1.8,1.06,286,118105.62,118105.6171875,122294.59375,137637.734375,141912.3125,152495.03125,LO,9708887,10597060,test_ood,141912.3125,0.0,141912.3125,True,True,0.0,0.0,141912.3125,True
test_ood_test_ood_000097_18,test_ood_000097,287,middle,2,4,test_ood_000097_t2_c4,little,little_1,2,1.2,0.93,286,283003.06,283003.0625,279494.21875,303910.96875,310934.1875,326716.75,LO,9708887,10597060,test_ood,310934.1875,0.0,310934.1875,True,True,0.0,0.0,310934.1875,True
test_ood_test_ood_000097_20,test_ood_000097,287,middle,2,6,test_ood_000097_t2_c6,little,little_0,3,1.5,1.0,286,179158.17,179158.171875,181034.9375,199279.859375,204652.109375,217146.5625,LO,9708887,10597060,test_ood,204652.109375,0.0,204652.109375,True,True,0.0,0.0,204652.109375,True
test_ood_test_ood_000097_19,test_ood_000097,287,middle,2,5,test_ood_000097_t2_c5,big,big_0,3,2.2,1.15,286,120255.914,120255.9140625,120466.703125,135794.828125,140043.21875,150590.875,LO,9708887,10597060,test_ood,140043.21875,0.0,140043.21875,True,True,0.0,0.0,140043.21875,True
test_ood_test_ood_000097_11,test_ood_000097,286,sink_like,1,4,test_ood_000097_t1_c4,big,big_1,2,1.8,1.06,285,173161.5,173161.5,175572.03125,193715.578125,199092.515625,211598.6875,LO,9708887,10597060,test_ood,199092.515625,0.0,199092.515625,True,True,0.0,0.0,199092.515625,True
test_ood_test_ood_000097_10,test_ood_000097,286,sink_like,1,3,test_ood_000097_t1_c3,little,little_0,1,0.9,0.86,285,431451.12,431451.125,409807.0625,444284.46875,454006.0625,474686.25,LO,9708887,10597060,test_ood,454006.0625,0.0,454006.0625,True,True,0.0,0.0,454006.0625,True
test_ood_test_ood_000097_09,test_ood_000097,286,sink_like,1,2,test_ood_000097_t1_c2,big,big_1,1,1.4,0.98,285,241164.14,241164.140625,240724.46875,262726.25,269215.0625,283873.21875,LO,9708887,10597060,test_ood,269215.0625,0.0,269215.0625,True,True,0.0,0.0,269215.0625,True
test_ood_test_ood_000097_32,test_ood_000097,52,communication_heavy,4,4,test_ood_000097_t4_c4,little,little_1,3,1.5,1.0,51,312903.16,312903.15625,291498.71875,316793.28125,324058.0625,340320.53125,LO,9708887,10597060,test_ood,324058.0625,0.0,324058.0625,True,True,0.0,0.0,324058.0625,True
test_ood_test_ood_000097_28,test_ood_000097,52,communication_heavy,4,0,test_ood_000097_t4_c0,little,little_1,1,0.9,0.86,51,619475.3,619475.3125,582426.25,631667.25,646291.5,672957.125,LO,9708887,10597060,test_ood,646291.5,0.0,646291.5,True,True,0.0,0.0,646291.5,True
test_ood_test_ood_000097_27,test_ood_000097,167,high_degree,3,6,test_ood_000097_t3_c6,big,big_1,0,1.0,0.9,166,287991.38,287991.375,293136.875,318553.71875,325834.3125,342163.09375,LO,9708887,10597060,test_ood,325834.3125,0.0,325834.3125,True,True,0.0,0.0,325834.3125,True
test_ood_test_ood_000097_23,test_ood_000097,167,high_degree,3,2,test_ood_000097_t3_c2,big,big_1,2,1.8,1.06,166,167641.0,167641.0,170359.359375,188130.171875,193362.09375,205599.890625,LO,9708887,10597060,test_ood,193362.09375,0.0,193362.09375,True,True,0.0,0.0,193362.09375,True
test_ood_test_ood_000097_25,test_ood_000097,167,high_degree,3,4,test_ood_000097_t3_c4,big,big_1,3,2.2,1.15,166,198626.7,198626.703125,181509.21875,200025.21875,205535.0625,218287.65625,LO,9708887,10597060,test_ood,205535.0625,0.0,205535.0625,True,True,0.0,0.0,205535.0625,True
test_ood_test_ood_000097_24,test_ood_000097,167,high_degree,3,3,test_ood_000097_t3_c3,little,little_1,2,1.2,0.93,166,283225.97,283225.96875,275336.5,299472.5,306439.9375,322104.6875,LO,9708887,10597060,test_ood,306439.9375,0.0,306439.9375,True,True,0.0,0.0,306439.9375,True
test_ood_test_ood_000097_30,test_ood_000097,52,communication_heavy,4,2,test_ood_000097_t4_c2,little,little_1,2,1.2,0.93,51,335584.75,335584.75,325234.4375,353049.0625,360946.125,378480.71875,LO,9708887,10597060,test_ood,360946.125,0.0,360946.125,True,True,0.0,0.0,360946.125,True
test_ood_test_ood_000097_26,test_ood_000097,167,high_degree,3,5,test_ood_000097_t3_c5,little,little_0,3,1.5,1.0,166,318623.44,318623.4375,315296.15625,342412.625,350145.78125,367334.0625,LO,9708887,10597060,test_ood,350145.78125,0.0,350145.78125,True,True,0.0,0.0,350145.78125,True
test_ood_test_ood_000097_31,test_ood_000097,52,communication_heavy,4,3,test_ood_000097_t4_c3,big,big_1,3,2.2,1.15,51,214583.36,214583.359375,207112.84375,227125.75,233108.6875,246755.75,LO,9708887,10597060,test_ood,233108.6875,0.0,233108.6875,True,True,0.0,0.0,233108.6875,True
test_ood_test_ood_000097_41,test_ood_000097,122,random,5,6,test_ood_000097_t5_c6,big,big_0,1,1.4,0.98,121,117335.445,117335.4453125,123292.234375,138864.375,143217.65625,153965.71875,LO,9708887,10597060,test_ood,143217.65625,0.0,143217.65625,True,True,0.0,0.0,143217.65625,True
test_ood_test_ood_000097_29,test_ood_000097,52,communication_heavy,4,1,test_ood_000097_t4_c1,big,big_0,2,1.8,1.06,51,248315.58,248315.578125,238476.671875,260329.015625,266777.0,281355.34375,LO,9708887,10597060,test_ood,266777.0,0.0,266777.0,True,True,0.0,0.0,266777.0,True
test_ood_test_ood_000097_33,test_ood_000097,52,communication_heavy,4,5,test_ood_000097_t4_c5,big,big_0,0,1.0,0.9,51,429506.44,429506.4375,406735.53125,441382.375,451207.125,472103.25,LO,9708887,10597060,test_ood,451207.125,0.0,451207.125,True,True,0.0,0.0,451207.125,True
test_ood_test_ood_000097_22,test_ood_000097,167,high_degree,3,1,test_ood_000097_t3_c1,little,little_0,1,0.9,0.86,166,396747.12,396747.125,390803.8125,423899.75,433247.09375,453355.8125,LO,9708887,10597060,test_ood,433247.09375,0.0,433247.09375,True,True,0.0,0.0,433247.09375,True
test_ood_test_ood_000097_40,test_ood_000097,122,random,5,5,test_ood_000097_t5_c5,little,little_1,0,0.6,0.8,121,352539.66,352539.65625,335875.65625,363662.03125,371216.0,388425.09375,LO,9708887,10597060,test_ood,371216.0,0.0,371216.0,True,True,0.0,0.0,371216.0,True
test_ood_test_ood_000097_39,test_ood_000097,122,random,5,4,test_ood_000097_t5_c4,big,big_0,0,1.0,0.9,121,145630.84,145630.84375,144999.09375,161682.53125,166551.25,178194.125,LO,9708887,10597060,test_ood,166551.25,0.0,166551.25,True,True,0.0,0.0,166551.25,True
test_ood_test_ood_000097_38,test_ood_000097,122,random,5,3,test_ood_000097_t5_c3,little,little_0,3,1.5,1.0,121,152793.94,152793.9375,150711.5,167437.71875,172272.1875,183815.34375,LO,9708887,10597060,test_ood,172272.1875,0.0,172272.1875,True,True,0.0,0.0,172272.1875,True
test_ood_test_ood_000097_21,test_ood_000097,167,high_degree,3,0,test_ood_000097_t3_c0,big,big_0,1,1.4,0.98,166,241730.16,241730.15625,231340.984375,252705.4375,259014.84375,273310.3125,LO,9708887,10597060,test_ood,259014.84375,0.0,259014.84375,True,True,0.0,0.0,259014.84375,True
test_ood_test_ood_000097_36,test_ood_000097,122,random,5,1,test_ood_000097_t5_c1,little,little_0,2,1.2,0.93,121,157077.89,157077.890625,149492.859375,166238.0625,171116.296875,182736.03125,LO,9708887,10597060,test_ood,171116.296875,0.0,171116.296875,True,True,0.0,0.0,171116.296875,True
test_ood_test_ood_000097_35,test_ood_000097,122,random,5,0,test_ood_000097_t5_c0,big,big_1,2,1.8,1.06,121,98588.12,98588.1171875,97284.796875,112015.34375,116039.546875,126184.03125,LO,9708887,10597060,test_ood,116039.546875,0.0,116039.546875,True,True,0.0,0.0,116039.546875,True
test_ood_test_ood_000097_34,test_ood_000097,52,communication_heavy,4,6,test_ood_000097_t4_c6,little,little_1,0,0.6,0.8,51,663170.4,663170.375,618822.875,668523.25,683337.25,709063.6875,LO,9708887,10597060,test_ood,683337.25,0.0,683337.25,True,True,0.0,0.0,683337.25,True
test_ood_test_ood_000097_37,test_ood_000097,122,random,5,2,test_ood_000097_t5_c2,big,big_1,3,2.2,1.15,121,76323.234,76323.234375,71890.359375,85707.140625,89545.234375,99068.546875,LO,9708887,10597060,test_ood,89545.234375,0.0,89545.234375,True,True,0.0,0.0,89545.234375,True
test_ood_test_ood_000132_19,test_ood_000132,188,middle,2,5,test_ood_000132_t2_c5,big,big_0,2,1.8,1.06,187,177971.69,177971.6875,195399.421875,214675.921875,220424.9375,233621.375,LO,1021863,1472167,test_ood,220424.9375,0.0,220424.9375,True,True,0.0,0.0,220424.9375,True
test_ood_test_ood_000132_20,test_ood_000132,188,middle,2,6,test_ood_000132_t2_c6,little,little_1,2,1.2,0.93,187,287416.3,287416.3125,309305.5625,335883.53125,343465.59375,360374.125,LO,1021863,1472167,test_ood,343465.59375,0.0,343465.59375,True,True,0.0,0.0,343465.59375,True
test_ood_test_ood_000132_01,test_ood_000132,21,source_like,0,1,test_ood_000132_t0_c1,big,big_1,3,2.2,1.15,20,34706.96,34706.9609375,37590.625,50087.21875,53833.890625,62517.234375,LO,1021863,1472167,test_ood,53833.890625,0.0,53833.890625,True,True,0.0,0.0,53833.890625,True
test_ood_test_ood_000132_02,test_ood_000132,21,source_like,0,2,test_ood_000132_t0_c2,little,little_1,3,1.5,1.0,20,80982.14,80982.140625,79235.546875,93587.921875,97560.75,107445.65625,LO,1021863,1472167,test_ood,97560.75,0.0,97560.75,True,True,0.0,0.0,97560.75,True
test_ood_test_ood_000132_03,test_ood_000132,21,source_like,0,3,test_ood_000132_t0_c3,big,big_0,0,1.0,0.9,20,83602.586,83602.5859375,77364.828125,91769.671875,95800.171875,105774.015625,LO,1021863,1472167,test_ood,95800.171875,0.0,95800.171875,True,True,0.0,0.0,95800.171875,True
test_ood_test_ood_000132_04,test_ood_000132,21,source_like,0,4,test_ood_000132_t0_c4,little,little_0,0,0.6,0.8,20,225365.19,225365.1875,197788.28125,218689.71875,225138.78125,239882.03125,LO,1021863,1472167,test_ood,225138.78125,0.0,225138.78125,False,False,0.0,0.0,225138.78125,False
test_ood_test_ood_000132_06,test_ood_000132,21,source_like,0,6,test_ood_000132_t0_c6,little,little_0,1,0.9,0.86,20,131513.95,131513.953125,130859.234375,147115.34375,151843.6875,163277.40625,LO,1021863,1472167,test_ood,151843.6875,0.0,151843.6875,True,True,0.0,0.0,151843.6875,True
test_ood_test_ood_000132_07,test_ood_000132,489,sink_like,1,0,test_ood_000132_t1_c0,big,big_0,3,2.2,1.15,488,183751.88,183751.875,204507.09375,224314.328125,230220.671875,243720.53125,LO,1021863,1472167,test_ood,230220.671875,0.0,230220.671875,True,True,0.0,0.0,230220.671875,True
test_ood_test_ood_000132_08,test_ood_000132,489,sink_like,1,1,test_ood_000132_t1_c1,little,little_1,3,1.5,1.0,488,240387.02,240387.015625,271431.34375,295302.28125,302207.1875,317740.625,LO,1021863,1472167,test_ood,302207.1875,0.0,302207.1875,True,True,0.0,0.0,302207.1875,True
test_ood_test_ood_000132_05,test_ood_000132,21,source_like,0,5,test_ood_000132_t0_c5,big,big_0,1,1.4,0.98,20,62042.742,62042.7421875,57449.0,70838.578125,74700.3125,84000.0625,LO,1021863,1472167,test_ood,74700.3125,0.0,74700.3125,True,True,0.0,0.0,74700.3125,True
test_ood_test_ood_000132_11,test_ood_000132,489,sink_like,1,4,test_ood_000132_t1_c4,big,big_1,1,1.4,0.98,488,285404.56,285404.5625,316936.15625,344103.96875,351830.125,369042.84375,LO,1021863,1472167,test_ood,351830.125,0.0,351830.125,True,True,0.0,0.0,351830.125,True
test_ood_test_ood_000132_12,test_ood_000132,489,sink_like,1,5,test_ood_000132_t1_c5,little,little_1,1,0.9,0.86,488,535241.9,535241.875,588304.0,637857.0,652580.625,679289.0,LO,1021863,1472167,test_ood,652580.625,0.0,652580.625,True,True,0.0,0.0,652580.625,True
test_ood_test_ood_000132_18,test_ood_000132,188,middle,2,4,test_ood_000132_t2_c4,little,little_0,1,0.9,0.86,187,449141.38,449141.375,471827.375,511792.8125,523257.15625,546396.1875,LO,1021863,1472167,test_ood,523257.15625,0.0,523257.15625,True,True,0.0,0.0,523257.15625,True
test_ood_test_ood_000132_14,test_ood_000132,188,middle,2,0,test_ood_000132_t2_c0,little,little_1,3,1.5,1.0,187,261636.62,261636.625,288763.78125,313884.375,321116.6875,337297.71875,LO,1021863,1472167,test_ood,321116.6875,0.0,321116.6875,True,True,0.0,0.0,321116.6875,True
test_ood_test_ood_000132_15,test_ood_000132,188,middle,2,1,test_ood_000132_t2_c1,big,big_0,0,1.0,0.9,187,316107.5,316107.5,334534.46875,363084.3125,371168.25,389079.8125,LO,1021863,1472167,test_ood,371168.25,0.0,371168.25,True,True,0.0,0.0,371168.25,True
test_ood_test_ood_000132_16,test_ood_000132,188,middle,2,2,test_ood_000132_t2_c2,little,little_0,0,0.6,0.8,187,483178.03,483178.03125,517754.65625,559397.125,571301.375,594301.875,LO,1021863,1472167,test_ood,571301.375,0.0,571301.375,True,True,0.0,0.0,571301.375,True
test_ood_test_ood_000132_17,test_ood_000132,188,middle,2,3,test_ood_000132_t2_c3,big,big_1,1,1.4,0.98,187,188114.81,188114.8125,198520.59375,217886.578125,223634.8125,236833.9375,LO,1021863,1472167,test_ood,223634.8125,0.0,223634.8125,True,True,0.0,0.0,223634.8125,True
test_ood_test_ood_000132_10,test_ood_000132,489,sink_like,1,3,test_ood_000132_t1_c3,little,little_1,0,0.6,0.8,488,611971.75,611971.75,670022.125,724220.5,740651.4375,768332.5,LO,1021863,1472167,test_ood,740651.4375,0.0,740651.4375,True,True,0.0,0.0,740651.4375,True
test_ood_test_ood_000132_00,test_ood_000132,21,source_like,0,0,test_ood_000132_t0_c0,little,little_0,2,1.2,0.93,20,98601.234,98601.234375,96467.109375,111431.484375,115571.328125,125941.875,LO,1021863,1472167,test_ood,115571.328125,0.0,115571.328125,True,True,0.0,0.0,115571.328125,True
test_ood_test_ood_000132_09,test_ood_000132,489,sink_like,1,2,test_ood_000132_t1_c2,big,big_1,0,1.0,0.9,488,346940.25,346940.25,391312.3125,424576.25,433978.75,454207.65625,LO,1021863,1472167,test_ood,433978.75,0.0,433978.75,True,True,0.0,0.0,433978.75,True
test_ood_test_ood_000132_13,test_ood_000132,489,sink_like,1,6,test_ood_000132_t1_c6,big,big_1,2,1.8,1.06,488,266293.5,266293.5,279071.03125,303530.6875,310602.5,326475.0,LO,1021863,1472167,test_ood,310602.5,0.0,310602.5,True,True,0.0,0.0,310602.5,True
test_ood_test_ood_000132_21,test_ood_000132,351,communication_heavy,3,0,test_ood_000132_t3_c0,big,big_0,0,1.0,0.9,350,517760.75,517760.75,600887.875,651758.875,667012.9375,694305.875,LO,1021863,1472167,test_ood,667012.9375,0.0,667012.9375,True,True,0.0,0.0,667012.9375,True
test_ood_test_ood_000132_41,test_ood_000132,504,diverse_fill_1,5,6,test_ood_000132_t5_c6,big,big_1,0,1.0,0.9,503,203509.66,203509.65625,217790.0625,238305.3125,244382.703125,258226.5625,LO,1021863,1472167,test_ood,244382.703125,0.0,244382.703125,True,True,0.0,0.0,244382.703125,True
test_ood_test_ood_000132_32,test_ood_000132,249,random,4,4,test_ood_000132_t4_c4,little,little_0,2,1.2,0.93,248,330540.03,330540.03125,341010.1875,370029.90625,378242.0,396375.78125,LO,1021863,1472167,test_ood,378242.0,0.0,378242.0,True,True,0.0,0.0,378242.0,True
test_ood_test_ood_000132_30,test_ood_000132,249,random,4,2,test_ood_000132_t4_c2,little,little_0,1,0.9,0.86,248,496509.75,496509.75,495997.9375,537792.6875,549829.625,573618.875,LO,1021863,1472167,test_ood,549829.625,0.0,549829.625,True,True,0.0,0.0,549829.625,True
test_ood_test_ood_000132_23,test_ood_000132,351,communication_heavy,3,2,test_ood_000132_t3_c2,big,big_0,1,1.4,0.98,350,374348.1,374348.09375,396609.34375,430321.0625,439847.0,460274.25,LO,1021863,1472167,test_ood,439847.0,0.0,439847.0,True,True,0.0,0.0,439847.0,True
test_ood_test_ood_000132_24,test_ood_000132,351,communication_heavy,3,3,test_ood_000132_t3_c3,little,little_0,1,0.9,0.86,350,504307.03,504307.03125,523436.46875,567426.25,580191.125,604756.4375,LO,1021863,1472167,test_ood,580191.125,0.0,580191.125,True,True,0.0,0.0,580191.125,True
test_ood_test_ood_000132_25,test_ood_000132,351,communication_heavy,3,4,test_ood_000132_t3_c4,big,big_0,2,1.8,1.06,350,335526.66,335526.65625,377160.25,409279.75,418353.34375,438039.6875,LO,1021863,1472167,test_ood,418353.34375,0.0,418353.34375,True,True,0.0,0.0,418353.34375,True
test_ood_test_ood_000132_27,test_ood_000132,351,communication_heavy,3,6,test_ood_000132_t3_c6,big,big_1,3,2.2,1.15,350,225814.81,225814.8125,253048.421875,275790.28125,282456.125,297477.0625,LO,1021863,1472167,test_ood,282456.125,0.0,282456.125,True,True,0.0,0.0,282456.125,True
test_ood_test_ood_000132_28,test_ood_000132,249,random,4,0,test_ood_000132_t4_c0,little,little_1,0,0.6,0.8,248,586624.6,586624.625,597330.6875,644980.25,659015.5,683919.0,LO,1021863,1472167,test_ood,659015.5,0.0,659015.5,True,True,0.0,0.0,659015.5,True
test_ood_test_ood_000132_29,test_ood_000132,249,random,4,1,test_ood_000132_t4_c1,big,big_1,1,1.4,0.98,248,341051.66,341051.65625,334424.71875,362995.625,371093.75,389019.71875,LO,1021863,1472167,test_ood,371093.75,0.0,371093.75,True,True,0.0,0.0,371093.75,True
test_ood_test_ood_000132_31,test_ood_000132,249,random,4,3,test_ood_000132_t4_c3,big,big_1,2,1.8,1.06,248,220611.45,220611.453125,222685.375,243615.5625,249846.1875,263976.84375,LO,1021863,1472167,test_ood,249846.1875,0.0,249846.1875,True,True,0.0,0.0,249846.1875,True
test_ood_test_ood_000132_26,test_ood_000132,351,communication_heavy,3,5,test_ood_000132_t3_c5,little,little_0,2,1.2,0.93,350,493615.44,493615.4375,536045.875,582004.0,595533.625,621250.25,LO,1021863,1472167,test_ood,595533.625,0.0,595533.625,True,True,0.0,0.0,595533.625,True
test_ood_test_ood_000132_33,test_ood_000132,249,random,4,5,test_ood_000132_t4_c5,big,big_0,3,2.2,1.15,248,227062.22,227062.21875,232269.53125,253813.703125,260223.125,274708.375,LO,1021863,1472167,test_ood,260223.125,0.0,260223.125,True,True,0.0,0.0,260223.125,True
test_ood_test_ood_000132_34,test_ood_000132,249,random,4,6,test_ood_000132_t4_c6,little,little_1,3,1.5,1.0,248,303227.94,303227.9375,321279.0,348827.03125,356671.0625,374087.5625,LO,1021863,1472167,test_ood,356671.0625,0.0,356671.0625,True,True,0.0,0.0,356671.0625,True
test_ood_test_ood_000132_35,test_ood_000132,504,diverse_fill_1,5,0,test_ood_000132_t5_c0,big,big_1,1,1.4,0.98,503,163206.3,163206.296875,162833.765625,180143.5625,185205.75,197139.1875,LO,1021863,1472167,test_ood,185205.75,0.0,185205.75,True,True,0.0,0.0,185205.75,True
test_ood_test_ood_000132_36,test_ood_000132,504,diverse_fill_1,5,1,test_ood_000132_t5_c1,little,little_0,1,0.9,0.86,503,348207.06,348207.0625,321856.8125,349343.40625,357139.1875,374489.28125,LO,1021863,1472167,test_ood,357139.1875,0.0,357139.1875,True,True,0.0,0.0,357139.1875,True
test_ood_test_ood_000132_37,test_ood_000132,504,diverse_fill_1,5,2,test_ood_000132_t5_c2,big,big_0,2,1.8,1.06,503,143521.94,143521.9375,155730.875,172716.046875,177647.96875,189355.9375,LO,1021863,1472167,test_ood,177647.96875,0.0,177647.96875,True,True,0.0,0.0,177647.96875,True
test_ood_test_ood_000132_38,test_ood_000132,504,diverse_fill_1,5,3,test_ood_000132_t5_c3,little,little_1,2,1.2,0.93,503,267689.3,267689.3125,260701.53125,283851.375,290575.25,305734.125,LO,1021863,1472167,test_ood,290575.25,0.0,290575.25,True,True,0.0,0.0,290575.25,True
test_ood_test_ood_000132_39,test_ood_000132,504,diverse_fill_1,5,4,test_ood_000132_t5_c4,big,big_1,3,2.2,1.15,503,119118.39,119118.390625,118411.234375,133626.765625,137844.34375,148333.46875,LO,1021863,1472167,test_ood,137844.34375,0.0,137844.34375,True,True,0.0,0.0,137844.34375,True
test_ood_test_ood_000132_22,test_ood_000132,351,communication_heavy,3,1,test_ood_000132_t3_c1,little,little_0,0,0.6,0.8,350,812668.3,812668.3125,845018.8125,918222.375,939083.9375,979158.4375,LO,1021863,1472167,test_ood,939083.9375,0.0,939083.9375,True,True,0.0,0.0,939083.9375,True
test_ood_test_ood_000132_40,test_ood_000132,504,diverse_fill_1,5,5,test_ood_000132_t5_c5,little,little_0,3,1.5,1.0,503,174358.83,174358.828125,171569.90625,189274.484375,194461.1875,206616.46875,LO,1021863,1472167,test_ood,194461.1875,0.0,194461.1875,True,True,0.0,0.0,194461.1875,True
test_ood_test_ood_000174_07,test_ood_000174,826,sink_like,1,0,test_ood_000174_t1_c0,big,big_1,0,1.0,0.9,825,251648.39,251648.390625,252924.96875,275568.4375,282153.8125,297053.6875,LO,3692021,4684983,test_ood,282153.8125,0.0,282153.8125,True,True,0.0,0.0,282153.8125,True
test_ood_test_ood_000174_05,test_ood_000174,8,source_like,0,5,test_ood_000174_t0_c5,big,big_1,2,1.8,1.06,7,63093.152,63093.15234375,64193.3125,77789.078125,81629.265625,91016.46875,LO,3692021,4684983,test_ood,81629.265625,0.0,81629.265625,True,True,0.0,0.0,81629.265625,True
test_ood_test_ood_000174_04,test_ood_000174,8,source_like,0,4,test_ood_000174_t0_c4,little,little_1,1,0.9,0.86,7,176659.36,176659.359375,181311.09375,200324.296875,206102.828125,219393.859375,LO,3692021,4684983,test_ood,206102.828125,0.0,206102.828125,True,True,0.0,0.0,206102.828125,True
test_ood_test_ood_000174_20,test_ood_000174,369,middle,2,6,test_ood_000174_t2_c6,little,little_1,3,1.5,1.0,368,195104.52,195104.515625,201949.59375,221493.125,227291.59375,240583.65625,LO,3692021,4684983,test_ood,227291.59375,0.0,227291.59375,True,True,0.0,0.0,227291.59375,True
test_ood_test_ood_000174_02,test_ood_000174,8,source_like,0,2,test_ood_000174_t0_c2,little,little_0,0,0.6,0.8,7,292582.1,292582.09375,274503.03125,299461.96875,306626.5625,323106.46875,LO,3692021,4684983,test_ood,306626.5625,0.0,306626.5625,True,True,0.0,0.0,306626.5625,True
test_ood_test_ood_000174_01,test_ood_000174,8,source_like,0,1,test_ood_000174_t0_c1,big,big_1,0,1.0,0.9,7,119844.82,119844.8203125,115295.78125,130704.546875,135031.46875,145757.59375,LO,3692021,4684983,test_ood,135031.46875,0.0,135031.46875,True,True,0.0,0.0,135031.46875,True
test_ood_test_ood_000174_08,test_ood_000174,826,sink_like,1,1,test_ood_000174_t1_c1,little,little_0,0,0.6,0.8,825,526017.06,526017.0625,543284.0,587074.875,599748.125,623496.875,LO,3692021,4684983,test_ood,599748.125,0.0,599748.125,True,True,0.0,0.0,599748.125,True
test_ood_test_ood_000174_03,test_ood_000174,8,source_like,0,3,test_ood_000174_t0_c3,big,big_1,1,1.4,0.98,7,77312.96,77312.9609375,75378.21875,89467.984375,93396.15625,103140.90625,LO,3692021,4684983,test_ood,93396.15625,0.0,93396.15625,True,True,0.0,0.0,93396.15625,True
test_ood_test_ood_000174_09,test_ood_000174,826,sink_like,1,2,test_ood_000174_t1_c2,big,big_1,1,1.4,0.98,825,233336.69,233336.6875,230719.65625,252009.5625,258284.390625,272519.3125,LO,3692021,4684983,test_ood,258284.390625,0.0,258284.390625,True,True,0.0,0.0,258284.390625,True
test_ood_test_ood_000174_12,test_ood_000174,826,sink_like,1,5,test_ood_000174_t1_c5,little,little_0,2,1.2,0.93,825,318459.06,318459.0625,304078.375,330287.375,337768.4375,354482.3125,LO,3692021,4684983,test_ood,337768.4375,0.0,337768.4375,True,True,0.0,0.0,337768.4375,True
test_ood_test_ood_000174_11,test_ood_000174,826,sink_like,1,4,test_ood_000174_t1_c4,big,big_1,2,1.8,1.06,825,194163.9,194163.90625,198511.625,217939.65625,223730.421875,237003.3125,LO,3692021,4684983,test_ood,223730.421875,0.0,223730.421875,True,True,0.0,0.0,223730.421875,True
test_ood_test_ood_000174_18,test_ood_000174,369,middle,2,4,test_ood_000174_t2_c4,little,little_1,2,1.2,0.93,368,256678.38,256678.375,269521.09375,293278.0,300161.125,315643.09375,LO,3692021,4684983,test_ood,300161.125,0.0,300161.125,True,True,0.0,0.0,300161.125,True
test_ood_test_ood_000174_10,test_ood_000174,826,sink_like,1,3,test_ood_000174_t1_c3,little,little_1,1,0.9,0.86,825,441115.8,441115.8125,474804.1875,515208.75,526847.8125,550227.5,LO,3692021,4684983,test_ood,526847.8125,0.0,526847.8125,True,True,0.0,0.0,526847.8125,True
test_ood_test_ood_000174_16,test_ood_000174,369,middle,2,2,test_ood_000174_t2_c2,little,little_1,1,0.9,0.86,368,359791.88,359791.875,366724.46875,397760.96875,406514.875,425613.59375,LO,3692021,4684983,test_ood,406514.875,0.0,406514.875,True,True,0.0,0.0,406514.875,True
test_ood_test_ood_000174_15,test_ood_000174,369,middle,2,1,test_ood_000174_t2_c1,big,big_1,1,1.4,0.98,368,213323.56,213323.5625,228908.609375,250108.125,256378.671875,270582.40625,LO,3692021,4684983,test_ood,256378.671875,0.0,256378.671875,True,True,0.0,0.0,256378.671875,True
test_ood_test_ood_000174_17,test_ood_000174,369,middle,2,3,test_ood_000174_t2_c3,big,big_0,2,1.8,1.06,368,160186.14,160186.140625,166249.71875,183844.484375,189014.84375,201146.0625,LO,3692021,4684983,test_ood,189014.84375,0.0,189014.84375,True,True,0.0,0.0,189014.84375,True
test_ood_test_ood_000174_14,test_ood_000174,369,middle,2,0,test_ood_000174_t2_c0,little,little_1,0,0.6,0.8,368,475458.3,475458.3125,477362.09375,515484.5625,526213.75,547810.375,LO,3692021,4684983,test_ood,526213.75,0.0,526213.75,True,True,0.0,0.0,526213.75,True
test_ood_test_ood_000174_13,test_ood_000174,826,sink_like,1,6,test_ood_000174_t1_c6,big,big_1,3,2.2,1.15,825,116142.234,116142.234375,126148.625,141564.859375,145887.59375,156533.59375,LO,3692021,4684983,test_ood,145887.59375,0.0,145887.59375,True,True,0.0,0.0,145887.59375,True
test_ood_test_ood_000174_00,test_ood_000174,8,source_like,0,0,test_ood_000174_t0_c0,little,little_0,3,1.5,1.0,7,111218.0,111218.0,103069.203125,118032.625,122153.265625,132488.984375,LO,3692021,4684983,test_ood,122153.265625,0.0,122153.265625,True,True,0.0,0.0,122153.265625,True
test_ood_test_ood_000174_06,test_ood_000174,8,source_like,0,6,test_ood_000174_t0_c6,little,little_0,2,1.2,0.93,7,136979.31,136979.3125,136502.625,152666.4375,157321.28125,168563.828125,LO,3692021,4684983,test_ood,157321.28125,0.0,157321.28125,True,True,0.0,0.0,157321.28125,True
test_ood_test_ood_000174_19,test_ood_000174,369,middle,2,5,test_ood_000174_t2_c5,big,big_0,3,2.2,1.15,368,119545.02,119545.0234375,123145.984375,138537.71875,142832.15625,153445.65625,LO,3692021,4684983,test_ood,142832.15625,0.0,142832.15625,True,True,0.0,0.0,142832.15625,True
test_ood_test_ood_000174_33,test_ood_000174,564,communication_heavy,4,5,test_ood_000174_t4_c5,big,big_0,0,1.0,0.9,563,366082.78,366082.78125,393932.0,427426.375,436896.4375,457233.5625,LO,3692021,4684983,test_ood,436896.4375,0.0,436896.4375,True,True,0.0,0.0,436896.4375,True
test_ood_test_ood_000174_21,test_ood_000174,521,high_degree,3,0,test_ood_000174_t3_c0,big,big_0,1,1.4,0.98,520,288505.9,288505.90625,286465.0625,311400.84375,318571.875,334664.125,LO,3692021,4684983,test_ood,318571.875,0.0,318571.875,True,True,0.0,0.0,318571.875,True
test_ood_test_ood_000174_28,test_ood_000174,564,communication_heavy,4,0,test_ood_000174_t4_c0,little,little_0,1,0.9,0.86,563,515207.34,515207.34375,531844.9375,576685.75,589763.625,614714.4375,LO,3692021,4684983,test_ood,589763.625,0.0,589763.625,True,True,0.0,0.0,589763.625,True
test_ood_test_ood_000174_27,test_ood_000174,521,high_degree,3,6,test_ood_000174_t3_c6,big,big_1,0,1.0,0.9,520,397314.97,397314.96875,429289.6875,465831.21875,476227.25,497966.09375,LO,3692021,4684983,test_ood,476227.25,0.0,476227.25,True,True,0.0,0.0,476227.25,True
test_ood_test_ood_000174_41,test_ood_000174,428,random,5,6,test_ood_000174_t5_c6,big,big_1,1,1.4,0.98,427,203819.27,203819.265625,204634.90625,224421.96875,230311.78125,243780.96875,LO,3692021,4684983,test_ood,230311.78125,0.0,230311.78125,True,True,0.0,0.0,230311.78125,True
test_ood_test_ood_000174_24,test_ood_000174,521,high_degree,3,3,test_ood_000174_t3_c3,little,little_0,2,1.2,0.93,520,328144.53,328144.53125,334425.28125,362922.78125,370996.125,388870.125,LO,3692021,4684983,test_ood,370996.125,0.0,370996.125,True,True,0.0,0.0,370996.125,True
test_ood_test_ood_000174_23,test_ood_000174,521,high_degree,3,2,test_ood_000174_t3_c2,big,big_1,2,1.8,1.06,520,258481.72,258481.71875,275208.0,299417.59375,306432.875,322190.375,LO,3692021,4684983,test_ood,306432.875,0.0,306432.875,True,True,0.0,0.0,306432.875,True
test_ood_test_ood_000174_30,test_ood_000174,564,communication_heavy,4,2,test_ood_000174_t4_c2,little,little_1,2,1.2,0.93,563,432205.97,432205.96875,467433.4375,507422.40625,518933.875,542222.25,LO,3692021,4684983,test_ood,518933.875,0.0,518933.875,True,True,0.0,0.0,518933.875,True
test_ood_test_ood_000174_25,test_ood_000174,521,high_degree,3,4,test_ood_000174_t3_c4,big,big_1,3,2.2,1.15,520,229730.03,229730.03125,241823.53125,263934.25,270472.3125,285229.9375,LO,3692021,4684983,test_ood,270472.3125,0.0,270472.3125,True,True,0.0,0.0,270472.3125,True
test_ood_test_ood_000174_31,test_ood_000174,564,communication_heavy,4,3,test_ood_000174_t4_c3,big,big_0,3,2.2,1.15,563,208947.55,208947.546875,230549.53125,251969.046875,258334.0625,272737.90625,LO,3692021,4684983,test_ood,258334.0625,0.0,258334.0625,True,True,0.0,0.0,258334.0625,True
test_ood_test_ood_000174_36,test_ood_000174,428,random,5,1,test_ood_000174_t5_c1,little,little_0,2,1.2,0.93,427,353857.62,353857.625,365903.1875,397068.0,405881.9375,425093.5,LO,3692021,4684983,test_ood,405881.9375,0.0,405881.9375,True,True,0.0,0.0,405881.9375,True
test_ood_test_ood_000174_29,test_ood_000174,564,communication_heavy,4,1,test_ood_000174_t4_c1,big,big_0,2,1.8,1.06,563,292387.44,292387.4375,296344.5625,322006.3125,329365.625,345835.5,LO,3692021,4684983,test_ood,329365.625,0.0,329365.625,True,True,0.0,0.0,329365.625,True
test_ood_test_ood_000174_34,test_ood_000174,564,communication_heavy,4,6,test_ood_000174_t4_c6,little,little_0,0,0.6,0.8,563,627595.9,627595.875,651193.25,703721.0,719569.9375,746495.1875,LO,3692021,4684983,test_ood,719569.9375,0.0,719569.9375,True,True,0.0,0.0,719569.9375,True
test_ood_test_ood_000174_35,test_ood_000174,428,random,5,0,test_ood_000174_t5_c0,big,big_0,2,1.8,1.06,427,167219.08,167219.078125,169818.65625,187578.3125,192809.953125,205047.6875,LO,3692021,4684983,test_ood,192809.953125,0.0,192809.953125,True,True,0.0,0.0,192809.953125,True
test_ood_test_ood_000174_22,test_ood_000174,521,high_degree,3,1,test_ood_000174_t3_c1,little,little_1,1,0.9,0.86,520,564716.0,564716.0,560087.375,607216.375,621077.25,646853.25,LO,3692021,4684983,test_ood,621077.25,0.0,621077.25,True,True,0.0,0.0,621077.25,True
test_ood_test_ood_000174_37,test_ood_000174,428,random,5,2,test_ood_000174_t5_c2,big,big_1,3,2.2,1.15,427,147592.77,147592.765625,161825.15625,179182.65625,184261.328125,196233.234375,LO,3692021,4684983,test_ood,184261.328125,0.0,184261.328125,True,True,0.0,0.0,184261.328125,True
test_ood_test_ood_000174_38,test_ood_000174,428,random,5,3,test_ood_000174_t5_c3,little,little_0,3,1.5,1.0,427,269578.75,269578.75,276601.28125,300863.0625,307884.8125,323631.6875,LO,3692021,4684983,test_ood,307884.8125,0.0,307884.8125,True,True,0.0,0.0,307884.8125,True
test_ood_test_ood_000174_39,test_ood_000174,428,random,5,4,test_ood_000174_t5_c4,big,big_0,0,1.0,0.9,427,279586.66,279586.65625,294007.78125,319471.5625,326761.1875,343110.96875,LO,3692021,4684983,test_ood,326761.1875,0.0,326761.1875,True,True,0.0,0.0,326761.1875,True
test_ood_test_ood_000174_40,test_ood_000174,428,random,5,5,test_ood_000174_t5_c5,little,little_0,0,0.6,0.8,427,563458.44,563458.4375,633273.0,683776.375,698840.875,724694.1875,LO,3692021,4684983,test_ood,698840.875,0.0,698840.875,True,True,0.0,0.0,698840.875,True
test_ood_test_ood_000174_32,test_ood_000174,564,communication_heavy,4,4,test_ood_000174_t4_c4,little,little_1,3,1.5,1.0,563,315450.78,315450.78125,335156.5625,363787.28125,371908.5,389865.46875,LO,3692021,4684983,test_ood,371908.5,0.0,371908.5,True,True,0.0,0.0,371908.5,True
test_ood_test_ood_000174_26,test_ood_000174,521,high_degree,3,5,test_ood_000174_t3_c5,little,little_1,3,1.5,1.0,520,337412.16,337412.15625,343018.0,372292.1875,380586.1875,398869.15625,LO,3692021,4684983,test_ood,380586.1875,0.0,380586.1875,True,True,0.0,0.0,380586.1875,True
test_ood_test_ood_000290_08,test_ood_000290,704,sink_like,1,1,test_ood_000290_t1_c1,little,little_1,1,0.9,0.86,703,439068.4,439068.40625,499263.1875,541304.0,553423.0,577286.75,LO,1332173,1561459,test_ood,553423.0,0.0,553423.0,True,True,0.0,0.0,553423.0,True
test_ood_test_ood_000290_07,test_ood_000290,704,sink_like,1,0,test_ood_000290_t1_c0,big,big_1,1,1.4,0.98,703,214260.05,214260.046875,240571.578125,262486.65625,268918.28125,283480.46875,LO,1332173,1561459,test_ood,268918.28125,0.0,268918.28125,True,True,0.0,0.0,268918.28125,True
test_ood_test_ood_000290_06,test_ood_000290,24,source_like,0,6,test_ood_000290_t0_c6,little,little_1,3,1.5,1.0,23,55664.348,55664.34765625,68840.5,82857.171875,86805.921875,96472.578125,LO,1332173,1561459,test_ood,86805.921875,0.0,86805.921875,True,True,0.0,0.0,86805.921875,True
test_ood_test_ood_000290_02,test_ood_000290,24,source_like,0,2,test_ood_000290_t0_c2,little,little_0,1,0.9,0.86,23,85553.06,85553.0625,108316.40625,123741.421875,128130.109375,138994.609375,LO,1332173,1561459,test_ood,128130.109375,0.0,128130.109375,True,True,0.0,0.0,128130.109375,True
test_ood_test_ood_000290_04,test_ood_000290,24,source_like,0,4,test_ood_000290_t0_c4,little,little_1,2,1.2,0.93,23,64500.105,64500.10546875,80947.015625,95438.1875,99464.453125,109477.71875,LO,1332173,1561459,test_ood,99464.453125,0.0,99464.453125,True,True,0.0,0.0,99464.453125,True
test_ood_test_ood_000290_03,test_ood_000290,24,source_like,0,3,test_ood_000290_t0_c3,big,big_0,2,1.8,1.06,23,29762.225,29762.224609375,37378.78125,50002.171875,53835.953125,62683.25,LO,1332173,1561459,test_ood,53835.953125,0.0,53835.953125,True,True,0.0,0.0,53835.953125,True
test_ood_test_ood_000290_20,test_ood_000290,500,middle,2,6,test_ood_000290_t2_c6,little,little_0,0,0.6,0.8,499,819716.3,819716.3125,644949.25,696677.4375,712214.5,738719.75,LO,1332173,1561459,test_ood,712214.5,0.0,712214.5,False,False,0.0,0.0,712214.5,False
test_ood_test_ood_000290_05,test_ood_000290,24,source_like,0,5,test_ood_000290_t0_c5,big,big_1,3,2.2,1.15,23,27305.994,27305.994140625,33694.328125,46237.421875,50099.953125,58938.328125,LO,1332173,1561459,test_ood,50099.953125,0.0,50099.953125,True,True,0.0,0.0,50099.953125,True
test_ood_test_ood_000290_10,test_ood_000290,704,sink_like,1,3,test_ood_000290_t1_c3,little,little_0,2,1.2,0.93,703,316490.84,316490.84375,363502.59375,394378.71875,403097.1875,422152.4375,LO,1332173,1561459,test_ood,403097.1875,0.0,403097.1875,True,True,0.0,0.0,403097.1875,True
test_ood_test_ood_000290_14,test_ood_000290,500,middle,2,0,test_ood_000290_t2_c0,little,little_1,1,0.9,0.86,499,604970.6,604970.625,506865.96875,549564.125,561903.125,586034.8125,LO,1332173,1561459,test_ood,561903.125,0.0,561903.125,False,False,0.0,0.0,561903.125,False
test_ood_test_ood_000290_12,test_ood_000290,704,sink_like,1,5,test_ood_000290_t1_c5,little,little_0,3,1.5,1.0,703,338992.22,338992.21875,381802.15625,414388.9375,423614.8125,443544.3125,LO,1332173,1561459,test_ood,423614.8125,0.0,423614.8125,True,True,0.0,0.0,423614.8125,True
test_ood_test_ood_000290_13,test_ood_000290,704,sink_like,1,6,test_ood_000290_t1_c6,big,big_1,0,1.0,0.9,703,324714.1,324714.09375,377957.375,410056.71875,419117.875,438779.375,LO,1332173,1561459,test_ood,419117.875,0.0,419117.875,True,True,0.0,0.0,419117.875,True
test_ood_test_ood_000290_15,test_ood_000290,500,middle,2,1,test_ood_000290_t2_c1,big,big_1,2,1.8,1.06,499,218979.69,218979.6875,182666.171875,201091.625,206542.28125,219180.03125,LO,1332173,1561459,test_ood,206542.28125,0.0,206542.28125,False,False,0.0,0.0,206542.28125,False
test_ood_test_ood_000290_16,test_ood_000290,500,middle,2,2,test_ood_000290_t2_c2,little,little_0,2,1.2,0.93,499,548223.75,548223.75,422631.75,458674.03125,468927.5,490464.875,LO,1332173,1561459,test_ood,468927.5,0.0,468927.5,False,False,0.0,0.0,468927.5,False
test_ood_test_ood_000290_17,test_ood_000290,500,middle,2,3,test_ood_000290_t2_c3,big,big_0,3,2.2,1.15,499,302162.0,302162.0,235906.75,257656.71875,264109.0625,278687.8125,LO,1332173,1561459,test_ood,264109.0625,0.0,264109.0625,False,False,0.0,0.0,264109.0625,False
test_ood_test_ood_000290_18,test_ood_000290,500,middle,2,4,test_ood_000290_t2_c4,little,little_1,3,1.5,1.0,499,374393.3,374393.3125,304713.0,330980.625,338495.65625,355264.46875,LO,1332173,1561459,test_ood,338495.65625,0.0,338495.65625,False,False,0.0,0.0,338495.65625,False
test_ood_test_ood_000290_09,test_ood_000290,704,sink_like,1,2,test_ood_000290_t1_c2,big,big_1,2,1.8,1.06,703,253290.98,253290.984375,269828.71875,293688.21875,300624.9375,316210.6875,LO,1332173,1561459,test_ood,300624.9375,0.0,300624.9375,True,True,0.0,0.0,300624.9375,True
test_ood_test_ood_000290_01,test_ood_000290,24,source_like,0,1,test_ood_000290_t0_c1,big,big_0,1,1.4,0.98,23,36664.09,36664.08984375,44213.6875,57036.046875,60843.796875,69778.140625,LO,1332173,1561459,test_ood,60843.796875,0.0,60843.796875,True,True,0.0,0.0,60843.796875,True
test_ood_test_ood_000290_11,test_ood_000290,704,sink_like,1,4,test_ood_000290_t1_c4,big,big_1,3,2.2,1.15,703,174702.02,174702.015625,188111.3125,206970.0,212590.25,225543.75,LO,1332173,1561459,test_ood,212590.25,0.0,212590.25,True,True,0.0,0.0,212590.25,True
test_ood_test_ood_000290_00,test_ood_000290,24,source_like,0,0,test_ood_000290_t0_c0,little,little_1,0,0.6,0.8,23,121135.586,121135.5859375,148213.1875,165759.203125,171021.3125,183430.625,LO,1332173,1561459,test_ood,171021.3125,0.0,171021.3125,True,True,0.0,0.0,171021.3125,True
test_ood_test_ood_000290_19,test_ood_000290,500,middle,2,5,test_ood_000290_t2_c5,big,big_0,0,1.0,0.9,499,478659.03,478659.03125,366339.4375,397452.375,406231.84375,425409.625,LO,1332173,1561459,test_ood,406231.84375,0.0,406231.84375,False,False,0.0,0.0,406231.84375,False
test_ood_test_ood_000290_30,test_ood_000290,385,diverse_fill_1,4,2,test_ood_000290_t4_c2,little,little_1,3,1.5,1.0,384,414017.47,414017.46875,357659.90625,388183.5625,396824.1875,415739.46875,LO,1332173,1561459,test_ood,396824.1875,0.0,396824.1875,False,False,0.0,0.0,396824.1875,False
test_ood_test_ood_000290_21,test_ood_000290,192,random,3,0,test_ood_000290_t3_c0,big,big_0,2,1.8,1.06,191,160203.69,160203.6875,142437.59375,158754.34375,163428.125,174695.0625,LO,1332173,1561459,test_ood,163428.125,0.0,163428.125,True,True,0.0,0.0,163428.125,True
test_ood_test_ood_000290_23,test_ood_000290,192,random,3,2,test_ood_000290_t3_c2,big,big_0,3,2.2,1.15,191,141010.23,141010.234375,131532.859375,147365.65625,151827.5,162740.28125,LO,1332173,1561459,test_ood,151827.5,0.0,151827.5,True,True,0.0,0.0,151827.5,True
test_ood_test_ood_000290_24,test_ood_000290,192,random,3,3,test_ood_000290_t3_c3,little,little_0,3,1.5,1.0,191,226072.61,226072.609375,200136.40625,219619.34375,225406.5,238685.59375,LO,1332173,1561459,test_ood,225406.5,0.0,225406.5,False,False,0.0,0.0,225406.5,False
test_ood_test_ood_000290_25,test_ood_000290,192,random,3,4,test_ood_000290_t3_c4,big,big_1,0,1.0,0.9,191,256741.14,256741.140625,225702.953125,246791.0625,253043.328125,267240.25,LO,1332173,1561459,test_ood,253043.328125,0.0,253043.328125,False,False,0.0,0.0,253043.328125,False
test_ood_test_ood_000290_26,test_ood_000290,192,random,3,5,test_ood_000290_t3_c5,little,little_1,0,0.6,0.8,191,426678.66,426678.65625,439936.375,474178.09375,483516.5,503040.875,LO,1332173,1561459,test_ood,483516.5,0.0,483516.5,True,True,0.0,0.0,483516.5,True
test_ood_test_ood_000290_27,test_ood_000290,192,random,3,6,test_ood_000290_t3_c6,big,big_0,1,1.4,0.98,191,191141.1,191141.09375,165949.15625,183509.90625,188671.65625,200795.34375,LO,1332173,1561459,test_ood,188671.65625,0.0,188671.65625,False,False,0.0,0.0,188671.65625,False
test_ood_test_ood_000290_29,test_ood_000290,385,diverse_fill_1,4,1,test_ood_000290_t4_c1,big,big_1,3,2.2,1.15,384,228801.61,228801.609375,200951.71875,220622.859375,226511.3125,239977.5,LO,1332173,1561459,test_ood,226511.3125,0.0,226511.3125,False,False,0.0,0.0,226511.3125,False
test_ood_test_ood_000290_31,test_ood_000290,385,diverse_fill_1,4,3,test_ood_000290_t4_c3,big,big_1,0,1.0,0.9,384,416938.4,416938.40625,344921.34375,374232.09375,382509.25,400785.9375,LO,1332173,1561459,test_ood,382509.25,0.0,382509.25,False,False,0.0,0.0,382509.25,False
test_ood_test_ood_000290_22,test_ood_000290,192,random,3,1,test_ood_000290_t3_c1,little,little_1,2,1.2,0.93,191,217043.97,217043.96875,213657.6875,234012.90625,240078.53125,253886.625,LO,1332173,1561459,test_ood,240078.53125,0.0,240078.53125,True,True,0.0,0.0,240078.53125,True
test_ood_test_ood_000290_28,test_ood_000290,385,diverse_fill_1,4,0,test_ood_000290_t4_c0,little,little_0,2,1.2,0.93,384,398691.66,398691.65625,339009.21875,367854.09375,376018.0625,394065.0,LO,1332173,1561459,test_ood,376018.0625,0.0,376018.0625,False,False,0.0,0.0,376018.0625,False
test_ood_test_ood_000290_34,test_ood_000290,385,diverse_fill_1,4,6,test_ood_000290_t4_c6,little,little_1,1,0.9,0.86,384,595154.7,595154.6875,502932.65625,545208.125,557394.125,581329.25,LO,1332173,1561459,test_ood,557394.125,0.0,557394.125,False,False,0.0,0.0,557394.125,False
test_ood_test_ood_000290_33,test_ood_000290,385,diverse_fill_1,4,5,test_ood_000290_t4_c5,big,big_1,1,1.4,0.98,384,309522.47,309522.46875,279374.78125,303847.1875,310919.1875,326793.46875,LO,1332173,1561459,test_ood,310919.1875,0.0,310919.1875,True,True,0.0,0.0,310919.1875,True
test_ood_test_ood_000290_32,test_ood_000290,385,diverse_fill_1,4,4,test_ood_000290_t4_c4,little,little_1,0,0.6,0.8,384,968382.1,968382.125,851111.25,925930.1875,947225.0,988452.125,LO,1332173,1561459,test_ood,947225.0,0.0,947225.0,False,False,0.0,0.0,947225.0,False
test_ood_test_ood_000290_40,test_ood_000290,648,diverse_fill_2,5,5,test_ood_000290_t5_c5,little,little_1,1,0.9,0.86,647,250764.33,250764.328125,258372.890625,281419.21875,288109.3125,303240.40625,LO,1332173,1561459,test_ood,288109.3125,0.0,288109.3125,True,True,0.0,0.0,288109.3125,True
test_ood_test_ood_000290_39,test_ood_000290,648,diverse_fill_2,5,4,test_ood_000290_t5_c4,big,big_0,1,1.4,0.98,647,111585.625,111585.625,119868.671875,135216.625,139500.0,150111.40625,LO,1332173,1561459,test_ood,139500.0,0.0,139500.0,True,True,0.0,0.0,139500.0,True
test_ood_test_ood_000290_41,test_ood_000290,648,diverse_fill_2,5,6,test_ood_000290_t5_c6,big,big_1,2,1.8,1.06,647,99799.35,99799.3515625,107074.6875,122000.96875,126103.390625,136405.0,LO,1332173,1561459,test_ood,126103.390625,0.0,126103.390625,True,True,0.0,0.0,126103.390625,True
test_ood_test_ood_000290_37,test_ood_000290,648,diverse_fill_2,5,2,test_ood_000290_t5_c2,big,big_0,0,1.0,0.9,647,180193.0,180193.0,199782.9375,219321.265625,225164.25,238548.984375,LO,1332173,1561459,test_ood,225164.25,0.0,225164.25,True,True,0.0,0.0,225164.25,True
test_ood_test_ood_000290_36,test_ood_000290,648,diverse_fill_2,5,1,test_ood_000290_t5_c1,little,little_0,3,1.5,1.0,647,150990.38,150990.375,151545.34375,168294.703125,173148.171875,184715.0,LO,1332173,1561459,test_ood,173148.171875,0.0,173148.171875,True,True,0.0,0.0,173148.171875,True
test_ood_test_ood_000290_35,test_ood_000290,648,diverse_fill_2,5,0,test_ood_000290_t5_c0,big,big_1,3,2.2,1.15,647,82241.12,82241.1171875,89713.46875,104122.765625,108072.46875,118027.734375,LO,1332173,1561459,test_ood,108072.46875,0.0,108072.46875,True,True,0.0,0.0,108072.46875,True
test_ood_test_ood_000290_38,test_ood_000290,648,diverse_fill_2,5,3,test_ood_000290_t5_c3,little,little_1,0,0.6,0.8,647,391701.22,391701.21875,396525.625,427856.375,436313.0625,454734.5,LO,1332173,1561459,test_ood,436313.0625,0.0,436313.0625,True,True,0.0,0.0,436313.0625,True
test_ood_test_ood_000323_07,test_ood_000323,962,sink_like,1,0,test_ood_000323_t1_c0,big,big_1,3,2.2,1.15,961,95124.81,95124.8125,97508.59375,112091.703125,116088.890625,126172.4375,LO,3739969,5562778,test_ood,116088.890625,0.0,116088.890625,True,True,0.0,21157.125,137246.015625,True
test_ood_test_ood_000323_19,test_ood_000323,541,middle,2,5,test_ood_000323_t2_c5,big,big_1,2,1.8,1.06,540,119129.79,119129.7890625,109530.03125,124529.59375,128658.640625,139007.625,LO,3739969,5562778,test_ood,128658.640625,0.0,128658.640625,True,True,0.0,21157.125,149815.765625,True
test_ood_test_ood_000323_00,test_ood_000323,42,source_like,0,0,test_ood_000323_t0_c0,little,little_1,2,1.2,0.93,41,136431.22,136431.21875,136056.265625,152231.96875,156900.59375,168166.21875,LO,3739969,5562778,test_ood,156900.59375,0.0,156900.59375,True,True,0.0,21157.125,178057.71875,True
test_ood_test_ood_000323_01,test_ood_000323,42,source_like,0,1,test_ood_000323_t0_c1,big,big_1,3,2.2,1.15,41,51346.54,51346.5390625,52218.265625,65276.640625,69051.734375,78086.15625,LO,3739969,5562778,test_ood,69051.734375,0.0,69051.734375,True,True,0.0,21157.125,90208.859375,True
test_ood_test_ood_000323_02,test_ood_000323,42,source_like,0,2,test_ood_000323_t0_c2,little,little_0,3,1.5,1.0,41,108898.94,108898.9375,113284.328125,128510.890625,132719.859375,143219.0,LO,3739969,5562778,test_ood,132719.859375,0.0,132719.859375,True,True,0.0,21157.125,153876.984375,True
test_ood_test_ood_000323_03,test_ood_000323,42,source_like,0,3,test_ood_000323_t0_c3,big,big_0,0,1.0,0.9,41,109695.734,109695.734375,114534.0,129938.515625,134277.828125,145020.578125,LO,3739969,5562778,test_ood,134277.828125,0.0,134277.828125,True,True,0.0,21157.125,155434.953125,True
test_ood_test_ood_000323_05,test_ood_000323,42,source_like,0,5,test_ood_000323_t0_c5,big,big_1,1,1.4,0.98,41,77086.97,77086.96875,76960.34375,91102.46875,95040.921875,104828.890625,LO,3739969,5562778,test_ood,95040.921875,0.0,95040.921875,True,True,0.0,21157.125,116198.046875,True
test_ood_test_ood_000323_06,test_ood_000323,42,source_like,0,6,test_ood_000323_t0_c6,little,little_0,1,0.9,0.86,41,177724.08,177724.078125,189153.984375,208452.625,214290.515625,227679.0625,LO,3739969,5562778,test_ood,214290.515625,0.0,214290.515625,True,True,0.0,21157.125,235447.640625,True
test_ood_test_ood_000323_08,test_ood_000323,962,sink_like,1,1,test_ood_000323_t1_c1,little,little_0,3,1.5,1.0,961,215912.72,215912.71875,208585.828125,228491.125,234391.09375,247872.21875,LO,3739969,5562778,test_ood,234391.09375,0.0,234391.09375,True,True,0.0,21157.125,255548.21875,True
test_ood_test_ood_000323_18,test_ood_000323,541,middle,2,4,test_ood_000323_t2_c4,little,little_0,1,0.9,0.86,540,264207.38,264207.375,247871.171875,270256.53125,276780.3125,291570.84375,LO,3739969,5562778,test_ood,276780.3125,0.0,276780.3125,True,True,0.0,21157.125,297937.4375,True
test_ood_test_ood_000323_10,test_ood_000323,962,sink_like,1,3,test_ood_000323_t1_c3,little,little_0,0,0.6,0.8,961,421511.5,421511.5,430168.875,464618.71875,474170.0625,494261.0625,LO,3739969,5562778,test_ood,474170.0625,0.0,474170.0625,True,True,0.0,21157.125,495327.1875,True
test_ood_test_ood_000323_11,test_ood_000323,962,sink_like,1,4,test_ood_000323_t1_c4,big,big_1,1,1.4,0.98,961,134375.05,134375.046875,135578.625,151513.359375,156035.34375,167033.953125,LO,3739969,5562778,test_ood,156035.34375,0.0,156035.34375,True,True,0.0,21157.125,177192.46875,True
test_ood_test_ood_000323_12,test_ood_000323,962,sink_like,1,5,test_ood_000323_t1_c5,little,little_0,1,0.9,0.86,961,290886.56,290886.5625,279418.21875,303801.0,310805.75,326581.1875,LO,3739969,5562778,test_ood,310805.75,0.0,310805.75,True,True,0.0,21157.125,331962.875,True
test_ood_test_ood_000323_13,test_ood_000323,962,sink_like,1,6,test_ood_000323_t1_c6,big,big_1,2,1.8,1.06,961,121025.09,121025.09375,118049.921875,133284.078125,137509.34375,148015.6875,LO,3739969,5562778,test_ood,137509.34375,0.0,137509.34375,True,True,0.0,21157.125,158666.46875,True
test_ood_test_ood_000323_14,test_ood_000323,541,middle,2,0,test_ood_000323_t2_c0,little,little_0,3,1.5,1.0,540,159050.86,159050.859375,147201.96875,163664.875,168398.671875,179757.28125,LO,3739969,5562778,test_ood,168398.671875,0.0,168398.671875,True,True,0.0,21157.125,189555.796875,True
test_ood_test_ood_000323_15,test_ood_000323,541,middle,2,1,test_ood_000323_t2_c1,big,big_1,0,1.0,0.9,540,240153.69,240153.6875,205410.109375,225239.71875,231147.609375,244660.84375,LO,3739969,5562778,test_ood,231147.609375,0.0,231147.609375,False,False,0.0,21157.125,252304.734375,True
test_ood_test_ood_000323_16,test_ood_000323,541,middle,2,2,test_ood_000323_t2_c2,little,little_1,0,0.6,0.8,540,387349.5,387349.5,369807.3125,399818.75,407994.875,426112.0625,LO,3739969,5562778,test_ood,407994.875,0.0,407994.875,True,True,0.0,21157.125,429152.0,True
test_ood_test_ood_000323_09,test_ood_000323,962,sink_like,1,2,test_ood_000323_t1_c2,big,big_0,0,1.0,0.9,961,203801.6,203801.59375,213045.875,233331.703125,239370.78125,253132.078125,LO,3739969,5562778,test_ood,239370.78125,0.0,239370.78125,True,True,0.0,21157.125,260527.90625,True
test_ood_test_ood_000323_17,test_ood_000323,541,middle,2,3,test_ood_000323_t2_c3,big,big_0,1,1.4,0.98,540,121754.09,121754.09375,113676.453125,128795.40625,132989.15625,143447.90625,LO,3739969,5562778,test_ood,132989.15625,0.0,132989.15625,True,True,0.0,21157.125,154146.28125,True
test_ood_test_ood_000323_04,test_ood_000323,42,source_like,0,4,test_ood_000323_t0_c4,little,little_1,0,0.6,0.8,41,297020.03,297020.03125,294001.53125,319840.0,327079.625,343737.5,LO,3739969,5562778,test_ood,327079.625,0.0,327079.625,True,True,0.0,21157.125,348236.75,True
test_ood_test_ood_000323_20,test_ood_000323,541,middle,2,6,test_ood_000323_t2_c6,little,little_1,2,1.2,0.93,540,231492.17,231492.171875,213214.5625,233373.984375,239330.03125,252934.859375,LO,3739969,5562778,test_ood,239330.03125,0.0,239330.03125,True,True,0.0,21157.125,260487.15625,True
test_ood_test_ood_000323_28,test_ood_000323,857,communication_heavy,4,0,test_ood_000323_t4_c0,little,little_0,0,0.6,0.8,856,673395.5,673395.5,678925.625,734058.25,750775.875,778892.125,LO,3739969,5562778,test_ood,750775.875,0.0,750775.875,True,True,0.0,21157.125,771933.0,True
test_ood_test_ood_000323_31,test_ood_000323,857,communication_heavy,4,3,test_ood_000323_t4_c3,big,big_0,2,1.8,1.06,856,174634.7,174634.703125,193325.390625,212485.5,218199.03125,231328.515625,LO,3739969,5562778,test_ood,218199.03125,0.0,218199.03125,True,True,0.0,21157.125,239356.15625,True
test_ood_test_ood_000323_41,test_ood_000323,418,random,5,6,test_ood_000323_t5_c6,big,big_1,0,1.0,0.9,417,124199.945,124199.9453125,117145.953125,132807.859375,137245.5,148190.8125,LO,3739969,5562778,test_ood,137245.5,0.0,137245.5,True,True,0.0,21157.125,158402.625,True
test_ood_test_ood_000323_27,test_ood_000323,471,high_degree,3,6,test_ood_000323_t3_c6,big,big_1,3,2.2,1.15,470,128017.81,128017.8125,99222.71875,113995.15625,118035.984375,128216.53125,LO,3739969,5562778,test_ood,118035.984375,0.0,118035.984375,False,False,0.0,21157.125,139193.109375,True
test_ood_test_ood_000323_26,test_ood_000323,471,high_degree,3,5,test_ood_000323_t3_c5,little,little_0,2,1.2,0.93,470,196224.0,196224.0,171953.875,189846.03125,195138.421875,207494.34375,LO,3739969,5562778,test_ood,195138.421875,0.0,195138.421875,False,False,0.0,21157.125,216295.546875,True
test_ood_test_ood_000323_22,test_ood_000323,471,high_degree,3,1,test_ood_000323_t3_c1,little,little_1,0,0.6,0.8,470,337176.28,337176.28125,314085.28125,340802.28125,348190.9375,365095.375,LO,3739969,5562778,test_ood,348190.9375,0.0,348190.9375,True,True,0.0,21157.125,369348.0625,True
test_ood_test_ood_000323_24,test_ood_000323,471,high_degree,3,3,test_ood_000323_t3_c3,little,little_0,1,0.9,0.86,470,201678.5,201678.5,200363.078125,220231.0625,226194.0625,239847.71875,LO,3739969,5562778,test_ood,226194.0625,0.0,226194.0625,True,True,0.0,21157.125,247351.1875,True
test_ood_test_ood_000323_29,test_ood_000323,857,communication_heavy,4,1,test_ood_000323_t4_c1,big,big_1,1,1.4,0.98,856,226905.9,226905.90625,252365.15625,275059.1875,281699.875,296680.28125,LO,3739969,5562778,test_ood,281699.875,0.0,281699.875,True,True,0.0,21157.125,302857.0,True
test_ood_test_ood_000323_25,test_ood_000323,471,high_degree,3,4,test_ood_000323_t3_c4,big,big_0,2,1.8,1.06,470,156017.3,156017.296875,119248.21875,134654.921875,138937.234375,149561.84375,LO,3739969,5562778,test_ood,138937.234375,0.0,138937.234375,False,False,0.0,21157.125,160094.359375,True
test_ood_test_ood_000323_30,test_ood_000323,857,communication_heavy,4,2,test_ood_000323_t4_c2,little,little_0,1,0.9,0.86,856,459610.12,459610.125,486015.0,527084.0625,538897.625,562445.75,LO,3739969,5562778,test_ood,538897.625,0.0,538897.625,True,True,0.0,21157.125,560054.75,True
test_ood_test_ood_000323_35,test_ood_000323,418,random,5,0,test_ood_000323_t5_c0,big,big_1,1,1.4,0.98,417,131782.1,131782.09375,115054.9375,130490.875,134811.28125,145532.71875,LO,3739969,5562778,test_ood,134811.28125,0.0,134811.28125,True,True,0.0,21157.125,155968.40625,True
test_ood_test_ood_000323_23,test_ood_000323,471,high_degree,3,2,test_ood_000323_t3_c2,big,big_1,1,1.4,0.98,470,147111.4,147111.40625,125826.984375,141475.75,145886.703125,156723.765625,LO,3739969,5562778,test_ood,145886.703125,0.0,145886.703125,False,False,0.0,21157.125,167043.828125,True
test_ood_test_ood_000323_33,test_ood_000323,857,communication_heavy,4,5,test_ood_000323_t4_c5,big,big_1,3,2.2,1.15,856,210851.36,210851.359375,216133.171875,236706.59375,242862.28125,256840.25,LO,3739969,5562778,test_ood,242862.28125,0.0,242862.28125,True,True,0.0,21157.125,264019.40625,True
test_ood_test_ood_000323_34,test_ood_000323,857,communication_heavy,4,6,test_ood_000323_t4_c6,little,little_1,3,1.5,1.0,856,234896.5,234896.5,241832.25,263804.0625,270253.90625,284841.53125,LO,3739969,5562778,test_ood,270253.90625,0.0,270253.90625,True,True,0.0,21157.125,291411.03125,True
test_ood_test_ood_000323_36,test_ood_000323,418,random,5,1,test_ood_000323_t5_c1,little,little_1,1,0.9,0.86,417,211206.6,211206.59375,196505.9375,216277.21875,222247.234375,235927.9375,LO,3739969,5562778,test_ood,222247.234375,0.0,222247.234375,True,True,0.0,21157.125,243404.359375,True
test_ood_test_ood_000323_37,test_ood_000323,418,random,5,2,test_ood_000323_t5_c2,big,big_0,2,1.8,1.06,417,88105.89,88105.890625,75592.34375,89615.359375,93524.90625,103241.21875,LO,3739969,5562778,test_ood,93524.90625,0.0,93524.90625,True,True,0.0,21157.125,114682.03125,True
test_ood_test_ood_000323_38,test_ood_000323,418,random,5,3,test_ood_000323_t5_c3,little,little_0,2,1.2,0.93,417,153934.58,153934.578125,143904.46875,160448.875,165249.25,176753.796875,LO,3739969,5562778,test_ood,165249.25,0.0,165249.25,True,True,0.0,21157.125,186406.375,True
test_ood_test_ood_000323_39,test_ood_000323,418,random,5,4,test_ood_000323_t5_c4,big,big_0,3,2.2,1.15,417,65193.37,65193.37109375,59638.140625,72967.359375,76756.890625,85969.09375,LO,3739969,5562778,test_ood,76756.890625,0.0,76756.890625,True,True,0.0,21157.125,97914.015625,True
test_ood_test_ood_000323_40,test_ood_000323,418,random,5,5,test_ood_000323_t5_c5,little,little_1,3,1.5,1.0,417,125338.06,125338.0625,112102.203125,127280.734375,131494.25,142002.828125,LO,3739969,5562778,test_ood,131494.25,0.0,131494.25,True,True,0.0,21157.125,152651.375,True
test_ood_test_ood_000323_32,test_ood_000323,857,communication_heavy,4,4,test_ood_000323_t4_c4,little,little_1,2,1.2,0.93,856,351458.84,351458.84375,378794.15625,411028.0625,420142.1875,439875.125,LO,3739969,5562778,test_ood,420142.1875,0.0,420142.1875,True,True,0.0,21157.125,441299.3125,True
test_ood_test_ood_000323_21,test_ood_000323,471,high_degree,3,0,test_ood_000323_t3_c0,big,big_1,0,1.0,0.9,470,172203.95,172203.953125,150075.96875,167051.9375,172032.75,183874.09375,LO,3739969,5562778,test_ood,172032.75,0.0,172032.75,False,False,0.0,21157.125,193189.875,True
test_ood_test_ood_000343_07,test_ood_000343,675,sink_like,1,0,test_ood_000343_t1_c0,little,little_1,1,0.9,0.86,674,281788.94,281788.9375,321406.125,348888.0,356683.78125,374035.9375,LO,8359015,12374072,test_ood,356683.78125,0.0,356683.78125,True,True,0.0,21157.125,377840.90625,True
test_ood_test_ood_000343_06,test_ood_000343,1,source_like,0,6,test_ood_000343_t0_c6,big,big_1,0,1.0,0.9,0,80515.14,80515.140625,84118.9375,98805.234375,102903.25,113100.96875,LO,8359015,12374072,test_ood,102903.25,0.0,102903.25,True,True,0.0,21157.125,124060.375,True
test_ood_test_ood_000343_05,test_ood_000343,1,source_like,0,5,test_ood_000343_t0_c5,little,little_1,3,1.5,1.0,0,75550.06,75550.0625,78888.640625,93204.640625,97169.140625,107033.65625,LO,8359015,12374072,test_ood,97169.140625,0.0,97169.140625,True,True,0.0,21157.125,118326.265625,True
test_ood_test_ood_000343_01,test_ood_000343,1,source_like,0,1,test_ood_000343_t0_c1,little,little_1,1,0.9,0.86,0,125631.35,125631.3515625,126102.328125,142121.578125,146734.578125,157964.578125,LO,8359015,12374072,test_ood,146734.578125,0.0,146734.578125,True,True,0.0,21157.125,167891.703125,True
test_ood_test_ood_000343_03,test_ood_000343,1,source_like,0,3,test_ood_000343_t0_c3,little,little_0,2,1.2,0.93,0,102393.125,102393.125,102013.0625,117091.421875,121285.796875,131774.703125,LO,8359015,12374072,test_ood,121285.796875,0.0,121285.796875,True,True,0.0,21157.125,142442.921875,True
test_ood_test_ood_000343_02,test_ood_000343,1,source_like,0,2,test_ood_000343_t0_c2,big,big_1,2,1.8,1.06,0,43597.91,43597.91015625,45168.453125,57971.96875,61746.1875,70633.765625,LO,8359015,12374072,test_ood,61746.1875,0.0,61746.1875,True,True,0.0,21157.125,82903.3125,True
test_ood_test_ood_000343_08,test_ood_000343,675,sink_like,1,1,test_ood_000343_t1_c1,big,big_0,2,1.8,1.06,674,112241.414,112241.4140625,126882.5625,142409.0,146753.96875,157452.890625,LO,8359015,12374072,test_ood,146753.96875,0.0,146753.96875,True,True,0.0,21157.125,167911.09375,True
test_ood_test_ood_000343_04,test_ood_000343,1,source_like,0,4,test_ood_000343_t0_c4,big,big_1,3,2.2,1.15,0,37065.477,37065.4765625,40100.65625,52723.5625,56505.1875,65312.203125,LO,8359015,12374072,test_ood,56505.1875,0.0,56505.1875,True,True,0.0,21157.125,77662.3125,True
test_ood_test_ood_000343_09,test_ood_000343,675,sink_like,1,2,test_ood_000343_t1_c2,little,little_1,2,1.2,0.93,674,237181.38,237181.375,266936.3125,290481.375,297288.65625,312625.1875,LO,8359015,12374072,test_ood,297288.65625,0.0,297288.65625,True,True,0.0,21157.125,318445.78125,True
test_ood_test_ood_000343_12,test_ood_000343,675,sink_like,1,5,test_ood_000343_t1_c5,big,big_1,0,1.0,0.9,674,160934.56,160934.5625,181257.75,199584.09375,205008.375,217599.03125,LO,8359015,12374072,test_ood,205008.375,0.0,205008.375,True,True,0.0,21157.125,226165.5,True
test_ood_test_ood_000343_11,test_ood_000343,675,sink_like,1,4,test_ood_000343_t1_c4,little,little_1,3,1.5,1.0,674,178135.78,178135.78125,200364.140625,219728.140625,225452.375,238603.5625,LO,8359015,12374072,test_ood,225452.375,0.0,225452.375,True,True,0.0,21157.125,246609.5,True
test_ood_test_ood_000343_10,test_ood_000343,675,sink_like,1,3,test_ood_000343_t1_c3,big,big_0,3,2.2,1.15,674,99595.32,99595.3203125,110968.375,125939.15625,130056.28125,140376.015625,LO,8359015,12374072,test_ood,130056.28125,0.0,130056.28125,True,True,0.0,21157.125,151213.40625,True
test_ood_test_ood_000343_17,test_ood_000343,340,middle,2,3,test_ood_000343_t2_c3,little,little_0,3,1.5,1.0,339,116013.87,116013.8671875,122726.40625,138198.125,142529.625,153225.4375,LO,8359015,12374072,test_ood,142529.625,0.0,142529.625,True,True,0.0,21157.125,163686.75,True
test_ood_test_ood_000343_16,test_ood_000343,340,middle,2,2,test_ood_000343_t2_c2,big,big_0,3,2.2,1.15,339,61055.83,61055.828125,66201.453125,79778.921875,83587.734375,92961.59375,LO,8359015,12374072,test_ood,83587.734375,0.0,83587.734375,True,True,0.0,21157.125,104744.859375,True
test_ood_test_ood_000343_15,test_ood_000343,340,middle,2,1,test_ood_000343_t2_c1,little,little_1,2,1.2,0.93,339,185713.0,185713.0,178535.078125,196766.84375,202174.34375,214734.96875,LO,8359015,12374072,test_ood,202174.34375,0.0,202174.34375,True,True,0.0,21157.125,223331.46875,True
test_ood_test_ood_000343_18,test_ood_000343,340,middle,2,4,test_ood_000343_t2_c4,big,big_1,0,1.0,0.9,339,150556.17,150556.171875,148518.609375,165486.90625,170482.53125,182359.859375,LO,8359015,12374072,test_ood,170482.53125,0.0,170482.53125,True,True,0.0,21157.125,191639.65625,True
test_ood_test_ood_000343_14,test_ood_000343,340,middle,2,0,test_ood_000343_t2_c0,big,big_0,2,1.8,1.06,339,99473.44,99473.4375,95398.828125,110060.1875,114088.25,124225.65625,LO,8359015,12374072,test_ood,114088.25,0.0,114088.25,True,True,0.0,21157.125,135245.375,True
test_ood_test_ood_000343_13,test_ood_000343,675,sink_like,1,6,test_ood_000343_t1_c6,little,little_1,0,0.6,0.8,674,350549.4,350549.40625,400650.9375,433432.875,442548.84375,462169.46875,LO,8359015,12374072,test_ood,442548.84375,0.0,442548.84375,True,True,0.0,21157.125,463705.96875,True
test_ood_test_ood_000343_20,test_ood_000343,340,middle,2,6,test_ood_000343_t2_c6,big,big_1,1,1.4,0.98,339,103841.05,103841.046875,106529.84375,121569.015625,125727.203125,136139.296875,LO,8359015,12374072,test_ood,125727.203125,0.0,125727.203125,True,True,0.0,21157.125,146884.328125,True
test_ood_test_ood_000343_00,test_ood_000343,1,source_like,0,0,test_ood_000343_t0_c0,big,big_1,1,1.4,0.98,0,61316.39,61316.390625,64866.328125,78633.40625,82546.640625,92082.046875,LO,8359015,12374072,test_ood,82546.640625,0.0,82546.640625,True,True,0.0,21157.125,103703.765625,True
test_ood_test_ood_000343_19,test_ood_000343,340,middle,2,5,test_ood_000343_t2_c5,little,little_0,0,0.6,0.8,339,277773.9,277773.90625,283656.25,309056.4375,316330.5625,332988.46875,LO,8359015,12374072,test_ood,316330.5625,0.0,316330.5625,True,True,0.0,21157.125,337487.6875,True
test_ood_test_ood_000343_34,test_ood_000343,371,random,4,6,test_ood_000343_t4_c6,big,big_0,2,1.8,1.06,370,193703.33,193703.328125,191948.625,211005.796875,216683.15625,229742.46875,LO,8359015,12374072,test_ood,216683.15625,0.0,216683.15625,True,True,0.0,21157.125,237840.28125,True
test_ood_test_ood_000343_21,test_ood_000343,191,high_degree,3,0,test_ood_000343_t3_c0,little,little_0,2,1.2,0.93,190,441258.3,441258.3125,452853.25,491582.28125,502687.9375,525444.5625,LO,8359015,12374072,test_ood,502687.9375,0.0,502687.9375,True,True,0.0,21157.125,523845.0625,True
test_ood_test_ood_000343_31,test_ood_000343,371,random,4,3,test_ood_000343_t4_c3,little,little_1,0,0.6,0.8,370,607294.1,607294.125,609261.0,658013.625,672456.375,697738.25,LO,8359015,12374072,test_ood,672456.375,0.0,672456.375,True,True,0.0,21157.125,693613.5,True
test_ood_test_ood_000343_23,test_ood_000343,191,high_degree,3,2,test_ood_000343_t3_c2,little,little_0,3,1.5,1.0,190,318056.88,318056.875,308041.6875,334545.625,342119.75,359009.0625,LO,8359015,12374072,test_ood,342119.75,0.0,342119.75,True,True,0.0,21157.125,363276.875,True
test_ood_test_ood_000343_24,test_ood_000343,191,high_degree,3,3,test_ood_000343_t3_c3,big,big_0,0,1.0,0.9,190,426289.5,426289.5,402019.0625,436165.84375,445823.875,466453.5,LO,8359015,12374072,test_ood,445823.875,0.0,445823.875,True,True,0.0,21157.125,466981.0,True
test_ood_test_ood_000343_25,test_ood_000343,191,high_degree,3,4,test_ood_000343_t3_c4,little,little_0,0,0.6,0.8,190,814671.75,814671.75,822056.25,892900.25,913610.4375,951631.6875,LO,8359015,12374072,test_ood,913610.4375,0.0,913610.4375,True,True,0.0,21157.125,934767.5625,True
test_ood_test_ood_000343_27,test_ood_000343,191,high_degree,3,6,test_ood_000343_t3_c6,little,little_1,1,0.9,0.86,190,544683.94,544683.9375,540585.1875,585919.125,599137.25,624190.875,LO,8359015,12374072,test_ood,599137.25,0.0,599137.25,True,True,0.0,21157.125,620294.375,True
test_ood_test_ood_000343_28,test_ood_000343,371,random,4,0,test_ood_000343_t4_c0,big,big_0,3,2.2,1.15,370,144877.53,144877.53125,143998.28125,160315.078125,164986.25,176232.65625,LO,8359015,12374072,test_ood,164986.25,0.0,164986.25,True,True,0.0,21157.125,186143.375,True
test_ood_test_ood_000343_29,test_ood_000343,371,random,4,1,test_ood_000343_t4_c1,little,little_0,3,1.5,1.0,370,221620.25,221620.25,237566.59375,259239.921875,265604.09375,280018.75,LO,8359015,12374072,test_ood,265604.09375,0.0,265604.09375,True,True,0.0,21157.125,286761.21875,True
test_ood_test_ood_000343_30,test_ood_000343,371,random,4,2,test_ood_000343_t4_c2,big,big_1,0,1.0,0.9,370,252991.78,252991.78125,271909.78125,295845.0625,302759.75,318338.4375,LO,8359015,12374072,test_ood,302759.75,0.0,302759.75,True,True,0.0,21157.125,323916.875,True
test_ood_test_ood_000343_32,test_ood_000343,371,random,4,4,test_ood_000343_t4_c4,big,big_0,1,1.4,0.98,370,235569.66,235569.65625,238038.296875,259805.890625,266215.28125,280712.34375,LO,8359015,12374072,test_ood,266215.28125,0.0,266215.28125,True,True,0.0,21157.125,287372.40625,True
test_ood_test_ood_000343_26,test_ood_000343,191,high_degree,3,5,test_ood_000343_t3_c5,big,big_1,1,1.4,0.98,190,283549.75,283549.75,281499.03125,306100.15625,313197.21875,329128.75,LO,8359015,12374072,test_ood,313197.21875,0.0,313197.21875,True,True,0.0,21157.125,334354.34375,True
test_ood_test_ood_000343_33,test_ood_000343,371,random,4,5,test_ood_000343_t4_c5,little,little_1,1,0.9,0.86,370,413021.03,413021.03125,414874.625,450022.8125,459981.46875,481046.1875,LO,8359015,12374072,test_ood,459981.46875,0.0,459981.46875,True,True,0.0,21157.125,481138.59375,True
test_ood_test_ood_000343_35,test_ood_000343,15,diverse_fill_1,5,0,test_ood_000343_t5_c0,little,little_0,3,1.5,1.0,14,77412.4,77412.3984375,88489.34375,103077.359375,107114.59375,117227.609375,LO,8359015,12374072,test_ood,107114.59375,0.0,107114.59375,True,True,0.0,21157.125,128271.71875,True
test_ood_test_ood_000343_22,test_ood_000343,191,high_degree,3,1,test_ood_000343_t3_c1,big,big_1,3,2.2,1.15,190,226885.38,226885.375,235219.21875,256953.6875,263409.375,277998.0625,LO,8359015,12374072,test_ood,263409.375,0.0,263409.375,True,True,0.0,21157.125,284566.5,True
test_ood_test_ood_000343_37,test_ood_000343,15,diverse_fill_1,5,2,test_ood_000343_t5_c2,little,little_0,0,0.6,0.8,14,163592.66,163592.65625,170248.0,189256.125,195064.890625,208498.578125,LO,8359015,12374072,test_ood,195064.890625,0.0,195064.890625,True,True,0.0,21157.125,216222.015625,True
test_ood_test_ood_000343_38,test_ood_000343,15,diverse_fill_1,5,3,test_ood_000343_t5_c3,big,big_1,1,1.4,0.98,14,57718.41,57718.41015625,63628.5,77254.6875,81142.90625,90619.9375,LO,8359015,12374072,test_ood,81142.90625,0.0,81142.90625,True,True,0.0,21157.125,102300.03125,True
test_ood_test_ood_000343_39,test_ood_000343,15,diverse_fill_1,5,4,test_ood_000343_t5_c4,little,little_0,1,0.9,0.86,14,133411.06,133411.0625,139618.953125,156218.375,161096.5625,172772.4375,LO,8359015,12374072,test_ood,161096.5625,0.0,161096.5625,True,True,0.0,21157.125,182253.6875,True
test_ood_test_ood_000343_40,test_ood_000343,15,diverse_fill_1,5,5,test_ood_000343_t5_c5,big,big_1,2,1.8,1.06,14,50022.035,50022.03515625,57852.390625,71220.90625,75091.9375,84430.703125,LO,8359015,12374072,test_ood,75091.9375,0.0,75091.9375,True,True,0.0,21157.125,96249.0625,True
test_ood_test_ood_000343_41,test_ood_000343,15,diverse_fill_1,5,6,test_ood_000343_t5_c6,little,little_0,2,1.2,0.93,14,94363.36,94363.359375,105392.875,120514.34375,124729.515625,135251.875,LO,8359015,12374072,test_ood,124729.515625,0.0,124729.515625,True,True,0.0,21157.125,145886.640625,True
test_ood_test_ood_000343_36,test_ood_000343,15,diverse_fill_1,5,1,test_ood_000343_t5_c1,big,big_1,0,1.0,0.9,14,74150.76,74150.7578125,83526.28125,98085.4375,102159.6875,112298.90625,LO,8359015,12374072,test_ood,102159.6875,0.0,102159.6875,True,True,0.0,21157.125,123316.8125,True
test_ood_test_ood_000392_08,test_ood_000392,39,sink_like,1,1,test_ood_000392_t1_c1,big,big_0,1,1.4,0.98,38,297217.94,297217.9375,298913.46875,324762.90625,332163.40625,348715.6875,LO,8841455,13058613,test_ood,332163.40625,0.0,332163.40625,True,True,0.0,21157.125,353320.53125,True
test_ood_test_ood_000392_07,test_ood_000392,39,sink_like,1,0,test_ood_000392_t1_c0,little,little_1,0,0.6,0.8,38,589542.3,589542.3125,608444.25,656661.25,670890.9375,695847.75,LO,8841455,13058613,test_ood,670890.9375,0.0,670890.9375,True,True,0.0,21157.125,692048.0625,True
test_ood_test_ood_000392_06,test_ood_000392,5,source_like,0,6,test_ood_000392_t0_c6,big,big_0,3,2.2,1.15,4,21264.332,21264.33203125,23756.390625,36344.5,40400.953125,49436.859375,LO,8841455,13058613,test_ood,40400.953125,0.0,40400.953125,True,True,0.0,21157.125,61558.078125,True
test_ood_test_ood_000392_10,test_ood_000392,39,sink_like,1,3,test_ood_000392_t1_c3,big,big_0,2,1.8,1.06,38,197431.03,197431.03125,194175.96875,213403.75,219143.71875,232322.734375,LO,8841455,13058613,test_ood,219143.71875,0.0,219143.71875,True,True,0.0,21157.125,240300.84375,True
test_ood_test_ood_000392_03,test_ood_000392,5,source_like,0,3,test_ood_000392_t0_c3,little,little_0,1,0.9,0.86,4,72025.13,72025.1328125,70710.40625,85180.53125,89384.4375,99592.890625,LO,8841455,13058613,test_ood,89384.4375,0.0,89384.4375,True,True,0.0,21157.125,110541.5625,True
test_ood_test_ood_000392_02,test_ood_000392,5,source_like,0,2,test_ood_000392_t0_c2,big,big_1,1,1.4,0.98,4,29935.191,29935.19140625,28184.40625,40617.328125,44511.921875,53310.125,LO,8841455,13058613,test_ood,44511.921875,0.0,44511.921875,True,True,0.0,21157.125,65669.046875,True
test_ood_test_ood_000392_09,test_ood_000392,39,sink_like,1,2,test_ood_000392_t1_c2,little,little_0,1,0.9,0.86,38,483928.53,483928.53125,478604.0,518984.84375,530559.0625,553806.0,LO,8841455,13058613,test_ood,530559.0625,0.0,530559.0625,True,True,0.0,21157.125,551716.1875,True
test_ood_test_ood_000392_04,test_ood_000392,5,source_like,0,4,test_ood_000392_t0_c4,big,big_0,2,1.8,1.06,4,24817.041,24817.041015625,25794.8125,38201.75,42121.40625,50930.125,LO,8841455,13058613,test_ood,42121.40625,0.0,42121.40625,True,True,0.0,21157.125,63278.53125,True
test_ood_test_ood_000392_00,test_ood_000392,5,source_like,0,0,test_ood_000392_t0_c0,big,big_1,0,1.0,0.9,4,43592.758,43592.7578125,36110.03125,48650.15625,52482.3125,61325.375,LO,8841455,13058613,test_ood,52482.3125,0.0,52482.3125,True,True,0.0,21157.125,73639.4375,True
test_ood_test_ood_000392_19,test_ood_000392,380,middle,2,5,test_ood_000392_t2_c5,little,little_1,3,1.5,1.0,379,206243.78,206243.78125,208716.4375,228728.25,234687.25,248280.78125,LO,8841455,13058613,test_ood,234687.25,0.0,234687.25,True,True,0.0,21157.125,255844.375,True
test_ood_test_ood_000392_12,test_ood_000392,39,sink_like,1,5,test_ood_000392_t1_c5,big,big_1,3,2.2,1.15,38,168415.03,168415.03125,168216.15625,185933.59375,191153.28125,203377.125,LO,8841455,13058613,test_ood,191153.28125,0.0,191153.28125,True,True,0.0,21157.125,212310.40625,True
test_ood_test_ood_000392_13,test_ood_000392,39,sink_like,1,6,test_ood_000392_t1_c6,little,little_1,3,1.5,1.0,38,329296.6,329296.59375,326103.96875,354052.03125,362001.65625,379624.9375,LO,8841455,13058613,test_ood,362001.65625,0.0,362001.65625,True,True,0.0,21157.125,383158.78125,True
test_ood_test_ood_000392_14,test_ood_000392,380,middle,2,0,test_ood_000392_t2_c0,big,big_1,1,1.4,0.98,379,154851.83,154851.828125,148642.46875,165249.03125,170046.796875,181516.9375,LO,8841455,13058613,test_ood,170046.796875,0.0,170046.796875,True,True,0.0,21157.125,191203.921875,True
test_ood_test_ood_000392_01,test_ood_000392,5,source_like,0,1,test_ood_000392_t0_c1,little,little_1,0,0.6,0.8,4,107907.586,107907.5859375,96520.203125,111862.203125,116302.375,127260.140625,LO,8841455,13058613,test_ood,116302.375,0.0,116302.375,True,True,0.0,21157.125,137459.5,True
test_ood_test_ood_000392_15,test_ood_000392,380,middle,2,1,test_ood_000392_t2_c1,little,little_1,1,0.9,0.86,379,356342.9,356342.90625,362071.0625,392691.53125,401326.71875,420206.6875,LO,8841455,13058613,test_ood,401326.71875,0.0,401326.71875,True,True,0.0,21157.125,422483.84375,True
test_ood_test_ood_000392_16,test_ood_000392,380,middle,2,2,test_ood_000392_t2_c2,big,big_0,2,1.8,1.06,379,122665.81,122665.8125,123520.015625,138949.40625,143265.0,153918.21875,LO,8841455,13058613,test_ood,143265.0,0.0,143265.0,True,True,0.0,21157.125,164422.125,True
test_ood_test_ood_000392_17,test_ood_000392,380,middle,2,3,test_ood_000392_t2_c3,little,little_1,2,1.2,0.93,379,287700.3,287700.3125,276410.625,300609.03125,307593.40625,323277.8125,LO,8841455,13058613,test_ood,307593.40625,0.0,307593.40625,True,True,0.0,21157.125,328750.53125,True
test_ood_test_ood_000392_18,test_ood_000392,380,middle,2,4,test_ood_000392_t2_c4,big,big_1,3,2.2,1.15,379,116446.84,116446.84375,113902.0625,129034.71875,133215.09375,143650.9375,LO,8841455,13058613,test_ood,133215.09375,0.0,133215.09375,True,True,0.0,21157.125,154372.21875,True
test_ood_test_ood_000392_11,test_ood_000392,39,sink_like,1,4,test_ood_000392_t1_c4,little,little_1,2,1.2,0.93,38,362347.38,362347.375,345385.78125,374775.65625,383089.6875,401412.53125,LO,8841455,13058613,test_ood,383089.6875,0.0,383089.6875,True,True,0.0,21157.125,404246.8125,True
test_ood_test_ood_000392_21,test_ood_000392,587,high_degree,3,0,test_ood_000392_t3_c0,little,little_1,1,0.9,0.86,586,283763.1,283763.09375,270027.46875,293772.03125,300614.375,316060.1875,LO,8841455,13058613,test_ood,300614.375,0.0,300614.375,True,True,0.0,21157.125,321771.5,True
test_ood_test_ood_000392_05,test_ood_000392,5,source_like,0,5,test_ood_000392_t0_c5,little,little_0,2,1.2,0.93,4,57638.996,57638.99609375,54143.984375,67678.234375,71669.96875,81137.265625,LO,8841455,13058613,test_ood,71669.96875,0.0,71669.96875,True,True,0.0,21157.125,92827.09375,True
test_ood_test_ood_000392_20,test_ood_000392,380,middle,2,6,test_ood_000392_t2_c6,big,big_0,0,1.0,0.9,379,230562.45,230562.453125,222228.03125,243122.671875,249341.125,263454.8125,LO,8841455,13058613,test_ood,249341.125,0.0,249341.125,True,True,0.0,21157.125,270498.25,True
test_ood_test_ood_000392_23,test_ood_000392,587,high_degree,3,2,test_ood_000392_t3_c2,little,little_0,2,1.2,0.93,586,244939.97,244939.96875,233213.125,254566.234375,260824.25,275038.4375,LO,8841455,13058613,test_ood,260824.25,0.0,260824.25,True,True,0.0,21157.125,281981.375,True
test_ood_test_ood_000392_26,test_ood_000392,587,high_degree,3,5,test_ood_000392_t3_c5,big,big_1,0,1.0,0.9,586,282913.53,282913.53125,255553.1875,278351.46875,284968.40625,299929.375,LO,8841455,13058613,test_ood,284968.40625,0.0,284968.40625,True,True,0.0,21157.125,306125.53125,True
test_ood_test_ood_000392_31,test_ood_000392,282,communication_heavy,4,3,test_ood_000392_t4_c3,little,little_0,3,1.5,1.0,281,413138.72,413138.71875,365771.59375,397016.78125,405862.28125,425135.78125,LO,8841455,13058613,test_ood,405862.28125,0.0,405862.28125,False,False,0.0,21157.125,427019.40625,True
test_ood_test_ood_000392_24,test_ood_000392,587,high_degree,3,3,test_ood_000392_t3_c3,big,big_0,3,2.2,1.15,586,162966.72,162966.71875,144369.625,160787.0,165472.9375,176762.59375,LO,8841455,13058613,test_ood,165472.9375,0.0,165472.9375,True,True,0.0,21157.125,186630.0625,True
test_ood_test_ood_000392_25,test_ood_000392,587,high_degree,3,4,test_ood_000392_t3_c4,little,little_0,3,1.5,1.0,586,213697.05,213697.046875,212337.15625,232437.28125,238377.328125,251945.1875,LO,8841455,13058613,test_ood,238377.328125,0.0,238377.328125,True,True,0.0,21157.125,259534.453125,True
test_ood_test_ood_000392_27,test_ood_000392,587,high_degree,3,6,test_ood_000392_t3_c6,little,little_0,0,0.6,0.8,586,467692.94,467692.9375,418196.96875,452263.46875,461758.5,481909.21875,LO,8841455,13058613,test_ood,461758.5,0.0,461758.5,False,False,0.0,21157.125,482915.625,True
test_ood_test_ood_000392_28,test_ood_000392,282,communication_heavy,4,0,test_ood_000392_t4_c0,big,big_0,2,1.8,1.06,281,269996.25,269996.25,241476.859375,263517.25,270010.28125,284683.25,LO,8841455,13058613,test_ood,270010.28125,0.0,270010.28125,True,True,0.0,21157.125,291167.40625,True
test_ood_test_ood_000392_30,test_ood_000392,282,communication_heavy,4,2,test_ood_000392_t4_c2,big,big_0,3,2.2,1.15,281,240886.73,240886.734375,212616.65625,232983.609375,239076.546875,252936.765625,LO,8841455,13058613,test_ood,239076.546875,0.0,239076.546875,False,False,0.0,21157.125,260233.671875,True
test_ood_test_ood_000392_32,test_ood_000392,282,communication_heavy,4,4,test_ood_000392_t4_c4,big,big_1,0,1.0,0.9,281,374303.8,374303.8125,348110.3125,377759.53125,386137.0625,404603.4375,LO,8841455,13058613,test_ood,386137.0625,0.0,386137.0625,True,True,0.0,21157.125,407294.1875,True
test_ood_test_ood_000392_36,test_ood_000392,17,random,5,1,test_ood_000392_t5_c1,big,big_1,3,2.2,1.15,16,47953.508,47953.5078125,46325.875,59132.53125,62901.78125,71815.265625,LO,8841455,13058613,test_ood,62901.78125,0.0,62901.78125,True,True,0.0,21157.125,84058.90625,True
test_ood_test_ood_000392_29,test_ood_000392,282,communication_heavy,4,1,test_ood_000392_t4_c1,little,little_0,2,1.2,0.93,281,344292.75,344292.75,317740.09375,344975.40625,352721.4375,369961.78125,LO,8841455,13058613,test_ood,352721.4375,0.0,352721.4375,True,True,0.0,21157.125,373878.5625,True
test_ood_test_ood_000392_35,test_ood_000392,17,random,5,0,test_ood_000392_t5_c0,little,little_1,2,1.2,0.93,16,100246.94,100246.9375,104092.25,119190.1875,123372.4375,133838.46875,LO,8841455,13058613,test_ood,123372.4375,0.0,123372.4375,True,True,0.0,21157.125,144529.5625,True
test_ood_test_ood_000392_33,test_ood_000392,282,communication_heavy,4,5,test_ood_000392_t4_c5,little,little_1,0,0.6,0.8,281,683069.3,683069.3125,609874.6875,658814.5,673343.375,698773.625,LO,8841455,13058613,test_ood,673343.375,0.0,673343.375,False,False,0.0,21157.125,694500.5,True
test_ood_test_ood_000392_34,test_ood_000392,282,communication_heavy,4,6,test_ood_000392_t4_c6,big,big_1,1,1.4,0.98,281,262604.7,262604.6875,235172.328125,256717.53125,263042.84375,277394.375,LO,8841455,13058613,test_ood,263042.84375,0.0,263042.84375,True,True,0.0,21157.125,284199.96875,True
test_ood_test_ood_000392_41,test_ood_000392,17,random,5,6,test_ood_000392_t5_c6,little,little_1,1,0.9,0.86,16,147610.12,147610.125,145643.90625,162606.8125,167626.53125,179564.5625,LO,8841455,13058613,test_ood,167626.53125,0.0,167626.53125,True,True,0.0,21157.125,188783.65625,True
test_ood_test_ood_000392_40,test_ood_000392,17,random,5,5,test_ood_000392_t5_c5,big,big_0,1,1.4,0.98,16,63638.17,63638.171875,63985.96875,77629.09375,81497.609375,90936.953125,LO,8841455,13058613,test_ood,81497.609375,0.0,81497.609375,True,True,0.0,21157.125,102654.734375,True
test_ood_test_ood_000392_22,test_ood_000392,587,high_degree,3,1,test_ood_000392_t3_c1,big,big_0,2,1.8,1.06,586,109416.5,109416.5,112832.234375,127804.796875,131945.140625,142297.125,LO,8841455,13058613,test_ood,131945.140625,0.0,131945.140625,True,True,0.0,21157.125,153102.265625,True
test_ood_test_ood_000392_39,test_ood_000392,17,random,5,4,test_ood_000392_t5_c4,little,little_1,0,0.6,0.8,16,192475.67,192475.671875,200991.53125,221934.0,228391.875,243121.53125,LO,8841455,13058613,test_ood,228391.875,0.0,228391.875,True,True,0.0,21157.125,249549.0,True
test_ood_test_ood_000392_38,test_ood_000392,17,random,5,3,test_ood_000392_t5_c3,big,big_0,0,1.0,0.9,16,87817.23,87817.2265625,90157.140625,104977.25,109104.171875,119411.40625,LO,8841455,13058613,test_ood,109104.171875,0.0,109104.171875,True,True,0.0,21157.125,130261.296875,True
test_ood_test_ood_000392_37,test_ood_000392,17,random,5,2,test_ood_000392_t5_c2,little,little_0,3,1.5,1.0,16,82214.875,82214.875,84472.78125,98909.03125,102893.421875,112866.328125,LO,8841455,13058613,test_ood,102893.421875,0.0,102893.421875,True,True,0.0,21157.125,124050.546875,True
test_ood_test_ood_000427_07,test_ood_000427,10,sink_like,1,0,test_ood_000427_t1_c0,big,big_1,2,1.8,1.06,9,113654.86,113654.859375,109559.265625,124476.28125,128592.078125,138905.8125,LO,23033584,24180320,test_ood,128592.078125,0.0,128592.078125,True,True,0.0,21157.125,149749.203125,True
test_ood_test_ood_000427_00,test_ood_000427,3,source_like,0,0,test_ood_000427_t0_c0,little,little_1,1,0.9,0.86,2,220009.05,220009.046875,197132.5,216838.203125,222811.40625,236438.546875,LO,23033584,24180320,test_ood,222811.40625,0.0,222811.40625,True,True,0.0,21157.125,243968.53125,True
test_ood_test_ood_000427_01,test_ood_000427,3,source_like,0,1,test_ood_000427_t0_c1,big,big_1,2,1.8,1.06,2,76440.36,76440.359375,67057.296875,80751.40625,84601.28125,94062.171875,LO,23033584,24180320,test_ood,84601.28125,0.0,84601.28125,True,True,0.0,21157.125,105758.40625,True
test_ood_test_ood_000427_02,test_ood_000427,3,source_like,0,2,test_ood_000427_t0_c2,little,little_1,2,1.2,0.93,2,162595.88,162595.875,158269.78125,175296.546875,180274.734375,192040.78125,LO,23033584,24180320,test_ood,180274.734375,0.0,180274.734375,True,True,0.0,21157.125,201431.859375,True
test_ood_test_ood_000427_03,test_ood_000427,3,source_like,0,3,test_ood_000427_t0_c3,big,big_0,3,2.2,1.15,2,58085.453,58085.453125,54575.1875,67712.34375,71482.265625,80554.015625,LO,23033584,24180320,test_ood,71482.265625,0.0,71482.265625,True,True,0.0,21157.125,92639.390625,True
test_ood_test_ood_000427_05,test_ood_000427,3,source_like,0,5,test_ood_000427_t0_c5,big,big_1,0,1.0,0.9,2,119639.97,119639.96875,116157.046875,131701.6875,136108.921875,146973.78125,LO,23033584,24180320,test_ood,136108.921875,0.0,136108.921875,True,True,0.0,21157.125,157266.046875,True
test_ood_test_ood_000427_06,test_ood_000427,3,source_like,0,6,test_ood_000427_t0_c6,little,little_0,0,0.6,0.8,2,328813.47,328813.46875,304297.9375,330477.9375,337739.25,354439.90625,LO,23033584,24180320,test_ood,337739.25,0.0,337739.25,True,True,0.0,21157.125,358896.375,True
test_ood_test_ood_000427_19,test_ood_000427,491,middle,2,5,test_ood_000427_t2_c5,big,big_1,1,1.4,0.98,490,155142.75,155142.75,158010.5625,175046.03125,180008.765625,191761.6875,LO,23033584,24180320,test_ood,180008.765625,0.0,180008.765625,True,True,0.0,21157.125,201165.890625,True
test_ood_test_ood_000427_08,test_ood_000427,10,sink_like,1,1,test_ood_000427_t1_c1,little,little_1,2,1.2,0.93,9,261337.05,261337.046875,254561.671875,277318.625,283949.875,298912.4375,LO,23033584,24180320,test_ood,283949.875,0.0,283949.875,True,True,0.0,21157.125,305107.0,True
test_ood_test_ood_000427_17,test_ood_000427,491,middle,2,3,test_ood_000427_t2_c3,big,big_1,0,1.0,0.9,490,229484.12,229484.125,245405.453125,267557.34375,274018.65625,288655.0,LO,23033584,24180320,test_ood,274018.65625,0.0,274018.65625,True,True,0.0,21157.125,295175.78125,True
test_ood_test_ood_000427_10,test_ood_000427,10,sink_like,1,3,test_ood_000427_t1_c3,little,little_0,3,1.5,1.0,9,197604.9,197604.90625,178443.8125,196685.9375,202089.484375,214639.421875,LO,23033584,24180320,test_ood,202089.484375,0.0,202089.484375,True,True,0.0,21157.125,223246.609375,True
test_ood_test_ood_000427_11,test_ood_000427,10,sink_like,1,4,test_ood_000427_t1_c4,big,big_1,0,1.0,0.9,9,200787.7,200787.703125,194213.96875,213455.21875,219220.234375,232444.34375,LO,23033584,24180320,test_ood,219220.234375,0.0,219220.234375,True,True,0.0,21157.125,240377.359375,True
test_ood_test_ood_000427_12,test_ood_000427,10,sink_like,1,5,test_ood_000427_t1_c5,little,little_1,0,0.6,0.8,9,503330.3,503330.3125,470931.5625,508184.625,518606.3125,539648.875,LO,23033584,24180320,test_ood,518606.3125,0.0,518606.3125,True,True,0.0,21157.125,539763.4375,True
test_ood_test_ood_000427_13,test_ood_000427,10,sink_like,1,6,test_ood_000427_t1_c6,big,big_0,1,1.4,0.98,9,172006.88,172006.875,160930.046875,178205.5,183257.984375,195180.0625,LO,23033584,24180320,test_ood,183257.984375,0.0,183257.984375,True,True,0.0,21157.125,204415.109375,True
test_ood_test_ood_000427_14,test_ood_000427,491,middle,2,0,test_ood_000427_t2_c0,little,little_1,2,1.2,0.93,490,244132.19,244132.1875,267843.21875,291448.875,298268.8125,313633.28125,LO,23033584,24180320,test_ood,298268.8125,0.0,298268.8125,True,True,0.0,21157.125,319425.9375,True
test_ood_test_ood_000427_15,test_ood_000427,491,middle,2,1,test_ood_000427_t2_c1,big,big_0,3,2.2,1.15,490,125413.15,125413.1484375,129061.421875,144748.8125,149140.34375,159928.53125,LO,23033584,24180320,test_ood,149140.34375,0.0,149140.34375,True,True,0.0,21157.125,170297.46875,True
test_ood_test_ood_000427_16,test_ood_000427,491,middle,2,2,test_ood_000427_t2_c2,little,little_0,3,1.5,1.0,490,153255.75,153255.75,168804.40625,186334.03125,191456.78125,203494.96875,LO,23033584,24180320,test_ood,191456.78125,0.0,191456.78125,True,True,0.0,21157.125,212613.90625,True
test_ood_test_ood_000427_09,test_ood_000427,10,sink_like,1,2,test_ood_000427_t1_c2,big,big_1,3,2.2,1.15,9,120353.016,120353.015625,116849.609375,132102.25,136314.28125,146809.0625,LO,23033584,24180320,test_ood,136314.28125,0.0,136314.28125,True,True,0.0,21157.125,157471.40625,True
test_ood_test_ood_000427_18,test_ood_000427,491,middle,2,4,test_ood_000427_t2_c4,little,little_0,0,0.6,0.8,490,263224.8,263224.8125,321531.3125,348972.84375,356657.3125,374004.34375,LO,23033584,24180320,test_ood,356657.3125,0.0,356657.3125,True,True,0.0,21157.125,377814.4375,True
test_ood_test_ood_000427_04,test_ood_000427,3,source_like,0,4,test_ood_000427_t0_c4,little,little_1,3,1.5,1.0,2,141188.42,141188.421875,128455.484375,144148.4375,148551.265625,159358.9375,LO,23033584,24180320,test_ood,148551.265625,0.0,148551.265625,True,True,0.0,21157.125,169708.390625,True
test_ood_test_ood_000427_20,test_ood_000427,491,middle,2,6,test_ood_000427_t2_c6,little,little_1,1,0.9,0.86,490,255947.1,255947.09375,283982.78125,308690.0625,315769.28125,331702.59375,LO,23033584,24180320,test_ood,315769.28125,0.0,315769.28125,True,True,0.0,21157.125,336926.40625,True
test_ood_test_ood_000427_23,test_ood_000427,915,high_degree,3,2,test_ood_000427_t3_c2,big,big_1,0,1.0,0.9,914,197674.67,197674.671875,205716.0625,225485.84375,231355.40625,244785.890625,LO,23033584,24180320,test_ood,231355.40625,0.0,231355.40625,True,True,0.0,21157.125,252512.53125,True
test_ood_test_ood_000427_31,test_ood_000427,197,communication_heavy,4,3,test_ood_000427_t4_c3,big,big_1,1,1.4,0.98,196,222786.83,222786.828125,212761.84375,233038.796875,239069.625,252813.21875,LO,23033584,24180320,test_ood,239069.625,0.0,239069.625,True,True,0.0,21157.125,260226.75,True
test_ood_test_ood_000427_41,test_ood_000427,692,random,5,6,test_ood_000427_t5_c6,big,big_1,3,2.2,1.15,691,104833.68,104833.6796875,124760.78125,140299.140625,144623.46875,155305.34375,LO,23033584,24180320,test_ood,144623.46875,0.0,144623.46875,True,True,0.0,21157.125,165780.59375,True
test_ood_test_ood_000427_28,test_ood_000427,197,communication_heavy,4,0,test_ood_000427_t4_c0,little,little_0,3,1.5,1.0,196,298841.88,298841.875,277652.25,301985.53125,309021.84375,324802.625,LO,23033584,24180320,test_ood,309021.84375,0.0,309021.84375,True,True,0.0,21157.125,330178.96875,True
test_ood_test_ood_000427_27,test_ood_000427,915,high_degree,3,6,test_ood_000427_t3_c6,big,big_0,2,1.8,1.06,914,121397.14,121397.140625,132781.046875,148588.640625,153044.6875,163933.8125,LO,23033584,24180320,test_ood,153044.6875,0.0,153044.6875,True,True,0.0,21157.125,174201.8125,True
test_ood_test_ood_000427_26,test_ood_000427,915,high_degree,3,5,test_ood_000427_t3_c5,little,little_0,1,0.9,0.86,914,279238.4,279238.40625,298683.28125,324438.5,331784.8125,348251.625,LO,23033584,24180320,test_ood,331784.8125,0.0,331784.8125,True,True,0.0,21157.125,352941.9375,True
test_ood_test_ood_000427_22,test_ood_000427,915,high_degree,3,1,test_ood_000427_t3_c1,little,little_0,3,1.5,1.0,914,177991.72,177991.71875,177974.546875,196048.875,201364.78125,213755.4375,LO,23033584,24180320,test_ood,201364.78125,0.0,201364.78125,True,True,0.0,21157.125,222521.90625,True
test_ood_test_ood_000427_29,test_ood_000427,197,communication_heavy,4,1,test_ood_000427_t4_c1,big,big_0,0,1.0,0.9,196,235432.84,235432.84375,239287.71875,261172.25,267612.4375,282187.71875,LO,23033584,24180320,test_ood,267612.4375,0.0,267612.4375,True,True,0.0,21157.125,288769.5625,True
test_ood_test_ood_000427_25,test_ood_000427,915,high_degree,3,4,test_ood_000427_t3_c4,big,big_0,1,1.4,0.98,914,173363.64,173363.640625,193170.71875,212232.3125,217905.9375,230949.671875,LO,23033584,24180320,test_ood,217905.9375,0.0,217905.9375,True,True,0.0,21157.125,239063.0625,True
test_ood_test_ood_000427_30,test_ood_000427,197,communication_heavy,4,2,test_ood_000427_t4_c2,little,little_1,0,0.6,0.8,196,666388.6,666388.625,625150.9375,674747.875,689480.25,714900.4375,LO,23033584,24180320,test_ood,689480.25,0.0,689480.25,True,True,0.0,21157.125,710637.375,True
test_ood_test_ood_000427_35,test_ood_000427,692,random,5,0,test_ood_000427_t5_c0,big,big_1,0,1.0,0.9,691,198800.48,198800.484375,214426.625,234739.921875,240762.5625,254499.328125,LO,23033584,24180320,test_ood,240762.5625,0.0,240762.5625,True,True,0.0,21157.125,261919.6875,True
test_ood_test_ood_000427_24,test_ood_000427,915,high_degree,3,3,test_ood_000427_t3_c3,little,little_1,0,0.6,0.8,914,351281.44,351281.4375,353615.4375,383173.5625,391399.65625,409687.0,LO,23033584,24180320,test_ood,391399.65625,0.0,391399.65625,True,True,0.0,21157.125,412556.78125,True
test_ood_test_ood_000427_33,test_ood_000427,197,communication_heavy,4,5,test_ood_000427_t4_c5,big,big_0,2,1.8,1.06,196,163557.4,163557.40625,165740.4375,183273.703125,188423.21875,200514.15625,LO,23033584,24180320,test_ood,188423.21875,0.0,188423.21875,True,True,0.0,21157.125,209580.34375,True
test_ood_test_ood_000427_32,test_ood_000427,197,communication_heavy,4,4,test_ood_000427_t4_c4,little,little_0,1,0.9,0.86,196,425806.5,425806.5,444482.9375,482093.8125,492804.0625,514941.15625,LO,23033584,24180320,test_ood,492804.0625,0.0,492804.0625,True,True,0.0,21157.125,513961.1875,True
test_ood_test_ood_000427_40,test_ood_000427,692,random,5,5,test_ood_000427_t5_c5,little,little_0,2,1.2,0.93,691,210897.6,210897.59375,216238.0625,236608.75,242633.578125,256369.75,LO,23033584,24180320,test_ood,242633.578125,0.0,242633.578125,True,True,0.0,21157.125,263790.703125,True
test_ood_test_ood_000427_39,test_ood_000427,692,random,5,4,test_ood_000427_t5_c4,big,big_0,2,1.8,1.06,691,98336.234,98336.234375,106210.953125,120994.140625,125066.15625,135297.78125,LO,23033584,24180320,test_ood,125066.15625,0.0,125066.15625,True,True,0.0,21157.125,146223.28125,True
test_ood_test_ood_000427_38,test_ood_000427,692,random,5,3,test_ood_000427_t5_c3,little,little_1,1,0.9,0.86,691,248436.72,248436.71875,260093.4375,283240.96875,289953.03125,305129.65625,LO,23033584,24180320,test_ood,289953.03125,0.0,289953.03125,True,True,0.0,21157.125,311110.15625,True
test_ood_test_ood_000427_21,test_ood_000427,915,high_degree,3,0,test_ood_000427_t3_c0,big,big_1,3,2.2,1.15,914,94037.914,94037.9140625,103882.84375,118629.515625,122674.890625,132860.984375,LO,23033584,24180320,test_ood,122674.890625,0.0,122674.890625,True,True,0.0,21157.125,143832.015625,True
test_ood_test_ood_000427_36,test_ood_000427,692,random,5,1,test_ood_000427_t5_c1,little,little_1,0,0.6,0.8,691,411001.5,411001.5,412693.8125,446185.125,455486.375,475342.0,LO,23033584,24180320,test_ood,455486.375,0.0,455486.375,True,True,0.0,21157.125,476643.5,True
test_ood_test_ood_000427_34,test_ood_000427,197,communication_heavy,4,6,test_ood_000427_t4_c6,little,little_0,2,1.2,0.93,196,343762.47,343762.46875,331595.03125,359913.5,367947.09375,385734.6875,LO,23033584,24180320,test_ood,367947.09375,0.0,367947.09375,True,True,0.0,21157.125,389104.21875,True
test_ood_test_ood_000427_37,test_ood_000427,692,random,5,2,test_ood_000427_t5_c2,big,big_0,1,1.4,0.98,691,177022.1,177022.09375,178238.90625,196451.375,201845.3125,214376.0625,LO,23033584,24180320,test_ood,201845.3125,0.0,201845.3125,True,True,0.0,21157.125,223002.4375,True
test_ood_test_ood_000447_08,test_ood_000447,29,sink_like,1,1,test_ood_000447_t1_c1,little,little_0,0,0.6,0.8,28,445000.6,445000.59375,419112.0,452680.75,461936.875,481616.53125,LO,27578175,27735777,test_ood,461936.875,0.0,461936.875,True,True,0.0,21157.125,483094.0,True
test_ood_test_ood_000447_01,test_ood_000447,1,source_like,0,1,test_ood_000447_t0_c1,big,big_0,0,1.0,0.9,0,117335.95,117335.953125,106678.9375,121878.125,126094.8125,136636.78125,LO,27578175,27735777,test_ood,126094.8125,0.0,126094.8125,True,True,0.0,21157.125,147251.9375,True
test_ood_test_ood_000447_02,test_ood_000447,1,source_like,0,2,test_ood_000447_t0_c2,little,little_1,0,0.6,0.8,0,255834.55,255834.546875,248923.671875,272859.25,280002.1875,296316.40625,LO,27578175,27735777,test_ood,280002.1875,0.0,280002.1875,True,True,0.0,21157.125,301159.3125,True
test_ood_test_ood_000447_03,test_ood_000447,1,source_like,0,3,test_ood_000447_t0_c3,big,big_0,1,1.4,0.98,0,82632.16,82632.15625,79726.328125,94072.15625,98003.359375,107809.53125,LO,27578175,27735777,test_ood,98003.359375,0.0,98003.359375,True,True,0.0,21157.125,119160.484375,True
test_ood_test_ood_000447_04,test_ood_000447,1,source_like,0,4,test_ood_000447_t0_c4,little,little_0,1,0.9,0.86,0,178880.83,178880.828125,175647.453125,194208.59375,199814.0,212774.328125,LO,27578175,27735777,test_ood,199814.0,0.0,199814.0,True,True,0.0,21157.125,220971.125,True
test_ood_test_ood_000447_05,test_ood_000447,1,source_like,0,5,test_ood_000447_t0_c5,big,big_1,2,1.8,1.06,0,57939.875,57939.875,57122.21875,70376.65625,74162.65625,83308.203125,LO,27578175,27735777,test_ood,74162.65625,0.0,74162.65625,True,True,0.0,21157.125,95319.78125,True
test_ood_test_ood_000447_06,test_ood_000447,1,source_like,0,6,test_ood_000447_t0_c6,little,little_1,2,1.2,0.93,0,131561.69,131561.6875,131696.546875,147614.984375,152162.65625,163222.875,LO,27578175,27735777,test_ood,152162.65625,0.0,152162.65625,True,True,0.0,21157.125,173319.78125,True
test_ood_test_ood_000447_07,test_ood_000447,29,sink_like,1,0,test_ood_000447_t1_c0,big,big_1,0,1.0,0.9,28,243364.67,243364.671875,229867.046875,251123.140625,257389.453125,271619.5,LO,27578175,27735777,test_ood,257389.453125,0.0,257389.453125,True,True,0.0,21157.125,278546.578125,True
test_ood_test_ood_000447_09,test_ood_000447,29,sink_like,1,2,test_ood_000447_t1_c2,big,big_1,1,1.4,0.98,28,183742.39,183742.390625,180858.15625,199245.765625,204702.65625,217352.4375,LO,27578175,27735777,test_ood,204702.65625,0.0,204702.65625,True,True,0.0,21157.125,225859.78125,True
test_ood_test_ood_000447_20,test_ood_000447,376,middle,2,6,test_ood_000447_t2_c6,little,little_1,3,1.5,1.0,375,184522.58,184522.578125,211553.625,231575.09375,237483.015625,250991.8125,LO,27578175,27735777,test_ood,237483.015625,0.0,237483.015625,True,True,0.0,21157.125,258640.140625,True
test_ood_test_ood_000447_11,test_ood_000447,29,sink_like,1,4,test_ood_000447_t1_c4,big,big_0,2,1.8,1.06,28,152247.75,152247.75,134064.90625,149950.140625,154441.03125,165391.6875,LO,27578175,27735777,test_ood,154441.03125,0.0,154441.03125,True,True,0.0,21157.125,175598.15625,True
test_ood_test_ood_000447_10,test_ood_000447,29,sink_like,1,3,test_ood_000447_t1_c3,little,little_1,1,0.9,0.86,28,260472.05,260472.046875,255428.296875,278304.625,284956.59375,300011.125,LO,27578175,27735777,test_ood,284956.59375,0.0,284956.59375,True,True,0.0,21157.125,306113.71875,True
test_ood_test_ood_000447_17,test_ood_000447,376,middle,2,3,test_ood_000447_t2_c3,big,big_1,2,1.8,1.06,375,114324.45,114324.453125,130907.46875,146598.671875,151014.03125,161830.0,LO,27578175,27735777,test_ood,151014.03125,0.0,151014.03125,True,True,0.0,21157.125,172171.15625,True
test_ood_test_ood_000447_16,test_ood_000447,376,middle,2,2,test_ood_000447_t2_c2,little,little_0,1,0.9,0.86,375,302376.4,302376.40625,317782.59375,344980.34375,352699.25,369906.9375,LO,27578175,27735777,test_ood,352699.25,0.0,352699.25,True,True,0.0,21157.125,373856.375,True
test_ood_test_ood_000447_15,test_ood_000447,376,middle,2,1,test_ood_000447_t2_c1,big,big_0,1,1.4,0.98,375,168798.47,168798.46875,185275.875,203868.40625,209388.609375,222147.90625,LO,27578175,27735777,test_ood,209388.609375,0.0,209388.609375,True,True,0.0,21157.125,230545.734375,True
test_ood_test_ood_000447_18,test_ood_000447,376,middle,2,4,test_ood_000447_t2_c4,little,little_1,2,1.2,0.93,375,171929.02,171929.015625,197522.09375,216693.546875,222350.75,235384.21875,LO,27578175,27735777,test_ood,222350.75,0.0,222350.75,True,True,0.0,21157.125,243507.875,True
test_ood_test_ood_000447_14,test_ood_000447,376,middle,2,0,test_ood_000447_t2_c0,little,little_0,0,0.6,0.8,375,375464.25,375464.25,401516.84375,434519.5625,443725.8125,463518.0,LO,27578175,27735777,test_ood,443725.8125,0.0,443725.8125,True,True,0.0,21157.125,464882.9375,True
test_ood_test_ood_000447_13,test_ood_000447,29,sink_like,1,6,test_ood_000447_t1_c6,big,big_1,3,2.2,1.15,28,117075.04,117075.0390625,110976.171875,125979.53125,130109.234375,140454.84375,LO,27578175,27735777,test_ood,130109.234375,0.0,130109.234375,True,True,0.0,21157.125,151266.359375,True
test_ood_test_ood_000447_00,test_ood_000447,1,source_like,0,0,test_ood_000447_t0_c0,little,little_0,3,1.5,1.0,0,99123.586,99123.5859375,100118.90625,115050.34375,119146.90625,129436.859375,LO,27578175,27735777,test_ood,119146.90625,0.0,119146.90625,True,True,0.0,21157.125,140304.03125,True
test_ood_test_ood_000447_12,test_ood_000447,29,sink_like,1,5,test_ood_000447_t1_c5,little,little_1,2,1.2,0.93,28,232375.0,232375.0,216292.875,236692.25,242729.1875,256493.0,LO,27578175,27735777,test_ood,242729.1875,0.0,242729.1875,True,True,0.0,21157.125,263886.3125,True
test_ood_test_ood_000447_19,test_ood_000447,376,middle,2,5,test_ood_000447_t2_c5,big,big_0,3,2.2,1.15,375,91539.055,91539.0546875,104918.046875,119667.328125,123718.21875,133913.1875,LO,27578175,27735777,test_ood,123718.21875,0.0,123718.21875,True,True,0.0,21157.125,144875.34375,True
test_ood_test_ood_000447_21,test_ood_000447,131,high_degree,3,0,test_ood_000447_t3_c0,big,big_0,1,1.4,0.98,130,98074.98,98074.9765625,110614.171875,125728.8125,129900.546875,140335.9375,LO,27578175,27735777,test_ood,129900.546875,0.0,129900.546875,True,True,0.0,21157.125,151057.671875,True
test_ood_test_ood_000447_31,test_ood_000447,490,communication_heavy,4,3,test_ood_000447_t4_c3,big,big_1,3,2.2,1.15,489,167759.39,167759.390625,170023.734375,187774.28125,192997.46875,205223.28125,LO,27578175,27735777,test_ood,192997.46875,0.0,192997.46875,True,True,0.0,21157.125,214154.59375,True
test_ood_test_ood_000447_23,test_ood_000447,131,high_degree,3,2,test_ood_000447_t3_c2,big,big_0,2,1.8,1.06,130,87670.8,87670.796875,101192.640625,116027.28125,120080.8125,130292.78125,LO,27578175,27735777,test_ood,120080.8125,0.0,120080.8125,True,True,0.0,21157.125,141237.9375,True
test_ood_test_ood_000447_24,test_ood_000447,131,high_degree,3,3,test_ood_000447_t3_c3,little,little_0,2,1.2,0.93,130,171266.73,171266.734375,191056.78125,209913.09375,215494.546875,228381.25,LO,27578175,27735777,test_ood,215494.546875,0.0,215494.546875,True,True,0.0,21157.125,236651.671875,True
test_ood_test_ood_000447_25,test_ood_000447,131,high_degree,3,4,test_ood_000447_t3_c4,big,big_1,3,2.2,1.15,130,83970.36,83970.359375,97338.921875,112111.46875,116126.515625,126258.921875,LO,27578175,27735777,test_ood,116126.515625,0.0,116126.515625,True,True,0.0,21157.125,137283.640625,True
test_ood_test_ood_000447_27,test_ood_000447,131,high_degree,3,6,test_ood_000447_t3_c6,big,big_0,0,1.0,0.9,130,139549.95,139549.953125,165851.25,183583.453125,188860.828125,201210.0,LO,27578175,27735777,test_ood,188860.828125,0.0,188860.828125,True,True,0.0,21157.125,210017.953125,True
test_ood_test_ood_000447_28,test_ood_000447,490,communication_heavy,4,0,test_ood_000447_t4_c0,little,little_1,1,0.9,0.86,489,412204.4,412204.40625,412235.625,447296.5625,457246.0625,478319.96875,LO,27578175,27735777,test_ood,457246.0625,0.0,457246.0625,True,True,0.0,21157.125,478403.1875,True
test_ood_test_ood_000447_29,test_ood_000447,490,communication_heavy,4,1,test_ood_000447_t4_c1,big,big_0,2,1.8,1.06,489,272146.47,272146.46875,270181.0625,294030.15625,300943.6875,316490.4375,LO,27578175,27735777,test_ood,300943.6875,0.0,300943.6875,True,True,0.0,21157.125,322100.8125,True
test_ood_test_ood_000447_30,test_ood_000447,490,communication_heavy,4,2,test_ood_000447_t4_c2,little,little_0,2,1.2,0.93,489,353705.03,353705.03125,347988.5625,377690.375,386097.65625,404591.125,LO,27578175,27735777,test_ood,386097.65625,0.0,386097.65625,True,True,0.0,21157.125,407254.78125,True
test_ood_test_ood_000447_32,test_ood_000447,490,communication_heavy,4,4,test_ood_000447_t4_c4,little,little_1,3,1.5,1.0,489,230304.94,230304.9375,232018.140625,253260.359375,259475.140625,273616.53125,LO,27578175,27735777,test_ood,259475.140625,0.0,259475.140625,True,True,0.0,21157.125,280632.265625,True
test_ood_test_ood_000447_26,test_ood_000447,131,high_degree,3,5,test_ood_000447_t3_c5,little,little_0,3,1.5,1.0,130,121354.89,121354.890625,137305.890625,153343.4375,157900.875,168966.6875,LO,27578175,27735777,test_ood,157900.875,0.0,157900.875,True,True,0.0,21157.125,179058.0,True
test_ood_test_ood_000447_34,test_ood_000447,490,communication_heavy,4,6,test_ood_000447_t4_c6,little,little_0,0,0.6,0.8,489,614353.5,614353.5,620524.75,670607.0,685571.125,711516.0,LO,27578175,27735777,test_ood,685571.125,0.0,685571.125,True,True,0.0,21157.125,706728.25,True
test_ood_test_ood_000447_35,test_ood_000447,651,random,5,0,test_ood_000447_t5_c0,big,big_1,2,1.8,1.06,650,63992.492,63992.4921875,76076.640625,90137.0,94044.875,103761.9375,LO,27578175,27735777,test_ood,94044.875,0.0,94044.875,True,True,0.0,21157.125,115202.0,True
test_ood_test_ood_000447_22,test_ood_000447,131,high_degree,3,1,test_ood_000447_t3_c1,little,little_1,1,0.9,0.86,130,190325.31,190325.3125,208734.6875,228896.171875,234898.46875,248625.65625,LO,27578175,27735777,test_ood,234898.46875,0.0,234898.46875,True,True,0.0,21157.125,256055.59375,True
test_ood_test_ood_000447_37,test_ood_000447,651,random,5,2,test_ood_000447_t5_c2,big,big_1,3,2.2,1.15,650,57246.74,57246.73828125,68807.671875,82555.453125,86415.0625,95924.859375,LO,27578175,27735777,test_ood,86415.0625,0.0,86415.0625,True,True,0.0,21157.125,107572.1875,True
test_ood_test_ood_000447_38,test_ood_000447,651,random,5,3,test_ood_000447_t5_c3,little,little_0,3,1.5,1.0,650,103340.555,103340.5546875,121979.90625,137498.53125,141835.40625,152552.375,LO,27578175,27735777,test_ood,141835.40625,0.0,141835.40625,True,True,0.0,21157.125,162992.53125,True
test_ood_test_ood_000447_39,test_ood_000447,651,random,5,4,test_ood_000447_t5_c4,big,big_0,0,1.0,0.9,650,95608.875,95608.875,114750.578125,130263.296875,134630.1875,145439.8125,LO,27578175,27735777,test_ood,134630.1875,0.0,134630.1875,True,True,0.0,21157.125,155787.3125,True
test_ood_test_ood_000447_40,test_ood_000447,651,random,5,5,test_ood_000447_t5_c5,little,little_0,0,0.6,0.8,650,186146.22,186146.21875,218335.875,240389.25,247129.234375,262466.25,LO,27578175,27735777,test_ood,247129.234375,0.0,247129.234375,True,True,0.0,21157.125,268286.359375,True
test_ood_test_ood_000447_41,test_ood_000447,651,random,5,6,test_ood_000447_t5_c6,big,big_1,1,1.4,0.98,650,82074.836,82074.8359375,96983.4375,111827.671875,115924.890625,126206.734375,LO,27578175,27735777,test_ood,115924.890625,0.0,115924.890625,True,True,0.0,21157.125,137082.015625,True
test_ood_test_ood_000447_33,test_ood_000447,490,communication_heavy,4,5,test_ood_000447_t4_c5,big,big_1,0,1.0,0.9,489,331387.75,331387.75,322622.1875,350233.59375,358062.5625,375499.1875,LO,27578175,27735777,test_ood,358062.5625,0.0,358062.5625,True,True,0.0,21157.125,379219.6875,True
test_ood_test_ood_000447_36,test_ood_000447,651,random,5,1,test_ood_000447_t5_c1,little,little_0,2,1.2,0.93,650,124390.66,124390.65625,152810.734375,169711.15625,174648.515625,186376.59375,LO,27578175,27735777,test_ood,174648.515625,0.0,174648.515625,True,True,0.0,21157.125,195805.640625,True
test_ood_test_ood_000462_06,test_ood_000462,45,source_like,0,6,test_ood_000462_t0_c6,little,little_1,1,0.9,0.86,44,171247.19,171247.1875,158410.15625,176045.875,181315.0625,193683.84375,LO,2845739,3956824,test_ood,181315.0625,0.0,181315.0625,True,True,0.0,2290.296875,183605.359375,True
test_ood_test_ood_000462_05,test_ood_000462,45,source_like,0,5,test_ood_000462_t0_c5,big,big_0,1,1.4,0.98,44,67631.8,67631.796875,64739.671875,78404.1875,82273.875,91727.390625,LO,2845739,3956824,test_ood,82273.875,0.0,82273.875,True,True,0.0,2290.296875,84564.171875,True
test_ood_test_ood_000462_04,test_ood_000462,45,source_like,0,4,test_ood_000462_t0_c4,little,little_0,0,0.6,0.8,44,247578.88,247578.875,233363.34375,256375.765625,263347.59375,279199.34375,LO,2845739,3956824,test_ood,263347.59375,0.0,263347.59375,True,True,0.0,2290.296875,265637.890625,True
test_ood_test_ood_000462_00,test_ood_000462,45,source_like,0,0,test_ood_000462_t0_c0,little,little_1,2,1.2,0.93,44,116469.23,116469.2265625,121114.609375,136638.640625,141015.828125,151803.984375,LO,2845739,3956824,test_ood,141015.828125,0.0,141015.828125,True,True,0.0,2290.296875,143306.125,True
test_ood_test_ood_000462_02,test_ood_000462,45,source_like,0,2,test_ood_000462_t0_c2,little,little_0,3,1.5,1.0,44,97728.01,97728.0078125,91385.625,106075.96875,110109.75,120239.375,LO,2845739,3956824,test_ood,110109.75,0.0,110109.75,True,True,0.0,2290.296875,112400.046875,True
test_ood_test_ood_000462_01,test_ood_000462,45,source_like,0,1,test_ood_000462_t0_c1,big,big_0,3,2.2,1.15,44,43348.133,43348.1328125,44149.296875,56873.828125,60628.734375,69462.3125,LO,2845739,3956824,test_ood,60628.734375,0.0,60628.734375,True,True,0.0,2290.296875,62919.03125,True
test_ood_test_ood_000462_07,test_ood_000462,572,sink_like,1,0,test_ood_000462_t1_c0,big,big_0,3,2.2,1.15,571,151870.95,151870.953125,152390.921875,169179.96875,174045.0625,185632.75,LO,2845739,3956824,test_ood,174045.0625,0.0,174045.0625,True,True,0.0,2290.296875,176335.359375,True
test_ood_test_ood_000462_03,test_ood_000462,45,source_like,0,3,test_ood_000462_t0_c3,big,big_0,0,1.0,0.9,44,90013.56,90013.5625,87374.375,102123.34375,106219.375,116440.328125,LO,2845739,3956824,test_ood,106219.375,0.0,106219.375,True,True,0.0,2290.296875,108509.671875,True
test_ood_test_ood_000462_08,test_ood_000462,572,sink_like,1,1,test_ood_000462_t1_c1,little,little_0,3,1.5,1.0,571,275384.56,275384.5625,276543.21875,300831.46875,307871.09375,323666.125,LO,2845739,3956824,test_ood,307871.09375,0.0,307871.09375,True,True,0.0,2290.296875,310161.390625,True
test_ood_test_ood_000462_13,test_ood_000462,572,sink_like,1,6,test_ood_000462_t1_c6,big,big_1,2,1.8,1.06,571,204961.89,204961.890625,212733.640625,233124.71875,239229.5625,253110.40625,LO,2845739,3956824,test_ood,239229.5625,0.0,239229.5625,True,True,0.0,2290.296875,241519.859375,True
test_ood_test_ood_000462_10,test_ood_000462,572,sink_like,1,3,test_ood_000462_t1_c3,little,little_1,0,0.6,0.8,571,709451.4,709451.375,727237.125,786583.25,804577.875,834814.1875,LO,2845739,3956824,test_ood,804577.875,0.0,804577.875,True,True,0.0,2290.296875,806868.171875,True
test_ood_test_ood_000462_11,test_ood_000462,572,sink_like,1,4,test_ood_000462_t1_c4,big,big_1,1,1.4,0.98,571,220778.58,220778.578125,234294.421875,255924.5625,262328.6875,276814.15625,LO,2845739,3956824,test_ood,262328.6875,0.0,262328.6875,True,True,0.0,2290.296875,264618.984375,True
test_ood_test_ood_000462_12,test_ood_000462,572,sink_like,1,5,test_ood_000462_t1_c5,little,little_1,1,0.9,0.86,571,508162.3,508162.3125,525569.5,569759.0,582578.75,607260.5,LO,2845739,3956824,test_ood,582578.75,0.0,582578.75,True,True,0.0,2290.296875,584869.046875,True
test_ood_test_ood_000462_14,test_ood_000462,290,middle,2,0,test_ood_000462_t2_c0,little,little_1,3,1.5,1.0,289,253321.16,253321.15625,261401.015625,284624.59375,291386.5,306602.9375,LO,2845739,3956824,test_ood,291386.5,0.0,291386.5,True,True,0.0,2290.296875,293676.796875,True
test_ood_test_ood_000462_15,test_ood_000462,290,middle,2,1,test_ood_000462_t2_c1,big,big_1,0,1.0,0.9,289,310485.06,310485.0625,316033.0625,343138.3125,350842.9375,368023.21875,LO,2845739,3956824,test_ood,350842.9375,0.0,350842.9375,True,True,0.0,2290.296875,353133.234375,True
test_ood_test_ood_000462_16,test_ood_000462,290,middle,2,2,test_ood_000462_t2_c2,little,little_1,0,0.6,0.8,289,612643.56,612643.5625,584425.0,631002.3125,644638.0,669111.0625,LO,2845739,3956824,test_ood,644638.0,0.0,644638.0,True,True,0.0,2290.296875,646928.296875,True
test_ood_test_ood_000462_17,test_ood_000462,290,middle,2,3,test_ood_000462_t2_c3,big,big_1,1,1.4,0.98,289,203655.75,203655.75,212930.359375,233175.890625,239184.734375,252887.296875,LO,2845739,3956824,test_ood,239184.734375,0.0,239184.734375,True,True,0.0,2290.296875,241475.03125,True
test_ood_test_ood_000462_18,test_ood_000462,290,middle,2,4,test_ood_000462_t2_c4,little,little_1,1,0.9,0.86,289,344422.34,344422.34375,349844.3125,379471.875,387832.125,406244.0,LO,2845739,3956824,test_ood,387832.125,0.0,387832.125,True,True,0.0,2290.296875,390122.421875,True
test_ood_test_ood_000462_19,test_ood_000462,290,middle,2,5,test_ood_000462_t2_c5,big,big_0,2,1.8,1.06,289,213863.17,213863.171875,224910.8125,245916.0625,252153.796875,266292.03125,LO,2845739,3956824,test_ood,252153.796875,0.0,252153.796875,True,True,0.0,2290.296875,254444.09375,True
test_ood_test_ood_000462_20,test_ood_000462,290,middle,2,6,test_ood_000462_t2_c6,little,little_0,2,1.2,0.93,289,305421.9,305421.90625,325481.28125,353317.90625,361223.5,378765.15625,LO,2845739,3956824,test_ood,361223.5,0.0,361223.5,True,True,0.0,2290.296875,363513.796875,True
test_ood_test_ood_000462_09,test_ood_000462,572,sink_like,1,2,test_ood_000462_t1_c2,big,big_0,0,1.0,0.9,571,344643.56,344643.5625,338292.09375,367092.25,375238.4375,393267.78125,LO,2845739,3956824,test_ood,375238.4375,0.0,375238.4375,True,True,0.0,2290.296875,377528.734375,True
test_ood_test_ood_000462_31,test_ood_000462,232,communication_heavy,4,3,test_ood_000462_t4_c3,big,big_1,2,1.8,1.06,231,274744.3,274744.3125,275186.65625,299373.40625,306379.0625,322115.46875,LO,2845739,3956824,test_ood,306379.0625,0.0,306379.0625,True,True,0.0,2290.296875,308669.359375,True
test_ood_test_ood_000462_28,test_ood_000462,232,communication_heavy,4,0,test_ood_000462_t4_c0,little,little_0,0,0.6,0.8,231,921973.5,921973.5,867122.875,943917.5625,965379.0625,1008344.1875,LO,2845739,3956824,test_ood,965379.0625,0.0,965379.0625,True,True,0.0,2290.296875,967669.359375,True
test_ood_test_ood_000462_27,test_ood_000462,221,high_degree,3,6,test_ood_000462_t3_c6,big,big_1,3,2.2,1.15,220,228129.94,228129.9375,235905.984375,257585.203125,263991.4375,278481.625,LO,2845739,3956824,test_ood,263991.4375,0.0,263991.4375,True,True,0.0,2290.296875,266281.734375,True
test_ood_test_ood_000462_26,test_ood_000462,221,high_degree,3,5,test_ood_000462_t3_c5,little,little_1,2,1.2,0.93,220,434362.9,434362.90625,416784.0625,452214.125,462263.9375,483488.25,LO,2845739,3956824,test_ood,462263.9375,0.0,462263.9375,True,True,0.0,2290.296875,464554.234375,True
test_ood_test_ood_000462_23,test_ood_000462,221,high_degree,3,2,test_ood_000462_t3_c2,big,big_1,1,1.4,0.98,220,382296.3,382296.3125,415621.5,451038.8125,461089.375,482332.8125,LO,2845739,3956824,test_ood,461089.375,0.0,461089.375,True,True,0.0,2290.296875,463379.671875,True
test_ood_test_ood_000462_24,test_ood_000462,221,high_degree,3,3,test_ood_000462_t3_c3,little,little_0,1,0.9,0.86,220,626488.6,626488.625,605496.25,656325.375,671472.5,698597.625,LO,2845739,3956824,test_ood,671472.5,0.0,671472.5,True,True,0.0,2290.296875,673762.796875,True
test_ood_test_ood_000462_29,test_ood_000462,232,communication_heavy,4,1,test_ood_000462_t4_c1,big,big_1,1,1.4,0.98,231,326529.2,326529.1875,328275.1875,356302.15625,364247.59375,381889.34375,LO,2845739,3956824,test_ood,364247.59375,0.0,364247.59375,True,True,0.0,2290.296875,366537.890625,True
test_ood_test_ood_000462_22,test_ood_000462,221,high_degree,3,1,test_ood_000462_t3_c1,little,little_0,0,0.6,0.8,220,1024742.25,1024742.25,949153.4375,1038267.5625,1061070.5,1116336.75,LO,2845739,3956824,test_ood,1061070.5,0.0,1061070.5,True,True,0.0,2290.296875,1063360.796875,True
test_ood_test_ood_000462_25,test_ood_000462,221,high_degree,3,4,test_ood_000462_t3_c4,big,big_0,2,1.8,1.06,220,266906.28,266906.28125,273667.1875,297742.15625,304721.0,320393.34375,LO,2845739,3956824,test_ood,304721.0,0.0,304721.0,True,True,0.0,2290.296875,307011.296875,True
test_ood_test_ood_000462_30,test_ood_000462,232,communication_heavy,4,2,test_ood_000462_t4_c2,little,little_1,1,0.9,0.86,231,659561.1,659561.125,653833.125,709786.25,726697.5,756302.0,LO,2845739,3956824,test_ood,726697.5,0.0,726697.5,True,True,0.0,2290.296875,728987.796875,True
test_ood_test_ood_000462_40,test_ood_000462,298,random,5,5,test_ood_000462_t5_c5,little,little_1,3,1.5,1.0,297,218213.86,218213.859375,210920.09375,231005.515625,236961.0625,250558.15625,LO,2845739,3956824,test_ood,236961.0625,0.0,236961.0625,True,True,0.0,2290.296875,239251.359375,True
test_ood_test_ood_000462_32,test_ood_000462,232,communication_heavy,4,4,test_ood_000462_t4_c4,little,little_1,2,1.2,0.93,231,386034.47,386034.46875,395582.25,429209.25,438721.25,459112.3125,LO,2845739,3956824,test_ood,438721.25,0.0,438721.25,True,True,0.0,2290.296875,441011.546875,True
test_ood_test_ood_000462_33,test_ood_000462,232,communication_heavy,4,5,test_ood_000462_t4_c5,big,big_1,3,2.2,1.15,231,247804.72,247804.71875,253400.78125,276213.0,282912.59375,298004.65625,LO,2845739,3956824,test_ood,282912.59375,0.0,282912.59375,True,True,0.0,2290.296875,285202.890625,True
test_ood_test_ood_000462_34,test_ood_000462,232,communication_heavy,4,6,test_ood_000462_t4_c6,little,little_1,3,1.5,1.0,231,328659.88,328659.875,318515.15625,345820.625,353595.4375,370882.9375,LO,2845739,3956824,test_ood,353595.4375,0.0,353595.4375,True,True,0.0,2290.296875,355885.734375,True
test_ood_test_ood_000462_36,test_ood_000462,298,random,5,1,test_ood_000462_t5_c1,little,little_0,1,0.9,0.86,297,371930.1,371930.09375,371351.59375,402785.4375,411652.3125,430945.8125,LO,2845739,3956824,test_ood,411652.3125,0.0,411652.3125,True,True,0.0,2290.296875,413942.609375,True
test_ood_test_ood_000462_37,test_ood_000462,298,random,5,2,test_ood_000462_t5_c2,big,big_0,2,1.8,1.06,297,157746.08,157746.078125,153654.546875,170530.0,175421.15625,187058.5,LO,2845739,3956824,test_ood,175421.15625,0.0,175421.15625,True,True,0.0,2290.296875,177711.453125,True
test_ood_test_ood_000462_38,test_ood_000462,298,random,5,3,test_ood_000462_t5_c3,little,little_0,2,1.2,0.93,297,260157.23,260157.234375,258712.859375,281763.46875,288476.0625,303605.78125,LO,2845739,3956824,test_ood,288476.0625,0.0,288476.0625,True,True,0.0,2290.296875,290766.359375,True
test_ood_test_ood_000462_39,test_ood_000462,298,random,5,4,test_ood_000462_t5_c4,big,big_0,3,2.2,1.15,297,146575.17,146575.171875,141120.125,157384.578125,162018.40625,173217.953125,LO,2845739,3956824,test_ood,162018.40625,0.0,162018.40625,True,True,0.0,2290.296875,164308.703125,True
test_ood_test_ood_000462_41,test_ood_000462,298,random,5,6,test_ood_000462_t5_c6,big,big_1,0,1.0,0.9,297,293681.28,293681.28125,282328.78125,306953.03125,314027.6875,329931.25,LO,2845739,3956824,test_ood,314027.6875,0.0,314027.6875,True,True,0.0,2290.296875,316317.984375,True
test_ood_test_ood_000462_21,test_ood_000462,221,high_degree,3,0,test_ood_000462_t3_c0,big,big_1,0,1.0,0.9,220,475585.38,475585.375,474501.1875,514769.25,526342.4375,549616.25,LO,2845739,3956824,test_ood,526342.4375,0.0,526342.4375,True,True,0.0,2290.296875,528632.734375,True
test_ood_test_ood_000462_35,test_ood_000462,298,random,5,0,test_ood_000462_t5_c0,big,big_1,1,1.4,0.98,297,172265.62,172265.625,174819.40625,192858.109375,198190.0,210611.609375,LO,2845739,3956824,test_ood,198190.0,0.0,198190.0,True,True,0.0,2290.296875,200480.296875,True
test_ood_test_ood_000510_05,test_ood_000510,2,source_like,0,5,test_ood_000510_t0_c5,big,big_1,2,1.8,1.06,1,45063.477,45063.4765625,46883.734375,59736.921875,63516.5,72453.015625,LO,32373508,41680135,test_ood,63516.5,0.0,63516.5,True,True,0.0,2290.296875,65806.796875,True
test_ood_test_ood_000510_03,test_ood_000510,2,source_like,0,3,test_ood_000510_t0_c3,big,big_0,1,1.4,0.98,1,59323.293,59323.29296875,58453.84375,71844.90625,75683.78125,84959.0,LO,32373508,41680135,test_ood,75683.78125,0.0,75683.78125,True,True,0.0,2290.296875,77974.078125,True
test_ood_test_ood_000510_02,test_ood_000510,2,source_like,0,2,test_ood_000510_t0_c2,little,little_0,0,0.6,0.8,1,211379.23,211379.234375,203880.71875,225181.59375,231755.15625,246721.96875,LO,32373508,41680135,test_ood,231755.15625,0.0,231755.15625,True,True,0.0,2290.296875,234045.453125,True
test_ood_test_ood_000510_18,test_ood_000510,413,middle,2,4,test_ood_000510_t2_c4,little,little_1,2,1.2,0.93,412,501049.88,501049.875,501189.25,544160.125,556667.75,581213.25,LO,32373508,41680135,test_ood,556667.75,0.0,556667.75,True,True,0.0,2290.296875,558958.046875,True
test_ood_test_ood_000510_00,test_ood_000510,2,source_like,0,0,test_ood_000510_t0_c0,little,little_1,3,1.5,1.0,1,81249.93,81249.9296875,86206.671875,100812.015625,104816.21875,114848.234375,LO,32373508,41680135,test_ood,104816.21875,0.0,104816.21875,True,True,0.0,2290.296875,107106.515625,True
test_ood_test_ood_000510_19,test_ood_000510,413,middle,2,5,test_ood_000510_t2_c5,big,big_1,3,2.2,1.15,412,251272.95,251272.953125,246968.046875,269364.8125,275959.40625,290833.5625,LO,32373508,41680135,test_ood,275959.40625,0.0,275959.40625,True,True,0.0,2290.296875,278249.703125,True
test_ood_test_ood_000510_06,test_ood_000510,2,source_like,0,6,test_ood_000510_t0_c6,little,little_0,2,1.2,0.93,1,104664.25,104664.25,99544.09375,114584.09375,118735.984375,129138.03125,LO,32373508,41680135,test_ood,118735.984375,0.0,118735.984375,True,True,0.0,2290.296875,121026.28125,True
test_ood_test_ood_000510_01,test_ood_000510,2,source_like,0,1,test_ood_000510_t0_c1,big,big_1,0,1.0,0.9,1,84590.66,84590.65625,83806.53125,98465.828125,102545.59375,112701.203125,LO,32373508,41680135,test_ood,102545.59375,0.0,102545.59375,True,True,0.0,2290.296875,104835.890625,True
test_ood_test_ood_000510_07,test_ood_000510,29,sink_like,1,0,test_ood_000510_t1_c0,big,big_0,0,1.0,0.9,28,403814.2,403814.1875,393096.65625,426601.1875,436090.78125,456458.25,LO,32373508,41680135,test_ood,436090.78125,0.0,436090.78125,True,True,0.0,2290.296875,438381.078125,True
test_ood_test_ood_000510_16,test_ood_000510,413,middle,2,2,test_ood_000510_t2_c2,little,little_1,1,0.9,0.86,412,513624.5,513624.5,512390.875,555579.5,568089.125,592411.0,LO,32373508,41680135,test_ood,568089.125,0.0,568089.125,True,True,0.0,2290.296875,570379.421875,True
test_ood_test_ood_000510_04,test_ood_000510,2,source_like,0,4,test_ood_000510_t0_c4,little,little_0,1,0.9,0.86,1,142351.72,142351.71875,146003.25,163024.0,168061.796875,180041.0625,LO,32373508,41680135,test_ood,168061.796875,0.0,168061.796875,True,True,0.0,2290.296875,170352.09375,True
test_ood_test_ood_000510_10,test_ood_000510,29,sink_like,1,3,test_ood_000510_t1_c3,little,little_1,1,0.9,0.86,28,472741.5,472741.5,468033.09375,507723.1875,519105.59375,542144.25,LO,32373508,41680135,test_ood,519105.59375,0.0,519105.59375,True,True,0.0,2290.296875,521395.890625,True
test_ood_test_ood_000510_09,test_ood_000510,29,sink_like,1,2,test_ood_000510_t1_c2,big,big_1,1,1.4,0.98,28,232890.95,232890.953125,233961.703125,255481.5,261823.953125,276195.40625,LO,32373508,41680135,test_ood,261823.953125,0.0,261823.953125,True,True,0.0,2290.296875,264114.25,True
test_ood_test_ood_000510_15,test_ood_000510,413,middle,2,1,test_ood_000510_t2_c1,big,big_0,1,1.4,0.98,412,356599.44,356599.4375,373263.8125,405010.625,413972.90625,433468.75,LO,32373508,41680135,test_ood,413972.90625,0.0,413972.90625,True,True,0.0,2290.296875,416263.203125,True
test_ood_test_ood_000510_14,test_ood_000510,413,middle,2,0,test_ood_000510_t2_c0,little,little_1,0,0.6,0.8,412,798069.6,798069.625,835129.0,908112.3125,929233.625,968966.875,LO,32373508,41680135,test_ood,929233.625,0.0,929233.625,True,True,0.0,2290.296875,931523.921875,True
test_ood_test_ood_000510_17,test_ood_000510,413,middle,2,3,test_ood_000510_t2_c3,big,big_1,2,1.8,1.06,412,268748.03,268748.03125,282948.5,307659.125,314788.375,330780.4375,LO,32373508,41680135,test_ood,314788.375,0.0,314788.375,True,True,0.0,2290.296875,317078.671875,True
test_ood_test_ood_000510_12,test_ood_000510,29,sink_like,1,5,test_ood_000510_t1_c5,little,little_0,2,1.2,0.93,28,369567.97,369567.96875,356591.375,386962.5625,395551.21875,414368.9375,LO,32373508,41680135,test_ood,395551.21875,0.0,395551.21875,True,True,0.0,2290.296875,397841.515625,True
test_ood_test_ood_000510_11,test_ood_000510,29,sink_like,1,4,test_ood_000510_t1_c4,big,big_1,2,1.8,1.06,28,171696.25,171696.25,168569.9375,186166.890625,191328.90625,203437.21875,LO,32373508,41680135,test_ood,191328.90625,0.0,191328.90625,True,True,0.0,2290.296875,193619.203125,True
test_ood_test_ood_000510_20,test_ood_000510,413,middle,2,6,test_ood_000510_t2_c6,little,little_0,3,1.5,1.0,412,336475.16,336475.15625,346280.28125,375824.5625,384192.1875,402607.71875,LO,32373508,41680135,test_ood,384192.1875,0.0,384192.1875,True,True,0.0,2290.296875,386482.484375,True
test_ood_test_ood_000510_08,test_ood_000510,29,sink_like,1,1,test_ood_000510_t1_c1,little,little_0,0,0.6,0.8,28,489691.06,489691.0625,498973.75,539408.5,550923.625,573609.875,LO,32373508,41680135,test_ood,550923.625,0.0,550923.625,True,True,0.0,2290.296875,553213.921875,True
test_ood_test_ood_000510_13,test_ood_000510,29,sink_like,1,6,test_ood_000510_t1_c6,big,big_0,3,2.2,1.15,28,181733.39,181733.390625,179430.875,197797.0,203249.625,215897.4375,LO,32373508,41680135,test_ood,203249.625,0.0,203249.625,True,True,0.0,2290.296875,205539.921875,True
test_ood_test_ood_000510_41,test_ood_000510,574,random,5,6,test_ood_000510_t5_c6,big,big_1,1,1.4,0.98,573,127148.69,127148.6875,140959.921875,157166.875,161801.953125,172994.59375,LO,32373508,41680135,test_ood,161801.953125,0.0,161801.953125,True,True,0.0,2290.296875,164092.25,True
test_ood_test_ood_000510_21,test_ood_000510,183,high_degree,3,0,test_ood_000510_t3_c0,big,big_1,1,1.4,0.98,182,131584.77,131584.765625,133351.65625,149195.75,153676.28125,164608.8125,LO,32373508,41680135,test_ood,153676.28125,0.0,153676.28125,True,True,0.0,2290.296875,155966.578125,True
test_ood_test_ood_000510_31,test_ood_000510,92,communication_heavy,4,3,test_ood_000510_t4_c3,big,big_1,3,2.2,1.15,91,389989.84,389989.84375,325769.375,353648.375,361569.78125,379163.8125,LO,32373508,41680135,test_ood,361569.78125,0.0,361569.78125,False,False,0.0,2290.296875,363860.078125,False
test_ood_test_ood_000510_28,test_ood_000510,92,communication_heavy,4,0,test_ood_000510_t4_c0,little,little_1,1,0.9,0.86,91,620044.75,620044.75,519997.4375,563698.375,576365.75,600835.5,LO,32373508,41680135,test_ood,576365.75,0.0,576365.75,False,False,0.0,2290.296875,578656.046875,False
test_ood_test_ood_000510_27,test_ood_000510,183,high_degree,3,6,test_ood_000510_t3_c6,big,big_0,0,1.0,0.9,182,200469.38,200469.375,188179.203125,206997.8125,212610.78125,225551.984375,LO,32373508,41680135,test_ood,212610.78125,0.0,212610.78125,True,True,0.0,2290.296875,214901.078125,True
test_ood_test_ood_000510_26,test_ood_000510,183,high_degree,3,5,test_ood_000510_t3_c5,little,little_1,3,1.5,1.0,182,165036.6,165036.59375,175666.359375,193684.625,198997.4375,211381.75,LO,32373508,41680135,test_ood,198997.4375,0.0,198997.4375,True,True,0.0,2290.296875,201287.734375,True
test_ood_test_ood_000510_22,test_ood_000510,183,high_degree,3,1,test_ood_000510_t3_c1,little,little_1,1,0.9,0.86,182,260765.02,260765.015625,272986.125,296909.21875,303791.40625,319316.15625,LO,32373508,41680135,test_ood,303791.40625,0.0,303791.40625,True,True,0.0,2290.296875,306081.703125,True
test_ood_test_ood_000510_23,test_ood_000510,183,high_degree,3,2,test_ood_000510_t3_c2,big,big_1,2,1.8,1.06,182,150292.3,150292.296875,139480.65625,155640.4375,160226.34375,171342.265625,LO,32373508,41680135,test_ood,160226.34375,0.0,160226.34375,True,True,0.0,2290.296875,162516.640625,True
test_ood_test_ood_000510_29,test_ood_000510,92,communication_heavy,4,1,test_ood_000510_t4_c1,big,big_1,2,1.8,1.06,91,376805.5,376805.5,318192.75,345444.71875,353197.75,370455.375,LO,32373508,41680135,test_ood,353197.75,0.0,353197.75,False,False,0.0,2290.296875,355488.046875,False
test_ood_test_ood_000510_25,test_ood_000510,183,high_degree,3,4,test_ood_000510_t3_c4,big,big_0,3,2.2,1.15,182,77804.96,77804.9609375,85578.34375,99813.671875,103722.59375,113564.609375,LO,32373508,41680135,test_ood,103722.59375,0.0,103722.59375,True,True,0.0,2290.296875,106012.890625,True
test_ood_test_ood_000510_30,test_ood_000510,92,communication_heavy,4,2,test_ood_000510_t4_c2,little,little_0,2,1.2,0.93,91,730640.56,730640.5625,592024.375,643373.125,658813.375,686887.5,LO,32373508,41680135,test_ood,658813.375,0.0,658813.375,False,False,0.0,2290.296875,661103.671875,False
test_ood_test_ood_000510_24,test_ood_000510,183,high_degree,3,3,test_ood_000510_t3_c3,little,little_0,2,1.2,0.93,182,230558.44,230558.4375,226978.75,247959.765625,254132.875,268164.375,LO,32373508,41680135,test_ood,254132.875,0.0,254132.875,True,True,0.0,2290.296875,256423.171875,True
test_ood_test_ood_000510_32,test_ood_000510,92,communication_heavy,4,4,test_ood_000510_t4_c4,little,little_1,3,1.5,1.0,91,639652.06,639652.0625,564215.0625,613598.0,628397.25,655908.125,LO,32373508,41680135,test_ood,628397.25,0.0,628397.25,False,False,0.0,2290.296875,630687.546875,False
test_ood_test_ood_000510_33,test_ood_000510,92,communication_heavy,4,5,test_ood_000510_t4_c5,big,big_0,0,1.0,0.9,91,555451.6,555451.625,486869.34375,528101.875,539994.875,563629.0,LO,32373508,41680135,test_ood,539994.875,0.0,539994.875,False,False,0.0,2290.296875,542285.171875,False
test_ood_test_ood_000510_34,test_ood_000510,92,communication_heavy,4,6,test_ood_000510_t4_c6,little,little_1,0,0.6,0.8,91,1038421.8,1038421.8125,888115.1875,967390.75,989000.5,1034310.5,LO,32373508,41680135,test_ood,989000.5,0.0,989000.5,False,False,0.0,2290.296875,991290.796875,False
test_ood_test_ood_000510_36,test_ood_000510,574,random,5,1,test_ood_000510_t5_c1,little,little_0,2,1.2,0.93,573,238369.66,238369.65625,257031.546875,279916.59375,286564.9375,301570.59375,LO,32373508,41680135,test_ood,286564.9375,0.0,286564.9375,True,True,0.0,2290.296875,288855.234375,True
test_ood_test_ood_000510_37,test_ood_000510,574,random,5,2,test_ood_000510_t5_c2,big,big_0,3,2.2,1.15,573,78475.65,78475.6484375,91505.546875,105922.296875,109876.5,119850.140625,LO,32373508,41680135,test_ood,109876.5,0.0,109876.5,True,True,0.0,2290.296875,112166.796875,True
test_ood_test_ood_000510_38,test_ood_000510,574,random,5,3,test_ood_000510_t5_c3,little,little_1,3,1.5,1.0,573,171697.23,171697.234375,181948.8125,200304.125,205724.375,218309.140625,LO,32373508,41680135,test_ood,205724.375,0.0,205724.375,True,True,0.0,2290.296875,208014.671875,True
test_ood_test_ood_000510_39,test_ood_000510,574,random,5,4,test_ood_000510_t5_c4,big,big_1,0,1.0,0.9,573,194515.98,194515.984375,211587.96875,231693.078125,237647.65625,251254.03125,LO,32373508,41680135,test_ood,237647.65625,0.0,237647.65625,True,True,0.0,2290.296875,239937.953125,True
test_ood_test_ood_000510_35,test_ood_000510,574,random,5,0,test_ood_000510_t5_c0,big,big_1,2,1.8,1.06,573,103136.59,103136.59375,116539.015625,131734.109375,135944.03125,146426.953125,LO,32373508,41680135,test_ood,135944.03125,0.0,135944.03125,True,True,0.0,2290.296875,138234.328125,True
test_ood_test_ood_000510_40,test_ood_000510,574,random,5,5,test_ood_000510_t5_c5,little,little_0,0,0.6,0.8,573,348585.3,348585.3125,388022.5,419550.78125,428219.46875,447133.9375,LO,32373508,41680135,test_ood,428219.46875,0.0,428219.46875,True,True,0.0,2290.296875,430509.765625,True
test_ood_test_ood_000533_07,test_ood_000533,264,sink_like,1,0,test_ood_000533_t1_c0,big,big_1,1,1.4,0.98,263,390480.4,390480.40625,384730.5,417413.75,426637.3125,446572.1875,LO,3342301,4483175,test_ood,426637.3125,0.0,426637.3125,True,True,0.0,2290.296875,428927.609375,True
test_ood_test_ood_000533_06,test_ood_000533,1,source_like,0,6,test_ood_000533_t0_c6,little,little_0,3,1.5,1.0,0,105408.05,105408.046875,106179.96875,121258.0625,125402.15625,135793.359375,LO,3342301,4483175,test_ood,125402.15625,0.0,125402.15625,True,True,0.0,2290.296875,127692.453125,True
test_ood_test_ood_000533_05,test_ood_000533,1,source_like,0,5,test_ood_000533_t0_c5,big,big_1,3,2.2,1.15,0,53458.62,53458.62109375,49518.015625,62441.875,66197.828125,75139.90625,LO,3342301,4483175,test_ood,66197.828125,0.0,66197.828125,True,True,0.0,2290.296875,68488.125,True
test_ood_test_ood_000533_01,test_ood_000533,1,source_like,0,1,test_ood_000533_t0_c1,big,big_0,1,1.4,0.98,0,79775.02,79775.0234375,75849.453125,89987.078125,93918.8125,103674.703125,LO,3342301,4483175,test_ood,93918.8125,0.0,93918.8125,True,True,0.0,2290.296875,96209.109375,True
test_ood_test_ood_000533_03,test_ood_000533,1,source_like,0,3,test_ood_000533_t0_c3,big,big_0,2,1.8,1.06,0,58266.95,58266.94921875,56411.71875,69626.4375,73407.296875,82532.421875,LO,3342301,4483175,test_ood,73407.296875,0.0,73407.296875,True,True,0.0,2290.296875,75697.59375,True
test_ood_test_ood_000533_02,test_ood_000533,1,source_like,0,2,test_ood_000533_t0_c2,little,little_1,1,0.9,0.86,0,181840.78,181840.78125,183498.28125,202468.140625,208183.734375,221358.546875,LO,3342301,4483175,test_ood,208183.734375,0.0,208183.734375,True,True,0.0,2290.296875,210474.03125,True
test_ood_test_ood_000533_08,test_ood_000533,264,sink_like,1,1,test_ood_000533_t1_c1,little,little_0,1,0.9,0.86,263,711705.3,711705.3125,676636.5,734798.375,752424.875,783084.75,LO,3342301,4483175,test_ood,752424.875,0.0,752424.875,True,True,0.0,2290.296875,754715.171875,True
test_ood_test_ood_000533_04,test_ood_000533,1,source_like,0,4,test_ood_000533_t0_c4,little,little_0,2,1.2,0.93,0,145992.27,145992.265625,137667.84375,153715.140625,158308.453125,169431.625,LO,3342301,4483175,test_ood,158308.453125,0.0,158308.453125,True,True,0.0,2290.296875,160598.75,True
test_ood_test_ood_000533_20,test_ood_000533,272,middle,2,6,test_ood_000533_t2_c6,little,little_1,0,0.6,0.8,271,554125.94,554125.9375,542350.875,586435.4375,599217.75,623218.75,LO,3342301,4483175,test_ood,599217.75,0.0,599217.75,True,True,0.0,2290.296875,601508.046875,True
test_ood_test_ood_000533_09,test_ood_000533,264,sink_like,1,2,test_ood_000533_t1_c2,big,big_1,2,1.8,1.06,263,306976.25,306976.25,299317.15625,325174.09375,332582.375,349144.21875,LO,3342301,4483175,test_ood,332582.375,0.0,332582.375,True,True,0.0,2290.296875,334872.671875,True
test_ood_test_ood_000533_11,test_ood_000533,264,sink_like,1,4,test_ood_000533_t1_c4,big,big_1,3,2.2,1.15,263,222884.27,222884.265625,223063.8125,243902.609375,250068.703125,264080.4375,LO,3342301,4483175,test_ood,250068.703125,0.0,250068.703125,True,True,0.0,2290.296875,252359.0,True
test_ood_test_ood_000533_12,test_ood_000533,264,sink_like,1,5,test_ood_000533_t1_c5,little,little_0,3,1.5,1.0,263,442257.3,442257.3125,430245.0625,467042.875,477535.65625,499439.59375,LO,3342301,4483175,test_ood,477535.65625,0.0,477535.65625,True,True,0.0,2290.296875,479825.953125,True
test_ood_test_ood_000533_13,test_ood_000533,264,sink_like,1,6,test_ood_000533_t1_c6,big,big_1,0,1.0,0.9,263,427521.88,427521.875,422344.4375,458164.8125,468321.15625,489703.5,LO,3342301,4483175,test_ood,468321.15625,0.0,468321.15625,True,True,0.0,2290.296875,470611.453125,True
test_ood_test_ood_000533_14,test_ood_000533,272,middle,2,0,test_ood_000533_t2_c0,little,little_1,1,0.9,0.86,271,400463.75,400463.75,389490.40625,422542.8125,431885.0,452007.0625,LO,3342301,4483175,test_ood,431885.0,0.0,431885.0,True,True,0.0,2290.296875,434175.296875,True
test_ood_test_ood_000533_15,test_ood_000533,272,middle,2,1,test_ood_000533_t2_c1,big,big_0,2,1.8,1.06,271,301650.47,301650.46875,270970.21875,294882.9375,301817.96875,317409.15625,LO,3342301,4483175,test_ood,301817.96875,0.0,301817.96875,True,True,0.0,2290.296875,304108.265625,True
test_ood_test_ood_000533_16,test_ood_000533,272,middle,2,2,test_ood_000533_t2_c2,little,little_0,2,1.2,0.93,271,452761.94,452761.9375,421209.0625,457196.5625,467441.28125,488973.9375,LO,3342301,4483175,test_ood,467441.28125,0.0,467441.28125,True,True,0.0,2290.296875,469731.578125,True
test_ood_test_ood_000533_17,test_ood_000533,272,middle,2,3,test_ood_000533_t2_c3,big,big_1,3,2.2,1.15,271,174377.05,174377.046875,168615.109375,186211.5625,191372.28125,203479.765625,LO,3342301,4483175,test_ood,191372.28125,0.0,191372.28125,True,True,0.0,2290.296875,193662.578125,True
test_ood_test_ood_000533_18,test_ood_000533,272,middle,2,4,test_ood_000533_t2_c4,little,little_0,3,1.5,1.0,271,336669.94,336669.9375,317737.3125,345020.0625,352790.625,370063.90625,LO,3342301,4483175,test_ood,352790.625,0.0,352790.625,True,True,0.0,2290.296875,355080.921875,True
test_ood_test_ood_000533_00,test_ood_000533,1,source_like,0,0,test_ood_000533_t0_c0,little,little_1,0,0.6,0.8,0,261929.8,261929.796875,264733.0625,289306.40625,296469.4375,312891.09375,LO,3342301,4483175,test_ood,296469.4375,0.0,296469.4375,True,True,0.0,2290.296875,298759.734375,True
test_ood_test_ood_000533_10,test_ood_000533,264,sink_like,1,3,test_ood_000533_t1_c3,little,little_1,2,1.2,0.93,263,620450.06,620450.0625,596890.0625,648781.875,664405.125,692748.375,LO,3342301,4483175,test_ood,664405.125,0.0,664405.125,True,True,0.0,2290.296875,666695.421875,True
test_ood_test_ood_000533_19,test_ood_000533,272,middle,2,5,test_ood_000533_t2_c5,big,big_1,0,1.0,0.9,271,362526.47,362526.46875,347356.34375,376950.09375,385311.40625,403751.625,LO,3342301,4483175,test_ood,385311.40625,0.0,385311.40625,True,True,0.0,2290.296875,387601.703125,True
test_ood_test_ood_000533_41,test_ood_000533,89,random,5,6,test_ood_000533_t5_c6,big,big_0,2,1.8,1.06,88,48416.977,48416.9765625,56345.078125,69610.359375,73447.984375,82693.078125,LO,3342301,4483175,test_ood,73447.984375,0.0,73447.984375,True,True,0.0,2290.296875,75738.28125,True
test_ood_test_ood_000533_21,test_ood_000533,287,high_degree,3,0,test_ood_000533_t3_c0,big,big_1,2,1.8,1.06,286,145985.38,145985.375,146747.875,163257.984375,167994.046875,179366.21875,LO,3342301,4483175,test_ood,167994.046875,0.0,167994.046875,True,True,0.0,2290.296875,170284.34375,True
test_ood_test_ood_000533_28,test_ood_000533,463,communication_heavy,4,0,test_ood_000533_t4_c0,little,little_1,2,1.2,0.93,462,643951.2,643951.1875,645475.5,702547.625,719970.375,750827.375,LO,3342301,4483175,test_ood,719970.375,0.0,719970.375,True,True,0.0,2290.296875,722260.671875,True
test_ood_test_ood_000533_27,test_ood_000533,287,high_degree,3,6,test_ood_000533_t3_c6,big,big_0,1,1.4,0.98,286,141706.12,141706.125,145117.0625,161526.46875,166244.59375,177581.65625,LO,3342301,4483175,test_ood,166244.59375,0.0,166244.59375,True,True,0.0,2290.296875,168534.890625,True
test_ood_test_ood_000533_23,test_ood_000533,287,high_degree,3,2,test_ood_000533_t3_c2,big,big_1,3,2.2,1.15,286,114428.33,114428.328125,104194.828125,119035.796875,123085.0625,133290.8125,LO,3342301,4483175,test_ood,123085.0625,0.0,123085.0625,True,True,0.0,2290.296875,125375.359375,True
test_ood_test_ood_000533_25,test_ood_000533,287,high_degree,3,4,test_ood_000533_t3_c4,big,big_0,0,1.0,0.9,286,150392.6,150392.59375,162644.453125,180089.765625,185227.28125,197316.0625,LO,3342301,4483175,test_ood,185227.28125,0.0,185227.28125,True,True,0.0,2290.296875,187517.578125,True
test_ood_test_ood_000533_24,test_ood_000533,287,high_degree,3,3,test_ood_000533_t3_c3,little,little_0,3,1.5,1.0,286,184617.56,184617.5625,189792.46875,208562.734375,214113.875,226937.03125,LO,3342301,4483175,test_ood,214113.875,0.0,214113.875,True,True,0.0,2290.296875,216404.171875,True
test_ood_test_ood_000533_30,test_ood_000533,463,communication_heavy,4,2,test_ood_000533_t4_c2,little,little_0,3,1.5,1.0,462,465076.22,465076.21875,455172.0625,494203.5625,505410.8125,528331.5,LO,3342301,4483175,test_ood,505410.8125,0.0,505410.8125,True,True,0.0,2290.296875,507701.109375,True
test_ood_test_ood_000533_26,test_ood_000533,287,high_degree,3,5,test_ood_000533_t3_c5,little,little_1,0,0.6,0.8,286,312304.78,312304.78125,321115.8125,348323.4375,355857.5,372988.0625,LO,3342301,4483175,test_ood,355857.5,0.0,355857.5,True,True,0.0,2290.296875,358147.796875,True
test_ood_test_ood_000533_31,test_ood_000533,463,communication_heavy,4,3,test_ood_000533_t4_c3,big,big_1,0,1.0,0.9,462,536086.06,536086.0625,549244.9375,595687.0,609371.375,634970.125,LO,3342301,4483175,test_ood,609371.375,0.0,609371.375,True,True,0.0,2290.296875,611661.671875,True
test_ood_test_ood_000533_36,test_ood_000533,89,random,5,1,test_ood_000533_t5_c1,little,little_0,3,1.5,1.0,88,75958.47,75958.46875,87311.546875,101824.109375,105842.734375,115909.265625,LO,3342301,4483175,test_ood,105842.734375,0.0,105842.734375,True,True,0.0,2290.296875,108133.03125,True
test_ood_test_ood_000533_29,test_ood_000533,463,communication_heavy,4,1,test_ood_000533_t4_c1,big,big_1,3,2.2,1.15,462,266564.7,266564.6875,275966.84375,300192.3125,307208.78125,322961.0,LO,3342301,4483175,test_ood,307208.78125,0.0,307208.78125,True,True,0.0,2290.296875,309499.078125,True
test_ood_test_ood_000533_34,test_ood_000533,463,communication_heavy,4,6,test_ood_000533_t4_c6,little,little_0,1,0.9,0.86,462,938889.9,938889.875,947938.5625,1045250.0625,1069783.25,1130998.625,LO,3342301,4483175,test_ood,1069783.25,0.0,1069783.25,True,True,0.0,2290.296875,1072073.546875,True
test_ood_test_ood_000533_35,test_ood_000533,89,random,5,0,test_ood_000533_t5_c0,big,big_1,3,2.2,1.15,88,37606.78,37606.78125,44324.96875,57034.8125,60778.734375,69599.34375,LO,3342301,4483175,test_ood,60778.734375,0.0,60778.734375,True,True,0.0,2290.296875,63069.03125,True
test_ood_test_ood_000533_37,test_ood_000533,89,random,5,2,test_ood_000533_t5_c2,big,big_1,0,1.0,0.9,88,85938.84,85938.84375,92659.921875,107585.40625,111774.53125,122218.09375,LO,3342301,4483175,test_ood,111774.53125,0.0,111774.53125,True,True,0.0,2290.296875,114064.828125,True
test_ood_test_ood_000533_38,test_ood_000533,89,random,5,3,test_ood_000533_t5_c3,little,little_0,0,0.6,0.8,88,164199.17,164199.171875,181224.25,200977.3125,207053.0625,221014.34375,LO,3342301,4483175,test_ood,207053.0625,0.0,207053.0625,True,True,0.0,2290.296875,209343.359375,True
test_ood_test_ood_000533_39,test_ood_000533,89,random,5,4,test_ood_000533_t5_c4,big,big_1,1,1.4,0.98,88,67943.88,67943.8828125,78169.46875,92497.625,96544.328125,106561.640625,LO,3342301,4483175,test_ood,96544.328125,0.0,96544.328125,True,True,0.0,2290.296875,98834.625,True
test_ood_test_ood_000533_40,test_ood_000533,89,random,5,5,test_ood_000533_t5_c5,little,little_1,1,0.9,0.86,88,117995.67,117995.671875,134986.71875,151424.296875,156215.75,167756.5625,LO,3342301,4483175,test_ood,156215.75,0.0,156215.75,True,True,0.0,2290.296875,158506.046875,True
test_ood_test_ood_000533_22,test_ood_000533,287,high_degree,3,1,test_ood_000533_t3_c1,little,little_1,2,1.2,0.93,286,202124.62,202124.625,206672.5,226398.3125,232221.6875,245569.34375,LO,3342301,4483175,test_ood,232221.6875,0.0,232221.6875,True,True,0.0,2290.296875,234511.984375,True
test_ood_test_ood_000533_32,test_ood_000533,463,communication_heavy,4,4,test_ood_000533_t4_c4,little,little_1,0,0.6,0.8,462,809597.5,809597.5,810733.75,879795.0,900107.625,936916.875,LO,3342301,4483175,test_ood,900107.625,0.0,900107.625,True,True,0.0,2290.296875,902397.921875,True
test_ood_test_ood_000533_33,test_ood_000533,463,communication_heavy,4,5,test_ood_000533_t4_c5,big,big_0,1,1.4,0.98,462,465205.12,465205.125,486601.9375,528200.6875,540234.875,564166.0625,LO,3342301,4483175,test_ood,540234.875,0.0,540234.875,True,True,0.0,2290.296875,542525.171875,True
test_ood_test_ood_000597_08,test_ood_000597,9,sink_like,1,1,test_ood_000597_t1_c1,little,little_1,2,1.2,0.93,8,330811.06,330811.0625,329436.09375,357591.96875,365582.8125,383287.125,LO,26082347,35934377,test_ood,365582.8125,0.0,365582.8125,True,True,0.0,2290.296875,367873.109375,True
test_ood_test_ood_000597_07,test_ood_000597,9,sink_like,1,0,test_ood_000597_t1_c0,big,big_0,2,1.8,1.06,8,237889.72,237889.71875,236819.5,258588.59375,265030.4375,279579.0625,LO,26082347,35934377,test_ood,265030.4375,0.0,265030.4375,True,True,0.0,2290.296875,267320.734375,True
test_ood_test_ood_000597_06,test_ood_000597,1,source_like,0,6,test_ood_000597_t0_c6,little,little_0,0,0.6,0.8,0,282286.5,282286.5,272960.40625,297879.40625,305068.34375,321537.5,LO,26082347,35934377,test_ood,305068.34375,0.0,305068.34375,True,True,0.0,2290.296875,307358.640625,True
test_ood_test_ood_000597_02,test_ood_000597,1,source_like,0,2,test_ood_000597_t0_c2,little,little_0,2,1.2,0.93,0,136205.67,136205.671875,131250.90625,147162.90625,151709.0,162766.21875,LO,26082347,35934377,test_ood,151709.0,0.0,151709.0,True,True,0.0,2290.296875,153999.296875,True
test_ood_test_ood_000597_04,test_ood_000597,1,source_like,0,4,test_ood_000597_t0_c4,little,little_1,3,1.5,1.0,0,108658.82,108658.8203125,106133.921875,121193.390625,125329.484375,135704.796875,LO,26082347,35934377,test_ood,125329.484375,0.0,125329.484375,True,True,0.0,2290.296875,127619.78125,True
test_ood_test_ood_000597_03,test_ood_000597,1,source_like,0,3,test_ood_000597_t0_c3,big,big_0,3,2.2,1.15,0,48703.375,48703.375,47679.78125,60509.625,64250.421875,73128.265625,LO,26082347,35934377,test_ood,64250.421875,0.0,64250.421875,True,True,0.0,2290.296875,66540.71875,True
test_ood_test_ood_000597_09,test_ood_000597,9,sink_like,1,2,test_ood_000597_t1_c2,big,big_1,3,2.2,1.15,8,173028.9,173028.90625,174740.03125,192871.84375,198244.8125,210749.9375,LO,26082347,35934377,test_ood,198244.8125,0.0,198244.8125,True,True,0.0,2290.296875,200535.109375,True
test_ood_test_ood_000597_05,test_ood_000597,1,source_like,0,5,test_ood_000597_t0_c5,big,big_1,0,1.0,0.9,0,110802.88,110802.8828125,106281.640625,121487.578125,125733.65625,136322.953125,LO,26082347,35934377,test_ood,125733.65625,0.0,125733.65625,True,True,0.0,2290.296875,128023.953125,True
test_ood_test_ood_000597_00,test_ood_000597,1,source_like,0,0,test_ood_000597_t0_c0,little,little_0,1,0.9,0.86,0,180183.47,180183.46875,168331.71875,186646.203125,192182.5625,205032.140625,LO,26082347,35934377,test_ood,192182.5625,0.0,192182.5625,True,True,0.0,2290.296875,194472.859375,True
test_ood_test_ood_000597_14,test_ood_000597,376,middle,2,0,test_ood_000597_t2_c0,little,little_1,2,1.2,0.93,375,267052.28,267052.28125,293288.46875,318691.4375,325973.0,342278.03125,LO,26082347,35934377,test_ood,325973.0,0.0,325973.0,True,True,0.0,2290.296875,328263.296875,True
test_ood_test_ood_000597_12,test_ood_000597,9,sink_like,1,5,test_ood_000597_t1_c5,little,little_0,0,0.6,0.8,8,531862.4,531862.375,537392.0,580298.625,592633.25,615920.8125,LO,26082347,35934377,test_ood,592633.25,0.0,592633.25,True,True,0.0,2290.296875,594923.546875,True
test_ood_test_ood_000597_13,test_ood_000597,9,sink_like,1,6,test_ood_000597_t1_c6,big,big_0,1,1.4,0.98,8,244798.67,244798.671875,247283.625,269643.6875,276197.0625,290998.3125,LO,26082347,35934377,test_ood,276197.0625,0.0,276197.0625,True,True,0.0,2290.296875,278487.359375,True
test_ood_test_ood_000597_15,test_ood_000597,376,middle,2,1,test_ood_000597_t2_c1,big,big_1,3,2.2,1.15,375,136748.42,136748.421875,142573.15625,158808.375,163444.125,174631.9375,LO,26082347,35934377,test_ood,163444.125,0.0,163444.125,True,True,0.0,2290.296875,165734.421875,True
test_ood_test_ood_000597_16,test_ood_000597,376,middle,2,2,test_ood_000597_t2_c2,little,little_1,3,1.5,1.0,375,246000.36,246000.359375,258266.84375,281252.03125,287939.65625,303012.0625,LO,26082347,35934377,test_ood,287939.65625,0.0,287939.65625,True,True,0.0,2290.296875,290229.953125,True
test_ood_test_ood_000597_17,test_ood_000597,376,middle,2,3,test_ood_000597_t2_c3,big,big_1,0,1.0,0.9,375,325524.16,325524.15625,335804.375,364487.5,372609.34375,390591.34375,LO,26082347,35934377,test_ood,372609.34375,0.0,372609.34375,True,True,0.0,2290.296875,374899.640625,True
test_ood_test_ood_000597_18,test_ood_000597,376,middle,2,4,test_ood_000597_t2_c4,little,little_0,0,0.6,0.8,375,603005.2,603005.1875,590050.25,637097.9375,650915.4375,675527.25,LO,26082347,35934377,test_ood,650915.4375,0.0,650915.4375,True,True,0.0,2290.296875,653205.734375,True
test_ood_test_ood_000597_10,test_ood_000597,9,sink_like,1,3,test_ood_000597_t1_c3,little,little_1,3,1.5,1.0,8,238754.48,238754.484375,237097.875,258749.890625,265110.09375,279517.75,LO,26082347,35934377,test_ood,265110.09375,0.0,265110.09375,True,True,0.0,2290.296875,267400.390625,True
test_ood_test_ood_000597_01,test_ood_000597,1,source_like,0,1,test_ood_000597_t0_c1,big,big_1,2,1.8,1.06,0,61358.297,61358.296875,56579.03125,69796.96875,73578.5625,82709.53125,LO,26082347,35934377,test_ood,73578.5625,0.0,73578.5625,True,True,0.0,2290.296875,75868.859375,True
test_ood_test_ood_000597_11,test_ood_000597,9,sink_like,1,4,test_ood_000597_t1_c4,big,big_0,0,1.0,0.9,8,296946.84,296946.84375,308745.0625,335294.3125,342855.3125,359754.5,LO,26082347,35934377,test_ood,342855.3125,0.0,342855.3125,True,True,0.0,2290.296875,345145.609375,True
test_ood_test_ood_000597_19,test_ood_000597,376,middle,2,5,test_ood_000597_t2_c5,big,big_1,1,1.4,0.98,375,162900.14,162900.140625,167872.0625,185376.25,190496.5,202532.21875,LO,26082347,35934377,test_ood,190496.5,0.0,190496.5,True,True,0.0,2290.296875,192786.796875,True
test_ood_test_ood_000597_20,test_ood_000597,376,middle,2,6,test_ood_000597_t2_c6,little,little_1,1,0.9,0.86,375,355263.66,355263.65625,361643.46875,392313.3125,400969.6875,419916.125,LO,26082347,35934377,test_ood,400969.6875,0.0,400969.6875,True,True,0.0,2290.296875,403259.984375,True
test_ood_test_ood_000597_29,test_ood_000597,146,communication_heavy,4,1,test_ood_000597_t4_c1,big,big_1,0,1.0,0.9,145,484807.2,484807.1875,462075.5625,501416.4375,512704.75,535642.875,LO,26082347,35934377,test_ood,512704.75,0.0,512704.75,True,True,0.0,2290.296875,514995.046875,True
test_ood_test_ood_000597_21,test_ood_000597,699,high_degree,3,0,test_ood_000597_t3_c0,big,big_0,3,2.2,1.15,698,186389.39,186389.390625,180637.46875,199063.859375,204534.5,217215.546875,LO,26082347,35934377,test_ood,204534.5,0.0,204534.5,True,True,0.0,2290.296875,206824.796875,True
test_ood_test_ood_000597_28,test_ood_000597,146,communication_heavy,4,0,test_ood_000597_t4_c0,little,little_0,3,1.5,1.0,145,434348.56,434348.5625,413752.9375,449129.5625,459185.96875,480445.4375,LO,26082347,35934377,test_ood,459185.96875,0.0,459185.96875,True,True,0.0,2290.296875,461476.265625,True
test_ood_test_ood_000597_27,test_ood_000597,699,high_degree,3,6,test_ood_000597_t3_c6,big,big_1,2,1.8,1.06,698,185595.64,185595.640625,182077.34375,200489.09375,205936.25,218570.875,LO,26082347,35934377,test_ood,205936.25,0.0,205936.25,True,True,0.0,2290.296875,208226.546875,True
test_ood_test_ood_000597_23,test_ood_000597,699,high_degree,3,2,test_ood_000597_t3_c2,big,big_1,0,1.0,0.9,698,271143.6,271143.59375,285370.625,310205.84375,317328.0,333346.8125,LO,26082347,35934377,test_ood,317328.0,0.0,317328.0,True,True,0.0,2290.296875,319618.296875,True
test_ood_test_ood_000597_25,test_ood_000597,699,high_degree,3,4,test_ood_000597_t3_c4,big,big_0,1,1.4,0.98,698,272611.72,272611.71875,263521.0,286903.71875,293698.71875,308992.75,LO,26082347,35934377,test_ood,293698.71875,0.0,293698.71875,True,True,0.0,2290.296875,295989.015625,True
test_ood_test_ood_000597_24,test_ood_000597,699,high_degree,3,3,test_ood_000597_t3_c3,little,little_0,0,0.6,0.8,698,507889.2,507889.1875,496395.8125,536697.25,548186.0,570840.6875,LO,26082347,35934377,test_ood,548186.0,0.0,548186.0,True,True,0.0,2290.296875,550476.296875,True
test_ood_test_ood_000597_26,test_ood_000597,699,high_degree,3,5,test_ood_000597_t3_c5,little,little_0,1,0.9,0.86,698,324688.94,324688.9375,339294.03125,368156.6875,376317.75,394374.4375,LO,26082347,35934377,test_ood,376317.75,0.0,376317.75,True,True,0.0,2290.296875,378608.046875,True
test_ood_test_ood_000597_31,test_ood_000597,146,communication_heavy,4,3,test_ood_000597_t4_c3,big,big_1,1,1.4,0.98,145,319557.0,319557.0,298998.4375,324815.0,332196.21875,348720.125,LO,26082347,35934377,test_ood,332196.21875,0.0,332196.21875,True,True,0.0,2290.296875,334486.515625,True
test_ood_test_ood_000597_41,test_ood_000597,637,random,5,6,test_ood_000597_t5_c6,big,big_1,3,2.2,1.15,636,92659.97,92659.96875,97146.09375,111797.6875,115804.140625,125910.375,LO,26082347,35934377,test_ood,115804.140625,0.0,115804.140625,True,True,0.0,2290.296875,118094.4375,True
test_ood_test_ood_000597_30,test_ood_000597,146,communication_heavy,4,2,test_ood_000597_t4_c2,little,little_1,0,0.6,0.8,145,732603.56,732603.5625,698508.875,756205.375,773832.125,803511.75,LO,26082347,35934377,test_ood,773832.125,0.0,773832.125,True,True,0.0,2290.296875,776122.421875,True
test_ood_test_ood_000597_34,test_ood_000597,146,communication_heavy,4,6,test_ood_000597_t4_c6,little,little_0,2,1.2,0.93,145,571993.44,571993.4375,527107.6875,572354.5,585642.9375,611108.875,LO,26082347,35934377,test_ood,585642.9375,0.0,585642.9375,True,True,0.0,2290.296875,587933.234375,True
test_ood_test_ood_000597_33,test_ood_000597,146,communication_heavy,4,5,test_ood_000597_t4_c5,big,big_0,2,1.8,1.06,145,309030.28,309030.28125,292883.1875,318290.09375,325585.75,341926.875,LO,26082347,35934377,test_ood,325585.75,0.0,325585.75,True,True,0.0,2290.296875,327876.046875,True
test_ood_test_ood_000597_22,test_ood_000597,699,high_degree,3,1,test_ood_000597_t3_c1,little,little_1,3,1.5,1.0,698,237367.84,237367.84375,248515.546875,270854.21875,277372.53125,292109.28125,LO,26082347,35934377,test_ood,277372.53125,0.0,277372.53125,True,True,0.0,2290.296875,279662.828125,True
test_ood_test_ood_000597_40,test_ood_000597,637,random,5,5,test_ood_000597_t5_c5,little,little_1,2,1.2,0.93,636,224093.03,224093.03125,223881.71875,244763.125,250946.375,264981.59375,LO,26082347,35934377,test_ood,250946.375,0.0,250946.375,True,True,0.0,2290.296875,253236.671875,True
test_ood_test_ood_000597_39,test_ood_000597,637,random,5,4,test_ood_000597_t5_c4,big,big_0,2,1.8,1.06,636,102911.445,102911.4453125,102770.640625,117517.734375,121567.484375,131761.484375,LO,26082347,35934377,test_ood,121567.484375,0.0,121567.484375,True,True,0.0,2290.296875,123857.78125,True
test_ood_test_ood_000597_32,test_ood_000597,146,communication_heavy,4,4,test_ood_000597_t4_c4,little,little_0,1,0.9,0.86,145,490483.6,490483.59375,478280.59375,518801.1875,530445.8125,553809.375,LO,26082347,35934377,test_ood,530445.8125,0.0,530445.8125,True,True,0.0,2290.296875,532736.109375,True
test_ood_test_ood_000597_37,test_ood_000597,637,random,5,2,test_ood_000597_t5_c2,big,big_0,1,1.4,0.98,636,126017.03,126017.03125,128909.359375,144581.03125,148996.953125,159821.8125,LO,26082347,35934377,test_ood,148996.953125,0.0,148996.953125,True,True,0.0,2290.296875,151287.25,True
test_ood_test_ood_000597_36,test_ood_000597,637,random,5,1,test_ood_000597_t5_c1,little,little_0,0,0.6,0.8,636,466894.62,466894.625,449565.875,485050.5625,494877.46875,515171.21875,LO,26082347,35934377,test_ood,494877.46875,0.0,494877.46875,True,True,0.0,2290.296875,497167.765625,True
test_ood_test_ood_000597_35,test_ood_000597,637,random,5,0,test_ood_000597_t5_c0,big,big_1,0,1.0,0.9,636,206111.25,206111.25,211046.125,231190.671875,237187.28125,250860.765625,LO,26082347,35934377,test_ood,237187.28125,0.0,237187.28125,True,True,0.0,2290.296875,239477.578125,True
test_ood_test_ood_000597_38,test_ood_000597,637,random,5,3,test_ood_000597_t5_c3,little,little_0,1,0.9,0.86,636,275442.16,275442.15625,274800.8125,298837.75,305755.875,321343.53125,LO,26082347,35934377,test_ood,305755.875,0.0,305755.875,True,True,0.0,2290.296875,308046.171875,True
test_ood_test_ood_000669_07,test_ood_000669,690,sink_like,1,0,test_ood_000669_t1_c0,little,little_0,0,0.6,0.8,689,445422.25,445422.25,422900.125,457213.84375,466772.5625,486964.375,LO,8637762,11067672,test_ood,466772.5625,0.0,466772.5625,True,True,0.0,2290.296875,469062.859375,True
test_ood_test_ood_000669_19,test_ood_000669,355,middle,2,5,test_ood_000669_t2_c5,little,little_0,3,1.5,1.0,354,244360.08,244360.078125,232520.546875,253938.171875,260263.765625,274583.9375,LO,8637762,11067672,test_ood,260263.765625,0.0,260263.765625,True,True,0.0,2290.296875,262554.0625,True
test_ood_test_ood_000669_00,test_ood_000669,1,source_like,0,0,test_ood_000669_t0_c0,big,big_1,0,1.0,0.9,0,129472.12,129472.1171875,126538.265625,142453.203125,147033.484375,158179.09375,LO,8637762,11067672,test_ood,147033.484375,0.0,147033.484375,True,True,0.0,2290.296875,149323.78125,True
test_ood_test_ood_000669_01,test_ood_000669,1,source_like,0,1,test_ood_000669_t0_c1,little,little_1,0,0.6,0.8,0,359368.1,359368.09375,333209.625,360900.5,368448.4375,385619.5,LO,8637762,11067672,test_ood,368448.4375,0.0,368448.4375,True,True,0.0,2290.296875,370738.734375,True
test_ood_test_ood_000669_02,test_ood_000669,1,source_like,0,2,test_ood_000669_t0_c2,big,big_0,1,1.4,0.98,0,100917.484,100917.484375,94190.0,108865.828125,112903.34375,123053.828125,LO,8637762,11067672,test_ood,112903.34375,0.0,112903.34375,True,True,0.0,2290.296875,115193.640625,True
test_ood_test_ood_000669_03,test_ood_000669,1,source_like,0,3,test_ood_000669_t0_c3,little,little_0,1,0.9,0.86,0,218720.38,218720.375,206496.625,226743.109375,232872.90625,246800.0,LO,8637762,11067672,test_ood,232872.90625,0.0,232872.90625,True,True,0.0,2290.296875,235163.203125,True
test_ood_test_ood_000669_05,test_ood_000669,1,source_like,0,5,test_ood_000669_t0_c5,little,little_0,2,1.2,0.93,0,165818.67,165818.671875,158989.4375,176273.875,181398.9375,193432.0625,LO,8637762,11067672,test_ood,181398.9375,0.0,181398.9375,True,True,0.0,2290.296875,183689.234375,True
test_ood_test_ood_000669_06,test_ood_000669,1,source_like,0,6,test_ood_000669_t0_c6,big,big_0,3,2.2,1.15,0,68778.055,68778.0546875,61681.703125,75155.9375,78982.984375,88308.765625,LO,8637762,11067672,test_ood,78982.984375,0.0,78982.984375,True,True,0.0,2290.296875,81273.28125,True
test_ood_test_ood_000669_08,test_ood_000669,690,sink_like,1,1,test_ood_000669_t1_c1,big,big_0,1,1.4,0.98,689,143580.62,143580.625,140199.328125,156335.25,160939.78125,172078.59375,LO,8637762,11067672,test_ood,160939.78125,0.0,160939.78125,True,True,0.0,2290.296875,163230.078125,True
test_ood_test_ood_000669_18,test_ood_000669,355,middle,2,4,test_ood_000669_t2_c4,big,big_0,3,2.2,1.15,354,130016.73,130016.7265625,122429.3125,137803.71875,142093.4375,152700.28125,LO,8637762,11067672,test_ood,142093.4375,0.0,142093.4375,True,True,0.0,2290.296875,144383.734375,True
test_ood_test_ood_000669_10,test_ood_000669,690,sink_like,1,3,test_ood_000669_t1_c3,big,big_1,2,1.8,1.06,689,160994.94,160994.9375,153225.5625,170085.4375,174969.25,186596.34375,LO,8637762,11067672,test_ood,174969.25,0.0,174969.25,True,True,0.0,2290.296875,177259.546875,True
test_ood_test_ood_000669_09,test_ood_000669,690,sink_like,1,2,test_ood_000669_t1_c2,little,little_1,1,0.9,0.86,689,273003.66,273003.65625,277027.53125,301253.96875,308214.5625,323906.9375,LO,8637762,11067672,test_ood,308214.5625,0.0,308214.5625,True,True,0.0,2290.296875,310504.859375,True
test_ood_test_ood_000669_16,test_ood_000669,355,middle,2,2,test_ood_000669_t2_c2,big,big_0,2,1.8,1.06,354,165385.64,165385.640625,149460.90625,166107.3125,170910.078125,182391.5,LO,8637762,11067672,test_ood,170910.078125,0.0,170910.078125,True,True,0.0,2290.296875,173200.375,True
test_ood_test_ood_000669_15,test_ood_000669,355,middle,2,1,test_ood_000669_t2_c1,little,little_0,1,0.9,0.86,354,360006.16,360006.15625,325907.1875,353619.75,361466.4375,378907.34375,LO,8637762,11067672,test_ood,361466.4375,0.0,361466.4375,True,True,0.0,2290.296875,363756.734375,True
test_ood_test_ood_000669_14,test_ood_000669,355,middle,2,0,test_ood_000669_t2_c0,big,big_1,1,1.4,0.98,354,226070.12,226070.125,215282.390625,235670.21875,241727.171875,255513.34375,LO,8637762,11067672,test_ood,241727.171875,0.0,241727.171875,True,True,0.0,2290.296875,244017.46875,True
test_ood_test_ood_000669_17,test_ood_000669,355,middle,2,3,test_ood_000669_t2_c3,little,little_0,2,1.2,0.93,354,326137.4,326137.40625,302250.125,328309.90625,335761.84375,352402.1875,LO,8637762,11067672,test_ood,335761.84375,0.0,335761.84375,True,True,0.0,2290.296875,338052.140625,True
test_ood_test_ood_000669_12,test_ood_000669,690,sink_like,1,5,test_ood_000669_t1_c5,big,big_1,3,2.2,1.15,689,108278.94,108278.9375,107562.59375,122455.6875,126541.328125,136808.21875,LO,8637762,11067672,test_ood,126541.328125,0.0,126541.328125,True,True,0.0,2290.296875,128831.625,True
test_ood_test_ood_000669_11,test_ood_000669,690,sink_like,1,4,test_ood_000669_t1_c4,little,little_1,2,1.2,0.93,689,245501.1,245501.09375,236694.171875,258286.015625,264609.96875,278958.25,LO,8637762,11067672,test_ood,264609.96875,0.0,264609.96875,True,True,0.0,2290.296875,266900.265625,True
test_ood_test_ood_000669_13,test_ood_000669,690,sink_like,1,6,test_ood_000669_t1_c6,little,little_0,3,1.5,1.0,689,166413.53,166413.53125,164734.625,182064.84375,187119.09375,199037.65625,LO,8637762,11067672,test_ood,187119.09375,0.0,187119.09375,True,True,0.0,2290.296875,189409.390625,True
test_ood_test_ood_000669_04,test_ood_000669,1,source_like,0,4,test_ood_000669_t0_c4,big,big_1,2,1.8,1.06,0,71683.83,71683.828125,70990.8125,84826.984375,88702.109375,98283.109375,LO,8637762,11067672,test_ood,88702.109375,0.0,88702.109375,True,True,0.0,2290.296875,90992.40625,True
test_ood_test_ood_000669_20,test_ood_000669,355,middle,2,6,test_ood_000669_t2_c6,big,big_0,0,1.0,0.9,354,329397.78,329397.78125,308008.375,334510.0,342059.84375,358922.125,LO,8637762,11067672,test_ood,342059.84375,0.0,342059.84375,True,True,0.0,2290.296875,344350.140625,True
test_ood_test_ood_000669_28,test_ood_000669,581,communication_heavy,4,0,test_ood_000669_t4_c0,big,big_0,2,1.8,1.06,580,207992.69,207992.6875,239448.8125,261380.90625,267859.75,282491.875,LO,8637762,11067672,test_ood,267859.75,0.0,267859.75,True,True,0.0,2290.296875,270150.046875,True
test_ood_test_ood_000669_31,test_ood_000669,581,communication_heavy,4,3,test_ood_000669_t4_c3,little,little_1,3,1.5,1.0,580,394146.75,394146.75,409891.5,444976.8125,454951.8125,476094.84375,LO,8637762,11067672,test_ood,454951.8125,0.0,454951.8125,True,True,0.0,2290.296875,457242.109375,True
test_ood_test_ood_000669_41,test_ood_000669,684,random,5,6,test_ood_000669_t5_c6,little,little_1,1,0.9,0.86,683,261855.86,261855.859375,243972.125,266128.8125,272626.90625,287339.5,LO,8637762,11067672,test_ood,272626.90625,0.0,272626.90625,True,True,0.0,2290.296875,274917.203125,True
test_ood_test_ood_000669_27,test_ood_000669,120,high_degree,3,6,test_ood_000669_t3_c6,little,little_1,0,0.6,0.8,119,410006.56,410006.5625,429123.4375,463817.0625,473480.1875,493783.96875,LO,8637762,11067672,test_ood,473480.1875,0.0,473480.1875,True,True,0.0,2290.296875,475770.484375,True
test_ood_test_ood_000669_26,test_ood_000669,120,high_degree,3,5,test_ood_000669_t3_c5,big,big_0,0,1.0,0.9,119,228684.77,228684.765625,240772.953125,262636.0,269031.09375,283526.0625,LO,8637762,11067672,test_ood,269031.09375,0.0,269031.09375,True,True,0.0,2290.296875,271321.390625,True
test_ood_test_ood_000669_22,test_ood_000669,120,high_degree,3,1,test_ood_000669_t3_c1,big,big_1,2,1.8,1.06,119,115805.8,115805.796875,125825.4375,141328.875,145661.875,156345.078125,LO,8637762,11067672,test_ood,145661.875,0.0,145661.875,True,True,0.0,2290.296875,147952.171875,True
test_ood_test_ood_000669_24,test_ood_000669,120,high_degree,3,3,test_ood_000669_t3_c3,big,big_1,3,2.2,1.15,119,102062.695,102062.6953125,108399.59375,123313.15625,127404.890625,137682.640625,LO,8637762,11067672,test_ood,127404.890625,0.0,127404.890625,True,True,0.0,2290.296875,129695.1875,True
test_ood_test_ood_000669_29,test_ood_000669,581,communication_heavy,4,1,test_ood_000669_t4_c1,little,little_0,2,1.2,0.93,580,423037.38,423037.375,432577.90625,469438.6875,479937.75,501830.75,LO,8637762,11067672,test_ood,479937.75,0.0,479937.75,True,True,0.0,2290.296875,482228.046875,True
test_ood_test_ood_000669_25,test_ood_000669,120,high_degree,3,4,test_ood_000669_t3_c4,little,little_1,3,1.5,1.0,119,159666.92,159666.921875,164032.390625,181311.375,186346.0,198226.796875,LO,8637762,11067672,test_ood,186346.0,0.0,186346.0,True,True,0.0,2290.296875,188636.296875,True
test_ood_test_ood_000669_30,test_ood_000669,581,communication_heavy,4,2,test_ood_000669_t4_c2,big,big_0,3,2.2,1.15,580,208777.22,208777.21875,249424.65625,272003.09375,278652.375,293642.96875,LO,8637762,11067672,test_ood,278652.375,0.0,278652.375,True,True,0.0,2290.296875,280942.671875,True
test_ood_test_ood_000669_35,test_ood_000669,684,random,5,0,test_ood_000669_t5_c0,little,little_1,2,1.2,0.93,683,249289.78,249289.78125,239693.578125,261515.046875,267918.75,282413.4375,LO,8637762,11067672,test_ood,267918.75,0.0,267918.75,True,True,0.0,2290.296875,270209.046875,True
test_ood_test_ood_000669_23,test_ood_000669,120,high_degree,3,2,test_ood_000669_t3_c2,little,little_1,2,1.2,0.93,119,182458.62,182458.625,189623.8125,208373.234375,213917.875,226729.5,LO,8637762,11067672,test_ood,213917.875,0.0,213917.875,True,True,0.0,2290.296875,216208.171875,True
test_ood_test_ood_000669_33,test_ood_000669,581,communication_heavy,4,5,test_ood_000669_t4_c5,little,little_1,0,0.6,0.8,580,758412.3,758412.3125,803703.25,872095.3125,892331.6875,928520.875,LO,8637762,11067672,test_ood,892331.6875,0.0,892331.6875,True,True,0.0,2290.296875,894621.984375,True
test_ood_test_ood_000669_34,test_ood_000669,581,communication_heavy,4,6,test_ood_000669_t4_c6,big,big_0,1,1.4,0.98,580,318856.12,318856.125,389487.71875,422708.03125,432109.5625,452343.34375,LO,8637762,11067672,test_ood,432109.5625,0.0,432109.5625,True,True,0.0,2290.296875,434399.859375,True
test_ood_test_ood_000669_36,test_ood_000669,684,random,5,1,test_ood_000669_t5_c1,big,big_1,3,2.2,1.15,683,89880.17,89880.171875,89514.234375,103888.046875,107835.296875,117783.328125,LO,8637762,11067672,test_ood,107835.296875,0.0,107835.296875,True,True,0.0,2290.296875,110125.59375,True
test_ood_test_ood_000669_37,test_ood_000669,684,random,5,2,test_ood_000669_t5_c2,little,little_1,3,1.5,1.0,683,200276.97,200276.96875,196196.375,215399.0,221097.96875,234197.140625,LO,8637762,11067672,test_ood,221097.96875,0.0,221097.96875,True,True,0.0,2290.296875,223388.265625,True
test_ood_test_ood_000669_38,test_ood_000669,684,random,5,3,test_ood_000669_t5_c3,big,big_1,0,1.0,0.9,683,196626.22,196626.21875,186850.28125,205729.4375,211395.96875,224444.34375,LO,8637762,11067672,test_ood,211395.96875,0.0,211395.96875,True,True,0.0,2290.296875,213686.265625,True
test_ood_test_ood_000669_39,test_ood_000669,684,random,5,4,test_ood_000669_t5_c4,little,little_1,0,0.6,0.8,683,452570.66,452570.65625,418264.5,451426.125,460504.03125,479861.3125,LO,8637762,11067672,test_ood,460504.03125,0.0,460504.03125,True,True,0.0,2290.296875,462794.328125,True
test_ood_test_ood_000669_40,test_ood_000669,684,random,5,5,test_ood_000669_t5_c5,big,big_1,1,1.4,0.98,683,147122.44,147122.4375,143652.5625,160025.140625,164724.375,176031.6875,LO,8637762,11067672,test_ood,164724.375,0.0,164724.375,True,True,0.0,2290.296875,167014.671875,True
test_ood_test_ood_000669_32,test_ood_000669,581,communication_heavy,4,4,test_ood_000669_t4_c4,big,big_1,0,1.0,0.9,580,317545.34,317545.34375,337496.5,366194.4375,374304.3125,392272.71875,LO,8637762,11067672,test_ood,374304.3125,0.0,374304.3125,True,True,0.0,2290.296875,376594.609375,True
test_ood_test_ood_000669_21,test_ood_000669,120,high_degree,3,0,test_ood_000669_t3_c0,little,little_1,1,0.9,0.86,119,277228.03,277228.03125,291093.4375,316298.875,323503.96875,339693.5625,LO,8637762,11067672,test_ood,323503.96875,0.0,323503.96875,True,True,0.0,2290.296875,325794.265625,True
test_ood_test_ood_000695_07,test_ood_000695,563,sink_like,1,0,test_ood_000695_t1_c0,little,little_0,0,0.6,0.8,562,597335.7,597335.6875,553126.5,596989.875,609658.3125,633106.0,LO,9859083,10801254,test_ood,609658.3125,0.0,609658.3125,True,True,0.0,1085.578125,610743.890625,True
test_ood_test_ood_000695_06,test_ood_000695,7,source_like,0,6,test_ood_000695_t0_c6,big,big_1,3,2.2,1.15,6,33783.047,33783.046875,34162.515625,46646.734375,50456.484375,59196.046875,LO,9859083,10801254,test_ood,50456.484375,0.0,50456.484375,True,True,0.0,1085.578125,51542.0625,True
test_ood_test_ood_000695_05,test_ood_000695,7,source_like,0,5,test_ood_000695_t0_c5,little,little_1,2,1.2,0.93,6,84222.5,84222.5,84421.078125,99059.65625,103112.25,113221.4375,LO,9859083,10801254,test_ood,103112.25,0.0,103112.25,True,True,0.0,1085.578125,104197.828125,True
test_ood_test_ood_000695_01,test_ood_000695,7,source_like,0,1,test_ood_000695_t0_c1,little,little_1,0,0.6,0.8,6,161533.58,161533.578125,158557.734375,176811.46875,182351.625,195284.46875,LO,9859083,10801254,test_ood,182351.625,0.0,182351.625,True,True,0.0,1085.578125,183437.203125,True
test_ood_test_ood_000695_03,test_ood_000695,7,source_like,0,3,test_ood_000695_t0_c3,little,little_0,1,0.9,0.86,6,116949.76,116949.7578125,116028.40625,131732.734375,136248.9375,147343.84375,LO,9859083,10801254,test_ood,136248.9375,0.0,136248.9375,True,True,0.0,1085.578125,137334.515625,True
test_ood_test_ood_000695_02,test_ood_000695,7,source_like,0,2,test_ood_000695_t0_c2,big,big_0,1,1.4,0.98,6,51039.188,51039.1875,52741.46875,65943.484375,69799.59375,78997.3125,LO,9859083,10801254,test_ood,69799.59375,0.0,69799.59375,True,True,0.0,1085.578125,70885.171875,True
test_ood_test_ood_000695_08,test_ood_000695,563,sink_like,1,1,test_ood_000695_t1_c1,big,big_1,1,1.4,0.98,562,201363.55,201363.546875,196354.78125,215619.859375,221347.625,234505.84375,LO,9859083,10801254,test_ood,221347.625,0.0,221347.625,True,True,0.0,1085.578125,222433.203125,True
test_ood_test_ood_000695_04,test_ood_000695,7,source_like,0,4,test_ood_000695_t0_c4,big,big_0,2,1.8,1.06,6,41086.832,41086.83203125,40087.34375,52759.3125,56576.03125,65450.265625,LO,9859083,10801254,test_ood,56576.03125,0.0,56576.03125,True,True,0.0,1085.578125,57661.609375,True
test_ood_test_ood_000695_20,test_ood_000695,405,middle,2,6,test_ood_000695_t2_c6,big,big_0,0,1.0,0.9,404,152800.67,152800.671875,153907.28125,171127.78125,176221.375,188263.953125,LO,9859083,10801254,test_ood,176221.375,0.0,176221.375,True,True,0.0,1085.578125,177306.953125,True
test_ood_test_ood_000695_09,test_ood_000695,563,sink_like,1,2,test_ood_000695_t1_c2,little,little_0,1,0.9,0.86,562,382225.2,382225.1875,360964.53125,391542.40625,400169.0625,419053.375,LO,9859083,10801254,test_ood,400169.0625,0.0,400169.0625,True,True,0.0,1085.578125,401254.640625,True
test_ood_test_ood_000695_11,test_ood_000695,563,sink_like,1,4,test_ood_000695_t1_c4,little,little_1,2,1.2,0.93,562,311474.53,311474.53125,310412.90625,337094.625,344702.1875,361657.96875,LO,9859083,10801254,test_ood,344702.1875,0.0,344702.1875,True,True,0.0,1085.578125,345787.765625,True
test_ood_test_ood_000695_12,test_ood_000695,563,sink_like,1,5,test_ood_000695_t1_c5,big,big_1,3,2.2,1.15,562,145332.31,145332.3125,140087.15625,156255.359375,160855.3125,171990.03125,LO,9859083,10801254,test_ood,160855.3125,0.0,160855.3125,True,True,0.0,1085.578125,161940.890625,True
test_ood_test_ood_000695_13,test_ood_000695,563,sink_like,1,6,test_ood_000695_t1_c6,little,little_0,3,1.5,1.0,562,217746.31,217746.3125,202830.75,222391.8125,228181.859375,241464.6875,LO,9859083,10801254,test_ood,228181.859375,0.0,228181.859375,True,True,0.0,1085.578125,229267.4375,True
test_ood_test_ood_000695_14,test_ood_000695,405,middle,2,0,test_ood_000695_t2_c0,big,big_1,1,1.4,0.98,404,132366.58,132366.578125,126673.84375,142431.578125,146883.78125,157803.6875,LO,9859083,10801254,test_ood,146883.78125,0.0,146883.78125,True,True,0.0,1085.578125,147969.359375,True
test_ood_test_ood_000695_15,test_ood_000695,405,middle,2,1,test_ood_000695_t2_c1,little,little_0,1,0.9,0.86,404,207695.23,207695.234375,222290.1875,243185.84375,249370.578125,263447.09375,LO,9859083,10801254,test_ood,249370.578125,0.0,249370.578125,True,True,0.0,1085.578125,250456.15625,True
test_ood_test_ood_000695_16,test_ood_000695,405,middle,2,2,test_ood_000695_t2_c2,big,big_1,2,1.8,1.06,404,76889.266,76889.265625,79049.171875,93158.46875,97057.484375,106803.0,LO,9859083,10801254,test_ood,97057.484375,0.0,97057.484375,True,True,0.0,1085.578125,98143.0625,True
test_ood_test_ood_000695_17,test_ood_000695,405,middle,2,3,test_ood_000695_t2_c3,little,little_1,2,1.2,0.93,404,157056.58,157056.578125,157068.34375,174180.71875,179192.90625,191048.921875,LO,9859083,10801254,test_ood,179192.90625,0.0,179192.90625,True,True,0.0,1085.578125,180278.484375,True
test_ood_test_ood_000695_18,test_ood_000695,405,middle,2,4,test_ood_000695_t2_c4,big,big_0,3,2.2,1.15,404,84475.16,84475.15625,74904.234375,88851.34375,92712.078125,102322.9375,LO,9859083,10801254,test_ood,92712.078125,0.0,92712.078125,True,True,0.0,1085.578125,93797.65625,True
test_ood_test_ood_000695_00,test_ood_000695,7,source_like,0,0,test_ood_000695_t0_c0,big,big_1,0,1.0,0.9,6,74237.56,74237.5625,66736.296875,80654.40625,84619.59375,94294.46875,LO,9859083,10801254,test_ood,84619.59375,0.0,84619.59375,True,True,0.0,1085.578125,85705.171875,True
test_ood_test_ood_000695_10,test_ood_000695,563,sink_like,1,3,test_ood_000695_t1_c3,big,big_1,2,1.8,1.06,562,174258.11,174258.109375,174832.71875,192895.546875,198234.125,210670.796875,LO,9859083,10801254,test_ood,198234.125,0.0,198234.125,True,True,0.0,1085.578125,199319.703125,True
test_ood_test_ood_000695_19,test_ood_000695,405,middle,2,5,test_ood_000695_t2_c5,little,little_0,3,1.5,1.0,404,130520.97,130520.96875,133299.078125,149203.3125,153708.703125,164693.25,LO,9859083,10801254,test_ood,153708.703125,0.0,153708.703125,True,True,0.0,1085.578125,154794.28125,True
test_ood_test_ood_000695_41,test_ood_000695,652,random,5,6,test_ood_000695_t5_c6,little,little_0,1,0.9,0.86,651,247940.11,247940.109375,253203.65625,275879.53125,282466.375,297376.40625,LO,9859083,10801254,test_ood,282466.375,0.0,282466.375,True,True,0.0,1085.578125,283551.953125,True
test_ood_test_ood_000695_21,test_ood_000695,327,high_degree,3,0,test_ood_000695_t3_c0,little,little_1,1,0.9,0.86,326,299711.5,299711.5,281849.59375,306389.625,313428.0625,329275.0625,LO,9859083,10801254,test_ood,313428.0625,0.0,313428.0625,True,True,0.0,1085.578125,314513.640625,True
test_ood_test_ood_000695_28,test_ood_000695,213,communication_heavy,4,0,test_ood_000695_t4_c0,big,big_0,2,1.8,1.06,212,215435.47,215435.46875,206405.25,226279.46875,232188.8125,245696.96875,LO,9859083,10801254,test_ood,232188.8125,0.0,232188.8125,True,True,0.0,1085.578125,233274.390625,True
test_ood_test_ood_000695_27,test_ood_000695,327,high_degree,3,6,test_ood_000695_t3_c6,little,little_0,0,0.6,0.8,326,454546.53,454546.53125,442372.21875,478137.46875,488146.0625,508944.5,LO,9859083,10801254,test_ood,488146.0625,0.0,488146.0625,True,True,0.0,1085.578125,489231.640625,True
test_ood_test_ood_000695_23,test_ood_000695,327,high_degree,3,2,test_ood_000695_t3_c2,little,little_0,2,1.2,0.93,326,255284.02,255284.015625,241647.0625,263540.96875,269941.15625,284442.09375,LO,9859083,10801254,test_ood,269941.15625,0.0,269941.15625,True,True,0.0,1085.578125,271026.734375,True
test_ood_test_ood_000695_25,test_ood_000695,327,high_degree,3,4,test_ood_000695_t3_c4,little,little_1,3,1.5,1.0,326,195092.47,195092.46875,185590.484375,204101.71875,209559.484375,222214.90625,LO,9859083,10801254,test_ood,209559.484375,0.0,209559.484375,True,True,0.0,1085.578125,210645.0625,True
test_ood_test_ood_000695_24,test_ood_000695,327,high_degree,3,3,test_ood_000695_t3_c3,big,big_1,3,2.2,1.15,326,137943.05,137943.046875,141453.4375,157708.40625,162336.09375,173522.0,LO,9859083,10801254,test_ood,162336.09375,0.0,162336.09375,True,True,0.0,1085.578125,163421.671875,True
test_ood_test_ood_000695_30,test_ood_000695,213,communication_heavy,4,2,test_ood_000695_t4_c2,big,big_0,3,2.2,1.15,212,201635.03,201635.03125,190626.0625,209646.09375,215319.265625,228375.65625,LO,9859083,10801254,test_ood,215319.265625,0.0,215319.265625,True,True,0.0,1085.578125,216404.84375,True
test_ood_test_ood_000695_26,test_ood_000695,327,high_degree,3,5,test_ood_000695_t3_c5,big,big_1,0,1.0,0.9,326,229026.33,229026.328125,225364.1875,246337.34375,252532.796875,266612.25,LO,9859083,10801254,test_ood,252532.796875,0.0,252532.796875,True,True,0.0,1085.578125,253618.375,True
test_ood_test_ood_000695_31,test_ood_000695,213,communication_heavy,4,3,test_ood_000695_t4_c3,little,little_0,3,1.5,1.0,212,370574.44,370574.4375,347560.3125,377262.0,385678.4375,404179.28125,LO,9859083,10801254,test_ood,385678.4375,0.0,385678.4375,True,True,0.0,1085.578125,386764.015625,True
test_ood_test_ood_000695_36,test_ood_000695,652,random,5,1,test_ood_000695_t5_c1,big,big_1,3,2.2,1.15,651,85860.9,85860.8984375,86718.5,101109.265625,105039.5625,114931.90625,LO,9859083,10801254,test_ood,105039.5625,0.0,105039.5625,True,True,0.0,1085.578125,106125.140625,True
test_ood_test_ood_000695_29,test_ood_000695,213,communication_heavy,4,1,test_ood_000695_t4_c1,little,little_1,2,1.2,0.93,212,398023.75,398023.75,373082.75,404859.5,413844.5,433361.21875,LO,9859083,10801254,test_ood,413844.5,0.0,413844.5,True,True,0.0,1085.578125,414930.078125,True
test_ood_test_ood_000695_34,test_ood_000695,213,communication_heavy,4,6,test_ood_000695_t4_c6,big,big_1,1,1.4,0.98,212,324948.4,324948.40625,311774.0,338576.3125,346210.875,363240.03125,LO,9859083,10801254,test_ood,346210.875,0.0,346210.875,True,True,0.0,1085.578125,347296.453125,True
test_ood_test_ood_000695_35,test_ood_000695,652,random,5,0,test_ood_000695_t5_c0,little,little_1,2,1.2,0.93,651,157988.78,157988.78125,163024.0625,180403.484375,185511.71875,197529.984375,LO,9859083,10801254,test_ood,185511.71875,0.0,185511.71875,True,True,0.0,1085.578125,186597.296875,True
test_ood_test_ood_000695_37,test_ood_000695,652,random,5,2,test_ood_000695_t5_c2,little,little_1,3,1.5,1.0,651,158181.77,158181.765625,152399.875,169184.5625,174045.1875,185627.375,LO,9859083,10801254,test_ood,174045.1875,0.0,174045.1875,True,True,0.0,1085.578125,175130.765625,True
test_ood_test_ood_000695_38,test_ood_000695,652,random,5,3,test_ood_000695_t5_c3,big,big_0,0,1.0,0.9,651,143758.6,143758.59375,146294.0,162997.96875,167865.65625,179497.5625,LO,9859083,10801254,test_ood,167865.65625,0.0,167865.65625,True,True,0.0,1085.578125,168951.234375,True
test_ood_test_ood_000695_39,test_ood_000695,652,random,5,4,test_ood_000695_t5_c4,little,little_1,0,0.6,0.8,651,291409.66,291409.65625,290770.4375,316403.25,323642.78125,340281.03125,LO,9859083,10801254,test_ood,323642.78125,0.0,323642.78125,True,True,0.0,1085.578125,324728.359375,True
test_ood_test_ood_000695_40,test_ood_000695,652,random,5,5,test_ood_000695_t5_c5,big,big_1,1,1.4,0.98,651,116970.766,116970.765625,125198.328125,140816.703125,145195.46875,155979.96875,LO,9859083,10801254,test_ood,145195.46875,0.0,145195.46875,True,True,0.0,1085.578125,146281.046875,True
test_ood_test_ood_000695_22,test_ood_000695,327,high_degree,3,1,test_ood_000695_t3_c1,big,big_0,2,1.8,1.06,326,180949.88,180949.875,189222.390625,208109.328125,213737.75,226696.25,LO,9859083,10801254,test_ood,213737.75,0.0,213737.75,True,True,0.0,1085.578125,214823.328125,True
test_ood_test_ood_000695_32,test_ood_000695,213,communication_heavy,4,4,test_ood_000695_t4_c4,big,big_1,0,1.0,0.9,212,307974.6,307974.59375,282680.5,307326.53125,314401.8125,330327.78125,LO,9859083,10801254,test_ood,314401.8125,0.0,314401.8125,True,True,0.0,1085.578125,315487.390625,True
test_ood_test_ood_000695_33,test_ood_000695,213,communication_heavy,4,5,test_ood_000695_t4_c5,little,little_1,0,0.6,0.8,212,579281.0,579281.0,567735.0,613368.375,626682.5,651000.125,LO,9859083,10801254,test_ood,626682.5,0.0,626682.5,True,True,0.0,1085.578125,627768.078125,True
test_ood_test_ood_000723_07,test_ood_000723,875,sink_like,1,0,test_ood_000723_t1_c0,little,little_0,1,0.9,0.86,874,329886.62,329886.625,336062.34375,364649.625,372736.9375,390645.5625,LO,3402183,3905591,test_ood,372736.9375,0.0,372736.9375,True,True,0.0,1085.578125,373822.515625,True
test_ood_test_ood_000723_06,test_ood_000723,1,source_like,0,6,test_ood_000723_t0_c6,big,big_1,0,1.0,0.9,0,110487.03,110487.03125,112195.90625,127553.75,131868.71875,142575.59375,LO,3402183,3905591,test_ood,131868.71875,0.0,131868.71875,True,True,0.0,1085.578125,132954.296875,True
test_ood_test_ood_000723_05,test_ood_000723,1,source_like,0,5,test_ood_000723_t0_c5,little,little_0,3,1.5,1.0,0,107126.26,107126.2578125,111091.5625,126267.21875,130457.171875,140924.3125,LO,3402183,3905591,test_ood,130457.171875,0.0,130457.171875,True,True,0.0,1085.578125,131542.75,True
test_ood_test_ood_000723_01,test_ood_000723,1,source_like,0,1,test_ood_000723_t0_c1,little,little_1,1,0.9,0.86,0,180191.47,180191.46875,182558.65625,201693.15625,207524.078125,220909.65625,LO,3402183,3905591,test_ood,207524.078125,0.0,207524.078125,True,True,0.0,1085.578125,208609.65625,True
test_ood_test_ood_000723_03,test_ood_000723,1,source_like,0,3,test_ood_000723_t0_c3,little,little_0,2,1.2,0.93,0,137229.36,137229.359375,135997.03125,152142.28125,156797.71875,168036.34375,LO,3402183,3905591,test_ood,156797.71875,0.0,156797.71875,True,True,0.0,1085.578125,157883.296875,True
test_ood_test_ood_000723_02,test_ood_000723,1,source_like,0,2,test_ood_000723_t0_c2,big,big_0,2,1.8,1.06,0,63897.188,63897.1875,65597.78125,79263.890625,83102.90625,92509.953125,LO,3402183,3905591,test_ood,83102.90625,0.0,83102.90625,True,True,0.0,1085.578125,84188.484375,True
test_ood_test_ood_000723_08,test_ood_000723,875,sink_like,1,1,test_ood_000723_t1_c1,big,big_1,2,1.8,1.06,874,191728.67,191728.671875,207898.09375,227891.375,233852.984375,247452.046875,LO,3402183,3905591,test_ood,233852.984375,0.0,233852.984375,True,True,0.0,1085.578125,234938.5625,True
test_ood_test_ood_000723_04,test_ood_000723,1,source_like,0,4,test_ood_000723_t0_c4,big,big_1,3,2.2,1.15,0,51667.523,51667.5234375,50231.0,63197.046875,66959.421875,75928.390625,LO,3402183,3905591,test_ood,66959.421875,0.0,66959.421875,True,True,0.0,1085.578125,68045.0,True
test_ood_test_ood_000723_20,test_ood_000723,544,middle,2,6,test_ood_000723_t2_c6,big,big_0,1,1.4,0.98,543,228920.45,228920.453125,241726.390625,263722.0,270188.71875,284797.8125,LO,3402183,3905591,test_ood,270188.71875,0.0,270188.71875,True,True,0.0,1085.578125,271274.296875,True
test_ood_test_ood_000723_16,test_ood_000723,544,middle,2,2,test_ood_000723_t2_c2,big,big_1,3,2.2,1.15,543,132770.22,132770.21875,144662.9375,161050.6875,165744.0,177035.71875,LO,3402183,3905591,test_ood,165744.0,0.0,165744.0,True,True,0.0,1085.578125,166829.578125,True
test_ood_test_ood_000723_09,test_ood_000723,875,sink_like,1,2,test_ood_000723_t1_c2,little,little_1,2,1.2,0.93,874,258696.34,258696.34375,278459.96875,302809.28125,309826.75,325594.5625,LO,3402183,3905591,test_ood,309826.75,0.0,309826.75,True,True,0.0,1085.578125,310912.328125,True
test_ood_test_ood_000723_17,test_ood_000723,544,middle,2,3,test_ood_000723_t2_c3,little,little_0,3,1.5,1.0,543,259475.48,259475.484375,282451.03125,307110.25,314222.4375,330154.375,LO,3402183,3905591,test_ood,314222.4375,0.0,314222.4375,True,True,0.0,1085.578125,315308.015625,True
test_ood_test_ood_000723_15,test_ood_000723,544,middle,2,1,test_ood_000723_t2_c1,little,little_1,2,1.2,0.93,543,248210.62,248210.625,256709.140625,279609.28125,286275.71875,301318.21875,LO,3402183,3905591,test_ood,286275.71875,0.0,286275.71875,True,True,0.0,1085.578125,287361.296875,True
test_ood_test_ood_000723_18,test_ood_000723,544,middle,2,4,test_ood_000723_t2_c4,big,big_1,0,1.0,0.9,543,240971.03,240971.03125,269196.8125,292939.90625,299804.59375,315278.84375,LO,3402183,3905591,test_ood,299804.59375,0.0,299804.59375,True,True,0.0,1085.578125,300890.171875,True
test_ood_test_ood_000723_13,test_ood_000723,875,sink_like,1,6,test_ood_000723_t1_c6,little,little_1,0,0.6,0.8,874,505225.94,505225.9375,517530.5625,559027.75,570894.75,593766.3125,LO,3402183,3905591,test_ood,570894.75,0.0,570894.75,True,True,0.0,1085.578125,571980.328125,True
test_ood_test_ood_000723_12,test_ood_000723,875,sink_like,1,5,test_ood_000723_t1_c5,big,big_0,0,1.0,0.9,874,281410.9,281410.90625,317071.28125,344258.71875,351982.4375,369200.875,LO,3402183,3905591,test_ood,351982.4375,0.0,351982.4375,True,True,0.0,1085.578125,353068.015625,True
test_ood_test_ood_000723_11,test_ood_000723,875,sink_like,1,4,test_ood_000723_t1_c4,little,little_1,3,1.5,1.0,874,179462.45,179462.453125,191382.46875,210211.1875,215762.34375,228596.703125,LO,3402183,3905591,test_ood,215762.34375,0.0,215762.34375,True,True,0.0,1085.578125,216847.921875,True
test_ood_test_ood_000723_00,test_ood_000723,1,source_like,0,0,test_ood_000723_t0_c0,big,big_1,1,1.4,0.98,0,81601.06,81601.0625,82122.1875,96509.359375,100481.453125,110401.453125,LO,3402183,3905591,test_ood,100481.453125,0.0,100481.453125,True,True,0.0,1085.578125,101567.03125,True
test_ood_test_ood_000723_10,test_ood_000723,875,sink_like,1,3,test_ood_000723_t1_c3,big,big_0,3,2.2,1.15,874,121065.586,121065.5859375,132208.9375,147930.0625,152366.6875,163210.265625,LO,3402183,3905591,test_ood,152366.6875,0.0,152366.6875,True,True,0.0,1085.578125,153452.265625,True
test_ood_test_ood_000723_19,test_ood_000723,544,middle,2,5,test_ood_000723_t2_c5,little,little_0,0,0.6,0.8,543,443896.06,443896.0625,480538.5,519204.9375,530131.375,552061.375,LO,3402183,3905591,test_ood,530131.375,0.0,530131.375,True,True,0.0,1085.578125,531216.953125,True
test_ood_test_ood_000723_14,test_ood_000723,544,middle,2,0,test_ood_000723_t2_c0,big,big_0,2,1.8,1.06,543,169952.22,169952.21875,190859.71875,209871.609375,215539.875,228581.015625,LO,3402183,3905591,test_ood,215539.875,0.0,215539.875,True,True,0.0,1085.578125,216625.453125,True
test_ood_test_ood_000723_21,test_ood_000723,790,communication_heavy,3,0,test_ood_000723_t3_c0,little,little_0,2,1.2,0.93,789,542034.06,542034.0625,514754.25,558821.25,571695.375,596652.0,LO,3402183,3905591,test_ood,571695.375,0.0,571695.375,True,True,0.0,1085.578125,572780.953125,True
test_ood_test_ood_000723_30,test_ood_000723,81,random,4,2,test_ood_000723_t4_c2,big,big_1,0,1.0,0.9,80,124017.66,124017.65625,124507.9375,140430.671875,144982.609375,156121.75,LO,3402183,3905591,test_ood,144982.609375,0.0,144982.609375,True,True,0.0,1085.578125,146068.1875,True
test_ood_test_ood_000723_23,test_ood_000723,790,communication_heavy,3,2,test_ood_000723_t3_c2,little,little_1,3,1.5,1.0,789,428093.75,428093.75,425796.8125,462216.90625,472594.4375,494335.625,LO,3402183,3905591,test_ood,472594.4375,0.0,472594.4375,True,True,0.0,1085.578125,473680.015625,True
test_ood_test_ood_000723_24,test_ood_000723,790,communication_heavy,3,3,test_ood_000723_t3_c3,big,big_1,0,1.0,0.9,789,495522.38,495522.375,525902.0,570457.875,583474.0,608399.75,LO,3402183,3905591,test_ood,583474.0,0.0,583474.0,True,True,0.0,1085.578125,584559.578125,True
test_ood_test_ood_000723_25,test_ood_000723,790,communication_heavy,3,4,test_ood_000723_t3_c4,little,little_0,0,0.6,0.8,789,977573.75,977573.75,923467.375,1008472.9375,1030728.9375,1081524.5,LO,3402183,3905591,test_ood,1030728.9375,0.0,1030728.9375,True,True,0.0,1085.578125,1031814.515625,True
test_ood_test_ood_000723_26,test_ood_000723,790,communication_heavy,3,5,test_ood_000723_t3_c5,big,big_1,1,1.4,0.98,789,366708.22,366708.21875,346500.8125,375985.65625,384316.1875,402682.4375,LO,3402183,3905591,test_ood,384316.1875,0.0,384316.1875,True,True,0.0,1085.578125,385401.765625,True
test_ood_test_ood_000723_27,test_ood_000723,790,communication_heavy,3,6,test_ood_000723_t3_c6,little,little_1,1,0.9,0.86,789,516403.06,516403.0625,490168.0,531407.3125,543248.5,566790.5,LO,3402183,3905591,test_ood,543248.5,0.0,543248.5,True,True,0.0,1085.578125,544334.078125,True
test_ood_test_ood_000723_28,test_ood_000723,81,random,4,0,test_ood_000723_t4_c0,big,big_0,3,2.2,1.15,80,62448.715,62448.71484375,62578.140625,76027.71875,79826.984375,89111.015625,LO,3402183,3905591,test_ood,79826.984375,0.0,79826.984375,True,True,0.0,1085.578125,80912.5625,True
test_ood_test_ood_000723_29,test_ood_000723,81,random,4,1,test_ood_000723_t4_c1,little,little_0,3,1.5,1.0,80,124786.445,124786.4453125,124689.03125,140298.921875,144678.09375,155466.171875,LO,3402183,3905591,test_ood,144678.09375,0.0,144678.09375,True,True,0.0,1085.578125,145763.671875,True
test_ood_test_ood_000723_31,test_ood_000723,81,random,4,3,test_ood_000723_t4_c3,little,little_0,0,0.6,0.8,80,254625.98,254625.984375,256896.84375,281259.3125,288464.25,304984.59375,LO,3402183,3905591,test_ood,288464.25,0.0,288464.25,True,True,0.0,1085.578125,289549.828125,True
test_ood_test_ood_000723_41,test_ood_000723,292,diverse_fill_1,5,6,test_ood_000723_t5_c6,little,little_0,2,1.2,0.93,291,411644.56,411644.5625,437321.8125,474753.75,485457.875,507660.375,LO,3402183,3905591,test_ood,485457.875,0.0,485457.875,True,True,0.0,1085.578125,486543.453125,True
test_ood_test_ood_000723_33,test_ood_000723,81,random,4,5,test_ood_000723_t4_c5,little,little_1,1,0.9,0.86,80,192812.62,192812.625,200638.4375,220579.296875,226589.46875,240337.3125,LO,3402183,3905591,test_ood,226589.46875,0.0,226589.46875,True,True,0.0,1085.578125,227675.046875,True
test_ood_test_ood_000723_34,test_ood_000723,81,random,4,6,test_ood_000723_t4_c6,big,big_1,2,1.8,1.06,80,83839.05,83839.046875,80207.375,94393.296875,98326.4375,108149.640625,LO,3402183,3905591,test_ood,98326.4375,0.0,98326.4375,True,True,0.0,1085.578125,99412.015625,True
test_ood_test_ood_000723_35,test_ood_000723,292,diverse_fill_1,5,0,test_ood_000723_t5_c0,little,little_0,3,1.5,1.0,291,271035.75,271035.75,302843.0625,328987.65625,336475.25,353180.84375,LO,3402183,3905591,test_ood,336475.25,0.0,336475.25,True,True,0.0,1085.578125,337560.828125,True
test_ood_test_ood_000723_36,test_ood_000723,292,diverse_fill_1,5,1,test_ood_000723_t5_c1,big,big_0,0,1.0,0.9,291,294894.2,294894.1875,328485.40625,356518.46875,364459.71875,382104.71875,LO,3402183,3905591,test_ood,364459.71875,0.0,364459.71875,True,True,0.0,1085.578125,365545.296875,True
test_ood_test_ood_000723_37,test_ood_000723,292,diverse_fill_1,5,2,test_ood_000723_t5_c2,little,little_1,0,0.6,0.8,291,594508.8,594508.8125,637695.25,688826.75,704136.625,730389.0,LO,3402183,3905591,test_ood,704136.625,0.0,704136.625,True,True,0.0,1085.578125,705222.203125,True
test_ood_test_ood_000723_38,test_ood_000723,292,diverse_fill_1,5,3,test_ood_000723_t5_c3,big,big_1,1,1.4,0.98,291,217708.31,217708.3125,237474.59375,259227.859375,265633.875,280134.3125,LO,3402183,3905591,test_ood,265633.875,0.0,265633.875,True,True,0.0,1085.578125,266719.453125,True
test_ood_test_ood_000723_39,test_ood_000723,292,diverse_fill_1,5,4,test_ood_000723_t5_c4,little,little_0,1,0.9,0.86,291,359905.06,359905.0625,378417.25,410346.3125,419341.0,438868.53125,LO,3402183,3905591,test_ood,419341.0,0.0,419341.0,True,True,0.0,1085.578125,420426.578125,True
test_ood_test_ood_000723_40,test_ood_000723,292,diverse_fill_1,5,5,test_ood_000723_t5_c5,big,big_0,2,1.8,1.06,291,199819.19,199819.1875,225249.25,246315.4375,252579.1875,266773.25,LO,3402183,3905591,test_ood,252579.1875,0.0,252579.1875,True,True,0.0,1085.578125,253664.765625,True
test_ood_test_ood_000723_32,test_ood_000723,81,random,4,4,test_ood_000723_t4_c4,big,big_0,1,1.4,0.98,80,97633.17,97633.171875,93196.890625,107882.078125,111937.09375,122118.046875,LO,3402183,3905591,test_ood,111937.09375,0.0,111937.09375,True,True,0.0,1085.578125,113022.671875,True
test_ood_test_ood_000723_22,test_ood_000723,790,communication_heavy,3,1,test_ood_000723_t3_c1,big,big_1,3,2.2,1.15,789,236744.86,236744.859375,245154.15625,267419.875,273978.625,288776.8125,LO,3402183,3905591,test_ood,273978.625,0.0,273978.625,True,True,0.0,1085.578125,275064.203125,True
test_ood_test_ood_000732_05,test_ood_000732,1,source_like,0,5,test_ood_000732_t0_c5,little,little_0,3,1.5,1.0,0,78495.586,78495.5859375,72792.203125,86867.578125,90796.828125,100500.3125,LO,8414434,9283418,test_ood,90796.828125,0.0,90796.828125,True,True,0.0,1085.578125,91882.40625,True
test_ood_test_ood_000732_04,test_ood_000732,1,source_like,0,4,test_ood_000732_t0_c4,big,big_1,3,2.2,1.15,0,39991.098,39991.09765625,39850.40625,52501.015625,56315.984375,65188.609375,LO,8414434,9283418,test_ood,56315.984375,0.0,56315.984375,True,True,0.0,1085.578125,57401.5625,True
test_ood_test_ood_000732_03,test_ood_000732,1,source_like,0,3,test_ood_000732_t0_c3,little,little_0,2,1.2,0.93,0,92217.375,92217.375,91170.515625,106002.453125,110096.6875,120348.421875,LO,8414434,9283418,test_ood,110096.6875,0.0,110096.6875,True,True,0.0,1085.578125,111182.265625,True
test_ood_test_ood_000732_18,test_ood_000732,288,middle,2,4,test_ood_000732_t2_c4,big,big_1,0,1.0,0.9,287,111568.83,111568.828125,104179.53125,119440.78125,123718.28125,134375.015625,LO,8414434,9283418,test_ood,123718.28125,0.0,123718.28125,True,True,0.0,1085.578125,124803.859375,True
test_ood_test_ood_000732_01,test_ood_000732,1,source_like,0,1,test_ood_000732_t0_c1,little,little_1,1,0.9,0.86,0,141856.22,141856.21875,129291.46875,145560.3125,150300.90625,161783.78125,LO,8414434,9283418,test_ood,150300.90625,0.0,150300.90625,True,True,0.0,1085.578125,151386.484375,True
test_ood_test_ood_000732_00,test_ood_000732,1,source_like,0,0,test_ood_000732_t0_c0,big,big_0,1,1.4,0.98,0,52930.523,52930.5234375,54376.515625,67624.171875,71469.328125,80677.40625,LO,8414434,9283418,test_ood,71469.328125,0.0,71469.328125,True,True,0.0,1085.578125,72554.90625,True
test_ood_test_ood_000732_06,test_ood_000732,1,source_like,0,6,test_ood_000732_t0_c6,big,big_1,0,1.0,0.9,0,80148.4,80148.3984375,74232.8125,88513.9375,92535.625,102445.296875,LO,8414434,9283418,test_ood,92535.625,0.0,92535.625,True,True,0.0,1085.578125,93621.203125,True
test_ood_test_ood_000732_02,test_ood_000732,1,source_like,0,2,test_ood_000732_t0_c2,big,big_1,2,1.8,1.06,0,44098.85,44098.8515625,42629.0625,55354.125,59145.265625,68017.59375,LO,8414434,9283418,test_ood,59145.265625,0.0,59145.265625,True,True,0.0,1085.578125,60230.84375,True
test_ood_test_ood_000732_07,test_ood_000732,477,sink_like,1,0,test_ood_000732_t1_c0,little,little_0,1,0.9,0.86,476,638222.56,638222.5625,642324.375,696859.125,713287.5,742132.0,LO,8414434,9283418,test_ood,713287.5,0.0,713287.5,True,True,0.0,1085.578125,714373.078125,True
test_ood_test_ood_000732_12,test_ood_000732,477,sink_like,1,5,test_ood_000732_t1_c5,big,big_1,0,1.0,0.9,476,466805.12,466805.125,497338.28125,539493.3125,551692.5625,575694.125,LO,8414434,9283418,test_ood,551692.5625,0.0,551692.5625,True,True,0.0,1085.578125,552778.140625,True
test_ood_test_ood_000732_19,test_ood_000732,288,middle,2,5,test_ood_000732_t2_c5,little,little_0,0,0.6,0.8,287,226915.97,226915.96875,227117.9375,249820.09375,256767.171875,272558.875,LO,8414434,9283418,test_ood,256767.171875,0.0,256767.171875,True,True,0.0,1085.578125,257852.75,True
test_ood_test_ood_000732_10,test_ood_000732,477,sink_like,1,3,test_ood_000732_t1_c3,big,big_0,3,2.2,1.15,476,238229.86,238229.859375,255697.984375,278635.5625,285357.6875,300495.78125,LO,8414434,9283418,test_ood,285357.6875,0.0,285357.6875,True,True,0.0,1085.578125,286443.265625,True
test_ood_test_ood_000732_11,test_ood_000732,477,sink_like,1,4,test_ood_000732_t1_c4,little,little_0,3,1.5,1.0,476,502670.78,502670.78125,505068.0,548754.25,561541.1875,586539.375,LO,8414434,9283418,test_ood,561541.1875,0.0,561541.1875,True,True,0.0,1085.578125,562626.765625,True
test_ood_test_ood_000732_13,test_ood_000732,477,sink_like,1,6,test_ood_000732_t1_c6,little,little_1,0,0.6,0.8,476,837065.25,837065.25,798571.375,866133.0,886182.125,921837.4375,LO,8414434,9283418,test_ood,886182.125,0.0,886182.125,True,True,0.0,1085.578125,887267.703125,True
test_ood_test_ood_000732_14,test_ood_000732,288,middle,2,0,test_ood_000732_t2_c0,big,big_0,2,1.8,1.06,287,77695.3,77695.296875,68454.09375,82235.015625,86123.671875,95683.296875,LO,8414434,9283418,test_ood,86123.671875,0.0,86123.671875,True,True,0.0,1085.578125,87209.25,True
test_ood_test_ood_000732_15,test_ood_000732,288,middle,2,1,test_ood_000732_t2_c1,little,little_0,2,1.2,0.93,287,116191.04,116191.0390625,115943.53125,131375.609375,135702.84375,146422.40625,LO,8414434,9283418,test_ood,135702.84375,0.0,135702.84375,True,True,0.0,1085.578125,136788.421875,True
test_ood_test_ood_000732_16,test_ood_000732,288,middle,2,2,test_ood_000732_t2_c2,big,big_0,3,2.2,1.15,287,53193.17,53193.171875,51239.484375,64206.484375,67958.125,76931.734375,LO,8414434,9283418,test_ood,67958.125,0.0,67958.125,True,True,0.0,1085.578125,69043.703125,True
test_ood_test_ood_000732_17,test_ood_000732,288,middle,2,3,test_ood_000732_t2_c3,little,little_1,3,1.5,1.0,287,105606.14,105606.140625,102586.140625,117548.6875,121675.234375,132029.171875,LO,8414434,9283418,test_ood,121675.234375,0.0,121675.234375,True,True,0.0,1085.578125,122760.8125,True
test_ood_test_ood_000732_20,test_ood_000732,288,middle,2,6,test_ood_000732_t2_c6,big,big_1,1,1.4,0.98,287,101999.664,101999.6640625,95624.75,110533.46875,114665.375,125014.046875,LO,8414434,9283418,test_ood,114665.375,0.0,114665.375,True,True,0.0,1085.578125,115750.953125,True
test_ood_test_ood_000732_08,test_ood_000732,477,sink_like,1,1,test_ood_000732_t1_c1,big,big_0,2,1.8,1.06,476,230413.02,230413.015625,242226.5,264232.84375,270689.78125,285290.59375,LO,8414434,9283418,test_ood,270689.78125,0.0,270689.78125,True,True,0.0,1085.578125,271775.359375,True
test_ood_test_ood_000732_09,test_ood_000732,477,sink_like,1,2,test_ood_000732_t1_c2,little,little_1,2,1.2,0.93,476,394381.16,394381.15625,392449.09375,425757.375,435169.0625,455394.5,LO,8414434,9283418,test_ood,435169.0625,0.0,435169.0625,True,True,0.0,1085.578125,436254.640625,True
test_ood_test_ood_000732_41,test_ood_000732,9,random,5,6,test_ood_000732_t5_c6,little,little_0,2,1.2,0.93,8,187463.38,187463.375,183001.4375,201407.046875,206852.40625,219479.453125,LO,8414434,9283418,test_ood,206852.40625,0.0,206852.40625,True,True,0.0,1085.578125,207937.984375,True
test_ood_test_ood_000732_21,test_ood_000732,8,high_degree,3,0,test_ood_000732_t3_c0,little,little_0,2,1.2,0.93,7,226051.9,226051.90625,232141.046875,253462.828125,259729.578125,273948.59375,LO,8414434,9283418,test_ood,259729.578125,0.0,259729.578125,True,True,0.0,1085.578125,260815.15625,True
test_ood_test_ood_000732_31,test_ood_000732,431,communication_heavy,4,3,test_ood_000732_t4_c3,little,little_1,0,0.6,0.8,430,861947.06,861947.0625,843534.875,917516.0625,938693.125,979288.0625,LO,8414434,9283418,test_ood,938693.125,0.0,938693.125,True,True,0.0,1085.578125,939778.703125,True
test_ood_test_ood_000732_28,test_ood_000732,431,communication_heavy,4,0,test_ood_000732_t4_c0,big,big_0,3,2.2,1.15,430,230815.27,230815.265625,218146.578125,238800.0625,244956.4375,258944.265625,LO,8414434,9283418,test_ood,244956.4375,0.0,244956.4375,True,True,0.0,1085.578125,246042.015625,True
test_ood_test_ood_000732_27,test_ood_000732,8,high_degree,3,6,test_ood_000732_t3_c6,little,little_1,1,0.9,0.86,7,357788.1,357788.09375,343856.5,373135.4375,381416.59375,399677.28125,LO,8414434,9283418,test_ood,381416.59375,0.0,381416.59375,True,True,0.0,1085.578125,382502.171875,True
test_ood_test_ood_000732_26,test_ood_000732,8,high_degree,3,5,test_ood_000732_t3_c5,big,big_1,1,1.4,0.98,7,158655.66,158655.65625,161427.96875,178688.78125,183737.0,195645.03125,LO,8414434,9283418,test_ood,183737.0,0.0,183737.0,True,True,0.0,1085.578125,184822.578125,True
test_ood_test_ood_000732_22,test_ood_000732,8,high_degree,3,1,test_ood_000732_t3_c1,big,big_0,3,2.2,1.15,7,98208.23,98208.2265625,100679.3125,115347.59375,119362.40625,129489.609375,LO,8414434,9283418,test_ood,119362.40625,0.0,119362.40625,True,True,0.0,1085.578125,120447.984375,True
test_ood_test_ood_000732_23,test_ood_000732,8,high_degree,3,2,test_ood_000732_t3_c2,little,little_1,3,1.5,1.0,7,163868.08,163868.078125,166949.46875,184422.71875,189532.78125,201548.78125,LO,8414434,9283418,test_ood,189532.78125,0.0,189532.78125,True,True,0.0,1085.578125,190618.359375,True
test_ood_test_ood_000732_29,test_ood_000732,431,communication_heavy,4,1,test_ood_000732_t4_c1,little,little_1,3,1.5,1.0,430,449137.75,449137.75,416036.3125,451637.0,461763.9375,483137.40625,LO,8414434,9283418,test_ood,461763.9375,0.0,461763.9375,True,True,0.0,1085.578125,462849.515625,True
test_ood_test_ood_000732_25,test_ood_000732,8,high_degree,3,4,test_ood_000732_t3_c4,little,little_1,0,0.6,0.8,7,425204.28,425204.28125,424446.3125,458923.5,468544.125,488855.875,LO,8414434,9283418,test_ood,468544.125,0.0,468544.125,True,True,0.0,1085.578125,469629.703125,True
test_ood_test_ood_000732_30,test_ood_000732,431,communication_heavy,4,2,test_ood_000732_t4_c2,big,big_0,0,1.0,0.9,430,362065.4,362065.40625,359216.4375,389723.5625,398327.75,417203.875,LO,8414434,9283418,test_ood,398327.75,0.0,398327.75,True,True,0.0,1085.578125,399413.328125,True
test_ood_test_ood_000732_24,test_ood_000732,8,high_degree,3,3,test_ood_000732_t3_c3,big,big_0,0,1.0,0.9,7,211775.72,211775.71875,223399.703125,244220.90625,250372.625,264358.15625,LO,8414434,9283418,test_ood,250372.625,0.0,250372.625,True,True,0.0,1085.578125,251458.203125,True
test_ood_test_ood_000732_32,test_ood_000732,431,communication_heavy,4,4,test_ood_000732_t4_c4,big,big_0,1,1.4,0.98,430,356157.2,356157.1875,332980.90625,361414.9375,369471.4375,387323.8125,LO,8414434,9283418,test_ood,369471.4375,0.0,369471.4375,True,True,0.0,1085.578125,370557.015625,True
test_ood_test_ood_000732_35,test_ood_000732,9,random,5,0,test_ood_000732_t5_c0,little,little_1,3,1.5,1.0,8,173503.95,173503.953125,174654.296875,192592.65625,197876.625,210206.546875,LO,8414434,9283418,test_ood,197876.625,0.0,197876.625,True,True,0.0,1085.578125,198962.203125,True
test_ood_test_ood_000732_39,test_ood_000732,9,random,5,4,test_ood_000732_t5_c4,little,little_0,1,0.9,0.86,8,226040.92,226040.921875,220050.0625,240852.75,247013.828125,261055.734375,LO,8414434,9283418,test_ood,247013.828125,0.0,247013.828125,True,True,0.0,1085.578125,248099.40625,True
test_ood_test_ood_000732_38,test_ood_000732,9,random,5,3,test_ood_000732_t5_c3,big,big_1,1,1.4,0.98,8,106279.21,106279.2109375,106637.4375,121577.296875,125685.96875,136000.8125,LO,8414434,9283418,test_ood,125685.96875,0.0,125685.96875,True,True,0.0,1085.578125,126771.546875,True
test_ood_test_ood_000732_37,test_ood_000732,9,random,5,2,test_ood_000732_t5_c2,little,little_0,0,0.6,0.8,8,372315.16,372315.15625,360088.4375,389830.90625,398030.25,416245.4375,LO,8414434,9283418,test_ood,398030.25,0.0,398030.25,True,True,0.0,1085.578125,399115.828125,True
test_ood_test_ood_000732_40,test_ood_000732,9,random,5,5,test_ood_000732_t5_c5,big,big_0,2,1.8,1.06,8,110841.836,110841.8359375,110408.28125,125483.578125,129611.5,139968.484375,LO,8414434,9283418,test_ood,129611.5,0.0,129611.5,True,True,0.0,1085.578125,130697.078125,True
test_ood_test_ood_000732_34,test_ood_000732,431,communication_heavy,4,6,test_ood_000732_t4_c6,big,big_0,2,1.8,1.06,430,295895.25,295895.25,267600.84375,291309.71875,298209.8125,313722.21875,LO,8414434,9283418,test_ood,298209.8125,0.0,298209.8125,True,True,0.0,1085.578125,299295.390625,True
test_ood_test_ood_000732_33,test_ood_000732,431,communication_heavy,4,5,test_ood_000732_t4_c5,little,little_1,1,0.9,0.86,430,449044.25,449044.25,427950.0625,464121.375,474375.9375,495884.6875,LO,8414434,9283418,test_ood,474375.9375,0.0,474375.9375,True,True,0.0,1085.578125,475461.515625,True
test_ood_test_ood_000732_36,test_ood_000732,9,random,5,1,test_ood_000732_t5_c1,big,big_0,0,1.0,0.9,8,170962.81,170962.8125,168840.328125,186647.5625,191932.75,204285.21875,LO,8414434,9283418,test_ood,191932.75,0.0,191932.75,True,True,0.0,1085.578125,193018.328125,True
test_ood_test_ood_000751_07,test_ood_000751,908,sink_like,1,0,test_ood_000751_t1_c0,big,big_0,0,1.0,0.9,907,227410.2,227410.203125,245017.5625,267212.875,273715.375,288425.3125,LO,3139143,4235265,test_ood,273715.375,0.0,273715.375,True,True,0.0,1085.578125,274800.953125,True
test_ood_test_ood_000751_00,test_ood_000751,41,source_like,0,0,test_ood_000751_t0_c0,little,little_1,3,1.5,1.0,40,52224.484,52224.484375,44738.375,57638.71875,61486.53125,70504.875,LO,3139143,4235265,test_ood,61486.53125,0.0,61486.53125,True,True,0.0,1085.578125,62572.109375,True
test_ood_test_ood_000751_01,test_ood_000751,41,source_like,0,1,test_ood_000751_t0_c1,big,big_0,0,1.0,0.9,40,54067.676,54067.67578125,49545.625,62808.140625,66766.515625,76091.828125,LO,3139143,4235265,test_ood,66766.515625,0.0,66766.515625,True,True,0.0,1085.578125,67852.09375,True
test_ood_test_ood_000751_02,test_ood_000751,41,source_like,0,2,test_ood_000751_t0_c2,little,little_1,0,0.6,0.8,40,120809.63,120809.6328125,108602.40625,124547.734375,129252.15625,140752.625,LO,3139143,4235265,test_ood,129252.15625,0.0,129252.15625,True,True,0.0,1085.578125,130337.734375,True
test_ood_test_ood_000751_03,test_ood_000751,41,source_like,0,3,test_ood_000751_t0_c3,big,big_0,1,1.4,0.98,40,34140.812,34140.8125,30423.1875,42879.421875,46749.53125,55541.4375,LO,3139143,4235265,test_ood,46749.53125,0.0,46749.53125,True,True,0.0,1085.578125,47835.109375,True
test_ood_test_ood_000751_04,test_ood_000751,41,source_like,0,4,test_ood_000751_t0_c4,little,little_1,1,0.9,0.86,40,79969.76,79969.7578125,76130.5625,90655.125,94793.1875,104963.609375,LO,3139143,4235265,test_ood,94793.1875,0.0,94793.1875,True,True,0.0,1085.578125,95878.765625,True
test_ood_test_ood_000751_05,test_ood_000751,41,source_like,0,5,test_ood_000751_t0_c5,big,big_0,2,1.8,1.06,40,27770.473,27770.47265625,26445.25,38894.203125,42815.90625,51625.84375,LO,3139143,4235265,test_ood,42815.90625,0.0,42815.90625,True,True,0.0,1085.578125,43901.484375,True
test_ood_test_ood_000751_06,test_ood_000751,41,source_like,0,6,test_ood_000751_t0_c6,little,little_1,2,1.2,0.93,40,58803.848,58803.84765625,55388.421875,68740.03125,72602.421875,81855.296875,LO,3139143,4235265,test_ood,72602.421875,0.0,72602.421875,True,True,0.0,1085.578125,73688.0,True
test_ood_test_ood_000751_20,test_ood_000751,472,middle,2,6,test_ood_000751_t2_c6,little,little_1,3,1.5,1.0,471,408230.88,408230.875,360959.28125,391746.03125,400458.0,419500.0625,LO,3139143,4235265,test_ood,400458.0,0.0,400458.0,False,False,0.0,1085.578125,401543.578125,False
test_ood_test_ood_000751_19,test_ood_000751,472,middle,2,5,test_ood_000751_t2_c5,big,big_1,3,2.2,1.15,471,263406.78,263406.78125,242379.78125,264536.59375,271091.0,285880.40625,LO,3139143,4235265,test_ood,271091.0,0.0,271091.0,True,True,0.0,1085.578125,272176.578125,True
test_ood_test_ood_000751_12,test_ood_000751,908,sink_like,1,5,test_ood_000751_t1_c5,little,little_0,2,1.2,0.93,907,234134.0,234134.0,247648.890625,269989.8125,276528.71875,291300.6875,LO,3139143,4235265,test_ood,276528.71875,0.0,276528.71875,True,True,0.0,1085.578125,277614.296875,True
test_ood_test_ood_000751_13,test_ood_000751,908,sink_like,1,6,test_ood_000751_t1_c6,big,big_1,3,2.2,1.15,907,122523.0,122523.0,134203.1875,150130.296875,154625.625,165588.75,LO,3139143,4235265,test_ood,154625.625,0.0,154625.625,True,True,0.0,1085.578125,155711.203125,True
test_ood_test_ood_000751_14,test_ood_000751,472,middle,2,0,test_ood_000751_t2_c0,little,little_0,0,0.6,0.8,471,801962.6,801962.625,710094.25,767781.5,785308.375,814663.25,LO,3139143,4235265,test_ood,785308.375,0.0,785308.375,False,False,0.0,1085.578125,786393.953125,False
test_ood_test_ood_000751_15,test_ood_000751,472,middle,2,1,test_ood_000751_t2_c1,big,big_0,1,1.4,0.98,471,409576.78,409576.78125,362303.1875,393163.5625,401885.90625,420957.9375,LO,3139143,4235265,test_ood,401885.90625,0.0,401885.90625,False,False,0.0,1085.578125,402971.484375,False
test_ood_test_ood_000751_16,test_ood_000751,472,middle,2,2,test_ood_000751_t2_c2,little,little_1,1,0.9,0.86,471,492001.88,492001.875,468687.4375,508033.5625,519253.71875,542010.125,LO,3139143,4235265,test_ood,519253.71875,0.0,519253.71875,True,True,0.0,1085.578125,520339.296875,True
test_ood_test_ood_000751_17,test_ood_000751,472,middle,2,3,test_ood_000751_t2_c3,big,big_1,2,1.8,1.06,471,237885.72,237885.71875,228541.53125,249816.875,256131.84375,270434.78125,LO,3139143,4235265,test_ood,256131.84375,0.0,256131.84375,True,True,0.0,1085.578125,257217.421875,True
test_ood_test_ood_000751_18,test_ood_000751,472,middle,2,4,test_ood_000751_t2_c4,little,little_1,2,1.2,0.93,471,471010.9,471010.90625,424599.125,460775.75,471066.1875,492655.34375,LO,3139143,4235265,test_ood,471066.1875,0.0,471066.1875,True,True,0.0,1085.578125,472151.765625,True
test_ood_test_ood_000751_09,test_ood_000751,908,sink_like,1,2,test_ood_000751_t1_c2,big,big_0,1,1.4,0.98,907,147524.27,147524.265625,154656.375,171531.15625,176430.828125,188075.3125,LO,3139143,4235265,test_ood,176430.828125,0.0,176430.828125,True,True,0.0,1085.578125,177516.40625,True
test_ood_test_ood_000751_11,test_ood_000751,908,sink_like,1,4,test_ood_000751_t1_c4,big,big_0,2,1.8,1.06,907,161617.34,161617.34375,169225.5,186996.8125,192232.0,204482.1875,LO,3139143,4235265,test_ood,192232.0,0.0,192232.0,True,True,0.0,1085.578125,193317.578125,True
test_ood_test_ood_000751_10,test_ood_000751,908,sink_like,1,3,test_ood_000751_t1_c3,little,little_0,1,0.9,0.86,907,326248.53,326248.53125,310840.625,337437.5,344999.40625,361886.15625,LO,3139143,4235265,test_ood,344999.40625,0.0,344999.40625,True,True,0.0,1085.578125,346084.984375,True
test_ood_test_ood_000751_08,test_ood_000751,908,sink_like,1,1,test_ood_000751_t1_c1,little,little_0,0,0.6,0.8,907,505402.0,505402.0,511505.75,551701.3125,563085.5,585111.9375,LO,3139143,4235265,test_ood,563085.5,0.0,563085.5,True,True,0.0,1085.578125,564171.078125,True
test_ood_test_ood_000751_31,test_ood_000751,91,diverse_fill_1,4,3,test_ood_000751_t4_c3,big,big_1,3,2.2,1.15,90,45443.832,45443.83203125,58056.96875,71324.828125,75108.515625,84278.5625,LO,3139143,4235265,test_ood,75108.515625,0.0,75108.515625,True,True,0.0,1085.578125,76194.09375,True
test_ood_test_ood_000751_23,test_ood_000751,175,random,3,2,test_ood_000751_t3_c2,big,big_1,2,1.8,1.06,174,102253.44,102253.4375,99188.953125,113933.21875,117966.796875,128132.703125,LO,3139143,4235265,test_ood,117966.796875,0.0,117966.796875,True,True,0.0,1085.578125,119052.375,True
test_ood_test_ood_000751_24,test_ood_000751,175,random,3,3,test_ood_000751_t3_c3,little,little_1,2,1.2,0.93,174,178154.17,178154.171875,172516.0,190443.53125,195756.1875,208141.8125,LO,3139143,4235265,test_ood,195756.1875,0.0,195756.1875,True,True,0.0,1085.578125,196841.765625,True
test_ood_test_ood_000751_25,test_ood_000751,175,random,3,4,test_ood_000751_t3_c4,big,big_1,3,2.2,1.15,174,75403.16,75403.15625,73061.234375,86908.15625,90747.703125,100294.671875,LO,3139143,4235265,test_ood,90747.703125,0.0,90747.703125,True,True,0.0,1085.578125,91833.28125,True
test_ood_test_ood_000751_26,test_ood_000751,175,random,3,5,test_ood_000751_t3_c5,little,little_1,3,1.5,1.0,174,142055.5,142055.5,136310.1875,152300.8125,156845.671875,167887.921875,LO,3139143,4235265,test_ood,156845.671875,0.0,156845.671875,True,True,0.0,1085.578125,157931.25,True
test_ood_test_ood_000751_27,test_ood_000751,175,random,3,6,test_ood_000751_t3_c6,big,big_1,0,1.0,0.9,174,191507.31,191507.3125,190585.65625,209576.53125,215250.46875,228318.546875,LO,3139143,4235265,test_ood,215250.46875,0.0,215250.46875,True,True,0.0,1085.578125,216336.046875,True
test_ood_test_ood_000751_28,test_ood_000751,91,diverse_fill_1,4,0,test_ood_000751_t4_c0,little,little_0,1,0.9,0.86,90,134210.77,134210.765625,172812.25,191327.671875,196907.40625,209861.40625,LO,3139143,4235265,test_ood,196907.40625,0.0,196907.40625,True,True,0.0,1085.578125,197992.984375,True
test_ood_test_ood_000751_29,test_ood_000751,91,diverse_fill_1,4,1,test_ood_000751_t4_c1,big,big_0,2,1.8,1.06,90,71423.48,71423.4765625,78486.640625,92642.109375,96580.734375,106392.3125,LO,3139143,4235265,test_ood,96580.734375,0.0,96580.734375,True,True,0.0,1085.578125,97666.3125,True
test_ood_test_ood_000751_41,test_ood_000751,868,diverse_fill_2,5,6,test_ood_000751_t5_c6,big,big_0,1,1.4,0.98,867,164049.34,164049.34375,172979.625,190893.71875,196180.421875,208517.75,LO,3139143,4235265,test_ood,196180.421875,0.0,196180.421875,True,True,0.0,1085.578125,197266.0,True
test_ood_test_ood_000751_22,test_ood_000751,175,random,3,1,test_ood_000751_t3_c1,little,little_1,1,0.9,0.86,174,266116.75,266116.75,239641.5625,261540.0,267960.03125,282526.25,LO,3139143,4235265,test_ood,267960.03125,0.0,267960.03125,True,True,0.0,1085.578125,269045.609375,True
test_ood_test_ood_000751_30,test_ood_000751,91,diverse_fill_1,4,2,test_ood_000751_t4_c2,little,little_0,2,1.2,0.93,90,112438.67,112438.671875,134237.125,150361.71875,154985.09375,166197.96875,LO,3139143,4235265,test_ood,154985.09375,0.0,154985.09375,True,True,0.0,1085.578125,156070.671875,True
test_ood_test_ood_000751_32,test_ood_000751,91,diverse_fill_1,4,4,test_ood_000751_t4_c4,little,little_0,3,1.5,1.0,90,99816.24,99816.2421875,119003.796875,134436.625,138749.640625,149432.8125,LO,3139143,4235265,test_ood,138749.640625,0.0,138749.640625,True,True,0.0,1085.578125,139835.21875,True
test_ood_test_ood_000751_33,test_ood_000751,91,diverse_fill_1,4,5,test_ood_000751_t4_c5,big,big_0,0,1.0,0.9,90,124323.5,124323.5,146764.546875,163884.65625,168971.875,181064.6875,LO,3139143,4235265,test_ood,168971.875,0.0,168971.875,True,True,0.0,1085.578125,170057.453125,True
test_ood_test_ood_000751_34,test_ood_000751,91,diverse_fill_1,4,6,test_ood_000751_t4_c6,little,little_0,0,0.6,0.8,90,178116.62,178116.625,242573.484375,266254.9375,273389.96875,289674.375,LO,3139143,4235265,test_ood,273389.96875,0.0,273389.96875,True,True,0.0,1085.578125,274475.546875,True
test_ood_test_ood_000751_35,test_ood_000751,868,diverse_fill_2,5,0,test_ood_000751_t5_c0,big,big_0,2,1.8,1.06,867,145695.4,145695.40625,148204.9375,164774.046875,169539.296875,180955.5625,LO,3139143,4235265,test_ood,169539.296875,0.0,169539.296875,True,True,0.0,1085.578125,170624.875,True
test_ood_test_ood_000751_36,test_ood_000751,868,diverse_fill_2,5,1,test_ood_000751_t5_c1,little,little_1,2,1.2,0.93,867,237489.52,237489.515625,252750.953125,275396.5,281997.4375,296904.78125,LO,3139143,4235265,test_ood,281997.4375,0.0,281997.4375,True,True,0.0,1085.578125,283083.015625,True
test_ood_test_ood_000751_37,test_ood_000751,868,diverse_fill_2,5,2,test_ood_000751_t5_c2,big,big_0,3,2.2,1.15,867,108784.8,108784.796875,117624.234375,132824.65625,137034.828125,147512.4375,LO,3139143,4235265,test_ood,137034.828125,0.0,137034.828125,True,True,0.0,1085.578125,138120.40625,True
test_ood_test_ood_000751_38,test_ood_000751,868,diverse_fill_2,5,3,test_ood_000751_t5_c3,little,little_0,3,1.5,1.0,867,221005.5,221005.5,233362.734375,254781.125,261088.90625,275375.6875,LO,3139143,4235265,test_ood,261088.90625,0.0,261088.90625,True,True,0.0,1085.578125,262174.484375,True
test_ood_test_ood_000751_39,test_ood_000751,868,diverse_fill_2,5,4,test_ood_000751_t5_c4,big,big_1,0,1.0,0.9,867,242903.06,242903.0625,255253.71875,278062.625,284693.15625,299679.25,LO,3139143,4235265,test_ood,284693.15625,0.0,284693.15625,True,True,0.0,1085.578125,285778.734375,True
test_ood_test_ood_000751_40,test_ood_000751,868,diverse_fill_2,5,5,test_ood_000751_t5_c5,little,little_1,0,0.6,0.8,867,370984.34,370984.34375,387793.65625,419337.1875,428023.125,446988.4375,LO,3139143,4235265,test_ood,428023.125,0.0,428023.125,True,True,0.0,1085.578125,429108.703125,True
test_ood_test_ood_000751_21,test_ood_000751,175,random,3,0,test_ood_000751_t3_c0,big,big_0,1,1.4,0.98,174,131532.78,131532.78125,128847.96875,144613.171875,149056.890625,159949.8125,LO,3139143,4235265,test_ood,149056.890625,0.0,149056.890625,True,True,0.0,1085.578125,150142.46875,True
test_ood_test_ood_000761_07,test_ood_000761,587,sink_like,1,0,test_ood_000761_t1_c0,big,big_1,2,1.8,1.06,586,123401.77,123401.7734375,150228.03125,166895.203125,171708.46875,183205.5,LO,849736,1036341,test_ood,171708.46875,0.0,171708.46875,True,True,0.0,1085.578125,172794.046875,True
test_ood_test_ood_000761_06,test_ood_000761,57,source_like,0,6,test_ood_000761_t0_c6,little,little_0,0,0.6,0.8,56,141784.61,141784.609375,119419.859375,136265.546875,141350.1875,153647.5625,LO,849736,1036341,test_ood,141350.1875,0.0,141350.1875,False,False,0.0,1085.578125,142435.765625,True
test_ood_test_ood_000761_04,test_ood_000761,57,source_like,0,4,test_ood_000761_t0_c4,little,little_1,3,1.5,1.0,56,56464.504,56464.50390625,48040.03125,61061.265625,64901.640625,73967.296875,LO,849736,1036341,test_ood,64901.640625,0.0,64901.640625,True,True,0.0,1085.578125,65987.21875,True
test_ood_test_ood_000761_20,test_ood_000761,295,middle,2,6,test_ood_000761_t2_c6,little,little_1,1,0.9,0.86,294,338461.56,338461.5625,369163.375,400303.40625,409071.3125,428200.84375,LO,849736,1036341,test_ood,409071.3125,0.0,409071.3125,True,True,0.0,1085.578125,410156.890625,True
test_ood_test_ood_000761_02,test_ood_000761,57,source_like,0,2,test_ood_000761_t0_c2,little,little_0,2,1.2,0.93,56,72039.445,72039.4453125,65607.078125,79675.4375,83693.046875,93425.546875,LO,849736,1036341,test_ood,83693.046875,0.0,83693.046875,True,True,0.0,1085.578125,84778.625,True
test_ood_test_ood_000761_01,test_ood_000761,57,source_like,0,1,test_ood_000761_t0_c1,big,big_0,2,1.8,1.06,56,31736.26,31736.259765625,27992.109375,40473.640625,44390.1875,53216.8125,LO,849736,1036341,test_ood,44390.1875,0.0,44390.1875,True,True,0.0,1085.578125,45475.765625,True
test_ood_test_ood_000761_08,test_ood_000761,587,sink_like,1,1,test_ood_000761_t1_c1,little,little_0,2,1.2,0.93,586,247995.44,247995.4375,314886.03125,341906.875,349602.875,366732.03125,LO,849736,1036341,test_ood,349602.875,0.0,349602.875,True,True,0.0,1085.578125,350688.453125,True
test_ood_test_ood_000761_03,test_ood_000761,57,source_like,0,3,test_ood_000761_t0_c3,big,big_0,3,2.2,1.15,56,27209.748,27209.748046875,25971.859375,38452.515625,42405.125,51272.703125,LO,849736,1036341,test_ood,42405.125,0.0,42405.125,True,True,0.0,1085.578125,43490.703125,True
test_ood_test_ood_000761_09,test_ood_000761,587,sink_like,1,2,test_ood_000761_t1_c2,big,big_0,3,2.2,1.15,586,120121.125,120121.125,141751.65625,158029.84375,162675.6875,173891.09375,LO,849736,1036341,test_ood,162675.6875,0.0,162675.6875,True,True,0.0,1085.578125,163761.265625,True
test_ood_test_ood_000761_14,test_ood_000761,295,middle,2,0,test_ood_000761_t2_c0,little,little_1,2,1.2,0.93,294,265794.06,265794.0625,279986.21875,304468.125,311533.40625,327392.3125,LO,849736,1036341,test_ood,311533.40625,0.0,311533.40625,True,True,0.0,1085.578125,312618.984375,True
test_ood_test_ood_000761_11,test_ood_000761,587,sink_like,1,4,test_ood_000761_t1_c4,big,big_1,0,1.0,0.9,586,181703.17,181703.171875,223568.3125,244496.21875,250701.0,264795.3125,LO,849736,1036341,test_ood,250701.0,0.0,250701.0,True,True,0.0,1085.578125,251786.578125,True
test_ood_test_ood_000761_12,test_ood_000761,587,sink_like,1,5,test_ood_000761_t1_c5,little,little_1,0,0.6,0.8,586,384034.5,384034.5,493810.4375,533009.875,544080.125,565958.4375,LO,849736,1036341,test_ood,544080.125,0.0,544080.125,True,True,0.0,1085.578125,545165.703125,True
test_ood_test_ood_000761_13,test_ood_000761,587,sink_like,1,6,test_ood_000761_t1_c6,big,big_1,1,1.4,0.98,586,170989.38,170989.375,204800.34375,224593.359375,230490.078125,243967.703125,LO,849736,1036341,test_ood,230490.078125,0.0,230490.078125,True,True,0.0,1085.578125,231575.65625,True
test_ood_test_ood_000761_15,test_ood_000761,295,middle,2,1,test_ood_000761_t2_c1,big,big_1,3,2.2,1.15,294,178261.66,178261.65625,175476.0625,193698.40625,199111.4375,211692.0,LO,849736,1036341,test_ood,199111.4375,0.0,199111.4375,True,True,0.0,1085.578125,200197.015625,True
test_ood_test_ood_000761_16,test_ood_000761,295,middle,2,2,test_ood_000761_t2_c2,little,little_0,3,1.5,1.0,294,287594.6,287594.59375,303315.75,329518.125,337022.59375,353754.9375,LO,849736,1036341,test_ood,337022.59375,0.0,337022.59375,True,True,0.0,1085.578125,338108.171875,True
test_ood_test_ood_000761_17,test_ood_000761,295,middle,2,3,test_ood_000761_t2_c3,big,big_1,0,1.0,0.9,294,271021.3,271021.3125,288547.59375,313634.6875,320836.21875,337004.0,LO,849736,1036341,test_ood,320836.21875,0.0,320836.21875,True,True,0.0,1085.578125,321921.796875,True
test_ood_test_ood_000761_10,test_ood_000761,587,sink_like,1,3,test_ood_000761_t1_c3,little,little_0,3,1.5,1.0,586,180156.31,180156.3125,217812.96875,238325.3125,244402.078125,258238.21875,LO,849736,1036341,test_ood,244402.078125,0.0,244402.078125,True,True,0.0,1085.578125,245487.65625,True
test_ood_test_ood_000761_19,test_ood_000761,295,middle,2,5,test_ood_000761_t2_c5,big,big_0,1,1.4,0.98,294,199563.06,199563.0625,205909.484375,225785.875,231705.390625,245232.203125,LO,849736,1036341,test_ood,231705.390625,0.0,231705.390625,True,True,0.0,1085.578125,232790.96875,True
test_ood_test_ood_000761_05,test_ood_000761,57,source_like,0,5,test_ood_000761_t0_c5,big,big_1,0,1.0,0.9,56,49298.03,49298.03125,42642.09375,55426.75,59257.296875,68213.484375,LO,849736,1036341,test_ood,59257.296875,0.0,59257.296875,True,True,0.0,1085.578125,60342.875,True
test_ood_test_ood_000761_00,test_ood_000761,57,source_like,0,0,test_ood_000761_t0_c0,little,little_1,1,0.9,0.86,56,85761.32,85761.3203125,80531.671875,95099.1875,99193.640625,109340.09375,LO,849736,1036341,test_ood,99193.640625,0.0,99193.640625,True,True,0.0,1085.578125,100279.21875,True
test_ood_test_ood_000761_18,test_ood_000761,295,middle,2,4,test_ood_000761_t2_c4,little,little_0,0,0.6,0.8,294,498043.84,498043.84375,558703.125,602862.25,615609.125,639144.875,LO,849736,1036341,test_ood,615609.125,0.0,615609.125,True,True,0.0,1085.578125,616694.703125,True
test_ood_test_ood_000761_32,test_ood_000761,538,diverse_fill_1,4,4,test_ood_000761_t4_c4,little,little_0,1,0.9,0.86,537,227107.95,227107.953125,251784.59375,274495.28125,281120.6875,296124.78125,LO,849736,1036341,test_ood,281120.6875,0.0,281120.6875,True,True,0.0,1085.578125,282206.265625,True
test_ood_test_ood_000761_30,test_ood_000761,538,diverse_fill_1,4,2,test_ood_000761_t4_c2,little,little_1,0,0.6,0.8,537,332068.3,332068.3125,369296.40625,398980.625,406994.5,424851.625,LO,849736,1036341,test_ood,406994.5,0.0,406994.5,True,True,0.0,1085.578125,408080.078125,True
test_ood_test_ood_000761_23,test_ood_000761,469,random,3,2,test_ood_000761_t3_c2,big,big_0,0,1.0,0.9,468,163861.72,163861.71875,173140.78125,191342.625,196802.515625,209490.75,LO,849736,1036341,test_ood,196802.515625,0.0,196802.515625,True,True,0.0,1085.578125,197888.09375,True
test_ood_test_ood_000761_24,test_ood_000761,469,random,3,3,test_ood_000761_t3_c3,little,little_0,0,0.6,0.8,468,354292.6,354292.59375,337870.625,365419.625,372799.09375,389718.75,LO,849736,1036341,test_ood,372799.09375,0.0,372799.09375,True,True,0.0,1085.578125,373884.671875,True
test_ood_test_ood_000761_25,test_ood_000761,469,random,3,4,test_ood_000761_t3_c4,big,big_1,1,1.4,0.98,468,123089.86,123089.859375,122596.59375,138112.265625,142461.90625,153197.96875,LO,849736,1036341,test_ood,142461.90625,0.0,142461.90625,True,True,0.0,1085.578125,143547.484375,True
test_ood_test_ood_000761_26,test_ood_000761,469,random,3,5,test_ood_000761_t3_c5,little,little_1,1,0.9,0.86,468,257280.92,257280.921875,267554.21875,291193.75,298019.84375,313443.3125,LO,849736,1036341,test_ood,298019.84375,0.0,298019.84375,True,True,0.0,1085.578125,299105.421875,True
test_ood_test_ood_000761_27,test_ood_000761,469,random,3,6,test_ood_000761_t3_c6,big,big_0,2,1.8,1.06,468,97457.0,97457.0,100429.171875,115178.625,119228.015625,129423.234375,LO,849736,1036341,test_ood,119228.015625,0.0,119228.015625,True,True,0.0,1085.578125,120313.59375,True
test_ood_test_ood_000761_28,test_ood_000761,538,diverse_fill_1,4,0,test_ood_000761_t4_c0,little,little_0,3,1.5,1.0,537,165088.84,165088.84375,173598.75,191545.75,196842.03125,209199.703125,LO,849736,1036341,test_ood,196842.03125,0.0,196842.03125,True,True,0.0,1085.578125,197927.609375,True
test_ood_test_ood_000761_29,test_ood_000761,538,diverse_fill_1,4,1,test_ood_000761_t4_c1,big,big_0,0,1.0,0.9,537,143635.48,143635.484375,161310.421875,178795.6875,183976.03125,196151.796875,LO,849736,1036341,test_ood,183976.03125,0.0,183976.03125,True,True,0.0,1085.578125,185061.609375,True
test_ood_test_ood_000761_31,test_ood_000761,538,diverse_fill_1,4,3,test_ood_000761_t4_c3,big,big_1,1,1.4,0.98,537,144019.58,144019.578125,152320.09375,169187.078125,174091.34375,185761.3125,LO,849736,1036341,test_ood,174091.34375,0.0,174091.34375,True,True,0.0,1085.578125,175176.921875,True
test_ood_test_ood_000761_21,test_ood_000761,469,random,3,0,test_ood_000761_t3_c0,big,big_0,3,2.2,1.15,468,72243.445,72243.4453125,73885.578125,87749.046875,91601.515625,101189.609375,LO,849736,1036341,test_ood,91601.515625,0.0,91601.515625,True,True,0.0,1085.578125,92687.09375,True
test_ood_test_ood_000761_33,test_ood_000761,538,diverse_fill_1,4,5,test_ood_000761_t4_c5,big,big_0,2,1.8,1.06,537,105371.27,105371.2734375,105270.90625,120125.203125,124208.03125,134470.484375,LO,849736,1036341,test_ood,124208.03125,0.0,124208.03125,True,True,0.0,1085.578125,125293.609375,True
test_ood_test_ood_000761_34,test_ood_000761,538,diverse_fill_1,4,6,test_ood_000761_t4_c6,little,little_1,2,1.2,0.93,537,201325.69,201325.6875,227505.75,248582.484375,254801.21875,268922.75,LO,849736,1036341,test_ood,254801.21875,0.0,254801.21875,True,True,0.0,1085.578125,255886.796875,True
test_ood_test_ood_000761_35,test_ood_000761,150,diverse_fill_2,5,0,test_ood_000761_t5_c0,big,big_0,0,1.0,0.9,149,227319.5,227319.5,216435.65625,236970.0,243079.296875,256993.578125,LO,849736,1036341,test_ood,243079.296875,0.0,243079.296875,True,True,0.0,1085.578125,244164.875,True
test_ood_test_ood_000761_36,test_ood_000761,150,diverse_fill_2,5,1,test_ood_000761_t5_c1,little,little_1,0,0.6,0.8,149,471006.72,471006.71875,447457.125,481569.8125,490784.5,509868.21875,LO,849736,1036341,test_ood,490784.5,0.0,490784.5,True,True,0.0,1085.578125,491870.078125,True
test_ood_test_ood_000761_37,test_ood_000761,150,diverse_fill_2,5,2,test_ood_000761_t5_c2,big,big_1,1,1.4,0.98,149,160778.2,160778.203125,147599.984375,164176.25,168965.0,180430.53125,LO,849736,1036341,test_ood,168965.0,0.0,168965.0,True,True,0.0,1085.578125,170050.578125,True
test_ood_test_ood_000761_38,test_ood_000761,150,diverse_fill_2,5,3,test_ood_000761_t5_c3,little,little_0,1,0.9,0.86,149,280926.72,280926.71875,272091.0,296039.15625,302947.28125,318539.09375,LO,849736,1036341,test_ood,302947.28125,0.0,302947.28125,True,True,0.0,1085.578125,304032.859375,True
test_ood_test_ood_000761_39,test_ood_000761,150,diverse_fill_2,5,4,test_ood_000761_t5_c4,big,big_1,2,1.8,1.06,149,123581.95,123581.953125,119501.84375,134792.3125,139057.3125,149631.3125,LO,849736,1036341,test_ood,139057.3125,0.0,139057.3125,True,True,0.0,1085.578125,140142.890625,True
test_ood_test_ood_000761_40,test_ood_000761,150,diverse_fill_2,5,5,test_ood_000761_t5_c5,little,little_1,2,1.2,0.93,149,208333.75,208333.75,202343.640625,222021.515625,227901.1875,241342.296875,LO,849736,1036341,test_ood,227901.1875,0.0,227901.1875,True,True,0.0,1085.578125,228986.765625,True
test_ood_test_ood_000761_41,test_ood_000761,150,diverse_fill_2,5,6,test_ood_000761_t5_c6,big,big_0,3,2.2,1.15,149,109295.09,109295.09375,106102.796875,120964.734375,125056.640625,135333.46875,LO,849736,1036341,test_ood,125056.640625,0.0,125056.640625,True,True,0.0,1085.578125,126142.21875,True
test_ood_test_ood_000761_22,test_ood_000761,469,random,3,1,test_ood_000761_t3_c1,little,little_0,3,1.5,1.0,468,128461.49,128461.4921875,132020.8125,147829.5625,152306.015625,163231.453125,LO,849736,1036341,test_ood,152306.015625,0.0,152306.015625,True,True,0.0,1085.578125,153391.59375,True
test_ood_test_ood_000771_06,test_ood_000771,7,source_like,0,6,test_ood_000771_t0_c6,little,little_0,2,1.2,0.93,6,135168.5,135168.5,139642.109375,155970.40625,160704.15625,172076.890625,LO,3285597,4493352,test_ood,160704.15625,0.0,160704.15625,True,True,0.0,0.0,160704.15625,True
test_ood_test_ood_000771_05,test_ood_000771,7,source_like,0,5,test_ood_000771_t0_c5,big,big_1,2,1.8,1.06,6,63233.504,63233.50390625,66882.78125,80600.5,84455.59375,93919.578125,LO,3285597,4493352,test_ood,84455.59375,0.0,84455.59375,True,True,0.0,0.0,84455.59375,True
test_ood_test_ood_000771_04,test_ood_000771,7,source_like,0,4,test_ood_000771_t0_c4,little,little_1,1,0.9,0.86,6,195105.53,195105.53125,195018.640625,214485.015625,220332.1875,233729.21875,LO,3285597,4493352,test_ood,220332.1875,0.0,220332.1875,True,True,0.0,0.0,220332.1875,True
test_ood_test_ood_000771_00,test_ood_000771,7,source_like,0,0,test_ood_000771_t0_c0,little,little_1,3,1.5,1.0,6,107270.38,107270.3828125,105492.140625,120501.546875,124648.265625,135028.703125,LO,3285597,4493352,test_ood,124648.265625,0.0,124648.265625,True,True,0.0,0.0,124648.265625,True
test_ood_test_ood_000771_02,test_ood_000771,7,source_like,0,2,test_ood_000771_t0_c2,little,little_0,0,0.6,0.8,6,283047.7,283047.6875,275194.40625,300115.59375,307239.25,323688.8125,LO,3285597,4493352,test_ood,307239.25,0.0,307239.25,True,True,0.0,0.0,307239.25,True
test_ood_test_ood_000771_01,test_ood_000771,7,source_like,0,1,test_ood_000771_t0_c1,big,big_0,0,1.0,0.9,6,119982.71,119982.7109375,117707.265625,133188.53125,137554.859375,148341.25,LO,3285597,4493352,test_ood,137554.859375,0.0,137554.859375,True,True,0.0,0.0,137554.859375,True
test_ood_test_ood_000771_07,test_ood_000771,815,sink_like,1,0,test_ood_000771_t1_c0,big,big_1,0,1.0,0.9,814,304153.8,304153.8125,299540.71875,325405.875,332790.15625,349337.59375,LO,3285597,4493352,test_ood,332790.15625,0.0,332790.15625,True,True,0.0,0.0,332790.15625,True
test_ood_test_ood_000771_03,test_ood_000771,7,source_like,0,3,test_ood_000771_t0_c3,big,big_1,1,1.4,0.98,6,80765.086,80765.0859375,83098.515625,97481.359375,101455.234375,111390.046875,LO,3285597,4493352,test_ood,101455.234375,0.0,101455.234375,True,True,0.0,0.0,101455.234375,True
test_ood_test_ood_000771_08,test_ood_000771,815,sink_like,1,1,test_ood_000771_t1_c1,little,little_1,0,0.6,0.8,814,473614.28,473614.28125,487060.65625,526349.0,537488.3125,559677.5,LO,3285597,4493352,test_ood,537488.3125,0.0,537488.3125,True,True,0.0,0.0,537488.3125,True
test_ood_test_ood_000771_13,test_ood_000771,815,sink_like,1,6,test_ood_000771_t1_c6,big,big_1,3,2.2,1.15,814,159555.42,159555.421875,182114.1875,200655.328125,206173.125,218938.4375,LO,3285597,4493352,test_ood,206173.125,0.0,206173.125,True,True,0.0,0.0,206173.125,True
test_ood_test_ood_000771_10,test_ood_000771,815,sink_like,1,3,test_ood_000771_t1_c3,little,little_1,1,0.9,0.86,814,368645.2,368645.1875,382406.59375,414822.1875,423975.28125,443766.90625,LO,3285597,4493352,test_ood,423975.28125,0.0,423975.28125,True,True,0.0,0.0,423975.28125,True
test_ood_test_ood_000771_11,test_ood_000771,815,sink_like,1,4,test_ood_000771_t1_c4,big,big_0,2,1.8,1.06,814,191963.89,191963.890625,210780.171875,230961.015625,236979.1875,250689.375,LO,3285597,4493352,test_ood,236979.1875,0.0,236979.1875,True,True,0.0,0.0,236979.1875,True
test_ood_test_ood_000771_12,test_ood_000771,815,sink_like,1,5,test_ood_000771_t1_c5,little,little_0,2,1.2,0.93,814,308095.25,308095.25,336195.9375,364915.09375,373055.6875,391049.125,LO,3285597,4493352,test_ood,373055.6875,0.0,373055.6875,True,True,0.0,0.0,373055.6875,True
test_ood_test_ood_000771_14,test_ood_000771,349,middle,2,0,test_ood_000771_t2_c0,little,little_1,0,0.6,0.8,348,651413.4,651413.375,636746.625,687611.25,702837.5625,728945.125,LO,3285597,4493352,test_ood,702837.5625,0.0,702837.5625,True,True,0.0,0.0,702837.5625,True
test_ood_test_ood_000771_15,test_ood_000771,349,middle,2,1,test_ood_000771_t2_c1,big,big_0,1,1.4,0.98,348,276171.38,276171.375,294205.71875,319682.5,326986.625,343349.59375,LO,3285597,4493352,test_ood,326986.625,0.0,326986.625,True,True,0.0,0.0,326986.625,True
test_ood_test_ood_000771_16,test_ood_000771,349,middle,2,2,test_ood_000771_t2_c2,little,little_0,1,0.9,0.86,348,592268.25,592268.25,619940.875,672479.625,688217.625,716223.125,LO,3285597,4493352,test_ood,688217.625,0.0,688217.625,True,True,0.0,0.0,688217.625,True
test_ood_test_ood_000771_17,test_ood_000771,349,middle,2,3,test_ood_000771_t2_c3,big,big_0,2,1.8,1.06,348,236599.08,236599.078125,252315.421875,275052.84375,281726.65625,296766.46875,LO,3285597,4493352,test_ood,281726.65625,0.0,281726.65625,True,True,0.0,0.0,281726.65625,True
test_ood_test_ood_000771_18,test_ood_000771,349,middle,2,4,test_ood_000771_t2_c4,little,little_0,2,1.2,0.93,348,444527.22,444527.21875,436614.65625,473875.21875,484506.625,506595.0,LO,3285597,4493352,test_ood,484506.625,0.0,484506.625,True,True,0.0,0.0,484506.625,True
test_ood_test_ood_000771_19,test_ood_000771,349,middle,2,5,test_ood_000771_t2_c5,big,big_1,3,2.2,1.15,348,204956.83,204956.828125,222958.46875,243932.671875,250186.890625,264368.71875,LO,3285597,4493352,test_ood,250186.890625,0.0,250186.890625,True,True,0.0,0.0,250186.890625,True
test_ood_test_ood_000771_20,test_ood_000771,349,middle,2,6,test_ood_000771_t2_c6,little,little_1,3,1.5,1.0,348,392320.56,392320.5625,411299.5,446499.4375,456508.34375,477702.75,LO,3285597,4493352,test_ood,456508.34375,0.0,456508.34375,True,True,0.0,0.0,456508.34375,True
test_ood_test_ood_000771_09,test_ood_000771,815,sink_like,1,2,test_ood_000771_t1_c2,big,big_1,1,1.4,0.98,814,205131.39,205131.390625,213215.515625,233434.71875,239421.15625,253085.546875,LO,3285597,4493352,test_ood,239421.15625,0.0,239421.15625,True,True,0.0,0.0,239421.15625,True
test_ood_test_ood_000771_41,test_ood_000771,271,random,5,6,test_ood_000771_t5_c6,big,big_1,1,1.4,0.98,270,145826.94,145826.9375,150521.796875,167230.65625,172065.453125,183605.890625,LO,3285597,4493352,test_ood,172065.453125,0.0,172065.453125,True,True,0.0,0.0,172065.453125,True
test_ood_test_ood_000771_32,test_ood_000771,372,communication_heavy,4,4,test_ood_000771_t4_c4,little,little_1,3,1.5,1.0,371,357382.47,357382.46875,365249.53125,396407.3125,405222.71875,424449.9375,LO,3285597,4493352,test_ood,405222.71875,0.0,405222.71875,True,True,0.0,0.0,405222.71875,True
test_ood_test_ood_000771_21,test_ood_000771,175,high_degree,3,0,test_ood_000771_t3_c0,big,big_1,1,1.4,0.98,174,320507.38,320507.375,307718.375,334222.875,341791.8125,358677.71875,LO,3285597,4493352,test_ood,341791.8125,0.0,341791.8125,True,True,0.0,0.0,341791.8125,True
test_ood_test_ood_000771_29,test_ood_000771,372,communication_heavy,4,1,test_ood_000771_t4_c1,big,big_1,2,1.8,1.06,371,299064.56,299064.5625,289384.1875,314566.0625,321813.0625,338047.65625,LO,3285597,4493352,test_ood,321813.0625,0.0,321813.0625,True,True,0.0,0.0,321813.0625,True
test_ood_test_ood_000771_28,test_ood_000771,372,communication_heavy,4,0,test_ood_000771_t4_c0,little,little_1,1,0.9,0.86,371,424903.22,424903.21875,438143.34375,475122.875,485621.4375,507459.84375,LO,3285597,4493352,test_ood,485621.4375,0.0,485621.4375,True,True,0.0,0.0,485621.4375,True
test_ood_test_ood_000771_27,test_ood_000771,175,high_degree,3,6,test_ood_000771_t3_c6,big,big_0,0,1.0,0.9,174,312496.88,312496.875,317873.59375,345072.375,352797.375,370023.6875,LO,3285597,4493352,test_ood,352797.375,0.0,352797.375,True,True,0.0,0.0,352797.375,True
test_ood_test_ood_000771_23,test_ood_000771,175,high_degree,3,2,test_ood_000771_t3_c2,big,big_0,2,1.8,1.06,174,226533.94,226533.9375,234333.546875,255969.65625,262382.59375,276880.5625,LO,3285597,4493352,test_ood,262382.59375,0.0,262382.59375,True,True,0.0,0.0,262382.59375,True
test_ood_test_ood_000771_24,test_ood_000771,175,high_degree,3,3,test_ood_000771_t3_c3,little,little_0,2,1.2,0.93,174,359787.53,359787.53125,351864.375,381760.875,390208.8125,408777.09375,LO,3285597,4493352,test_ood,390208.8125,0.0,390208.8125,True,True,0.0,0.0,390208.8125,True
test_ood_test_ood_000771_30,test_ood_000771,372,communication_heavy,4,2,test_ood_000771_t4_c2,little,little_1,2,1.2,0.93,371,442620.12,442620.125,434792.625,471908.84375,482496.4375,504523.03125,LO,3285597,4493352,test_ood,482496.4375,0.0,482496.4375,True,True,0.0,0.0,482496.4375,True
test_ood_test_ood_000771_26,test_ood_000771,175,high_degree,3,5,test_ood_000771_t3_c5,little,little_0,3,1.5,1.0,174,329006.0,329006.0,348788.625,378581.6875,387023.84375,405576.6875,LO,3285597,4493352,test_ood,387023.84375,0.0,387023.84375,True,True,0.0,0.0,387023.84375,True
test_ood_test_ood_000771_31,test_ood_000771,372,communication_heavy,4,3,test_ood_000771_t4_c3,big,big_0,3,2.2,1.15,371,187602.75,187602.75,190403.5,209373.84375,215023.046875,228033.890625,LO,3285597,4493352,test_ood,215023.046875,0.0,215023.046875,True,True,0.0,0.0,215023.046875,True
test_ood_test_ood_000771_25,test_ood_000771,175,high_degree,3,4,test_ood_000771_t3_c4,big,big_0,3,2.2,1.15,174,169659.95,169659.953125,165330.375,182821.75,187954.765625,200015.890625,LO,3285597,4493352,test_ood,187954.765625,0.0,187954.765625,True,True,0.0,0.0,187954.765625,True
test_ood_test_ood_000771_33,test_ood_000771,372,communication_heavy,4,5,test_ood_000771_t4_c5,big,big_0,0,1.0,0.9,371,375213.9,375213.90625,358062.5625,388477.125,397057.8125,415888.90625,LO,3285597,4493352,test_ood,397057.8125,0.0,397057.8125,True,True,0.0,0.0,397057.8125,True
test_ood_test_ood_000771_35,test_ood_000771,271,random,5,0,test_ood_000771_t5_c0,big,big_1,2,1.8,1.06,270,120141.71,120141.7109375,131628.71875,147436.859375,151891.1875,162785.8125,LO,3285597,4493352,test_ood,151891.1875,0.0,151891.1875,True,True,0.0,0.0,151891.1875,True
test_ood_test_ood_000771_40,test_ood_000771,271,random,5,5,test_ood_000771_t5_c5,little,little_1,0,0.6,0.8,270,438196.75,438196.75,458356.0625,494321.5625,504280.3125,524639.9375,LO,3285597,4493352,test_ood,504280.3125,0.0,504280.3125,True,True,0.0,0.0,504280.3125,True
test_ood_test_ood_000771_39,test_ood_000771,271,random,5,4,test_ood_000771_t5_c4,big,big_0,0,1.0,0.9,270,184678.08,184678.078125,186523.484375,205333.3125,210965.0625,223943.484375,LO,3285597,4493352,test_ood,210965.0625,0.0,210965.0625,True,True,0.0,0.0,210965.0625,True
test_ood_test_ood_000771_38,test_ood_000771,271,random,5,3,test_ood_000771_t5_c3,little,little_0,3,1.5,1.0,270,189085.1,189085.09375,190173.28125,209051.65625,214654.1875,227574.75,LO,3285597,4493352,test_ood,214654.1875,0.0,214654.1875,True,True,0.0,0.0,214654.1875,True
test_ood_test_ood_000771_22,test_ood_000771,175,high_degree,3,1,test_ood_000771_t3_c1,little,little_0,1,0.9,0.86,174,496507.12,496507.125,508335.0625,551137.9375,563501.375,587667.375,LO,3285597,4493352,test_ood,563501.375,0.0,563501.375,True,True,0.0,0.0,563501.375,True
test_ood_test_ood_000771_36,test_ood_000771,271,random,5,1,test_ood_000771_t5_c1,little,little_0,2,1.2,0.93,270,214421.17,214421.171875,219119.15625,239729.375,245841.453125,259743.21875,LO,3285597,4493352,test_ood,245841.453125,0.0,245841.453125,True,True,0.0,0.0,245841.453125,True
test_ood_test_ood_000771_34,test_ood_000771,372,communication_heavy,4,6,test_ood_000771_t4_c6,little,little_1,0,0.6,0.8,371,709580.0,709580.0,690627.6875,746977.6875,764133.0,792921.9375,LO,3285597,4493352,test_ood,764133.0,0.0,764133.0,True,True,0.0,0.0,764133.0,True
test_ood_test_ood_000771_37,test_ood_000771,271,random,5,2,test_ood_000771_t5_c2,big,big_0,3,2.2,1.15,270,82067.086,82067.0859375,85583.5625,99792.515625,103705.734375,113556.46875,LO,3285597,4493352,test_ood,103705.734375,0.0,103705.734375,True,True,0.0,0.0,103705.734375,True
test_ood_test_ood_000789_08,test_ood_000789,490,sink_like,1,1,test_ood_000789_t1_c1,big,big_0,3,2.2,1.15,489,206726.38,206726.375,212815.078125,233009.75,238992.296875,252643.1875,LO,1141811,1320519,test_ood,238992.296875,0.0,238992.296875,True,True,0.0,0.0,238992.296875,True
test_ood_test_ood_000789_01,test_ood_000789,11,source_like,0,1,test_ood_000789_t0_c1,little,little_1,2,1.2,0.93,10,95805.805,95805.8046875,92566.375,107410.828125,111523.53125,121818.46875,LO,1141811,1320519,test_ood,111523.53125,0.0,111523.53125,True,True,0.0,0.0,111523.53125,True
test_ood_test_ood_000789_02,test_ood_000789,11,source_like,0,2,test_ood_000789_t0_c2,big,big_1,3,2.2,1.15,10,38203.566,38203.56640625,38894.09375,51526.625,55350.890625,64223.75,LO,1141811,1320519,test_ood,55350.890625,0.0,55350.890625,True,True,0.0,0.0,55350.890625,True
test_ood_test_ood_000789_03,test_ood_000789,11,source_like,0,3,test_ood_000789_t0_c3,little,little_1,3,1.5,1.0,10,83699.72,83699.71875,73216.125,87334.171875,91263.484375,100970.1875,LO,1141811,1320519,test_ood,91263.484375,0.0,91263.484375,True,True,0.0,0.0,91263.484375,True
test_ood_test_ood_000789_04,test_ood_000789,11,source_like,0,4,test_ood_000789_t0_c4,big,big_0,0,1.0,0.9,10,79658.96,79658.9609375,76151.484375,90562.703125,94616.546875,104619.34375,LO,1141811,1320519,test_ood,94616.546875,0.0,94616.546875,True,True,0.0,0.0,94616.546875,True
test_ood_test_ood_000789_05,test_ood_000789,11,source_like,0,5,test_ood_000789_t0_c5,little,little_1,0,0.6,0.8,10,175572.19,175572.1875,174337.65625,193665.015625,199599.671875,213283.59375,LO,1141811,1320519,test_ood,199599.671875,0.0,199599.671875,True,True,0.0,0.0,199599.671875,True
test_ood_test_ood_000789_06,test_ood_000789,11,source_like,0,6,test_ood_000789_t0_c6,big,big_0,1,1.4,0.98,10,50432.613,50432.61328125,49929.296875,62950.359375,66754.65625,75797.4375,LO,1141811,1320519,test_ood,66754.65625,0.0,66754.65625,True,True,0.0,0.0,66754.65625,True
test_ood_test_ood_000789_07,test_ood_000789,490,sink_like,1,0,test_ood_000789_t1_c0,little,little_1,2,1.2,0.93,489,495400.72,495400.71875,494581.6875,536826.375,549075.625,573259.125,LO,1141811,1320519,test_ood,549075.625,0.0,549075.625,True,True,0.0,0.0,549075.625,True
test_ood_test_ood_000789_09,test_ood_000789,490,sink_like,1,2,test_ood_000789_t1_c2,little,little_1,3,1.5,1.0,489,433251.34,433251.34375,428236.34375,464853.71875,475288.59375,497109.0,LO,1141811,1320519,test_ood,475288.59375,0.0,475288.59375,True,True,0.0,0.0,475288.59375,True
test_ood_test_ood_000789_00,test_ood_000789,11,source_like,0,0,test_ood_000789_t0_c0,big,big_1,2,1.8,1.06,10,44274.52,44274.51953125,42424.796875,55161.296875,58968.4375,67870.40625,LO,1141811,1320519,test_ood,58968.4375,0.0,58968.4375,True,True,0.0,0.0,58968.4375,True
test_ood_test_ood_000789_11,test_ood_000789,490,sink_like,1,4,test_ood_000789_t1_c4,little,little_0,0,0.6,0.8,489,996799.4,996799.375,1003090.5,1101352.75,1125412.375,1191656.5,LO,1141811,1320519,test_ood,1125412.375,0.0,1125412.375,True,True,0.0,0.0,1125412.375,True
test_ood_test_ood_000789_12,test_ood_000789,490,sink_like,1,5,test_ood_000789_t1_c5,big,big_1,1,1.4,0.98,489,354973.94,354973.9375,355235.9375,385427.53125,393947.1875,412666.1875,LO,1141811,1320519,test_ood,393947.1875,0.0,393947.1875,True,True,0.0,0.0,393947.1875,True
test_ood_test_ood_000789_13,test_ood_000789,490,sink_like,1,6,test_ood_000789_t1_c6,little,little_1,1,0.9,0.86,489,579989.0,579989.0,606656.1875,657649.5,672877.0,700081.1875,LO,1141811,1320519,test_ood,672877.0,0.0,672877.0,True,True,0.0,0.0,672877.0,True
test_ood_test_ood_000789_14,test_ood_000789,230,middle,2,0,test_ood_000789_t2_c0,big,big_1,3,2.2,1.15,229,215683.88,215683.875,222251.25,243093.828125,249277.390625,263326.25,LO,1141811,1320519,test_ood,249277.390625,0.0,249277.390625,True,True,0.0,0.0,249277.390625,True
test_ood_test_ood_000789_15,test_ood_000789,230,middle,2,1,test_ood_000789_t2_c1,little,little_1,3,1.5,1.0,229,281239.28,281239.28125,296111.625,321732.875,329075.53125,345502.5,LO,1141811,1320519,test_ood,329075.53125,0.0,329075.53125,True,True,0.0,0.0,329075.53125,True
test_ood_test_ood_000789_16,test_ood_000789,230,middle,2,2,test_ood_000789_t2_c2,big,big_0,0,1.0,0.9,229,530987.44,530987.4375,488171.375,529645.25,541628.125,565401.625,LO,1141811,1320519,test_ood,541628.125,0.0,541628.125,True,True,0.0,0.0,541628.125,True
test_ood_test_ood_000789_17,test_ood_000789,230,middle,2,3,test_ood_000789_t2_c3,little,little_1,0,0.6,0.8,229,854495.8,854495.8125,850213.375,925119.9375,946468.875,987809.8125,LO,1141811,1320519,test_ood,946468.875,0.0,946468.875,True,True,0.0,0.0,946468.875,True
test_ood_test_ood_000789_18,test_ood_000789,230,middle,2,4,test_ood_000789_t2_c4,big,big_1,1,1.4,0.98,229,313121.94,313121.9375,307438.65625,333872.0,341411.375,358248.34375,LO,1141811,1320519,test_ood,341411.375,0.0,341411.375,True,True,0.0,0.0,341411.375,True
test_ood_test_ood_000789_10,test_ood_000789,490,sink_like,1,3,test_ood_000789_t1_c3,big,big_1,0,1.0,0.9,489,508985.5,508985.5,506206.0625,549070.75,561516.375,585774.125,LO,1141811,1320519,test_ood,561516.375,0.0,561516.375,True,True,0.0,0.0,561516.375,True
test_ood_test_ood_000789_19,test_ood_000789,230,middle,2,5,test_ood_000789_t2_c5,little,little_1,1,0.9,0.86,229,577513.6,577513.625,591322.25,641129.875,655939.3125,682737.4375,LO,1141811,1320519,test_ood,655939.3125,0.0,655939.3125,True,True,0.0,0.0,655939.3125,True
test_ood_test_ood_000789_20,test_ood_000789,230,middle,2,6,test_ood_000789_t2_c6,big,big_0,2,1.8,1.06,229,269306.94,269306.9375,277295.0625,301616.15625,308651.59375,324448.65625,LO,1141811,1320519,test_ood,308651.59375,0.0,308651.59375,True,True,0.0,0.0,308651.59375,True
test_ood_test_ood_000789_21,test_ood_000789,192,communication_heavy,3,0,test_ood_000789_t3_c0,little,little_1,3,1.5,1.0,191,306636.4,306636.40625,322492.25,350131.3125,357995.6875,375452.09375,LO,1141811,1320519,test_ood,357995.6875,0.0,357995.6875,True,True,0.0,0.0,357995.6875,True
test_ood_test_ood_000789_30,test_ood_000789,354,random,4,2,test_ood_000789_t4_c2,big,big_0,1,1.4,0.98,353,131644.55,131644.546875,141683.28125,157997.15625,162672.1875,173947.328125,LO,1141811,1320519,test_ood,162672.1875,0.0,162672.1875,True,True,0.0,0.0,162672.1875,True
test_ood_test_ood_000789_23,test_ood_000789,192,communication_heavy,3,2,test_ood_000789_t3_c2,little,little_0,0,0.6,0.8,191,861453.1,861453.125,858960.4375,934566.6875,955977.3125,997932.3125,LO,1141811,1320519,test_ood,955977.3125,0.0,955977.3125,True,True,0.0,0.0,955977.3125,True
test_ood_test_ood_000789_24,test_ood_000789,192,communication_heavy,3,3,test_ood_000789_t3_c3,big,big_0,1,1.4,0.98,191,359755.72,359755.71875,363086.0,393933.15625,402634.4375,421677.625,LO,1141811,1320519,test_ood,402634.4375,0.0,402634.4375,True,True,0.0,0.0,402634.4375,True
test_ood_test_ood_000789_25,test_ood_000789,192,communication_heavy,3,4,test_ood_000789_t3_c4,little,little_0,1,0.9,0.86,191,643367.5,643367.5,640617.75,694925.75,711289.25,740011.875,LO,1141811,1320519,test_ood,711289.25,0.0,711289.25,True,True,0.0,0.0,711289.25,True
test_ood_test_ood_000789_26,test_ood_000789,192,communication_heavy,3,5,test_ood_000789_t3_c5,big,big_0,2,1.8,1.06,191,361046.66,361046.65625,357008.40625,387394.625,395975.75,414804.0625,LO,1141811,1320519,test_ood,395975.75,0.0,395975.75,True,True,0.0,0.0,395975.75,True
test_ood_test_ood_000789_27,test_ood_000789,192,communication_heavy,3,6,test_ood_000789_t3_c6,little,little_0,2,1.2,0.93,191,558647.8,558647.8125,553577.5,601140.875,615235.25,641615.4375,LO,1141811,1320519,test_ood,615235.25,0.0,615235.25,True,True,0.0,0.0,615235.25,True
test_ood_test_ood_000789_28,test_ood_000789,354,random,4,0,test_ood_000789_t4_c0,big,big_1,0,1.0,0.9,353,187188.95,187188.953125,192112.171875,211199.75,216908.8125,230037.53125,LO,1141811,1320519,test_ood,216908.8125,0.0,216908.8125,True,True,0.0,0.0,216908.8125,True
test_ood_test_ood_000789_29,test_ood_000789,354,random,4,1,test_ood_000789_t4_c1,little,little_1,0,0.6,0.8,353,373933.28,373933.28125,362252.625,391851.8125,399931.03125,417921.3125,LO,1141811,1320519,test_ood,399931.03125,0.0,399931.03125,True,True,0.0,0.0,399931.03125,True
test_ood_test_ood_000789_41,test_ood_000789,332,diverse_fill_1,5,6,test_ood_000789_t5_c6,little,little_0,3,1.5,1.0,331,222206.03,222206.03125,228725.34375,249850.859375,256081.125,270210.75,LO,1141811,1320519,test_ood,256081.125,0.0,256081.125,True,True,0.0,0.0,256081.125,True
test_ood_test_ood_000789_31,test_ood_000789,354,random,4,3,test_ood_000789_t4_c3,little,little_0,1,0.9,0.86,353,231833.08,231833.078125,227832.484375,249088.1875,255367.890625,269645.15625,LO,1141811,1320519,test_ood,255367.890625,0.0,255367.890625,True,True,0.0,0.0,255367.890625,True
test_ood_test_ood_000789_33,test_ood_000789,354,random,4,5,test_ood_000789_t4_c5,little,little_0,2,1.2,0.93,353,172487.3,172487.296875,161878.71875,179180.40625,184254.65625,196213.46875,LO,1141811,1320519,test_ood,184254.65625,0.0,184254.65625,True,True,0.0,0.0,184254.65625,True
test_ood_test_ood_000789_34,test_ood_000789,354,random,4,6,test_ood_000789_t4_c6,big,big_1,3,2.2,1.15,353,73177.96,73177.9609375,77278.671875,91282.609375,95142.375,104789.703125,LO,1141811,1320519,test_ood,95142.375,0.0,95142.375,True,True,0.0,0.0,95142.375,True
test_ood_test_ood_000789_35,test_ood_000789,332,diverse_fill_1,5,0,test_ood_000789_t5_c0,little,little_1,0,0.6,0.8,331,426098.66,426098.65625,420500.9375,454580.9375,464066.03125,484185.4375,LO,1141811,1320519,test_ood,464066.03125,0.0,464066.03125,True,True,0.0,0.0,464066.03125,True
test_ood_test_ood_000789_36,test_ood_000789,332,diverse_fill_1,5,1,test_ood_000789_t5_c1,big,big_0,1,1.4,0.98,331,163288.31,163288.3125,163189.671875,180522.578125,185592.90625,197539.828125,LO,1141811,1320519,test_ood,185592.90625,0.0,185592.90625,True,True,0.0,0.0,185592.90625,True
test_ood_test_ood_000789_37,test_ood_000789,332,diverse_fill_1,5,2,test_ood_000789_t5_c2,little,little_0,1,0.9,0.86,331,267767.47,267767.46875,266418.59375,289918.0625,296707.46875,312029.96875,LO,1141811,1320519,test_ood,296707.46875,0.0,296707.46875,True,True,0.0,0.0,296707.46875,True
test_ood_test_ood_000789_38,test_ood_000789,332,diverse_fill_1,5,3,test_ood_000789_t5_c3,big,big_0,2,1.8,1.06,331,136612.69,136612.6875,150525.9375,167223.59375,172039.8125,183546.359375,LO,1141811,1320519,test_ood,172039.8125,0.0,172039.8125,True,True,0.0,0.0,172039.8125,True
test_ood_test_ood_000789_39,test_ood_000789,332,diverse_fill_1,5,4,test_ood_000789_t5_c4,little,little_1,2,1.2,0.93,331,307158.44,307158.4375,296288.375,321925.4375,329263.90625,345677.75,LO,1141811,1320519,test_ood,329263.90625,0.0,329263.90625,True,True,0.0,0.0,329263.90625,True
test_ood_test_ood_000789_40,test_ood_000789,332,diverse_fill_1,5,5,test_ood_000789_t5_c5,big,big_0,3,2.2,1.15,331,104307.56,104307.5625,101983.5,116646.546875,120669.875,130810.890625,LO,1141811,1320519,test_ood,120669.875,0.0,120669.875,True,True,0.0,0.0,120669.875,True
test_ood_test_ood_000789_32,test_ood_000789,354,random,4,4,test_ood_000789_t4_c4,big,big_1,2,1.8,1.06,353,98866.98,98866.9765625,100146.265625,114919.03125,118951.46875,129119.921875,LO,1141811,1320519,test_ood,118951.46875,0.0,118951.46875,True,True,0.0,0.0,118951.46875,True
test_ood_test_ood_000789_22,test_ood_000789,192,communication_heavy,3,1,test_ood_000789_t3_c1,big,big_1,0,1.0,0.9,191,564304.6,564304.625,579097.4375,628098.8125,642679.125,669251.875,LO,1141811,1320519,test_ood,642679.125,0.0,642679.125,True,True,0.0,0.0,642679.125,True
test_ood_test_ood_000855_06,test_ood_000855,11,source_like,0,6,test_ood_000855_t0_c6,big,big_0,1,1.4,0.98,10,83934.14,83934.140625,82509.6875,96858.75,100835.875,110769.109375,LO,3026754,4199949,test_ood,100835.875,0.0,100835.875,True,True,0.0,0.0,100835.875,True
test_ood_test_ood_000855_05,test_ood_000855,11,source_like,0,5,test_ood_000855_t0_c5,little,little_1,0,0.6,0.8,10,282079.2,282079.1875,282062.03125,307204.625,314321.46875,330763.9375,LO,3026754,4199949,test_ood,314321.46875,0.0,314321.46875,True,True,0.0,0.0,314321.46875,True
test_ood_test_ood_000855_03,test_ood_000855,11,source_like,0,3,test_ood_000855_t0_c3,little,little_1,3,1.5,1.0,10,116062.33,116062.328125,120758.6875,136201.234375,140495.640625,151135.625,LO,3026754,4199949,test_ood,140495.640625,0.0,140495.640625,True,True,0.0,0.0,140495.640625,True
test_ood_test_ood_000855_19,test_ood_000855,296,middle,2,5,test_ood_000855_t2_c5,little,little_0,1,0.9,0.86,295,313480.75,313480.75,300769.84375,326642.8125,334019.9375,350545.40625,LO,3026754,4199949,test_ood,334019.9375,0.0,334019.9375,True,True,0.0,0.0,334019.9375,True
test_ood_test_ood_000855_01,test_ood_000855,11,source_like,0,1,test_ood_000855_t0_c1,little,little_0,2,1.2,0.93,10,134970.95,134970.953125,139751.5625,156090.125,160831.3125,172215.015625,LO,3026754,4199949,test_ood,160831.3125,0.0,160831.3125,True,True,0.0,0.0,160831.3125,True
test_ood_test_ood_000855_00,test_ood_000855,11,source_like,0,0,test_ood_000855_t0_c0,big,big_1,2,1.8,1.06,10,67235.734,67235.734375,64294.84375,77878.484375,81715.234375,91099.78125,LO,3026754,4199949,test_ood,81715.234375,0.0,81715.234375,True,True,0.0,0.0,81715.234375,True
test_ood_test_ood_000855_07,test_ood_000855,593,sink_like,1,0,test_ood_000855_t1_c0,little,little_1,2,1.2,0.93,592,354634.4,354634.40625,358078.875,388533.5625,397139.5625,415994.09375,LO,3026754,4199949,test_ood,397139.5625,0.0,397139.5625,True,True,0.0,0.0,397139.5625,True
test_ood_test_ood_000855_02,test_ood_000855,11,source_like,0,2,test_ood_000855_t0_c2,big,big_0,3,2.2,1.15,10,51145.496,51145.49609375,56529.546875,69790.0625,73583.46875,82734.40625,LO,3026754,4199949,test_ood,73583.46875,0.0,73583.46875,True,True,0.0,0.0,73583.46875,True
test_ood_test_ood_000855_08,test_ood_000855,593,sink_like,1,1,test_ood_000855_t1_c1,big,big_0,3,2.2,1.15,592,162819.27,162819.265625,171459.96875,189286.09375,194540.78125,206819.609375,LO,3026754,4199949,test_ood,194540.78125,0.0,194540.78125,True,True,0.0,0.0,194540.78125,True
test_ood_test_ood_000855_15,test_ood_000855,296,middle,2,1,test_ood_000855_t2_c1,little,little_1,3,1.5,1.0,295,222443.23,222443.234375,229068.53125,250220.984375,256456.578125,270604.09375,LO,3026754,4199949,test_ood,256456.578125,0.0,256456.578125,True,True,0.0,0.0,256456.578125,True
test_ood_test_ood_000855_10,test_ood_000855,593,sink_like,1,3,test_ood_000855_t1_c3,big,big_1,0,1.0,0.9,592,340182.38,340182.375,364513.25,395497.03125,404241.75,423364.9375,LO,3026754,4199949,test_ood,404241.75,0.0,404241.75,True,True,0.0,0.0,404241.75,True
test_ood_test_ood_000855_09,test_ood_000855,593,sink_like,1,2,test_ood_000855_t1_c2,little,little_0,3,1.5,1.0,592,364939.4,364939.40625,398030.84375,432064.46875,441719.8125,462356.0625,LO,3026754,4199949,test_ood,441719.8125,0.0,441719.8125,True,True,0.0,0.0,441719.8125,True
test_ood_test_ood_000855_16,test_ood_000855,296,middle,2,2,test_ood_000855_t2_c2,big,big_0,0,1.0,0.9,295,306737.06,306737.0625,308681.0,335233.59375,342791.6875,359677.0,LO,3026754,4199949,test_ood,342791.6875,0.0,342791.6875,True,True,0.0,0.0,342791.6875,True
test_ood_test_ood_000855_14,test_ood_000855,296,middle,2,0,test_ood_000855_t2_c0,big,big_1,3,2.2,1.15,295,112031.91,112031.90625,119918.453125,135175.59375,139414.96875,149936.8125,LO,3026754,4199949,test_ood,139414.96875,0.0,139414.96875,True,True,0.0,0.0,139414.96875,True
test_ood_test_ood_000855_17,test_ood_000855,296,middle,2,3,test_ood_000855_t2_c3,little,little_1,0,0.6,0.8,295,504043.12,504043.125,489866.875,529154.9375,540284.75,562373.0,LO,3026754,4199949,test_ood,540284.75,0.0,540284.75,True,True,0.0,0.0,540284.75,True
test_ood_test_ood_000855_12,test_ood_000855,593,sink_like,1,5,test_ood_000855_t1_c5,big,big_0,1,1.4,0.98,592,276854.16,276854.15625,285942.375,310858.6875,318030.375,334117.5625,LO,3026754,4199949,test_ood,318030.375,0.0,318030.375,True,True,0.0,0.0,318030.375,True
test_ood_test_ood_000855_11,test_ood_000855,593,sink_like,1,4,test_ood_000855_t1_c4,little,little_0,0,0.6,0.8,592,679119.7,679119.6875,692995.4375,749541.5,766755.875,795620.125,LO,3026754,4199949,test_ood,766755.875,0.0,766755.875,True,True,0.0,0.0,766755.875,True
test_ood_test_ood_000855_13,test_ood_000855,593,sink_like,1,6,test_ood_000855_t1_c6,little,little_0,1,0.9,0.86,592,441312.66,441312.65625,441756.40625,479063.4375,489668.1875,511650.0,LO,3026754,4199949,test_ood,489668.1875,0.0,489668.1875,True,True,0.0,0.0,489668.1875,True
test_ood_test_ood_000855_18,test_ood_000855,296,middle,2,4,test_ood_000855_t2_c4,big,big_1,1,1.4,0.98,295,165630.03,165630.03125,168812.421875,186464.9375,191653.515625,203812.0625,LO,3026754,4199949,test_ood,191653.515625,0.0,191653.515625,True,True,0.0,0.0,191653.515625,True
test_ood_test_ood_000855_04,test_ood_000855,11,source_like,0,4,test_ood_000855_t0_c4,big,big_0,0,1.0,0.9,10,110465.125,110465.125,114714.140625,130213.125,134590.921875,145412.796875,LO,3026754,4199949,test_ood,134590.921875,0.0,134590.921875,True,True,0.0,0.0,134590.921875,True
test_ood_test_ood_000855_20,test_ood_000855,296,middle,2,6,test_ood_000855_t2_c6,big,big_1,2,1.8,1.06,295,154066.64,154066.640625,172337.3125,190261.90625,195552.46875,207899.9375,LO,3026754,4199949,test_ood,195552.46875,0.0,195552.46875,True,True,0.0,0.0,195552.46875,True
test_ood_test_ood_000855_41,test_ood_000855,594,diverse_fill_1,5,6,test_ood_000855_t5_c6,little,little_0,3,1.5,1.0,593,266962.03,266962.03125,268512.4375,292222.15625,299107.03125,314581.84375,LO,3026754,4199949,test_ood,299107.03125,0.0,299107.03125,True,True,0.0,0.0,299107.03125,True
test_ood_test_ood_000855_31,test_ood_000855,147,random,4,3,test_ood_000855_t4_c3,little,little_1,1,0.9,0.86,146,395849.78,395849.78125,425028.40625,460820.40625,470944.5625,492230.59375,LO,3026754,4199949,test_ood,470944.5625,0.0,470944.5625,True,True,0.0,0.0,470944.5625,True
test_ood_test_ood_000855_28,test_ood_000855,147,random,4,0,test_ood_000855_t4_c0,big,big_0,0,1.0,0.9,146,348993.38,348993.375,370500.3125,402031.65625,410943.09375,430342.8125,LO,3026754,4199949,test_ood,410943.09375,0.0,410943.09375,True,True,0.0,0.0,410943.09375,True
test_ood_test_ood_000855_27,test_ood_000855,436,communication_heavy,3,6,test_ood_000855_t3_c6,little,little_0,2,1.2,0.93,435,397044.94,397044.9375,424693.5625,460837.625,471109.90625,492667.625,LO,3026754,4199949,test_ood,471109.90625,0.0,471109.90625,True,True,0.0,0.0,471109.90625,True
test_ood_test_ood_000855_26,test_ood_000855,436,communication_heavy,3,5,test_ood_000855_t3_c5,big,big_1,2,1.8,1.06,435,307361.56,307361.5625,316191.40625,343310.375,351032.4375,368234.1875,LO,3026754,4199949,test_ood,351032.4375,0.0,351032.4375,True,True,0.0,0.0,351032.4375,True
test_ood_test_ood_000855_22,test_ood_000855,436,communication_heavy,3,1,test_ood_000855_t3_c1,big,big_0,0,1.0,0.9,435,458971.16,458971.15625,503419.6875,546156.0,558553.125,582811.125,LO,3026754,4199949,test_ood,558553.125,0.0,558553.125,True,True,0.0,0.0,558553.125,True
test_ood_test_ood_000855_24,test_ood_000855,436,communication_heavy,3,3,test_ood_000855_t3_c3,big,big_1,1,1.4,0.98,435,367693.94,367693.9375,360104.125,390711.75,399349.75,418276.5625,LO,3026754,4199949,test_ood,399349.75,0.0,399349.75,True,True,0.0,0.0,399349.75,True
test_ood_test_ood_000855_29,test_ood_000855,147,random,4,1,test_ood_000855_t4_c1,little,little_1,0,0.6,0.8,146,589235.06,589235.0625,623454.0,673052.0,687785.3125,713318.4375,LO,3026754,4199949,test_ood,687785.3125,0.0,687785.3125,True,True,0.0,0.0,687785.3125,True
test_ood_test_ood_000855_25,test_ood_000855,436,communication_heavy,3,4,test_ood_000855_t3_c4,little,little_1,1,0.9,0.86,435,664411.5,664411.5,687377.25,746941.9375,765011.375,796484.25,LO,3026754,4199949,test_ood,765011.375,0.0,765011.375,True,True,0.0,0.0,765011.375,True
test_ood_test_ood_000855_30,test_ood_000855,147,random,4,2,test_ood_000855_t4_c2,big,big_0,1,1.4,0.98,146,201547.19,201547.1875,220847.78125,241593.09375,247744.96875,261728.109375,LO,3026754,4199949,test_ood,247744.96875,0.0,247744.96875,True,True,0.0,0.0,247744.96875,True
test_ood_test_ood_000855_35,test_ood_000855,594,diverse_fill_1,5,0,test_ood_000855_t5_c0,little,little_1,0,0.6,0.8,593,563554.1,563554.125,602809.3125,650770.25,664910.375,689869.8125,LO,3026754,4199949,test_ood,664910.375,0.0,664910.375,True,True,0.0,0.0,664910.375,True
test_ood_test_ood_000855_23,test_ood_000855,436,communication_heavy,3,2,test_ood_000855_t3_c2,little,little_1,0,0.6,0.8,435,627267.5,627267.5,642840.5625,694227.25,709643.125,735972.125,LO,3026754,4199949,test_ood,709643.125,0.0,709643.125,True,True,0.0,0.0,709643.125,True
test_ood_test_ood_000855_33,test_ood_000855,147,random,4,5,test_ood_000855_t4_c5,little,little_1,2,1.2,0.93,146,330268.16,330268.15625,358584.5625,389084.0,397705.0,416578.0,LO,3026754,4199949,test_ood,397705.0,0.0,397705.0,True,True,0.0,0.0,397705.0,True
test_ood_test_ood_000855_32,test_ood_000855,147,random,4,4,test_ood_000855_t4_c4,big,big_1,2,1.8,1.06,146,170014.5,170014.5,187891.984375,206721.875,212326.59375,225251.8125,LO,3026754,4199949,test_ood,212326.59375,0.0,212326.59375,True,True,0.0,0.0,212326.59375,True
test_ood_test_ood_000855_40,test_ood_000855,594,diverse_fill_1,5,5,test_ood_000855_t5_c5,big,big_0,3,2.2,1.15,593,161387.45,161387.453125,172296.0,190266.0625,195580.5625,207975.765625,LO,3026754,4199949,test_ood,195580.5625,0.0,195580.5625,True,True,0.0,0.0,195580.5625,True
test_ood_test_ood_000855_39,test_ood_000855,594,diverse_fill_1,5,4,test_ood_000855_t5_c4,little,little_1,2,1.2,0.93,593,298051.97,298051.96875,308233.28125,334725.53125,342284.46875,359153.125,LO,3026754,4199949,test_ood,342284.46875,0.0,342284.46875,True,True,0.0,0.0,342284.46875,True
test_ood_test_ood_000855_38,test_ood_000855,594,diverse_fill_1,5,3,test_ood_000855_t5_c3,big,big_0,2,1.8,1.06,593,234314.0,234314.0,236990.578125,258768.40625,265210.1875,279766.25,LO,3026754,4199949,test_ood,265210.1875,0.0,265210.1875,True,True,0.0,0.0,265210.1875,True
test_ood_test_ood_000855_21,test_ood_000855,436,communication_heavy,3,0,test_ood_000855_t3_c0,little,little_1,3,1.5,1.0,435,390328.7,390328.6875,388763.1875,421898.875,431274.375,451451.9375,LO,3026754,4199949,test_ood,431274.375,0.0,431274.375,True,True,0.0,0.0,431274.375,True
test_ood_test_ood_000855_36,test_ood_000855,594,diverse_fill_1,5,1,test_ood_000855_t5_c1,big,big_0,1,1.4,0.98,593,226123.38,226123.375,249936.078125,272493.75,279108.125,294030.71875,LO,3026754,4199949,test_ood,279108.125,0.0,279108.125,True,True,0.0,0.0,279108.125,True
test_ood_test_ood_000855_34,test_ood_000855,147,random,4,6,test_ood_000855_t4_c6,big,big_0,3,2.2,1.15,146,169256.38,169256.375,183146.75,201772.53125,207320.84375,220149.53125,LO,3026754,4199949,test_ood,207320.84375,0.0,207320.84375,True,True,0.0,0.0,207320.84375,True
test_ood_test_ood_000855_37,test_ood_000855,594,diverse_fill_1,5,2,test_ood_000855_t5_c2,little,little_1,1,0.9,0.86,593,466324.78,466324.78125,486853.125,527988.5,539821.5,563395.0,LO,3026754,4199949,test_ood,539821.5,0.0,539821.5,True,True,0.0,0.0,539821.5,True
test_ood_test_ood_000912_08,test_ood_000912,933,sink_like,1,1,test_ood_000912_t1_c1,little,little_1,3,1.5,1.0,932,208680.03,208680.03125,217448.0625,237898.234375,243949.828125,257731.34375,LO,2086126,2611592,test_ood,243949.828125,0.0,243949.828125,True,True,0.0,0.0,243949.828125,True
test_ood_test_ood_000912_00,test_ood_000912,19,source_like,0,0,test_ood_000912_t0_c0,little,little_1,2,1.2,0.93,18,91090.64,91090.640625,93137.90625,107990.96875,112103.265625,122400.765625,LO,2086126,2611592,test_ood,112103.265625,0.0,112103.265625,True,True,0.0,0.0,112103.265625,True
test_ood_test_ood_000912_01,test_ood_000912,19,source_like,0,1,test_ood_000912_t0_c1,big,big_0,3,2.2,1.15,18,34097.203,34097.203125,37394.703125,49914.59375,53683.671875,62409.203125,LO,2086126,2611592,test_ood,53683.671875,0.0,53683.671875,True,True,0.0,0.0,53683.671875,True
test_ood_test_ood_000912_02,test_ood_000912,19,source_like,0,2,test_ood_000912_t0_c2,little,little_0,3,1.5,1.0,18,85305.74,85305.7421875,81992.578125,96526.9375,100536.90625,110532.171875,LO,2086126,2611592,test_ood,100536.90625,0.0,100536.90625,True,True,0.0,0.0,100536.90625,True
test_ood_test_ood_000912_03,test_ood_000912,19,source_like,0,3,test_ood_000912_t0_c3,big,big_1,0,1.0,0.9,18,78697.55,78697.546875,79512.9375,94023.0,98095.875,108185.34375,LO,2086126,2611592,test_ood,98095.875,0.0,98095.875,True,True,0.0,0.0,98095.875,True
test_ood_test_ood_000912_04,test_ood_000912,19,source_like,0,4,test_ood_000912_t0_c4,little,little_0,0,0.6,0.8,18,192083.17,192083.171875,176491.09375,195924.984375,201898.34375,215657.296875,LO,2086126,2611592,test_ood,201898.34375,0.0,201898.34375,True,True,0.0,0.0,201898.34375,True
test_ood_test_ood_000912_06,test_ood_000912,19,source_like,0,6,test_ood_000912_t0_c6,little,little_0,1,0.9,0.86,18,124911.36,124911.359375,124200.640625,140163.296875,144768.78125,155995.0,LO,2086126,2611592,test_ood,144768.78125,0.0,144768.78125,True,True,0.0,0.0,144768.78125,True
test_ood_test_ood_000912_07,test_ood_000912,933,sink_like,1,0,test_ood_000912_t1_c0,big,big_0,3,2.2,1.15,932,112848.945,112848.9453125,127902.390625,143539.71875,147913.96875,158672.859375,LO,2086126,2611592,test_ood,147913.96875,0.0,147913.96875,True,True,0.0,0.0,147913.96875,True
test_ood_test_ood_000912_14,test_ood_000912,530,middle,2,0,test_ood_000912_t2_c0,little,little_1,3,1.5,1.0,529,226345.81,226345.8125,232404.75,253779.640625,260079.78125,274356.15625,LO,2086126,2611592,test_ood,260079.78125,0.0,260079.78125,True,True,0.0,0.0,260079.78125,True
test_ood_test_ood_000912_12,test_ood_000912,933,sink_like,1,5,test_ood_000912_t1_c5,little,little_1,1,0.9,0.86,932,314864.16,314864.15625,317403.0625,344524.9375,352225.15625,369385.8125,LO,2086126,2611592,test_ood,352225.15625,0.0,352225.15625,True,True,0.0,0.0,352225.15625,True
test_ood_test_ood_000912_05,test_ood_000912,19,source_like,0,5,test_ood_000912_t0_c5,big,big_1,1,1.4,0.98,18,54132.25,54132.25,59740.40625,73272.515625,77161.6875,86555.859375,LO,2086126,2611592,test_ood,77161.6875,0.0,77161.6875,True,True,0.0,0.0,77161.6875,True
test_ood_test_ood_000912_11,test_ood_000912,933,sink_like,1,4,test_ood_000912_t1_c4,big,big_1,1,1.4,0.98,932,156705.62,156705.625,156620.0,173596.03125,178531.65625,190240.78125,LO,2086126,2611592,test_ood,178531.65625,0.0,178531.65625,True,True,0.0,0.0,178531.65625,True
test_ood_test_ood_000912_10,test_ood_000912,933,sink_like,1,3,test_ood_000912_t1_c3,little,little_0,0,0.6,0.8,932,430442.25,430442.25,419333.46875,453156.53125,462534.5625,482455.125,LO,2086126,2611592,test_ood,462534.5625,0.0,462534.5625,True,True,0.0,0.0,462534.5625,True
test_ood_test_ood_000912_17,test_ood_000912,530,middle,2,3,test_ood_000912_t2_c3,big,big_1,1,1.4,0.98,529,220137.08,220137.078125,241222.109375,263167.375,269617.03125,284193.21875,LO,2086126,2611592,test_ood,269617.03125,0.0,269617.03125,True,True,0.0,0.0,269617.03125,True
test_ood_test_ood_000912_16,test_ood_000912,530,middle,2,2,test_ood_000912_t2_c2,little,little_0,0,0.6,0.8,529,446291.03,446291.03125,476603.3125,514938.8125,525756.8125,547557.875,LO,2086126,2611592,test_ood,525756.8125,0.0,525756.8125,True,True,0.0,0.0,525756.8125,True
test_ood_test_ood_000912_15,test_ood_000912,530,middle,2,1,test_ood_000912_t2_c1,big,big_0,0,1.0,0.9,529,204823.39,204823.390625,218447.453125,239020.90625,245122.0,259004.46875,LO,2086126,2611592,test_ood,245122.0,0.0,245122.0,True,True,0.0,0.0,245122.0,True
test_ood_test_ood_000912_18,test_ood_000912,530,middle,2,4,test_ood_000912_t2_c4,little,little_1,1,0.9,0.86,529,299279.25,299279.25,333988.59375,362374.25,370404.53125,388201.59375,LO,2086126,2611592,test_ood,370404.53125,0.0,370404.53125,True,True,0.0,0.0,370404.53125,True
test_ood_test_ood_000912_13,test_ood_000912,933,sink_like,1,6,test_ood_000912_t1_c6,big,big_1,2,1.8,1.06,932,153974.88,153974.875,168646.96875,186366.875,191582.65625,203794.109375,LO,2086126,2611592,test_ood,191582.65625,0.0,191582.65625,True,True,0.0,0.0,191582.65625,True
test_ood_test_ood_000912_19,test_ood_000912,530,middle,2,5,test_ood_000912_t2_c5,big,big_0,2,1.8,1.06,529,186653.73,186653.734375,191994.828125,211073.84375,216764.5625,229847.203125,LO,2086126,2611592,test_ood,216764.5625,0.0,216764.5625,True,True,0.0,0.0,216764.5625,True
test_ood_test_ood_000912_09,test_ood_000912,933,sink_like,1,2,test_ood_000912_t1_c2,big,big_0,0,1.0,0.9,932,203288.72,203288.71875,211781.984375,231955.28125,237949.515625,251624.484375,LO,2086126,2611592,test_ood,237949.515625,0.0,237949.515625,True,True,0.0,0.0,237949.515625,True
test_ood_test_ood_000912_20,test_ood_000912,530,middle,2,6,test_ood_000912_t2_c6,little,little_1,2,1.2,0.93,529,300271.38,300271.375,305481.5,331782.125,339291.21875,356052.21875,LO,2086126,2611592,test_ood,339291.21875,0.0,339291.21875,True,True,0.0,0.0,339291.21875,True
test_ood_test_ood_000912_33,test_ood_000912,871,random,4,5,test_ood_000912_t4_c5,big,big_0,3,2.2,1.15,870,117882.55,117882.546875,124599.03125,140081.4375,144406.765625,155078.6875,LO,2086126,2611592,test_ood,144406.765625,0.0,144406.765625,True,True,0.0,0.0,144406.765625,True
test_ood_test_ood_000912_32,test_ood_000912,871,random,4,4,test_ood_000912_t4_c4,little,little_0,2,1.2,0.93,870,251944.72,251944.71875,251287.796875,273876.84375,280483.84375,295393.4375,LO,2086126,2611592,test_ood,280483.84375,0.0,280483.84375,True,True,0.0,0.0,280483.84375,True
test_ood_test_ood_000912_29,test_ood_000912,871,random,4,1,test_ood_000912_t4_c1,big,big_0,1,1.4,0.98,870,184530.48,184530.484375,196748.765625,216054.140625,221802.375,234994.5625,LO,2086126,2611592,test_ood,221802.375,0.0,221802.375,True,True,0.0,0.0,221802.375,True
test_ood_test_ood_000912_28,test_ood_000912,871,random,4,0,test_ood_000912_t4_c0,little,little_1,0,0.6,0.8,870,428926.06,428926.0625,409635.0625,442602.75,451696.625,471229.375,LO,2086126,2611592,test_ood,451696.625,0.0,451696.625,True,True,0.0,0.0,451696.625,True
test_ood_test_ood_000912_27,test_ood_000912,588,communication_heavy,3,6,test_ood_000912_t3_c6,big,big_0,3,2.2,1.15,587,215281.92,215281.921875,242810.3125,264982.6875,271537.1875,286328.09375,LO,2086126,2611592,test_ood,271537.1875,0.0,271537.1875,True,True,0.0,0.0,271537.1875,True
test_ood_test_ood_000912_23,test_ood_000912,588,communication_heavy,3,2,test_ood_000912_t3_c2,big,big_0,1,1.4,0.98,587,258780.22,258780.21875,277646.8125,301998.15625,309040.75,324855.3125,LO,2086126,2611592,test_ood,309040.75,0.0,309040.75,True,True,0.0,0.0,309040.75,True
test_ood_test_ood_000912_25,test_ood_000912,588,communication_heavy,3,4,test_ood_000912_t3_c4,big,big_1,2,1.8,1.06,587,193612.33,193612.328125,202493.1875,222188.546875,228062.25,241497.78125,LO,2086126,2611592,test_ood,228062.25,0.0,228062.25,True,True,0.0,0.0,228062.25,True
test_ood_test_ood_000912_21,test_ood_000912,588,communication_heavy,3,0,test_ood_000912_t3_c0,big,big_0,0,1.0,0.9,587,373502.5,373502.5,397682.3125,431484.1875,441047.125,461526.0,LO,2086126,2611592,test_ood,441047.125,0.0,441047.125,True,True,0.0,0.0,441047.125,True
test_ood_test_ood_000912_30,test_ood_000912,871,random,4,2,test_ood_000912_t4_c2,little,little_0,1,0.9,0.86,870,351639.9,351639.90625,343700.09375,372849.75,381083.53125,399250.6875,LO,2086126,2611592,test_ood,381083.53125,0.0,381083.53125,True,True,0.0,0.0,381083.53125,True
test_ood_test_ood_000912_26,test_ood_000912,588,communication_heavy,3,5,test_ood_000912_t3_c5,little,little_1,2,1.2,0.93,587,418469.44,418469.4375,408927.375,443748.46875,453624.375,474591.8125,LO,2086126,2611592,test_ood,453624.375,0.0,453624.375,True,True,0.0,0.0,453624.375,True
test_ood_test_ood_000912_31,test_ood_000912,871,random,4,3,test_ood_000912_t4_c3,big,big_0,2,1.8,1.06,870,160211.97,160211.96875,165934.546875,183510.65625,188671.6875,200787.640625,LO,2086126,2611592,test_ood,188671.6875,0.0,188671.6875,True,True,0.0,0.0,188671.6875,True
test_ood_test_ood_000912_24,test_ood_000912,588,communication_heavy,3,3,test_ood_000912_t3_c3,little,little_0,1,0.9,0.86,587,538400.2,538400.1875,531317.125,575960.875,588942.5,613775.75,LO,2086126,2611592,test_ood,588942.5,0.0,588942.5,True,True,0.0,0.0,588942.5,True
test_ood_test_ood_000912_34,test_ood_000912,871,random,4,6,test_ood_000912_t4_c6,little,little_1,3,1.5,1.0,870,195895.23,195895.234375,196992.21875,216281.015625,222011.734375,235176.03125,LO,2086126,2611592,test_ood,222011.734375,0.0,222011.734375,True,True,0.0,0.0,222011.734375,True
test_ood_test_ood_000912_35,test_ood_000912,872,diverse_fill_1,5,0,test_ood_000912_t5_c0,big,big_0,1,1.4,0.98,871,148544.28,148544.28125,148766.625,165413.5625,170232.71875,181747.5625,LO,2086126,2611592,test_ood,170232.71875,0.0,170232.71875,True,True,0.0,0.0,170232.71875,True
test_ood_test_ood_000912_37,test_ood_000912,872,diverse_fill_1,5,2,test_ood_000912_t5_c2,big,big_0,2,1.8,1.06,871,113221.28,113221.28125,110238.5625,125231.3125,129367.0625,139723.25,LO,2086126,2611592,test_ood,129367.0625,0.0,129367.0625,True,True,0.0,0.0,129367.0625,True
test_ood_test_ood_000912_38,test_ood_000912,872,diverse_fill_1,5,3,test_ood_000912_t5_c3,little,little_1,2,1.2,0.93,871,210496.31,210496.3125,213236.953125,233446.328125,239430.46875,253087.71875,LO,2086126,2611592,test_ood,239430.46875,0.0,239430.46875,True,True,0.0,0.0,239430.46875,True
test_ood_test_ood_000912_39,test_ood_000912,872,diverse_fill_1,5,4,test_ood_000912_t5_c4,big,big_0,3,2.2,1.15,871,94674.7,94674.703125,94127.453125,108659.75,112636.609375,122670.34375,LO,2086126,2611592,test_ood,112636.609375,0.0,112636.609375,True,True,0.0,0.0,112636.609375,True
test_ood_test_ood_000912_40,test_ood_000912,872,diverse_fill_1,5,5,test_ood_000912_t5_c5,little,little_1,3,1.5,1.0,871,158788.12,158788.125,163969.6875,181334.375,186413.65625,198379.09375,LO,2086126,2611592,test_ood,186413.65625,0.0,186413.65625,True,True,0.0,0.0,186413.65625,True
test_ood_test_ood_000912_41,test_ood_000912,872,diverse_fill_1,5,6,test_ood_000912_t5_c6,big,big_1,0,1.0,0.9,871,210538.36,210538.359375,205617.6875,225490.9375,231421.0625,244975.578125,LO,2086126,2611592,test_ood,231421.0625,0.0,231421.0625,True,True,0.0,0.0,231421.0625,True
test_ood_test_ood_000912_22,test_ood_000912,588,communication_heavy,3,1,test_ood_000912_t3_c1,little,little_1,0,0.6,0.8,587,677116.3,677116.3125,640814.5,691907.125,707193.625,733366.6875,LO,2086126,2611592,test_ood,707193.625,0.0,707193.625,True,True,0.0,0.0,707193.625,True
test_ood_test_ood_000912_36,test_ood_000912,872,diverse_fill_1,5,1,test_ood_000912_t5_c1,little,little_0,1,0.9,0.86,871,240527.42,240527.421875,240568.921875,262584.125,269038.96875,283687.625,LO,2086126,2611592,test_ood,269038.96875,0.0,269038.96875,True,True,0.0,0.0,269038.96875,True
test_ood_test_ood_000975_05,test_ood_000975,118,source_like,0,5,test_ood_000975_t0_c5,little,little_0,0,0.6,0.8,117,151389.88,151389.875,132037.8125,148859.609375,153858.484375,165846.328125,LO,2106999,2610371,test_ood,153858.484375,0.0,153858.484375,True,True,0.0,0.0,153858.484375,True
test_ood_test_ood_000975_04,test_ood_000975,118,source_like,0,4,test_ood_000975_t0_c4,big,big_0,0,1.0,0.9,117,62535.195,62535.1953125,52637.890625,65885.859375,69759.046875,78984.59375,LO,2106999,2610371,test_ood,69759.046875,0.0,69759.046875,True,True,0.0,0.0,69759.046875,True
test_ood_test_ood_000975_03,test_ood_000975,118,source_like,0,3,test_ood_000975_t0_c3,little,little_1,3,1.5,1.0,117,61887.695,61887.6953125,50942.953125,64017.96875,67829.6875,76903.25,LO,2106999,2610371,test_ood,67829.6875,0.0,67829.6875,True,True,0.0,0.0,67829.6875,True
test_ood_test_ood_000975_40,test_ood_000975,530,diverse_fill_2,5,5,test_ood_000975_t5_c5,big,big_1,3,2.2,1.15,529,107796.58,107796.578125,111706.734375,126763.609375,130899.765625,141263.796875,LO,2106999,2610371,test_ood,130899.765625,0.0,130899.765625,True,True,0.0,0.0,130899.765625,True
test_ood_test_ood_000975_01,test_ood_000975,118,source_like,0,1,test_ood_000975_t0_c1,little,little_1,2,1.2,0.93,117,75509.69,75509.6875,70658.171875,84837.5,88827.3125,98606.75,LO,2106999,2610371,test_ood,88827.3125,0.0,88827.3125,True,True,0.0,0.0,88827.3125,True
test_ood_test_ood_000975_00,test_ood_000975,118,source_like,0,0,test_ood_000975_t0_c0,big,big_0,2,1.8,1.06,117,38147.707,38147.70703125,32553.515625,45091.859375,48979.421875,57844.65625,LO,2106999,2610371,test_ood,48979.421875,0.0,48979.421875,True,True,0.0,0.0,48979.421875,True
test_ood_test_ood_000975_02,test_ood_000975,118,source_like,0,2,test_ood_000975_t0_c2,big,big_0,3,2.2,1.15,117,32252.467,32252.466796875,30681.265625,43171.828125,47075.78125,55952.8125,LO,2106999,2610371,test_ood,47075.78125,0.0,47075.78125,True,True,0.0,0.0,47075.78125,True
test_ood_test_ood_000975_06,test_ood_000975,118,source_like,0,6,test_ood_000975_t0_c6,big,big_0,1,1.4,0.98,117,47410.7,47410.69921875,39963.09375,52650.265625,56485.390625,65393.515625,LO,2106999,2610371,test_ood,56485.390625,0.0,56485.390625,True,True,0.0,0.0,56485.390625,True
test_ood_test_ood_000975_17,test_ood_000975,293,middle,2,3,test_ood_000975_t2_c3,little,little_0,0,0.6,0.8,292,895736.56,895736.5625,802649.4375,871306.875,891700.6875,928110.0,LO,2106999,2610371,test_ood,891700.6875,0.0,891700.6875,False,False,0.0,0.0,891700.6875,False
test_ood_test_ood_000975_07,test_ood_000975,557,sink_like,1,0,test_ood_000975_t1_c0,little,little_1,2,1.2,0.93,556,1036501.75,1036501.75,752280.25,822523.8125,843789.5,882330.8125,LO,2106999,2610371,test_ood,843789.5,0.0,843789.5,False,False,0.0,0.0,843789.5,False
test_ood_test_ood_000975_09,test_ood_000975,557,sink_like,1,2,test_ood_000975_t1_c2,little,little_0,3,1.5,1.0,556,969429.3,969429.3125,667368.1875,728148.4375,746914.0,780115.0625,LO,2106999,2610371,test_ood,746914.0,0.0,746914.0,False,False,0.0,0.0,746914.0,False
test_ood_test_ood_000975_11,test_ood_000975,557,sink_like,1,4,test_ood_000975_t1_c4,little,little_0,0,0.6,0.8,556,1394063.1,1394063.125,1052728.625,1157868.5,1184190.0,1262274.375,LO,2106999,2610371,test_ood,1184190.0,0.0,1184190.0,False,False,0.0,0.0,1184190.0,False
test_ood_test_ood_000975_12,test_ood_000975,557,sink_like,1,5,test_ood_000975_t1_c5,big,big_1,1,1.4,0.98,556,819296.3,819296.3125,549512.5,596613.75,610561.625,636727.875,LO,2106999,2610371,test_ood,610561.625,0.0,610561.625,False,False,0.0,0.0,610561.625,False
test_ood_test_ood_000975_13,test_ood_000975,557,sink_like,1,6,test_ood_000975_t1_c6,little,little_0,1,0.9,0.86,556,1610542.2,1610542.25,1111106.0,1233389.5,1264360.75,1364367.5,LO,2106999,2610371,test_ood,1264360.75,0.0,1264360.75,False,False,0.0,0.0,1264360.75,False
test_ood_test_ood_000975_14,test_ood_000975,293,middle,2,0,test_ood_000975_t2_c0,big,big_1,3,2.2,1.15,292,285547.7,285547.6875,237314.8125,259149.640625,265623.71875,280249.09375,LO,2106999,2610371,test_ood,265623.71875,0.0,265623.71875,False,False,0.0,0.0,265623.71875,False
test_ood_test_ood_000975_15,test_ood_000975,293,middle,2,1,test_ood_000975_t2_c1,little,little_1,3,1.5,1.0,292,380178.78,380178.78125,329802.53125,357986.5625,365988.375,383721.5,LO,2106999,2610371,test_ood,365988.375,0.0,365988.375,False,False,0.0,0.0,365988.375,False
test_ood_test_ood_000975_16,test_ood_000975,293,middle,2,2,test_ood_000975_t2_c2,big,big_1,0,1.0,0.9,292,512049.47,512049.46875,433207.125,470025.75,480500.28125,502339.3125,LO,2106999,2610371,test_ood,480500.28125,0.0,480500.28125,False,False,0.0,0.0,480500.28125,False
test_ood_test_ood_000975_18,test_ood_000975,293,middle,2,4,test_ood_000975_t2_c4,big,big_0,1,1.4,0.98,292,351618.4,351618.40625,312228.375,339019.75,346650.125,363672.6875,LO,2106999,2610371,test_ood,346650.125,0.0,346650.125,False,False,0.0,0.0,346650.125,False
test_ood_test_ood_000975_19,test_ood_000975,293,middle,2,5,test_ood_000975_t2_c5,little,little_0,1,0.9,0.86,292,701231.6,701231.625,634293.875,688414.125,704707.5625,733507.875,LO,2106999,2610371,test_ood,704707.5625,0.0,704707.5625,True,True,0.0,0.0,704707.5625,True
test_ood_test_ood_000975_10,test_ood_000975,557,sink_like,1,3,test_ood_000975_t1_c3,big,big_0,0,1.0,0.9,556,940617.2,940617.1875,649007.875,704433.5,721251.75,750634.0625,LO,2106999,2610371,test_ood,721251.75,0.0,721251.75,False,False,0.0,0.0,721251.75,False
test_ood_test_ood_000975_32,test_ood_000975,556,diverse_fill_1,4,4,test_ood_000975_t4_c4,big,big_1,2,1.8,1.06,555,218261.94,218261.9375,237414.125,259178.578125,265599.9375,280121.71875,LO,2106999,2610371,test_ood,265599.9375,0.0,265599.9375,True,True,0.0,0.0,265599.9375,True
test_ood_test_ood_000975_30,test_ood_000975,556,diverse_fill_1,4,2,test_ood_000975_t4_c2,big,big_1,1,1.4,0.98,555,245106.4,245106.40625,274616.5,298729.75,305692.125,321358.25,LO,2106999,2610371,test_ood,305692.125,0.0,305692.125,True,True,0.0,0.0,305692.125,True
test_ood_test_ood_000975_08,test_ood_000975,557,sink_like,1,1,test_ood_000975_t1_c1,big,big_0,3,2.2,1.15,556,532491.5,532491.5,339189.4375,368138.5,376340.5625,394469.75,LO,2106999,2610371,test_ood,376340.5625,0.0,376340.5625,False,False,0.0,0.0,376340.5625,False
test_ood_test_ood_000975_28,test_ood_000975,556,diverse_fill_1,4,0,test_ood_000975_t4_c0,big,big_0,0,1.0,0.9,555,378625.62,378625.625,400995.375,435111.0625,444772.4375,465409.0625,LO,2106999,2610371,test_ood,444772.4375,0.0,444772.4375,True,True,0.0,0.0,444772.4375,True
test_ood_test_ood_000975_27,test_ood_000975,450,random,3,6,test_ood_000975_t3_c6,little,little_1,2,1.2,0.93,449,197904.98,197904.984375,266421.25,289929.28125,296731.0625,312057.84375,LO,2106999,2610371,test_ood,296731.0625,0.0,296731.0625,True,True,0.0,0.0,296731.0625,True
test_ood_test_ood_000975_26,test_ood_000975,450,random,3,5,test_ood_000975_t3_c5,big,big_1,2,1.8,1.06,449,147703.03,147703.03125,200006.328125,219534.46875,225354.515625,238689.03125,LO,2106999,2610371,test_ood,225354.515625,0.0,225354.515625,True,True,0.0,0.0,225354.515625,True
test_ood_test_ood_000975_22,test_ood_000975,450,random,3,1,test_ood_000975_t3_c1,big,big_1,0,1.0,0.9,449,209882.12,209882.125,289042.0,314140.28125,321326.34375,337472.46875,LO,2106999,2610371,test_ood,321326.34375,0.0,321326.34375,True,True,0.0,0.0,321326.34375,True
test_ood_test_ood_000975_24,test_ood_000975,450,random,3,3,test_ood_000975_t3_c3,big,big_0,1,1.4,0.98,449,154761.48,154761.484375,215272.84375,235629.375,241657.4375,255404.0625,LO,2106999,2610371,test_ood,241657.4375,0.0,241657.4375,True,True,0.0,0.0,241657.4375,True
test_ood_test_ood_000975_23,test_ood_000975,450,random,3,2,test_ood_000975_t3_c2,little,little_0,0,0.6,0.8,449,396300.56,396300.5625,505319.25,545941.25,557521.875,580136.0,LO,2106999,2610371,test_ood,557521.875,0.0,557521.875,True,True,0.0,0.0,557521.875,True
test_ood_test_ood_000975_25,test_ood_000975,450,random,3,4,test_ood_000975_t3_c4,little,little_1,1,0.9,0.86,449,242200.7,242200.703125,316057.0625,343080.0625,350751.65625,367864.53125,LO,2106999,2610371,test_ood,350751.65625,0.0,350751.65625,True,True,0.0,0.0,350751.65625,True
test_ood_test_ood_000975_20,test_ood_000975,293,middle,2,6,test_ood_000975_t2_c6,big,big_0,2,1.8,1.06,292,248770.3,248770.296875,221616.171875,242427.265625,248604.5,262634.0625,LO,2106999,2610371,test_ood,248604.5,0.0,248604.5,False,False,0.0,0.0,248604.5,False
test_ood_test_ood_000975_29,test_ood_000975,556,diverse_fill_1,4,1,test_ood_000975_t4_c1,little,little_1,0,0.6,0.8,555,704624.25,704624.25,729402.4375,790055.0625,808522.9375,839757.25,LO,2106999,2610371,test_ood,808522.9375,0.0,808522.9375,True,True,0.0,0.0,808522.9375,True
test_ood_test_ood_000975_31,test_ood_000975,556,diverse_fill_1,4,3,test_ood_000975_t4_c3,little,little_1,1,0.9,0.86,555,406515.72,406515.71875,419566.125,455126.3125,465209.4375,486473.5,LO,2106999,2610371,test_ood,465209.4375,0.0,465209.4375,True,True,0.0,0.0,465209.4375,True
test_ood_test_ood_000975_33,test_ood_000975,556,diverse_fill_1,4,5,test_ood_000975_t4_c5,little,little_0,2,1.2,0.93,555,365576.47,365576.46875,383831.125,416507.90625,425748.75,445698.25,LO,2106999,2610371,test_ood,425748.75,0.0,425748.75,True,True,0.0,0.0,425748.75,True
test_ood_test_ood_000975_34,test_ood_000975,556,diverse_fill_1,4,6,test_ood_000975_t4_c6,big,big_1,3,2.2,1.15,555,147158.48,147158.484375,159722.3125,176781.796875,181746.21875,193496.125,LO,2106999,2610371,test_ood,181746.21875,0.0,181746.21875,True,True,0.0,0.0,181746.21875,True
test_ood_test_ood_000975_35,test_ood_000975,530,diverse_fill_2,5,0,test_ood_000975_t5_c0,little,little_1,0,0.6,0.8,529,426382.78,426382.78125,440221.25,475488.5625,485310.8125,505775.9375,LO,2106999,2610371,test_ood,485310.8125,0.0,485310.8125,True,True,0.0,0.0,485310.8125,True
test_ood_test_ood_000975_36,test_ood_000975,530,diverse_fill_2,5,1,test_ood_000975_t5_c1,big,big_1,1,1.4,0.98,529,146322.73,146322.734375,151246.84375,167972.6875,172813.890625,184362.375,LO,2106999,2610371,test_ood,172813.890625,0.0,172813.890625,True,True,0.0,0.0,172813.890625,True
test_ood_test_ood_000975_37,test_ood_000975,530,diverse_fill_2,5,2,test_ood_000975_t5_c2,little,little_1,1,0.9,0.86,529,296837.8,296837.8125,291890.84375,317104.0,324309.28125,340487.75,LO,2106999,2610371,test_ood,324309.28125,0.0,324309.28125,True,True,0.0,0.0,324309.28125,True
test_ood_test_ood_000975_38,test_ood_000975,530,diverse_fill_2,5,3,test_ood_000975_t5_c3,big,big_0,2,1.8,1.06,529,121401.83,121401.828125,125314.96875,140821.5,145158.09375,155852.09375,LO,2106999,2610371,test_ood,145158.09375,0.0,145158.09375,True,True,0.0,0.0,145158.09375,True
test_ood_test_ood_000975_21,test_ood_000975,450,random,3,0,test_ood_000975_t3_c0,little,little_1,3,1.5,1.0,449,149344.3,149344.296875,200371.65625,219718.859375,225422.375,238551.0625,LO,2106999,2610371,test_ood,225422.375,0.0,225422.375,True,True,0.0,0.0,225422.375,True
test_ood_test_ood_000975_39,test_ood_000975,530,diverse_fill_2,5,4,test_ood_000975_t5_c4,little,little_1,2,1.2,0.93,529,202441.62,202441.625,209235.03125,229210.546875,235142.875,248684.125,LO,2106999,2610371,test_ood,235142.875,0.0,235142.875,True,True,0.0,0.0,235142.875,True
test_ood_test_ood_000975_41,test_ood_000975,530,diverse_fill_2,5,6,test_ood_000975_t5_c6,little,little_1,3,1.5,1.0,529,213368.4,213368.40625,208891.875,228807.90625,234707.671875,248190.328125,LO,2106999,2610371,test_ood,234707.671875,0.0,234707.671875,True,True,0.0,0.0,234707.671875,True
