sample_id,graph_id,target_node,target_role,target_index,context_index,context_id,core_type,core_id,dvfs_level,frequency_ghz,voltage_v,local_target_node_index,y_exec_us_raw,Q50_pred_us,Q90_pred_us,Q95_pred_us,Q99_pred_us,criticality,Qhat_base_us,q_conf_us,C_e_us
test_id_test_id_000008_00,test_id_000008,7,source_like,0,0,test_id_000008_t0_c0,big,big_1,1,1.4,0.98,6,70442.24,101486.671875,116538.140625,120704.5,131166.015625,HI,120704.5,15665.78125,136370.28125
test_id_test_id_000008_01,test_id_000008,7,source_like,0,1,test_id_000008_t0_c1,little,little_0,1,0.9,0.86,6,159207.81,177464.4375,197401.9375,203492.34375,217705.5625,HI,203492.34375,15665.78125,219158.125
test_id_test_id_000008_02,test_id_000008,7,source_like,0,2,test_id_000008_t0_c2,big,big_0,2,1.8,1.06,6,54589.582,82093.1875,96725.109375,100670.734375,110537.453125,HI,100670.734375,15665.78125,116336.515625
test_id_test_id_000008_03,test_id_000008,7,source_like,0,3,test_id_000008_t0_c3,little,little_1,2,1.2,0.93,6,113274.22,147811.875,164858.53125,169897.53125,181900.078125,HI,169897.53125,15665.78125,185563.3125
test_id_test_id_000008_04,test_id_000008,7,source_like,0,4,test_id_000008_t0_c4,big,big_1,3,2.2,1.15,6,42978.164,69008.359375,83038.578125,86880.859375,96314.953125,HI,86880.859375,15665.78125,102546.640625
test_id_test_id_000008_05,test_id_000008,7,source_like,0,5,test_id_000008_t0_c5,little,little_1,3,1.5,1.0,6,101568.36,120317.765625,135656.4375,140010.40625,150757.828125,HI,140010.40625,15665.78125,155676.1875
test_id_test_id_000008_06,test_id_000008,7,source_like,0,6,test_id_000008_t0_c6,big,big_1,0,1.0,0.9,6,86958.97,149412.765625,167108.140625,172404.265625,184984.875,HI,172404.265625,15665.78125,188070.046875
test_id_test_id_000008_07,test_id_000008,65,sink_like,1,0,test_id_000008_t1_c0,little,little_1,1,0.9,0.86,64,480436.7,824240.0625,902590.125,925411.1875,969413.0,HI,925411.1875,15665.78125,941076.96875
test_id_test_id_000008_08,test_id_000008,65,sink_like,1,1,test_id_000008_t1_c1,big,big_0,2,1.8,1.06,64,184915.81,416118.46875,452001.625,462245.53125,483808.34375,HI,462245.53125,15665.78125,477911.3125
test_id_test_id_000008_09,test_id_000008,65,sink_like,1,2,test_id_000008_t1_c2,little,little_1,2,1.2,0.93,64,285244.62,622441.125,677253.125,693848.0,723560.0,HI,693848.0,15665.78125,709513.78125
test_id_test_id_000008_10,test_id_000008,65,sink_like,1,3,test_id_000008_t1_c3,big,big_0,3,2.2,1.15,64,137987.05,338959.53125,368159.46875,376452.1875,394714.4375,HI,376452.1875,15665.78125,392117.96875
test_id_test_id_000008_11,test_id_000008,65,sink_like,1,4,test_id_000008_t1_c4,little,little_1,3,1.5,1.0,64,308756.97,533938.0625,580656.0,594493.5,620897.625,HI,594493.5,15665.78125,610159.28125
test_id_test_id_000008_12,test_id_000008,65,sink_like,1,5,test_id_000008_t1_c5,big,big_1,0,1.0,0.9,64,302246.25,654018.375,711387.25,728888.25,759573.8125,HI,728888.25,15665.78125,744554.03125
test_id_test_id_000008_13,test_id_000008,65,sink_like,1,6,test_id_000008_t1_c6,little,little_0,0,0.6,0.8,64,591964.4,1095552.5,1214981.25,1243484.625,1337248.5,HI,1243484.625,15665.78125,1259150.40625
test_id_test_id_000008_14,test_id_000008,66,middle,2,0,test_id_000008_t2_c0,big,big_1,2,1.8,1.06,65,223297.97,465299.0,505923.09375,517710.9375,541557.0625,HI,517710.9375,15665.78125,533376.71875
test_id_test_id_000008_15,test_id_000008,66,middle,2,1,test_id_000008_t2_c1,little,little_0,2,1.2,0.93,65,430506.66,729497.3125,798422.875,819387.8125,857178.1875,HI,819387.8125,15665.78125,835053.59375
test_id_test_id_000008_16,test_id_000008,66,middle,2,2,test_id_000008_t2_c2,big,big_1,3,2.2,1.15,65,171414.8,381308.375,414320.3125,423717.5625,443947.625,HI,423717.5625,15665.78125,439383.34375
test_id_test_id_000008_17,test_id_000008,66,middle,2,3,test_id_000008_t2_c3,little,little_0,3,1.5,1.0,65,265097.97,589363.25,642237.75,658250.25,687663.9375,HI,658250.25,15665.78125,673916.03125
test_id_test_id_000008_18,test_id_000008,66,middle,2,4,test_id_000008_t2_c4,big,big_1,0,1.0,0.9,65,354123.5,741721.0,809975.125,830661.0625,867665.5625,HI,830661.0625,15665.78125,846326.84375
test_id_test_id_000008_19,test_id_000008,66,middle,2,5,test_id_000008_t2_c5,little,little_1,0,0.6,0.8,65,592268.2,1421507.0,1645597.25,1685141.25,1782289.5,HI,1685141.25,15665.78125,1700807.03125
test_id_test_id_000008_20,test_id_000008,66,middle,2,6,test_id_000008_t2_c6,big,big_1,1,1.4,0.98,65,282639.0,574246.625,624798.375,639951.375,667989.5,HI,639951.375,15665.78125,655617.15625
test_id_test_id_000008_21,test_id_000008,23,high_degree,3,0,test_id_000008_t3_c0,little,little_0,2,1.2,0.93,22,209186.8,462906.25,503140.375,514801.375,538385.0,HI,514801.375,15665.78125,530467.15625
test_id_test_id_000008_22,test_id_000008,23,high_degree,3,1,test_id_000008_t3_c1,big,big_1,3,2.2,1.15,22,119814.84,240554.0,262421.9375,268845.3125,283362.46875,HI,268845.3125,15665.78125,284511.09375
test_id_test_id_000008_23,test_id_000008,23,high_degree,3,2,test_id_000008_t3_c2,little,little_0,3,1.5,1.0,22,219821.97,401236.65625,435877.375,445756.9375,466742.625,HI,445756.9375,15665.78125,461422.71875
test_id_test_id_000008_24,test_id_000008,23,high_degree,3,3,test_id_000008_t3_c3,big,big_1,0,1.0,0.9,22,282324.5,492905.625,535881.875,548462.0,573227.5,HI,548462.0,15665.78125,564127.78125
test_id_test_id_000008_25,test_id_000008,23,high_degree,3,4,test_id_000008_t3_c4,little,little_1,0,0.6,0.8,22,466692.97,640535.625,689735.625,702147.5,726192.6875,HI,702147.5,15665.78125,717813.28125
test_id_test_id_000008_26,test_id_000008,23,high_degree,3,5,test_id_000008_t3_c5,big,big_1,1,1.4,0.98,22,161772.53,381618.0,414497.71875,423842.5625,443952.625,HI,423842.5625,15665.78125,439508.34375
test_id_test_id_000008_27,test_id_000008,23,high_degree,3,6,test_id_000008_t3_c6,little,little_1,1,0.9,0.86,22,362704.0,612663.1875,667318.0,683940.4375,713794.625,HI,683940.4375,15665.78125,699606.21875
test_id_test_id_000008_28,test_id_000008,79,communication_heavy,4,0,test_id_000008_t4_c0,big,big_1,3,2.2,1.15,78,245524.11,549707.9375,598475.0625,613086.125,640608.9375,HI,613086.125,15665.78125,628751.90625
test_id_test_id_000008_29,test_id_000008,79,communication_heavy,4,1,test_id_000008_t4_c1,little,little_1,3,1.5,1.0,78,469560.47,852812.125,939979.6875,964725.5,1015611.625,HI,964725.5,15665.78125,980391.28125
test_id_test_id_000008_30,test_id_000008,79,communication_heavy,4,2,test_id_000008_t4_c2,big,big_1,0,1.0,0.9,78,498484.72,1093422.0,1213427.75,1243038.125,1338207.5,HI,1243038.125,15665.78125,1258703.90625
test_id_test_id_000008_31,test_id_000008,79,communication_heavy,4,3,test_id_000008_t4_c3,little,little_0,0,0.6,0.8,78,836958.8,1714269.0,2234496.25,2306802.25,2374605.25,HI,2306802.25,15665.78125,2322468.03125
test_id_test_id_000008_32,test_id_000008,79,communication_heavy,4,4,test_id_000008_t4_c4,big,big_0,1,1.4,0.98,78,500006.78,804199.5,881940.625,904857.875,948411.1875,HI,904857.875,15665.78125,920523.65625
test_id_test_id_000008_33,test_id_000008,79,communication_heavy,4,5,test_id_000008_t4_c5,little,little_1,1,0.9,0.86,78,751929.5,1364299.0,1558605.25,1596603.25,1704835.25,HI,1596603.25,15665.78125,1612269.03125
test_id_test_id_000008_34,test_id_000008,79,communication_heavy,4,6,test_id_000008_t4_c6,big,big_1,2,1.8,1.06,78,375351.1,657272.3125,717193.5,735634.0,768357.0,HI,735634.0,15665.78125,751299.78125
test_id_test_id_000008_35,test_id_000008,17,random,5,0,test_id_000008_t5_c0,little,little_0,3,1.5,1.0,16,103270.19,198431.6875,217731.734375,223449.09375,236573.25,HI,223449.09375,15665.78125,239114.875
test_id_test_id_000008_36,test_id_000008,17,random,5,1,test_id_000008_t5_c1,big,big_0,0,1.0,0.9,16,123728.664,218400.703125,239645.609375,246064.6875,260625.921875,HI,246064.6875,15665.78125,261730.46875
test_id_test_id_000008_37,test_id_000008,17,random,5,2,test_id_000008_t5_c2,little,little_0,0,0.6,0.8,16,274085.12,264364.5625,288932.375,295689.46875,312212.84375,HI,295689.46875,15665.78125,311355.25
test_id_test_id_000008_38,test_id_000008,17,random,5,3,test_id_000008_t5_c3,big,big_0,1,1.4,0.98,16,106979.34,175455.953125,193409.59375,198720.359375,211089.609375,HI,198720.359375,15665.78125,214386.140625
test_id_test_id_000008_39,test_id_000008,17,random,5,4,test_id_000008_t5_c4,little,little_1,1,0.9,0.86,16,177246.38,241479.453125,264663.34375,271634.6875,287482.75,HI,271634.6875,15665.78125,287300.46875
test_id_test_id_000008_40,test_id_000008,17,random,5,5,test_id_000008_t5_c5,big,big_1,2,1.8,1.06,16,82254.74,140884.375,157056.46875,161651.3125,172779.609375,HI,161651.3125,15665.78125,177317.09375
test_id_test_id_000008_41,test_id_000008,17,random,5,6,test_id_000008_t5_c6,little,little_0,2,1.2,0.93,16,135978.0,213283.25,233752.09375,239856.21875,253740.03125,HI,239856.21875,15665.78125,255522.0
test_id_test_id_000028_00,test_id_000028,2,source_like,0,0,test_id_000028_t0_c0,big,big_1,2,1.8,1.06,1,27038.959,55697.375,69195.34375,73084.875,82370.171875,LO,73084.875,0.0,73084.875
test_id_test_id_000028_01,test_id_000028,2,source_like,0,1,test_id_000028_t0_c1,little,little_1,2,1.2,0.93,1,67333.8,98764.578125,114595.46875,119206.890625,130580.703125,LO,119206.890625,0.0,119206.890625
test_id_test_id_000028_02,test_id_000028,2,source_like,0,2,test_id_000028_t0_c2,big,big_0,3,2.2,1.15,1,23742.514,46553.171875,59511.375,63362.796875,72429.53125,LO,63362.796875,0.0,63362.796875
test_id_test_id_000028_03,test_id_000028,2,source_like,0,3,test_id_000028_t0_c3,little,little_1,3,1.5,1.0,1,50391.758,82254.609375,97253.296875,101473.40625,111917.390625,LO,101473.40625,0.0,101473.40625
test_id_test_id_000028_04,test_id_000028,2,source_like,0,4,test_id_000028_t0_c4,big,big_0,0,1.0,0.9,1,53916.734,89718.5625,105806.421875,110465.0,121891.078125,LO,110465.0,0.0,110465.0
test_id_test_id_000028_05,test_id_000028,2,source_like,0,5,test_id_000028_t0_c5,little,little_1,0,0.6,0.8,1,131024.27,144954.125,165837.375,172394.375,188020.84375,LO,172394.375,0.0,172394.375
test_id_test_id_000028_06,test_id_000028,2,source_like,0,6,test_id_000028_t0_c6,big,big_0,1,1.4,0.98,1,40917.723,67800.171875,82325.28125,86445.046875,96409.96875,LO,86445.046875,0.0,86445.046875
test_id_test_id_000028_07,test_id_000028,59,sink_like,1,0,test_id_000028_t1_c0,little,little_1,2,1.2,0.93,58,350510.44,832145.625,913607.0625,937043.3125,983403.125,LO,937043.3125,0.0,937043.3125
test_id_test_id_000028_08,test_id_000028,59,sink_like,1,1,test_id_000028_t1_c1,big,big_1,3,2.2,1.15,58,222945.66,451251.5625,490507.375,501840.9375,525041.625,LO,501840.9375,0.0,501840.9375
test_id_test_id_000028_09,test_id_000028,59,sink_like,1,2,test_id_000028_t1_c2,little,little_0,3,1.5,1.0,58,368660.47,683417.0,746390.375,765738.1875,800101.0,LO,765738.1875,0.0,765738.1875
test_id_test_id_000028_10,test_id_000028,59,sink_like,1,3,test_id_000028_t1_c3,big,big_1,0,1.0,0.9,58,416803.62,855221.8125,937476.875,960634.8125,1007900.0,LO,960634.8125,0.0,960634.8125
test_id_test_id_000028_11,test_id_000028,59,sink_like,1,4,test_id_000028_t1_c4,little,little_0,0,0.6,0.8,58,838226.25,1463417.0,1712254.0,1753441.75,1845715.0,LO,1753441.75,0.0,1753441.75
test_id_test_id_000028_12,test_id_000028,59,sink_like,1,5,test_id_000028_t1_c5,big,big_0,1,1.4,0.98,58,256777.38,654110.5,712260.75,730031.5,761359.3125,LO,730031.5,0.0,730031.5
test_id_test_id_000028_13,test_id_000028,59,sink_like,1,6,test_id_000028_t1_c6,little,little_1,1,0.9,0.86,58,529181.4,1080153.5,1198260.0,1226997.75,1318706.75,LO,1226997.75,0.0,1226997.75
test_id_test_id_000028_14,test_id_000028,33,middle,2,0,test_id_000028_t2_c0,big,big_0,3,2.2,1.15,32,118596.56,243234.203125,265254.4375,271708.25,286296.59375,LO,271708.25,0.0,271708.25
test_id_test_id_000028_15,test_id_000028,33,middle,2,1,test_id_000028_t2_c1,little,little_1,3,1.5,1.0,32,252601.58,400638.15625,435528.3125,445525.4375,466680.5,LO,445525.4375,0.0,445525.4375
test_id_test_id_000028_16,test_id_000028,33,middle,2,2,test_id_000028_t2_c2,big,big_0,0,1.0,0.9,32,239575.17,517440.875,562875.625,576303.0,602174.125,LO,576303.0,0.0,576303.0
test_id_test_id_000028_17,test_id_000028,33,middle,2,3,test_id_000028_t2_c3,little,little_1,0,0.6,0.8,32,528200.44,980002.375,1084254.5,1105316.75,1162413.875,LO,1105316.75,0.0,1105316.75
test_id_test_id_000028_18,test_id_000028,33,middle,2,4,test_id_000028_t2_c4,big,big_0,1,1.4,0.98,32,195658.6,386335.375,419813.9375,429362.375,449788.15625,LO,429362.375,0.0,429362.375
test_id_test_id_000028_19,test_id_000028,33,middle,2,5,test_id_000028_t2_c5,little,little_1,1,0.9,0.86,32,348932.62,711735.9375,779114.875,799945.5625,836786.6875,LO,799945.5625,0.0,799945.5625
test_id_test_id_000028_20,test_id_000028,33,middle,2,6,test_id_000028_t2_c6,big,big_0,2,1.8,1.06,32,134338.89,303675.8125,330085.25,337635.3125,354449.28125,LO,337635.3125,0.0,337635.3125
test_id_test_id_000028_21,test_id_000028,5,high_degree,3,0,test_id_000028_t3_c0,little,little_1,3,1.5,1.0,4,202953.7,369279.09375,401162.46875,410230.09375,429861.5,LO,410230.09375,0.0,410230.09375
test_id_test_id_000028_22,test_id_000028,5,high_degree,3,1,test_id_000028_t3_c1,big,big_0,0,1.0,0.9,4,239920.45,437972.375,476233.25,487290.5,510030.8125,LO,487290.5,0.0,487290.5
test_id_test_id_000028_23,test_id_000028,5,high_degree,3,2,test_id_000028_t3_c2,little,little_1,0,0.6,0.8,4,332741.12,539106.4375,576654.1875,584813.0,602438.875,LO,584813.0,0.0,584813.0
test_id_test_id_000028_24,test_id_000028,5,high_degree,3,3,test_id_000028_t3_c3,big,big_1,1,1.4,0.98,4,168963.83,344888.1875,374613.65625,383051.5,401569.78125,LO,383051.5,0.0,383051.5
test_id_test_id_000028_25,test_id_000028,5,high_degree,3,4,test_id_000028_t3_c4,little,little_1,1,0.9,0.86,4,231543.4,537612.125,586253.625,600965.875,628637.3125,LO,600965.875,0.0,600965.875
test_id_test_id_000028_26,test_id_000028,5,high_degree,3,5,test_id_000028_t3_c5,big,big_1,2,1.8,1.06,4,161761.61,276642.28125,300936.84375,307936.8125,323646.9375,LO,307936.8125,0.0,307936.8125
test_id_test_id_000028_27,test_id_000028,5,high_degree,3,6,test_id_000028_t3_c6,little,little_0,2,1.2,0.93,4,231348.98,417376.3125,453761.28125,464222.6875,486090.0,LO,464222.6875,0.0,464222.6875
test_id_test_id_000028_28,test_id_000028,51,communication_heavy,4,0,test_id_000028_t4_c0,big,big_0,0,1.0,0.9,50,559509.44,1144036.0,1272012.25,1304924.75,1414750.75,LO,1304924.75,0.0,1304924.75
test_id_test_id_000028_29,test_id_000028,51,communication_heavy,4,1,test_id_000028_t4_c1,little,little_1,0,0.6,0.8,50,960533.06,1762174.0,2368361.25,2454226.25,2519649.5,LO,2454226.25,0.0,2454226.25
test_id_test_id_000028_30,test_id_000028,51,communication_heavy,4,2,test_id_000028_t4_c2,big,big_0,1,1.4,0.98,50,353634.0,848912.625,933416.3125,957452.875,1006216.125,LO,957452.875,0.0,957452.875
test_id_test_id_000028_31,test_id_000028,51,communication_heavy,4,3,test_id_000028_t4_c3,little,little_0,1,0.9,0.86,50,669014.3,1440953.75,1675468.5,1715484.0,1811913.75,LO,1715484.0,0.0,1715484.0
test_id_test_id_000028_32,test_id_000028,51,communication_heavy,4,4,test_id_000028_t4_c4,big,big_1,2,1.8,1.06,50,386634.34,679945.125,743103.0,762593.625,797240.1875,LO,762593.625,0.0,762593.625
test_id_test_id_000028_33,test_id_000028,51,communication_heavy,4,5,test_id_000028_t4_c5,little,little_0,2,1.2,0.93,50,505799.53,1119114.625,1245222.125,1277342.875,1382526.0,LO,1277342.875,0.0,1277342.875
test_id_test_id_000028_34,test_id_000028,51,communication_heavy,4,6,test_id_000028_t4_c6,big,big_0,3,2.2,1.15,50,297372.4,570706.125,621924.375,637420.625,666198.5,LO,637420.625,0.0,637420.625
test_id_test_id_000028_35,test_id_000028,4,random,5,0,test_id_000028_t5_c0,little,little_0,0,0.6,0.8,3,380343.8,304747.9375,327708.96875,333179.28125,346788.125,LO,333179.28125,0.0,333179.28125
test_id_test_id_000028_36,test_id_000028,4,random,5,1,test_id_000028_t5_c1,big,big_0,1,1.4,0.98,3,125351.14,218146.015625,238411.84375,244357.0,257923.578125,LO,244357.0,0.0,244357.0
test_id_test_id_000028_37,test_id_000028,4,random,5,2,test_id_000028_t5_c2,little,little_0,1,0.9,0.86,3,270288.12,289766.46875,314986.53125,322177.6875,338391.15625,LO,322177.6875,0.0,322177.6875
test_id_test_id_000028_38,test_id_000028,4,random,5,3,test_id_000028_t5_c3,big,big_1,2,1.8,1.06,3,112127.31,178034.765625,195989.734375,201259.125,213537.796875,LO,201259.125,0.0,201259.125
test_id_test_id_000028_39,test_id_000028,4,random,5,4,test_id_000028_t5_c4,little,little_0,2,1.2,0.93,3,182142.36,259619.171875,282580.875,289198.3125,304163.28125,LO,289198.3125,0.0,289198.3125
test_id_test_id_000028_40,test_id_000028,4,random,5,5,test_id_000028_t5_c5,big,big_1,3,2.2,1.15,3,73315.336,143261.15625,159606.09375,164201.5625,175338.40625,LO,164201.5625,0.0,164201.5625
test_id_test_id_000028_41,test_id_000028,4,random,5,6,test_id_000028_t5_c6,little,little_0,3,1.5,1.0,3,140200.61,238636.421875,260251.953125,266556.25,280842.78125,LO,266556.25,0.0,266556.25
test_id_test_id_000099_00,test_id_000099,1,source_like,0,0,test_id_000099_t0_c0,little,little_0,0,0.6,0.8,0,133284.88,144545.8125,165164.015625,171640.46875,187067.609375,HI,171640.46875,15665.78125,187306.25
test_id_test_id_000099_01,test_id_000099,1,source_like,0,1,test_id_000099_t0_c1,big,big_1,1,1.4,0.98,0,50333.73,67509.109375,82031.75,86151.296875,96108.203125,HI,86151.296875,15665.78125,101817.078125
test_id_test_id_000099_02,test_id_000099,1,source_like,0,2,test_id_000099_t0_c2,little,little_0,1,0.9,0.86,0,90471.35,121998.078125,139709.203125,145099.5625,158124.28125,HI,145099.5625,15665.78125,160765.34375
test_id_test_id_000099_03,test_id_000099,1,source_like,0,3,test_id_000099_t0_c3,big,big_0,2,1.8,1.06,0,39719.402,55011.90625,68493.984375,72392.5,81681.890625,HI,72392.5,15665.78125,88058.28125
test_id_test_id_000099_04,test_id_000099,1,source_like,0,4,test_id_000099_t0_c4,little,little_0,2,1.2,0.93,0,72783.18,97317.59375,113183.390625,117814.78125,129226.1875,HI,117814.78125,15665.78125,133480.5625
test_id_test_id_000099_05,test_id_000099,1,source_like,0,5,test_id_000099_t0_c5,big,big_0,3,2.2,1.15,0,26612.852,45757.96875,58680.890625,62536.375,71599.578125,HI,62536.375,15665.78125,78202.15625
test_id_test_id_000099_06,test_id_000099,1,source_like,0,6,test_id_000099_t0_c6,little,little_0,3,1.5,1.0,0,61860.625,80885.984375,95885.59375,100121.28125,110575.8125,HI,100121.28125,15665.78125,115787.0625
test_id_test_id_000099_07,test_id_000099,7,sink_like,1,0,test_id_000099_t1_c0,big,big_1,1,1.4,0.98,6,183482.77,349317.78125,379518.46875,388106.25,406872.625,HI,388106.25,15665.78125,403772.03125
test_id_test_id_000099_08,test_id_000099,7,sink_like,1,1,test_id_000099_t1_c1,little,little_0,1,0.9,0.86,6,322420.88,594071.25,648005.375,664513.9375,694394.0625,HI,664513.9375,15665.78125,680179.71875
test_id_test_id_000099_09,test_id_000099,7,sink_like,1,2,test_id_000099_t1_c2,big,big_1,2,1.8,1.06,6,126874.97,270100.40625,293964.8125,300866.15625,316372.5625,HI,300866.15625,15665.78125,316531.9375
test_id_test_id_000099_10,test_id_000099,7,sink_like,1,3,test_id_000099_t1_c3,little,little_0,2,1.2,0.93,6,239830.88,435080.125,472981.46875,483924.875,506488.34375,HI,483924.875,15665.78125,499590.65625
test_id_test_id_000099_11,test_id_000099,7,sink_like,1,4,test_id_000099_t1_c4,big,big_1,3,2.2,1.15,6,137230.58,217193.953125,237587.703125,243634.421875,257395.125,HI,243634.421875,15665.78125,259300.203125
test_id_test_id_000099_12,test_id_000099,7,sink_like,1,5,test_id_000099_t1_c5,little,little_0,3,1.5,1.0,6,221797.98,371987.1875,404133.5,413286.8125,433053.375,HI,413286.8125,15665.78125,428952.59375
test_id_test_id_000099_13,test_id_000099,7,sink_like,1,6,test_id_000099_t1_c6,big,big_1,0,1.0,0.9,6,218022.64,473305.65625,514741.0,526834.0,550998.4375,HI,526834.0,15665.78125,542499.78125
test_id_test_id_000099_14,test_id_000099,103,middle,2,0,test_id_000099_t2_c0,little,little_1,1,0.9,0.86,102,197923.11,253452.4375,276908.65625,283849.0,299554.25,HI,283849.0,15665.78125,299514.78125
test_id_test_id_000099_15,test_id_000099,103,middle,2,1,test_id_000099_t2_c1,big,big_1,2,1.8,1.06,102,88012.87,159648.125,176704.25,181657.203125,193389.046875,HI,181657.203125,15665.78125,197322.984375
test_id_test_id_000099_16,test_id_000099,103,middle,2,2,test_id_000099_t2_c2,little,little_1,2,1.2,0.93,102,162176.4,227758.03125,248872.375,255089.90625,269194.9375,HI,255089.90625,15665.78125,270755.6875
test_id_test_id_000099_17,test_id_000099,103,middle,2,3,test_id_000099_t2_c3,big,big_0,3,2.2,1.15,102,80361.83,127905.953125,143806.078125,148177.984375,158984.65625,HI,148177.984375,15665.78125,163843.765625
test_id_test_id_000099_18,test_id_000099,103,middle,2,4,test_id_000099_t2_c4,little,little_1,3,1.5,1.0,102,120396.02,215386.03125,235660.0,241641.828125,255274.828125,HI,241641.828125,15665.78125,257307.609375
test_id_test_id_000099_19,test_id_000099,103,middle,2,5,test_id_000099_t2_c5,big,big_1,0,1.0,0.9,102,140806.08,232319.546875,254016.3125,260461.40625,275036.3125,HI,260461.40625,15665.78125,276127.1875
test_id_test_id_000099_20,test_id_000099,103,middle,2,6,test_id_000099_t2_c6,little,little_1,0,0.6,0.8,102,246474.77,274742.9375,298611.09375,304923.78125,320464.1875,HI,304923.78125,15665.78125,320589.5625
test_id_test_id_000099_21,test_id_000099,11,high_degree,3,0,test_id_000099_t3_c0,big,big_1,2,1.8,1.06,10,136856.05,241436.53125,263274.25,269660.1875,284105.625,HI,269660.1875,15665.78125,285325.96875
test_id_test_id_000099_22,test_id_000099,11,high_degree,3,1,test_id_000099_t3_c1,little,little_1,2,1.2,0.93,10,199045.28,368506.78125,400282.125,409313.875,428885.25,HI,409313.875,15665.78125,424979.65625
test_id_test_id_000099_23,test_id_000099,11,high_degree,3,2,test_id_000099_t3_c2,big,big_1,3,2.2,1.15,10,113073.39,197580.921875,216771.0,222462.078125,235533.3125,HI,222462.078125,15665.78125,238127.859375
test_id_test_id_000099_24,test_id_000099,11,high_degree,3,3,test_id_000099_t3_c3,little,little_0,3,1.5,1.0,10,176332.36,323655.5625,351575.625,359519.5625,377111.59375,HI,359519.5625,15665.78125,375185.34375
test_id_test_id_000099_25,test_id_000099,11,high_degree,3,4,test_id_000099_t3_c4,big,big_1,0,1.0,0.9,10,181687.5,382049.25,415130.8125,424561.3125,444790.5625,HI,424561.3125,15665.78125,440227.09375
test_id_test_id_000099_26,test_id_000099,11,high_degree,3,5,test_id_000099_t3_c5,little,little_1,0,0.6,0.8,10,421904.6,402940.25,429596.15625,435321.5625,448787.375,HI,435321.5625,15665.78125,450987.34375
test_id_test_id_000099_27,test_id_000099,11,high_degree,3,6,test_id_000099_t3_c6,big,big_1,1,1.4,0.98,10,142957.31,306330.75,332871.25,340438.15625,357302.625,HI,340438.15625,15665.78125,356103.9375
test_id_test_id_000099_28,test_id_000099,73,communication_heavy,4,0,test_id_000099_t4_c0,little,little_0,2,1.2,0.93,72,373228.84,633436.375,690748.0,708200.875,739547.25,HI,708200.875,15665.78125,723866.65625
test_id_test_id_000099_29,test_id_000099,73,communication_heavy,4,1,test_id_000099_t4_c1,big,big_0,3,2.2,1.15,72,139802.7,322076.78125,350021.25,357986.21875,375627.09375,HI,357986.21875,15665.78125,373652.0
test_id_test_id_000099_30,test_id_000099,73,communication_heavy,4,2,test_id_000099_t4_c2,little,little_1,3,1.5,1.0,72,283103.25,526296.125,572969.125,586838.25,613477.125,HI,586838.25,15665.78125,602504.03125
test_id_test_id_000099_31,test_id_000099,73,communication_heavy,4,3,test_id_000099_t4_c3,big,big_1,0,1.0,0.9,72,309210.53,666603.75,726127.0625,744274.0,776256.75,HI,744274.0,15665.78125,759939.78125
test_id_test_id_000099_32,test_id_000099,73,communication_heavy,4,4,test_id_000099_t4_c4,little,little_1,0,0.6,0.8,72,686008.3,1318874.75,1499548.5,1537475.75,1648042.25,HI,1537475.75,15665.78125,1553141.53125
test_id_test_id_000099_33,test_id_000099,73,communication_heavy,4,5,test_id_000099_t4_c5,big,big_0,1,1.4,0.98,72,213283.61,505565.6875,549755.25,562724.8125,588070.5,HI,562724.8125,15665.78125,578390.59375
test_id_test_id_000099_34,test_id_000099,73,communication_heavy,4,6,test_id_000099_t4_c6,little,little_1,1,0.9,0.86,72,542756.44,914057.4375,1007351.0625,1032146.1875,1089222.625,HI,1032146.1875,15665.78125,1047811.96875
test_id_test_id_000099_35,test_id_000099,137,random,5,0,test_id_000099_t5_c0,big,big_1,3,2.2,1.15,136,86972.93,160366.203125,177531.109375,182489.8125,194244.21875,HI,182489.8125,15665.78125,198155.59375
test_id_test_id_000099_36,test_id_000099,137,random,5,1,test_id_000099_t5_c1,little,little_1,3,1.5,1.0,136,134446.14,261196.859375,284332.875,291025.8125,306113.25,HI,291025.8125,15665.78125,306691.59375
test_id_test_id_000099_37,test_id_000099,137,random,5,2,test_id_000099_t5_c2,big,big_1,0,1.0,0.9,136,141327.89,290530.5625,315751.78125,322949.46875,339108.15625,HI,322949.46875,15665.78125,338615.25
test_id_test_id_000099_38,test_id_000099,137,random,5,3,test_id_000099_t5_c3,little,little_0,0,0.6,0.8,136,338234.44,301240.15625,322888.34375,327801.53125,340393.8125,HI,327801.53125,15665.78125,343467.3125
test_id_test_id_000099_39,test_id_000099,137,random,5,4,test_id_000099_t5_c4,big,big_1,1,1.4,0.98,136,127757.305,238271.53125,259829.140625,266110.96875,280363.0,HI,266110.96875,15665.78125,281776.75
test_id_test_id_000099_40,test_id_000099,137,random,5,5,test_id_000099_t5_c5,little,little_1,1,0.9,0.86,136,256469.39,302428.3125,328534.3125,335942.3125,352564.125,HI,335942.3125,15665.78125,351608.09375
test_id_test_id_000099_41,test_id_000099,137,random,5,6,test_id_000099_t5_c6,big,big_1,2,1.8,1.06,136,102297.44,194792.28125,213721.6875,219315.65625,232196.6875,HI,219315.65625,15665.78125,234981.4375
test_id_test_id_000131_00,test_id_000131,1,source_like,0,0,test_id_000131_t0_c0,little,little_0,0,0.6,0.8,0,278465.62,252153.078125,276666.28125,283648.09375,300374.15625,LO,283648.09375,0.0,283648.09375
test_id_test_id_000131_01,test_id_000131,1,source_like,0,1,test_id_000131_t0_c1,big,big_1,1,1.4,0.98,0,89371.41,119712.6875,134936.9375,139189.640625,149744.375,LO,139189.640625,0.0,139189.640625
test_id_test_id_000131_02,test_id_000131,1,source_like,0,2,test_id_000131_t0_c2,little,little_0,1,0.9,0.86,0,172972.36,204277.203125,225305.140625,231661.390625,246320.625,LO,231661.390625,0.0,231661.390625
test_id_test_id_000131_03,test_id_000131,1,source_like,0,3,test_id_000131_t0_c3,big,big_0,2,1.8,1.06,0,64943.78,98110.59375,113018.796875,117017.671875,127144.34375,LO,117017.671875,0.0,117017.671875
test_id_test_id_000131_04,test_id_000131,1,source_like,0,4,test_id_000131_t0_c4,little,little_0,2,1.2,0.93,0,140003.53,161566.90625,178897.453125,183986.59375,196003.75,LO,183986.59375,0.0,183986.59375
test_id_test_id_000131_05,test_id_000131,1,source_like,0,5,test_id_000131_t0_c5,big,big_0,3,2.2,1.15,0,52130.49,82242.375,96897.375,100805.109375,110591.078125,LO,100805.109375,0.0,100805.109375
test_id_test_id_000131_06,test_id_000131,1,source_like,0,6,test_id_000131_t0_c6,little,little_0,3,1.5,1.0,0,114006.2,139210.359375,155076.328125,159612.59375,170613.3125,LO,159612.59375,0.0,159612.59375
test_id_test_id_000131_07,test_id_000131,23,sink_like,1,0,test_id_000131_t1_c0,big,big_1,1,1.4,0.98,22,215223.0,441481.5,479628.25,490586.625,513189.4375,LO,490586.625,0.0,490586.625
test_id_test_id_000131_08,test_id_000131,23,sink_like,1,1,test_id_000131_t1_c1,little,little_1,1,0.9,0.86,22,376549.78,702947.6875,767070.6875,786770.0,821394.1875,LO,786770.0,0.0,786770.0
test_id_test_id_000131_09,test_id_000131,23,sink_like,1,2,test_id_000131_t1_c2,big,big_0,2,1.8,1.06,22,137688.9,358745.71875,389554.6875,398289.9375,417358.0,LO,398289.9375,0.0,398289.9375
test_id_test_id_000131_10,test_id_000131,23,sink_like,1,3,test_id_000131_t1_c3,little,little_1,2,1.2,0.93,22,288831.75,536562.375,583503.0,597424.75,623870.375,LO,597424.75,0.0,597424.75
test_id_test_id_000131_11,test_id_000131,23,sink_like,1,4,test_id_000131_t1_c4,big,big_0,3,2.2,1.15,22,182959.53,291529.65625,316943.40625,324236.6875,340545.375,LO,324236.6875,0.0,324236.6875
test_id_test_id_000131_12,test_id_000131,23,sink_like,1,5,test_id_000131_t1_c5,little,little_1,3,1.5,1.0,22,214458.84,457425.4375,497075.59375,508527.09375,531833.125,LO,508527.09375,0.0,508527.09375
test_id_test_id_000131_13,test_id_000131,23,sink_like,1,6,test_id_000131_t1_c6,big,big_0,0,1.0,0.9,22,287562.16,563626.125,612645.4375,627305.6875,654445.4375,LO,627305.6875,0.0,627305.6875
test_id_test_id_000131_14,test_id_000131,96,middle,2,0,test_id_000131_t2_c0,little,little_1,1,0.9,0.86,95,299366.53,426041.46875,464095.5625,475256.3125,498052.40625,LO,475256.3125,0.0,475256.3125
test_id_test_id_000131_15,test_id_000131,96,middle,2,1,test_id_000131_t2_c1,big,big_1,2,1.8,1.06,95,118685.9,242158.84375,264050.28125,270451.21875,284926.46875,LO,270451.21875,0.0,270451.21875
test_id_test_id_000131_16,test_id_000131,96,middle,2,2,test_id_000131_t2_c2,little,little_0,2,1.2,0.93,95,243879.92,356981.65625,387852.125,396638.21875,415750.96875,LO,396638.21875,0.0,396638.21875
test_id_test_id_000131_17,test_id_000131,96,middle,2,3,test_id_000131_t2_c3,big,big_1,3,2.2,1.15,95,95304.58,198280.765625,217490.0,223180.890625,236254.359375,LO,223180.890625,0.0,223180.890625
test_id_test_id_000131_18,test_id_000131,96,middle,2,4,test_id_000131_t2_c4,little,little_0,3,1.5,1.0,95,186679.67,315926.84375,343239.28125,351022.6875,368295.71875,LO,351022.6875,0.0,351022.6875
test_id_test_id_000131_19,test_id_000131,96,middle,2,5,test_id_000131_t2_c5,big,big_0,0,1.0,0.9,95,231280.83,379378.3125,412357.1875,421778.96875,441970.8125,LO,421778.96875,0.0,421778.96875
test_id_test_id_000131_20,test_id_000131,96,middle,2,6,test_id_000131_t2_c6,little,little_1,0,0.6,0.8,95,413380.97,412171.5625,437141.8125,441772.5,453506.71875,LO,441772.5,0.0,441772.5
test_id_test_id_000131_21,test_id_000131,20,high_degree,3,0,test_id_000131_t3_c0,big,big_1,2,1.8,1.06,19,173468.7,432486.6875,469949.1875,480699.6875,503035.125,LO,480699.6875,0.0,480699.6875
test_id_test_id_000131_22,test_id_000131,20,high_degree,3,1,test_id_000131_t3_c1,little,little_0,2,1.2,0.93,19,410819.3,677134.125,738886.25,757742.75,791226.8125,LO,757742.75,0.0,757742.75
test_id_test_id_000131_23,test_id_000131,20,high_degree,3,2,test_id_000131_t3_c2,big,big_0,3,2.2,1.15,19,194552.06,353683.90625,384201.1875,392870.4375,411818.0625,LO,392870.4375,0.0,392870.4375
test_id_test_id_000131_24,test_id_000131,20,high_degree,3,3,test_id_000131_t3_c3,little,little_1,3,1.5,1.0,19,322793.97,559820.0,609385.125,624227.75,652009.4375,LO,624227.75,0.0,624227.75
test_id_test_id_000131_25,test_id_000131,20,high_degree,3,4,test_id_000131_t3_c4,big,big_1,0,1.0,0.9,19,313459.62,694100.375,756212.0,775199.4375,808454.9375,LO,775199.4375,0.0,775199.4375
test_id_test_id_000131_26,test_id_000131,20,high_degree,3,5,test_id_000131_t3_c5,little,little_1,0,0.6,0.8,19,596355.3,1255312.0,1412007.25,1448498.0,1564396.5,LO,1448498.0,0.0,1448498.0
test_id_test_id_000131_27,test_id_000131,20,high_degree,3,6,test_id_000131_t3_c6,big,big_1,1,1.4,0.98,19,290282.4,541784.875,589060.625,603069.0,629618.75,LO,603069.0,0.0,603069.0
test_id_test_id_000131_28,test_id_000131,202,communication_heavy,4,0,test_id_000131_t4_c0,little,little_0,2,1.2,0.93,201,650700.3,951823.9375,1053453.125,1078959.625,1143915.625,LO,1078959.625,0.0,1078959.625
test_id_test_id_000131_29,test_id_000131,202,communication_heavy,4,1,test_id_000131_t4_c1,big,big_0,3,2.2,1.15,201,282160.25,499170.90625,543153.125,556093.5,581523.5625,LO,556093.5,0.0,556093.5
test_id_test_id_000131_30,test_id_000131,202,communication_heavy,4,2,test_id_000131_t4_c2,little,little_0,3,1.5,1.0,201,465714.9,764025.75,838340.125,860813.5625,902208.75,LO,860813.5625,0.0,860813.5625
test_id_test_id_000131_31,test_id_000131,202,communication_heavy,4,3,test_id_000131_t4_c3,big,big_0,0,1.0,0.9,201,401464.72,965746.6875,1066140.75,1090930.0,1155846.0,LO,1090930.0,0.0,1090930.0
test_id_test_id_000131_32,test_id_000131,202,communication_heavy,4,4,test_id_000131_t4_c4,little,little_0,0,0.6,0.8,201,973737.6,1632563.0,2035810.25,2092415.5,2166392.0,LO,2092415.5,0.0,2092415.5
test_id_test_id_000131_33,test_id_000131,202,communication_heavy,4,5,test_id_000131_t4_c5,big,big_0,1,1.4,0.98,201,337583.84,724507.375,791612.25,812119.25,848588.8125,LO,812119.25,0.0,812119.25
test_id_test_id_000131_34,test_id_000131,202,communication_heavy,4,6,test_id_000131_t4_c6,little,little_0,1,0.9,0.86,201,537824.94,1218596.0,1362644.75,1398753.25,1520597.0,LO,1398753.25,0.0,1398753.25
test_id_test_id_000131_35,test_id_000131,52,random,5,0,test_id_000131_t5_c0,big,big_0,3,2.2,1.15,51,106479.11,204643.265625,224174.125,229946.8125,243186.8125,LO,229946.8125,0.0,229946.8125
test_id_test_id_000131_36,test_id_000131,52,random,5,1,test_id_000131_t5_c1,little,little_1,3,1.5,1.0,51,123541.31,313009.25,340032.375,347726.46875,364857.90625,LO,347726.46875,0.0,347726.46875
test_id_test_id_000131_37,test_id_000131,52,random,5,2,test_id_000131_t5_c2,big,big_0,0,1.0,0.9,51,215493.69,335851.9375,364766.21875,372968.96875,391078.90625,LO,372968.96875,0.0,372968.96875
test_id_test_id_000131_38,test_id_000131,52,random,5,3,test_id_000131_t5_c3,little,little_1,0,0.6,0.8,51,322264.38,314399.125,336901.46875,341993.15625,354973.3125,LO,341993.15625,0.0,341993.15625
test_id_test_id_000131_39,test_id_000131,52,random,5,4,test_id_000131_t5_c4,big,big_0,1,1.4,0.98,51,169647.4,296197.78125,321905.15625,329248.84375,345681.21875,LO,329248.84375,0.0,329248.84375
test_id_test_id_000131_40,test_id_000131,52,random,5,5,test_id_000131_t5_c5,little,little_1,1,0.9,0.86,51,216902.6,343278.75,372943.71875,381378.71875,399891.4375,LO,381378.71875,0.0,381378.71875
test_id_test_id_000131_41,test_id_000131,52,random,5,6,test_id_000131_t5_c6,big,big_0,2,1.8,1.06,51,113668.305,253222.0,275838.34375,282404.3125,297239.5,LO,282404.3125,0.0,282404.3125
test_id_test_id_000150_00,test_id_000150,1,source_like,0,0,test_id_000150_t0_c0,big,big_1,2,1.8,1.06,0,20048.045,39815.71875,52943.875,57095.625,66624.828125,HI,57095.625,15665.78125,72761.40625
test_id_test_id_000150_01,test_id_000150,1,source_like,0,1,test_id_000150_t0_c1,little,little_0,2,1.2,0.93,0,42588.01,75212.828125,91631.890625,96563.265625,108216.296875,HI,96563.265625,15665.78125,112229.046875
test_id_test_id_000150_02,test_id_000150,1,source_like,0,2,test_id_000150_t0_c2,big,big_1,3,2.2,1.15,0,19034.576,33618.765625,46521.25,50675.328125,60127.28125,HI,50675.328125,15665.78125,66341.109375
test_id_test_id_000150_03,test_id_000150,1,source_like,0,3,test_id_000150_t0_c3,little,little_1,3,1.5,1.0,0,32422.738,60439.984375,75135.890625,79517.578125,89814.046875,HI,79517.578125,15665.78125,95183.359375
test_id_test_id_000150_04,test_id_000150,1,source_like,0,4,test_id_000150_t0_c4,big,big_0,0,1.0,0.9,0,36400.41,67682.609375,83978.109375,88913.25,100342.578125,HI,88913.25,15665.78125,104579.03125
test_id_test_id_000150_05,test_id_000150,1,source_like,0,5,test_id_000150_t0_c5,little,little_0,0,0.6,0.8,0,68380.766,119366.671875,143022.8125,150583.125,168035.875,HI,150583.125,15665.78125,166248.90625
test_id_test_id_000150_06,test_id_000150,1,source_like,0,6,test_id_000150_t0_c6,big,big_1,1,1.4,0.98,0,22122.502,49138.671875,63024.578125,67312.75,77222.6875,HI,67312.75,15665.78125,82978.53125
test_id_test_id_000150_07,test_id_000150,57,sink_like,1,0,test_id_000150_t1_c0,little,little_1,2,1.2,0.93,56,168968.84,222069.21875,242866.515625,249002.21875,262952.90625,HI,249002.21875,15665.78125,264668.0
test_id_test_id_000150_08,test_id_000150,57,sink_like,1,1,test_id_000150_t1_c1,big,big_1,3,2.2,1.15,56,67327.56,117214.171875,132830.09375,137058.4375,147638.625,HI,137058.4375,15665.78125,152724.21875
test_id_test_id_000150_09,test_id_000150,57,sink_like,1,2,test_id_000150_t1_c2,little,little_0,3,1.5,1.0,56,138830.69,202994.5,222468.0625,228210.84375,241387.75,HI,228210.84375,15665.78125,243876.625
test_id_test_id_000150_10,test_id_000150,57,sink_like,1,3,test_id_000150_t1_c3,big,big_1,0,1.0,0.9,56,127737.336,229160.578125,250745.421875,257170.3125,271722.15625,HI,257170.3125,15665.78125,272836.09375
test_id_test_id_000150_11,test_id_000150,57,sink_like,1,4,test_id_000150_t1_c4,little,little_0,0,0.6,0.8,56,285076.3,278427.46875,302299.8125,308564.125,323946.71875,HI,308564.125,15665.78125,324229.90625
test_id_test_id_000150_12,test_id_000150,57,sink_like,1,5,test_id_000150_t1_c5,big,big_0,1,1.4,0.98,56,102205.35,181696.75,199916.203125,205296.5,217785.734375,HI,205296.5,15665.78125,220962.28125
test_id_test_id_000150_13,test_id_000150,57,sink_like,1,6,test_id_000150_t1_c6,little,little_0,1,0.9,0.86,56,192874.11,259643.203125,283578.34375,290617.53125,306587.6875,HI,290617.53125,15665.78125,306283.3125
test_id_test_id_000150_14,test_id_000150,51,middle,2,0,test_id_000150_t2_c0,big,big_1,3,2.2,1.15,50,51400.918,105463.15625,121063.734375,125309.5625,135952.578125,HI,125309.5625,15665.78125,140975.34375
test_id_test_id_000150_15,test_id_000150,51,middle,2,1,test_id_000150_t2_c1,little,little_0,3,1.5,1.0,50,99550.77,192612.5,211848.03125,217617.421875,230854.953125,HI,217617.421875,15665.78125,233283.203125
test_id_test_id_000150_16,test_id_000150,51,middle,2,2,test_id_000150_t2_c2,big,big_0,0,1.0,0.9,50,113417.82,215039.203125,236787.375,243529.765625,258825.515625,HI,243529.765625,15665.78125,259195.546875
test_id_test_id_000150_17,test_id_000150,51,middle,2,3,test_id_000150_t2_c3,little,little_0,0,0.6,0.8,50,226988.05,257472.09375,283574.875,291249.71875,309706.03125,HI,291249.71875,15665.78125,306915.5
test_id_test_id_000150_18,test_id_000150,51,middle,2,4,test_id_000150_t2_c4,big,big_0,1,1.4,0.98,50,89936.91,170336.5625,188431.65625,193870.96875,206528.0625,HI,193870.96875,15665.78125,209536.75
test_id_test_id_000150_19,test_id_000150,51,middle,2,5,test_id_000150_t2_c5,little,little_1,1,0.9,0.86,50,185976.83,231857.953125,255147.546875,262354.84375,278765.375,HI,262354.84375,15665.78125,278020.625
test_id_test_id_000150_20,test_id_000150,51,middle,2,6,test_id_000150_t2_c6,big,big_1,2,1.8,1.06,50,67372.59,134644.765625,150818.9375,155423.078125,166629.0,HI,155423.078125,15665.78125,171088.859375
test_id_test_id_000150_21,test_id_000150,84,communication_heavy,3,0,test_id_000150_t3_c0,little,little_0,3,1.5,1.0,83,199838.45,358936.40625,389832.40625,398598.34375,417723.71875,HI,398598.34375,15665.78125,414264.125
test_id_test_id_000150_22,test_id_000150,84,communication_heavy,3,1,test_id_000150_t3_c1,big,big_0,0,1.0,0.9,83,222285.28,427157.125,464215.375,474860.0625,497002.3125,HI,474860.0625,15665.78125,490525.84375
test_id_test_id_000150_23,test_id_000150,84,communication_heavy,3,2,test_id_000150_t3_c2,little,little_1,0,0.6,0.8,83,456056.7,517422.6875,554631.0,562989.875,581126.75,HI,562989.875,15665.78125,578655.65625
test_id_test_id_000150_24,test_id_000150,84,communication_heavy,3,3,test_id_000150_t3_c3,big,big_0,1,1.4,0.98,83,141240.72,345049.90625,374724.6875,383137.4375,401629.625,HI,383137.4375,15665.78125,398803.21875
test_id_test_id_000150_25,test_id_000150,84,communication_heavy,3,4,test_id_000150_t3_c4,little,little_1,1,0.9,0.86,83,293694.28,483225.84375,526231.0,538957.75,564032.625,HI,538957.75,15665.78125,554623.53125
test_id_test_id_000150_26,test_id_000150,84,communication_heavy,3,5,test_id_000150_t3_c5,big,big_1,2,1.8,1.06,83,136730.84,283755.375,308561.03125,315685.625,331659.71875,HI,315685.625,15665.78125,331351.40625
test_id_test_id_000150_27,test_id_000150,84,communication_heavy,3,6,test_id_000150_t3_c6,little,little_0,2,1.2,0.93,83,203801.31,408211.59375,443615.1875,453741.6875,475116.53125,HI,453741.6875,15665.78125,469407.46875
test_id_test_id_000150_28,test_id_000150,25,random,4,0,test_id_000150_t4_c0,big,big_1,0,1.0,0.9,24,150186.42,244044.140625,266021.46875,272396.0625,286870.625,HI,272396.0625,15665.78125,288061.84375
test_id_test_id_000150_29,test_id_000150,25,random,4,1,test_id_000150_t4_c1,little,little_1,0,0.6,0.8,24,359161.94,302247.90625,325753.8125,331510.59375,345708.0,HI,331510.59375,15665.78125,347176.375
test_id_test_id_000150_30,test_id_000150,25,random,4,2,test_id_000150_t4_c2,big,big_1,1,1.4,0.98,24,102772.195,202189.75,221484.09375,227158.09375,240198.328125,HI,227158.09375,15665.78125,242823.875
test_id_test_id_000150_31,test_id_000150,25,random,4,3,test_id_000150_t4_c3,little,little_0,1,0.9,0.86,24,217148.48,291800.1875,317285.0,324546.1875,340958.125,HI,324546.1875,15665.78125,340211.96875
test_id_test_id_000150_32,test_id_000150,25,random,4,4,test_id_000150_t4_c4,big,big_1,2,1.8,1.06,24,80641.805,163733.03125,180916.703125,185906.546875,197688.1875,HI,185906.546875,15665.78125,201572.328125
test_id_test_id_000150_33,test_id_000150,25,random,4,5,test_id_000150_t4_c5,little,little_0,2,1.2,0.93,24,183197.08,242697.5625,264557.84375,270901.71875,285298.71875,HI,270901.71875,15665.78125,286567.5
test_id_test_id_000150_34,test_id_000150,25,random,4,6,test_id_000150_t4_c6,big,big_0,3,2.2,1.15,24,65134.047,130777.296875,146655.9375,151028.5625,161808.390625,HI,151028.5625,15665.78125,166694.34375
test_id_test_id_000150_35,test_id_000150,2,diverse_fill_1,5,0,test_id_000150_t5_c0,little,little_0,0,0.6,0.8,1,336569.4,299765.8125,323889.40625,330031.15625,344869.65625,HI,330031.15625,15665.78125,345696.9375
test_id_test_id_000150_36,test_id_000150,2,diverse_fill_1,5,1,test_id_000150_t5_c1,big,big_1,1,1.4,0.98,1,121595.92,209342.453125,229078.859375,234877.765625,248150.71875,HI,234877.765625,15665.78125,250543.546875
test_id_test_id_000150_37,test_id_000150,2,diverse_fill_1,5,2,test_id_000150_t5_c2,little,little_1,1,0.9,0.86,1,259233.14,269805.1875,293751.375,300648.875,316250.25,HI,300648.875,15665.78125,316314.65625
test_id_test_id_000150_38,test_id_000150,2,diverse_fill_1,5,3,test_id_000150_t5_c3,big,big_0,2,1.8,1.06,1,85773.836,176345.15625,194176.28125,199404.25,211600.484375,HI,199404.25,15665.78125,215070.03125
test_id_test_id_000150_39,test_id_000150,2,diverse_fill_1,5,4,test_id_000150_t5_c4,little,little_0,2,1.2,0.93,1,186869.73,243436.171875,265344.8125,271700.46875,286117.34375,HI,271700.46875,15665.78125,287366.25
test_id_test_id_000150_40,test_id_000150,2,diverse_fill_1,5,5,test_id_000150_t5_c5,big,big_1,3,2.2,1.15,1,82551.6,143587.65625,159860.828125,164446.3125,175550.03125,HI,164446.3125,15665.78125,180112.09375
test_id_test_id_000150_41,test_id_000150,2,diverse_fill_1,5,6,test_id_000150_t5_c6,little,little_1,3,1.5,1.0,1,172767.4,224478.0625,245177.625,251232.953125,265021.9375,HI,251232.953125,15665.78125,266898.734375
test_id_test_id_000168_00,test_id_000168,24,source_like,0,0,test_id_000168_t0_c0,big,big_0,0,1.0,0.9,23,103481.42,172065.875,190486.953125,195995.671875,208852.015625,LO,195995.671875,0.0,195995.671875
test_id_test_id_000168_01,test_id_000168,24,source_like,0,1,test_id_000168_t0_c1,little,little_0,0,0.6,0.8,23,278526.5,251683.46875,275903.78125,282597.46875,298930.78125,LO,282597.46875,0.0,282597.46875
test_id_test_id_000168_02,test_id_000168,24,source_like,0,2,test_id_000168_t0_c2,big,big_0,1,1.4,0.98,23,76495.66,122280.21875,137598.4375,141888.15625,152501.96875,LO,141888.15625,0.0,141888.15625
test_id_test_id_000168_03,test_id_000168,24,source_like,0,3,test_id_000168_t0_c3,little,little_1,1,0.9,0.86,23,178071.56,209071.28125,230390.078125,236805.84375,251606.4375,LO,236805.84375,0.0,236805.84375
test_id_test_id_000168_04,test_id_000168,24,source_like,0,4,test_id_000168_t0_c4,big,big_0,2,1.8,1.06,23,60466.027,99176.453125,114117.765625,118128.484375,128279.875,LO,118128.484375,0.0,118128.484375
test_id_test_id_000168_05,test_id_000168,24,source_like,0,5,test_id_000168_t0_c5,little,little_0,2,1.2,0.93,23,134058.11,163814.375,181246.03125,186360.953125,198427.90625,LO,186360.953125,0.0,186360.953125
test_id_test_id_000168_06,test_id_000168,24,source_like,0,6,test_id_000168_t0_c6,big,big_1,3,2.2,1.15,23,52322.46,82901.546875,97578.375,101499.78125,111323.609375,LO,101499.78125,0.0,101499.78125
test_id_test_id_000168_07,test_id_000168,282,sink_like,1,0,test_id_000168_t1_c0,little,little_1,0,0.6,0.8,281,447969.7,413851.375,443815.15625,451153.125,467262.9375,LO,451153.125,0.0,451153.125
test_id_test_id_000168_08,test_id_000168,282,sink_like,1,1,test_id_000168_t1_c1,big,big_0,1,1.4,0.98,281,159543.25,307715.59375,334328.125,341914.6875,358820.96875,LO,341914.6875,0.0,341914.6875
test_id_test_id_000168_09,test_id_000168,282,sink_like,1,2,test_id_000168_t1_c2,little,little_1,1,0.9,0.86,281,270259.7,416141.6875,452167.125,462500.25,484167.8125,LO,462500.25,0.0,462500.25
test_id_test_id_000168_10,test_id_000168,282,sink_like,1,3,test_id_000168_t1_c3,big,big_1,2,1.8,1.06,281,139203.53,248016.6875,270305.4375,276807.6875,291490.84375,LO,276807.6875,0.0,276807.6875
test_id_test_id_000168_11,test_id_000168,282,sink_like,1,4,test_id_000168_t1_c4,little,little_1,2,1.2,0.93,281,176417.0,368991.125,400624.8125,409588.78125,429071.875,LO,409588.78125,0.0,409588.78125
test_id_test_id_000168_12,test_id_000168,282,sink_like,1,5,test_id_000168_t1_c5,big,big_0,3,2.2,1.15,281,96362.65,201700.15625,221131.109375,226895.609375,240107.4375,LO,226895.609375,0.0,226895.609375
test_id_test_id_000168_13,test_id_000168,282,sink_like,1,6,test_id_000168_t1_c6,little,little_1,3,1.5,1.0,281,182164.17,330828.96875,359263.96875,367339.5625,385196.84375,LO,367339.5625,0.0,367339.5625
test_id_test_id_000168_14,test_id_000168,229,middle,2,0,test_id_000168_t2_c0,big,big_0,1,1.4,0.98,228,306896.97,661813.875,720861.5,738928.625,770729.75,LO,738928.625,0.0,738928.625
test_id_test_id_000168_15,test_id_000168,229,middle,2,1,test_id_000168_t2_c1,little,little_1,1,0.9,0.86,228,570467.94,1110165.375,1232629.0,1263258.0,1363962.75,LO,1263258.0,0.0,1263258.0
test_id_test_id_000168_16,test_id_000168,229,middle,2,2,test_id_000168_t2_c2,big,big_1,2,1.8,1.06,228,299877.2,556717.5,605481.5625,620037.375,647267.0,LO,620037.375,0.0,620037.375
test_id_test_id_000168_17,test_id_000168,229,middle,2,3,test_id_000168_t2_c3,little,little_1,2,1.2,0.93,228,401471.66,842014.375,925045.3125,948730.875,996365.8125,LO,948730.875,0.0,948730.875
test_id_test_id_000168_18,test_id_000168,229,middle,2,4,test_id_000168_t2_c4,big,big_1,3,2.2,1.15,228,263641.28,466348.4375,507026.875,518831.375,542693.875,LO,518831.375,0.0,518831.375
test_id_test_id_000168_19,test_id_000168,229,middle,2,5,test_id_000168_t2_c5,little,little_0,3,1.5,1.0,228,357196.28,690893.25,754928.0,774616.5,809621.4375,LO,774616.5,0.0,774616.5
test_id_test_id_000168_20,test_id_000168,229,middle,2,6,test_id_000168_t2_c6,big,big_1,0,1.0,0.9,228,309477.75,866493.0625,950277.75,973615.375,1022178.375,LO,973615.375,0.0,973615.375
test_id_test_id_000168_21,test_id_000168,221,communication_heavy,3,0,test_id_000168_t3_c0,little,little_0,1,0.9,0.86,220,588785.44,1205493.5,1345665.25,1381295.25,1501862.25,LO,1381295.25,0.0,1381295.25
test_id_test_id_000168_22,test_id_000168,221,communication_heavy,3,1,test_id_000168_t3_c1,big,big_1,2,1.8,1.06,220,319038.56,603651.0,657239.5,673505.125,702956.5625,LO,673505.125,0.0,673505.125
test_id_test_id_000168_23,test_id_000168,221,communication_heavy,3,2,test_id_000168_t3_c2,little,little_0,2,1.2,0.93,220,577038.06,941788.375,1041120.5,1066366.375,1129080.5,LO,1066366.375,0.0,1066366.375
test_id_test_id_000168_24,test_id_000168,221,communication_heavy,3,3,test_id_000168_t3_c3,big,big_0,3,2.2,1.15,220,287560.1,511394.59375,556327.75,569582.25,595358.875,LO,569582.25,0.0,569582.25
test_id_test_id_000168_25,test_id_000168,221,communication_heavy,3,4,test_id_000168_t3_c4,little,little_0,3,1.5,1.0,220,402424.16,763496.625,837320.8125,859656.9375,900707.5625,LO,859656.9375,0.0,859656.9375
test_id_test_id_000168_26,test_id_000168,221,communication_heavy,3,5,test_id_000168_t3_c5,big,big_1,0,1.0,0.9,220,351568.66,966639.375,1066636.75,1091386.0,1156085.375,LO,1091386.0,0.0,1091386.0
test_id_test_id_000168_27,test_id_000168,221,communication_heavy,3,6,test_id_000168_t3_c6,little,little_0,0,0.6,0.8,220,787891.44,1596729.75,1958515.75,2010264.0,2087194.25,LO,2010264.0,0.0,2010264.0
test_id_test_id_000168_28,test_id_000168,80,random,4,0,test_id_000168_t4_c0,big,big_1,2,1.8,1.06,79,60008.87,104321.109375,119321.234375,123361.6875,133577.578125,LO,123361.6875,0.0,123361.6875
test_id_test_id_000168_29,test_id_000168,80,random,4,1,test_id_000168_t4_c1,little,little_0,2,1.2,0.93,79,143145.2,171435.53125,189159.0,194350.390625,206544.625,LO,194350.390625,0.0,194350.390625
test_id_test_id_000168_30,test_id_000168,80,random,4,2,test_id_000168_t4_c2,big,big_0,3,2.2,1.15,79,52779.9,87074.046875,101877.203125,105822.3125,115750.234375,LO,105822.3125,0.0,105822.3125
test_id_test_id_000168_31,test_id_000168,80,random,4,3,test_id_000168_t4_c3,little,little_1,3,1.5,1.0,79,123000.81,145535.28125,161632.96875,166243.0,177361.609375,LO,166243.0,0.0,166243.0
test_id_test_id_000168_32,test_id_000168,80,random,4,4,test_id_000168_t4_c4,big,big_1,0,1.0,0.9,79,119854.48,169761.53125,187788.796875,193132.375,205647.90625,LO,193132.375,0.0,193132.375
test_id_test_id_000168_33,test_id_000168,80,random,4,5,test_id_000168_t4_c5,little,little_1,0,0.6,0.8,79,312839.94,254999.90625,278747.21875,285156.15625,300902.71875,LO,285156.15625,0.0,285156.15625
test_id_test_id_000168_34,test_id_000168,80,random,4,6,test_id_000168_t4_c6,big,big_1,1,1.4,0.98,79,84232.1,127377.015625,142816.8125,147154.078125,157829.90625,LO,147154.078125,0.0,147154.078125
test_id_test_id_000168_35,test_id_000168,47,diverse_fill_1,5,0,test_id_000168_t5_c0,little,little_1,2,1.2,0.93,46,98953.43,122127.265625,138318.671875,143065.71875,154640.90625,LO,143065.71875,0.0,143065.71875
test_id_test_id_000168_36,test_id_000168,47,diverse_fill_1,5,1,test_id_000168_t5_c1,big,big_1,3,2.2,1.15,46,33168.832,57943.671875,71405.828125,75225.4375,84419.796875,LO,75225.4375,0.0,75225.4375
test_id_test_id_000168_37,test_id_000168,47,diverse_fill_1,5,2,test_id_000168_t5_c2,little,little_1,3,1.5,1.0,46,77508.4,100495.34375,115566.5,119813.265625,130429.390625,LO,119813.265625,0.0,119813.265625
test_id_test_id_000168_38,test_id_000168,47,diverse_fill_1,5,3,test_id_000168_t5_c3,big,big_1,0,1.0,0.9,46,72011.42,115962.765625,132418.0,137239.046875,149047.5,LO,137239.046875,0.0,137239.046875
test_id_test_id_000168_39,test_id_000168,47,diverse_fill_1,5,4,test_id_000168_t5_c4,little,little_1,0,0.6,0.8,46,209370.55,177181.59375,199457.96875,206414.1875,222826.015625,LO,206414.1875,0.0,206414.1875
test_id_test_id_000168_40,test_id_000168,47,diverse_fill_1,5,5,test_id_000168_t5_c5,big,big_0,1,1.4,0.98,46,61832.543,83615.8125,98544.8125,102690.25,112998.765625,LO,102690.25,0.0,102690.25
test_id_test_id_000168_41,test_id_000168,47,diverse_fill_1,5,6,test_id_000168_t5_c6,little,little_0,1,0.9,0.86,46,130499.336,147044.4375,165464.28125,171073.046875,184406.46875,LO,171073.046875,0.0,171073.046875
test_id_test_id_000190_00,test_id_000190,35,source_like,0,0,test_id_000190_t0_c0,little,little_0,0,0.6,0.8,34,294125.03,257221.15625,280959.65625,287386.40625,303086.3125,HI,287386.40625,15665.78125,303052.1875
test_id_test_id_000190_01,test_id_000190,35,source_like,0,1,test_id_000190_t0_c1,big,big_1,1,1.4,0.98,34,94348.914,122969.359375,138209.0625,142460.59375,152995.359375,HI,142460.59375,15665.78125,158126.375
test_id_test_id_000190_02,test_id_000190,35,source_like,0,2,test_id_000190_t0_c2,little,little_1,1,0.9,0.86,34,197133.64,210387.21875,231510.3125,237802.71875,252347.3125,HI,237802.71875,15665.78125,253468.5
test_id_test_id_000190_03,test_id_000190,35,source_like,0,3,test_id_000190_t0_c3,big,big_1,2,1.8,1.06,34,64174.13,103569.28125,118577.25,122607.171875,132805.578125,HI,122607.171875,15665.78125,138272.953125
test_id_test_id_000190_04,test_id_000190,35,source_like,0,4,test_id_000190_t0_c4,little,little_1,2,1.2,0.93,34,155761.11,157448.640625,174306.5,179197.0,190838.59375,HI,179197.0,15665.78125,194862.78125
test_id_test_id_000190_05,test_id_000190,35,source_like,0,5,test_id_000190_t0_c5,big,big_1,3,2.2,1.15,34,54861.02,86460.828125,101268.703125,105202.25,115099.125,HI,105202.25,15665.78125,120868.03125
test_id_test_id_000190_06,test_id_000190,35,source_like,0,6,test_id_000190_t0_c6,little,little_1,3,1.5,1.0,34,124244.36,143693.171875,159670.140625,164231.21875,175265.78125,HI,164231.21875,15665.78125,179897.0
test_id_test_id_000190_07,test_id_000190,282,sink_like,1,0,test_id_000190_t1_c0,big,big_1,1,1.4,0.98,281,505927.22,925618.9375,1021470.5625,1046450.125,1105747.75,HI,1046450.125,15665.78125,1062115.90625
test_id_test_id_000190_08,test_id_000190,282,sink_like,1,1,test_id_000190_t1_c1,little,little_0,1,0.9,0.86,281,755130.75,1510953.25,1794441.0,1838168.75,1924420.25,HI,1838168.75,15665.78125,1853834.53125
test_id_test_id_000190_09,test_id_000190,282,sink_like,1,2,test_id_000190_t1_c2,big,big_1,2,1.8,1.06,281,407980.25,734786.875,804500.75,825897.375,864270.75,HI,825897.375,15665.78125,841563.15625
test_id_test_id_000190_10,test_id_000190,282,sink_like,1,3,test_id_000190_t1_c3,little,little_1,2,1.2,0.93,281,512377.06,1189145.25,1327076.25,1362848.0,1482837.75,HI,1362848.0,15665.78125,1378513.78125
test_id_test_id_000190_11,test_id_000190,282,sink_like,1,4,test_id_000190_t1_c4,big,big_0,3,2.2,1.15,281,413741.62,620998.9375,677603.4375,695006.375,726357.375,HI,695006.375,15665.78125,710672.15625
test_id_test_id_000190_12,test_id_000190,282,sink_like,1,5,test_id_000190_t1_c5,little,little_0,3,1.5,1.0,281,611294.1,970105.5625,1076128.5,1102664.0,1172406.5,HI,1102664.0,15665.78125,1118329.78125
test_id_test_id_000190_13,test_id_000190,282,sink_like,1,6,test_id_000190_t1_c6,big,big_0,0,1.0,0.9,281,580364.9,1235414.75,1383550.25,1419845.5,1538811.75,HI,1419845.5,15665.78125,1435511.28125
test_id_test_id_000190_14,test_id_000190,204,middle,2,0,test_id_000190_t2_c0,little,little_1,1,0.9,0.86,203,519179.06,1235100.25,1382806.0,1419104.25,1540117.75,HI,1419104.25,15665.78125,1434770.03125
test_id_test_id_000190_15,test_id_000190,204,middle,2,1,test_id_000190_t2_c1,big,big_0,2,1.8,1.06,203,280645.62,611858.875,666348.25,682927.75,712817.0,HI,682927.75,15665.78125,698593.53125
test_id_test_id_000190_16,test_id_000190,204,middle,2,2,test_id_000190_t2_c2,little,little_1,2,1.2,0.93,203,565592.8,959615.875,1061827.25,1087355.0,1153260.5,HI,1087355.0,15665.78125,1103020.78125
test_id_test_id_000190_17,test_id_000190,204,middle,2,3,test_id_000190_t2_c3,big,big_0,3,2.2,1.15,203,240553.84,520295.375,565992.125,579508.875,605583.5625,HI,579508.875,15665.78125,595174.65625
test_id_test_id_000190_18,test_id_000190,204,middle,2,4,test_id_000190_t2_c4,little,little_1,3,1.5,1.0,203,499232.6,784665.4375,861624.125,884651.5,927833.3125,HI,884651.5,15665.78125,900317.28125
test_id_test_id_000190_19,test_id_000190,204,middle,2,5,test_id_000190_t2_c5,big,big_0,0,1.0,0.9,203,434556.8,981455.25,1083832.5,1108901.75,1176465.5,HI,1108901.75,15665.78125,1124567.53125
test_id_test_id_000190_20,test_id_000190,204,middle,2,6,test_id_000190_t2_c6,little,little_0,0,0.6,0.8,203,798060.94,1620415.0,2009218.5,2064059.5,2138834.75,HI,2064059.5,15665.78125,2079725.28125
test_id_test_id_000190_21,test_id_000190,211,random,3,0,test_id_000190_t3_c0,big,big_0,2,1.8,1.06,210,166436.61,406831.4375,441813.71875,451771.4375,472885.8125,HI,451771.4375,15665.78125,467437.21875
test_id_test_id_000190_22,test_id_000190,211,random,3,1,test_id_000190_t3_c1,little,little_0,2,1.2,0.93,210,351894.25,607554.25,660985.75,677117.8125,706247.0,HI,677117.8125,15665.78125,692783.59375
test_id_test_id_000190_23,test_id_000190,211,random,3,2,test_id_000190_t3_c2,big,big_1,3,2.2,1.15,210,175035.0,336175.28125,365109.875,373327.5625,391445.625,HI,373327.5625,15665.78125,388993.34375
test_id_test_id_000190_24,test_id_000190,211,random,3,3,test_id_000190_t3_c3,little,little_1,3,1.5,1.0,210,201351.52,518337.625,563379.9375,576624.125,602218.25,HI,576624.125,15665.78125,592289.90625
test_id_test_id_000190_25,test_id_000190,211,random,3,4,test_id_000190_t3_c4,big,big_1,0,1.0,0.9,210,316014.47,631118.75,686302.625,703085.25,732789.125,HI,703085.25,15665.78125,718751.03125
test_id_test_id_000190_26,test_id_000190,211,random,3,5,test_id_000190_t3_c5,little,little_0,0,0.6,0.8,210,485865.75,999719.1875,1104054.25,1127911.5,1197828.5,HI,1127911.5,15665.78125,1143577.28125
test_id_test_id_000190_27,test_id_000190,211,random,3,6,test_id_000190_t3_c6,big,big_1,1,1.4,0.98,210,210380.11,496733.4375,539619.625,552114.0625,576716.0625,HI,552114.0625,15665.78125,567779.84375
test_id_test_id_000190_28,test_id_000190,52,diverse_fill_1,4,0,test_id_000190_t4_c0,little,little_1,2,1.2,0.93,51,103009.77,132584.546875,149028.21875,153857.546875,165526.546875,HI,153857.546875,15665.78125,169523.328125
test_id_test_id_000190_29,test_id_000190,52,diverse_fill_1,4,1,test_id_000190_t4_c1,big,big_1,3,2.2,1.15,51,37634.65,62724.140625,76420.640625,80240.9375,89521.1875,HI,80240.9375,15665.78125,95906.71875
test_id_test_id_000190_30,test_id_000190,52,diverse_fill_1,4,2,test_id_000190_t4_c2,little,little_1,3,1.5,1.0,51,81878.5,109411.28125,124555.828125,128829.515625,139476.828125,HI,128829.515625,15665.78125,144495.296875
test_id_test_id_000190_31,test_id_000190,52,diverse_fill_1,4,3,test_id_000190_t4_c3,big,big_0,0,1.0,0.9,51,79222.305,128007.59375,144753.734375,149684.8125,161647.78125,HI,149684.8125,15665.78125,165350.59375
test_id_test_id_000190_32,test_id_000190,52,diverse_fill_1,4,4,test_id_000190_t4_c4,little,little_1,0,0.6,0.8,51,201017.23,201945.46875,225031.578125,232179.25,248909.09375,HI,232179.25,15665.78125,247845.03125
test_id_test_id_000190_33,test_id_000190,52,diverse_fill_1,4,5,test_id_000190_t4_c5,big,big_0,1,1.4,0.98,51,57127.97,90766.03125,105763.046875,109899.59375,120265.71875,HI,109899.59375,15665.78125,125565.375
test_id_test_id_000190_34,test_id_000190,52,diverse_fill_1,4,6,test_id_000190_t4_c6,little,little_0,1,0.9,0.86,51,137455.42,159592.703125,178522.375,184292.53125,197887.546875,HI,184292.53125,15665.78125,199958.3125
test_id_test_id_000190_35,test_id_000190,101,diverse_fill_2,5,0,test_id_000190_t5_c0,big,big_0,3,2.2,1.15,100,35989.25,59308.0,72835.03125,76655.015625,85874.953125,HI,76655.015625,15665.78125,92320.796875
test_id_test_id_000190_36,test_id_000190,101,diverse_fill_2,5,1,test_id_000190_t5_c1,little,little_1,3,1.5,1.0,100,76247.93,102475.328125,117560.0,121807.890625,132423.984375,HI,121807.890625,15665.78125,137473.671875
test_id_test_id_000190_37,test_id_000190,101,diverse_fill_2,5,2,test_id_000190_t5_c2,big,big_1,0,1.0,0.9,100,71749.2,120404.421875,137011.203125,141891.984375,153807.640625,HI,141891.984375,15665.78125,157557.765625
test_id_test_id_000190_38,test_id_000190,101,diverse_fill_2,5,3,test_id_000190_t5_c3,little,little_1,0,0.6,0.8,100,189530.69,181686.421875,203830.28125,210734.484375,226956.859375,HI,210734.484375,15665.78125,226400.265625
test_id_test_id_000190_39,test_id_000190,101,diverse_fill_2,5,4,test_id_000190_t5_c4,big,big_1,1,1.4,0.98,100,54134.527,83592.703125,98502.5625,102640.828125,112933.765625,HI,102640.828125,15665.78125,118306.609375
test_id_test_id_000190_40,test_id_000190,101,diverse_fill_2,5,5,test_id_000190_t5_c5,little,little_0,1,0.9,0.86,100,124172.71,153307.53125,172061.03125,177796.34375,191366.109375,HI,177796.34375,15665.78125,193462.125
test_id_test_id_000190_41,test_id_000190,101,diverse_fill_2,5,6,test_id_000190_t5_c6,big,big_0,2,1.8,1.06,100,44649.867,69465.171875,83623.4375,87536.1875,97123.21875,HI,87536.1875,15665.78125,103201.96875
test_id_test_id_000204_00,test_id_000204,2,source_like,0,0,test_id_000204_t0_c0,big,big_0,3,2.2,1.15,1,49809.92,82264.0,96906.109375,100810.203125,110590.84375,LO,100810.203125,0.0,100810.203125
test_id_test_id_000204_01,test_id_000204,2,source_like,0,1,test_id_000204_t0_c1,little,little_1,3,1.5,1.0,1,121076.66,136823.859375,152543.671875,157021.21875,167920.15625,LO,157021.21875,0.0,157021.21875
test_id_test_id_000204_02,test_id_000204,2,source_like,0,2,test_id_000204_t0_c2,big,big_1,0,1.0,0.9,1,104984.93,161572.359375,179262.03125,184503.75,196854.9375,LO,184503.75,0.0,184503.75
test_id_test_id_000204_03,test_id_000204,2,source_like,0,3,test_id_000204_t0_c3,little,little_0,0,0.6,0.8,1,279971.28,254641.84375,279046.3125,285899.0625,302415.3125,LO,285899.0625,0.0,285899.0625
test_id_test_id_000204_04,test_id_000204,2,source_like,0,4,test_id_000204_t0_c4,big,big_1,1,1.4,0.98,1,79008.84,120146.40625,135369.4375,139617.28125,150161.28125,LO,139617.28125,0.0,139617.28125
test_id_test_id_000204_05,test_id_000204,2,source_like,0,5,test_id_000204_t0_c5,little,little_1,1,0.9,0.86,1,185866.02,201228.4375,221990.09375,228238.40625,242681.640625,LO,228238.40625,0.0,228238.40625
test_id_test_id_000204_06,test_id_000204,2,source_like,0,6,test_id_000204_t0_c6,big,big_0,2,1.8,1.06,1,62126.74,97792.515625,112699.875,116693.328125,126809.578125,LO,116693.328125,0.0,116693.328125
test_id_test_id_000204_07,test_id_000204,11,sink_like,1,0,test_id_000204_t1_c0,little,little_1,3,1.5,1.0,10,133624.17,218202.9375,238675.078125,244713.09375,258458.59375,LO,244713.09375,0.0,244713.09375
test_id_test_id_000204_08,test_id_000204,11,sink_like,1,1,test_id_000204_t1_c1,big,big_1,0,1.0,0.9,10,112855.22,240839.234375,263215.1875,269863.84375,284858.46875,LO,269863.84375,0.0,269863.84375
test_id_test_id_000204_09,test_id_000204,11,sink_like,1,2,test_id_000204_t1_c2,little,little_0,0,0.6,0.8,10,255438.19,272672.46875,296776.96875,303260.4375,319103.15625,LO,303260.4375,0.0,303260.4375
test_id_test_id_000204_10,test_id_000204,11,sink_like,1,3,test_id_000204_t1_c3,big,big_0,1,1.4,0.98,10,109393.73,199112.875,218396.390625,224109.03125,237225.15625,LO,224109.03125,0.0,224109.03125
test_id_test_id_000204_11,test_id_000204,11,sink_like,1,4,test_id_000204_t1_c4,little,little_1,1,0.9,0.86,10,188548.12,255684.9375,279360.15625,286366.03125,302228.53125,LO,286366.03125,0.0,286366.03125
test_id_test_id_000204_12,test_id_000204,11,sink_like,1,5,test_id_000204_t1_c5,big,big_1,2,1.8,1.06,10,95666.54,163910.984375,181193.71875,186244.265625,198146.203125,LO,186244.265625,0.0,186244.265625
test_id_test_id_000204_13,test_id_000204,11,sink_like,1,6,test_id_000204_t1_c6,little,little_0,2,1.2,0.93,10,140804.8,235262.46875,256929.453125,263307.375,277736.59375,LO,263307.375,0.0,263307.375
test_id_test_id_000204_14,test_id_000204,231,middle,2,0,test_id_000204_t2_c0,big,big_1,0,1.0,0.9,230,229882.39,566078.9375,615856.25,630744.75,658368.125,LO,630744.75,0.0,630744.75
test_id_test_id_000204_15,test_id_000204,231,middle,2,1,test_id_000204_t2_c1,little,little_1,0,0.6,0.8,230,532059.3,1334889.75,1541338.0,1577950.5,1653292.75,LO,1577950.5,0.0,1577950.5
test_id_test_id_000204_16,test_id_000204,231,middle,2,2,test_id_000204_t2_c2,big,big_1,1,1.4,0.98,230,200789.56,420731.875,457410.9375,467957.96875,489965.4375,LO,467957.96875,0.0,467957.96875
test_id_test_id_000204_17,test_id_000204,231,middle,2,3,test_id_000204_t2_c3,little,little_0,1,0.9,0.86,230,393851.6,817811.5625,899050.1875,923132.125,969293.625,LO,923132.125,0.0,923132.125
test_id_test_id_000204_18,test_id_000204,231,middle,2,4,test_id_000204_t2_c4,big,big_0,2,1.8,1.06,230,138199.64,331812.40625,360536.65625,368709.90625,386726.15625,LO,368709.90625,0.0,368709.90625
test_id_test_id_000204_19,test_id_000204,231,middle,2,5,test_id_000204_t2_c5,little,little_0,2,1.2,0.93,230,314303.44,521943.6875,568690.125,582652.625,609366.125,LO,582652.625,0.0,582652.625
test_id_test_id_000204_20,test_id_000204,231,middle,2,6,test_id_000204_t2_c6,big,big_0,3,2.2,1.15,230,132724.7,261834.09375,285155.0,291938.21875,307204.71875,LO,291938.21875,0.0,291938.21875
test_id_test_id_000204_21,test_id_000204,130,high_degree,3,0,test_id_000204_t3_c0,little,little_1,0,0.6,0.8,129,416451.94,525942.5,560530.625,567292.375,582939.4375,LO,567292.375,0.0,567292.375
test_id_test_id_000204_22,test_id_000204,130,high_degree,3,1,test_id_000204_t3_c1,big,big_1,1,1.4,0.98,129,157321.78,337256.125,366375.75,374648.6875,392854.0,LO,374648.6875,0.0,374648.6875
test_id_test_id_000204_23,test_id_000204,130,high_degree,3,2,test_id_000204_t3_c2,little,little_1,1,0.9,0.86,129,310993.78,519453.5,566384.875,580542.9375,607430.75,LO,580542.9375,0.0,580542.9375
test_id_test_id_000204_24,test_id_000204,130,high_degree,3,3,test_id_000204_t3_c3,big,big_0,2,1.8,1.06,129,164627.83,259387.984375,282461.8125,289160.1875,304247.28125,LO,289160.1875,0.0,289160.1875
test_id_test_id_000204_25,test_id_000204,130,high_degree,3,4,test_id_000204_t3_c4,little,little_0,2,1.2,0.93,129,269109.16,403958.5,439119.96875,449209.0,470480.3125,LO,449209.0,0.0,449209.0
test_id_test_id_000204_26,test_id_000204,130,high_degree,3,5,test_id_000204_t3_c5,big,big_1,3,2.2,1.15,129,119435.734,213301.5625,233431.171875,239396.6875,252998.515625,LO,239396.6875,0.0,239396.6875
test_id_test_id_000204_27,test_id_000204,130,high_degree,3,6,test_id_000204_t3_c6,little,little_0,3,1.5,1.0,129,233102.48,349430.96875,379609.40625,388191.65625,406953.21875,LO,388191.65625,0.0,388191.65625
test_id_test_id_000204_28,test_id_000204,153,communication_heavy,4,0,test_id_000204_t4_c0,big,big_1,1,1.4,0.98,152,286123.12,629165.5,685427.25,702564.0625,733245.375,LO,702564.0625,0.0,702564.0625
test_id_test_id_000204_29,test_id_000204,153,communication_heavy,4,1,test_id_000204_t4_c1,little,little_0,1,0.9,0.86,152,536009.06,1097653.75,1219215.25,1249185.75,1347071.75,LO,1249185.75,0.0,1249185.75
test_id_test_id_000204_30,test_id_000204,153,communication_heavy,4,2,test_id_000204_t4_c2,big,big_1,2,1.8,1.06,152,267707.5,511555.625,556774.375,570131.6875,596128.625,LO,570131.6875,0.0,570131.6875
test_id_test_id_000204_31,test_id_000204,153,communication_heavy,4,3,test_id_000204_t4_c3,little,little_1,2,1.2,0.93,152,412486.62,812769.125,893163.5,916690.4375,962151.3125,LO,916690.4375,0.0,916690.4375
test_id_test_id_000204_32,test_id_000204,153,communication_heavy,4,4,test_id_000204_t4_c4,big,big_0,3,2.2,1.15,152,162818.25,417538.25,453964.625,464419.1875,486371.375,LO,464419.1875,0.0,464419.1875
test_id_test_id_000204_33,test_id_000204,153,communication_heavy,4,5,test_id_000204_t4_c5,little,little_0,3,1.5,1.0,152,306154.0,660718.5,722116.125,741008.6875,774843.125,LO,741008.6875,0.0,741008.6875
test_id_test_id_000204_34,test_id_000204,153,communication_heavy,4,6,test_id_000204_t4_c6,big,big_1,0,1.0,0.9,152,424090.56,835270.0625,916232.6875,939438.6875,985460.6875,LO,939438.6875,0.0,939438.6875
test_id_test_id_000204_35,test_id_000204,370,random,5,0,test_id_000204_t5_c0,little,little_0,1,0.9,0.86,369,277954.78,425066.78125,462920.8125,474005.625,496673.34375,LO,474005.625,0.0,474005.625
test_id_test_id_000204_36,test_id_000204,370,random,5,1,test_id_000204_t5_c1,big,big_1,2,1.8,1.06,369,126569.03,231214.1875,252399.578125,258626.421875,272745.03125,LO,258626.421875,0.0,258626.421875
test_id_test_id_000204_37,test_id_000204,370,random,5,2,test_id_000204_t5_c2,little,little_0,2,1.2,0.93,369,237472.88,359039.84375,390082.1875,398919.3125,418118.0625,LO,398919.3125,0.0,398919.3125
test_id_test_id_000204_38,test_id_000204,370,random,5,3,test_id_000204_t5_c3,big,big_0,3,2.2,1.15,369,112053.95,188982.0,207709.859375,213256.78125,226060.375,LO,213256.78125,0.0,213256.78125
test_id_test_id_000204_39,test_id_000204,370,random,5,4,test_id_000204_t5_c4,little,little_1,3,1.5,1.0,369,197329.33,311764.5625,338755.5,346455.8125,363562.875,LO,346455.8125,0.0,346455.8125
test_id_test_id_000204_40,test_id_000204,370,random,5,5,test_id_000204_t5_c5,big,big_0,0,1.0,0.9,369,230474.31,379508.71875,412659.34375,422161.34375,442457.9375,LO,422161.34375,0.0,422161.34375
test_id_test_id_000204_41,test_id_000204,370,random,5,6,test_id_000204_t5_c6,little,little_1,0,0.6,0.8,369,452836.2,377849.3125,400209.125,404338.0,415147.9375,LO,404338.0,0.0,404338.0
test_id_test_id_000219_00,test_id_000219,88,source_like,0,0,test_id_000219_t0_c0,little,little_1,1,0.9,0.86,87,107812.54,125918.46875,143651.0,149024.90625,161995.703125,HI,149024.90625,15665.78125,164690.6875
test_id_test_id_000219_01,test_id_000219,88,source_like,0,1,test_id_000219_t0_c1,big,big_0,2,1.8,1.06,87,33506.438,59553.609375,73255.453125,77145.21875,86497.453125,HI,77145.21875,15665.78125,92811.0
test_id_test_id_000219_02,test_id_000219,88,source_like,0,2,test_id_000219_t0_c2,little,little_1,2,1.2,0.93,87,80899.38,102006.03125,117856.96875,122474.859375,133866.4375,HI,122474.859375,15665.78125,138140.640625
test_id_test_id_000219_03,test_id_000219,88,source_like,0,3,test_id_000219_t0_c3,big,big_0,3,2.2,1.15,87,30048.166,49351.546875,62416.984375,66249.875,75323.59375,HI,66249.875,15665.78125,81915.65625
test_id_test_id_000219_04,test_id_000219,88,source_like,0,4,test_id_000219_t0_c4,little,little_0,3,1.5,1.0,87,59239.59,86252.078125,101296.703125,105524.515625,116037.375,HI,105524.515625,15665.78125,121190.296875
test_id_test_id_000219_05,test_id_000219,88,source_like,0,5,test_id_000219_t0_c5,big,big_0,0,1.0,0.9,87,67530.33,94902.234375,111000.65625,115661.109375,127137.03125,HI,115661.109375,15665.78125,131326.890625
test_id_test_id_000219_06,test_id_000219,88,source_like,0,6,test_id_000219_t0_c6,little,little_0,0,0.6,0.8,87,138090.95,157418.15625,178516.59375,185149.28125,200876.765625,HI,185149.28125,15665.78125,200815.0625
test_id_test_id_000219_07,test_id_000219,458,sink_like,1,0,test_id_000219_t1_c0,big,big_0,2,1.8,1.06,457,429072.72,731687.75,801172.75,822513.0,860789.5,HI,822513.0,15665.78125,838178.78125
test_id_test_id_000219_08,test_id_000219,458,sink_like,1,1,test_id_000219_t1_c1,little,little_0,2,1.2,0.93,457,501662.2,1184025.25,1320961.0,1356586.0,1476279.0,HI,1356586.0,15665.78125,1372251.78125
test_id_test_id_000219_09,test_id_000219,458,sink_like,1,2,test_id_000219_t1_c2,big,big_1,3,2.2,1.15,457,286194.78,612278.75,667750.125,684760.75,715469.8125,HI,684760.75,15665.78125,700426.53125
test_id_test_id_000219_10,test_id_000219,458,sink_like,1,3,test_id_000219_t1_c3,little,little_1,3,1.5,1.0,457,564987.44,965671.5,1071025.5,1097505.75,1166459.75,HI,1097505.75,15665.78125,1113171.53125
test_id_test_id_000219_11,test_id_000219,458,sink_like,1,4,test_id_000219_t1_c4,big,big_1,0,1.0,0.9,457,529020.7,1235835.75,1383947.0,1420246.75,1539238.5,HI,1420246.75,15665.78125,1435912.53125
test_id_test_id_000219_12,test_id_000219,458,sink_like,1,5,test_id_000219_t1_c5,little,little_0,0,0.6,0.8,457,1095613.6,1783586.75,2432460.5,2525775.5,2590059.0,HI,2525775.5,15665.78125,2541441.28125
test_id_test_id_000219_13,test_id_000219,458,sink_like,1,6,test_id_000219_t1_c6,big,big_0,1,1.4,0.98,457,632583.3,916657.25,1011322.8125,1036254.6875,1094291.5,HI,1036254.6875,15665.78125,1051920.46875
test_id_test_id_000219_14,test_id_000219,316,middle,2,0,test_id_000219_t2_c0,little,little_0,2,1.2,0.93,315,527007.7,1094610.0,1216979.625,1247472.75,1344916.0,HI,1247472.75,15665.78125,1263138.53125
test_id_test_id_000219_15,test_id_000219,316,middle,2,1,test_id_000219_t2_c1,big,big_1,3,2.2,1.15,315,266546.62,579392.5625,631177.375,646873.75,675763.4375,HI,646873.75,15665.78125,662539.53125
test_id_test_id_000219_16,test_id_000219,316,middle,2,2,test_id_000219_t2_c2,little,little_1,3,1.5,1.0,315,349926.34,888466.0,980873.3125,1006131.4375,1061622.375,HI,1006131.4375,15665.78125,1021797.21875
test_id_test_id_000219_17,test_id_000219,316,middle,2,3,test_id_000219_t2_c3,big,big_1,0,1.0,0.9,315,608314.25,1126457.75,1251312.5,1283023.5,1387754.75,HI,1283023.5,15665.78125,1298689.28125
test_id_test_id_000219_18,test_id_000219,316,middle,2,4,test_id_000219_t2_c4,little,little_1,0,0.6,0.8,315,1049926.5,1737917.25,2297918.75,2376285.5,2442782.75,HI,2376285.5,15665.78125,2391951.28125
test_id_test_id_000219_19,test_id_000219,316,middle,2,5,test_id_000219_t2_c5,big,big_1,1,1.4,0.98,315,396339.28,838644.8125,920893.5,944509.875,991496.0,HI,944509.875,15665.78125,960175.65625
test_id_test_id_000219_20,test_id_000219,316,middle,2,6,test_id_000219_t2_c6,little,little_1,1,0.9,0.86,315,724925.75,1404694.0,1618428.5,1657218.25,1758916.0,HI,1657218.25,15665.78125,1672884.03125
test_id_test_id_000219_21,test_id_000219,421,communication_heavy,3,0,test_id_000219_t3_c0,big,big_1,3,2.2,1.15,420,293439.44,545941.5,594026.8125,608385.75,635469.5625,HI,608385.75,15665.78125,624051.53125
test_id_test_id_000219_22,test_id_000219,421,communication_heavy,3,1,test_id_000219_t3_c1,little,little_1,3,1.5,1.0,420,422876.12,821661.3125,903442.5,927309.0,973949.5625,HI,927309.0,15665.78125,942974.78125
test_id_test_id_000219_23,test_id_000219,421,communication_heavy,3,2,test_id_000219_t3_c2,big,big_1,0,1.0,0.9,420,443687.6,1036520.1875,1147486.875,1174102.0,1253640.375,HI,1174102.0,15665.78125,1189767.78125
test_id_test_id_000219_24,test_id_000219,421,communication_heavy,3,3,test_id_000219_t3_c3,little,little_0,0,0.6,0.8,420,693949.94,1662778.25,2104928.25,2166384.25,2237394.0,HI,2166384.25,15665.78125,2182050.03125
test_id_test_id_000219_25,test_id_000219,421,communication_heavy,3,4,test_id_000219_t3_c4,big,big_0,1,1.4,0.98,420,525145.94,778962.875,852682.1875,874749.3125,915432.5,HI,874749.3125,15665.78125,890415.09375
test_id_test_id_000219_26,test_id_000219,421,communication_heavy,3,5,test_id_000219_t3_c5,little,little_0,1,0.9,0.86,420,671573.0,1290921.0,1456180.5,1493253.25,1610617.25,HI,1493253.25,15665.78125,1508919.03125
test_id_test_id_000219_27,test_id_000219,421,communication_heavy,3,6,test_id_000219_t3_c6,big,big_1,2,1.8,1.06,420,413565.1,639851.5,697377.75,715007.625,746376.1875,HI,715007.625,15665.78125,730673.40625
test_id_test_id_000219_28,test_id_000219,61,random,4,0,test_id_000219_t4_c0,little,little_0,3,1.5,1.0,60,106458.65,140305.265625,156216.90625,160767.59375,171793.78125,HI,160767.59375,15665.78125,176433.375
test_id_test_id_000219_29,test_id_000219,61,random,4,1,test_id_000219_t4_c1,big,big_0,0,1.0,0.9,60,107782.76,169973.078125,188258.875,193717.859375,206483.0,HI,193717.859375,15665.78125,209383.640625
test_id_test_id_000219_30,test_id_000219,61,random,4,2,test_id_000219_t4_c2,little,little_1,0,0.6,0.8,60,291199.47,250293.53125,274453.53125,281197.6875,297529.53125,HI,281197.6875,15665.78125,296863.46875
test_id_test_id_000219_31,test_id_000219,61,random,4,3,test_id_000219_t4_c3,big,big_0,1,1.4,0.98,60,78581.03,118386.609375,133567.671875,137795.046875,148311.15625,HI,137795.046875,15665.78125,153460.828125
test_id_test_id_000219_32,test_id_000219,61,random,4,4,test_id_000219_t4_c4,little,little_0,1,0.9,0.86,60,188796.88,203659.5,224645.375,230965.40625,245571.78125,HI,230965.40625,15665.78125,246631.1875
test_id_test_id_000219_33,test_id_000219,61,random,4,5,test_id_000219_t4_c5,big,big_1,2,1.8,1.06,60,62268.79,96874.234375,111793.515625,115784.40625,125890.703125,HI,115784.40625,15665.78125,131450.1875
test_id_test_id_000219_34,test_id_000219,61,random,4,6,test_id_000219_t4_c6,little,little_1,2,1.2,0.93,60,143321.2,159527.6875,176723.0625,181757.4375,193680.125,HI,181757.4375,15665.78125,197423.21875
test_id_test_id_000219_35,test_id_000219,336,diverse_fill_1,5,0,test_id_000219_t5_c0,big,big_0,0,1.0,0.9,335,331895.7,666620.3125,725303.5625,743246.0,774597.9375,HI,743246.0,15665.78125,758911.78125
test_id_test_id_000219_36,test_id_000219,336,diverse_fill_1,5,1,test_id_000219_t5_c1,little,little_0,0,0.6,0.8,335,489201.0,1092178.25,1210804.0,1239066.875,1331704.25,HI,1239066.875,15665.78125,1254732.65625
test_id_test_id_000219_37,test_id_000219,336,diverse_fill_1,5,2,test_id_000219_t5_c2,big,big_1,1,1.4,0.98,335,225467.83,529746.6875,575533.375,589011.875,614786.75,HI,589011.875,15665.78125,604677.65625
test_id_test_id_000219_38,test_id_000219,336,diverse_fill_1,5,3,test_id_000219_t5_c3,little,little_0,1,0.9,0.86,335,442316.22,843709.625,924493.125,947621.25,993542.8125,HI,947621.25,15665.78125,963287.03125
test_id_test_id_000219_39,test_id_000219,336,diverse_fill_1,5,4,test_id_000219_t5_c4,big,big_0,2,1.8,1.06,335,180496.48,434464.375,471938.0625,482673.78125,504965.90625,HI,482673.78125,15665.78125,498339.5625
test_id_test_id_000219_40,test_id_000219,336,diverse_fill_1,5,5,test_id_000219_t5_c5,little,little_0,2,1.2,0.93,335,221864.53,645809.625,702994.875,720391.125,751196.75,HI,720391.125,15665.78125,736056.90625
test_id_test_id_000219_41,test_id_000219,336,diverse_fill_1,5,6,test_id_000219_t5_c6,big,big_1,3,2.2,1.15,335,142137.67,354763.625,385249.625,393894.71875,412805.5625,HI,393894.71875,15665.78125,409560.5
test_id_test_id_000233_00,test_id_000233,2,source_like,0,0,test_id_000233_t0_c0,little,little_0,1,0.9,0.86,1,78184.445,105092.828125,123054.734375,128519.9375,141708.6875,LO,128519.9375,0.0,128519.9375
test_id_test_id_000233_01,test_id_000233,2,source_like,0,1,test_id_000233_t0_c1,big,big_1,2,1.8,1.06,1,24603.604,47414.46875,60597.34375,64549.828125,73816.609375,LO,64549.828125,0.0,64549.828125
test_id_test_id_000233_02,test_id_000233,2,source_like,0,2,test_id_000233_t0_c2,little,little_0,2,1.2,0.93,1,57954.87,84624.265625,100753.390625,105482.921875,116973.09375,LO,105482.921875,0.0,105482.921875
test_id_test_id_000233_03,test_id_000233,2,source_like,0,3,test_id_000233_t0_c3,big,big_1,3,2.2,1.15,1,21195.574,39422.609375,52195.765625,56135.203125,65263.984375,LO,56135.203125,0.0,56135.203125
test_id_test_id_000233_04,test_id_000233,2,source_like,0,4,test_id_000233_t0_c4,little,little_1,3,1.5,1.0,1,42607.605,70487.765625,85427.578125,89687.734375,99978.140625,LO,89687.734375,0.0,89687.734375
test_id_test_id_000233_05,test_id_000233,2,source_like,0,5,test_id_000233_t0_c5,big,big_0,0,1.0,0.9,1,45656.56,76288.421875,92676.40625,97482.09375,108925.5,LO,97482.09375,0.0,97482.09375
test_id_test_id_000233_06,test_id_000233,2,source_like,0,6,test_id_000233_t0_c6,little,little_0,0,0.6,0.8,1,108345.01,130675.96875,152291.28125,159136.578125,175406.90625,LO,159136.578125,0.0,159136.578125
test_id_test_id_000233_07,test_id_000233,4,sink_like,1,0,test_id_000233_t1_c0,big,big_1,2,1.8,1.06,3,169236.7,335107.84375,364100.40625,372344.59375,390499.75,LO,372344.59375,0.0,372344.59375
test_id_test_id_000233_08,test_id_000233,4,sink_like,1,1,test_id_000233_t1_c1,little,little_1,2,1.2,0.93,3,322893.78,487027.5625,529969.8125,542604.8125,567500.625,LO,542604.8125,0.0,542604.8125
test_id_test_id_000233_09,test_id_000233,4,sink_like,1,2,test_id_000233_t1_c2,big,big_0,3,2.2,1.15,3,154713.2,270792.53125,294779.375,301735.09375,317355.5625,LO,301735.09375,0.0,301735.09375
test_id_test_id_000233_10,test_id_000233,4,sink_like,1,3,test_id_000233_t1_c3,little,little_1,3,1.5,1.0,3,247653.83,426893.0,464045.375,474733.1875,496966.8125,LO,474733.1875,0.0,474733.1875
test_id_test_id_000233_11,test_id_000233,4,sink_like,1,4,test_id_000233_t1_c4,big,big_1,0,1.0,0.9,3,314973.6,554231.0,603088.1875,617681.5,645010.75,LO,617681.5,0.0,617681.5
test_id_test_id_000233_12,test_id_000233,4,sink_like,1,5,test_id_000233_t1_c5,little,little_0,0,0.6,0.8,3,519492.38,1499263.0,1794226.25,1837367.0,1899679.25,LO,1837367.0,0.0,1837367.0
test_id_test_id_000233_13,test_id_000233,4,sink_like,1,6,test_id_000233_t1_c6,big,big_1,1,1.4,0.98,3,233772.86,422676.0,459447.3125,470010.28125,492054.53125,LO,470010.28125,0.0,470010.28125
test_id_test_id_000233_14,test_id_000233,60,middle,2,0,test_id_000233_t2_c0,little,little_1,2,1.2,0.93,59,127734.8,213781.28125,234597.84375,240880.671875,255138.203125,LO,240880.671875,0.0,240880.671875
test_id_test_id_000233_15,test_id_000233,60,middle,2,1,test_id_000233_t2_c1,big,big_0,3,2.2,1.15,59,66017.26,110574.109375,126214.0,130448.390625,141074.40625,LO,130448.390625,0.0,130448.390625
test_id_test_id_000233_16,test_id_000233,60,middle,2,2,test_id_000233_t2_c2,little,little_1,3,1.5,1.0,59,87648.875,200455.03125,220067.90625,225922.28125,239321.484375,LO,225922.28125,0.0,225922.28125
test_id_test_id_000233_17,test_id_000233,60,middle,2,3,test_id_000233_t2_c3,big,big_0,0,1.0,0.9,59,131684.64,221902.28125,243905.5,250663.09375,265980.15625,LO,250663.09375,0.0,250663.09375
test_id_test_id_000233_18,test_id_000233,60,middle,2,4,test_id_000233_t2_c4,little,little_0,0,0.6,0.8,59,243323.83,263291.9375,288817.375,296037.5,313645.8125,LO,296037.5,0.0,296037.5
test_id_test_id_000233_19,test_id_000233,60,middle,2,5,test_id_000233_t2_c5,big,big_1,1,1.4,0.98,59,92550.14,176906.15625,195210.84375,200689.09375,213401.484375,LO,200689.09375,0.0,200689.09375
test_id_test_id_000233_20,test_id_000233,60,middle,2,6,test_id_000233_t2_c6,little,little_1,1,0.9,0.86,59,180721.42,239836.40625,263470.46875,270693.6875,287178.125,LO,270693.6875,0.0,270693.6875
test_id_test_id_000233_21,test_id_000233,68,high_degree,3,0,test_id_000233_t3_c0,big,big_1,3,2.2,1.15,67,111255.47,230263.921875,251442.625,257684.171875,271834.78125,LO,257684.171875,0.0,257684.171875
test_id_test_id_000233_22,test_id_000233,68,high_degree,3,1,test_id_000233_t3_c1,little,little_0,3,1.5,1.0,67,185216.03,381612.875,414542.40625,423912.6875,444061.625,LO,423912.6875,0.0,423912.6875
test_id_test_id_000233_23,test_id_000233,68,high_degree,3,2,test_id_000233_t3_c2,big,big_1,0,1.0,0.9,67,270868.5,463645.875,504147.5,515926.0,539667.875,LO,515926.0,0.0,515926.0
test_id_test_id_000233_24,test_id_000233,68,high_degree,3,3,test_id_000233_t3_c3,little,little_1,0,0.6,0.8,67,421271.72,608142.75,652622.875,662930.125,683936.6875,LO,662930.125,0.0,662930.125
test_id_test_id_000233_25,test_id_000233,68,high_degree,3,4,test_id_000233_t3_c4,big,big_0,1,1.4,0.98,67,198451.6,354009.5,384531.53125,393198.34375,412124.0,LO,393198.34375,0.0,393198.34375
test_id_test_id_000233_26,test_id_000233,68,high_degree,3,5,test_id_000233_t3_c5,little,little_0,1,0.9,0.86,67,328015.88,563939.9375,614517.4375,629833.875,658147.125,LO,629833.875,0.0,629833.875
test_id_test_id_000233_27,test_id_000233,68,high_degree,3,6,test_id_000233_t3_c6,big,big_0,2,1.8,1.06,67,138364.9,283430.5625,308242.5625,315376.3125,331358.5625,LO,315376.3125,0.0,315376.3125
test_id_test_id_000233_28,test_id_000233,85,communication_heavy,4,0,test_id_000233_t4_c0,little,little_1,3,1.5,1.0,84,328793.28,664583.75,725794.0,744609.0625,778163.0,LO,744609.0625,0.0,744609.0625
test_id_test_id_000233_29,test_id_000233,85,communication_heavy,4,1,test_id_000233_t4_c1,big,big_0,0,1.0,0.9,84,460184.66,829018.6875,908380.5,931247.5625,976082.875,LO,931247.5625,0.0,931247.5625
test_id_test_id_000233_30,test_id_000233,85,communication_heavy,4,2,test_id_000233_t4_c2,little,little_1,0,0.6,0.8,84,580100.6,1487584.5,1752600.0,1794927.75,1883711.5,LO,1794927.75,0.0,1794927.75
test_id_test_id_000233_31,test_id_000233,85,communication_heavy,4,3,test_id_000233_t4_c3,big,big_1,1,1.4,0.98,84,369638.0,634733.0,691306.75,708535.5,739284.25,LO,708535.5,0.0,708535.5
test_id_test_id_000233_32,test_id_000233,85,communication_heavy,4,4,test_id_000233_t4_c4,little,little_0,1,0.9,0.86,84,550295.3,1076995.875,1194951.5,1223590.5,1314877.0,LO,1223590.5,0.0,1223590.5
test_id_test_id_000233_33,test_id_000233,85,communication_heavy,4,5,test_id_000233_t4_c5,big,big_0,2,1.8,1.06,84,259350.83,525032.75,571110.5625,584738.6875,610950.8125,LO,584738.6875,0.0,584738.6875
test_id_test_id_000233_34,test_id_000233,85,communication_heavy,4,6,test_id_000233_t4_c6,little,little_1,2,1.2,0.93,84,427471.8,805766.25,884352.4375,907416.125,951639.0,LO,907416.125,0.0,907416.125
test_id_test_id_000233_35,test_id_000233,28,random,5,0,test_id_000233_t5_c0,big,big_1,0,1.0,0.9,27,131930.08,214707.4375,235092.0625,241123.234375,254884.65625,LO,241123.234375,0.0,241123.234375
test_id_test_id_000233_36,test_id_000233,28,random,5,1,test_id_000233_t5_c1,little,little_0,0,0.6,0.8,27,342463.47,283988.46875,307636.6875,313689.78125,328665.46875,LO,313689.78125,0.0,313689.78125
test_id_test_id_000233_37,test_id_000233,28,random,5,2,test_id_000233_t5_c2,big,big_1,1,1.4,0.98,27,105622.766,170950.046875,188473.25,193600.59375,205621.125,LO,193600.59375,0.0,193600.59375
test_id_test_id_000233_38,test_id_000233,28,random,5,3,test_id_000233_t5_c3,little,little_1,1,0.9,0.86,27,233619.55,249236.53125,272387.40625,279195.46875,294677.84375,LO,279195.46875,0.0,279195.46875
test_id_test_id_000233_39,test_id_000233,28,random,5,4,test_id_000233_t5_c4,big,big_0,2,1.8,1.06,27,81326.76,137937.875,153922.65625,158408.9375,169344.40625,LO,158408.9375,0.0,158408.9375
test_id_test_id_000233_40,test_id_000233,28,random,5,5,test_id_000233_t5_c5,little,little_1,2,1.2,0.93,27,188728.62,210163.4375,230057.765625,235903.1875,249293.8125,LO,235903.1875,0.0,235903.1875
test_id_test_id_000233_41,test_id_000233,28,random,5,6,test_id_000233_t5_c6,big,big_0,3,2.2,1.15,27,66252.664,110174.921875,125577.671875,129698.71875,140087.8125,LO,129698.71875,0.0,129698.71875
test_id_test_id_000241_00,test_id_000241,19,source_like,0,0,test_id_000241_t0_c0,little,little_1,1,0.9,0.86,18,207198.47,215705.734375,237092.71875,243448.078125,258118.03125,HI,243448.078125,15665.78125,259113.859375
test_id_test_id_000241_01,test_id_000241,19,source_like,0,1,test_id_000241_t0_c1,big,big_1,2,1.8,1.06,18,70092.336,108113.125,123174.109375,127246.234375,137520.0,HI,127246.234375,15665.78125,142912.015625
test_id_test_id_000241_02,test_id_000241,19,source_like,0,2,test_id_000241_t0_c2,little,little_1,2,1.2,0.93,18,149538.62,168291.796875,185720.046875,190795.9375,202772.375,HI,190795.9375,15665.78125,206461.71875
test_id_test_id_000241_03,test_id_000241,19,source_like,0,3,test_id_000241_t0_c3,big,big_0,3,2.2,1.15,18,54407.742,89987.15625,104859.8125,108825.28125,118826.609375,HI,108825.28125,15665.78125,124491.0625
test_id_test_id_000241_04,test_id_000241,19,source_like,0,4,test_id_000241_t0_c4,little,little_1,3,1.5,1.0,18,123333.14,148599.5,164807.0,169445.890625,180615.84375,HI,169445.890625,15665.78125,185111.671875
test_id_test_id_000241_05,test_id_000241,19,source_like,0,5,test_id_000241_t0_c5,big,big_0,0,1.0,0.9,18,109539.15,179192.40625,197707.8125,203205.65625,216000.9375,HI,203205.65625,15665.78125,218871.4375
test_id_test_id_000241_06,test_id_000241,19,source_like,0,6,test_id_000241_t0_c6,little,little_0,0,0.6,0.8,18,291733.8,267144.375,290964.71875,297273.875,312827.71875,HI,297273.875,15665.78125,312939.65625
test_id_test_id_000241_07,test_id_000241,439,sink_like,1,0,test_id_000241_t1_c0,big,big_1,2,1.8,1.06,438,142247.95,307900.6875,334550.8125,342156.4375,359091.96875,HI,342156.4375,15665.78125,357822.21875
test_id_test_id_000241_08,test_id_000241,439,sink_like,1,1,test_id_000241_t1_c1,little,little_0,2,1.2,0.93,438,192191.28,454806.375,494165.84375,505523.53125,528680.9375,HI,505523.53125,15665.78125,521189.3125
test_id_test_id_000241_09,test_id_000241,439,sink_like,1,2,test_id_000241_t1_c2,big,big_0,3,2.2,1.15,438,140106.75,248106.5,270459.40625,276997.75,291751.0625,HI,276997.75,15665.78125,292663.53125
test_id_test_id_000241_10,test_id_000241,439,sink_like,1,3,test_id_000241_t1_c3,little,little_1,3,1.5,1.0,438,210521.62,400010.1875,434423.5,444217.8125,465074.0625,HI,444217.8125,15665.78125,459883.59375
test_id_test_id_000241_11,test_id_000241,439,sink_like,1,4,test_id_000241_t1_c4,big,big_1,0,1.0,0.9,438,234715.39,474269.5625,515331.4375,527254.625,551125.8125,HI,527254.625,15665.78125,542920.40625
test_id_test_id_000241_12,test_id_000241,439,sink_like,1,5,test_id_000241_t1_c5,little,little_0,0,0.6,0.8,438,382694.06,572476.25,616943.5,629292.625,652205.5,HI,629292.625,15665.78125,644958.40625
test_id_test_id_000241_13,test_id_000241,439,sink_like,1,6,test_id_000241_t1_c6,big,big_1,1,1.4,0.98,438,175730.44,379662.375,412280.03125,421536.78125,441508.84375,HI,421536.78125,15665.78125,437202.5625
test_id_test_id_000241_14,test_id_000241,186,middle,2,0,test_id_000241_t2_c0,little,little_1,2,1.2,0.93,185,314438.0,547902.75,595896.4375,610166.875,637061.6875,HI,610166.875,15665.78125,625832.65625
test_id_test_id_000241_15,test_id_000241,186,middle,2,1,test_id_000241_t2_c1,big,big_1,3,2.2,1.15,185,140706.17,288406.3125,313620.875,320870.0625,337088.59375,HI,320870.0625,15665.78125,336535.84375
test_id_test_id_000241_16,test_id_000241,186,middle,2,2,test_id_000241_t2_c2,little,little_1,3,1.5,1.0,185,223374.1,467488.375,508129.0,519914.71875,543694.875,HI,519914.71875,15665.78125,535580.5
test_id_test_id_000241_17,test_id_000241,186,middle,2,3,test_id_000241_t2_c3,big,big_1,0,1.0,0.9,185,297904.66,584935.4375,635782.25,651031.1875,678855.125,HI,651031.1875,15665.78125,666696.96875
test_id_test_id_000241_18,test_id_000241,186,middle,2,4,test_id_000241_t2_c4,little,little_1,0,0.6,0.8,185,402313.12,919007.9375,1009065.625,1029751.1875,1084040.375,HI,1029751.1875,15665.78125,1045416.96875
test_id_test_id_000241_19,test_id_000241,186,middle,2,5,test_id_000241_t2_c5,big,big_1,1,1.4,0.98,185,170008.69,446462.25,485036.65625,496129.6875,518928.3125,HI,496129.6875,15665.78125,511795.46875
test_id_test_id_000241_20,test_id_000241,186,middle,2,6,test_id_000241_t2_c6,little,little_1,1,0.9,0.86,185,422658.7,736816.4375,804565.9375,825185.3125,861811.625,HI,825185.3125,15665.78125,840851.09375
test_id_test_id_000241_21,test_id_000241,280,high_degree,3,0,test_id_000241_t3_c0,big,big_0,3,2.2,1.15,279,252749.14,527856.125,574264.125,588031.25,614410.8125,HI,588031.25,15665.78125,603697.03125
test_id_test_id_000241_22,test_id_000241,280,high_degree,3,1,test_id_000241_t3_c1,little,little_1,3,1.5,1.0,279,441944.56,800112.6875,879145.1875,902581.875,947213.5625,HI,902581.875,15665.78125,918247.65625
test_id_test_id_000241_23,test_id_000241,280,high_degree,3,2,test_id_000241_t3_c2,big,big_0,0,1.0,0.9,279,500664.1,1001008.6875,1106879.625,1132439.75,1204286.5,HI,1132439.75,15665.78125,1148105.53125
test_id_test_id_000241_24,test_id_000241,280,high_degree,3,3,test_id_000241_t3_c3,little,little_0,0,0.6,0.8,279,878132.9,1640622.0,2054061.25,2111876.5,2184921.5,HI,2111876.5,15665.78125,2127542.28125
test_id_test_id_000241_25,test_id_000241,280,high_degree,3,4,test_id_000241_t3_c4,big,big_0,1,1.4,0.98,279,299310.16,746983.4375,816558.6875,837707.8125,875647.9375,HI,837707.8125,15665.78125,853373.59375
test_id_test_id_000241_26,test_id_000241,280,high_degree,3,5,test_id_000241_t3_c5,little,little_0,1,0.9,0.86,279,741897.75,1252480.25,1405499.5,1442174.75,1563154.5,HI,1442174.75,15665.78125,1457840.53125
test_id_test_id_000241_27,test_id_000241,280,high_degree,3,6,test_id_000241_t3_c6,big,big_1,2,1.8,1.06,279,292516.44,621828.8125,677365.25,694313.875,724687.75,HI,694313.875,15665.78125,709979.65625
test_id_test_id_000241_28,test_id_000241,377,communication_heavy,4,0,test_id_000241_t4_c0,little,little_1,3,1.5,1.0,376,448009.0,872681.1875,962609.9375,987614.25,1040871.0,HI,987614.25,15665.78125,1003280.03125
test_id_test_id_000241_29,test_id_000241,377,communication_heavy,4,1,test_id_000241_t4_c1,big,big_0,0,1.0,0.9,376,438930.88,1102511.5,1223499.5,1253627.875,1351238.0,HI,1253627.875,15665.78125,1269293.65625
test_id_test_id_000241_30,test_id_000241,377,communication_heavy,4,2,test_id_000241_t4_c2,little,little_1,0,0.6,0.8,376,939589.44,1722592.75,2256190.5,2330529.0,2397866.75,HI,2330529.0,15665.78125,2346194.78125
test_id_test_id_000241_31,test_id_000241,377,communication_heavy,4,3,test_id_000241_t4_c3,big,big_1,1,1.4,0.98,376,448429.56,823356.75,903525.5,926837.75,972209.0,HI,926837.75,15665.78125,942503.53125
test_id_test_id_000241_32,test_id_000241,377,communication_heavy,4,4,test_id_000241_t4_c4,little,little_1,1,0.9,0.86,376,693654.44,1387571.75,1592678.0,1631086.5,1735477.0,HI,1631086.5,15665.78125,1646752.28125
test_id_test_id_000241_33,test_id_000241,377,communication_heavy,4,5,test_id_000241_t4_c5,big,big_0,2,1.8,1.06,376,413369.97,669907.125,731368.125,750308.25,783883.5,HI,750308.25,15665.78125,765974.03125
test_id_test_id_000241_34,test_id_000241,377,communication_heavy,4,6,test_id_000241_t4_c6,little,little_1,2,1.2,0.93,376,488505.3,1083023.5,1203795.0,1233577.625,1327664.25,HI,1233577.625,15665.78125,1249243.40625
test_id_test_id_000241_35,test_id_000241,308,random,5,0,test_id_000241_t5_c0,big,big_0,0,1.0,0.9,307,185519.78,425663.5,462657.25,473293.375,495417.3125,HI,473293.375,15665.78125,488959.15625
test_id_test_id_000241_36,test_id_000241,308,random,5,1,test_id_000241_t5_c1,little,little_1,0,0.6,0.8,307,394544.38,475483.375,507619.5625,514896.4375,530546.125,HI,514896.4375,15665.78125,530562.21875
test_id_test_id_000241_37,test_id_000241,308,random,5,2,test_id_000241_t5_c2,big,big_1,1,1.4,0.98,307,133023.1,330232.3125,358725.5,366821.3125,384702.46875,HI,366821.3125,15665.78125,382487.09375
test_id_test_id_000241_38,test_id_000241,308,random,5,3,test_id_000241_t5_c3,little,little_0,1,0.9,0.86,307,317932.28,503636.75,548546.875,561919.625,587765.625,HI,561919.625,15665.78125,577585.40625
test_id_test_id_000241_39,test_id_000241,308,random,5,4,test_id_000241_t5_c4,big,big_0,2,1.8,1.06,307,110408.62,258488.9375,281495.21875,288173.71875,303223.1875,HI,288173.71875,15665.78125,303839.5
test_id_test_id_000241_40,test_id_000241,308,random,5,5,test_id_000241_t5_c5,little,little_1,2,1.2,0.93,307,220901.95,396265.375,430577.8125,440381.5,461225.5,HI,440381.5,15665.78125,456047.28125
test_id_test_id_000241_41,test_id_000241,308,random,5,6,test_id_000241_t5_c6,big,big_1,3,2.2,1.15,307,99072.195,208452.078125,228285.28125,234167.765625,247605.96875,HI,234167.765625,15665.78125,249833.546875
test_id_test_id_000254_00,test_id_000254,49,source_like,0,0,test_id_000254_t0_c0,big,big_0,1,1.4,0.98,48,66635.336,94168.765625,109166.09375,113319.453125,123737.03125,LO,113319.453125,0.0,113319.453125
test_id_test_id_000254_01,test_id_000254,49,source_like,0,1,test_id_000254_t0_c1,little,little_0,1,0.9,0.86,48,148489.19,167056.28125,186385.75,192294.21875,206144.640625,LO,192294.21875,0.0,192294.21875
test_id_test_id_000254_02,test_id_000254,49,source_like,0,2,test_id_000254_t0_c2,big,big_1,2,1.8,1.06,48,51152.668,76981.984375,91455.734375,95393.71875,105163.609375,LO,95393.71875,0.0,95393.71875
test_id_test_id_000254_03,test_id_000254,49,source_like,0,3,test_id_000254_t0_c3,little,little_0,2,1.2,0.93,48,109715.7,138369.40625,155071.359375,159998.625,171835.671875,LO,159998.625,0.0,159998.625
test_id_test_id_000254_04,test_id_000254,49,source_like,0,4,test_id_000254_t0_c4,big,big_0,3,2.2,1.15,48,43814.81,65445.6875,79299.796875,83139.546875,92507.53125,LO,83139.546875,0.0,83139.546875
test_id_test_id_000254_05,test_id_000254,49,source_like,0,5,test_id_000254_t0_c5,little,little_1,3,1.5,1.0,48,86809.62,113230.046875,128449.640625,132759.390625,143458.96875,LO,132759.390625,0.0,132759.390625
test_id_test_id_000254_06,test_id_000254,49,source_like,0,6,test_id_000254_t0_c6,big,big_1,0,1.0,0.9,48,95178.25,133440.734375,150433.703125,155467.5625,167609.328125,LO,155467.5625,0.0,155467.5625
test_id_test_id_000254_07,test_id_000254,273,sink_like,1,0,test_id_000254_t1_c0,little,little_0,1,0.9,0.86,272,417192.7,677138.1875,737987.375,756564.125,789298.875,LO,756564.125,0.0,756564.125
test_id_test_id_000254_08,test_id_000254,273,sink_like,1,1,test_id_000254_t1_c1,big,big_0,2,1.8,1.06,272,168742.05,337212.0625,366268.625,374522.875,392697.9375,LO,374522.875,0.0,374522.875
test_id_test_id_000254_09,test_id_000254,273,sink_like,1,2,test_id_000254_t1_c2,little,little_1,2,1.2,0.93,272,267530.94,516186.21875,561038.25,574218.375,599713.75,LO,574218.375,0.0,574218.375
test_id_test_id_000254_10,test_id_000254,273,sink_like,1,3,test_id_000254_t1_c3,big,big_0,3,2.2,1.15,272,127448.19,269786.03125,293662.8125,300585.625,316131.9375,LO,300585.625,0.0,300585.625
test_id_test_id_000254_11,test_id_000254,273,sink_like,1,4,test_id_000254_t1_c4,little,little_0,3,1.5,1.0,272,244019.58,438376.40625,476347.625,487266.5625,509828.0625,LO,487266.5625,0.0,487266.5625
test_id_test_id_000254_12,test_id_000254,273,sink_like,1,5,test_id_000254_t1_c5,big,big_0,0,1.0,0.9,272,218136.9,547852.125,595198.375,609221.0,635578.5625,LO,609221.0,0.0,609221.0
test_id_test_id_000254_13,test_id_000254,273,sink_like,1,6,test_id_000254_t1_c6,little,little_0,0,0.6,0.8,272,429121.94,796500.9375,865630.375,883596.4375,920606.375,LO,883596.4375,0.0,883596.4375
test_id_test_id_000254_14,test_id_000254,166,middle,2,0,test_id_000254_t2_c0,big,big_1,2,1.8,1.06,165,224800.94,495868.625,539116.625,551765.375,576711.5,LO,551765.375,0.0,551765.375
test_id_test_id_000254_15,test_id_000254,166,middle,2,1,test_id_000254_t2_c1,little,little_0,2,1.2,0.93,165,392271.4,738676.875,808020.8125,829059.25,867044.1875,LO,829059.25,0.0,829059.25
test_id_test_id_000254_16,test_id_000254,166,middle,2,2,test_id_000254_t2_c2,big,big_0,3,2.2,1.15,165,187357.28,403663.25,438659.0,448650.78125,469861.6875,LO,448650.78125,0.0,448650.78125
test_id_test_id_000254_17,test_id_000254,166,middle,2,3,test_id_000254_t2_c3,little,little_0,3,1.5,1.0,165,297354.53,614059.75,669136.75,685911.375,716222.875,LO,685911.375,0.0,685911.375
test_id_test_id_000254_18,test_id_000254,166,middle,2,4,test_id_000254_t2_c4,big,big_1,0,1.0,0.9,165,327404.97,756110.5,825508.0,846447.625,884136.5,LO,846447.625,0.0,846447.625
test_id_test_id_000254_19,test_id_000254,166,middle,2,5,test_id_000254_t2_c5,little,little_0,0,0.6,0.8,165,776783.75,1353058.25,1542259.5,1579878.25,1686906.5,LO,1579878.25,0.0,1579878.25
test_id_test_id_000254_20,test_id_000254,166,middle,2,6,test_id_000254_t2_c6,big,big_0,1,1.4,0.98,165,257179.14,594177.0,646188.75,661848.5625,690327.1875,LO,661848.5625,0.0,661848.5625
test_id_test_id_000254_21,test_id_000254,178,communication_heavy,3,0,test_id_000254_t3_c0,little,little_1,2,1.2,0.93,177,300150.2,665245.0,724924.1875,743128.5625,775356.0,LO,743128.5625,0.0,743128.5625
test_id_test_id_000254_22,test_id_000254,178,communication_heavy,3,1,test_id_000254_t3_c1,big,big_0,3,2.2,1.15,177,137754.44,369166.1875,400963.1875,409988.875,429579.125,LO,409988.875,0.0,409988.875
test_id_test_id_000254_23,test_id_000254,178,communication_heavy,3,2,test_id_000254_t3_c2,little,little_0,3,1.5,1.0,177,303470.38,568604.25,618784.0,633835.75,661809.1875,LO,633835.75,0.0,633835.75
test_id_test_id_000254_24,test_id_000254,178,communication_heavy,3,3,test_id_000254_t3_c3,big,big_0,0,1.0,0.9,177,311418.0,685290.5,745975.5,764518.0,796912.0625,LO,764518.0,0.0,764518.0
test_id_test_id_000254_25,test_id_000254,178,communication_heavy,3,4,test_id_000254_t3_c4,little,little_0,0,0.6,0.8,177,530413.0,1156845.0,1284986.5,1317453.5,1426682.0,LO,1317453.5,0.0,1317453.5
test_id_test_id_000254_26,test_id_000254,178,communication_heavy,3,5,test_id_000254_t3_c5,big,big_0,1,1.4,0.98,177,278011.12,550924.125,598743.8125,612927.8125,639590.5,LO,612927.8125,0.0,612927.8125
test_id_test_id_000254_27,test_id_000254,178,communication_heavy,3,6,test_id_000254_t3_c6,little,little_1,1,0.9,0.86,177,388636.28,871852.6875,956440.8125,979965.6875,1029184.9375,LO,979965.6875,0.0,979965.6875
test_id_test_id_000254_28,test_id_000254,243,random,4,0,test_id_000254_t4_c0,big,big_0,3,2.2,1.15,242,72088.266,122561.765625,138231.5,142492.75,153108.125,LO,142492.75,0.0,142492.75
test_id_test_id_000254_29,test_id_000254,243,random,4,1,test_id_000254_t4_c1,little,little_0,3,1.5,1.0,242,141542.73,210868.1875,230720.6875,236545.96875,249886.90625,LO,236545.96875,0.0,236545.96875
test_id_test_id_000254_30,test_id_000254,243,random,4,2,test_id_000254_t4_c2,big,big_1,0,1.0,0.9,242,142982.27,234131.84375,255645.015625,261950.4375,276261.34375,LO,261950.4375,0.0,261950.4375
test_id_test_id_000254_31,test_id_000254,243,random,4,3,test_id_000254_t4_c3,little,little_0,0,0.6,0.8,242,331384.94,293545.59375,316817.25,322572.28125,336871.375,LO,322572.28125,0.0,322572.28125
test_id_test_id_000254_32,test_id_000254,243,random,4,4,test_id_000254_t4_c4,big,big_0,1,1.4,0.98,242,99559.27,191436.234375,210094.484375,215584.015625,228273.453125,LO,215584.015625,0.0,215584.015625
test_id_test_id_000254_33,test_id_000254,243,random,4,5,test_id_000254_t4_c5,little,little_0,1,0.9,0.86,242,228325.92,275341.40625,299923.90625,307008.6875,323080.8125,LO,307008.6875,0.0,307008.6875
test_id_test_id_000254_34,test_id_000254,243,random,4,6,test_id_000254_t4_c6,big,big_1,2,1.8,1.06,242,86415.83,153803.5625,170509.46875,175309.0625,186767.0,LO,175309.0625,0.0,175309.0625
test_id_test_id_000254_35,test_id_000254,101,diverse_fill_1,5,0,test_id_000254_t5_c0,little,little_0,3,1.5,1.0,100,188653.64,281033.90625,305583.53125,312638.6875,328465.65625,LO,312638.6875,0.0,312638.6875
test_id_test_id_000254_36,test_id_000254,101,diverse_fill_1,5,1,test_id_000254_t5_c1,big,big_0,0,1.0,0.9,100,179339.4,329166.875,357482.1875,365508.34375,383276.125,LO,365508.34375,0.0,365508.34375
test_id_test_id_000254_37,test_id_000254,101,diverse_fill_1,5,2,test_id_000254_t5_c2,little,little_1,0,0.6,0.8,100,431445.3,359142.5,384133.90625,389812.25,403349.375,LO,389812.25,0.0,389812.25
test_id_test_id_000254_38,test_id_000254,101,diverse_fill_1,5,3,test_id_000254_t5_c3,big,big_0,1,1.4,0.98,100,129823.766,259212.15625,282201.5,288851.6875,303857.34375,LO,288851.6875,0.0,288851.6875
test_id_test_id_000254_39,test_id_000254,101,diverse_fill_1,5,4,test_id_000254_t5_c4,little,little_0,1,0.9,0.86,100,271525.34,372455.65625,404446.5,413528.625,433197.6875,LO,413528.625,0.0,413528.625
test_id_test_id_000254_40,test_id_000254,101,diverse_fill_1,5,5,test_id_000254_t5_c5,big,big_0,2,1.8,1.06,100,108969.84,206880.84375,226583.640625,232421.890625,245762.671875,LO,232421.890625,0.0,232421.890625
test_id_test_id_000254_41,test_id_000254,101,diverse_fill_1,5,6,test_id_000254_t5_c6,little,little_0,2,1.2,0.93,100,201561.28,330283.0625,358636.375,366675.65625,384475.71875,LO,366675.65625,0.0,366675.65625
test_id_test_id_000341_00,test_id_000341,91,source_like,0,0,test_id_000341_t0_c0,big,big_1,2,1.8,1.06,90,76337.8,108879.96875,123975.5625,128057.5,138349.0625,HI,128057.5,15665.78125,143723.28125
test_id_test_id_000341_01,test_id_000341,91,source_like,0,1,test_id_000341_t0_c1,little,little_0,2,1.2,0.93,90,156344.28,172689.90625,190378.4375,195536.125,207670.34375,HI,195536.125,15665.78125,211201.90625
test_id_test_id_000341_02,test_id_000341,91,source_like,0,2,test_id_000341_t0_c2,big,big_1,3,2.2,1.15,90,57114.4,90094.796875,104999.328125,108968.6875,118977.421875,HI,108968.6875,15665.78125,124634.46875
test_id_test_id_000341_03,test_id_000341,91,source_like,0,3,test_id_000341_t0_c3,little,little_0,3,1.5,1.0,90,130506.555,148795.0,165009.21875,169652.984375,180828.34375,HI,169652.984375,15665.78125,185318.765625
test_id_test_id_000341_04,test_id_000341,91,source_like,0,4,test_id_000341_t0_c4,big,big_1,0,1.0,0.9,90,128182.18,175516.84375,193807.25,199223.78125,211871.875,HI,199223.78125,15665.78125,214889.5625
test_id_test_id_000341_05,test_id_000341,91,source_like,0,5,test_id_000341_t0_c5,little,little_0,0,0.6,0.8,90,314290.25,260117.03125,283514.40625,289645.21875,304902.71875,HI,289645.21875,15665.78125,305311.0
test_id_test_id_000341_06,test_id_000341,91,source_like,0,6,test_id_000341_t0_c6,big,big_0,1,1.4,0.98,90,89436.57,131333.84375,146902.65625,151289.5625,162042.3125,HI,151289.5625,15665.78125,166955.34375
test_id_test_id_000341_07,test_id_000341,269,sink_like,1,0,test_id_000341_t1_c0,little,little_0,2,1.2,0.93,268,279191.06,610682.4375,664295.75,680472.0,709649.9375,HI,680472.0,15665.78125,696137.78125
test_id_test_id_000341_08,test_id_000341,269,sink_like,1,1,test_id_000341_t1_c1,big,big_0,3,2.2,1.15,268,153294.95,325745.875,353849.5,361844.84375,379546.75,HI,361844.84375,15665.78125,377510.625
test_id_test_id_000341_09,test_id_000341,269,sink_like,1,2,test_id_000341_t1_c2,little,little_1,3,1.5,1.0,268,214187.22,519880.0625,565169.625,578507.25,604258.0625,HI,578507.25,15665.78125,594173.03125
test_id_test_id_000341_10,test_id_000341,269,sink_like,1,3,test_id_000341_t1_c3,big,big_1,0,1.0,0.9,268,230938.84,635791.875,691094.5625,707889.0,737522.1875,HI,707889.0,15665.78125,723554.78125
test_id_test_id_000341_11,test_id_000341,269,sink_like,1,4,test_id_000341_t1_c4,little,little_0,0,0.6,0.8,268,470810.28,1065763.25,1179626.125,1206173.5,1291051.25,HI,1206173.5,15665.78125,1221839.28125
test_id_test_id_000341_12,test_id_000341,269,sink_like,1,5,test_id_000341_t1_c5,big,big_0,1,1.4,0.98,268,238647.56,501726.875,545116.25,557782.375,582619.5,HI,557782.375,15665.78125,573448.15625
test_id_test_id_000341_13,test_id_000341,269,sink_like,1,6,test_id_000341_t1_c6,little,little_0,1,0.9,0.86,268,250907.98,801894.125,876688.8125,898823.1875,940104.75,HI,898823.1875,15665.78125,914488.96875
test_id_test_id_000341_14,test_id_000341,149,middle,2,0,test_id_000341_t2_c0,big,big_0,3,2.2,1.15,148,157648.52,240680.609375,262556.53125,268983.03125,283510.375,HI,268983.03125,15665.78125,284648.8125
test_id_test_id_000341_15,test_id_000341,149,middle,2,1,test_id_000341_t2_c1,little,little_0,3,1.5,1.0,148,227386.89,414182.5,450028.9375,460287.8125,481868.375,HI,460287.8125,15665.78125,475953.59375
test_id_test_id_000341_16,test_id_000341,149,middle,2,2,test_id_000341_t2_c2,big,big_1,0,1.0,0.9,148,232748.31,509136.375,553390.875,566394.125,591629.0,HI,566394.125,15665.78125,582059.90625
test_id_test_id_000341_17,test_id_000341,149,middle,2,3,test_id_000341_t2_c3,little,little_1,0,0.6,0.8,148,385742.7,627288.125,673671.125,684323.5,706607.25,HI,684323.5,15665.78125,699989.28125
test_id_test_id_000341_18,test_id_000341,149,middle,2,4,test_id_000341_t2_c4,big,big_0,1,1.4,0.98,148,151597.67,390389.75,424073.53125,433665.75,454188.0,HI,433665.75,15665.78125,449331.53125
test_id_test_id_000341_19,test_id_000341,149,middle,2,5,test_id_000341_t2_c5,little,little_0,1,0.9,0.86,148,321852.56,622629.375,677927.0625,694750.1875,724802.9375,HI,694750.1875,15665.78125,710415.96875
test_id_test_id_000341_20,test_id_000341,149,middle,2,6,test_id_000341_t2_c6,big,big_0,2,1.8,1.06,148,151883.2,299811.96875,325860.96875,333312.75,349940.25,HI,333312.75,15665.78125,348978.53125
test_id_test_id_000341_21,test_id_000341,309,communication_heavy,3,0,test_id_000341_t3_c0,little,little_0,3,1.5,1.0,308,352453.06,642396.625,701084.4375,719076.875,751360.5,HI,719076.875,15665.78125,734742.65625
test_id_test_id_000341_22,test_id_000341,309,communication_heavy,3,1,test_id_000341_t3_c1,big,big_1,0,1.0,0.9,308,350210.44,788176.1875,861759.9375,883599.6875,924160.875,HI,883599.6875,15665.78125,899265.46875
test_id_test_id_000341_23,test_id_000341,309,communication_heavy,3,2,test_id_000341_t3_c2,little,little_1,0,0.6,0.8,308,716731.25,1445297.75,1682289.25,1722546.25,1816593.0,HI,1722546.25,15665.78125,1738212.03125
test_id_test_id_000341_24,test_id_000341,309,communication_heavy,3,3,test_id_000341_t3_c3,big,big_0,1,1.4,0.98,308,251068.58,610371.75,664159.875,680439.25,709780.25,HI,680439.25,15665.78125,696105.03125
test_id_test_id_000341_25,test_id_000341,309,communication_heavy,3,4,test_id_000341_t3_c4,little,little_1,1,0.9,0.86,308,461573.6,1044685.5625,1157341.25,1184402.5,1266703.75,HI,1184402.5,15665.78125,1200068.28125
test_id_test_id_000341_26,test_id_000341,309,communication_heavy,3,5,test_id_000341_t3_c5,big,big_1,2,1.8,1.06,308,174380.31,501054.0625,544796.75,557615.5625,582781.3125,HI,557615.5625,15665.78125,573281.34375
test_id_test_id_000341_27,test_id_000341,309,communication_heavy,3,6,test_id_000341_t3_c6,little,little_1,2,1.2,0.93,308,389514.72,767265.5,840423.5625,862371.0,902830.6875,HI,862371.0,15665.78125,878036.78125
test_id_test_id_000341_28,test_id_000341,191,random,4,0,test_id_000341_t4_c0,big,big_1,0,1.0,0.9,190,86789.41,163666.75,182666.546875,188540.25,202255.546875,HI,188540.25,15665.78125,204206.03125
test_id_test_id_000341_29,test_id_000341,191,random,4,1,test_id_000341_t4_c1,little,little_1,0,0.6,0.8,190,217838.56,230645.25,255800.671875,263564.875,281787.84375,HI,263564.875,15665.78125,279230.65625
test_id_test_id_000341_30,test_id_000341,191,random,4,2,test_id_000341_t4_c2,big,big_0,1,1.4,0.98,190,58552.83,110267.0625,125756.015625,130144.484375,141030.625,HI,130144.484375,15665.78125,145810.265625
test_id_test_id_000341_31,test_id_000341,191,random,4,3,test_id_000341_t4_c3,little,little_1,1,0.9,0.86,190,137513.55,199436.453125,221012.875,227759.875,243254.703125,HI,227759.875,15665.78125,243425.65625
test_id_test_id_000341_32,test_id_000341,191,random,4,4,test_id_000341_t4_c4,big,big_1,2,1.8,1.06,190,46883.668,84644.109375,99449.0625,103521.5,113671.78125,HI,103521.5,15665.78125,119187.28125
test_id_test_id_000341_33,test_id_000341,191,random,4,5,test_id_000341_t4_c5,little,little_0,2,1.2,0.93,190,101786.24,162104.5,180289.3125,185799.9375,198689.6875,HI,185799.9375,15665.78125,201465.71875
test_id_test_id_000341_34,test_id_000341,191,random,4,6,test_id_000341_t4_c6,big,big_0,3,2.2,1.15,190,41988.465,68825.359375,82956.734375,86926.109375,96625.078125,HI,86926.109375,15665.78125,102591.890625
test_id_test_id_000341_35,test_id_000341,87,diverse_fill_1,5,0,test_id_000341_t5_c0,little,little_0,0,0.6,0.8,86,108807.445,126282.0,148772.03125,156005.90625,173032.34375,HI,156005.90625,15665.78125,171671.6875
test_id_test_id_000341_36,test_id_000341,87,diverse_fill_1,5,1,test_id_000341_t5_c1,big,big_1,1,1.4,0.98,86,35095.824,56614.125,70910.4375,75154.21875,85106.5,HI,75154.21875,15665.78125,90820.0
test_id_test_id_000341_37,test_id_000341,87,diverse_fill_1,5,2,test_id_000341_t5_c2,little,little_1,1,0.9,0.86,86,72605.79,105681.46875,124615.125,130520.40625,144614.1875,HI,130520.40625,15665.78125,146186.1875
test_id_test_id_000341_38,test_id_000341,87,diverse_fill_1,5,3,test_id_000341_t5_c3,big,big_0,2,1.8,1.06,86,27650.936,44300.734375,57503.5,61548.875,70932.984375,HI,61548.875,15665.78125,77214.65625
test_id_test_id_000341_39,test_id_000341,87,diverse_fill_1,5,4,test_id_000341_t5_c4,little,little_1,2,1.2,0.93,86,55430.676,84601.6875,101241.0,106216.1875,118178.890625,HI,106216.1875,15665.78125,121881.96875
test_id_test_id_000341_40,test_id_000341,87,diverse_fill_1,5,5,test_id_000341_t5_c5,big,big_1,3,2.2,1.15,86,20943.707,36306.625,49134.640625,53179.03125,62460.046875,HI,53179.03125,15665.78125,68844.8125
test_id_test_id_000341_41,test_id_000341,87,diverse_fill_1,5,6,test_id_000341_t5_c6,little,little_1,3,1.5,1.0,86,40810.305,69056.359375,84210.1875,88600.84375,99102.6875,HI,88600.84375,15665.78125,104266.625
test_id_test_id_000343_00,test_id_000343,11,source_like,0,0,test_id_000343_t0_c0,big,big_0,3,2.2,1.15,10,45744.33,73810.296875,88088.84375,91952.078125,101511.453125,LO,91952.078125,0.0,91952.078125
test_id_test_id_000343_01,test_id_000343,11,source_like,0,1,test_id_000343_t0_c1,little,little_0,3,1.5,1.0,10,100045.52,128584.3125,144141.734375,148575.78125,159433.578125,LO,148575.78125,0.0,148575.78125
test_id_test_id_000343_02,test_id_000343,11,source_like,0,2,test_id_000343_t0_c2,big,big_1,0,1.0,0.9,10,97579.66,158342.46875,176363.1875,181767.921875,194507.5625,LO,181767.921875,0.0,181767.921875
test_id_test_id_000343_03,test_id_000343,11,source_like,0,3,test_id_000343_t0_c3,little,little_1,0,0.6,0.8,10,258539.3,233579.46875,257963.484375,265159.125,282252.0625,LO,265159.125,0.0,265159.125
test_id_test_id_000343_04,test_id_000343,11,source_like,0,4,test_id_000343_t0_c4,big,big_1,1,1.4,0.98,10,69334.79,109216.71875,124330.78125,128530.8125,139039.90625,LO,128530.8125,0.0,128530.8125
test_id_test_id_000343_05,test_id_000343,11,source_like,0,5,test_id_000343_t0_c5,little,little_1,1,0.9,0.86,10,171685.38,185951.96875,206247.40625,212427.46875,226796.453125,LO,212427.46875,0.0,212427.46875
test_id_test_id_000343_06,test_id_000343,11,source_like,0,6,test_id_000343_t0_c6,big,big_1,2,1.8,1.06,10,54842.45,87798.203125,102563.015625,106524.734375,116499.71875,LO,106524.734375,0.0,106524.734375
test_id_test_id_000343_07,test_id_000343,466,sink_like,1,0,test_id_000343_t1_c0,little,little_1,3,1.5,1.0,465,320357.2,578723.125,630561.25,646217.25,675185.5625,LO,646217.25,0.0,646217.25
test_id_test_id_000343_08,test_id_000343,466,sink_like,1,1,test_id_000343_t1_c1,big,big_1,0,1.0,0.9,465,340517.2,716447.4375,781347.625,801119.6875,836030.625,LO,801119.6875,0.0,801119.6875
test_id_test_id_000343_09,test_id_000343,466,sink_like,1,2,test_id_000343_t1_c2,little,little_0,0,0.6,0.8,465,635758.8,1365019.25,1561175.75,1599322.0,1704579.25,LO,1599322.0,0.0,1599322.0
test_id_test_id_000343_10,test_id_000343,466,sink_like,1,3,test_id_000343_t1_c3,big,big_0,1,1.4,0.98,465,243823.81,558469.125,607309.25,621860.0625,649077.9375,LO,621860.0625,0.0,621860.0625
test_id_test_id_000343_11,test_id_000343,466,sink_like,1,4,test_id_000343_t1_c4,little,little_0,1,0.9,0.86,465,426443.5,961084.875,1060342.875,1085275.25,1149336.25,LO,1085275.25,0.0,1085275.25
test_id_test_id_000343_12,test_id_000343,466,sink_like,1,5,test_id_000343_t1_c5,big,big_0,2,1.8,1.06,465,176926.52,450146.9375,489305.8125,500607.3125,523764.5,LO,500607.3125,0.0,500607.3125
test_id_test_id_000343_13,test_id_000343,466,sink_like,1,6,test_id_000343_t1_c6,little,little_0,2,1.2,0.93,465,441935.03,696153.875,760480.75,780124.875,815158.625,LO,780124.875,0.0,780124.875
test_id_test_id_000343_14,test_id_000343,241,middle,2,0,test_id_000343_t2_c0,big,big_1,0,1.0,0.9,240,194781.52,405327.65625,440387.0625,450403.625,471587.90625,LO,450403.625,0.0,450403.625
test_id_test_id_000343_15,test_id_000343,241,middle,2,1,test_id_000343_t2_c1,little,little_0,0,0.6,0.8,240,357569.47,435746.9375,466536.875,473807.15625,489789.3125,LO,473807.15625,0.0,473807.15625
test_id_test_id_000343_16,test_id_000343,241,middle,2,2,test_id_000343_t2_c2,big,big_1,1,1.4,0.98,240,121658.64,327811.625,356060.9375,364083.9375,381838.4375,LO,364083.9375,0.0,364083.9375
test_id_test_id_000343_17,test_id_000343,241,middle,2,3,test_id_000343_t2_c3,little,little_1,1,0.9,0.86,240,266833.12,462137.9375,502718.8125,514572.1875,538418.125,LO,514572.1875,0.0,514572.1875
test_id_test_id_000343_18,test_id_000343,241,middle,2,4,test_id_000343_t2_c4,big,big_0,2,1.8,1.06,240,135839.88,257103.15625,280005.34375,286655.0,301647.28125,LO,286655.0,0.0,286655.0
test_id_test_id_000343_19,test_id_000343,241,middle,2,5,test_id_000343_t2_c5,little,little_1,2,1.2,0.93,240,237101.53,385803.46875,419102.0,428580.65625,448913.8125,LO,428580.65625,0.0,428580.65625
test_id_test_id_000343_20,test_id_000343,241,middle,2,6,test_id_000343_t2_c6,big,big_1,3,2.2,1.15,240,122800.625,208653.71875,228452.03125,234311.203125,247710.21875,LO,234311.203125,0.0,234311.203125
test_id_test_id_000343_21,test_id_000343,155,high_degree,3,0,test_id_000343_t3_c0,little,little_1,0,0.6,0.8,154,1027821.44,1686169.5,2162229.5,2228231.0,2297856.75,LO,2228231.0,0.0,2228231.0
test_id_test_id_000343_22,test_id_000343,155,high_degree,3,1,test_id_000343_t3_c1,big,big_0,1,1.4,0.98,154,404023.03,792185.0,867924.375,890454.6875,932553.125,LO,890454.6875,0.0,890454.6875
test_id_test_id_000343_23,test_id_000343,155,high_degree,3,2,test_id_000343_t3_c2,little,little_1,1,0.9,0.86,154,539231.94,1325397.75,1502840.5,1540158.0,1653049.5,LO,1540158.0,0.0,1540158.0
test_id_test_id_000343_24,test_id_000343,155,high_degree,3,3,test_id_000343_t3_c3,big,big_1,2,1.8,1.06,154,332757.97,646169.75,704597.1875,722532.875,754426.75,LO,722532.875,0.0,722532.875
test_id_test_id_000343_25,test_id_000343,155,high_degree,3,4,test_id_000343_t3_c4,little,little_1,2,1.2,0.93,154,606328.9,1033398.8125,1147298.125,1174760.75,1256163.0,LO,1174760.75,0.0,1174760.75
test_id_test_id_000343_26,test_id_000343,155,high_degree,3,5,test_id_000343_t3_c5,big,big_0,3,2.2,1.15,154,338290.38,555077.375,604371.375,619170.5,646930.5,LO,619170.5,0.0,619170.5
test_id_test_id_000343_27,test_id_000343,155,high_degree,3,6,test_id_000343_t3_c6,little,little_0,3,1.5,1.0,154,398519.06,839223.0625,923998.5625,948385.8125,997353.5625,LO,948385.8125,0.0,948385.8125
test_id_test_id_000343_28,test_id_000343,143,communication_heavy,4,0,test_id_000343_t4_c0,big,big_0,1,1.4,0.98,142,486032.06,848384.5,932321.625,956186.125,1004517.125,LO,956186.125,0.0,956186.125
test_id_test_id_000343_29,test_id_000343,143,communication_heavy,4,1,test_id_000343_t4_c1,little,little_1,1,0.9,0.86,142,687678.5,1411842.25,1629328.75,1668305.0,1768847.5,LO,1668305.0,0.0,1668305.0
test_id_test_id_000343_30,test_id_000343,143,communication_heavy,4,2,test_id_000343_t4_c2,big,big_0,2,1.8,1.06,142,447232.84,683573.3125,746847.25,766364.9375,800988.375,LO,766364.9375,0.0,766364.9375
test_id_test_id_000343_31,test_id_000343,143,communication_heavy,4,3,test_id_000343_t4_c3,little,little_1,2,1.2,0.93,142,588765.8,1110517.125,1235358.125,1266891.875,1369267.0,LO,1266891.875,0.0,1266891.875
test_id_test_id_000343_32,test_id_000343,143,communication_heavy,4,4,test_id_000343_t4_c4,big,big_0,3,2.2,1.15,142,254698.9,578383.625,630159.6875,645852.0,674785.375,LO,645852.0,0.0,645852.0
test_id_test_id_000343_33,test_id_000343,143,communication_heavy,4,5,test_id_000343_t4_c5,little,little_0,3,1.5,1.0,142,479702.78,905084.3125,1000742.125,1026367.375,1084827.875,LO,1026367.375,0.0,1026367.375
test_id_test_id_000343_34,test_id_000343,143,communication_heavy,4,6,test_id_000343_t4_c6,big,big_1,0,1.0,0.9,142,382076.6,1142223.5,1269397.875,1302094.0,1410870.75,LO,1302094.0,0.0,1302094.0
test_id_test_id_000343_35,test_id_000343,293,random,5,0,test_id_000343_t5_c0,little,little_0,1,0.9,0.86,292,340445.94,618118.5,673795.375,690791.5,721261.25,LO,690791.5,0.0,690791.5
test_id_test_id_000343_36,test_id_000343,293,random,5,1,test_id_000343_t5_c1,big,big_0,2,1.8,1.06,292,156885.28,288375.6875,313587.09375,320828.84375,337025.40625,LO,320828.84375,0.0,320828.84375
test_id_test_id_000343_37,test_id_000343,293,random,5,2,test_id_000343_t5_c2,little,little_1,2,1.2,0.93,292,217108.62,459441.84375,499439.71875,511038.78125,534535.25,LO,511038.78125,0.0,511038.78125
test_id_test_id_000343_38,test_id_000343,293,random,5,3,test_id_000343_t5_c3,big,big_1,3,2.2,1.15,292,149211.33,233769.609375,255195.46875,261510.21875,275806.96875,LO,261510.21875,0.0,261510.21875
test_id_test_id_000343_39,test_id_000343,293,random,5,4,test_id_000343_t5_c4,little,little_0,3,1.5,1.0,292,233087.25,399454.46875,434038.1875,443919.0,464898.65625,LO,443919.0,0.0,443919.0
test_id_test_id_000343_40,test_id_000343,293,random,5,5,test_id_000343_t5_c5,big,big_0,0,1.0,0.9,292,234308.69,490312.09375,533053.25,545549.0625,570217.75,LO,545549.0625,0.0,545549.0625
test_id_test_id_000343_41,test_id_000343,293,random,5,6,test_id_000343_t5_c6,little,little_0,0,0.6,0.8,292,509571.06,687822.1875,741190.25,753135.875,778603.0,LO,753135.875,0.0,753135.875
test_id_test_id_000386_00,test_id_000386,14,source_like,0,0,test_id_000386_t0_c0,little,little_0,1,0.9,0.86,13,173220.88,209062.890625,230486.34375,236966.34375,251895.625,HI,236966.34375,15665.78125,252632.125
test_id_test_id_000386_01,test_id_000386,14,source_like,0,1,test_id_000386_t0_c1,big,big_0,2,1.8,1.06,13,60034.34,94975.515625,109864.734375,113853.8125,123945.09375,HI,113853.8125,15665.78125,129519.59375
test_id_test_id_000386_02,test_id_000386,14,source_like,0,2,test_id_000386_t0_c2,little,little_0,2,1.2,0.93,13,131659.03,156714.125,173840.9375,178862.5,190773.265625,HI,178862.5,15665.78125,194528.28125
test_id_test_id_000386_03,test_id_000386,14,source_like,0,3,test_id_000386_t0_c3,big,big_1,3,2.2,1.15,13,48259.793,79735.265625,94295.140625,98194.390625,107924.125,HI,98194.390625,15665.78125,113860.171875
test_id_test_id_000386_04,test_id_000386,14,source_like,0,4,test_id_000386_t0_c4,little,little_1,3,1.5,1.0,13,109022.836,137298.4375,153127.4375,157655.1875,168649.3125,HI,157655.1875,15665.78125,173320.96875
test_id_test_id_000386_05,test_id_000386,14,source_like,0,5,test_id_000386_t0_c5,big,big_1,0,1.0,0.9,13,111983.77,160022.0,177844.640625,183148.90625,195655.96875,HI,183148.90625,15665.78125,198814.6875
test_id_test_id_000386_06,test_id_000386,14,source_like,0,6,test_id_000386_t0_c6,little,little_0,0,0.6,0.8,13,258441.33,249715.28125,274217.21875,281183.6875,297935.5,HI,281183.6875,15665.78125,296849.46875
test_id_test_id_000386_07,test_id_000386,287,sink_like,1,0,test_id_000386_t1_c0,big,big_1,2,1.8,1.06,286,204053.88,450391.1875,489413.28125,500653.125,523692.6875,HI,500653.125,15665.78125,516318.90625
test_id_test_id_000386_08,test_id_000386,287,sink_like,1,1,test_id_000386_t1_c1,little,little_1,2,1.2,0.93,286,339672.1,675444.25,736300.875,754872.6875,787738.3125,HI,754872.6875,15665.78125,770538.46875
test_id_test_id_000386_09,test_id_000386,287,sink_like,1,2,test_id_000386_t1_c2,big,big_0,3,2.2,1.15,286,194367.12,366047.625,397578.0625,406525.25,425981.375,HI,406525.25,15665.78125,422191.03125
test_id_test_id_000386_10,test_id_000386,287,sink_like,1,3,test_id_000386_t1_c3,little,little_1,3,1.5,1.0,286,262529.5,570774.375,620967.875,636017.375,663914.5625,HI,636017.375,15665.78125,651683.15625
test_id_test_id_000386_11,test_id_000386,287,sink_like,1,4,test_id_000386_t1_c4,big,big_1,0,1.0,0.9,286,294630.25,699439.5625,761599.875,780600.1875,813790.375,HI,780600.1875,15665.78125,796265.96875
test_id_test_id_000386_12,test_id_000386,287,sink_like,1,5,test_id_000386_t1_c5,little,little_0,0,0.6,0.8,286,545145.5,1190609.625,1326213.75,1360197.25,1473530.75,HI,1360197.25,15665.78125,1375863.03125
test_id_test_id_000386_13,test_id_000386,287,sink_like,1,6,test_id_000386_t1_c6,big,big_1,1,1.4,0.98,286,300082.88,555818.25,604066.625,618399.5,645232.375,HI,618399.5,15665.78125,634065.28125
test_id_test_id_000386_14,test_id_000386,167,middle,2,0,test_id_000386_t2_c0,little,little_0,2,1.2,0.93,166,193603.19,377065.53125,409618.875,418879.75,438845.375,HI,418879.75,15665.78125,434545.53125
test_id_test_id_000386_15,test_id_000386,167,middle,2,1,test_id_000386_t2_c1,big,big_1,3,2.2,1.15,166,112620.27,203234.625,222716.421875,228485.859375,241711.375,HI,228485.859375,15665.78125,244151.640625
test_id_test_id_000386_16,test_id_000386,167,middle,2,2,test_id_000386_t2_c2,little,little_1,3,1.5,1.0,166,166521.78,337047.8125,366053.875,374289.40625,392444.8125,HI,374289.40625,15665.78125,389955.1875
test_id_test_id_000386_17,test_id_000386,167,middle,2,3,test_id_000386_t2_c3,big,big_1,0,1.0,0.9,166,263830.47,387103.6875,420594.125,430140.875,450568.875,HI,430140.875,15665.78125,445806.65625
test_id_test_id_000386_18,test_id_000386,167,middle,2,4,test_id_000386_t2_c4,little,little_0,0,0.6,0.8,166,393974.97,405905.625,433762.0,440024.5625,454461.34375,HI,440024.5625,15665.78125,455690.34375
test_id_test_id_000386_19,test_id_000386,167,middle,2,5,test_id_000386_t2_c5,big,big_0,1,1.4,0.98,166,185113.75,312936.1875,339987.4375,347689.1875,364819.875,HI,347689.1875,15665.78125,363354.96875
test_id_test_id_000386_20,test_id_000386,167,middle,2,6,test_id_000386_t2_c6,little,little_0,1,0.9,0.86,166,271967.3,437404.96875,475571.90625,486619.875,509336.09375,HI,486619.875,15665.78125,502285.65625
test_id_test_id_000386_21,test_id_000386,237,high_degree,3,0,test_id_000386_t3_c0,big,big_0,3,2.2,1.15,236,159253.23,276677.9375,301072.125,308121.4375,323935.25,HI,308121.4375,15665.78125,323787.21875
test_id_test_id_000386_22,test_id_000386,237,high_degree,3,1,test_id_000386_t3_c1,little,little_0,3,1.5,1.0,236,275239.5,459802.09375,500036.625,511722.5625,535411.25,HI,511722.5625,15665.78125,527388.34375
test_id_test_id_000386_23,test_id_000386,237,high_degree,3,2,test_id_000386_t3_c2,big,big_0,0,1.0,0.9,236,286952.25,583328.25,634385.25,649693.375,677746.875,HI,649693.375,15665.78125,665359.15625
test_id_test_id_000386_24,test_id_000386,237,high_degree,3,3,test_id_000386_t3_c3,little,little_1,0,0.6,0.8,236,521185.97,1158626.25,1296184.625,1328835.25,1431823.25,HI,1328835.25,15665.78125,1344501.03125
test_id_test_id_000386_25,test_id_000386,237,high_degree,3,4,test_id_000386_t3_c4,big,big_0,1,1.4,0.98,236,235476.0,445920.1875,484717.9375,495915.15625,518886.125,HI,495915.15625,15665.78125,511580.9375
test_id_test_id_000386_26,test_id_000386,237,high_degree,3,5,test_id_000386_t3_c5,little,little_0,1,0.9,0.86,236,351767.56,788073.875,863214.25,885704.375,927342.375,HI,885704.375,15665.78125,901370.15625
test_id_test_id_000386_27,test_id_000386,237,high_degree,3,6,test_id_000386_t3_c6,big,big_0,2,1.8,1.06,236,186304.23,347305.8125,377341.84375,385879.3125,404567.90625,HI,385879.3125,15665.78125,401545.09375
test_id_test_id_000386_28,test_id_000386,191,random,4,0,test_id_000386_t4_c0,little,little_0,3,1.5,1.0,190,194193.39,298715.9375,324588.75,331979.875,348491.0,HI,331979.875,15665.78125,347645.65625
test_id_test_id_000386_29,test_id_000386,191,random,4,1,test_id_000386_t4_c1,big,big_0,0,1.0,0.9,190,200170.72,352228.5,382606.875,391233.1875,410082.75,HI,391233.1875,15665.78125,406898.96875
test_id_test_id_000386_30,test_id_000386,191,random,4,2,test_id_000386_t4_c2,little,little_1,0,0.6,0.8,190,497474.84,365443.25,388505.1875,393185.375,404874.75,HI,393185.375,15665.78125,408851.15625
test_id_test_id_000386_31,test_id_000386,191,random,4,3,test_id_000386_t4_c3,big,big_1,1,1.4,0.98,190,153327.44,280107.34375,304607.9375,311641.59375,327430.46875,HI,311641.59375,15665.78125,327307.375
test_id_test_id_000386_32,test_id_000386,191,random,4,4,test_id_000386_t4_c4,little,little_1,1,0.9,0.86,190,336227.6,386072.9375,419846.625,429546.0625,450133.25,HI,429546.0625,15665.78125,445211.84375
test_id_test_id_000386_33,test_id_000386,191,random,4,5,test_id_000386_t4_c5,big,big_1,2,1.8,1.06,190,127220.55,222737.5,243389.625,249483.28125,263318.4375,HI,249483.28125,15665.78125,265149.0625
test_id_test_id_000386_34,test_id_000386,191,random,4,6,test_id_000386_t4_c6,little,little_0,2,1.2,0.93,190,276298.4,338535.25,367683.0,375958.71875,394167.65625,HI,375958.71875,15665.78125,391624.5
test_id_test_id_000386_35,test_id_000386,165,diverse_fill_1,5,0,test_id_000386_t5_c0,big,big_0,0,1.0,0.9,164,130305.61,212852.984375,234174.0625,240720.1875,255592.015625,HI,240720.1875,15665.78125,256385.96875
test_id_test_id_000386_36,test_id_000386,165,diverse_fill_1,5,1,test_id_000386_t5_c1,little,little_1,0,0.6,0.8,164,220935.78,266197.34375,291591.09375,298789.125,316202.6875,HI,298789.125,15665.78125,314454.90625
test_id_test_id_000386_37,test_id_000386,165,diverse_fill_1,5,2,test_id_000386_t5_c2,big,big_1,1,1.4,0.98,164,104565.6,165103.375,182744.8125,187993.3125,200284.0,HI,187993.3125,15665.78125,203659.09375
test_id_test_id_000386_38,test_id_000386,165,diverse_fill_1,5,3,test_id_000386_t5_c3,little,little_0,1,0.9,0.86,164,145239.36,243424.296875,267018.3125,274173.0625,290456.375,HI,274173.0625,15665.78125,289838.84375
test_id_test_id_000386_39,test_id_000386,165,diverse_fill_1,5,4,test_id_000386_t5_c4,big,big_1,2,1.8,1.06,164,71898.99,131987.59375,148027.59375,152555.875,163627.625,HI,152555.875,15665.78125,168221.65625
test_id_test_id_000386_40,test_id_000386,165,diverse_fill_1,5,5,test_id_000386_t5_c5,little,little_1,2,1.2,0.93,164,138603.12,208916.0,229333.640625,235479.15625,249464.984375,HI,235479.15625,15665.78125,251144.9375
test_id_test_id_000386_41,test_id_000386,165,diverse_fill_1,5,6,test_id_000386_t5_c6,big,big_1,3,2.2,1.15,164,66467.836,104040.625,119508.890625,123700.828125,134230.921875,HI,123700.828125,15665.78125,139366.609375
test_id_test_id_000423_00,test_id_000423,6,source_like,0,0,test_id_000423_t0_c0,big,big_1,3,2.2,1.15,5,33975.176,57999.875,71465.53125,75287.15625,84487.875,LO,75287.15625,0.0,75287.15625
test_id_test_id_000423_01,test_id_000423,6,source_like,0,1,test_id_000423_t0_c1,little,little_1,3,1.5,1.0,5,76732.484,100395.84375,115439.75,119672.453125,130257.390625,LO,119672.453125,0.0,119672.453125
test_id_test_id_000423_02,test_id_000423,6,source_like,0,2,test_id_000423_t0_c2,big,big_1,0,1.0,0.9,5,72634.46,115718.296875,132102.0625,136892.625,148635.578125,LO,136892.625,0.0,136892.625
test_id_test_id_000423_03,test_id_000423,6,source_like,0,3,test_id_000423_t0_c3,little,little_1,0,0.6,0.8,5,197486.45,179359.375,201123.46875,207900.984375,223809.921875,LO,207900.984375,0.0,207900.984375
test_id_test_id_000423_04,test_id_000423,6,source_like,0,4,test_id_000423_t0_c4,big,big_0,1,1.4,0.98,5,52328.29,83547.28125,98464.875,102592.5625,112861.75,LO,102592.5625,0.0,102592.5625
test_id_test_id_000423_05,test_id_000423,6,source_like,0,5,test_id_000423_t0_c5,little,little_1,1,0.9,0.86,5,130898.51,149505.46875,168008.8125,173647.125,187027.25,LO,173647.125,0.0,173647.125
test_id_test_id_000423_06,test_id_000423,6,source_like,0,6,test_id_000423_t0_c6,big,big_1,2,1.8,1.06,5,39880.805,68457.609375,82574.34375,86477.625,96023.8125,LO,86477.625,0.0,86477.625
test_id_test_id_000423_07,test_id_000423,72,sink_like,1,0,test_id_000423_t1_c0,little,little_0,3,1.5,1.0,71,410547.84,756594.875,828753.5,850599.375,890430.9375,LO,850599.375,0.0,850599.375
test_id_test_id_000423_08,test_id_000423,72,sink_like,1,1,test_id_000423_t1_c1,big,big_0,0,1.0,0.9,71,365726.47,949183.375,1045952.5,1070309.5,1131527.75,LO,1070309.5,0.0,1070309.5
test_id_test_id_000423_09,test_id_000423,72,sink_like,1,2,test_id_000423_t1_c2,little,little_0,0,0.6,0.8,71,735948.94,1569874.25,1903504.25,1952264.0,2031605.5,LO,1952264.0,0.0,1952264.0
test_id_test_id_000423_10,test_id_000423,72,sink_like,1,3,test_id_000423_t1_c3,big,big_0,1,1.4,0.98,71,345174.66,717682.25,783170.0625,803197.6875,838563.9375,LO,803197.6875,0.0,803197.6875
test_id_test_id_000423_11,test_id_000423,72,sink_like,1,4,test_id_000423_t1_c4,little,little_1,1,0.9,0.86,71,589850.94,1171006.0,1303975.5,1338284.25,1454713.75,LO,1338284.25,0.0,1338284.25
test_id_test_id_000423_12,test_id_000423,72,sink_like,1,5,test_id_000423_t1_c5,big,big_1,2,1.8,1.06,71,220166.89,604382.75,657632.4375,673774.8125,702891.6875,LO,673774.8125,0.0,673774.8125
test_id_test_id_000423_13,test_id_000423,72,sink_like,1,6,test_id_000423_t1_c6,little,little_0,2,1.2,0.93,71,458960.78,919695.8125,1014379.6875,1039092.0,1097212.75,LO,1039092.0,0.0,1039092.0
test_id_test_id_000423_14,test_id_000423,247,middle,2,0,test_id_000423_t2_c0,big,big_1,0,1.0,0.9,246,366487.25,714950.5,780117.25,799968.625,835087.375,LO,799968.625,0.0,799968.625
test_id_test_id_000423_15,test_id_000423,247,middle,2,1,test_id_000423_t2_c1,little,little_1,0,0.6,0.8,246,649147.4,1391144.0,1601930.25,1641068.75,1742819.0,LO,1641068.75,0.0,1641068.75
test_id_test_id_000423_16,test_id_000423,247,middle,2,2,test_id_000423_t2_c2,big,big_0,1,1.4,0.98,246,203718.64,545301.4375,592917.625,607042.375,633737.375,LO,607042.375,0.0,607042.375
test_id_test_id_000423_17,test_id_000423,247,middle,2,3,test_id_000423_t2_c3,little,little_1,1,0.9,0.86,246,420545.0,970329.75,1071571.25,1096790.125,1163017.875,LO,1096790.125,0.0,1096790.125
test_id_test_id_000423_18,test_id_000423,247,middle,2,4,test_id_000423_t2_c4,big,big_0,2,1.8,1.06,246,211396.75,438315.5,476464.375,487451.375,510149.875,LO,487451.375,0.0,487451.375
test_id_test_id_000423_19,test_id_000423,247,middle,2,5,test_id_000423_t2_c5,little,little_0,2,1.2,0.93,246,327231.3,693377.5,757438.75,777012.75,811838.5625,LO,777012.75,0.0,777012.75
test_id_test_id_000423_20,test_id_000423,247,middle,2,6,test_id_000423_t2_c6,big,big_0,3,2.2,1.15,246,182434.48,352449.625,382935.78125,391603.0625,410547.9375,LO,391603.0625,0.0,391603.0625
test_id_test_id_000423_21,test_id_000423,34,high_degree,3,0,test_id_000423_t3_c0,little,little_0,0,0.6,0.8,33,433192.62,487460.4375,521712.53125,529414.375,546315.125,LO,529414.375,0.0,529414.375
test_id_test_id_000423_22,test_id_000423,34,high_degree,3,1,test_id_000423_t3_c1,big,big_1,1,1.4,0.98,33,199876.39,357820.5625,388620.625,397357.0,416423.4375,LO,397357.0,0.0,397357.0
test_id_test_id_000423_23,test_id_000423,34,high_degree,3,2,test_id_000423_t3_c2,little,little_1,1,0.9,0.86,33,304542.72,506489.6875,551680.875,565150.25,591196.5625,LO,565150.25,0.0,565150.25
test_id_test_id_000423_24,test_id_000423,34,high_degree,3,3,test_id_000423_t3_c3,big,big_1,2,1.8,1.06,33,169427.67,291073.96875,316438.625,323709.1875,339974.4375,LO,323709.1875,0.0,323709.1875
test_id_test_id_000423_25,test_id_000423,34,high_degree,3,4,test_id_000423_t3_c4,little,little_1,2,1.2,0.93,33,298252.94,419146.0,455664.28125,466159.875,488092.375,LO,466159.875,0.0,466159.875
test_id_test_id_000423_26,test_id_000423,34,high_degree,3,5,test_id_000423_t3_c5,big,big_1,3,2.2,1.15,33,127732.74,238018.21875,259656.0,265997.0,280361.1875,LO,265997.0,0.0,265997.0
test_id_test_id_000423_27,test_id_000423,34,high_degree,3,6,test_id_000423_t3_c6,little,little_0,3,1.5,1.0,33,191217.77,374860.6875,407135.53125,416298.28125,436115.625,LO,416298.28125,0.0,416298.28125
test_id_test_id_000423_28,test_id_000423,71,communication_heavy,4,0,test_id_000423_t4_c0,big,big_1,1,1.4,0.98,70,494077.4,1083382.25,1203564.5,1233393.625,1326865.25,LO,1233393.625,0.0,1233393.625
test_id_test_id_000423_29,test_id_000423,71,communication_heavy,4,1,test_id_000423_t4_c1,little,little_0,1,0.9,0.86,70,1052498.8,1648396.75,2079175.0,2138892.0,2211680.5,LO,2138892.0,0.0,2138892.0
test_id_test_id_000423_30,test_id_000423,71,communication_heavy,4,2,test_id_000423_t4_c2,big,big_1,2,1.8,1.06,70,493411.16,856384.0625,943079.125,967728.875,1018320.6875,LO,967728.875,0.0,967728.875
test_id_test_id_000423_31,test_id_000423,71,communication_heavy,4,3,test_id_000423_t4_c3,little,little_0,2,1.2,0.93,70,793532.75,1363620.0,1558982.75,1597275.75,1706520.0,LO,1597275.75,0.0,1597275.75
test_id_test_id_000423_32,test_id_000423,71,communication_heavy,4,4,test_id_000423_t4_c4,big,big_1,3,2.2,1.15,70,494007.7,711674.625,779551.0,800618.0625,838211.6875,LO,800618.0625,0.0,800618.0625
test_id_test_id_000423_33,test_id_000423,71,communication_heavy,4,5,test_id_000423_t4_c5,little,little_1,3,1.5,1.0,70,616464.7,1118059.5,1245009.625,1277759.5,1383402.5,LO,1277759.5,0.0,1277759.5
test_id_test_id_000423_34,test_id_000423,71,communication_heavy,4,6,test_id_000423_t4_c6,big,big_0,0,1.0,0.9,70,675644.7,1468170.25,1719413.5,1760597.0,1851779.75,LO,1760597.0,0.0,1760597.0
test_id_test_id_000423_35,test_id_000423,45,random,5,0,test_id_000423_t5_c0,little,little_1,1,0.9,0.86,44,359294.53,638132.125,695517.375,713049.25,744224.4375,LO,713049.25,0.0,713049.25
test_id_test_id_000423_36,test_id_000423,45,random,5,1,test_id_000423_t5_c1,big,big_0,2,1.8,1.06,44,186412.8,315567.0,342855.4375,350633.3125,367897.5625,LO,350633.3125,0.0,350633.3125
test_id_test_id_000423_37,test_id_000423,45,random,5,2,test_id_000423_t5_c2,little,little_1,2,1.2,0.93,44,245060.28,488555.0625,531142.125,543582.75,568195.375,LO,543582.75,0.0,543582.75
test_id_test_id_000423_38,test_id_000423,45,random,5,3,test_id_000423_t5_c3,big,big_0,3,2.2,1.15,44,132961.58,259222.5625,282332.71875,289061.5625,304208.1875,LO,289061.5625,0.0,289061.5625
test_id_test_id_000423_39,test_id_000423,45,random,5,4,test_id_000423_t5_c4,little,little_0,3,1.5,1.0,44,233815.08,422387.625,458947.375,469423.25,491334.1875,LO,469423.25,0.0,469423.25
test_id_test_id_000423_40,test_id_000423,45,random,5,5,test_id_000423_t5_c5,big,big_0,0,1.0,0.9,44,286480.7,515145.75,560018.8125,573226.375,598746.75,LO,573226.375,0.0,573226.375
test_id_test_id_000423_41,test_id_000423,45,random,5,6,test_id_000423_t5_c6,little,little_1,0,0.6,0.8,44,569964.56,732906.125,793998.25,808935.75,839880.0,LO,808935.75,0.0,808935.75
test_id_test_id_000438_00,test_id_000438,7,source_like,0,0,test_id_000438_t0_c0,little,little_1,0,0.6,0.8,6,207463.53,213255.921875,237115.828125,244469.046875,261713.28125,HI,244469.046875,15665.78125,260134.828125
test_id_test_id_000438_01,test_id_000438,7,source_like,0,1,test_id_000438_t0_c1,big,big_1,1,1.4,0.98,6,68489.81,93789.390625,108803.359375,112955.390625,123371.5,HI,112955.390625,15665.78125,128621.171875
test_id_test_id_000438_02,test_id_000438,7,source_like,0,2,test_id_000438_t0_c2,little,little_1,1,0.9,0.86,6,145093.62,167217.125,186628.609375,192566.53125,206487.921875,HI,192566.53125,15665.78125,208232.3125
test_id_test_id_000438_03,test_id_000438,7,source_like,0,3,test_id_000438_t0_c3,big,big_1,2,1.8,1.06,6,47100.4,76018.1875,90467.796875,94396.296875,104129.453125,HI,94396.296875,15665.78125,110062.078125
test_id_test_id_000438_04,test_id_000438,7,source_like,0,4,test_id_000438_t0_c4,little,little_1,2,1.2,0.93,6,106394.586,136636.0625,153274.09375,158176.234375,169973.71875,HI,158176.234375,15665.78125,173842.015625
test_id_test_id_000438_05,test_id_000438,7,source_like,0,5,test_id_000438_t0_c5,big,big_0,3,2.2,1.15,6,38742.9,64186.390625,77962.484375,81788.6875,91106.09375,HI,81788.6875,15665.78125,97454.46875
test_id_test_id_000438_06,test_id_000438,7,source_like,0,6,test_id_000438_t0_c6,little,little_1,3,1.5,1.0,6,87559.02,111617.65625,126787.671875,131076.65625,141741.6875,HI,131076.65625,15665.78125,146742.4375
test_id_test_id_000438_07,test_id_000438,150,sink_like,1,0,test_id_000438_t1_c0,big,big_0,1,1.4,0.98,149,300470.97,666947.1875,727093.4375,745518.0625,778067.875,HI,745518.0625,15665.78125,761183.84375
test_id_test_id_000438_08,test_id_000438,150,sink_like,1,1,test_id_000438_t1_c1,little,little_0,1,0.9,0.86,149,538748.9,1149261.25,1277883.0,1311061.75,1423347.5,HI,1311061.75,15665.78125,1326727.53125
test_id_test_id_000438_09,test_id_000438,150,sink_like,1,2,test_id_000438_t1_c2,big,big_1,2,1.8,1.06,149,224969.66,552908.875,601590.0,616128.875,643448.625,HI,616128.875,15665.78125,631794.65625
test_id_test_id_000438_10,test_id_000438,150,sink_like,1,3,test_id_000438_t1_c3,little,little_1,2,1.2,0.93,149,390382.12,869988.125,957964.875,982353.375,1034099.6875,HI,982353.375,15665.78125,998019.15625
test_id_test_id_000438_11,test_id_000438,150,sink_like,1,4,test_id_000438_t1_c4,big,big_1,3,2.2,1.15,149,217725.8,460878.375,501208.0,512910.71875,536676.125,HI,512910.71875,15665.78125,528576.5
test_id_test_id_000438_12,test_id_000438,150,sink_like,1,5,test_id_000438_t1_c5,little,little_0,3,1.5,1.0,149,368559.88,705841.375,772412.125,792890.125,829523.25,HI,792890.125,15665.78125,808555.90625
test_id_test_id_000438_13,test_id_000438,150,sink_like,1,6,test_id_000438_t1_c6,big,big_0,0,1.0,0.9,149,486769.06,882969.4375,970093.375,993861.3125,1045242.4375,HI,993861.3125,15665.78125,1009527.09375
test_id_test_id_000438_14,test_id_000438,131,middle,2,0,test_id_000438_t2_c0,little,little_0,1,0.9,0.86,130,456672.1,1052060.5,1165656.75,1193041.0,1276987.625,HI,1193041.0,15665.78125,1208706.78125
test_id_test_id_000438_15,test_id_000438,131,middle,2,1,test_id_000438_t2_c1,big,big_0,2,1.8,1.06,130,288646.16,528584.125,574818.125,588490.75,614698.0,HI,588490.75,15665.78125,604156.53125
test_id_test_id_000438_16,test_id_000438,131,middle,2,2,test_id_000438_t2_c2,little,little_1,2,1.2,0.93,130,343333.75,798322.0,875354.5625,898089.8125,941178.875,HI,898089.8125,15665.78125,913755.59375
test_id_test_id_000438_17,test_id_000438,131,middle,2,3,test_id_000438_t2_c3,big,big_1,3,2.2,1.15,130,193787.62,441565.78125,479934.09375,490980.3125,513778.6875,HI,490980.3125,15665.78125,506646.09375
test_id_test_id_000438_18,test_id_000438,131,middle,2,4,test_id_000438_t2_c4,little,little_1,3,1.5,1.0,130,363015.88,659679.625,720003.25,738527.8125,771531.9375,HI,738527.8125,15665.78125,754193.59375
test_id_test_id_000438_19,test_id_000438,131,middle,2,5,test_id_000438_t2_c5,big,big_1,0,1.0,0.9,130,290743.53,805466.6875,880803.9375,902980.625,944797.5625,HI,902980.625,15665.78125,918646.40625
test_id_test_id_000438_20,test_id_000438,131,middle,2,6,test_id_000438_t2_c6,little,little_1,0,0.6,0.8,130,666655.5,1410333.25,1627445.75,1666463.75,1765829.25,HI,1666463.75,15665.78125,1682129.53125
test_id_test_id_000438_21,test_id_000438,124,communication_heavy,3,0,test_id_000438_t3_c0,big,big_1,2,1.8,1.06,123,247978.62,519450.875,564696.875,578018.625,603741.875,HI,578018.625,15665.78125,593684.40625
test_id_test_id_000438_22,test_id_000438,124,communication_heavy,3,1,test_id_000438_t3_c1,little,little_1,2,1.2,0.93,123,400492.4,764611.75,836931.375,858671.5625,898497.9375,HI,858671.5625,15665.78125,874337.34375
test_id_test_id_000438_23,test_id_000438,124,communication_heavy,3,2,test_id_000438_t3_c2,big,big_0,3,2.2,1.15,123,191478.06,427719.625,464764.78125,475380.75,497541.75,HI,475380.75,15665.78125,491046.53125
test_id_test_id_000438_24,test_id_000438,124,communication_heavy,3,3,test_id_000438_t3_c3,little,little_0,3,1.5,1.0,123,338198.3,641556.625,699405.1875,717108.4375,748688.75,HI,717108.4375,15665.78125,732774.21875
test_id_test_id_000438_25,test_id_000438,124,communication_heavy,3,4,test_id_000438_t3_c4,big,big_1,0,1.0,0.9,123,318831.38,783860.9375,856326.5625,877953.25,917708.125,HI,877953.25,15665.78125,893619.03125
test_id_test_id_000438_26,test_id_000438,124,communication_heavy,3,5,test_id_000438_t3_c5,little,little_1,0,0.6,0.8,123,754895.2,1360180.25,1553098.25,1590978.5,1697191.0,HI,1590978.5,15665.78125,1606644.28125
test_id_test_id_000438_27,test_id_000438,124,communication_heavy,3,6,test_id_000438_t3_c6,big,big_1,1,1.4,0.98,123,366040.0,617506.125,671693.875,688111.75,717505.625,HI,688111.75,15665.78125,703777.53125
test_id_test_id_000438_28,test_id_000438,5,random,4,0,test_id_000438_t4_c0,little,little_1,2,1.2,0.93,4,123507.96,163737.984375,181157.25,186266.671875,198322.65625,HI,186266.671875,15665.78125,201932.453125
test_id_test_id_000438_29,test_id_000438,5,random,4,1,test_id_000438_t4_c1,big,big_0,3,2.2,1.15,4,52870.8,83376.671875,98056.8125,101977.453125,111807.59375,HI,101977.453125,15665.78125,117643.234375
test_id_test_id_000438_30,test_id_000438,5,random,4,2,test_id_000438_t4_c2,little,little_0,3,1.5,1.0,4,109387.21,142802.34375,158828.53125,163420.59375,174516.09375,HI,163420.59375,15665.78125,179086.375
test_id_test_id_000438_31,test_id_000438,5,random,4,3,test_id_000438_t4_c3,big,big_1,0,1.0,0.9,4,106929.63,170694.8125,189008.90625,194476.421875,207256.140625,HI,194476.421875,15665.78125,210142.203125
test_id_test_id_000438_32,test_id_000438,5,random,4,4,test_id_000438_t4_c4,little,little_1,0,0.6,0.8,4,254364.69,258174.65625,282568.625,289324.125,305722.84375,HI,289324.125,15665.78125,304989.90625
test_id_test_id_000438_33,test_id_000438,5,random,4,5,test_id_000438_t4_c5,big,big_0,1,1.4,0.98,4,77524.95,122504.359375,137824.75,142114.140625,152727.4375,HI,142114.140625,15665.78125,157779.921875
test_id_test_id_000438_34,test_id_000438,5,random,4,6,test_id_000438_t4_c6,little,little_1,1,0.9,0.86,4,187656.03,206399.4375,227515.3125,233861.90625,248517.234375,HI,233861.90625,15665.78125,249527.6875
test_id_test_id_000438_35,test_id_000438,105,diverse_fill_1,5,0,test_id_000438_t5_c0,big,big_0,3,2.2,1.15,104,56131.68,94449.640625,109669.46875,113797.671875,124155.8125,HI,113797.671875,15665.78125,129463.453125
test_id_test_id_000438_36,test_id_000438,105,diverse_fill_1,5,1,test_id_000438_t5_c1,little,little_1,3,1.5,1.0,104,110412.6,173491.875,191594.375,196985.5,209532.984375,HI,196985.5,15665.78125,212651.28125
test_id_test_id_000438_37,test_id_000438,105,diverse_fill_1,5,2,test_id_000438_t5_c2,big,big_0,0,1.0,0.9,104,112906.62,210651.921875,232375.671875,239126.546875,254514.0625,HI,239126.546875,15665.78125,254792.328125
test_id_test_id_000438_38,test_id_000438,105,diverse_fill_1,5,3,test_id_000438_t5_c3,little,little_0,0,0.6,0.8,104,237403.4,254118.921875,280016.15625,287512.75,305691.5,HI,287512.75,15665.78125,303178.53125
test_id_test_id_000438_39,test_id_000438,105,diverse_fill_1,5,4,test_id_000438_t5_c4,big,big_0,1,1.4,0.98,104,89106.46,155877.40625,173253.21875,178426.0,190634.28125,HI,178426.0,15665.78125,194091.78125
test_id_test_id_000438_40,test_id_000438,105,diverse_fill_1,5,5,test_id_000438_t5_c5,little,little_0,1,0.9,0.86,104,133105.33,232631.71875,256110.421875,263339.5625,279890.375,HI,263339.5625,15665.78125,279005.34375
test_id_test_id_000438_41,test_id_000438,105,diverse_fill_1,5,6,test_id_000438_t5_c6,big,big_0,2,1.8,1.06,104,64779.977,120051.5,135697.8125,140062.875,150881.328125,HI,140062.875,15665.78125,155728.65625
test_id_test_id_000448_00,test_id_000448,1,source_like,0,0,test_id_000448_t0_c0,big,big_0,2,1.8,1.06,0,52551.504,90620.96875,105461.265625,109427.875,119440.375,LO,109427.875,0.0,109427.875
test_id_test_id_000448_01,test_id_000448,1,source_like,0,1,test_id_000448_t0_c1,little,little_1,2,1.2,0.93,0,122313.24,155896.90625,173081.53125,178138.953125,190125.15625,LO,178138.953125,0.0,178138.953125
test_id_test_id_000448_02,test_id_000448,1,source_like,0,2,test_id_000448_t0_c2,big,big_0,3,2.2,1.15,0,48897.86,76729.03125,91141.765625,95015.875,104647.046875,LO,95015.875,0.0,95015.875
test_id_test_id_000448_03,test_id_000448,1,source_like,0,3,test_id_000448_t0_c3,little,little_0,3,1.5,1.0,0,102497.875,132751.578125,148414.5,152883.59375,163786.5625,LO,152883.59375,0.0,152883.59375
test_id_test_id_000448_04,test_id_000448,1,source_like,0,4,test_id_000448_t0_c4,big,big_0,0,1.0,0.9,0,94511.78,159805.859375,177695.0,183037.875,195621.65625,LO,183037.875,0.0,183037.875
test_id_test_id_000448_05,test_id_000448,1,source_like,0,5,test_id_000448_t0_c5,little,little_1,0,0.6,0.8,0,258147.62,240726.53125,265156.875,272227.71875,289141.46875,LO,272227.71875,0.0,272227.71875
test_id_test_id_000448_06,test_id_000448,1,source_like,0,6,test_id_000448_t0_c6,big,big_1,1,1.4,0.98,0,81642.19,109880.421875,124901.171875,129062.578125,139489.359375,LO,129062.578125,0.0,129062.578125
test_id_test_id_000448_07,test_id_000448,50,sink_like,1,0,test_id_000448_t1_c0,little,little_0,2,1.2,0.93,49,224372.64,425821.96875,462711.0625,473290.75,495356.9375,LO,473290.75,0.0,473290.75
test_id_test_id_000448_08,test_id_000448,50,sink_like,1,1,test_id_000448_t1_c1,big,big_1,3,2.2,1.15,49,99875.016,245120.0625,267256.6875,273730.1875,288360.34375,LO,273730.1875,0.0,273730.1875
test_id_test_id_000448_09,test_id_000448,50,sink_like,1,2,test_id_000448_t1_c2,little,little_0,3,1.5,1.0,49,166003.55,383635.5,416630.4375,426000.0,446171.84375,LO,426000.0,0.0,426000.0
test_id_test_id_000448_10,test_id_000448,50,sink_like,1,3,test_id_000448_t1_c3,big,big_1,0,1.0,0.9,49,222060.22,440189.0,478315.34375,489287.1875,511897.4375,LO,489287.1875,0.0,489287.1875
test_id_test_id_000448_11,test_id_000448,50,sink_like,1,4,test_id_000448_t1_c4,little,little_1,0,0.6,0.8,49,434706.06,529251.9375,570360.625,581427.25,602935.1875,LO,581427.25,0.0,581427.25
test_id_test_id_000448_12,test_id_000448,50,sink_like,1,5,test_id_000448_t1_c5,big,big_0,1,1.4,0.98,49,133786.67,365563.15625,396952.9375,405847.40625,425208.375,LO,405847.40625,0.0,405847.40625
test_id_test_id_000448_13,test_id_000448,50,sink_like,1,6,test_id_000448_t1_c6,little,little_1,1,0.9,0.86,49,293988.66,507490.3125,552388.125,565710.3125,591509.5,LO,565710.3125,0.0,565710.3125
test_id_test_id_000448_14,test_id_000448,26,middle,2,0,test_id_000448_t2_c0,big,big_1,3,2.2,1.15,25,68855.2,115821.578125,131398.796875,135604.734375,146147.96875,LO,135604.734375,0.0,135604.734375
test_id_test_id_000448_15,test_id_000448,26,middle,2,1,test_id_000448_t2_c1,little,little_0,3,1.5,1.0,25,116055.73,201041.78125,220398.8125,226111.359375,239226.125,LO,226111.359375,0.0,226111.359375
test_id_test_id_000448_16,test_id_000448,26,middle,2,2,test_id_000448_t2_c2,big,big_0,0,1.0,0.9,25,128732.53,225666.21875,246983.90625,253332.296875,267730.0,LO,253332.296875,0.0,253332.296875
test_id_test_id_000448_17,test_id_000448,26,middle,2,3,test_id_000448_t2_c3,little,little_1,0,0.6,0.8,25,304388.8,275491.25,298911.59375,304923.09375,319961.3125,LO,304923.09375,0.0,304923.09375
test_id_test_id_000448_18,test_id_000448,26,middle,2,4,test_id_000448_t2_c4,big,big_0,1,1.4,0.98,25,90304.12,181273.21875,199463.5,204834.046875,217306.84375,LO,204834.046875,0.0,204834.046875
test_id_test_id_000448_19,test_id_000448,26,middle,2,5,test_id_000448_t2_c5,little,little_1,1,0.9,0.86,25,216761.67,254390.84375,278010.3125,284981.84375,300813.28125,LO,284981.84375,0.0,284981.84375
test_id_test_id_000448_20,test_id_000448,26,middle,2,6,test_id_000448_t2_c6,big,big_0,2,1.8,1.06,25,81905.016,145328.28125,161697.59375,166359.828125,177598.21875,LO,166359.828125,0.0,166359.828125
test_id_test_id_000448_21,test_id_000448,33,high_degree,3,0,test_id_000448_t3_c0,little,little_0,3,1.5,1.0,32,100215.414,165509.984375,183226.359375,188501.359375,200840.171875,LO,188501.359375,0.0,188501.359375
test_id_test_id_000448_22,test_id_000448,33,high_degree,3,1,test_id_000448_t3_c1,big,big_1,0,1.0,0.9,32,96208.9,195680.0,216469.3125,222966.921875,237816.75,LO,222966.921875,0.0,222966.921875
test_id_test_id_000448_23,test_id_000448,33,high_degree,3,2,test_id_000448_t3_c2,little,little_0,0,0.6,0.8,32,183405.72,250794.40625,276524.25,284257.71875,302558.53125,LO,284257.71875,0.0,284257.71875
test_id_test_id_000448_24,test_id_000448,33,high_degree,3,3,test_id_000448_t3_c3,big,big_1,1,1.4,0.98,32,73863.06,145386.15625,162257.375,167239.3125,179118.765625,LO,167239.3125,0.0,167239.3125
test_id_test_id_000448_25,test_id_000448,33,high_degree,3,4,test_id_000448_t3_c4,little,little_1,1,0.9,0.86,32,143149.66,224269.734375,247295.65625,254470.75,270847.96875,LO,254470.75,0.0,254470.75
test_id_test_id_000448_26,test_id_000448,33,high_degree,3,5,test_id_000448_t3_c5,big,big_1,2,1.8,1.06,32,68060.84,110962.71875,126365.15625,130627.765625,141271.125,LO,130627.765625,0.0,130627.765625
test_id_test_id_000448_27,test_id_000448,33,high_degree,3,6,test_id_000448_t3_c6,little,little_1,2,1.2,0.93,32,120089.78,190574.46875,210315.421875,216350.375,230174.578125,LO,216350.375,0.0,216350.375
test_id_test_id_000448_28,test_id_000448,51,communication_heavy,4,0,test_id_000448_t4_c0,big,big_1,0,1.0,0.9,50,317438.78,744763.1875,812837.3125,833466.5625,870279.125,LO,833466.5625,0.0,833466.5625
test_id_test_id_000448_29,test_id_000448,51,communication_heavy,4,1,test_id_000448_t4_c1,little,little_1,0,0.6,0.8,50,681169.0,1376416.0,1577365.5,1615677.75,1719468.0,LO,1615677.75,0.0,1615677.75
test_id_test_id_000448_30,test_id_000448,51,communication_heavy,4,2,test_id_000448_t4_c2,big,big_0,1,1.4,0.98,50,264098.8,579668.5,630494.75,645738.0,673791.5,LO,645738.0,0.0,645738.0
test_id_test_id_000448_31,test_id_000448,51,communication_heavy,4,3,test_id_000448_t4_c3,little,little_1,1,0.9,0.86,50,443723.78,989303.625,1093316.875,1118728.25,1188429.0,LO,1118728.25,0.0,1118728.25
test_id_test_id_000448_32,test_id_000448,51,communication_heavy,4,4,test_id_000448_t4_c4,big,big_1,2,1.8,1.06,50,191261.3,469290.125,510151.21875,522004.6875,545914.25,LO,522004.6875,0.0,522004.6875
test_id_test_id_000448_33,test_id_000448,51,communication_heavy,4,5,test_id_000448_t4_c5,little,little_0,2,1.2,0.93,50,444824.97,734868.125,803950.0,824923.125,862731.125,LO,824923.125,0.0,824923.125
test_id_test_id_000448_34,test_id_000448,51,communication_heavy,4,6,test_id_000448_t4_c6,big,big_1,3,2.2,1.15,50,154800.02,386125.21875,419539.53125,429055.5,449482.5,LO,429055.5,0.0,429055.5
test_id_test_id_000448_35,test_id_000448,15,random,5,0,test_id_000448_t5_c0,little,little_1,0,0.6,0.8,14,382986.88,432364.28125,461244.625,467520.21875,481886.625,LO,467520.21875,0.0,467520.21875
test_id_test_id_000448_36,test_id_000448,15,random,5,1,test_id_000448_t5_c1,big,big_1,1,1.4,0.98,14,180085.34,316894.0,344282.78125,352078.0625,369387.03125,LO,352078.0625,0.0,352078.0625
test_id_test_id_000448_37,test_id_000448,15,random,5,2,test_id_000448_t5_c2,little,little_1,1,0.9,0.86,14,253198.55,463937.0625,504880.84375,516887.8125,540943.9375,LO,516887.8125,0.0,516887.8125
test_id_test_id_000448_38,test_id_000448,15,random,5,3,test_id_000448_t5_c3,big,big_0,2,1.8,1.06,14,134215.69,252003.421875,274562.1875,281128.09375,295947.96875,LO,281128.09375,0.0,281128.09375
test_id_test_id_000448_39,test_id_000448,15,random,5,4,test_id_000448_t5_c4,little,little_1,2,1.2,0.93,14,265112.75,388219.40625,421828.0,431416.65625,451916.25,LO,431416.65625,0.0,431416.65625
test_id_test_id_000448_40,test_id_000448,15,random,5,5,test_id_000448_t5_c5,big,big_1,3,2.2,1.15,14,148754.84,205570.875,225210.1875,231029.625,244350.671875,LO,231029.625,0.0,231029.625
test_id_test_id_000448_41,test_id_000448,15,random,5,6,test_id_000448_t5_c6,little,little_0,3,1.5,1.0,14,163785.75,343500.375,373081.4375,381482.5,399936.8125,LO,381482.5,0.0,381482.5
test_id_test_id_000465_00,test_id_000465,1,source_like,0,0,test_id_000465_t0_c0,big,big_0,0,1.0,0.9,0,93209.75,169793.75,188449.3125,194089.390625,207251.78125,HI,194089.390625,15665.78125,209755.171875
test_id_test_id_000465_01,test_id_000465,1,source_like,0,1,test_id_000465_t0_c1,little,little_0,0,0.6,0.8,0,244472.83,241954.65625,266565.25,273721.21875,290819.625,HI,273721.21875,15665.78125,289387.0
test_id_test_id_000465_02,test_id_000465,1,source_like,0,2,test_id_000465_t0_c2,big,big_1,1,1.4,0.98,0,70025.0,114955.21875,130154.21875,134398.75,144969.1875,HI,134398.75,15665.78125,150064.53125
test_id_test_id_000465_03,test_id_000465,1,source_like,0,3,test_id_000465_t0_c3,little,little_1,1,0.9,0.86,0,153348.34,201797.40625,222998.15625,229471.15625,244397.671875,HI,229471.15625,15665.78125,245136.9375
test_id_test_id_000465_04,test_id_000465,1,source_like,0,4,test_id_000465_t0_c4,big,big_1,2,1.8,1.06,0,55268.848,92110.484375,106983.1875,110966.515625,121026.53125,HI,110966.515625,15665.78125,126632.296875
test_id_test_id_000465_05,test_id_000465,1,source_like,0,5,test_id_000465_t0_c5,little,little_0,2,1.2,0.93,0,131748.81,156735.53125,174033.96875,179140.53125,191221.34375,HI,179140.53125,15665.78125,194806.3125
test_id_test_id_000465_06,test_id_000465,1,source_like,0,6,test_id_000465_t0_c6,big,big_0,3,2.2,1.15,0,46013.953,77055.375,91503.140625,95389.59375,105050.296875,HI,95389.59375,15665.78125,111055.375
test_id_test_id_000465_07,test_id_000465,6,sink_like,1,0,test_id_000465_t1_c0,little,little_0,0,0.6,0.8,5,285603.16,284509.625,307864.9375,313793.03125,328503.28125,HI,313793.03125,15665.78125,329458.8125
test_id_test_id_000465_08,test_id_000465,6,sink_like,1,1,test_id_000465_t1_c1,big,big_1,1,1.4,0.98,5,128335.43,197758.546875,216866.40625,222505.890625,235484.25,HI,222505.890625,15665.78125,238171.671875
test_id_test_id_000465_09,test_id_000465,6,sink_like,1,2,test_id_000465_t1_c2,little,little_1,1,0.9,0.86,5,180645.64,270411.125,294788.71875,301883.5,317940.8125,HI,301883.5,15665.78125,317549.28125
test_id_test_id_000465_10,test_id_000465,6,sink_like,1,3,test_id_000465_t1_c3,big,big_0,2,1.8,1.06,5,88268.93,162786.53125,179982.3125,184987.859375,196809.6875,HI,184987.859375,15665.78125,200653.640625
test_id_test_id_000465_11,test_id_000465,6,sink_like,1,4,test_id_000465_t1_c4,little,little_1,2,1.2,0.93,5,169519.81,236570.546875,258176.671875,264497.46875,278825.5625,HI,264497.46875,15665.78125,280163.25
test_id_test_id_000465_12,test_id_000465,6,sink_like,1,5,test_id_000465_t1_c5,big,big_1,3,2.2,1.15,5,72689.016,130002.8125,145936.21875,150332.765625,161170.78125,HI,150332.765625,15665.78125,165998.546875
test_id_test_id_000465_13,test_id_000465,6,sink_like,1,6,test_id_000465_t1_c6,little,little_1,3,1.5,1.0,5,145512.36,216896.84375,237207.8125,243182.84375,256809.609375,HI,243182.84375,15665.78125,258848.625
test_id_test_id_000465_14,test_id_000465,120,middle,2,0,test_id_000465_t2_c0,big,big_0,1,1.4,0.98,119,122411.37,243985.1875,265917.375,272295.65625,286742.9375,HI,272295.65625,15665.78125,287961.4375
test_id_test_id_000465_15,test_id_000465,120,middle,2,1,test_id_000465_t2_c1,little,little_0,1,0.9,0.86,119,219104.62,313476.34375,340420.6875,348061.5625,365139.125,HI,348061.5625,15665.78125,363727.34375
test_id_test_id_000465_16,test_id_000465,120,middle,2,2,test_id_000465_t2_c2,big,big_0,2,1.8,1.06,119,81951.23,202389.875,221738.03125,227450.125,240557.890625,HI,227450.125,15665.78125,243115.90625
test_id_test_id_000465_17,test_id_000465,120,middle,2,3,test_id_000465_t2_c3,little,little_1,2,1.2,0.93,119,186784.23,285561.71875,310375.96875,317468.1875,333409.40625,HI,317468.1875,15665.78125,333133.96875
test_id_test_id_000465_18,test_id_000465,120,middle,2,4,test_id_000465_t2_c4,big,big_1,3,2.2,1.15,119,82299.85,163087.0,180351.90625,185351.28125,197170.9375,HI,185351.28125,15665.78125,201017.0625
test_id_test_id_000465_19,test_id_000465,120,middle,2,5,test_id_000465_t2_c5,little,little_1,3,1.5,1.0,119,174649.3,257988.234375,280905.59375,287548.28125,302523.375,HI,287548.28125,15665.78125,303214.0625
test_id_test_id_000465_20,test_id_000465,120,middle,2,6,test_id_000465_t2_c6,big,big_0,0,1.0,0.9,119,150348.2,289992.09375,315160.53125,322346.28125,338477.6875,HI,322346.28125,15665.78125,338012.0625
test_id_test_id_000465_21,test_id_000465,33,high_degree,3,0,test_id_000465_t3_c0,little,little_1,1,0.9,0.86,32,267204.88,322619.375,350413.21875,358303.5,375822.4375,HI,358303.5,15665.78125,373969.28125
test_id_test_id_000465_22,test_id_000465,33,high_degree,3,1,test_id_000465_t3_c1,big,big_1,2,1.8,1.06,32,92746.52,219220.5625,239623.609375,245629.609375,259323.484375,HI,245629.609375,15665.78125,261295.390625
test_id_test_id_000465_23,test_id_000465,33,high_degree,3,2,test_id_000465_t3_c2,little,little_0,2,1.2,0.93,32,188215.78,299068.5625,324948.0625,332324.6875,348835.375,HI,332324.6875,15665.78125,347990.46875
test_id_test_id_000465_24,test_id_000465,33,high_degree,3,3,test_id_000465_t3_c3,big,big_1,3,2.2,1.15,32,104363.85,177969.875,196033.5,201346.09375,213726.234375,HI,201346.09375,15665.78125,217011.875
test_id_test_id_000465_25,test_id_000465,33,high_degree,3,4,test_id_000465_t3_c4,little,little_1,3,1.5,1.0,32,144770.45,283193.6875,307925.6875,315027.90625,330961.1875,HI,315027.90625,15665.78125,330693.6875
test_id_test_id_000465_26,test_id_000465,33,high_degree,3,5,test_id_000465_t3_c5,big,big_1,0,1.0,0.9,32,149259.77,314507.34375,341644.0625,349364.34375,366554.4375,HI,349364.34375,15665.78125,365030.125
test_id_test_id_000465_27,test_id_000465,33,high_degree,3,6,test_id_000465_t3_c6,little,little_0,0,0.6,0.8,32,318987.9,305545.78125,327699.5,332808.34375,345729.90625,HI,332808.34375,15665.78125,348474.125
test_id_test_id_000465_28,test_id_000465,209,communication_heavy,4,0,test_id_000465_t4_c0,big,big_0,2,1.8,1.06,208,175529.25,391917.375,425907.75,435601.0,456298.9375,HI,435601.0,15665.78125,451266.78125
test_id_test_id_000465_29,test_id_000465,209,communication_heavy,4,1,test_id_000465_t4_c1,little,little_1,2,1.2,0.93,208,295103.66,648369.25,707586.4375,725663.875,758013.125,HI,725663.875,15665.78125,741329.65625
test_id_test_id_000465_30,test_id_000465,209,communication_heavy,4,2,test_id_000465_t4_c2,big,big_0,3,2.2,1.15,208,153625.36,313944.15625,341247.1875,349043.875,366356.6875,HI,349043.875,15665.78125,364709.65625
test_id_test_id_000465_31,test_id_000465,209,communication_heavy,4,3,test_id_000465_t4_c3,little,little_0,3,1.5,1.0,208,229933.61,517078.8125,562855.0,576415.375,602649.0,HI,576415.375,15665.78125,592081.15625
test_id_test_id_000465_32,test_id_000465,209,communication_heavy,4,4,test_id_000465_t4_c4,big,big_0,0,1.0,0.9,208,274200.56,666918.75,726498.0,744657.875,776668.625,HI,744657.875,15665.78125,760323.65625
test_id_test_id_000465_33,test_id_000465,209,communication_heavy,4,5,test_id_000465_t4_c5,little,little_1,0,0.6,0.8,208,626838.0,1362914.0,1563370.5,1602318.75,1707236.25,HI,1602318.75,15665.78125,1617984.53125
test_id_test_id_000465_34,test_id_000465,209,communication_heavy,4,6,test_id_000465_t4_c6,big,big_0,1,1.4,0.98,208,194826.47,501970.3125,545839.1875,558701.0,583912.5,HI,558701.0,15665.78125,574366.78125
test_id_test_id_000465_35,test_id_000465,154,random,5,0,test_id_000465_t5_c0,little,little_1,2,1.2,0.93,153,280539.06,567508.25,618728.25,634209.0625,662900.75,HI,634209.0625,15665.78125,649874.84375
test_id_test_id_000465_36,test_id_000465,154,random,5,1,test_id_000465_t5_c1,big,big_1,3,2.2,1.15,153,152351.0,276146.96875,300529.5,307580.125,323400.3125,HI,307580.125,15665.78125,323245.90625
test_id_test_id_000465_37,test_id_000465,154,random,5,2,test_id_000465_t5_c2,little,little_0,3,1.5,1.0,153,238681.48,447915.09375,487468.75,498980.71875,522455.125,HI,498980.71875,15665.78125,514646.5
test_id_test_id_000465_38,test_id_000465,154,random,5,3,test_id_000465_t5_c3,big,big_0,0,1.0,0.9,153,277971.75,609239.375,663788.3125,680331.75,710226.6875,HI,680331.75,15665.78125,695997.53125
test_id_test_id_000465_39,test_id_000465,154,random,5,4,test_id_000465_t5_c4,little,little_0,0,0.6,0.8,153,561974.9,1662082.25,2103251.75,2165483.5,2228823.75,HI,2165483.5,15665.78125,2181149.28125
test_id_test_id_000465_40,test_id_000465,154,random,5,5,test_id_000465_t5_c5,big,big_1,1,1.4,0.98,153,190096.94,447042.625,486205.46875,497550.46875,520753.3125,HI,497550.46875,15665.78125,513216.25
test_id_test_id_000465_41,test_id_000465,154,random,5,6,test_id_000465_t5_c6,little,little_1,1,0.9,0.86,153,474647.38,906102.25,1001062.3125,1027112.875,1085697.0,HI,1027112.875,15665.78125,1042778.65625
test_id_test_id_000474_00,test_id_000474,5,source_like,0,0,test_id_000474_t0_c0,big,big_0,0,1.0,0.9,4,58498.402,93065.65625,109141.296875,113797.640625,125250.578125,LO,113797.640625,0.0,113797.640625
test_id_test_id_000474_01,test_id_000474,5,source_like,0,1,test_id_000474_t0_c1,little,little_1,0,0.6,0.8,4,150723.66,145731.296875,166106.4375,172473.40625,187635.375,LO,172473.40625,0.0,172473.40625
test_id_test_id_000474_02,test_id_000474,5,source_like,0,2,test_id_000474_t0_c2,big,big_0,1,1.4,0.98,4,41841.586,70707.5625,85346.359375,89459.734375,99469.359375,LO,89459.734375,0.0,89459.734375
test_id_test_id_000474_03,test_id_000474,5,source_like,0,3,test_id_000474_t0_c3,little,little_0,1,0.9,0.86,4,102689.39,123362.75,140930.3125,146250.8125,159108.65625,LO,146250.8125,0.0,146250.8125
test_id_test_id_000474_04,test_id_000474,5,source_like,0,4,test_id_000474_t0_c4,big,big_0,2,1.8,1.06,4,36488.977,57788.75,71426.921875,75335.859375,84695.5625,LO,75335.859375,0.0,75335.859375
test_id_test_id_000474_05,test_id_000474,5,source_like,0,5,test_id_000474_t0_c5,little,little_1,2,1.2,0.93,4,80667.04,101215.875,117072.65625,121698.953125,133106.859375,LO,121698.953125,0.0,121698.953125
test_id_test_id_000474_06,test_id_000474,5,source_like,0,6,test_id_000474_t0_c6,big,big_0,3,2.2,1.15,4,26360.643,48763.09375,61824.0,65670.765625,74762.15625,LO,65670.765625,0.0,65670.765625
test_id_test_id_000474_07,test_id_000474,74,sink_like,1,0,test_id_000474_t1_c0,little,little_0,0,0.6,0.8,73,596474.2,958091.8125,1054175.125,1076346.75,1137017.375,LO,1076346.75,0.0,1076346.75
test_id_test_id_000474_08,test_id_000474,74,sink_like,1,1,test_id_000474_t1_c1,big,big_1,1,1.4,0.98,73,214904.16,469889.25,510487.90625,522230.25,545902.75,LO,522230.25,0.0,522230.25
test_id_test_id_000474_09,test_id_000474,74,sink_like,1,2,test_id_000474_t1_c2,little,little_1,1,0.9,0.86,73,322906.44,750868.0,819645.875,840510.1875,877705.25,LO,840510.1875,0.0,840510.1875
test_id_test_id_000474_10,test_id_000474,74,sink_like,1,3,test_id_000474_t1_c3,big,big_1,2,1.8,1.06,73,155213.55,376618.8125,408992.1875,418178.9375,438029.375,LO,418178.9375,0.0,418178.9375
test_id_test_id_000474_11,test_id_000474,74,sink_like,1,4,test_id_000474_t1_c4,little,little_0,2,1.2,0.93,73,305094.56,563477.9375,612566.5,627192.25,654415.4375,LO,627192.25,0.0,627192.25
test_id_test_id_000474_12,test_id_000474,74,sink_like,1,5,test_id_000474_t1_c5,big,big_1,3,2.2,1.15,73,183329.44,305869.0625,332412.96875,340001.15625,356900.84375,LO,340001.15625,0.0,340001.15625
test_id_test_id_000474_13,test_id_000474,74,sink_like,1,6,test_id_000474_t1_c6,little,little_1,3,1.5,1.0,73,217586.45,489795.0625,532326.5,544727.5,569294.5,LO,544727.5,0.0,544727.5
test_id_test_id_000474_14,test_id_000474,56,middle,2,0,test_id_000474_t2_c0,big,big_1,1,1.4,0.98,55,294637.0,506167.53125,549911.625,562697.75,587660.25,LO,562697.75,0.0,562697.75
test_id_test_id_000474_15,test_id_000474,56,middle,2,1,test_id_000474_t2_c1,little,little_1,1,0.9,0.86,55,395286.0,807951.5625,883799.3125,906194.0625,948231.0625,LO,906194.0625,0.0,906194.0625
test_id_test_id_000474_16,test_id_000474,56,middle,2,2,test_id_000474_t2_c2,big,big_0,2,1.8,1.06,55,196698.33,408228.25,443355.125,453360.21875,474548.8125,LO,453360.21875,0.0,453360.21875
test_id_test_id_000474_17,test_id_000474,56,middle,2,3,test_id_000474_t2_c3,little,little_0,2,1.2,0.93,55,310793.7,619198.5,673712.0,690209.75,719796.1875,LO,690209.75,0.0,690209.75
test_id_test_id_000474_18,test_id_000474,56,middle,2,4,test_id_000474_t2_c4,big,big_1,3,2.2,1.15,55,178586.89,336028.9375,364958.75,373176.0,391293.96875,LO,373176.0,0.0,373176.0
test_id_test_id_000474_19,test_id_000474,56,middle,2,5,test_id_000474_t2_c5,little,little_0,3,1.5,1.0,55,227843.47,524284.21875,569900.125,583343.25,609191.5,LO,583343.25,0.0,583343.25
test_id_test_id_000474_20,test_id_000474,56,middle,2,6,test_id_000474_t2_c6,big,big_1,0,1.0,0.9,55,377040.1,642923.0,699193.5,716336.125,746511.875,LO,716336.125,0.0,716336.125
test_id_test_id_000474_21,test_id_000474,94,communication_heavy,3,0,test_id_000474_t3_c0,little,little_0,1,0.9,0.86,93,491184.28,1133226.75,1258949.25,1291005.75,1398161.5,LO,1291005.75,0.0,1291005.75
test_id_test_id_000474_22,test_id_000474,94,communication_heavy,3,1,test_id_000474_t3_c1,big,big_1,2,1.8,1.06,93,360875.34,578372.375,629233.0,644529.625,672672.375,LO,644529.625,0.0,644529.625
test_id_test_id_000474_23,test_id_000474,94,communication_heavy,3,2,test_id_000474_t3_c2,little,little_1,2,1.2,0.93,93,440959.53,875537.8125,963479.8125,987693.5,1039453.8125,LO,987693.5,0.0,987693.5
test_id_test_id_000474_24,test_id_000474,94,communication_heavy,3,3,test_id_000474_t3_c3,big,big_1,3,2.2,1.15,93,264094.03,485392.0,527755.8125,540119.375,564703.375,LO,540119.375,0.0,540119.375
test_id_test_id_000474_25,test_id_000474,94,communication_heavy,3,4,test_id_000474_t3_c4,little,little_1,3,1.5,1.0,93,474111.4,714847.4375,781907.75,802467.75,839236.0625,LO,802467.75,0.0,802467.75
test_id_test_id_000474_26,test_id_000474,94,communication_heavy,3,5,test_id_000474_t3_c5,big,big_1,0,1.0,0.9,93,382074.16,895975.8125,984170.625,1007892.25,1060423.125,LO,1007892.25,0.0,1007892.25
test_id_test_id_000474_27,test_id_000474,94,communication_heavy,3,6,test_id_000474_t3_c6,little,little_0,0,0.6,0.8,93,771604.7,1523880.0,1816382.25,1861065.25,1945393.0,LO,1861065.25,0.0,1861065.25
test_id_test_id_000474_28,test_id_000474,23,random,4,0,test_id_000474_t4_c0,big,big_0,2,1.8,1.06,22,123334.61,189380.96875,208018.09375,213523.59375,226250.328125,LO,213523.59375,0.0,213523.59375
test_id_test_id_000474_29,test_id_000474,23,random,4,1,test_id_000474_t4_c1,little,little_1,2,1.2,0.93,22,166468.61,278282.5625,302601.59375,309577.59375,325275.4375,LO,309577.59375,0.0,309577.59375
test_id_test_id_000474_30,test_id_000474,23,random,4,2,test_id_000474_t4_c2,big,big_1,3,2.2,1.15,22,79147.805,152036.5,168868.046875,173683.28125,185209.8125,LO,173683.28125,0.0,173683.28125
test_id_test_id_000474_31,test_id_000474,23,random,4,3,test_id_000474_t4_c3,little,little_1,3,1.5,1.0,22,127273.586,256208.875,279045.5625,285671.96875,300620.0625,LO,285671.96875,0.0,285671.96875
test_id_test_id_000474_32,test_id_000474,23,random,4,4,test_id_000474_t4_c4,big,big_0,0,1.0,0.9,22,185741.38,278813.75,303267.5625,310306.625,326124.625,LO,310306.625,0.0,310306.625
test_id_test_id_000474_33,test_id_000474,23,random,4,5,test_id_000474_t4_c5,little,little_1,0,0.6,0.8,22,351160.97,296893.09375,319412.0,324790.59375,338330.0625,LO,324790.59375,0.0,324790.59375
test_id_test_id_000474_34,test_id_000474,23,random,4,6,test_id_000474_t4_c6,big,big_1,1,1.4,0.98,22,127963.68,235034.984375,256405.703125,262641.84375,276810.71875,LO,262641.84375,0.0,262641.84375
test_id_test_id_000474_35,test_id_000474,18,diverse_fill_1,5,0,test_id_000474_t5_c0,little,little_0,2,1.2,0.93,17,249482.75,462916.34375,503240.9375,514948.34375,538594.8125,LO,514948.34375,0.0,514948.34375
test_id_test_id_000474_36,test_id_000474,18,diverse_fill_1,5,1,test_id_000474_t5_c1,big,big_0,3,2.2,1.15,17,139033.44,238582.625,260321.25,266713.875,281170.6875,LO,266713.875,0.0,266713.875
test_id_test_id_000474_37,test_id_000474,18,diverse_fill_1,5,2,test_id_000474_t5_c2,little,little_0,3,1.5,1.0,17,213143.12,400995.25,435648.875,445539.25,466539.8125,LO,445539.25,0.0,445539.25
test_id_test_id_000474_38,test_id_000474,18,diverse_fill_1,5,3,test_id_000474_t5_c3,big,big_1,0,1.0,0.9,17,243698.38,494196.6875,537402.25,550066.875,574969.6875,LO,550066.875,0.0,550066.875
test_id_test_id_000474_39,test_id_000474,18,diverse_fill_1,5,4,test_id_000474_t5_c4,little,little_0,0,0.6,0.8,17,533193.44,743209.9375,804742.6875,818620.0625,849243.1875,LO,818620.0625,0.0,818620.0625
test_id_test_id_000474_40,test_id_000474,18,diverse_fill_1,5,5,test_id_000474_t5_c5,big,big_0,1,1.4,0.98,17,153288.88,385875.9375,419178.25,428657.0625,448983.125,LO,428657.0625,0.0,428657.0625
test_id_test_id_000474_41,test_id_000474,18,diverse_fill_1,5,6,test_id_000474_t5_c6,little,little_0,1,0.9,0.86,17,350248.16,613537.25,668795.75,685656.9375,715969.75,LO,685656.9375,0.0,685656.9375
test_id_test_id_000477_00,test_id_000477,2,source_like,0,0,test_id_000477_t0_c0,big,big_1,2,1.8,1.06,1,56409.785,88708.046875,103480.0,107439.359375,117420.390625,HI,107439.359375,15665.78125,123105.140625
test_id_test_id_000477_01,test_id_000477,2,source_like,0,1,test_id_000477_t0_c1,little,little_1,2,1.2,0.93,1,130550.41,150477.8125,167454.21875,172444.328125,184324.40625,HI,172444.328125,15665.78125,188110.109375
test_id_test_id_000477_02,test_id_000477,2,source_like,0,2,test_id_000477_t0_c2,big,big_0,3,2.2,1.15,1,42679.85,74349.390625,88655.203125,92516.359375,102079.96875,HI,92516.359375,15665.78125,108182.140625
test_id_test_id_000477_03,test_id_000477,2,source_like,0,3,test_id_000477_t0_c3,little,little_0,3,1.5,1.0,1,98859.15,131904.84375,147586.09375,152065.5625,162994.625,HI,152065.5625,15665.78125,167731.34375
test_id_test_id_000477_04,test_id_000477,2,source_like,0,4,test_id_000477_t0_c4,big,big_1,0,1.0,0.9,1,96444.52,156965.421875,174829.0,180168.5,192774.375,HI,180168.5,15665.78125,195834.28125
test_id_test_id_000477_05,test_id_000477,2,source_like,0,5,test_id_000477_t0_c5,little,little_1,0,0.6,0.8,1,240645.14,237615.265625,262065.359375,269194.3125,286213.96875,HI,269194.3125,15665.78125,284860.09375
test_id_test_id_000477_06,test_id_000477,2,source_like,0,6,test_id_000477_t0_c6,big,big_1,1,1.4,0.98,1,68177.51,110188.125,125293.0625,129487.890625,139981.515625,HI,129487.890625,15665.78125,145153.671875
test_id_test_id_000477_07,test_id_000477,72,sink_like,1,0,test_id_000477_t1_c0,little,little_1,2,1.2,0.93,71,377412.22,705275.4375,770521.125,790440.5,825927.375,HI,790440.5,15665.78125,806106.28125
test_id_test_id_000477_08,test_id_000477,72,sink_like,1,1,test_id_000477_t1_c1,big,big_0,3,2.2,1.15,71,162923.6,368454.46875,400294.21875,409342.40625,428972.0625,HI,409342.40625,15665.78125,425008.1875
test_id_test_id_000477_09,test_id_000477,72,sink_like,1,2,test_id_000477_t1_c2,little,little_1,3,1.5,1.0,71,302483.75,582539.5,634575.5,650291.9375,679275.125,HI,650291.9375,15665.78125,665957.71875
test_id_test_id_000477_10,test_id_000477,72,sink_like,1,3,test_id_000477_t1_c3,big,big_1,0,1.0,0.9,71,269511.2,715280.5,779746.75,799417.25,834011.625,HI,799417.25,15665.78125,815083.03125
test_id_test_id_000477_11,test_id_000477,72,sink_like,1,4,test_id_000477_t1_c4,little,little_1,0,0.6,0.8,71,567566.56,1327029.0,1506682.0,1544030.0,1653448.75,HI,1544030.0,15665.78125,1559695.78125
test_id_test_id_000477_12,test_id_000477,72,sink_like,1,5,test_id_000477_t1_c5,big,big_0,1,1.4,0.98,71,272736.53,559397.5,608362.375,622958.125,650246.3125,HI,622958.125,15665.78125,638623.90625
test_id_test_id_000477_13,test_id_000477,72,sink_like,1,6,test_id_000477_t1_c6,little,little_0,1,0.9,0.86,71,461218.3,959981.125,1059225.5,1084133.75,1148020.5,HI,1084133.75,15665.78125,1099799.53125
test_id_test_id_000477_14,test_id_000477,227,middle,2,0,test_id_000477_t2_c0,big,big_1,3,2.2,1.15,226,110463.7,242674.109375,264634.4375,271062.5625,285600.375,HI,271062.5625,15665.78125,286728.34375
test_id_test_id_000477_15,test_id_000477,227,middle,2,1,test_id_000477_t2_c1,little,little_1,3,1.5,1.0,226,207725.52,398410.84375,432860.875,442690.1875,463593.8125,HI,442690.1875,15665.78125,458355.96875
test_id_test_id_000477_16,test_id_000477,227,middle,2,2,test_id_000477_t2_c2,big,big_0,0,1.0,0.9,226,218480.19,471152.96875,512130.25,524048.59375,547942.3125,HI,524048.59375,15665.78125,539714.375
test_id_test_id_000477_17,test_id_000477,227,middle,2,3,test_id_000477_t2_c3,little,little_1,0,0.6,0.8,226,455001.06,586883.0,630401.0625,640868.0,661994.1875,HI,640868.0,15665.78125,656533.78125
test_id_test_id_000477_18,test_id_000477,227,middle,2,4,test_id_000477_t2_c4,big,big_1,1,1.4,0.98,226,164047.1,369783.21875,401621.0625,410657.4375,430248.4375,HI,410657.4375,15665.78125,426323.21875
test_id_test_id_000477_19,test_id_000477,227,middle,2,5,test_id_000477_t2_c5,little,little_1,1,0.9,0.86,226,276951.16,579114.25,630497.5,646034.1875,674504.375,HI,646034.1875,15665.78125,661699.96875
test_id_test_id_000477_20,test_id_000477,227,middle,2,6,test_id_000477_t2_c6,big,big_0,2,1.8,1.06,226,114463.164,300715.9375,326805.375,334260.78125,350902.75,HI,334260.78125,15665.78125,349926.5625
test_id_test_id_000477_21,test_id_000477,137,high_degree,3,0,test_id_000477_t3_c0,little,little_0,3,1.5,1.0,136,334166.0,724392.0625,792993.1875,814027.875,851753.375,HI,814027.875,15665.78125,829693.65625
test_id_test_id_000477_22,test_id_000477,137,high_degree,3,1,test_id_000477_t3_c1,big,big_1,0,1.0,0.9,136,381087.3,914815.75,1006427.4375,1030499.375,1086207.875,HI,1030499.375,15665.78125,1046165.15625
test_id_test_id_000477_23,test_id_000477,137,high_degree,3,2,test_id_000477_t3_c2,little,little_0,0,0.6,0.8,136,733049.06,1574739.25,1914025.5,1963339.0,2042367.5,HI,1963339.0,15665.78125,1979004.78125
test_id_test_id_000477_24,test_id_000477,137,high_degree,3,3,test_id_000477_t3_c3,big,big_1,1,1.4,0.98,136,315432.2,688233.125,750712.25,769868.1875,803626.5,HI,769868.1875,15665.78125,785533.96875
test_id_test_id_000477_25,test_id_000477,137,high_degree,3,4,test_id_000477_t3_c4,little,little_1,1,0.9,0.86,136,447666.3,1166940.0,1298747.0,1332859.25,1448810.0,HI,1332859.25,15665.78125,1348525.03125
test_id_test_id_000477_26,test_id_000477,137,high_degree,3,5,test_id_000477_t3_c5,big,big_1,2,1.8,1.06,136,277936.25,576868.6875,627848.0625,643193.0,671502.25,HI,643193.0,15665.78125,658858.78125
test_id_test_id_000477_27,test_id_000477,137,high_degree,3,6,test_id_000477_t3_c6,little,little_1,2,1.2,0.93,136,454796.3,894740.9375,986381.0625,1011042.75,1066067.75,HI,1011042.75,15665.78125,1026708.53125
test_id_test_id_000477_28,test_id_000477,201,communication_heavy,4,0,test_id_000477_t4_c0,big,big_0,0,1.0,0.9,200,380342.25,970256.0625,1070624.5,1095381.875,1160625.25,HI,1095381.875,15665.78125,1111047.65625
test_id_test_id_000477_29,test_id_000477,201,communication_heavy,4,1,test_id_000477_t4_c1,little,little_1,0,0.6,0.8,200,847123.94,1617589.75,2002249.25,2056634.0,2131419.25,HI,2056634.0,15665.78125,2072299.78125
test_id_test_id_000477_30,test_id_000477,201,communication_heavy,4,2,test_id_000477_t4_c2,big,big_1,1,1.4,0.98,200,443348.25,735183.25,803066.375,823746.6875,860582.8125,HI,823746.6875,15665.78125,839412.46875
test_id_test_id_000477_31,test_id_000477,201,communication_heavy,4,3,test_id_000477_t4_c3,little,little_1,1,0.9,0.86,200,510960.28,1217873.25,1361284.25,1397252.5,1518195.25,HI,1397252.5,15665.78125,1412918.28125
test_id_test_id_000477_32,test_id_000477,201,communication_heavy,4,4,test_id_000477_t4_c4,big,big_0,2,1.8,1.06,200,325991.06,608702.5,662640.125,679023.375,708555.3125,HI,679023.375,15665.78125,694689.15625
test_id_test_id_000477_33,test_id_000477,201,communication_heavy,4,5,test_id_000477_t4_c5,little,little_1,2,1.2,0.93,200,534429.5,953707.375,1054778.5,1080132.25,1144783.0,HI,1080132.25,15665.78125,1095798.03125
test_id_test_id_000477_34,test_id_000477,201,communication_heavy,4,6,test_id_000477_t4_c6,big,big_1,3,2.2,1.15,200,306921.28,518796.6875,564336.5625,577796.875,603793.4375,HI,577796.875,15665.78125,593462.65625
test_id_test_id_000477_35,test_id_000477,398,random,5,0,test_id_000477_t5_c0,little,little_1,0,0.6,0.8,397,533814.9,1635134.5,2130676.75,2187414.25,2210210.0,HI,2187414.25,15665.78125,2203080.03125
test_id_test_id_000477_36,test_id_000477,398,random,5,1,test_id_000477_t5_c1,big,big_1,1,1.4,0.98,397,196027.64,383782.4375,417171.90625,426711.28125,447113.6875,HI,426711.28125,15665.78125,442377.0625
test_id_test_id_000477_37,test_id_000477,398,random,5,2,test_id_000477_t5_c2,little,little_1,1,0.9,0.86,397,394304.16,727731.0625,799932.25,822616.125,863150.3125,HI,822616.125,15665.78125,838281.90625
test_id_test_id_000477_38,test_id_000477,398,random,5,3,test_id_000477_t5_c3,big,big_1,2,1.8,1.06,397,164336.16,292125.6875,317666.75,324995.4375,341367.375,HI,324995.4375,15665.78125,340661.21875
test_id_test_id_000477_39,test_id_000477,398,random,5,4,test_id_000477_t5_c4,little,little_1,2,1.2,0.93,397,254838.33,451582.375,491398.25,503021.03125,526535.25,HI,503021.03125,15665.78125,518686.8125
test_id_test_id_000477_40,test_id_000477,398,random,5,5,test_id_000477_t5_c5,big,big_1,3,2.2,1.15,397,132829.95,240672.515625,262566.5625,269000.03125,283547.96875,HI,269000.03125,15665.78125,284665.8125
test_id_test_id_000477_41,test_id_000477,398,random,5,6,test_id_000477_t5_c6,little,little_1,3,1.5,1.0,397,223361.58,386602.5625,420282.46875,429920.75,450484.4375,HI,429920.75,15665.78125,445586.53125
test_id_test_id_000523_00,test_id_000523,4,source_like,0,0,test_id_000523_t0_c0,little,little_0,1,0.9,0.86,3,192726.23,203676.09375,224761.984375,231119.96875,245823.640625,LO,231119.96875,0.0,231119.96875
test_id_test_id_000523_01,test_id_000523,4,source_like,0,1,test_id_000523_t0_c1,big,big_1,2,1.8,1.06,3,60315.758,96845.609375,111768.46875,115761.765625,125872.609375,LO,115761.765625,0.0,115761.765625
test_id_test_id_000523_02,test_id_000523,4,source_like,0,2,test_id_000523_t0_c2,little,little_0,2,1.2,0.93,3,136711.34,163482.625,180953.484375,186089.65625,198201.1875,LO,186089.65625,0.0,186089.65625
test_id_test_id_000523_03,test_id_000523,4,source_like,0,3,test_id_000523_t0_c3,big,big_0,3,2.2,1.15,3,46265.79,80784.3125,95398.09375,99299.453125,109048.125,LO,99299.453125,0.0,99299.453125
test_id_test_id_000523_04,test_id_000523,4,source_like,0,4,test_id_000523_t0_c4,little,little_1,3,1.5,1.0,3,112786.61,139378.28125,155256.65625,159795.71875,170803.53125,LO,159795.71875,0.0,159795.71875
test_id_test_id_000523_05,test_id_000523,4,source_like,0,5,test_id_000523_t0_c5,big,big_1,0,1.0,0.9,3,114417.36,162006.25,179845.78125,185144.4375,197626.125,LO,185144.4375,0.0,185144.4375
test_id_test_id_000523_06,test_id_000523,4,source_like,0,6,test_id_000523_t0_c6,little,little_0,0,0.6,0.8,3,286819.06,252532.78125,276823.5,283613.90625,300041.9375,LO,283613.90625,0.0,283613.90625
test_id_test_id_000523_07,test_id_000523,250,sink_like,1,0,test_id_000523_t1_c0,big,big_1,2,1.8,1.06,249,538047.2,883670.8125,974731.0625,999872.375,1054270.25,LO,999872.375,0.0,999872.375
test_id_test_id_000523_08,test_id_000523,250,sink_like,1,1,test_id_000523_t1_c1,little,little_1,2,1.2,0.93,249,869145.1,1409321.0,1627605.0,1666921.75,1769433.75,LO,1666921.75,0.0,1666921.75
test_id_test_id_000523_09,test_id_000523,250,sink_like,1,2,test_id_000523_t1_c2,big,big_1,3,2.2,1.15,249,293551.16,727730.875,797644.0,819324.0,858091.4375,LO,819324.0,0.0,819324.0
test_id_test_id_000523_10,test_id_000523,250,sink_like,1,3,test_id_000523_t1_c3,little,little_0,3,1.5,1.0,249,579527.4,1149860.25,1281772.25,1316418.5,1430441.5,LO,1316418.5,0.0,1316418.5
test_id_test_id_000523_11,test_id_000523,250,sink_like,1,4,test_id_000523_t1_c4,big,big_1,0,1.0,0.9,249,872685.3,1510320.5,1792170.25,1835795.25,1921445.25,LO,1835795.25,0.0,1835795.25
test_id_test_id_000523_12,test_id_000523,250,sink_like,1,5,test_id_000523_t1_c5,little,little_1,0,0.6,0.8,249,1271198.4,1872858.75,2728342.5,2865653.75,2926935.75,LO,2865653.75,0.0,2865653.75
test_id_test_id_000523_13,test_id_000523,250,sink_like,1,6,test_id_000523_t1_c6,big,big_0,1,1.4,0.98,249,587666.2,1114522.5,1239309.5,1271105.75,1373639.5,LO,1271105.75,0.0,1271105.75
test_id_test_id_000523_14,test_id_000523,218,middle,2,0,test_id_000523_t2_c0,little,little_0,2,1.2,0.93,217,200272.05,239705.734375,261459.421875,267809.28125,282192.53125,LO,267809.28125,0.0,267809.28125
test_id_test_id_000523_15,test_id_000523,218,middle,2,1,test_id_000523_t2_c1,big,big_1,3,2.2,1.15,217,89084.555,131559.984375,147600.3125,152022.78125,162907.84375,LO,152022.78125,0.0,152022.78125
test_id_test_id_000523_16,test_id_000523,218,middle,2,2,test_id_000523_t2_c2,little,little_0,3,1.5,1.0,217,145913.72,226585.0625,247500.28125,253642.34375,267592.875,LO,253642.34375,0.0,253642.34375
test_id_test_id_000523_17,test_id_000523,218,middle,2,3,test_id_000523_t2_c3,big,big_1,0,1.0,0.9,217,177668.22,244561.640625,266769.96875,273271.90625,287970.25,LO,273271.90625,0.0,273271.90625
test_id_test_id_000523_18,test_id_000523,218,middle,2,4,test_id_000523_t2_c4,little,little_0,0,0.6,0.8,217,274568.9,282952.9375,306224.375,312122.8125,326832.0625,LO,312122.8125,0.0,312122.8125
test_id_test_id_000523_19,test_id_000523,218,middle,2,5,test_id_000523_t2_c5,big,big_1,1,1.4,0.98,217,126220.5,205663.125,225196.15625,230950.015625,244145.171875,LO,230950.015625,0.0,230950.015625
test_id_test_id_000523_20,test_id_000523,218,middle,2,6,test_id_000523_t2_c6,little,little_0,1,0.9,0.86,217,250511.55,263905.6875,287721.09375,294662.4375,310366.59375,LO,294662.4375,0.0,294662.4375
test_id_test_id_000523_21,test_id_000523,16,high_degree,3,0,test_id_000523_t3_c0,big,big_0,3,2.2,1.15,15,240072.64,495379.625,538879.8125,551644.875,576819.25,LO,551644.875,0.0,551644.875
test_id_test_id_000523_22,test_id_000523,16,high_degree,3,1,test_id_000523_t3_c1,little,little_1,3,1.5,1.0,15,327638.53,755284.9375,828378.375,850592.4375,891204.0625,LO,850592.4375,0.0,850592.4375
test_id_test_id_000523_23,test_id_000523,16,high_degree,3,2,test_id_000523_t3_c2,big,big_0,0,1.0,0.9,15,404490.38,954328.75,1052625.0,1077276.0,1139909.0,LO,1077276.0,0.0,1077276.0
test_id_test_id_000523_24,test_id_000523,16,high_degree,3,3,test_id_000523_t3_c3,little,little_0,0,0.6,0.8,15,915401.25,1629344.5,2029910.0,2086147.75,2160393.25,LO,2086147.75,0.0,2086147.75
test_id_test_id_000523_25,test_id_000523,16,high_degree,3,4,test_id_000523_t3_c4,big,big_1,1,1.4,0.98,15,339402.06,714680.75,780642.75,800836.6875,836644.9375,LO,800836.6875,0.0,800836.6875
test_id_test_id_000523_26,test_id_000523,16,high_degree,3,5,test_id_000523_t3_c5,little,little_1,1,0.9,0.86,15,629688.2,1228864.5,1375170.5,1411477.75,1533594.25,LO,1411477.75,0.0,1411477.75
test_id_test_id_000523_27,test_id_000523,16,high_degree,3,6,test_id_000523_t3_c6,big,big_0,2,1.8,1.06,15,299430.38,593551.125,646446.5,662472.25,691745.375,LO,662472.25,0.0,662472.25
test_id_test_id_000523_28,test_id_000523,167,random,4,0,test_id_000523_t4_c0,little,little_0,3,1.5,1.0,166,158866.25,229851.75,250915.859375,257082.828125,271088.71875,LO,257082.828125,0.0,257082.828125
test_id_test_id_000523_29,test_id_000523,167,random,4,1,test_id_000523_t4_c1,big,big_0,0,1.0,0.9,166,141589.31,255460.203125,278303.65625,284939.0625,299920.15625,LO,284939.0625,0.0,284939.0625
test_id_test_id_000523_30,test_id_000523,167,random,4,2,test_id_000523_t4_c2,little,little_0,0,0.6,0.8,166,358927.3,289601.03125,311920.0,317265.1875,330833.65625,LO,317265.1875,0.0,317265.1875
test_id_test_id_000523_31,test_id_000523,167,random,4,3,test_id_000523_t4_c3,big,big_1,1,1.4,0.98,166,111435.56,212271.953125,232171.0,238015.53125,251391.4375,LO,238015.53125,0.0,238015.53125
test_id_test_id_000523_32,test_id_000523,167,random,4,4,test_id_000523_t4_c4,little,little_0,1,0.9,0.86,166,242182.6,279492.34375,304146.46875,311224.84375,327229.6875,LO,311224.84375,0.0,311224.84375
test_id_test_id_000523_33,test_id_000523,167,random,4,5,test_id_000523_t4_c5,big,big_1,2,1.8,1.06,166,81860.305,172521.9375,190176.6875,195340.84375,207437.8125,LO,195340.84375,0.0,195340.84375
test_id_test_id_000523_34,test_id_000523,167,random,4,6,test_id_000523_t4_c6,little,little_0,2,1.2,0.93,166,171216.94,251196.171875,273627.5625,280124.46875,294828.0,LO,280124.46875,0.0,280124.46875
test_id_test_id_000523_35,test_id_000523,333,diverse_fill_1,5,0,test_id_000523_t5_c0,big,big_0,0,1.0,0.9,332,192035.44,312850.28125,339839.9375,347503.125,364575.6875,LO,347503.125,0.0,347503.125
test_id_test_id_000523_36,test_id_000523,333,diverse_fill_1,5,1,test_id_000523_t5_c1,little,little_1,0,0.6,0.8,332,373078.3,336601.90625,359830.25,364976.5,377730.34375,LO,364976.5,0.0,364976.5
test_id_test_id_000523_37,test_id_000523,333,diverse_fill_1,5,2,test_id_000523_t5_c2,big,big_1,1,1.4,0.98,332,121576.16,258328.625,281254.3125,287882.5,302849.15625,LO,287882.5,0.0,287882.5
test_id_test_id_000523_38,test_id_000523,333,diverse_fill_1,5,3,test_id_000523_t5_c3,little,little_1,1,0.9,0.86,332,274767.25,345768.3125,375497.8125,383917.875,402423.5,LO,383917.875,0.0,383917.875
test_id_test_id_000523_39,test_id_000523,333,diverse_fill_1,5,4,test_id_000523_t5_c4,big,big_0,2,1.8,1.06,332,99653.57,205517.796875,225076.5,230856.625,244092.421875,LO,230856.625,0.0,230856.625
test_id_test_id_000523_40,test_id_000523,333,diverse_fill_1,5,5,test_id_000523_t5_c5,little,little_0,2,1.2,0.93,332,219131.48,300974.34375,326968.84375,334369.03125,350927.90625,LO,334369.03125,0.0,334369.03125
test_id_test_id_000523_41,test_id_000523,333,diverse_fill_1,5,6,test_id_000523_t5_c6,big,big_1,3,2.2,1.15,332,95588.46,166907.9375,184399.625,189490.75,201472.515625,LO,189490.75,0.0,189490.75
test_id_test_id_000558_00,test_id_000558,119,source_like,0,0,test_id_000558_t0_c0,big,big_0,3,2.2,1.15,118,65484.133,96483.84375,111472.265625,115468.25,125583.453125,HI,115468.25,15665.78125,131134.03125
test_id_test_id_000558_01,test_id_000558,119,source_like,0,1,test_id_000558_t0_c1,little,little_1,3,1.5,1.0,118,123475.14,157709.4375,174351.78125,179139.21875,190566.46875,HI,179139.21875,15665.78125,194805.0
test_id_test_id_000558_02,test_id_000558,119,source_like,0,2,test_id_000558_t0_c2,big,big_1,0,1.0,0.9,118,133814.38,168940.4375,186544.0,191694.90625,203816.5625,HI,191694.90625,15665.78125,207360.6875
test_id_test_id_000558_03,test_id_000558,119,source_like,0,3,test_id_000558_t0_c3,little,little_0,0,0.6,0.8,118,349578.06,264281.75,287277.4375,293156.125,307926.375,HI,293156.125,15665.78125,308821.90625
test_id_test_id_000558_04,test_id_000558,119,source_like,0,4,test_id_000558_t0_c4,big,big_0,1,1.4,0.98,118,94183.445,136545.875,152269.15625,156711.71875,167545.609375,HI,156711.71875,15665.78125,172377.5
test_id_test_id_000558_05,test_id_000558,119,source_like,0,5,test_id_000558_t0_c5,little,little_1,1,0.9,0.86,118,212383.38,215516.03125,236640.5,242879.65625,257289.859375,HI,242879.65625,15665.78125,258545.4375
test_id_test_id_000558_06,test_id_000558,119,source_like,0,6,test_id_000558_t0_c6,big,big_0,2,1.8,1.06,118,71263.17,114763.703125,129944.515625,134076.015625,144442.96875,HI,134076.015625,15665.78125,149741.796875
test_id_test_id_000558_07,test_id_000558,443,sink_like,1,0,test_id_000558_t1_c0,little,little_0,3,1.5,1.0,442,446832.8,756401.625,829763.5625,852038.5,892872.4375,HI,852038.5,15665.78125,867704.28125
test_id_test_id_000558_08,test_id_000558,443,sink_like,1,1,test_id_000558_t1_c1,big,big_0,0,1.0,0.9,442,472397.06,965424.625,1065698.75,1090545.875,1155368.75,HI,1090545.875,15665.78125,1106211.65625
test_id_test_id_000558_09,test_id_000558,443,sink_like,1,2,test_id_000558_t1_c2,little,little_1,0,0.6,0.8,442,916154.8,1613389.25,1994268.0,2048156.0,2123598.25,HI,2048156.0,15665.78125,2063821.78125
test_id_test_id_000558_10,test_id_000558,443,sink_like,1,3,test_id_000558_t1_c3,big,big_1,1,1.4,0.98,442,282746.12,714366.5,780162.9375,800307.8125,835994.5,HI,800307.8125,15665.78125,815973.59375
test_id_test_id_000558_11,test_id_000558,443,sink_like,1,4,test_id_000558_t1_c4,little,little_0,1,0.9,0.86,442,543641.8,1213185.75,1354870.75,1390668.75,1511600.25,HI,1390668.75,15665.78125,1406334.53125
test_id_test_id_000558_12,test_id_000558,443,sink_like,1,5,test_id_000558_t1_c5,big,big_1,2,1.8,1.06,442,275705.44,594472.0625,647323.75,663337.625,692526.0,HI,663337.625,15665.78125,679003.40625
test_id_test_id_000558_13,test_id_000558,443,sink_like,1,6,test_id_000558_t1_c6,little,little_1,2,1.2,0.93,442,424172.25,941297.1875,1040758.0,1066099.75,1128920.875,HI,1066099.75,15665.78125,1081765.53125
test_id_test_id_000558_14,test_id_000558,424,middle,2,0,test_id_000558_t2_c0,big,big_1,0,1.0,0.9,423,322720.3,751480.25,819742.0,840437.4375,877355.0625,HI,840437.4375,15665.78125,856103.21875
test_id_test_id_000558_15,test_id_000558,424,middle,2,1,test_id_000558_t2_c1,little,little_0,0,0.6,0.8,423,574888.56,1219714.625,1364638.75,1400094.75,1516938.0,HI,1400094.75,15665.78125,1415760.53125
test_id_test_id_000558_16,test_id_000558,424,middle,2,2,test_id_000558_t2_c2,big,big_0,1,1.4,0.98,423,299825.0,599964.5,652120.5,667828.0,696196.625,HI,667828.0,15665.78125,683493.78125
test_id_test_id_000558_17,test_id_000558,424,middle,2,3,test_id_000558_t2_c3,little,little_0,1,0.9,0.86,423,512339.44,943635.375,1039595.5625,1064019.125,1124285.375,HI,1064019.125,15665.78125,1079684.90625
test_id_test_id_000558_18,test_id_000558,424,middle,2,4,test_id_000558_t2_c4,big,big_1,2,1.8,1.06,423,209206.28,498265.75,541375.0,553950.25,578681.0,HI,553950.25,15665.78125,569616.03125
test_id_test_id_000558_19,test_id_000558,424,middle,2,5,test_id_000558_t2_c5,little,little_0,2,1.2,0.93,423,360343.22,728038.3125,795016.25,815394.625,851672.9375,HI,815394.625,15665.78125,831060.40625
test_id_test_id_000558_20,test_id_000558,424,middle,2,6,test_id_000558_t2_c6,big,big_0,3,2.2,1.15,423,133767.81,411678.09375,447158.625,457274.625,478657.25,HI,457274.625,15665.78125,472940.40625
test_id_test_id_000558_21,test_id_000558,440,communication_heavy,3,0,test_id_000558_t3_c0,little,little_0,0,0.6,0.8,439,894077.94,1532218.5,1831783.25,1877135.25,1960807.5,HI,1877135.25,15665.78125,1892801.03125
test_id_test_id_000558_22,test_id_000558,440,communication_heavy,3,1,test_id_000558_t3_c1,big,big_0,1,1.4,0.98,439,306125.06,685443.375,747483.75,766505.875,799991.3125,HI,766505.875,15665.78125,782171.65625
test_id_test_id_000558_23,test_id_000558,440,communication_heavy,3,2,test_id_000558_t3_c2,little,little_1,1,0.9,0.86,439,509123.84,1142641.25,1270426.375,1303164.25,1413564.25,HI,1303164.25,15665.78125,1318830.03125
test_id_test_id_000558_24,test_id_000558,440,communication_heavy,3,3,test_id_000558_t3_c3,big,big_1,2,1.8,1.06,439,298511.34,571944.25,622423.625,637592.5,665674.8125,HI,637592.5,15665.78125,653258.28125
test_id_test_id_000558_25,test_id_000558,440,communication_heavy,3,4,test_id_000558_t3_c4,little,little_0,2,1.2,0.93,439,419968.72,882278.375,971839.375,996286.8125,1049409.75,HI,996286.8125,15665.78125,1011952.59375
test_id_test_id_000558_26,test_id_000558,440,communication_heavy,3,5,test_id_000558_t3_c5,big,big_0,3,2.2,1.15,439,243813.05,475908.625,517586.34375,529733.0625,554086.9375,HI,529733.0625,15665.78125,545398.84375
test_id_test_id_000558_27,test_id_000558,440,communication_heavy,3,6,test_id_000558_t3_c6,little,little_1,3,1.5,1.0,439,283288.72,715148.0,782426.0,803075.9375,839989.8125,HI,803075.9375,15665.78125,818741.71875
test_id_test_id_000558_28,test_id_000558,414,random,4,0,test_id_000558_t4_c0,big,big_1,1,1.4,0.98,413,130077.01,342860.0625,372348.375,380710.1875,399103.21875,HI,380710.1875,15665.78125,396375.96875
test_id_test_id_000558_29,test_id_000558,414,random,4,1,test_id_000558_t4_c1,little,little_0,1,0.9,0.86,413,251683.42,510193.5625,555317.8125,568716.375,594599.625,HI,568716.375,15665.78125,584382.15625
test_id_test_id_000558_30,test_id_000558,414,random,4,2,test_id_000558_t4_c2,big,big_0,2,1.8,1.06,413,134736.44,273584.65625,297657.59375,304599.09375,320197.59375,HI,304599.09375,15665.78125,320264.875
test_id_test_id_000558_31,test_id_000558,414,random,4,3,test_id_000558_t4_c3,little,little_1,2,1.2,0.93,413,248899.33,409204.375,444632.53125,454761.46875,476135.625,HI,454761.46875,15665.78125,470427.25
test_id_test_id_000558_32,test_id_000558,414,random,4,4,test_id_000558_t4_c4,big,big_0,3,2.2,1.15,413,128012.77,220938.40625,241508.390625,247582.0625,261404.390625,HI,247582.0625,15665.78125,263247.84375
test_id_test_id_000558_33,test_id_000558,414,random,4,5,test_id_000558_t4_c5,little,little_1,3,1.5,1.0,413,185260.06,363055.5625,394283.78125,403144.03125,422434.15625,HI,403144.03125,15665.78125,418809.8125
test_id_test_id_000558_34,test_id_000558,414,random,4,6,test_id_000558_t4_c6,big,big_1,0,1.0,0.9,413,163301.06,432355.3125,469786.1875,480539.6875,502829.34375,HI,480539.6875,15665.78125,496205.46875
test_id_test_id_000558_35,test_id_000558,106,diverse_fill_1,5,0,test_id_000558_t5_c0,little,little_0,1,0.9,0.86,105,160339.0,185369.875,205677.46875,211886.265625,226302.765625,HI,211886.265625,15665.78125,227552.046875
test_id_test_id_000558_36,test_id_000558,106,diverse_fill_1,5,1,test_id_000558_t5_c1,big,big_1,2,1.8,1.06,105,54738.805,83107.1875,97779.921875,101732.078125,111625.890625,HI,101732.078125,15665.78125,117397.859375
test_id_test_id_000558_37,test_id_000558,106,diverse_fill_1,5,2,test_id_000558_t5_c2,little,little_1,2,1.2,0.93,105,110865.484,147619.59375,164613.59375,169629.03125,181582.25,HI,169629.03125,15665.78125,185294.8125
test_id_test_id_000558_38,test_id_000558,106,diverse_fill_1,5,3,test_id_000558_t5_c3,big,big_0,3,2.2,1.15,105,45225.09,70306.140625,84404.203125,88256.765625,97735.921875,HI,88256.765625,15665.78125,103922.546875
test_id_test_id_000558_39,test_id_000558,106,diverse_fill_1,5,4,test_id_000558_t5_c4,little,little_1,3,1.5,1.0,105,99221.41,122359.171875,137758.53125,142134.65625,152913.875,HI,142134.65625,15665.78125,157800.4375
test_id_test_id_000558_40,test_id_000558,106,diverse_fill_1,5,5,test_id_000558_t5_c5,big,big_1,0,1.0,0.9,105,92031.83,146749.859375,164254.328125,169476.28125,181915.265625,HI,169476.28125,15665.78125,185142.0625
test_id_test_id_000558_41,test_id_000558,106,diverse_fill_1,5,6,test_id_000558_t5_c6,little,little_0,0,0.6,0.8,105,231304.81,230204.21875,254545.3125,261860.546875,279095.8125,HI,261860.546875,15665.78125,277526.328125
test_id_test_id_000564_00,test_id_000564,5,source_like,0,0,test_id_000564_t0_c0,big,big_0,0,1.0,0.9,4,35743.27,71242.25,88140.796875,93285.0625,105166.171875,LO,93285.0625,0.0,93285.0625
test_id_test_id_000564_01,test_id_000564,5,source_like,0,1,test_id_000564_t0_c1,little,little_1,0,0.6,0.8,4,70484.42,123134.96875,147467.15625,155341.78125,173478.34375,LO,155341.78125,0.0,155341.78125
test_id_test_id_000564_02,test_id_000564,5,source_like,0,2,test_id_000564_t0_c2,big,big_1,1,1.4,0.98,4,30068.65,51035.75,65271.625,69694.84375,79876.296875,LO,69694.84375,0.0,69694.84375
test_id_test_id_000564_03,test_id_000564,5,source_like,0,3,test_id_000564_t0_c3,little,little_0,1,0.9,0.86,4,62979.766,98469.390625,117893.453125,123988.296875,138305.671875,LO,123988.296875,0.0,123988.296875
test_id_test_id_000564_04,test_id_000564,5,source_like,0,4,test_id_000564_t0_c4,big,big_1,2,1.8,1.06,4,24948.402,40551.75,53769.390625,57951.90625,67547.015625,LO,57951.90625,0.0,57951.90625
test_id_test_id_000564_05,test_id_000564,5,source_like,0,5,test_id_000564_t0_c5,little,little_1,2,1.2,0.93,4,43903.105,79329.578125,96235.875,101367.078125,113490.484375,LO,101367.078125,0.0,101367.078125
test_id_test_id_000564_06,test_id_000564,5,source_like,0,6,test_id_000564_t0_c6,big,big_0,3,2.2,1.15,4,15752.646,33053.53125,46065.265625,50298.546875,59897.578125,LO,50298.546875,0.0,50298.546875
test_id_test_id_000564_07,test_id_000564,244,sink_like,1,0,test_id_000564_t1_c0,little,little_1,0,0.6,0.8,243,264118.94,275750.09375,299690.09375,306043.8125,321638.71875,LO,306043.8125,0.0,306043.8125
test_id_test_id_000564_08,test_id_000564,244,sink_like,1,1,test_id_000564_t1_c1,big,big_1,1,1.4,0.98,243,90906.85,206856.453125,226670.125,232548.3125,245991.21875,LO,232548.3125,0.0,232548.3125
test_id_test_id_000564_09,test_id_000564,244,sink_like,1,2,test_id_000564_t1_c2,little,little_0,1,0.9,0.86,243,202016.81,263088.1875,287202.03125,294292.15625,310361.28125,LO,294292.15625,0.0,294292.15625
test_id_test_id_000564_10,test_id_000564,244,sink_like,1,3,test_id_000564_t1_c3,big,big_0,2,1.8,1.06,243,76599.16,168328.25,185903.875,191072.03125,203194.28125,LO,191072.03125,0.0,191072.03125
test_id_test_id_000564_11,test_id_000564,244,sink_like,1,4,test_id_000564_t1_c4,little,little_1,2,1.2,0.93,243,135116.38,245125.859375,267451.6875,274004.46875,288791.59375,LO,274004.46875,0.0,274004.46875
test_id_test_id_000564_12,test_id_000564,244,sink_like,1,5,test_id_000564_t1_c5,big,big_1,3,2.2,1.15,243,76749.91,135499.734375,151726.875,156270.71875,167370.609375,LO,156270.71875,0.0,156270.71875
test_id_test_id_000564_13,test_id_000564,244,sink_like,1,6,test_id_000564_t1_c6,little,little_1,3,1.5,1.0,243,132602.75,225753.0,246708.765625,252879.0625,266889.0625,LO,252879.0625,0.0,252879.0625
test_id_test_id_000564_14,test_id_000564,120,middle,2,0,test_id_000564_t2_c0,big,big_1,1,1.4,0.98,119,112068.82,280902.25,305469.3125,312516.15625,328347.5625,LO,312516.15625,0.0,312516.15625
test_id_test_id_000564_15,test_id_000564,120,middle,2,1,test_id_000564_t2_c1,little,little_0,1,0.9,0.86,119,232345.25,376341.5625,408687.5,417880.25,437737.03125,LO,417880.25,0.0,417880.25
test_id_test_id_000564_16,test_id_000564,120,middle,2,2,test_id_000564_t2_c2,big,big_1,2,1.8,1.06,119,125994.89,220624.859375,241118.65625,247155.640625,260903.40625,LO,247155.640625,0.0,247155.640625
test_id_test_id_000564_17,test_id_000564,120,middle,2,3,test_id_000564_t2_c3,little,little_1,2,1.2,0.93,119,195185.86,335658.25,364498.59375,372675.125,390734.84375,LO,372675.125,0.0,372675.125
test_id_test_id_000564_18,test_id_000564,120,middle,2,4,test_id_000564_t2_c4,big,big_0,3,2.2,1.15,119,126882.01,179666.921875,197865.78125,203231.21875,215706.53125,LO,203231.21875,0.0,203231.21875
test_id_test_id_000564_19,test_id_000564,120,middle,2,5,test_id_000564_t2_c5,little,little_0,3,1.5,1.0,119,181239.23,302560.625,328759.09375,336240.3125,352936.90625,LO,336240.3125,0.0,336240.3125
test_id_test_id_000564_20,test_id_000564,120,middle,2,6,test_id_000564_t2_c6,big,big_1,0,1.0,0.9,119,166293.19,353326.78125,383748.28125,392381.25,411259.65625,LO,392381.25,0.0,392381.25
test_id_test_id_000564_21,test_id_000564,113,high_degree,3,0,test_id_000564_t3_c0,little,little_0,1,0.9,0.86,112,404551.03,648226.125,706243.25,723934.375,755283.625,LO,723934.375,0.0,723934.375
test_id_test_id_000564_22,test_id_000564,113,high_degree,3,1,test_id_000564_t3_c1,big,big_1,2,1.8,1.06,112,149784.34,312575.53125,339647.8125,347368.59375,364521.5,LO,347368.59375,0.0,347368.59375
test_id_test_id_000564_23,test_id_000564,113,high_degree,3,2,test_id_000564_t3_c2,little,little_0,2,1.2,0.93,112,261610.88,487485.0,529908.9375,542291.125,566818.375,LO,542291.125,0.0,542291.125
test_id_test_id_000564_24,test_id_000564,113,high_degree,3,3,test_id_000564_t3_c3,big,big_0,3,2.2,1.15,112,138467.45,251763.0,274365.625,280968.25,295856.21875,LO,280968.25,0.0,280968.25
test_id_test_id_000564_25,test_id_000564,113,high_degree,3,4,test_id_000564_t3_c4,little,little_1,3,1.5,1.0,112,212578.66,422979.875,459560.8125,470040.21875,491954.5625,LO,470040.21875,0.0,470040.21875
test_id_test_id_000564_26,test_id_000564,113,high_degree,3,5,test_id_000564_t3_c5,big,big_0,0,1.0,0.9,112,251456.8,519209.25,564274.0625,577531.0,603074.125,LO,577531.0,0.0,577531.0
test_id_test_id_000564_27,test_id_000564,113,high_degree,3,6,test_id_000564_t3_c6,little,little_0,0,0.6,0.8,112,413415.25,736522.75,798045.9375,814342.5625,846111.875,LO,814342.5625,0.0,814342.5625
test_id_test_id_000564_28,test_id_000564,43,random,4,0,test_id_000564_t4_c0,big,big_1,2,1.8,1.06,42,62656.105,113169.65625,128563.640625,132784.90625,143343.875,LO,132784.90625,0.0,132784.90625
test_id_test_id_000564_29,test_id_000564,43,random,4,1,test_id_000564_t4_c1,little,little_1,2,1.2,0.93,42,143102.45,191459.203125,210889.96875,216746.0,230193.0625,LO,216746.0,0.0,216746.0
test_id_test_id_000564_30,test_id_000564,43,random,4,2,test_id_000564_t4_c2,big,big_0,3,2.2,1.15,42,51274.56,90704.796875,105745.328125,109803.5,119989.6875,LO,109803.5,0.0,109803.5
test_id_test_id_000564_31,test_id_000564,43,random,4,3,test_id_000564_t4_c3,little,little_1,3,1.5,1.0,42,118171.586,166269.390625,183803.21875,188974.796875,201102.671875,LO,188974.796875,0.0,188974.796875
test_id_test_id_000564_32,test_id_000564,43,random,4,4,test_id_000564_t4_c4,big,big_0,0,1.0,0.9,42,115419.414,194198.3125,214403.203125,220607.734375,234817.765625,LO,220607.734375,0.0,220607.734375
test_id_test_id_000564_33,test_id_000564,43,random,4,5,test_id_000564_t4_c5,little,little_0,0,0.6,0.8,42,275157.1,258450.53125,283550.9375,290726.5,307982.28125,LO,290726.5,0.0,290726.5
test_id_test_id_000564_34,test_id_000564,43,random,4,6,test_id_000564_t4_c6,big,big_0,1,1.4,0.98,42,84815.69,145935.59375,162545.71875,167391.0,178977.71875,LO,167391.0,0.0,167391.0
test_id_test_id_000564_35,test_id_000564,20,diverse_fill_1,5,0,test_id_000564_t5_c0,little,little_1,2,1.2,0.93,19,86249.586,120960.9375,137165.171875,141925.78125,153537.59375,LO,141925.78125,0.0,141925.78125
test_id_test_id_000564_36,test_id_000564,20,diverse_fill_1,5,1,test_id_000564_t5_c1,big,big_1,3,2.2,1.15,19,29864.662,57564.71875,71032.96875,74866.84375,84082.21875,LO,74866.84375,0.0,74866.84375
test_id_test_id_000564_37,test_id_000564,20,diverse_fill_1,5,2,test_id_000564_t5_c2,little,little_0,3,1.5,1.0,19,64430.816,100158.328125,115273.40625,119542.234375,130202.75,LO,119542.234375,0.0,119542.234375
test_id_test_id_000564_38,test_id_000564,20,diverse_fill_1,5,3,test_id_000564_t5_c3,big,big_0,0,1.0,0.9,19,72530.7,114557.765625,130982.1875,135800.5625,147604.96875,LO,135800.5625,0.0,135800.5625
test_id_test_id_000564_39,test_id_000564,20,diverse_fill_1,5,4,test_id_000564_t5_c4,little,little_0,0,0.6,0.8,19,161819.05,171715.8125,193378.15625,200157.1875,216135.8125,LO,200157.1875,0.0,200157.1875
test_id_test_id_000564_40,test_id_000564,20,diverse_fill_1,5,5,test_id_000564_t5_c5,big,big_0,1,1.4,0.98,19,52036.97,82541.8125,97466.03125,101625.9375,111947.3125,LO,101625.9375,0.0,101625.9375
test_id_test_id_000564_41,test_id_000564,20,diverse_fill_1,5,6,test_id_000564_t5_c6,little,little_1,1,0.9,0.86,19,117268.3,142396.9375,160571.921875,166098.53125,179277.71875,LO,166098.53125,0.0,166098.53125
test_id_test_id_000581_00,test_id_000581,5,source_like,0,0,test_id_000581_t0_c0,big,big_1,0,1.0,0.9,4,75409.11,119866.765625,136394.53125,141245.328125,153091.875,HI,141245.328125,15665.78125,156911.109375
test_id_test_id_000581_01,test_id_000581,5,source_like,0,1,test_id_000581_t0_c1,little,little_0,0,0.6,0.8,4,185659.47,186954.40625,209380.09375,216363.53125,232755.34375,HI,216363.53125,15665.78125,232029.3125
test_id_test_id_000581_02,test_id_000581,5,source_like,0,2,test_id_000581_t0_c2,big,big_1,1,1.4,0.98,4,52402.938,86195.015625,101175.25,105320.125,115658.109375,HI,105320.125,15665.78125,120985.90625
test_id_test_id_000581_03,test_id_000581,5,source_like,0,3,test_id_000581_t0_c3,little,little_1,1,0.9,0.86,4,131443.36,149618.875,168178.828125,173835.71875,187261.984375,HI,173835.71875,15665.78125,189501.5
test_id_test_id_000581_04,test_id_000581,5,source_like,0,4,test_id_000581_t0_c4,big,big_1,2,1.8,1.06,4,43194.445,70335.875,84540.171875,88455.875,98063.28125,HI,88455.875,15665.78125,104121.65625
test_id_test_id_000581_05,test_id_000581,5,source_like,0,5,test_id_000581_t0_c5,little,little_0,2,1.2,0.93,4,102253.89,122914.96875,139082.953125,143817.84375,155359.21875,HI,143817.84375,15665.78125,159483.625
test_id_test_id_000581_06,test_id_000581,5,source_like,0,6,test_id_000581_t0_c6,big,big_1,3,2.2,1.15,4,33339.965,58965.125,72472.296875,76290.453125,85500.109375,HI,76290.453125,15665.78125,91956.234375
test_id_test_id_000581_07,test_id_000581,41,sink_like,1,0,test_id_000581_t1_c0,little,little_1,0,0.6,0.8,40,424760.97,583304.9375,626796.75,638206.875,659719.4375,HI,638206.875,15665.78125,653872.65625
test_id_test_id_000581_08,test_id_000581,41,sink_like,1,1,test_id_000581_t1_c1,big,big_0,1,1.4,0.98,40,155567.48,367942.28125,399602.34375,408589.625,428089.75,HI,408589.625,15665.78125,424255.40625
test_id_test_id_000581_09,test_id_000581,41,sink_like,1,2,test_id_000581_t1_c2,little,little_1,1,0.9,0.86,40,340636.2,541186.625,588971.875,603248.5,630135.75,HI,603248.5,15665.78125,618914.28125
test_id_test_id_000581_10,test_id_000581,41,sink_like,1,3,test_id_000581_t1_c3,big,big_1,2,1.8,1.06,40,171169.12,284533.0,309434.25,316596.1875,332630.5,HI,316596.1875,15665.78125,332261.96875
test_id_test_id_000581_11,test_id_000581,41,sink_like,1,4,test_id_000581_t1_c4,little,little_1,2,1.2,0.93,40,229960.61,444582.90625,483144.1875,494265.5625,517096.3125,HI,494265.5625,15665.78125,509931.34375
test_id_test_id_000581_12,test_id_000581,41,sink_like,1,5,test_id_000581_t1_c5,big,big_1,3,2.2,1.15,40,130507.98,232096.5625,253424.0,259714.15625,273958.625,HI,259714.15625,15665.78125,275379.9375
test_id_test_id_000581_13,test_id_000581,41,sink_like,1,6,test_id_000581_t1_c6,little,little_0,3,1.5,1.0,40,258202.56,386508.5,419829.84375,429315.375,449654.9375,HI,429315.375,15665.78125,444981.15625
test_id_test_id_000581_14,test_id_000581,55,middle,2,0,test_id_000581_t2_c0,big,big_0,1,1.4,0.98,54,155236.47,328210.65625,356521.75,364566.0625,382352.71875,HI,364566.0625,15665.78125,380231.84375
test_id_test_id_000581_15,test_id_000581,55,middle,2,1,test_id_000581_t2_c1,little,little_0,1,0.9,0.86,54,223581.66,482416.21875,524950.5,537468.0,562195.5,HI,537468.0,15665.78125,553133.78125
test_id_test_id_000581_16,test_id_000581,55,middle,2,2,test_id_000581_t2_c2,big,big_1,2,1.8,1.06,54,120671.54,263891.5625,287267.8125,294034.96875,309270.40625,HI,294034.96875,15665.78125,309700.75
test_id_test_id_000581_17,test_id_000581,55,middle,2,3,test_id_000581_t2_c3,little,little_1,2,1.2,0.93,54,250690.5,403746.8125,438815.8125,448859.75,470084.25,HI,448859.75,15665.78125,464525.53125
test_id_test_id_000581_18,test_id_000581,55,middle,2,4,test_id_000581_t2_c4,big,big_0,3,2.2,1.15,54,109626.01,214171.9375,234316.09375,240273.21875,253862.03125,HI,240273.21875,15665.78125,255939.0
test_id_test_id_000581_19,test_id_000581,55,middle,2,5,test_id_000581_t2_c5,little,little_1,3,1.5,1.0,54,207542.72,347986.125,377946.71875,386452.0,405097.3125,HI,386452.0,15665.78125,402117.78125
test_id_test_id_000581_20,test_id_000581,55,middle,2,6,test_id_000581_t2_c6,big,big_0,0,1.0,0.9,54,241431.56,418512.125,454908.625,465362.5625,487211.03125,HI,465362.5625,15665.78125,481028.34375
test_id_test_id_000581_21,test_id_000581,33,high_degree,3,0,test_id_000581_t3_c0,little,little_1,1,0.9,0.86,32,221902.66,319614.5625,347032.375,354802.4375,372131.90625,HI,354802.4375,15665.78125,370468.21875
test_id_test_id_000581_22,test_id_000581,33,high_degree,3,1,test_id_000581_t3_c1,big,big_0,2,1.8,1.06,32,121422.336,203726.5,223175.15625,228921.0,242096.1875,HI,228921.0,15665.78125,244586.78125
test_id_test_id_000581_23,test_id_000581,33,high_degree,3,2,test_id_000581_t3_c2,little,little_0,2,1.2,0.93,32,202747.6,294305.15625,319790.78125,327060.0,343360.40625,HI,327060.0,15665.78125,342725.78125
test_id_test_id_000581_24,test_id_000581,33,high_degree,3,3,test_id_000581_t3_c3,big,big_1,3,2.2,1.15,32,83662.055,165052.84375,182442.09375,187491.09375,199404.375,HI,187491.09375,15665.78125,203156.875
test_id_test_id_000581_25,test_id_000581,33,high_degree,3,4,test_id_000581_t3_c4,little,little_1,3,1.5,1.0,32,137600.38,273670.28125,297701.15625,304623.84375,320185.71875,HI,304623.84375,15665.78125,320289.625
test_id_test_id_000581_26,test_id_000581,33,high_degree,3,5,test_id_000581_t3_c5,big,big_0,0,1.0,0.9,32,188859.28,298990.875,324866.21875,332243.40625,348757.34375,HI,332243.40625,15665.78125,347909.1875
test_id_test_id_000581_27,test_id_000581,33,high_degree,3,6,test_id_000581_t3_c6,little,little_0,0,0.6,0.8,32,325033.56,313943.25,337077.46875,342524.28125,356010.28125,HI,342524.28125,15665.78125,358190.0625
test_id_test_id_000581_28,test_id_000581,92,communication_heavy,4,0,test_id_000581_t4_c0,big,big_1,2,1.8,1.06,91,181357.1,442035.9375,480350.6875,491368.84375,514101.84375,HI,491368.84375,15665.78125,507034.625
test_id_test_id_000581_29,test_id_000581,92,communication_heavy,4,1,test_id_000581_t4_c1,little,little_0,2,1.2,0.93,91,329466.5,679700.875,741549.9375,760442.875,793954.25,HI,760442.875,15665.78125,776108.65625
test_id_test_id_000581_30,test_id_000581,92,communication_heavy,4,2,test_id_000581_t4_c2,big,big_1,3,2.2,1.15,91,193065.7,363027.625,394368.28125,403271.53125,422644.0625,HI,403271.53125,15665.78125,418937.3125
test_id_test_id_000581_31,test_id_000581,92,communication_heavy,4,3,test_id_000581_t4_c3,little,little_0,3,1.5,1.0,91,256368.62,568941.75,619337.0625,634471.875,662605.5,HI,634471.875,15665.78125,650137.65625
test_id_test_id_000581_32,test_id_000581,92,communication_heavy,4,4,test_id_000581_t4_c4,big,big_1,0,1.0,0.9,91,336559.2,695551.25,757732.75,776718.75,810008.75,HI,776718.75,15665.78125,792384.53125
test_id_test_id_000581_33,test_id_000581,92,communication_heavy,4,5,test_id_000581_t4_c5,little,little_1,0,0.6,0.8,91,672650.25,1266549.75,1424890.75,1461322.25,1576377.25,HI,1461322.25,15665.78125,1476988.03125
test_id_test_id_000581_34,test_id_000581,92,communication_heavy,4,6,test_id_000581_t4_c6,big,big_0,1,1.4,0.98,91,249737.08,548020.1875,595686.5,609820.875,636462.0625,HI,609820.875,15665.78125,625486.65625
test_id_test_id_000581_35,test_id_000581,34,random,5,0,test_id_000581_t5_c0,little,little_1,2,1.2,0.93,33,180559.23,245080.671875,267148.65625,273565.96875,288099.4375,HI,273565.96875,15665.78125,289231.75
test_id_test_id_000581_36,test_id_000581,34,random,5,1,test_id_000581_t5_c1,big,big_1,3,2.2,1.15,33,93644.71,134442.03125,150549.46875,155019.34375,165977.921875,HI,155019.34375,15665.78125,170685.125
test_id_test_id_000581_37,test_id_000581,34,random,5,2,test_id_000581_t5_c2,little,little_0,3,1.5,1.0,33,132536.4,226647.796875,247560.03125,253698.0625,267645.3125,HI,253698.0625,15665.78125,269363.84375
test_id_test_id_000581_38,test_id_000581,34,random,5,3,test_id_000581_t5_c3,big,big_1,0,1.0,0.9,33,127543.99,250788.6875,273437.09375,280056.8125,295001.6875,HI,280056.8125,15665.78125,295722.59375
test_id_test_id_000581_39,test_id_000581,34,random,5,4,test_id_000581_t5_c4,little,little_0,0,0.6,0.8,33,357876.4,284038.34375,306687.0625,312249.5625,326310.3125,HI,312249.5625,15665.78125,327915.34375
test_id_test_id_000581_40,test_id_000581,34,random,5,5,test_id_000581_t5_c5,big,big_0,1,1.4,0.98,33,106247.65,205972.15625,225558.3125,231333.515625,244573.25,HI,231333.515625,15665.78125,246999.296875
test_id_test_id_000581_41,test_id_000581,34,random,5,6,test_id_000581_t5_c6,little,little_1,1,0.9,0.86,33,218278.77,275157.65625,299649.9375,306732.03125,322742.8125,HI,306732.03125,15665.78125,322397.8125
test_id_test_id_000583_00,test_id_000583,1,source_like,0,0,test_id_000583_t0_c0,little,little_1,2,1.2,0.93,0,120539.125,151915.4375,168933.125,173935.5625,185832.15625,LO,173935.5625,0.0,173935.5625
test_id_test_id_000583_01,test_id_000583,1,source_like,0,1,test_id_000583_t0_c1,big,big_0,3,2.2,1.15,0,44427.535,74446.046875,88760.015625,92625.375,102198.359375,LO,92625.375,0.0,92625.375
test_id_test_id_000583_02,test_id_000583,1,source_like,0,2,test_id_000583_t0_c2,little,little_1,3,1.5,1.0,0,100009.98,131865.09375,147530.25,152003.46875,162918.46875,LO,152003.46875,0.0,152003.46875
test_id_test_id_000583_03,test_id_000583,1,source_like,0,3,test_id_000583_t0_c3,big,big_0,0,1.0,0.9,0,100788.99,157811.40625,175682.34375,181023.375,193625.125,LO,181023.375,0.0,181023.375
test_id_test_id_000583_04,test_id_000583,1,source_like,0,4,test_id_000583_t0_c4,little,little_1,0,0.6,0.8,0,258808.06,236198.359375,260645.03125,267774.09375,284810.71875,LO,267774.09375,0.0,267774.09375
test_id_test_id_000583_05,test_id_000583,1,source_like,0,5,test_id_000583_t0_c5,big,big_0,1,1.4,0.98,0,68899.66,111214.1875,126333.90625,130533.671875,141033.390625,LO,130533.671875,0.0,130533.671875
test_id_test_id_000583_06,test_id_000583,1,source_like,0,6,test_id_000583_t0_c6,little,little_0,1,0.9,0.86,0,172299.28,193715.03125,214406.890625,220701.75,235288.90625,LO,220701.75,0.0,220701.75
test_id_test_id_000583_07,test_id_000583,18,sink_like,1,0,test_id_000583_t1_c0,big,big_0,3,2.2,1.15,17,116333.79,257950.90625,280968.28125,287666.0,302755.4375,LO,287666.0,0.0,287666.0
test_id_test_id_000583_08,test_id_000583,18,sink_like,1,1,test_id_000583_t1_c1,little,little_1,3,1.5,1.0,17,274934.6,419788.0,456065.09375,466446.21875,488210.8125,LO,466446.21875,0.0,466446.21875
test_id_test_id_000583_09,test_id_000583,18,sink_like,1,2,test_id_000583_t1_c2,big,big_0,0,1.0,0.9,17,246286.45,503583.4375,547251.0,560053.1875,585021.4375,LO,560053.1875,0.0,560053.1875
test_id_test_id_000583_10,test_id_000583,18,sink_like,1,3,test_id_000583_t1_c3,little,little_0,0,0.6,0.8,17,433768.1,657334.5,710398.25,724935.75,752041.0,LO,724935.75,0.0,724935.75
test_id_test_id_000583_11,test_id_000583,18,sink_like,1,4,test_id_000583_t1_c4,big,big_1,1,1.4,0.98,17,189930.02,398116.125,432376.0625,442123.46875,462904.1875,LO,442123.46875,0.0,442123.46875
test_id_test_id_000583_12,test_id_000583,18,sink_like,1,5,test_id_000583_t1_c5,little,little_1,1,0.9,0.86,17,325249.22,622149.0,677584.375,694491.3125,724697.5625,LO,694491.3125,0.0,694491.3125
test_id_test_id_000583_13,test_id_000583,18,sink_like,1,6,test_id_000583_t1_c6,big,big_0,2,1.8,1.06,17,169983.4,318515.15625,346010.5,353839.0625,371210.84375,LO,353839.0625,0.0,353839.0625
test_id_test_id_000583_14,test_id_000583,37,middle,2,0,test_id_000583_t2_c0,little,little_0,3,1.5,1.0,36,193387.67,292898.78125,318369.6875,325663.09375,341980.8125,LO,325663.09375,0.0,325663.09375
test_id_test_id_000583_15,test_id_000583,37,middle,2,1,test_id_000583_t2_c1,big,big_1,0,1.0,0.9,36,216447.53,328162.75,356456.375,364489.59375,382269.75,LO,364489.59375,0.0,364489.59375
test_id_test_id_000583_16,test_id_000583,37,middle,2,2,test_id_000583_t2_c2,little,little_1,0,0.6,0.8,36,333202.22,316755.28125,338827.25,343689.90625,356177.875,LO,343689.90625,0.0,343689.90625
test_id_test_id_000583_17,test_id_000583,37,middle,2,3,test_id_000583_t2_c3,big,big_0,1,1.4,0.98,36,163061.05,276865.09375,301128.09375,308096.96875,323769.0,LO,308096.96875,0.0,308096.96875
test_id_test_id_000583_18,test_id_000583,37,middle,2,4,test_id_000583_t2_c4,little,little_0,1,0.9,0.86,36,239970.83,348209.25,378245.96875,386780.3125,405470.84375,LO,386780.3125,0.0,386780.3125
test_id_test_id_000583_19,test_id_000583,37,middle,2,5,test_id_000583_t2_c5,big,big_0,2,1.8,1.06,36,120243.664,226254.1875,247103.1875,253228.640625,267158.9375,LO,253228.640625,0.0,253228.640625
test_id_test_id_000583_20,test_id_000583,37,middle,2,6,test_id_000583_t2_c6,little,little_1,2,1.2,0.93,36,230032.22,321215.8125,348903.6875,356766.375,374228.5625,LO,356766.375,0.0,356766.375
test_id_test_id_000583_21,test_id_000583,19,high_degree,3,0,test_id_000583_t3_c0,big,big_0,0,1.0,0.9,18,289747.12,454857.0625,494473.4375,505953.9375,529277.1875,LO,505953.9375,0.0,505953.9375
test_id_test_id_000583_22,test_id_000583,19,high_degree,3,1,test_id_000583_t3_c1,little,little_0,0,0.6,0.8,18,351530.06,561454.5,604461.0,615142.9375,636881.3125,LO,615142.9375,0.0,615142.9375
test_id_test_id_000583_23,test_id_000583,19,high_degree,3,2,test_id_000583_t3_c2,big,big_1,1,1.4,0.98,18,219820.94,358580.25,389426.84375,398173.25,417262.84375,LO,398173.25,0.0,398173.25
test_id_test_id_000583_24,test_id_000583,19,high_degree,3,3,test_id_000583_t3_c3,little,little_0,1,0.9,0.86,18,275125.47,541250.375,589569.625,604095.3125,631471.125,LO,604095.3125,0.0,604095.3125
test_id_test_id_000583_25,test_id_000583,19,high_degree,3,4,test_id_000583_t3_c4,big,big_1,2,1.8,1.06,18,149856.66,296665.4375,322441.34375,329814.21875,346292.9375,LO,329814.21875,0.0,329814.21875
test_id_test_id_000583_26,test_id_000583,19,high_degree,3,5,test_id_000583_t3_c5,little,little_0,2,1.2,0.93,18,267556.44,426993.4375,464165.5625,474855.9375,497082.8125,LO,474855.9375,0.0,474855.9375
test_id_test_id_000583_27,test_id_000583,19,high_degree,3,6,test_id_000583_t3_c6,big,big_0,3,2.2,1.15,18,133059.31,240603.75,262424.28125,268813.6875,283274.6875,LO,268813.6875,0.0,268813.6875
test_id_test_id_000583_28,test_id_000583,51,communication_heavy,4,0,test_id_000583_t4_c0,little,little_1,0,0.6,0.8,50,576465.9,1376150.0,1576811.25,1615079.25,1718875.0,LO,1615079.25,0.0,1615079.25
test_id_test_id_000583_29,test_id_000583,51,communication_heavy,4,1,test_id_000583_t4_c1,big,big_1,1,1.4,0.98,50,368850.53,617087.0,671393.8125,687842.25,717351.875,LO,687842.25,0.0,687842.25
test_id_test_id_000583_30,test_id_000583,51,communication_heavy,4,2,test_id_000583_t4_c2,little,little_0,1,0.9,0.86,50,521852.25,1015779.875,1124072.75,1150094.125,1225404.5,LO,1150094.125,0.0,1150094.125
test_id_test_id_000583_31,test_id_000583,51,communication_heavy,4,3,test_id_000583_t4_c3,big,big_1,2,1.8,1.06,50,234498.77,508482.0,552743.875,565727.1875,591039.4375,LO,565727.1875,0.0,565727.1875
test_id_test_id_000583_32,test_id_000583,51,communication_heavy,4,4,test_id_000583_t4_c4,little,little_1,2,1.2,0.93,50,394250.03,776196.8125,850221.75,872336.8125,913261.875,LO,872336.8125,0.0,872336.8125
test_id_test_id_000583_33,test_id_000583,51,communication_heavy,4,5,test_id_000583_t4_c5,big,big_0,3,2.2,1.15,50,180177.86,419059.4375,455348.125,465732.8125,487540.625,LO,465732.8125,0.0,465732.8125
test_id_test_id_000583_34,test_id_000583,51,communication_heavy,4,6,test_id_000583_t4_c6,little,little_1,3,1.5,1.0,50,347188.12,637855.5625,695594.625,713246.3125,744886.0625,LO,713246.3125,0.0,713246.3125
test_id_test_id_000583_35,test_id_000583,55,random,5,0,test_id_000583_t5_c0,big,big_0,1,1.4,0.98,54,245307.69,626054.75,681839.875,698804.5,729191.625,LO,698804.5,0.0,698804.5
test_id_test_id_000583_36,test_id_000583,55,random,5,1,test_id_000583_t5_c1,little,little_1,1,0.9,0.86,54,586243.4,1089089.75,1209546.125,1238961.625,1334449.5,LO,1238961.625,0.0,1238961.625
test_id_test_id_000583_37,test_id_000583,55,random,5,2,test_id_000583_t5_c2,big,big_1,2,1.8,1.06,54,219522.89,506956.9375,551553.625,564687.25,590334.4375,LO,564687.25,0.0,564687.25
test_id_test_id_000583_38,test_id_000583,55,random,5,3,test_id_000583_t5_c3,little,little_1,2,1.2,0.93,54,457552.4,816384.625,897363.625,920958.3125,966873.625,LO,920958.3125,0.0,920958.3125
test_id_test_id_000583_39,test_id_000583,55,random,5,4,test_id_000583_t5_c4,big,big_1,3,2.2,1.15,54,194225.77,403926.125,439088.1875,449147.8125,470470.75,LO,449147.8125,0.0,449147.8125
test_id_test_id_000583_40,test_id_000583,55,random,5,5,test_id_000583_t5_c5,little,little_0,3,1.5,1.0,54,335920.8,653909.625,714492.4375,733105.625,766514.875,LO,733105.625,0.0,733105.625
test_id_test_id_000583_41,test_id_000583,55,random,5,6,test_id_000583_t5_c6,big,big_1,0,1.0,0.9,54,362858.3,831162.625,911180.3125,934218.875,979514.875,LO,934218.875,0.0,934218.875
test_id_test_id_000618_00,test_id_000618,1,source_like,0,0,test_id_000618_t0_c0,little,little_0,3,1.5,1.0,0,75060.98,99613.546875,114662.015625,118896.515625,129487.671875,HI,118896.515625,15665.78125,134562.296875
test_id_test_id_000618_01,test_id_000618,1,source_like,0,1,test_id_000618_t0_c1,big,big_0,0,1.0,0.9,0,73383.63,116403.4375,132808.359375,137604.0625,149352.25,HI,137604.0625,15665.78125,153269.84375
test_id_test_id_000618_02,test_id_000618,1,source_like,0,2,test_id_000618_t0_c2,little,little_0,0,0.6,0.8,0,167471.75,185282.34375,207699.90625,214709.9375,231169.03125,HI,214709.9375,15665.78125,230375.71875
test_id_test_id_000618_03,test_id_000618,1,source_like,0,3,test_id_000618_t0_c3,big,big_1,1,1.4,0.98,0,62030.625,82365.703125,97272.953125,101408.296875,111677.921875,HI,101408.296875,15665.78125,117074.078125
test_id_test_id_000618_04,test_id_000618,1,source_like,0,4,test_id_000618_t0_c4,little,little_1,1,0.9,0.86,0,119915.125,151340.578125,169977.484375,175669.9375,189155.0,HI,175669.9375,15665.78125,191335.71875
test_id_test_id_000618_05,test_id_000618,1,source_like,0,5,test_id_000618_t0_c5,big,big_0,2,1.8,1.06,0,44397.254,68416.0,82532.546875,86439.0,95992.421875,HI,86439.0,15665.78125,102104.78125
test_id_test_id_000618_06,test_id_000618,1,source_like,0,6,test_id_000618_t0_c6,little,little_1,2,1.2,0.93,0,95377.17,119846.21875,135916.234375,140612.890625,152092.09375,HI,140612.890625,15665.78125,156278.671875
test_id_test_id_000618_07,test_id_000618,121,sink_like,1,0,test_id_000618_t1_c0,big,big_0,0,1.0,0.9,120,388734.84,825450.5625,903950.8125,926663.4375,970842.0,HI,926663.4375,15665.78125,942329.21875
test_id_test_id_000618_08,test_id_000618,121,sink_like,1,1,test_id_000618_t1_c1,little,little_0,0,0.6,0.8,120,612210.9,1478324.0,1736511.5,1778286.0,1867930.0,HI,1778286.0,15665.78125,1793951.78125
test_id_test_id_000618_09,test_id_000618,121,sink_like,1,2,test_id_000618_t1_c2,big,big_1,1,1.4,0.98,120,285668.53,632227.5,688277.0,705334.25,735723.125,HI,705334.25,15665.78125,721000.03125
test_id_test_id_000618_10,test_id_000618,121,sink_like,1,3,test_id_000618_t1_c3,little,little_1,1,0.9,0.86,120,602253.6,1084448.5,1203505.5,1232574.5,1325963.25,HI,1232574.5,15665.78125,1248240.28125
test_id_test_id_000618_11,test_id_000618,121,sink_like,1,4,test_id_000618_t1_c4,big,big_1,2,1.8,1.06,120,246758.55,526203.375,572291.5625,585918.375,612088.5,HI,585918.375,15665.78125,601584.15625
test_id_test_id_000618_12,test_id_000618,121,sink_like,1,5,test_id_000618_t1_c5,little,little_1,2,1.2,0.93,120,458427.6,813803.5,893486.5,916725.25,961752.1875,HI,916725.25,15665.78125,932391.03125
test_id_test_id_000618_13,test_id_000618,121,sink_like,1,6,test_id_000618_t1_c6,big,big_1,3,2.2,1.15,120,186490.8,430240.34375,467663.75,478417.3125,500800.5625,HI,478417.3125,15665.78125,494083.09375
test_id_test_id_000618_14,test_id_000618,149,middle,2,0,test_id_000618_t2_c0,little,little_0,0,0.6,0.8,148,614407.3,1138971.5,1267168.75,1298860.75,1405486.75,HI,1298860.75,15665.78125,1314526.53125
test_id_test_id_000618_15,test_id_000618,149,middle,2,1,test_id_000618_t2_c1,big,big_0,1,1.4,0.98,148,286119.75,538173.875,584820.3125,598603.875,624763.375,HI,598603.875,15665.78125,614269.65625
test_id_test_id_000618_16,test_id_000618,149,middle,2,2,test_id_000618_t2_c2,little,little_0,1,0.9,0.86,148,478277.56,871828.0625,956866.1875,980536.0625,1030049.8125,HI,980536.0625,15665.78125,996201.84375
test_id_test_id_000618_17,test_id_000618,149,middle,2,3,test_id_000618_t2_c3,big,big_0,2,1.8,1.06,148,210284.52,432827.9375,470201.0,480909.875,503164.9375,HI,480909.875,15665.78125,496575.65625
test_id_test_id_000618_18,test_id_000618,149,middle,2,4,test_id_000618_t2_c4,little,little_0,2,1.2,0.93,148,280166.53,660693.0625,719757.0,737783.0625,769610.1875,HI,737783.0625,15665.78125,753448.84375
test_id_test_id_000618_19,test_id_000618,149,middle,2,5,test_id_000618_t2_c5,big,big_0,3,2.2,1.15,148,224228.03,359077.6875,389984.8125,398757.84375,417889.3125,HI,398757.84375,15665.78125,414423.625
test_id_test_id_000618_20,test_id_000618,149,middle,2,6,test_id_000618_t2_c6,little,little_1,3,1.5,1.0,148,298968.28,560606.1875,609816.75,624515.75,651968.1875,HI,624515.75,15665.78125,640181.53125
test_id_test_id_000618_21,test_id_000618,16,high_degree,3,0,test_id_000618_t3_c0,big,big_0,1,1.4,0.98,15,224393.3,470223.125,510912.625,522691.125,546418.0,HI,522691.125,15665.78125,538356.90625
test_id_test_id_000618_22,test_id_000618,16,high_degree,3,1,test_id_000618_t3_c1,little,little_1,1,0.9,0.86,15,472510.56,778042.625,850906.875,872796.8125,912772.875,HI,872796.8125,15665.78125,888462.59375
test_id_test_id_000618_23,test_id_000618,16,high_degree,3,2,test_id_000618_t3_c2,big,big_0,2,1.8,1.06,15,238963.98,378353.96875,410946.125,420206.96875,440173.5,HI,420206.96875,15665.78125,435872.75
test_id_test_id_000618_24,test_id_000618,16,high_degree,3,3,test_id_000618_t3_c3,little,little_1,2,1.2,0.93,15,264631.7,590718.75,642568.5,658154.8125,686599.75,HI,658154.8125,15665.78125,673820.59375
test_id_test_id_000618_25,test_id_000618,16,high_degree,3,4,test_id_000618_t3_c4,big,big_1,3,2.2,1.15,15,150207.72,307310.78125,333954.4375,341566.25,358514.4375,HI,341566.25,15665.78125,357232.03125
test_id_test_id_000618_26,test_id_000618,16,high_degree,3,5,test_id_000618_t3_c5,little,little_1,3,1.5,1.0,15,269810.06,497155.5625,540523.75,553221.5,578199.125,HI,553221.5,15665.78125,568887.28125
test_id_test_id_000618_27,test_id_000618,16,high_degree,3,6,test_id_000618_t3_c6,big,big_1,0,1.0,0.9,15,257805.05,614964.75,668634.5625,684884.0,713922.5625,HI,684884.0,15665.78125,700549.78125
test_id_test_id_000618_28,test_id_000618,67,communication_heavy,4,0,test_id_000618_t4_c0,little,little_0,1,0.9,0.86,66,835806.7,1452971.5,1694856.25,1735357.75,1829970.75,HI,1735357.75,15665.78125,1751023.53125
test_id_test_id_000618_29,test_id_000618,67,communication_heavy,4,1,test_id_000618_t4_c1,big,big_1,2,1.8,1.06,66,313202.66,694605.875,759175.875,779103.25,814405.875,HI,779103.25,15665.78125,794769.03125
test_id_test_id_000618_30,test_id_000618,67,communication_heavy,4,2,test_id_000618_t4_c2,little,little_0,2,1.2,0.93,66,574706.94,1133782.0,1261859.875,1294854.0,1403904.0,HI,1294854.0,15665.78125,1310519.78125
test_id_test_id_000618_31,test_id_000618,67,communication_heavy,4,3,test_id_000618_t4_c3,big,big_1,3,2.2,1.15,66,234358.81,584657.875,637134.875,653079.75,682350.5,HI,653079.75,15665.78125,668745.53125
test_id_test_id_000618_32,test_id_000618,67,communication_heavy,4,4,test_id_000618_t4_c4,little,little_0,3,1.5,1.0,66,584413.8,923421.9375,1022190.3125,1048059.3125,1109568.75,HI,1048059.3125,15665.78125,1063725.09375
test_id_test_id_000618_33,test_id_000618,67,communication_heavy,4,5,test_id_000618_t4_c5,big,big_0,0,1.0,0.9,66,600514.4,1164496.625,1296128.25,1330132.75,1444222.25,HI,1330132.75,15665.78125,1345798.53125
test_id_test_id_000618_34,test_id_000618,67,communication_heavy,4,6,test_id_000618_t4_c6,little,little_0,0,0.6,0.8,66,1008090.56,1760483.5,2362044.75,2447151.5,2512390.0,HI,2447151.5,15665.78125,2462817.28125
test_id_test_id_000618_35,test_id_000618,73,random,5,0,test_id_000618_t5_c0,big,big_0,2,1.8,1.06,72,120355.125,203870.09375,223339.859375,229098.765625,242286.625,HI,229098.765625,15665.78125,244764.546875
test_id_test_id_000618_36,test_id_000618,73,random,5,1,test_id_000618_t5_c1,little,little_1,2,1.2,0.93,72,201142.78,311430.84375,338261.125,345882.4375,362878.1875,HI,345882.4375,15665.78125,361548.21875
test_id_test_id_000618_37,test_id_000618,73,random,5,2,test_id_000618_t5_c2,big,big_0,3,2.2,1.15,72,86938.7,167607.671875,185150.03125,190264.453125,202284.8125,HI,190264.453125,15665.78125,205930.234375
test_id_test_id_000618_38,test_id_000618,73,random,5,3,test_id_000618_t5_c3,little,little_1,3,1.5,1.0,72,171526.0,271389.21875,295224.6875,302093.96875,317541.34375,HI,302093.96875,15665.78125,317759.75
test_id_test_id_000618_39,test_id_000618,73,random,5,4,test_id_000618_t5_c4,big,big_0,0,1.0,0.9,72,166277.62,320897.15625,348564.6875,356411.0625,373835.25,HI,356411.0625,15665.78125,372076.84375
test_id_test_id_000618_40,test_id_000618,73,random,5,5,test_id_000618_t5_c5,little,little_1,0,0.6,0.8,72,415346.44,334859.125,357076.0,361783.1875,373725.8125,HI,361783.1875,15665.78125,377448.96875
test_id_test_id_000618_41,test_id_000618,73,random,5,6,test_id_000618_t5_c6,big,big_0,1,1.4,0.98,72,144670.81,254972.59375,277647.90625,284213.46875,299046.78125,HI,284213.46875,15665.78125,299879.25
test_id_test_id_000629_00,test_id_000629,5,source_like,0,0,test_id_000629_t0_c0,big,big_0,1,1.4,0.98,4,94593.4,141851.0,157796.1875,162328.625,173308.59375,LO,162328.625,0.0,162328.625
test_id_test_id_000629_01,test_id_000629,5,source_like,0,1,test_id_000629_t0_c1,little,little_1,1,0.9,0.86,4,215722.89,214577.71875,235482.140625,241652.40625,255882.09375,LO,241652.40625,0.0,241652.40625
test_id_test_id_000629_02,test_id_000629,5,source_like,0,2,test_id_000629_t0_c2,big,big_0,2,1.8,1.06,4,70544.79,118999.796875,134248.109375,138422.109375,148851.6875,LO,138422.109375,0.0,138422.109375
test_id_test_id_000629_03,test_id_000629,5,source_like,0,3,test_id_000629_t0_c3,little,little_0,2,1.2,0.93,4,165448.4,171056.5625,188447.0,193482.875,205370.90625,LO,193482.875,0.0,193482.875
test_id_test_id_000629_04,test_id_000629,5,source_like,0,4,test_id_000629_t0_c4,big,big_1,3,2.2,1.15,4,63193.473,100726.78125,115803.046875,119823.796875,130005.9375,LO,119823.796875,0.0,119823.796875
test_id_test_id_000629_05,test_id_000629,5,source_like,0,5,test_id_000629_t0_c5,little,little_1,3,1.5,1.0,4,139862.47,157068.40625,173650.4375,178411.375,189791.0625,LO,178411.375,0.0,178411.375
test_id_test_id_000629_06,test_id_000629,5,source_like,0,6,test_id_000629_t0_c6,big,big_0,0,1.0,0.9,4,137405.66,172031.328125,189693.609375,194854.671875,206977.046875,LO,194854.671875,0.0,194854.671875
test_id_test_id_000629_07,test_id_000629,74,sink_like,1,0,test_id_000629_t1_c0,little,little_0,1,0.9,0.86,73,312645.0,403071.53125,438060.40625,448093.0,469283.5,LO,448093.0,0.0,448093.0
test_id_test_id_000629_08,test_id_000629,74,sink_like,1,1,test_id_000629_t1_c1,big,big_1,2,1.8,1.06,73,139256.03,223507.984375,244220.65625,250329.3125,264206.5,LO,250329.3125,0.0,250329.3125
test_id_test_id_000629_09,test_id_000629,74,sink_like,1,2,test_id_000629_t1_c2,little,little_0,2,1.2,0.93,73,236229.53,351916.375,382137.28125,390707.75,409480.0,LO,390707.75,0.0,390707.75
test_id_test_id_000629_10,test_id_000629,74,sink_like,1,3,test_id_000629_t1_c3,big,big_1,3,2.2,1.15,73,102998.01,184549.0625,203057.625,208538.09375,221219.65625,LO,208538.09375,0.0,208538.09375
test_id_test_id_000629_11,test_id_000629,74,sink_like,1,4,test_id_000629_t1_c4,little,little_0,3,1.5,1.0,73,179931.6,312832.03125,339838.09375,347534.03125,364649.65625,LO,347534.03125,0.0,347534.03125
test_id_test_id_000629_12,test_id_000629,74,sink_like,1,5,test_id_000629_t1_c5,big,big_0,0,1.0,0.9,73,173327.1,361868.3125,393033.0625,401880.5,421130.5,LO,401880.5,0.0,401880.5
test_id_test_id_000629_13,test_id_000629,74,sink_like,1,6,test_id_000629_t1_c6,little,little_1,0,0.6,0.8,73,406812.25,389056.84375,416179.9375,422450.5,436873.4375,LO,422450.5,0.0,422450.5
test_id_test_id_000629_14,test_id_000629,56,middle,2,0,test_id_000629_t2_c0,big,big_1,2,1.8,1.06,55,159588.4,356292.0,387057.5625,395798.75,414857.125,LO,395798.75,0.0,395798.75
test_id_test_id_000629_15,test_id_000629,56,middle,2,1,test_id_000629_t2_c1,little,little_0,2,1.2,0.93,55,297528.5,553953.5,602914.75,617542.4375,644983.375,LO,617542.4375,0.0,617542.4375
test_id_test_id_000629_16,test_id_000629,56,middle,2,2,test_id_000629_t2_c2,big,big_0,3,2.2,1.15,55,123475.02,283391.40625,308272.46875,315441.4375,331500.28125,LO,315441.4375,0.0,315441.4375
test_id_test_id_000629_17,test_id_000629,56,middle,2,3,test_id_000629_t2_c3,little,little_0,3,1.5,1.0,55,293826.62,461454.21875,501876.625,513627.875,537408.0,LO,513627.875,0.0,513627.875
test_id_test_id_000629_18,test_id_000629,56,middle,2,4,test_id_000629_t2_c4,big,big_1,0,1.0,0.9,55,293197.56,590355.1875,642049.375,657578.0,685892.0,LO,657578.0,0.0,657578.0
test_id_test_id_000629_19,test_id_000629,56,middle,2,5,test_id_000629_t2_c5,little,little_1,0,0.6,0.8,55,489933.78,1090812.5,1212737.0,1241195.125,1334816.75,LO,1241195.125,0.0,1241195.125
test_id_test_id_000629_20,test_id_000629,56,middle,2,6,test_id_000629_t2_c6,big,big_0,1,1.4,0.98,55,178352.92,452317.03125,491558.875,502882.96875,526022.625,LO,502882.96875,0.0,502882.96875
test_id_test_id_000629_21,test_id_000629,73,high_degree,3,0,test_id_000629_t3_c0,little,little_0,2,1.2,0.93,72,320293.72,473712.625,515095.40625,527157.0625,551289.4375,LO,527157.0625,0.0,527157.0625
test_id_test_id_000629_22,test_id_000629,73,high_degree,3,1,test_id_000629_t3_c1,big,big_0,3,2.2,1.15,72,117871.52,245546.1875,267719.1875,274207.25,288864.375,LO,274207.25,0.0,274207.25
test_id_test_id_000629_23,test_id_000629,73,high_degree,3,2,test_id_000629_t3_c2,little,little_1,3,1.5,1.0,72,216215.7,407553.25,442746.6875,452792.875,474042.71875,LO,452792.875,0.0,452792.875
test_id_test_id_000629_24,test_id_000629,73,high_degree,3,3,test_id_000629_t3_c3,big,big_0,0,1.0,0.9,72,229997.75,498901.3125,542288.6875,555002.5,579896.625,LO,555002.5,0.0,555002.5
test_id_test_id_000629_25,test_id_000629,73,high_degree,3,4,test_id_000629_t3_c4,little,little_0,0,0.6,0.8,72,430562.28,658746.875,710713.125,724154.8125,750072.75,LO,724154.8125,0.0,724154.8125
test_id_test_id_000629_26,test_id_000629,73,high_degree,3,5,test_id_000629_t3_c5,big,big_0,1,1.4,0.98,72,204069.89,379526.5,412217.4375,421506.3125,441522.1875,LO,421506.3125,0.0,421506.3125
test_id_test_id_000629_27,test_id_000629,73,high_degree,3,6,test_id_000629_t3_c6,little,little_0,1,0.9,0.86,72,353717.72,620764.5,676137.0625,693017.9375,723196.5,LO,693017.9375,0.0,693017.9375
test_id_test_id_000629_28,test_id_000629,96,communication_heavy,4,0,test_id_000629_t4_c0,big,big_0,3,2.2,1.15,95,161544.88,272922.21875,296965.71875,303913.59375,319518.5625,LO,303913.59375,0.0,303913.59375
test_id_test_id_000629_29,test_id_000629,96,communication_heavy,4,1,test_id_000629_t4_c1,little,little_0,3,1.5,1.0,95,216763.02,438281.9375,476239.6875,487150.9375,509699.0625,LO,487150.9375,0.0,487150.9375
test_id_test_id_000629_30,test_id_000629,96,communication_heavy,4,2,test_id_000629_t4_c2,big,big_0,0,1.0,0.9,95,293796.7,537862.875,584624.25,598502.125,624747.5,LO,598502.125,0.0,598502.125
test_id_test_id_000629_31,test_id_000629,96,communication_heavy,4,3,test_id_000629_t4_c3,little,little_0,0,0.6,0.8,95,403738.2,750108.75,814894.1875,831166.25,865194.5625,LO,831166.25,0.0,831166.25
test_id_test_id_000629_32,test_id_000629,96,communication_heavy,4,4,test_id_000629_t4_c4,big,big_0,1,1.4,0.98,95,197459.52,414535.96875,450302.65625,460515.65625,482021.375,LO,460515.65625,0.0,460515.65625
test_id_test_id_000629_33,test_id_000629,96,communication_heavy,4,5,test_id_000629_t4_c5,little,little_1,1,0.9,0.86,95,308892.78,660543.0,719912.125,738135.125,770252.125,LO,738135.125,0.0,738135.125
test_id_test_id_000629_34,test_id_000629,96,communication_heavy,4,6,test_id_000629_t4_c6,big,big_1,2,1.8,1.06,95,122550.35,336095.15625,365000.5,373205.21875,391304.65625,LO,373205.21875,0.0,373205.21875
test_id_test_id_000629_35,test_id_000629,20,random,5,0,test_id_000629_t5_c0,little,little_1,3,1.5,1.0,19,81335.0,171391.109375,189431.546875,194817.3125,207354.46875,LO,194817.3125,0.0,194817.3125
test_id_test_id_000629_36,test_id_000629,20,random,5,1,test_id_000629_t5_c1,big,big_1,0,1.0,0.9,19,104192.7,198039.875,218928.40625,225442.1875,240326.484375,LO,225442.1875,0.0,225442.1875
test_id_test_id_000629_37,test_id_000629,20,random,5,2,test_id_000629_t5_c2,little,little_0,0,0.6,0.8,19,198574.77,253643.796875,279414.46875,287083.09375,305318.0625,LO,287083.09375,0.0,287083.09375
test_id_test_id_000629_38,test_id_000629,20,random,5,3,test_id_000629_t5_c3,big,big_0,1,1.4,0.98,19,74822.54,149487.515625,166527.578125,171573.15625,183554.71875,LO,171573.15625,0.0,171573.15625
test_id_test_id_000629_39,test_id_000629,20,random,5,4,test_id_000629_t5_c4,little,little_0,1,0.9,0.86,19,144374.97,224861.53125,247794.0625,254903.234375,271123.59375,LO,254903.234375,0.0,254903.234375
test_id_test_id_000629_40,test_id_000629,20,random,5,5,test_id_000629_t5_c5,big,big_0,2,1.8,1.06,19,61107.44,114692.40625,130188.25,134486.125,145190.265625,LO,134486.125,0.0,134486.125
test_id_test_id_000629_41,test_id_000629,20,random,5,6,test_id_000629_t5_c6,little,little_0,2,1.2,0.93,19,109816.74,193371.09375,213231.0,219292.515625,233162.734375,LO,219292.515625,0.0,219292.515625
test_id_test_id_000631_00,test_id_000631,3,source_like,0,0,test_id_000631_t0_c0,little,little_1,1,0.9,0.86,2,274681.9,197140.84375,216840.75,222571.421875,236012.75,HI,222571.421875,15665.78125,238237.203125
test_id_test_id_000631_01,test_id_000631,3,source_like,0,1,test_id_000631_t0_c1,big,big_0,2,1.8,1.06,2,87089.32,128713.53125,144241.09375,148542.5625,159167.625,HI,148542.5625,15665.78125,164208.34375
test_id_test_id_000631_02,test_id_000631,3,source_like,0,2,test_id_000631_t0_c2,little,little_0,2,1.2,0.93,2,217375.19,161879.265625,178551.53125,183311.9375,194701.03125,HI,183311.9375,15665.78125,198977.71875
test_id_test_id_000631_03,test_id_000631,3,source_like,0,3,test_id_000631_t0_c3,big,big_0,3,2.2,1.15,2,78145.484,108815.34375,123994.171875,128070.34375,138364.0625,HI,128070.34375,15665.78125,143736.125
test_id_test_id_000631_04,test_id_000631,3,source_like,0,4,test_id_000631_t0_c4,little,little_1,3,1.5,1.0,2,155375.8,169710.875,186914.765625,191870.25,203606.875,HI,191870.25,15665.78125,207536.03125
test_id_test_id_000631_05,test_id_000631,3,source_like,0,5,test_id_000631_t0_c5,big,big_1,0,1.0,0.9,2,166173.2,178309.046875,196165.90625,201352.453125,213529.625,HI,201352.453125,15665.78125,217018.234375
test_id_test_id_000631_06,test_id_000631,3,source_like,0,6,test_id_000631_t0_c6,little,little_1,0,0.6,0.8,2,398615.8,257479.03125,279164.0,284269.3125,297798.75,HI,284269.3125,15665.78125,299935.09375
test_id_test_id_000631_07,test_id_000631,49,sink_like,1,0,test_id_000631_t1_c0,big,big_1,2,1.8,1.06,48,209214.69,453968.34375,493436.71875,504833.59375,528120.25,HI,504833.59375,15665.78125,520499.375
test_id_test_id_000631_08,test_id_000631,49,sink_like,1,1,test_id_000631_t1_c1,little,little_1,2,1.2,0.93,48,309100.2,698002.0,761995.0625,781540.125,816233.625,HI,781540.125,15665.78125,797205.90625
test_id_test_id_000631_09,test_id_000631,49,sink_like,1,2,test_id_000631_t1_c2,big,big_1,3,2.2,1.15,48,236955.1,366002.6875,397638.875,406627.3125,426157.5625,HI,406627.3125,15665.78125,422293.09375
test_id_test_id_000631_10,test_id_000631,49,sink_like,1,3,test_id_000631_t1_c3,little,little_0,3,1.5,1.0,48,343701.0,581992.0,633920.25,649600.0,678521.0,HI,649600.0,15665.78125,665265.78125
test_id_test_id_000631_11,test_id_000631,49,sink_like,1,4,test_id_000631_t1_c4,big,big_1,0,1.0,0.9,48,293728.78,717622.9375,782277.0625,801980.3125,836674.625,HI,801980.3125,15665.78125,817646.09375
test_id_test_id_000631_12,test_id_000631,49,sink_like,1,5,test_id_000631_t1_c5,little,little_0,0,0.6,0.8,48,637333.7,1332544.0,1513861.75,1551187.75,1659720.75,HI,1551187.75,15665.78125,1566853.53125
test_id_test_id_000631_13,test_id_000631,49,sink_like,1,6,test_id_000631_t1_c6,big,big_0,1,1.4,0.98,48,314228.2,561781.75,610856.625,625487.0,652777.625,HI,625487.0,15665.78125,641152.78125
test_id_test_id_000631_14,test_id_000631,30,middle,2,0,test_id_000631_t2_c0,little,little_0,2,1.2,0.93,29,285506.97,555500.5,604349.25,618916.75,646219.4375,HI,618916.75,15665.78125,634582.53125
test_id_test_id_000631_15,test_id_000631,30,middle,2,1,test_id_000631_t2_c1,big,big_0,3,2.2,1.15,29,154013.61,281280.4375,306016.21875,313151.46875,329140.40625,HI,313151.46875,15665.78125,328817.25
test_id_test_id_000631_16,test_id_000631,30,middle,2,2,test_id_000631_t2_c2,little,little_1,3,1.5,1.0,29,214494.34,468830.25,509652.75,521504.875,545393.375,HI,521504.875,15665.78125,537170.65625
test_id_test_id_000631_17,test_id_000631,30,middle,2,3,test_id_000631_t2_c3,big,big_1,0,1.0,0.9,29,268790.7,585333.875,636317.5,651596.0625,679519.375,HI,651596.0625,15665.78125,667261.84375
test_id_test_id_000631_18,test_id_000631,30,middle,2,4,test_id_000631_t2_c4,little,little_1,0,0.6,0.8,29,677687.3,1047308.9375,1161406.75,1187037.5,1269829.0,HI,1187037.5,15665.78125,1202703.28125
test_id_test_id_000631_19,test_id_000631,30,middle,2,5,test_id_000631_t2_c5,big,big_1,1,1.4,0.98,29,215461.36,454302.75,493749.125,505143.28125,528382.5,HI,505143.28125,15665.78125,520809.0625
test_id_test_id_000631_20,test_id_000631,30,middle,2,6,test_id_000631_t2_c6,little,little_1,1,0.9,0.86,29,396596.66,779885.125,853913.1875,876118.5625,916991.875,HI,876118.5625,15665.78125,891784.34375
test_id_test_id_000631_21,test_id_000631,48,communication_heavy,3,0,test_id_000631_t3_c0,big,big_1,3,2.2,1.15,47,207214.17,367198.0,398834.875,407814.9375,427322.9375,HI,407814.9375,15665.78125,423480.71875
test_id_test_id_000631_22,test_id_000631,48,communication_heavy,3,1,test_id_000631_t3_c1,little,little_0,3,1.5,1.0,47,332047.1,577484.4375,628488.9375,643823.6875,672136.625,HI,643823.6875,15665.78125,659489.46875
test_id_test_id_000631_23,test_id_000631,48,communication_heavy,3,2,test_id_000631_t3_c2,big,big_1,0,1.0,0.9,47,359012.38,697807.0625,759952.25,778951.6875,812168.25,HI,778951.6875,15665.78125,794617.46875
test_id_test_id_000631_24,test_id_000631,48,communication_heavy,3,3,test_id_000631_t3_c3,little,little_1,0,0.6,0.8,47,621569.6,1206835.0,1347614.75,1382477.75,1498173.25,HI,1382477.75,15665.78125,1398143.53125
test_id_test_id_000631_25,test_id_000631,48,communication_heavy,3,4,test_id_000631_t3_c4,big,big_0,1,1.4,0.98,47,280276.3,551410.4375,599245.25,613434.625,640088.5,HI,613434.625,15665.78125,629100.40625
test_id_test_id_000631_26,test_id_000631,48,communication_heavy,3,5,test_id_000631_t3_c5,little,little_1,1,0.9,0.86,47,379678.66,904002.0625,993518.875,1017517.625,1071260.5,HI,1017517.625,15665.78125,1033183.40625
test_id_test_id_000631_27,test_id_000631,48,communication_heavy,3,6,test_id_000631_t3_c6,big,big_1,2,1.8,1.06,47,163778.3,451859.1875,490928.84375,502176.25,525211.875,HI,502176.25,15665.78125,517842.03125
test_id_test_id_000631_28,test_id_000631,51,random,4,0,test_id_000631_t4_c0,little,little_1,3,1.5,1.0,50,171757.31,323314.3125,351138.875,359048.59375,376589.65625,HI,359048.59375,15665.78125,374714.375
test_id_test_id_000631_29,test_id_000631,51,random,4,1,test_id_000631_t4_c1,big,big_1,0,1.0,0.9,50,210665.03,372802.71875,404881.3125,413987.625,433696.21875,HI,413987.625,15665.78125,429653.40625
test_id_test_id_000631_30,test_id_000631,51,random,4,2,test_id_000631_t4_c2,little,little_0,0,0.6,0.8,50,362286.3,394075.4375,422608.875,429498.8125,445026.3125,HI,429498.8125,15665.78125,445164.59375
test_id_test_id_000631_31,test_id_000631,51,random,4,3,test_id_000631_t4_c3,big,big_0,1,1.4,0.98,50,169902.89,298451.6875,324342.625,331739.0,348266.4375,HI,331739.0,15665.78125,347404.78125
test_id_test_id_000631_32,test_id_000631,51,random,4,4,test_id_000631_t4_c4,little,little_0,1,0.9,0.86,50,228566.02,406432.875,441584.6875,451645.09375,472897.5625,HI,451645.09375,15665.78125,467310.875
test_id_test_id_000631_33,test_id_000631,51,random,4,5,test_id_000631_t4_c5,big,big_0,2,1.8,1.06,50,118913.71,243959.125,265968.0625,272395.78125,286929.375,HI,272395.78125,15665.78125,288061.5625
test_id_test_id_000631_34,test_id_000631,51,random,4,6,test_id_000631_t4_c6,little,little_0,2,1.2,0.93,50,214425.27,359151.0625,390001.75,398750.6875,417846.4375,HI,398750.6875,15665.78125,414416.46875
test_id_test_id_000631_35,test_id_000631,52,diverse_fill_1,5,0,test_id_000631_t5_c0,big,big_1,0,1.0,0.9,51,337717.22,693174.5,755239.0,774181.75,807442.9375,HI,774181.75,15665.78125,789847.53125
test_id_test_id_000631_36,test_id_000631,52,diverse_fill_1,5,1,test_id_000631_t5_c1,little,little_1,0,0.6,0.8,51,631403.4,1311685.25,1486015.5,1523239.5,1634572.5,HI,1523239.5,15665.78125,1538905.28125
test_id_test_id_000631_37,test_id_000631,52,diverse_fill_1,5,2,test_id_000631_t5_c2,big,big_1,1,1.4,0.98,51,273619.38,542191.5,589490.625,603505.5,630070.25,HI,603505.5,15665.78125,619171.28125
test_id_test_id_000631_38,test_id_000631,52,diverse_fill_1,5,3,test_id_000631_t5_c3,little,little_0,1,0.9,0.86,51,504745.7,932317.3125,1027221.625,1051807.25,1110882.25,HI,1051807.25,15665.78125,1067473.03125
test_id_test_id_000631_39,test_id_000631,52,diverse_fill_1,5,4,test_id_000631_t5_c4,big,big_0,2,1.8,1.06,51,192527.64,436334.40625,474190.3125,485067.625,507606.71875,HI,485067.625,15665.78125,500733.40625
test_id_test_id_000631_40,test_id_000631,52,diverse_fill_1,5,5,test_id_000631_t5_c5,little,little_0,2,1.2,0.93,51,300259.0,674056.125,735356.875,754077.25,787325.25,HI,754077.25,15665.78125,769743.03125
test_id_test_id_000631_41,test_id_000631,52,diverse_fill_1,5,6,test_id_000631_t5_c6,big,big_1,3,2.2,1.15,51,170490.9,356173.125,386940.125,395680.03125,414766.21875,HI,395680.03125,15665.78125,411345.8125
test_id_test_id_000697_00,test_id_000697,14,source_like,0,0,test_id_000697_t0_c0,big,big_1,3,2.2,1.15,13,28460.17,49529.703125,62607.3125,66441.6875,75521.453125,LO,66441.6875,0.0,66441.6875
test_id_test_id_000697_01,test_id_000697,14,source_like,0,1,test_id_000697_t0_c1,little,little_0,3,1.5,1.0,13,62321.297,85454.390625,100446.609375,104662.28125,115140.671875,LO,104662.28125,0.0,104662.28125
test_id_test_id_000697_02,test_id_000697,14,source_like,0,2,test_id_000697_t0_c2,big,big_1,0,1.0,0.9,13,63608.652,94098.359375,110168.46875,114821.265625,126275.953125,LO,114821.265625,0.0,114821.265625
test_id_test_id_000697_03,test_id_000697,14,source_like,0,3,test_id_000697_t0_c3,little,little_1,0,0.6,0.8,13,147898.14,152587.078125,173327.90625,179821.109375,195247.375,LO,179821.109375,0.0,179821.109375
test_id_test_id_000697_04,test_id_000697,14,source_like,0,4,test_id_000697_t0_c4,big,big_0,1,1.4,0.98,13,44247.504,71526.0625,86181.75,90289.5,100304.859375,LO,90289.5,0.0,90289.5
test_id_test_id_000697_05,test_id_000697,14,source_like,0,5,test_id_000697_t0_c5,little,little_0,1,0.9,0.86,13,98911.57,128936.421875,146790.28125,152220.140625,165301.34375,LO,152220.140625,0.0,152220.140625
test_id_test_id_000697_06,test_id_000697,14,source_like,0,6,test_id_000697_t0_c6,big,big_1,2,1.8,1.06,13,33089.04,59011.484375,72672.5625,76557.65625,85891.765625,LO,76557.65625,0.0,76557.65625
test_id_test_id_000697_07,test_id_000697,116,sink_like,1,0,test_id_000697_t1_c0,little,little_0,3,1.5,1.0,115,361564.9,652662.125,712009.0,730207.0625,762648.25,LO,730207.0625,0.0,730207.0625
test_id_test_id_000697_08,test_id_000697,116,sink_like,1,1,test_id_000697_t1_c1,big,big_1,0,1.0,0.9,115,383966.44,802549.375,877503.6875,899588.125,941117.625,LO,899588.125,0.0,899588.125
test_id_test_id_000697_09,test_id_000697,116,sink_like,1,2,test_id_000697_t1_c2,little,little_1,0,0.6,0.8,115,686882.4,1396272.5,1606020.75,1644630.0,1745347.25,LO,1644630.0,0.0,1644630.0
test_id_test_id_000697_10,test_id_000697,116,sink_like,1,3,test_id_000697_t1_c3,big,big_1,1,1.4,0.98,115,250937.81,621398.0,675939.75,692484.6875,722018.5,LO,692484.6875,0.0,692484.6875
test_id_test_id_000697_11,test_id_000697,116,sink_like,1,4,test_id_000697_t1_c4,little,little_1,1,0.9,0.86,115,579868.6,1038643.625,1150519.5,1177330.125,1258053.0,LO,1177330.125,0.0,1177330.125
test_id_test_id_000697_12,test_id_000697,116,sink_like,1,5,test_id_000697_t1_c5,big,big_0,2,1.8,1.06,115,283961.44,520669.25,566127.375,579527.875,605386.125,LO,579527.875,0.0,579527.875
test_id_test_id_000697_13,test_id_000697,116,sink_like,1,6,test_id_000697_t1_c6,little,little_0,2,1.2,0.93,115,393665.75,782489.0,857127.0,879366.5,920739.125,LO,879366.5,0.0,879366.5
test_id_test_id_000697_14,test_id_000697,71,middle,2,0,test_id_000697_t2_c0,big,big_1,0,1.0,0.9,70,394556.44,901848.0,990858.1875,1014639.0625,1067980.0,LO,1014639.0625,0.0,1014639.0625
test_id_test_id_000697_15,test_id_000697,71,middle,2,1,test_id_000697_t2_c1,little,little_1,0,0.6,0.8,70,859018.8,1520655.5,1810776.25,1855308.25,1940173.5,LO,1855308.25,0.0,1855308.25
test_id_test_id_000697_16,test_id_000697,71,middle,2,2,test_id_000697_t2_c2,big,big_0,1,1.4,0.98,70,282020.66,685113.3125,746601.125,765450.9375,798485.75,LO,765450.9375,0.0,765450.9375
test_id_test_id_000697_17,test_id_000697,71,middle,2,3,test_id_000697_t2_c3,little,little_1,1,0.9,0.86,70,487682.47,1128608.5,1253597.5,1285352.625,1391222.75,LO,1285352.625,0.0,1285352.625
test_id_test_id_000697_18,test_id_000697,71,middle,2,4,test_id_000697_t2_c4,big,big_1,2,1.8,1.06,70,291626.16,578772.25,629461.375,644691.75,672668.75,LO,644691.75,0.0,644691.75
test_id_test_id_000697_19,test_id_000697,71,middle,2,5,test_id_000697_t2_c5,little,little_0,2,1.2,0.93,70,497443.28,883158.4375,972255.3125,996553.1875,1049321.0,LO,996553.1875,0.0,996553.1875
test_id_test_id_000697_20,test_id_000697,71,middle,2,6,test_id_000697_t2_c6,big,big_1,3,2.2,1.15,70,294234.88,494934.25,538108.125,550741.75,575651.3125,LO,550741.75,0.0,550741.75
test_id_test_id_000697_21,test_id_000697,35,high_degree,3,0,test_id_000697_t3_c0,little,little_0,0,0.6,0.8,34,839486.25,1585033.0,1934917.25,1985368.75,2063515.25,LO,1985368.75,0.0,1985368.75
test_id_test_id_000697_22,test_id_000697,35,high_degree,3,1,test_id_000697_t3_c1,big,big_1,1,1.4,0.98,34,344495.28,696754.375,760318.0625,779809.4375,814184.5,LO,779809.4375,0.0,779809.4375
test_id_test_id_000697_23,test_id_000697,35,high_degree,3,2,test_id_000697_t3_c2,little,little_1,1,0.9,0.86,34,524527.9,1180543.0,1315066.5,1349833.25,1468168.25,LO,1349833.25,0.0,1349833.25
test_id_test_id_000697_24,test_id_000697,35,high_degree,3,3,test_id_000697_t3_c3,big,big_0,2,1.8,1.06,34,250865.31,578477.25,629609.8125,645010.375,673383.375,LO,645010.375,0.0,645010.375
test_id_test_id_000697_25,test_id_000697,35,high_degree,3,4,test_id_000697_t3_c4,little,little_0,2,1.2,0.93,34,363774.72,906171.0625,999516.5625,1024329.6875,1080998.5,LO,1024329.6875,0.0,1024329.6875
test_id_test_id_000697_26,test_id_000697,35,high_degree,3,5,test_id_000697_t3_c5,big,big_1,3,2.2,1.15,34,248286.6,493516.1875,536836.0,549541.5625,574630.0,LO,549541.5625,0.0,549541.5625
test_id_test_id_000697_27,test_id_000697,35,high_degree,3,6,test_id_000697_t3_c6,little,little_0,3,1.5,1.0,34,412334.88,736520.5625,806941.125,828451.6875,867357.625,LO,828451.6875,0.0,828451.6875
test_id_test_id_000697_28,test_id_000697,25,random,4,0,test_id_000697_t4_c0,big,big_1,1,1.4,0.98,24,90694.28,125358.0,140694.09375,144984.96875,155583.625,LO,144984.96875,0.0,144984.96875
test_id_test_id_000697_29,test_id_000697,25,random,4,1,test_id_000697_t4_c1,little,little_0,1,0.9,0.86,24,187978.44,211888.1875,233129.375,239474.859375,254110.90625,LO,239474.859375,0.0,239474.859375
test_id_test_id_000697_30,test_id_000697,25,random,4,2,test_id_000697_t4_c2,big,big_1,2,1.8,1.06,24,65775.3,104626.0625,119641.109375,123680.109375,133895.03125,LO,123680.109375,0.0,123680.109375
test_id_test_id_000697_31,test_id_000697,25,random,4,3,test_id_000697_t4_c3,little,little_1,2,1.2,0.93,24,138435.5,166702.875,184119.1875,189204.46875,201199.96875,LO,189204.46875,0.0,189204.46875
test_id_test_id_000697_32,test_id_000697,25,random,4,4,test_id_000697_t4_c4,big,big_1,3,2.2,1.15,24,55013.887,87935.34375,102765.484375,106708.484375,116643.5,LO,106708.484375,0.0,106708.484375
test_id_test_id_000697_33,test_id_000697,25,random,4,5,test_id_000697_t4_c5,little,little_1,3,1.5,1.0,24,117516.09,146671.1875,162803.96875,167421.40625,178553.875,LO,167421.40625,0.0,167421.40625
test_id_test_id_000697_34,test_id_000697,25,random,4,6,test_id_000697_t4_c6,big,big_1,0,1.0,0.9,24,117965.41,168993.25,186926.03125,192226.4375,204661.84375,LO,192226.4375,0.0,192226.4375
test_id_test_id_000697_35,test_id_000697,124,diverse_fill_1,5,0,test_id_000697_t5_c0,little,little_0,1,0.9,0.86,123,614737.7,1090915.0,1210424.5,1239820.25,1334743.5,LO,1239820.25,0.0,1239820.25
test_id_test_id_000697_36,test_id_000697,124,diverse_fill_1,5,1,test_id_000697_t5_c1,big,big_0,2,1.8,1.06,123,212188.3,539804.8125,587025.375,601040.75,627640.0,LO,601040.75,0.0,601040.75
test_id_test_id_000697_37,test_id_000697,124,diverse_fill_1,5,2,test_id_000697_t5_c2,little,little_1,2,1.2,0.93,123,424815.62,833186.3125,915276.8125,938855.0,985761.75,LO,938855.0,0.0,938855.0
test_id_test_id_000697_38,test_id_000697,124,diverse_fill_1,5,3,test_id_000697_t5_c3,big,big_0,3,2.2,1.15,123,208407.36,449211.75,488326.375,499617.0,522777.0,LO,499617.0,0.0,499617.0
test_id_test_id_000697_39,test_id_000697,124,diverse_fill_1,5,4,test_id_000697_t5_c4,little,little_0,3,1.5,1.0,123,349444.3,685082.625,748576.125,768118.0,802868.375,LO,768118.0,0.0,768118.0
test_id_test_id_000697_40,test_id_000697,124,diverse_fill_1,5,5,test_id_000697_t5_c5,big,big_0,0,1.0,0.9,123,454603.9,852489.875,934561.125,957707.8125,1004781.125,LO,957707.8125,0.0,957707.8125
test_id_test_id_000697_41,test_id_000697,124,diverse_fill_1,5,6,test_id_000697_t5_c6,little,little_0,0,0.6,0.8,123,760728.1,1485751.75,1748974.25,1791105.25,1880019.25,LO,1791105.25,0.0,1791105.25
test_id_test_id_000713_00,test_id_000713,11,source_like,0,0,test_id_000713_t0_c0,little,little_0,1,0.9,0.86,10,137413.2,162585.28125,181748.3125,187609.875,201393.890625,HI,187609.875,15665.78125,203275.65625
test_id_test_id_000713_01,test_id_000713,11,source_like,0,1,test_id_000713_t0_c1,big,big_0,2,1.8,1.06,10,47252.297,73597.171875,87934.03125,91854.71875,101531.515625,HI,91854.71875,15665.78125,107520.5
test_id_test_id_000713_02,test_id_000713,11,source_like,0,2,test_id_000713_t0_c2,little,little_0,2,1.2,0.93,10,105500.44,127843.5625,144114.46875,148881.125,160455.75,HI,148881.125,15665.78125,164546.90625
test_id_test_id_000713_03,test_id_000713,11,source_like,0,3,test_id_000713_t0_c3,big,big_0,3,2.2,1.15,10,33862.94,62112.28125,75777.515625,79598.71875,88870.03125,HI,79598.71875,15665.78125,95264.5
test_id_test_id_000713_04,test_id_000713,11,source_like,0,4,test_id_000713_t0_c4,little,little_1,3,1.5,1.0,10,75680.164,109253.109375,124415.96875,128698.734375,139364.8125,HI,128698.734375,15665.78125,144364.515625
test_id_test_id_000713_05,test_id_000713,11,source_like,0,5,test_id_000713_t0_c5,big,big_0,0,1.0,0.9,10,79282.01,128551.328125,145357.59375,150317.21875,162338.6875,HI,150317.21875,15665.78125,165983.0
test_id_test_id_000713_06,test_id_000713,11,source_like,0,6,test_id_000713_t0_c6,little,little_1,0,0.6,0.8,10,211298.22,196473.03125,219434.859375,226548.734375,243243.078125,HI,226548.734375,15665.78125,242214.515625
test_id_test_id_000713_07,test_id_000713,229,sink_like,1,0,test_id_000713_t1_c0,big,big_0,2,1.8,1.06,228,186239.2,422413.375,458793.875,469183.5,490964.59375,HI,469183.5,15665.78125,484849.28125
test_id_test_id_000713_08,test_id_000713,229,sink_like,1,1,test_id_000713_t1_c1,little,little_1,2,1.2,0.93,228,377346.84,639013.1875,695739.5,712980.8125,743677.1875,HI,712980.8125,15665.78125,728646.59375
test_id_test_id_000713_09,test_id_000713,229,sink_like,1,2,test_id_000713_t1_c2,big,big_0,3,2.2,1.15,228,198362.34,349723.625,379795.53125,388327.59375,407030.8125,HI,388327.59375,15665.78125,403993.375
test_id_test_id_000713_10,test_id_000713,229,sink_like,1,3,test_id_000713_t1_c3,little,little_1,3,1.5,1.0,228,270834.0,538333.9375,585302.875,599217.0,625661.875,HI,599217.0,15665.78125,614882.78125
test_id_test_id_000713_11,test_id_000713,229,sink_like,1,4,test_id_000713_t1_c4,big,big_0,0,1.0,0.9,228,300131.75,660146.875,718088.75,735802.5,766763.0625,HI,735802.5,15665.78125,751468.28125
test_id_test_id_000713_12,test_id_000713,229,sink_like,1,5,test_id_000713_t1_c5,little,little_0,0,0.6,0.8,228,645144.9,1078293.75,1195153.0,1222655.25,1311718.5,HI,1222655.25,15665.78125,1238321.03125
test_id_test_id_000713_13,test_id_000713,229,sink_like,1,6,test_id_000713_t1_c6,big,big_1,1,1.4,0.98,228,204921.97,518764.75,563524.4375,576648.0,601982.625,HI,576648.0,15665.78125,592313.78125
test_id_test_id_000713_14,test_id_000713,246,middle,2,0,test_id_000713_t2_c0,little,little_1,2,1.2,0.93,245,295481.72,447221.9375,486149.4375,497400.625,520425.03125,HI,497400.625,15665.78125,513066.40625
test_id_test_id_000713_15,test_id_000713,246,middle,2,1,test_id_000713_t2_c1,big,big_0,3,2.2,1.15,245,123704.17,233813.5,255204.234375,261493.671875,275744.75,HI,261493.671875,15665.78125,277159.453125
test_id_test_id_000713_16,test_id_000713,246,middle,2,2,test_id_000713_t2_c2,little,little_1,3,1.5,1.0,245,189819.38,388760.625,422267.34375,431800.59375,452228.9375,HI,431800.59375,15665.78125,447466.375
test_id_test_id_000713_17,test_id_000713,246,middle,2,3,test_id_000713_t2_c3,big,big_1,0,1.0,0.9,245,217862.6,465728.46875,506147.75,517869.96875,541496.75,HI,517869.96875,15665.78125,533535.75
test_id_test_id_000713_18,test_id_000713,246,middle,2,4,test_id_000713_t2_c4,little,little_1,0,0.6,0.8,245,481387.94,591014.375,635122.625,646251.875,667811.125,HI,646251.875,15665.78125,661917.65625
test_id_test_id_000713_19,test_id_000713,246,middle,2,5,test_id_000713_t2_c5,big,big_0,1,1.4,0.98,245,163987.05,364771.09375,396145.6875,405045.71875,424400.5625,HI,405045.71875,15665.78125,420711.5
test_id_test_id_000713_20,test_id_000713,246,middle,2,6,test_id_000713_t2_c6,little,little_1,1,0.9,0.86,245,270383.6,554941.375,603712.1875,618310.5,645532.0,HI,618310.5,15665.78125,633976.28125
test_id_test_id_000713_21,test_id_000713,100,communication_heavy,3,0,test_id_000713_t3_c0,big,big_0,3,2.2,1.15,99,238708.53,434629.6875,472387.90625,483240.6875,505756.3125,HI,483240.6875,15665.78125,498906.46875
test_id_test_id_000713_22,test_id_000713,100,communication_heavy,3,1,test_id_000713_t3_c1,little,little_0,3,1.5,1.0,99,377054.44,650623.375,709766.5,727895.3125,760235.4375,HI,727895.3125,15665.78125,743561.09375
test_id_test_id_000713_23,test_id_000713,100,communication_heavy,3,2,test_id_000713_t3_c2,big,big_0,0,1.0,0.9,99,316552.5,801117.0,875949.0,898031.375,939469.5,HI,898031.375,15665.78125,913697.15625
test_id_test_id_000713_24,test_id_000713,100,communication_heavy,3,3,test_id_000713_t3_c3,little,little_0,0,0.6,0.8,99,601913.0,1402582.5,1615775.5,1654587.5,1754505.5,HI,1654587.5,15665.78125,1670253.28125
test_id_test_id_000713_25,test_id_000713,100,communication_heavy,3,4,test_id_000713_t3_c4,big,big_0,1,1.4,0.98,99,276724.56,623929.875,678844.25,695512.5,725267.6875,HI,695512.5,15665.78125,711178.28125
test_id_test_id_000713_26,test_id_000713,100,communication_heavy,3,5,test_id_000713_t3_c5,little,little_0,1,0.9,0.86,99,470185.7,1042171.25,1154493.5,1181443.875,1262939.75,HI,1181443.875,15665.78125,1197109.65625
test_id_test_id_000713_27,test_id_000713,100,communication_heavy,3,6,test_id_000713_t3_c6,big,big_0,2,1.8,1.06,99,251432.45,521126.4375,566584.0,579981.0,605819.375,HI,579981.0,15665.78125,595646.78125
test_id_test_id_000713_28,test_id_000713,217,random,4,0,test_id_000713_t4_c0,little,little_1,3,1.5,1.0,216,70077.95,137452.25,153888.59375,158711.84375,170298.03125,HI,158711.84375,15665.78125,174377.625
test_id_test_id_000713_29,test_id_000713,217,random,4,1,test_id_000713_t4_c1,big,big_1,0,1.0,0.9,216,74091.36,169435.9375,189177.875,195400.0625,209845.9375,HI,195400.0625,15665.78125,211065.84375
test_id_test_id_000713_30,test_id_000713,217,random,4,2,test_id_000713_t4_c2,little,little_0,0,0.6,0.8,216,181249.45,226422.78125,252121.875,260250.421875,279293.25,HI,260250.421875,15665.78125,275916.203125
test_id_test_id_000713_31,test_id_000713,217,random,4,3,test_id_000713_t4_c3,big,big_1,1,1.4,0.98,216,53163.293,113947.65625,129754.75,134304.328125,145511.8125,HI,134304.328125,15665.78125,149970.109375
test_id_test_id_000713_32,test_id_000713,217,random,4,4,test_id_000713_t4_c4,little,little_1,1,0.9,0.86,216,132864.42,198580.4375,220552.078125,227536.328125,243570.796875,HI,227536.328125,15665.78125,243202.109375
test_id_test_id_000713_33,test_id_000713,217,random,4,5,test_id_000713_t4_c5,big,big_0,2,1.8,1.06,216,44177.375,85538.21875,100462.09375,104622.703125,114960.5625,HI,104622.703125,15665.78125,120288.484375
test_id_test_id_000713_34,test_id_000713,217,random,4,6,test_id_000713_t4_c6,little,little_1,2,1.2,0.93,216,82052.125,170349.96875,189276.953125,195108.03125,208619.96875,HI,195108.03125,15665.78125,210773.8125
test_id_test_id_000713_35,test_id_000713,307,diverse_fill_1,5,0,test_id_000713_t5_c0,big,big_0,0,1.0,0.9,306,129783.12,239881.890625,261729.453125,268113.78125,282584.34375,HI,268113.78125,15665.78125,283779.5625
test_id_test_id_000713_36,test_id_000713,307,diverse_fill_1,5,1,test_id_000713_t5_c1,little,little_1,0,0.6,0.8,306,320912.9,286893.15625,309754.59375,315374.3125,329508.6875,HI,315374.3125,15665.78125,331040.09375
test_id_test_id_000713_37,test_id_000713,307,diverse_fill_1,5,2,test_id_000713_t5_c2,big,big_1,1,1.4,0.98,306,109583.66,195480.109375,214325.09375,219858.8125,232632.65625,HI,219858.8125,15665.78125,235524.59375
test_id_test_id_000713_38,test_id_000713,307,diverse_fill_1,5,3,test_id_000713_t5_c3,little,little_0,1,0.9,0.86,306,237422.39,273294.46875,297733.25,304786.59375,320789.21875,HI,304786.59375,15665.78125,320452.375
test_id_test_id_000713_39,test_id_000713,307,diverse_fill_1,5,4,test_id_000713_t5_c4,big,big_0,2,1.8,1.06,306,93935.625,155534.578125,172252.5,177056.0,188508.859375,HI,177056.0,15665.78125,192721.78125
test_id_test_id_000713_40,test_id_000713,307,diverse_fill_1,5,5,test_id_000713_t5_c5,little,little_0,2,1.2,0.93,306,162129.66,235436.421875,256884.484375,263140.5,277345.1875,HI,263140.5,15665.78125,278806.28125
test_id_test_id_000713_41,test_id_000713,307,diverse_fill_1,5,6,test_id_000713_t5_c6,big,big_1,3,2.2,1.15,306,72855.79,123600.90625,139327.0625,143590.96875,154209.78125,HI,143590.96875,15665.78125,159256.75
test_id_test_id_000747_00,test_id_000747,3,source_like,0,0,test_id_000747_t0_c0,little,little_0,2,1.2,0.93,2,102238.92,112978.9375,128949.640625,133616.5,145076.59375,LO,133616.5,0.0,133616.5
test_id_test_id_000747_01,test_id_000747,3,source_like,0,1,test_id_000747_t0_c1,big,big_0,3,2.2,1.15,2,33522.473,55096.21875,68428.171875,72254.28125,81412.296875,LO,72254.28125,0.0,72254.28125
test_id_test_id_000747_02,test_id_000747,3,source_like,0,2,test_id_000747_t0_c2,little,little_1,3,1.5,1.0,2,65300.81,95028.0625,110081.71875,114319.03125,124909.390625,LO,114319.03125,0.0,114319.03125
test_id_test_id_000747_03,test_id_000747,3,source_like,0,3,test_id_000747_t0_c3,big,big_1,0,1.0,0.9,2,66050.18,108836.3125,125121.671875,129871.84375,141556.3125,LO,129871.84375,0.0,129871.84375
test_id_test_id_000747_04,test_id_000747,3,source_like,0,4,test_id_000747_t0_c4,little,little_0,0,0.6,0.8,2,163249.92,171445.3125,193259.875,200104.03125,216251.375,LO,200104.03125,0.0,200104.03125
test_id_test_id_000747_05,test_id_000747,3,source_like,0,5,test_id_000747_t0_c5,big,big_1,1,1.4,0.98,2,50055.73,79514.046875,94393.640625,98534.6875,108770.3125,LO,98534.6875,0.0,98534.6875
test_id_test_id_000747_06,test_id_000747,3,source_like,0,6,test_id_000747_t0_c6,little,little_1,1,0.9,0.86,2,102972.43,144086.546875,162402.25,167990.234375,181296.1875,LO,167990.234375,0.0,167990.234375
test_id_test_id_000747_07,test_id_000747,129,sink_like,1,0,test_id_000747_t1_c0,big,big_0,3,2.2,1.15,128,188916.97,319887.34375,347588.875,355482.875,372985.6875,LO,355482.875,0.0,355482.875
test_id_test_id_000747_08,test_id_000747,129,sink_like,1,1,test_id_000747_t1_c1,little,little_1,3,1.5,1.0,128,224634.61,514324.625,559247.5,572469.875,598120.3125,LO,572469.875,0.0,572469.875
test_id_test_id_000747_09,test_id_000747,129,sink_like,1,2,test_id_000747_t1_c2,big,big_0,0,1.0,0.9,128,279648.0,635988.25,691614.875,708497.6875,738381.0,LO,708497.6875,0.0,708497.6875
test_id_test_id_000747_10,test_id_000747,129,sink_like,1,3,test_id_000747_t1_c3,little,little_1,0,0.6,0.8,128,631219.4,1136236.25,1263184.25,1294434.375,1399100.0,LO,1294434.375,0.0,1294434.375
test_id_test_id_000747_11,test_id_000747,129,sink_like,1,4,test_id_000747_t1_c4,big,big_0,1,1.4,0.98,128,243870.06,500181.0625,543567.25,556240.0625,581128.5,LO,556240.0625,0.0,556240.0625
test_id_test_id_000747_12,test_id_000747,129,sink_like,1,5,test_id_000747_t1_c5,little,little_1,1,0.9,0.86,128,384757.9,823663.5625,902142.4375,925020.1875,969132.0,LO,925020.1875,0.0,925020.1875
test_id_test_id_000747_13,test_id_000747,129,sink_like,1,6,test_id_000747_t1_c6,big,big_0,2,1.8,1.06,128,212651.81,393171.9375,427113.96875,436775.125,457417.1875,LO,436775.125,0.0,436775.125
test_id_test_id_000747_14,test_id_000747,174,middle,2,0,test_id_000747_t2_c0,little,little_1,3,1.5,1.0,173,166573.5,281109.53125,305665.34375,312718.0625,328542.3125,LO,312718.0625,0.0,312718.0625
test_id_test_id_000747_15,test_id_000747,174,middle,2,1,test_id_000747_t2_c1,big,big_0,0,1.0,0.9,173,170311.83,337650.1875,366782.375,375049.125,393245.53125,LO,375049.125,0.0,375049.125
test_id_test_id_000747_16,test_id_000747,174,middle,2,2,test_id_000747_t2_c2,little,little_0,0,0.6,0.8,173,390973.16,351147.125,374386.3125,379346.46875,391627.59375,LO,379346.46875,0.0,379346.46875
test_id_test_id_000747_17,test_id_000747,174,middle,2,3,test_id_000747_t2_c3,big,big_0,1,1.4,0.98,173,121201.29,258239.640625,281146.96875,287771.8125,302726.4375,LO,287771.8125,0.0,287771.8125
test_id_test_id_000747_18,test_id_000747,174,middle,2,4,test_id_000747_t2_c4,little,little_0,1,0.9,0.86,173,277723.75,369161.375,401187.6875,410318.4375,430010.625,LO,410318.4375,0.0,410318.4375
test_id_test_id_000747_19,test_id_000747,174,middle,2,5,test_id_000747_t2_c5,big,big_1,2,1.8,1.06,173,101967.1,208388.875,228155.03125,234004.515625,247367.21875,LO,234004.515625,0.0,234004.515625
test_id_test_id_000747_20,test_id_000747,174,middle,2,6,test_id_000747_t2_c6,little,little_0,2,1.2,0.93,173,225380.94,317474.40625,344864.28125,352648.75,369940.03125,LO,352648.75,0.0,352648.75
test_id_test_id_000747_21,test_id_000747,173,high_degree,3,0,test_id_000747_t3_c0,big,big_1,0,1.0,0.9,172,131882.3,241806.9375,263882.125,270361.125,285010.625,LO,270361.125,0.0,270361.125
test_id_test_id_000747_22,test_id_000747,173,high_degree,3,1,test_id_000747_t3_c1,little,little_0,0,0.6,0.8,172,307737.22,285101.21875,307959.1875,313633.84375,327844.78125,LO,313633.84375,0.0,313633.84375
test_id_test_id_000747_23,test_id_000747,173,high_degree,3,2,test_id_000747_t3_c2,big,big_0,1,1.4,0.98,172,83605.84,205432.5625,224982.34375,230747.015625,243966.5625,LO,230747.015625,0.0,230747.015625
test_id_test_id_000747_24,test_id_000747,173,high_degree,3,3,test_id_000747_t3_c3,little,little_0,1,0.9,0.86,172,211581.75,271922.5625,296286.875,303357.28125,319350.28125,LO,303357.28125,0.0,303357.28125
test_id_test_id_000747_25,test_id_000747,173,high_degree,3,4,test_id_000747_t3_c4,big,big_1,2,1.8,1.06,172,74860.16,166780.375,184192.28125,189278.6875,201243.9375,LO,189278.6875,0.0,189278.6875
test_id_test_id_000747_26,test_id_000747,173,high_degree,3,5,test_id_000747_t3_c5,little,little_0,2,1.2,0.93,172,149611.25,244331.28125,266399.59375,272830.71875,287383.03125,LO,272830.71875,0.0,272830.71875
test_id_test_id_000747_27,test_id_000747,173,high_degree,3,6,test_id_000747_t3_c6,big,big_0,3,2.2,1.15,172,55929.07,132564.734375,148638.15625,153084.53125,164012.203125,LO,153084.53125,0.0,153084.53125
test_id_test_id_000747_28,test_id_000747,269,communication_heavy,4,0,test_id_000747_t4_c0,little,little_0,0,0.6,0.8,268,751007.8,1606392.5,1978074.5,2030898.75,2106579.0,LO,2030898.75,0.0,2030898.75
test_id_test_id_000747_29,test_id_000747,269,communication_heavy,4,1,test_id_000747_t4_c1,big,big_0,1,1.4,0.98,268,426193.47,725600.0,792711.25,813196.5625,849666.9375,LO,813196.5625,0.0,813196.5625
test_id_test_id_000747_30,test_id_000747,269,communication_heavy,4,2,test_id_000747_t4_c2,little,little_1,1,0.9,0.86,268,563038.0,1217383.25,1361044.75,1397100.5,1518607.75,LO,1397100.5,0.0,1397100.5
test_id_test_id_000747_31,test_id_000747,269,communication_heavy,4,3,test_id_000747_t4_c3,big,big_0,2,1.8,1.06,268,301456.75,601997.0,655486.75,671719.5,701147.125,LO,671719.5,0.0,671719.5
test_id_test_id_000747_32,test_id_000747,269,communication_heavy,4,4,test_id_000747_t4_c4,little,little_0,2,1.2,0.93,268,519677.4,943741.5,1043475.25,1068742.375,1131822.0,LO,1068742.375,0.0,1068742.375
test_id_test_id_000747_33,test_id_000747,269,communication_heavy,4,5,test_id_000747_t4_c5,big,big_1,3,2.2,1.15,268,236151.5,504314.0,548550.375,561562.125,587012.375,LO,561562.125,0.0,561562.125
test_id_test_id_000747_34,test_id_000747,269,communication_heavy,4,6,test_id_000747_t4_c6,little,little_1,3,1.5,1.0,268,428874.16,765633.6875,839793.0625,862194.4375,903454.625,LO,862194.4375,0.0,862194.4375
test_id_test_id_000747_35,test_id_000747,325,random,5,0,test_id_000747_t5_c0,big,big_0,1,1.4,0.98,324,67435.18,133970.84375,150674.5,155615.5,167523.46875,LO,155615.5,0.0,155615.5
test_id_test_id_000747_36,test_id_000747,325,random,5,1,test_id_000747_t5_c1,little,little_1,1,0.9,0.86,324,113717.57,213179.203125,236170.515625,243477.609375,260222.0625,LO,243477.609375,0.0,243477.609375
test_id_test_id_000747_37,test_id_000747,325,random,5,2,test_id_000747_t5_c2,big,big_0,2,1.8,1.06,324,52259.773,99023.703125,114317.5625,118569.75,129199.703125,LO,118569.75,0.0,118569.75
test_id_test_id_000747_38,test_id_000747,325,random,5,3,test_id_000747_t5_c3,little,little_0,2,1.2,0.93,324,80901.875,185756.1875,205738.5,211945.65625,226196.453125,LO,211945.65625,0.0,211945.65625
test_id_test_id_000747_39,test_id_000747,325,random,5,4,test_id_000747_t5_c4,big,big_0,3,2.2,1.15,324,41469.062,78058.75,92746.234375,96843.8125,106946.671875,LO,96843.8125,0.0,96843.8125
test_id_test_id_000747_40,test_id_000747,325,random,5,5,test_id_000747_t5_c5,little,little_0,3,1.5,1.0,324,93022.02,153275.671875,170609.84375,175786.421875,188003.75,LO,175786.421875,0.0,175786.421875
test_id_test_id_000747_41,test_id_000747,325,random,5,6,test_id_000747_t5_c6,big,big_0,0,1.0,0.9,324,79175.76,192788.90625,214164.453125,220985.8125,236634.421875,LO,220985.8125,0.0,220985.8125
test_id_test_id_000752_00,test_id_000752,2,source_like,0,0,test_id_000752_t0_c0,little,little_1,2,1.2,0.93,1,98239.69,134446.578125,150955.4375,155806.90625,167510.46875,HI,155806.90625,15665.78125,171472.6875
test_id_test_id_000752_01,test_id_000752,2,source_like,0,1,test_id_000752_t0_c1,big,big_1,3,2.2,1.15,1,37089.383,64965.625,78777.125,82603.3125,91934.734375,HI,82603.3125,15665.78125,98269.09375
test_id_test_id_000752_02,test_id_000752,2,source_like,0,2,test_id_000752_t0_c2,little,little_1,3,1.5,1.0,1,86829.04,113448.5625,128678.84375,132991.9375,143698.15625,HI,132991.9375,15665.78125,148657.71875
test_id_test_id_000752_03,test_id_000752,2,source_like,0,3,test_id_000752_t0_c3,big,big_0,0,1.0,0.9,1,86331.664,134243.515625,151313.5,156374.25,168575.25,HI,156374.25,15665.78125,172040.03125
test_id_test_id_000752_04,test_id_000752,2,source_like,0,4,test_id_000752_t0_c4,little,little_1,0,0.6,0.8,1,207759.62,206069.578125,229631.34375,236881.09375,253921.359375,HI,236881.09375,15665.78125,252546.875
test_id_test_id_000752_05,test_id_000752,2,source_like,0,5,test_id_000752_t0_c5,big,big_0,1,1.4,0.98,1,57633.805,94646.265625,109687.296875,113841.375,124266.0,HI,113841.375,15665.78125,129507.15625
test_id_test_id_000752_06,test_id_000752,2,source_like,0,6,test_id_000752_t0_c6,little,little_0,1,0.9,0.86,1,152189.62,166646.5,186062.53125,192000.75,205936.3125,HI,192000.75,15665.78125,207666.53125
test_id_test_id_000752_07,test_id_000752,11,sink_like,1,0,test_id_000752_t1_c0,big,big_0,3,2.2,1.15,10,120413.48,268921.84375,292767.90625,299685.1875,315227.40625,HI,299685.1875,15665.78125,315350.96875
test_id_test_id_000752_08,test_id_000752,11,sink_like,1,1,test_id_000752_t1_c1,little,little_0,3,1.5,1.0,10,213553.8,445852.59375,484590.8125,495766.3125,518710.9375,HI,495766.3125,15665.78125,511432.09375
test_id_test_id_000752_09,test_id_000752,11,sink_like,1,2,test_id_000752_t1_c2,big,big_0,0,1.0,0.9,10,235512.48,552369.875,600519.0625,614828.875,641669.25,HI,614828.875,15665.78125,630494.65625
test_id_test_id_000752_10,test_id_000752,11,sink_like,1,3,test_id_000752_t1_c3,little,little_0,0,0.6,0.8,10,518969.62,994641.5625,1098987.25,1121525.375,1191726.5,HI,1121525.375,15665.78125,1137191.15625
test_id_test_id_000752_11,test_id_000752,11,sink_like,1,4,test_id_000752_t1_c4,big,big_0,1,1.4,0.98,10,220717.81,426745.9375,463763.125,474388.8125,496520.25,HI,474388.8125,15665.78125,490054.59375
test_id_test_id_000752_12,test_id_000752,11,sink_like,1,5,test_id_000752_t1_c5,little,little_1,1,0.9,0.86,10,361094.84,724463.5,791678.375,812188.1875,848708.3125,HI,812188.1875,15665.78125,827853.96875
test_id_test_id_000752_13,test_id_000752,11,sink_like,1,6,test_id_000752_t1_c6,big,big_0,2,1.8,1.06,10,186685.6,335079.84375,364046.1875,372282.3125,390417.125,HI,372282.3125,15665.78125,387948.09375
test_id_test_id_000752_14,test_id_000752,40,middle,2,0,test_id_000752_t2_c0,little,little_1,3,1.5,1.0,39,160489.44,282748.0,307442.1875,314534.90625,330445.78125,HI,314534.90625,15665.78125,330200.6875
test_id_test_id_000752_15,test_id_000752,40,middle,2,1,test_id_000752_t2_c1,big,big_1,0,1.0,0.9,39,145102.97,315002.40625,342151.8125,349869.90625,367058.125,HI,349869.90625,15665.78125,365535.6875
test_id_test_id_000752_16,test_id_000752,40,middle,2,2,test_id_000752_t2_c2,little,little_1,0,0.6,0.8,39,362064.2,319143.8125,342329.90625,347733.1875,361075.6875,HI,347733.1875,15665.78125,363398.96875
test_id_test_id_000752_17,test_id_000752,40,middle,2,3,test_id_000752_t2_c3,big,big_1,1,1.4,0.98,39,154303.14,261269.421875,284404.90625,291090.3125,306172.375,HI,291090.3125,15665.78125,306756.09375
test_id_test_id_000752_18,test_id_000752,40,middle,2,4,test_id_000752_t2_c4,little,little_1,1,0.9,0.86,39,237723.78,327405.53125,355501.0625,363463.59375,381141.09375,HI,363463.59375,15665.78125,379129.375
test_id_test_id_000752_19,test_id_000752,40,middle,2,5,test_id_000752_t2_c5,big,big_1,2,1.8,1.06,39,103727.38,215294.9375,235448.65625,241389.390625,254947.921875,HI,241389.390625,15665.78125,257055.171875
test_id_test_id_000752_20,test_id_000752,40,middle,2,6,test_id_000752_t2_c6,little,little_1,2,1.2,0.93,39,191099.2,303509.34375,329710.5,337168.40625,353846.28125,HI,337168.40625,15665.78125,352834.1875
test_id_test_id_000752_21,test_id_000752,56,communication_heavy,3,0,test_id_000752_t3_c0,big,big_1,0,1.0,0.9,55,377276.75,610079.875,663406.0,679551.9375,708493.8125,HI,679551.9375,15665.78125,695217.71875
test_id_test_id_000752_22,test_id_000752,56,communication_heavy,3,1,test_id_000752_t3_c1,little,little_0,0,0.6,0.8,55,489648.38,951815.1875,1049110.875,1070882.125,1132201.625,HI,1070882.125,15665.78125,1086547.90625
test_id_test_id_000752_23,test_id_000752,56,communication_heavy,3,2,test_id_000752_t3_c2,big,big_1,1,1.4,0.98,55,193094.64,466585.5625,506930.3125,518595.625,542162.0,HI,518595.625,15665.78125,534261.40625
test_id_test_id_000752_24,test_id_000752,56,communication_heavy,3,3,test_id_000752_t3_c3,little,little_1,1,0.9,0.86,55,350286.1,766185.0,837334.3125,858851.6875,897648.5625,HI,858851.6875,15665.78125,874517.46875
test_id_test_id_000752_25,test_id_000752,56,communication_heavy,3,4,test_id_000752_t3_c4,big,big_0,2,1.8,1.06,55,197552.95,375507.8125,407809.375,416981.0625,436799.875,HI,416981.0625,15665.78125,432646.84375
test_id_test_id_000752_26,test_id_000752,56,communication_heavy,3,5,test_id_000752_t3_c5,little,little_1,2,1.2,0.93,55,296835.8,585000.5,636360.25,651789.375,680050.25,HI,651789.375,15665.78125,667455.15625
test_id_test_id_000752_27,test_id_000752,56,communication_heavy,3,6,test_id_000752_t3_c6,big,big_1,3,2.2,1.15,55,178220.03,307233.4375,333848.625,341450.9375,358379.8125,HI,341450.9375,15665.78125,357116.71875
test_id_test_id_000752_28,test_id_000752,25,random,4,0,test_id_000752_t4_c0,little,little_1,0,0.6,0.8,24,363410.97,323883.6875,347832.125,353509.71875,367345.0,HI,353509.71875,15665.78125,369175.5
test_id_test_id_000752_29,test_id_000752,25,random,4,1,test_id_000752_t4_c1,big,big_0,1,1.4,0.98,24,116120.97,219279.28125,239619.546875,245588.234375,259200.296875,HI,245588.234375,15665.78125,261254.015625
test_id_test_id_000752_30,test_id_000752,25,random,4,2,test_id_000752_t4_c2,little,little_0,1,0.9,0.86,24,231635.86,322121.125,349694.84375,357477.3125,374874.03125,HI,357477.3125,15665.78125,373143.09375
test_id_test_id_000752_31,test_id_000752,25,random,4,3,test_id_000752_t4_c3,big,big_1,2,1.8,1.06,24,84926.164,181279.734375,199471.5625,204832.125,217277.203125,HI,204832.125,15665.78125,220497.90625
test_id_test_id_000752_32,test_id_000752,25,random,4,4,test_id_000752_t4_c4,little,little_0,2,1.2,0.93,24,189967.2,274978.8125,298987.3125,305861.53125,321368.59375,HI,305861.53125,15665.78125,321527.3125
test_id_test_id_000752_33,test_id_000752,25,random,4,5,test_id_000752_t4_c5,big,big_1,3,2.2,1.15,24,76714.29,148668.25,165266.25,169982.078125,181320.640625,HI,169982.078125,15665.78125,185647.859375
test_id_test_id_000752_34,test_id_000752,25,random,4,6,test_id_000752_t4_c6,little,little_1,3,1.5,1.0,24,160955.84,244587.328125,266567.46875,272960.15625,287433.71875,HI,272960.15625,15665.78125,288625.9375
test_id_test_id_000752_35,test_id_000752,78,diverse_fill_1,5,0,test_id_000752_t5_c0,big,big_0,1,1.4,0.98,77,173622.72,314980.71875,342226.125,349984.96875,367217.15625,HI,349984.96875,15665.78125,365650.75
test_id_test_id_000752_36,test_id_000752,78,diverse_fill_1,5,1,test_id_000752_t5_c1,little,little_1,1,0.9,0.86,77,298606.28,479073.9375,521474.5,533975.6875,558645.5,HI,533975.6875,15665.78125,549641.46875
test_id_test_id_000752_37,test_id_000752,78,diverse_fill_1,5,2,test_id_000752_t5_c2,big,big_0,2,1.8,1.06,77,162981.27,245647.1875,267797.78125,274275.625,288901.125,HI,274275.625,15665.78125,289941.40625
test_id_test_id_000752_38,test_id_000752,78,diverse_fill_1,5,3,test_id_000752_t5_c3,little,little_0,2,1.2,0.93,77,272135.03,389447.03125,423098.375,432702.0,453213.8125,HI,432702.0,15665.78125,448367.78125
test_id_test_id_000752_39,test_id_000752,78,diverse_fill_1,5,4,test_id_000752_t5_c4,big,big_1,3,2.2,1.15,77,119710.73,202578.5,222131.390625,227948.359375,241257.25,HI,227948.359375,15665.78125,243614.140625
test_id_test_id_000752_40,test_id_000752,78,diverse_fill_1,5,5,test_id_000752_t5_c5,little,little_0,3,1.5,1.0,77,191161.83,344585.0,374235.09375,382656.28125,401140.25,HI,382656.28125,15665.78125,398322.0625
test_id_test_id_000752_41,test_id_000752,78,diverse_fill_1,5,6,test_id_000752_t5_c6,big,big_0,0,1.0,0.9,77,270626.22,413407.9375,449400.5625,459744.40625,481420.6875,HI,459744.40625,15665.78125,475410.1875
test_id_test_id_000757_00,test_id_000757,1,source_like,0,0,test_id_000757_t0_c0,big,big_0,3,2.2,1.15,0,35303.22,62844.734375,76558.09375,80385.203125,89680.75,LO,80385.203125,0.0,80385.203125
test_id_test_id_000757_01,test_id_000757,1,source_like,0,1,test_id_000757_t0_c1,little,little_0,3,1.5,1.0,0,73940.99,109454.984375,124616.84375,128907.25,139585.859375,LO,128907.25,0.0,128907.25
test_id_test_id_000757_02,test_id_000757,1,source_like,0,2,test_id_000757_t0_c2,big,big_1,0,1.0,0.9,0,79614.03,130083.34375,147050.40625,152078.453125,164240.875,LO,152078.453125,0.0,152078.453125
test_id_test_id_000757_03,test_id_000757,1,source_like,0,3,test_id_000757_t0_c3,little,little_1,0,0.6,0.8,0,199568.95,200874.359375,224385.734375,231672.625,248804.53125,LO,231672.625,0.0,231672.625
test_id_test_id_000757_04,test_id_000757,1,source_like,0,4,test_id_000757_t0_c4,big,big_0,1,1.4,0.98,0,51417.28,92824.546875,107875.703125,112043.890625,122487.28125,LO,112043.890625,0.0,112043.890625
test_id_test_id_000757_05,test_id_000757,1,source_like,0,5,test_id_000757_t0_c5,little,little_0,1,0.9,0.86,0,131481.0,160884.359375,180089.3125,185969.90625,199818.375,LO,185969.90625,0.0,185969.90625
test_id_test_id_000757_06,test_id_000757,1,source_like,0,6,test_id_000757_t0_c6,big,big_1,2,1.8,1.06,0,40516.652,75079.8125,89498.421875,93430.40625,103154.421875,LO,93430.40625,0.0,93430.40625
test_id_test_id_000757_07,test_id_000757,66,sink_like,1,0,test_id_000757_t1_c0,little,little_1,3,1.5,1.0,65,178158.75,344683.25,374308.75,382713.875,401189.59375,LO,382713.875,0.0,382713.875
test_id_test_id_000757_08,test_id_000757,66,sink_like,1,1,test_id_000757_t1_c1,big,big_0,0,1.0,0.9,65,160027.86,393740.28125,427671.53125,437327.78125,457953.6875,LO,437327.78125,0.0,437327.78125
test_id_test_id_000757_09,test_id_000757,66,sink_like,1,2,test_id_000757_t1_c2,little,little_0,0,0.6,0.8,65,364483.5,415201.6875,445706.75,453227.625,469742.46875,LO,453227.625,0.0,453227.625
test_id_test_id_000757_10,test_id_000757,66,sink_like,1,3,test_id_000757_t1_c3,big,big_0,1,1.4,0.98,65,178075.7,320864.96875,348528.875,356393.5625,373847.84375,LO,356393.5625,0.0,356393.5625
test_id_test_id_000757_11,test_id_000757,66,sink_like,1,4,test_id_000757_t1_c4,little,little_1,1,0.9,0.86,65,268644.38,429330.625,466837.9375,477678.21875,500102.875,LO,477678.21875,0.0,477678.21875
test_id_test_id_000757_12,test_id_000757,66,sink_like,1,5,test_id_000757_t1_c5,big,big_0,2,1.8,1.06,65,149970.11,261773.109375,284989.28125,291714.375,306867.0,LO,291714.375,0.0,291714.375
test_id_test_id_000757_13,test_id_000757,66,sink_like,1,6,test_id_000757_t1_c6,little,little_1,2,1.2,0.93,65,207521.9,384408.09375,417533.15625,426951.25,447196.875,LO,426951.25,0.0,426951.25
test_id_test_id_000757_14,test_id_000757,131,middle,2,0,test_id_000757_t2_c0,big,big_1,0,1.0,0.9,130,211099.95,416198.875,452464.9375,462899.59375,484709.3125,LO,462899.59375,0.0,462899.59375
test_id_test_id_000757_15,test_id_000757,131,middle,2,1,test_id_000757_t2_c1,little,little_1,0,0.6,0.8,130,473990.66,477317.25,506921.1875,512635.375,525952.0625,LO,512635.375,0.0,512635.375
test_id_test_id_000757_16,test_id_000757,131,middle,2,2,test_id_000757_t2_c2,big,big_1,1,1.4,0.98,130,141194.97,324523.84375,352581.28125,360561.0625,378211.8125,LO,360561.0625,0.0,360561.0625
test_id_test_id_000757_17,test_id_000757,131,middle,2,3,test_id_000757_t2_c3,little,little_1,1,0.9,0.86,130,301913.06,461876.5,503476.84375,515860.4375,540354.4375,LO,515860.4375,0.0,515860.4375
test_id_test_id_000757_18,test_id_000757,131,middle,2,4,test_id_000757_t2_c4,big,big_1,2,1.8,1.06,130,128660.266,250969.34375,273474.90625,280038.375,294840.6875,LO,280038.375,0.0,280038.375
test_id_test_id_000757_19,test_id_000757,131,middle,2,5,test_id_000757_t2_c5,little,little_1,2,1.2,0.93,130,240532.89,374948.375,407350.875,416585.9375,436469.0,LO,416585.9375,0.0,416585.9375
test_id_test_id_000757_20,test_id_000757,131,middle,2,6,test_id_000757_t2_c6,big,big_0,3,2.2,1.15,130,105114.6,204998.71875,224646.0,230480.796875,243825.015625,LO,230480.796875,0.0,230480.796875
test_id_test_id_000757_21,test_id_000757,68,high_degree,3,0,test_id_000757_t3_c0,little,little_0,0,0.6,0.8,67,208902.7,241433.25,266868.59375,274599.625,292828.3125,LO,274599.625,0.0,274599.625
test_id_test_id_000757_22,test_id_000757,68,high_degree,3,1,test_id_000757_t3_c1,big,big_0,1,1.4,0.98,67,80029.805,140690.34375,157254.71875,162105.78125,173743.03125,LO,162105.78125,0.0,162105.78125
test_id_test_id_000757_23,test_id_000757,68,high_degree,3,2,test_id_000757_t3_c2,little,little_1,1,0.9,0.86,67,139488.6,216087.671875,238483.09375,245452.34375,261367.3125,LO,245452.34375,0.0,245452.34375
test_id_test_id_000757_24,test_id_000757,68,high_degree,3,3,test_id_000757_t3_c3,big,big_1,2,1.8,1.06,67,59105.35,108648.28125,123925.21875,128132.796875,138667.375,LO,128132.796875,0.0,128132.796875
test_id_test_id_000757_25,test_id_000757,68,high_degree,3,4,test_id_000757_t3_c4,little,little_1,2,1.2,0.93,67,101032.625,182862.015625,202062.46875,207901.015625,221346.96875,LO,207901.015625,0.0,207901.015625
test_id_test_id_000757_26,test_id_000757,68,high_degree,3,5,test_id_000757_t3_c5,big,big_1,3,2.2,1.15,67,54693.523,87801.21875,102723.28125,106774.0625,116915.078125,LO,106774.0625,0.0,106774.0625
test_id_test_id_000757_27,test_id_000757,68,high_degree,3,6,test_id_000757_t3_c6,little,little_1,3,1.5,1.0,67,98109.57,157872.28125,175104.5,180196.9375,192202.015625,LO,180196.9375,0.0,180196.9375
test_id_test_id_000757_28,test_id_000757,156,random,4,0,test_id_000757_t4_c0,big,big_1,1,1.4,0.98,155,97705.2,188639.0625,207212.90625,212692.875,225366.390625,LO,212692.875,0.0,212692.875
test_id_test_id_000757_29,test_id_000757,156,random,4,1,test_id_000757_t4_c1,little,little_1,1,0.9,0.86,155,219204.33,255701.171875,279335.59375,286290.0,302073.53125,LO,286290.0,0.0,286290.0
test_id_test_id_000757_30,test_id_000757,156,random,4,2,test_id_000757_t4_c2,big,big_0,2,1.8,1.06,155,83604.4,152258.109375,168889.609375,173671.0,185098.3125,LO,173671.0,0.0,173671.0
test_id_test_id_000757_31,test_id_000757,156,random,4,3,test_id_000757_t4_c3,little,little_1,2,1.2,0.93,155,148876.02,226625.265625,247671.53125,253863.359375,267925.53125,LO,253863.359375,0.0,253863.359375
test_id_test_id_000757_32,test_id_000757,156,random,4,4,test_id_000757_t4_c4,big,big_1,3,2.2,1.15,155,67771.78,121839.828125,137519.390625,141783.8125,152410.640625,LO,141783.8125,0.0,141783.8125
test_id_test_id_000757_33,test_id_000757,156,random,4,5,test_id_000757_t4_c5,little,little_0,3,1.5,1.0,155,131246.66,205353.109375,224948.75,230722.109375,243953.1875,LO,230722.109375,0.0,230722.109375
test_id_test_id_000757_34,test_id_000757,156,random,4,6,test_id_000757_t4_c6,big,big_1,0,1.0,0.9,155,113451.43,232802.34375,254519.9375,260954.1875,275521.4375,LO,260954.1875,0.0,260954.1875
test_id_test_id_000757_35,test_id_000757,149,diverse_fill_1,5,0,test_id_000757_t5_c0,little,little_0,1,0.9,0.86,148,239085.23,278134.40625,302599.71875,309606.875,325458.1875,LO,309606.875,0.0,309606.875
test_id_test_id_000757_36,test_id_000757,149,diverse_fill_1,5,1,test_id_000757_t5_c1,big,big_0,2,1.8,1.06,148,84724.13,161790.90625,178889.625,183846.953125,195568.1875,LO,183846.953125,0.0,183846.953125
test_id_test_id_000757_37,test_id_000757,149,diverse_fill_1,5,2,test_id_000757_t5_c2,little,little_0,2,1.2,0.93,148,206803.8,233587.59375,254798.40625,260965.390625,275001.5,LO,260965.390625,0.0,260965.390625
test_id_test_id_000757_38,test_id_000757,149,diverse_fill_1,5,3,test_id_000757_t5_c3,big,big_0,3,2.2,1.15,148,68924.48,130588.5625,146462.3125,150831.15625,161603.0625,LO,150831.15625,0.0,150831.15625
test_id_test_id_000757_39,test_id_000757,149,diverse_fill_1,5,4,test_id_000757_t5_c4,little,little_0,3,1.5,1.0,148,165122.06,216427.90625,236612.4375,242532.515625,256049.796875,LO,242532.515625,0.0,242532.515625
test_id_test_id_000757_40,test_id_000757,149,diverse_fill_1,5,5,test_id_000757_t5_c5,big,big_0,0,1.0,0.9,148,161728.52,233876.671875,255094.90625,261258.25,275293.09375,LO,261258.25,0.0,261258.25
test_id_test_id_000757_41,test_id_000757,149,diverse_fill_1,5,6,test_id_000757_t5_c6,little,little_0,0,0.6,0.8,148,377392.4,301275.65625,324216.1875,329705.8125,343404.75,LO,329705.8125,0.0,329705.8125
test_id_test_id_000760_00,test_id_000760,2,source_like,0,0,test_id_000760_t0_c0,big,big_0,2,1.8,1.06,1,26700.371,53230.375,66630.0625,70536.328125,79811.953125,HI,70536.328125,15665.78125,86202.109375
test_id_test_id_000760_01,test_id_000760,2,source_like,0,1,test_id_000760_t0_c1,little,little_0,2,1.2,0.93,1,59997.41,94838.4375,110771.6875,115415.4375,126847.078125,HI,115415.4375,15665.78125,131081.21875
test_id_test_id_000760_02,test_id_000760,2,source_like,0,2,test_id_000760_t0_c2,big,big_1,3,2.2,1.15,1,22517.754,44486.359375,57372.15625,61242.59375,70315.796875,HI,61242.59375,15665.78125,76908.375
test_id_test_id_000760_03,test_id_000760,2,source_like,0,3,test_id_000760_t0_c3,little,little_1,3,1.5,1.0,1,53273.305,77185.40625,92167.9375,96408.71875,106809.28125,HI,96408.71875,15665.78125,112074.5
test_id_test_id_000760_04,test_id_000760,2,source_like,0,4,test_id_000760_t0_c4,big,big_0,0,1.0,0.9,1,46287.65,85224.90625,101448.140625,106156.171875,117618.390625,HI,106156.171875,15665.78125,121821.953125
test_id_test_id_000760_05,test_id_000760,2,source_like,0,5,test_id_000760_t0_c5,little,little_0,0,0.6,0.8,1,126251.25,141267.1875,162234.28125,168826.46875,184545.53125,HI,168826.46875,15665.78125,184492.25
test_id_test_id_000760_06,test_id_000760,2,source_like,0,6,test_id_000760_t0_c6,big,big_0,1,1.4,0.98,1,37734.906,63884.84375,78285.28125,82415.875,92317.6875,HI,82415.875,15665.78125,98081.65625
test_id_test_id_000760_07,test_id_000760,46,sink_like,1,0,test_id_000760_t1_c0,little,little_1,2,1.2,0.93,45,559832.56,1061207.25,1179190.75,1207819.5,1296056.875,HI,1207819.5,15665.78125,1223485.28125
test_id_test_id_000760_08,test_id_000760,46,sink_like,1,1,test_id_000760_t1_c1,big,big_0,3,2.2,1.15,45,338745.56,560854.125,610714.3125,625719.3125,653716.9375,HI,625719.3125,15665.78125,641385.09375
test_id_test_id_000760_09,test_id_000760,46,sink_like,1,2,test_id_000760_t1_c2,little,little_1,3,1.5,1.0,45,472380.25,856973.25,944372.9375,969057.5625,1020151.4375,HI,969057.5625,15665.78125,984723.34375
test_id_test_id_000760_10,test_id_000760,46,sink_like,1,3,test_id_000760_t1_c3,big,big_1,0,1.0,0.9,45,452080.34,1089778.0,1208908.75,1238233.25,1332074.75,HI,1238233.25,15665.78125,1253899.03125
test_id_test_id_000760_11,test_id_000760,46,sink_like,1,4,test_id_000760_t1_c4,little,little_1,0,0.6,0.8,45,829843.44,1706862.25,2214517.25,2284977.75,2353161.5,HI,2284977.75,15665.78125,2300643.53125
test_id_test_id_000760_12,test_id_000760,46,sink_like,1,5,test_id_000760_t1_c5,big,big_1,1,1.4,0.98,45,473602.12,809108.625,887229.5,910176.375,954011.4375,HI,910176.375,15665.78125,925842.15625
test_id_test_id_000760_13,test_id_000760,46,sink_like,1,6,test_id_000760_t1_c6,little,little_0,1,0.9,0.86,45,706787.25,1357760.0,1548999.25,1586848.75,1695523.5,HI,1586848.75,15665.78125,1602514.53125
test_id_test_id_000760_14,test_id_000760,35,middle,2,0,test_id_000760_t2_c0,big,big_1,3,2.2,1.15,34,58281.11,111078.84375,126617.53125,130792.609375,141290.28125,HI,130792.609375,15665.78125,146458.390625
test_id_test_id_000760_15,test_id_000760,35,middle,2,1,test_id_000760_t2_c1,little,little_0,3,1.5,1.0,34,142502.3,194820.90625,213836.078125,219455.34375,232390.59375,HI,219455.34375,15665.78125,235121.125
test_id_test_id_000760_16,test_id_000760,35,middle,2,2,test_id_000760_t2_c2,big,big_1,0,1.0,0.9,34,117944.695,218931.078125,239895.75,246171.046875,260417.390625,HI,246171.046875,15665.78125,261836.828125
test_id_test_id_000760_17,test_id_000760,35,middle,2,3,test_id_000760_t2_c3,little,little_0,0,0.6,0.8,34,272972.12,273922.78125,298025.28125,304442.46875,320216.78125,HI,304442.46875,15665.78125,320108.25
test_id_test_id_000760_18,test_id_000760,35,middle,2,4,test_id_000760_t2_c4,big,big_0,1,1.4,0.98,34,88884.34,174786.5625,192647.5,197918.28125,210206.078125,HI,197918.28125,15665.78125,213584.0625
test_id_test_id_000760_19,test_id_000760,35,middle,2,5,test_id_000760_t2_c5,little,little_1,1,0.9,0.86,34,198031.22,246115.0625,269300.0,276204.8125,291874.5625,HI,276204.8125,15665.78125,291870.59375
test_id_test_id_000760_20,test_id_000760,35,middle,2,6,test_id_000760_t2_c6,big,big_1,2,1.8,1.06,34,77585.79,141047.109375,157239.84375,161824.75,172936.75,HI,161824.75,15665.78125,177490.53125
test_id_test_id_000760_21,test_id_000760,45,high_degree,3,0,test_id_000760_t3_c0,little,little_0,3,1.5,1.0,44,229693.55,438357.34375,476502.40625,487499.0,510178.9375,HI,487499.0,15665.78125,503164.78125
test_id_test_id_000760_22,test_id_000760,45,high_degree,3,1,test_id_000760_t3_c1,big,big_1,0,1.0,0.9,44,224803.2,547869.1875,595747.375,609995.625,636762.625,HI,609995.625,15665.78125,625661.40625
test_id_test_id_000760_23,test_id_000760,45,high_degree,3,2,test_id_000760_t3_c2,little,little_1,0,0.6,0.8,44,509684.7,878294.0625,963495.0,981383.625,1030587.125,HI,981383.625,15665.78125,997049.40625
test_id_test_id_000760_24,test_id_000760,45,high_degree,3,3,test_id_000760_t3_c3,big,big_1,1,1.4,0.98,44,168057.75,413252.46875,448994.53125,459215.34375,480730.84375,HI,459215.34375,15665.78125,474881.125
test_id_test_id_000760_25,test_id_000760,45,high_degree,3,4,test_id_000760_t3_c4,little,little_0,1,0.9,0.86,44,334203.47,724103.8125,791127.5625,811655.5,847933.125,HI,811655.5,15665.78125,827321.28125
test_id_test_id_000760_26,test_id_000760,45,high_degree,3,5,test_id_000760_t3_c5,big,big_1,2,1.8,1.06,44,200166.9,321126.8125,348887.46875,356792.9375,374301.375,HI,356792.9375,15665.78125,372458.71875
test_id_test_id_000760_27,test_id_000760,45,high_degree,3,6,test_id_000760_t3_c6,little,little_1,2,1.2,0.93,44,268064.3,517341.84375,562787.125,576216.875,602116.0,HI,576216.875,15665.78125,591882.65625
test_id_test_id_000760_28,test_id_000760,48,random,4,0,test_id_000760_t4_c0,big,big_1,0,1.0,0.9,47,297154.6,689550.75,751103.5,769944.5,802896.6875,HI,769944.5,15665.78125,785610.28125
test_id_test_id_000760_29,test_id_000760,48,random,4,1,test_id_000760_t4_c1,little,little_1,0,0.6,0.8,47,578177.75,1202521.25,1345135.0,1380221.0,1496279.5,HI,1380221.0,15665.78125,1395886.78125
test_id_test_id_000760_30,test_id_000760,48,random,4,2,test_id_000760_t4_c2,big,big_0,1,1.4,0.98,47,319778.16,534541.75,581119.25,594889.4375,621127.6875,HI,594889.4375,15665.78125,610555.21875
test_id_test_id_000760_31,test_id_000760,48,random,4,3,test_id_000760_t4_c3,little,little_0,1,0.9,0.86,47,444409.78,890251.875,978603.875,1002699.125,1055142.25,HI,1002699.125,15665.78125,1018364.90625
test_id_test_id_000760_32,test_id_000760,48,random,4,4,test_id_000760_t4_c4,big,big_0,2,1.8,1.06,47,214695.53,428067.3125,465117.84375,475739.3125,497873.125,HI,475739.3125,15665.78125,491405.09375
test_id_test_id_000760_33,test_id_000760,48,random,4,5,test_id_000760_t4_c5,little,little_1,2,1.2,0.93,47,313088.9,664914.8125,724828.125,743117.25,775485.5,HI,743117.25,15665.78125,758783.03125
test_id_test_id_000760_34,test_id_000760,48,random,4,6,test_id_000760_t4_c6,big,big_1,3,2.2,1.15,47,188380.16,348508.28125,378539.6875,387068.5,405761.5,HI,387068.5,15665.78125,402734.28125
test_id_test_id_000760_35,test_id_000760,29,diverse_fill_1,5,0,test_id_000760_t5_c0,little,little_0,0,0.6,0.8,28,683585.9,1582090.0,1929424.75,1979694.5,2058282.25,HI,1979694.5,15665.78125,1995360.28125
test_id_test_id_000760_36,test_id_000760,29,diverse_fill_1,5,1,test_id_000760_t5_c1,big,big_1,1,1.4,0.98,28,284819.5,648332.9375,706631.5,724439.375,756101.125,HI,724439.375,15665.78125,740105.15625
test_id_test_id_000760_37,test_id_000760,29,diverse_fill_1,5,2,test_id_000760_t5_c2,little,little_0,1,0.9,0.86,28,512965.53,1139608.0,1266496.25,1299057.5,1409375.75,HI,1299057.5,15665.78125,1314723.28125
test_id_test_id_000760_38,test_id_000760,29,diverse_fill_1,5,3,test_id_000760_t5_c3,big,big_1,2,1.8,1.06,28,279658.72,528290.375,574964.875,588813.625,615404.75,HI,588813.625,15665.78125,604479.40625
test_id_test_id_000760_39,test_id_000760,29,diverse_fill_1,5,4,test_id_000760_t5_c4,little,little_0,2,1.2,0.93,28,404503.72,859915.0625,946937.875,971339.1875,1022130.875,HI,971339.1875,15665.78125,987004.96875
test_id_test_id_000760_40,test_id_000760,29,diverse_fill_1,5,5,test_id_000760_t5_c5,big,big_1,3,2.2,1.15,28,240201.36,440443.25,478946.5,490062.75,512995.5625,HI,490062.75,15665.78125,505728.53125
test_id_test_id_000760_41,test_id_000760,29,diverse_fill_1,5,6,test_id_000760_t5_c6,little,little_0,3,1.5,1.0,28,351844.06,683657.5,747888.4375,767653.25,803044.5625,HI,767653.25,15665.78125,783319.03125
test_id_test_id_000779_00,test_id_000779,8,source_like,0,0,test_id_000779_t0_c0,big,big_0,2,1.8,1.06,7,58055.41,86880.265625,101619.0,105581.84375,115547.25,LO,105581.84375,0.0,105581.84375
test_id_test_id_000779_01,test_id_000779,8,source_like,0,1,test_id_000779_t0_c1,little,little_0,2,1.2,0.93,7,123782.586,152325.484375,169477.40625,174537.5,186556.953125,LO,174537.5,0.0,174537.5
test_id_test_id_000779_02,test_id_000779,8,source_like,0,2,test_id_000779_t0_c2,big,big_1,3,2.2,1.15,7,48487.098,73584.015625,87854.046875,91723.6875,101293.65625,LO,91723.6875,0.0,91723.6875
test_id_test_id_000779_03,test_id_000779,8,source_like,0,3,test_id_000779_t0_c3,little,little_0,3,1.5,1.0,7,96720.336,129555.921875,145187.390625,149650.59375,160561.375,LO,149650.59375,0.0,149650.59375
test_id_test_id_000779_04,test_id_000779,8,source_like,0,4,test_id_000779_t0_c4,big,big_1,0,1.0,0.9,7,99127.016,158736.6875,176826.28125,182260.6875,195063.4375,LO,182260.6875,0.0,182260.6875
test_id_test_id_000779_05,test_id_000779,8,source_like,0,5,test_id_000779_t0_c5,little,little_1,0,0.6,0.8,7,244865.2,236289.265625,260821.765625,268040.71875,285219.65625,LO,268040.71875,0.0,268040.71875
test_id_test_id_000779_06,test_id_000779,8,source_like,0,6,test_id_000779_t0_c6,big,big_1,1,1.4,0.98,7,71732.414,108271.765625,123384.984375,127583.640625,138093.1875,LO,127583.640625,0.0,127583.640625
test_id_test_id_000779_07,test_id_000779,111,sink_like,1,0,test_id_000779_t1_c0,little,little_1,2,1.2,0.93,110,455751.2,682754.0625,744979.875,763980.875,797725.0,LO,763980.875,0.0,763980.875
test_id_test_id_000779_08,test_id_000779,111,sink_like,1,1,test_id_000779_t1_c1,big,big_1,3,2.2,1.15,110,162886.55,369231.875,401067.09375,410107.75,429726.0625,LO,410107.75,0.0,410107.75
test_id_test_id_000779_09,test_id_000779,111,sink_like,1,2,test_id_000779_t1_c2,little,little_0,3,1.5,1.0,110,291503.38,578136.25,629475.25,644939.125,673508.6875,LO,644939.125,0.0,644939.125
test_id_test_id_000779_10,test_id_000779,111,sink_like,1,3,test_id_000779_t1_c3,big,big_0,0,1.0,0.9,110,403722.8,711789.125,775855.0,795397.0625,829762.25,LO,795397.0625,0.0,795397.0625
test_id_test_id_000779_11,test_id_000779,111,sink_like,1,4,test_id_000779_t1_c4,little,little_0,0,0.6,0.8,110,659431.4,1274093.75,1434607.5,1471114.25,1585607.25,LO,1471114.25,0.0,1471114.25
test_id_test_id_000779_12,test_id_000779,111,sink_like,1,5,test_id_000779_t1_c5,big,big_1,1,1.4,0.98,110,265619.38,554730.5,603029.875,617385.25,644298.5,LO,617385.25,0.0,617385.25
test_id_test_id_000779_13,test_id_000779,111,sink_like,1,6,test_id_000779_t1_c6,little,little_1,1,0.9,0.86,110,394581.1,930096.8125,1023849.625,1048239.9375,1106269.0,LO,1048239.9375,0.0,1048239.9375
test_id_test_id_000779_14,test_id_000779,68,middle,2,0,test_id_000779_t2_c0,big,big_0,3,2.2,1.15,67,139737.42,246929.8125,269205.75,275725.5625,290444.875,LO,275725.5625,0.0,275725.5625
test_id_test_id_000779_15,test_id_000779,68,middle,2,1,test_id_000779_t2_c1,little,little_0,3,1.5,1.0,67,241582.19,412392.8125,448054.75,458252.1875,479735.8125,LO,458252.1875,0.0,458252.1875
test_id_test_id_000779_16,test_id_000779,68,middle,2,2,test_id_000779_t2_c2,big,big_1,0,1.0,0.9,67,226413.9,507975.125,552100.3125,565046.375,590224.375,LO,565046.375,0.0,565046.375
test_id_test_id_000779_17,test_id_000779,68,middle,2,3,test_id_000779_t2_c3,little,little_1,0,0.6,0.8,67,457117.38,692555.625,748366.875,762720.625,790686.75,LO,762720.625,0.0,762720.625
test_id_test_id_000779_18,test_id_000779,68,middle,2,4,test_id_000779_t2_c4,big,big_0,1,1.4,0.98,67,214243.4,388129.125,421628.25,431166.0,451587.09375,LO,431166.0,0.0,431166.0
test_id_test_id_000779_19,test_id_000779,68,middle,2,5,test_id_000779_t2_c5,little,little_1,1,0.9,0.86,67,299864.03,610569.0,664770.25,681221.25,710805.0,LO,681221.25,0.0,681221.25
test_id_test_id_000779_20,test_id_000779,68,middle,2,6,test_id_000779_t2_c6,big,big_1,2,1.8,1.06,67,187525.16,303601.875,329970.375,337507.8125,354296.84375,LO,337507.8125,0.0,337507.8125
test_id_test_id_000779_21,test_id_000779,98,random,3,0,test_id_000779_t3_c0,little,little_1,3,1.5,1.0,97,128832.27,234525.875,255949.890625,262218.6875,276434.59375,LO,262218.6875,0.0,262218.6875
test_id_test_id_000779_22,test_id_000779,98,random,3,1,test_id_000779_t3_c1,big,big_0,0,1.0,0.9,97,147988.67,254463.6875,277364.53125,284042.8125,299116.0625,LO,284042.8125,0.0,284042.8125
test_id_test_id_000779_23,test_id_000779,98,random,3,2,test_id_000779_t3_c2,little,little_1,0,0.6,0.8,97,315596.2,293333.46875,317006.3125,322999.78125,337697.03125,LO,322999.78125,0.0,322999.78125
test_id_test_id_000779_24,test_id_000779,98,random,3,3,test_id_000779_t3_c3,big,big_1,1,1.4,0.98,97,121214.82,210381.21875,230255.625,236112.03125,249510.390625,LO,236112.03125,0.0,236112.03125
test_id_test_id_000779_25,test_id_000779,98,random,3,4,test_id_000779_t3_c4,little,little_1,1,0.9,0.86,97,192535.52,283187.34375,308243.40625,315460.5625,331760.96875,LO,315460.5625,0.0,315460.5625
test_id_test_id_000779_26,test_id_000779,98,random,3,5,test_id_000779_t3_c5,big,big_1,2,1.8,1.06,97,94052.266,171113.09375,188762.625,193940.515625,206067.84375,LO,193940.515625,0.0,193940.515625
test_id_test_id_000779_27,test_id_000779,98,random,3,6,test_id_000779_t3_c6,little,little_0,2,1.2,0.93,97,184171.47,254107.0625,276805.40625,283386.8125,298261.09375,LO,283386.8125,0.0,283386.8125
test_id_test_id_000779_28,test_id_000779,83,diverse_fill_1,4,0,test_id_000779_t4_c0,big,big_1,0,1.0,0.9,82,146150.8,241186.625,263125.375,269536.96875,284067.21875,LO,269536.96875,0.0,269536.96875
test_id_test_id_000779_29,test_id_000779,83,diverse_fill_1,4,1,test_id_000779_t4_c1,little,little_1,0,0.6,0.8,82,315301.44,291931.40625,315098.40625,320827.28125,335112.9375,LO,320827.28125,0.0,320827.28125
test_id_test_id_000779_30,test_id_000779,83,diverse_fill_1,4,2,test_id_000779_t4_c2,big,big_1,1,1.4,0.98,82,110079.08,195335.21875,214256.078125,219834.109375,232690.40625,LO,219834.109375,0.0,219834.109375
test_id_test_id_000779_31,test_id_000779,83,diverse_fill_1,4,3,test_id_000779_t4_c3,little,little_0,1,0.9,0.86,82,226351.73,275853.875,300415.875,307506.8125,323551.875,LO,307506.8125,0.0,307506.8125
test_id_test_id_000779_32,test_id_000779,83,diverse_fill_1,4,4,test_id_000779_t4_c4,big,big_1,2,1.8,1.06,82,87792.67,159441.09375,176465.53125,181394.65625,193081.9375,LO,181394.65625,0.0,181394.65625
test_id_test_id_000779_33,test_id_000779,83,diverse_fill_1,4,5,test_id_000779_t4_c5,little,little_1,2,1.2,0.93,82,194945.62,235652.0625,257080.0625,263322.90625,277506.21875,LO,263322.90625,0.0,263322.90625
test_id_test_id_000779_34,test_id_000779,83,diverse_fill_1,4,6,test_id_000779_t4_c6,big,big_1,3,2.2,1.15,82,79610.17,127600.953125,143461.03125,147809.171875,158569.78125,LO,147809.171875,0.0,147809.171875
test_id_test_id_000779_35,test_id_000779,5,diverse_fill_2,5,0,test_id_000779_t5_c0,little,little_1,0,0.6,0.8,4,153191.56,159305.1875,180556.0625,187235.296875,203064.8125,LO,187235.296875,0.0,187235.296875
test_id_test_id_000779_36,test_id_000779,5,diverse_fill_2,5,1,test_id_000779_t5_c1,big,big_1,1,1.4,0.98,4,44893.754,74692.3125,89486.125,93626.40625,103770.828125,LO,93626.40625,0.0,93626.40625
test_id_test_id_000779_37,test_id_000779,5,diverse_fill_2,5,2,test_id_000779_t5_c2,little,little_0,1,0.9,0.86,4,111311.68,128122.3125,145921.90625,151324.125,164342.40625,LO,151324.125,0.0,151324.125
test_id_test_id_000779_38,test_id_000779,5,diverse_fill_2,5,3,test_id_000779_t5_c3,big,big_1,2,1.8,1.06,4,36307.09,61081.078125,74884.484375,78791.75,88206.625,LO,78791.75,0.0,78791.75
test_id_test_id_000779_39,test_id_000779,5,diverse_fill_2,5,4,test_id_000779_t5_c4,little,little_1,2,1.2,0.93,4,84419.414,106608.5,122548.6875,127209.15625,138682.78125,LO,127209.15625,0.0,127209.15625
test_id_test_id_000779_40,test_id_000779,5,diverse_fill_2,5,5,test_id_000779_t5_c5,big,big_1,3,2.2,1.15,4,31329.717,51566.421875,64749.75,68586.5625,77703.40625,LO,68586.5625,0.0,68586.5625
test_id_test_id_000779_41,test_id_000779,5,diverse_fill_2,5,6,test_id_000779_t5_c6,little,little_0,3,1.5,1.0,4,68376.61,88949.828125,104002.640625,108247.921875,118820.203125,LO,108247.921875,0.0,108247.921875
test_id_test_id_000814_00,test_id_000814,1,source_like,0,0,test_id_000814_t0_c0,big,big_1,0,1.0,0.9,0,92566.68,143221.1875,160590.0625,165756.890625,178112.96875,HI,165756.890625,15665.78125,181422.671875
test_id_test_id_000814_01,test_id_000814,1,source_like,0,1,test_id_000814_t0_c1,little,little_1,0,0.6,0.8,0,217905.66,222495.34375,246560.1875,253821.453125,270934.03125,HI,253821.453125,15665.78125,269487.234375
test_id_test_id_000814_02,test_id_000814,1,source_like,0,2,test_id_000814_t0_c2,big,big_0,1,1.4,0.98,0,64396.074,100845.375,115885.25,120043.609375,130488.03125,HI,120043.609375,15665.78125,135709.390625
test_id_test_id_000814_03,test_id_000814,1,source_like,0,3,test_id_000814_t0_c3,little,little_0,1,0.9,0.86,0,145422.64,180945.3125,201053.890625,207204.390625,221523.171875,HI,207204.390625,15665.78125,222870.171875
test_id_test_id_000814_04,test_id_000814,1,source_like,0,4,test_id_000814_t0_c4,big,big_0,2,1.8,1.06,0,51920.938,81769.578125,96381.71875,100322.6875,110176.46875,HI,100322.6875,15665.78125,115988.46875
test_id_test_id_000814_05,test_id_000814,1,source_like,0,5,test_id_000814_t0_c5,little,little_1,2,1.2,0.93,0,110467.805,141924.59375,158644.390625,163560.71875,175344.78125,HI,163560.71875,15665.78125,179226.5
test_id_test_id_000814_06,test_id_000814,1,source_like,0,6,test_id_000814_t0_c6,big,big_0,3,2.2,1.15,0,42125.363,68351.421875,82340.296875,86175.90625,95585.53125,HI,86175.90625,15665.78125,101841.6875
test_id_test_id_000814_07,test_id_000814,6,sink_like,1,0,test_id_000814_t1_c0,little,little_1,0,0.6,0.8,5,293117.38,297352.78125,321202.15625,327202.40625,341933.875,HI,327202.40625,15665.78125,342868.1875
test_id_test_id_000814_08,test_id_000814,6,sink_like,1,1,test_id_000814_t1_c1,big,big_1,1,1.4,0.98,5,101091.54,199073.984375,218226.0,223870.796875,236855.828125,HI,223870.796875,15665.78125,239536.578125
test_id_test_id_000814_09,test_id_000814,6,sink_like,1,2,test_id_000814_t1_c2,little,little_1,1,0.9,0.86,5,205230.14,282387.3125,307389.71875,314578.90625,330842.125,HI,314578.90625,15665.78125,330244.6875
test_id_test_id_000814_10,test_id_000814,6,sink_like,1,3,test_id_000814_t1_c3,big,big_0,2,1.8,1.06,5,93465.25,161639.90625,178761.28125,183731.875,195487.71875,HI,183731.875,15665.78125,199397.65625
test_id_test_id_000814_11,test_id_000814,6,sink_like,1,4,test_id_000814_t1_c4,little,little_1,2,1.2,0.93,5,155188.72,245010.8125,267095.0625,273515.90625,288061.1875,HI,273515.90625,15665.78125,289181.6875
test_id_test_id_000814_12,test_id_000814,6,sink_like,1,5,test_id_000814_t1_c5,big,big_0,3,2.2,1.15,5,73257.83,129063.296875,144957.828125,149326.234375,160116.25,HI,149326.234375,15665.78125,164992.015625
test_id_test_id_000814_13,test_id_000814,6,sink_like,1,6,test_id_000814_t1_c6,little,little_0,3,1.5,1.0,5,151512.9,220890.359375,241413.8125,247437.703125,261162.453125,HI,247437.703125,15665.78125,263103.484375
test_id_test_id_000814_14,test_id_000814,213,middle,2,0,test_id_000814_t2_c0,big,big_1,1,1.4,0.98,212,163751.03,237714.609375,259302.734375,265607.1875,279909.59375,HI,265607.1875,15665.78125,281272.96875
test_id_test_id_000814_15,test_id_000814,213,middle,2,1,test_id_000814_t2_c1,little,little_0,1,0.9,0.86,212,214489.88,272165.8125,296433.40625,303490.53125,319412.46875,HI,303490.53125,15665.78125,319156.3125
test_id_test_id_000814_16,test_id_000814,213,middle,2,2,test_id_000814_t2_c2,big,big_1,2,1.8,1.06,212,108731.56,199307.15625,218487.859375,224148.6875,237178.84375,HI,224148.6875,15665.78125,239814.46875
test_id_test_id_000814_17,test_id_000814,213,middle,2,3,test_id_000814_t2_c3,little,little_1,2,1.2,0.93,212,158825.16,270440.03125,294238.71875,301098.53125,316546.3125,HI,301098.53125,15665.78125,316764.3125
test_id_test_id_000814_18,test_id_000814,213,middle,2,4,test_id_000814_t2_c4,big,big_0,3,2.2,1.15,212,70360.33,159075.078125,176182.78125,181120.59375,192852.8125,HI,181120.59375,15665.78125,196786.375
test_id_test_id_000814_19,test_id_000814,213,middle,2,5,test_id_000814_t2_c5,little,little_1,3,1.5,1.0,212,142978.55,256769.0,279667.1875,286315.75,301310.15625,HI,286315.75,15665.78125,301981.53125
test_id_test_id_000814_20,test_id_000814,213,middle,2,6,test_id_000814_t2_c6,big,big_1,0,1.0,0.9,212,144943.66,273178.125,297389.4375,304419.9375,320204.59375,HI,304419.9375,15665.78125,320085.71875
test_id_test_id_000814_21,test_id_000814,436,high_degree,3,0,test_id_000814_t3_c0,little,little_1,1,0.9,0.86,435,323854.53,373848.09375,406519.125,415877.625,435920.28125,HI,415877.625,15665.78125,431543.40625
test_id_test_id_000814_22,test_id_000814,436,high_degree,3,1,test_id_000814_t3_c1,big,big_1,2,1.8,1.06,435,115059.97,214912.1875,235055.375,241003.28125,254562.84375,HI,241003.28125,15665.78125,256669.0625
test_id_test_id_000814_23,test_id_000814,436,high_degree,3,2,test_id_000814_t3_c2,little,little_1,2,1.2,0.93,435,244906.14,320468.375,348097.71875,355948.03125,373368.6875,HI,355948.03125,15665.78125,371613.8125
test_id_test_id_000814_24,test_id_000814,436,high_degree,3,3,test_id_000814_t3_c3,big,big_1,3,2.2,1.15,435,93658.71,177112.46875,195162.71875,200469.375,212834.640625,HI,200469.375,15665.78125,216135.15625
test_id_test_id_000814_25,test_id_000814,436,high_degree,3,4,test_id_000814_t3_c4,little,little_0,3,1.5,1.0,435,156859.84,297087.09375,322870.5625,330243.4375,346716.84375,HI,330243.4375,15665.78125,345909.21875
test_id_test_id_000814_26,test_id_000814,436,high_degree,3,5,test_id_000814_t3_c5,big,big_1,0,1.0,0.9,435,190210.38,343222.875,372893.15625,381323.375,399807.4375,HI,381323.375,15665.78125,396989.15625
test_id_test_id_000814_27,test_id_000814,436,high_degree,3,6,test_id_000814_t3_c6,little,little_1,0,0.6,0.8,435,385717.38,351565.5625,373989.0,378536.21875,390117.8125,HI,378536.21875,15665.78125,394202.0
test_id_test_id_000814_28,test_id_000814,231,communication_heavy,4,0,test_id_000814_t4_c0,big,big_0,2,1.8,1.06,230,217895.34,496709.1875,539862.0,552464.625,577291.875,HI,552464.625,15665.78125,568130.40625
test_id_test_id_000814_29,test_id_000814,231,communication_heavy,4,1,test_id_000814_t4_c1,little,little_0,2,1.2,0.93,230,401996.53,749803.625,820077.1875,841318.4375,879735.375,HI,841318.4375,15665.78125,856984.21875
test_id_test_id_000814_30,test_id_000814,231,communication_heavy,4,2,test_id_000814_t4_c2,big,big_0,3,2.2,1.15,230,256031.38,412508.0625,448233.90625,458447.0625,479987.53125,HI,458447.0625,15665.78125,474112.84375
test_id_test_id_000814_31,test_id_000814,231,communication_heavy,4,3,test_id_000814_t4_c3,little,little_1,3,1.5,1.0,230,360351.44,623212.75,679039.625,696043.875,726628.25,HI,696043.875,15665.78125,711709.65625
test_id_test_id_000814_32,test_id_000814,231,communication_heavy,4,4,test_id_000814_t4_c4,big,big_0,0,1.0,0.9,230,325769.84,759969.625,829437.375,850418.5625,888119.3125,HI,850418.5625,15665.78125,866084.34375
test_id_test_id_000814_33,test_id_000814,231,communication_heavy,4,5,test_id_000814_t4_c5,little,little_1,0,0.6,0.8,230,662975.75,1307817.375,1480027.25,1517113.0,1629241.0,HI,1517113.0,15665.78125,1532778.78125
test_id_test_id_000814_34,test_id_000814,231,communication_heavy,4,6,test_id_000814_t4_c6,big,big_0,1,1.4,0.98,230,325389.22,604273.375,657122.125,673065.5,701846.8125,HI,673065.5,15665.78125,688731.28125
test_id_test_id_000814_35,test_id_000814,423,random,5,0,test_id_000814_t5_c0,little,little_1,2,1.2,0.93,422,217938.39,371528.8125,403586.9375,412705.125,432419.8125,HI,412705.125,15665.78125,428370.90625
test_id_test_id_000814_36,test_id_000814,423,random,5,1,test_id_000814_t5_c1,big,big_1,3,2.2,1.15,422,131784.36,201550.921875,220959.9375,226715.15625,239907.78125,HI,226715.15625,15665.78125,242380.9375
test_id_test_id_000814_37,test_id_000814,423,random,5,2,test_id_000814_t5_c2,little,little_1,3,1.5,1.0,422,205043.48,329968.0625,358413.9375,366501.59375,384365.875,HI,366501.59375,15665.78125,382167.375
test_id_test_id_000814_38,test_id_000814,423,random,5,3,test_id_000814_t5_c3,big,big_1,0,1.0,0.9,422,161011.86,396211.34375,430507.75,440297.5,461118.0625,HI,440297.5,15665.78125,455963.28125
test_id_test_id_000814_39,test_id_000814,423,random,5,4,test_id_000814_t5_c4,little,little_1,0,0.6,0.8,422,469756.4,432879.6875,461510.375,467679.375,481767.8125,HI,467679.375,15665.78125,483345.15625
test_id_test_id_000814_40,test_id_000814,423,random,5,5,test_id_000814_t5_c5,big,big_1,1,1.4,0.98,422,151493.48,314603.125,341809.25,349553.8125,366765.0,HI,349553.8125,15665.78125,365219.59375
test_id_test_id_000814_41,test_id_000814,423,random,5,6,test_id_000814_t5_c6,little,little_0,1,0.9,0.86,422,257210.72,438935.9375,477748.0,489079.625,512179.4375,HI,489079.625,15665.78125,504745.40625
test_id_test_id_000832_00,test_id_000832,1,source_like,0,0,test_id_000832_t0_c0,big,big_1,3,2.2,1.15,0,42930.598,73302.3125,87564.421875,91423.953125,100964.421875,LO,91423.953125,0.0,91423.953125
test_id_test_id_000832_01,test_id_000832,1,source_like,0,1,test_id_000832_t0_c1,little,little_0,3,1.5,1.0,0,93625.74,131927.75,147630.59375,152120.59375,163071.78125,LO,152120.59375,0.0,152120.59375
test_id_test_id_000832_02,test_id_000832,1,source_like,0,2,test_id_000832_t0_c2,big,big_0,0,1.0,0.9,0,94171.93,159300.53125,177359.1875,182778.640625,195541.625,LO,182778.640625,0.0,182778.640625
test_id_test_id_000832_03,test_id_000832,1,source_like,0,3,test_id_000832_t0_c3,little,little_0,0,0.6,0.8,0,257625.4,235319.421875,259887.6875,267100.46875,284309.90625,LO,267100.46875,0.0,267100.46875
test_id_test_id_000832_04,test_id_000832,1,source_like,0,4,test_id_000832_t0_c4,big,big_0,1,1.4,0.98,0,75781.375,109420.0,124525.140625,128721.34375,139222.71875,LO,128721.34375,0.0,128721.34375
test_id_test_id_000832_05,test_id_000832,1,source_like,0,5,test_id_000832_t0_c5,little,little_0,1,0.9,0.86,0,169864.53,192219.90625,212914.65625,219229.390625,233866.859375,LO,219229.390625,0.0,219229.390625
test_id_test_id_000832_06,test_id_000832,1,source_like,0,6,test_id_000832_t0_c6,big,big_1,2,1.8,1.06,0,58639.62,87982.25,102754.84375,106715.09375,116689.15625,LO,106715.09375,0.0,106715.09375
test_id_test_id_000832_07,test_id_000832,147,sink_like,1,0,test_id_000832_t1_c0,little,little_1,3,1.5,1.0,146,285011.7,530947.75,577634.5,591477.875,617967.125,LO,591477.875,0.0,591477.875
test_id_test_id_000832_08,test_id_000832,147,sink_like,1,1,test_id_000832_t1_c1,big,big_0,0,1.0,0.9,146,367212.66,656894.875,714889.9375,732547.375,763632.75,LO,732547.375,0.0,732547.375
test_id_test_id_000832_09,test_id_000832,147,sink_like,1,2,test_id_000832_t1_c2,little,little_0,0,0.6,0.8,146,583039.0,1184419.25,1321319.0,1355384.0,1468897.5,LO,1355384.0,0.0,1355384.0
test_id_test_id_000832_10,test_id_000832,147,sink_like,1,3,test_id_000832_t1_c3,big,big_0,1,1.4,0.98,146,256456.38,511395.71875,555823.125,568850.875,594186.875,LO,568850.875,0.0,568850.875
test_id_test_id_000832_11,test_id_000832,147,sink_like,1,4,test_id_000832_t1_c4,little,little_1,1,0.9,0.86,146,426293.28,857701.4375,940896.1875,964439.25,1012358.3125,LO,964439.25,0.0,964439.25
test_id_test_id_000832_12,test_id_000832,147,sink_like,1,5,test_id_000832_t1_c5,big,big_1,2,1.8,1.06,146,175673.98,410853.78125,446360.8125,456500.125,477908.34375,LO,456500.125,0.0,456500.125
test_id_test_id_000832_13,test_id_000832,147,sink_like,1,6,test_id_000832_t1_c6,little,little_0,2,1.2,0.93,146,374384.12,627571.75,683545.75,700531.875,731028.25,LO,700531.875,0.0,700531.875
test_id_test_id_000832_14,test_id_000832,82,middle,2,0,test_id_000832_t2_c0,big,big_0,0,1.0,0.9,81,176084.1,327113.71875,355351.8125,363368.84375,381104.78125,LO,363368.84375,0.0,363368.84375
test_id_test_id_000832_15,test_id_000832,82,middle,2,1,test_id_000832_t2_c1,little,little_1,0,0.6,0.8,81,399981.78,329224.53125,350520.59375,354877.78125,366242.875,LO,354877.78125,0.0,354877.78125
test_id_test_id_000832_16,test_id_000832,82,middle,2,2,test_id_000832_t2_c2,big,big_0,1,1.4,0.98,81,151133.73,262108.59375,285302.84375,292000.125,307108.09375,LO,292000.125,0.0,292000.125
test_id_test_id_000832_17,test_id_000832,82,middle,2,3,test_id_000832_t2_c3,little,little_0,1,0.9,0.86,81,255908.86,350999.28125,381254.6875,389844.03125,408632.25,LO,389844.03125,0.0,389844.03125
test_id_test_id_000832_18,test_id_000832,82,middle,2,4,test_id_000832_t2_c4,big,big_1,2,1.8,1.06,81,123522.266,210385.265625,230237.25,236099.75,249496.421875,LO,236099.75,0.0,236099.75
test_id_test_id_000832_19,test_id_000832,82,middle,2,5,test_id_000832_t2_c5,little,little_0,2,1.2,0.93,81,187027.6,316426.65625,343683.15625,351423.90625,368650.125,LO,351423.90625,0.0,351423.90625
test_id_test_id_000832_20,test_id_000832,82,middle,2,6,test_id_000832_t2_c6,big,big_1,3,2.2,1.15,81,101549.34,172343.15625,190119.21875,195320.453125,207497.703125,LO,195320.453125,0.0,195320.453125
test_id_test_id_000832_21,test_id_000832,45,high_degree,3,0,test_id_000832_t3_c0,little,little_0,0,0.6,0.8,44,779969.75,1528684.25,1828241.5,1873933.25,1959106.0,LO,1873933.25,0.0,1873933.25
test_id_test_id_000832_22,test_id_000832,45,high_degree,3,1,test_id_000832_t3_c1,big,big_1,1,1.4,0.98,44,264306.0,585341.25,637262.875,652901.3125,681650.25,LO,652901.3125,0.0,652901.3125
test_id_test_id_000832_23,test_id_000832,45,high_degree,3,2,test_id_000832_t3_c2,little,little_0,1,0.9,0.86,44,533490.4,1057144.25,1172986.5,1200778.625,1287644.75,LO,1200778.625,0.0,1200778.625
test_id_test_id_000832_24,test_id_000832,45,high_degree,3,3,test_id_000832_t3_c3,big,big_1,2,1.8,1.06,44,231435.22,468856.65625,510089.15625,522105.28125,546318.5,LO,522105.28125,0.0,522105.28125
test_id_test_id_000832_25,test_id_000832,45,high_degree,3,4,test_id_000832_t3_c4,little,little_1,2,1.2,0.93,44,347046.2,758558.0,831550.3125,853573.8125,893898.6875,LO,853573.8125,0.0,853573.8125
test_id_test_id_000832_26,test_id_000832,45,high_degree,3,5,test_id_000832_t3_c5,big,big_0,3,2.2,1.15,44,192044.5,372834.6875,405205.21875,414422.875,434352.84375,LO,414422.875,0.0,414422.875
test_id_test_id_000832_27,test_id_000832,45,high_degree,3,6,test_id_000832_t3_c6,little,little_1,3,1.5,1.0,44,293424.88,606770.5,662167.75,679065.125,709913.625,LO,679065.125,0.0,679065.125
test_id_test_id_000832_28,test_id_000832,96,communication_heavy,4,0,test_id_000832_t4_c0,big,big_1,1,1.4,0.98,95,237305.98,539567.375,586390.375,600230.75,626490.375,LO,600230.75,0.0,600230.75
test_id_test_id_000832_29,test_id_000832,96,communication_heavy,4,1,test_id_000832_t4_c1,little,little_0,1,0.9,0.86,95,507171.0,890711.5625,978953.1875,1002969.125,1055305.875,LO,1002969.125,0.0,1002969.125
test_id_test_id_000832_30,test_id_000832,96,communication_heavy,4,2,test_id_000832_t4_c2,big,big_1,2,1.8,1.06,95,232978.95,436060.1875,473826.65625,484671.53125,507137.5,LO,484671.53125,0.0,484671.53125
test_id_test_id_000832_31,test_id_000832,96,communication_heavy,4,3,test_id_000832_t4_c3,little,little_0,2,1.2,0.93,95,269616.72,669838.375,730178.125,748595.9375,781154.9375,LO,748595.9375,0.0,748595.9375
test_id_test_id_000832_32,test_id_000832,96,communication_heavy,4,4,test_id_000832_t4_c4,big,big_0,3,2.2,1.15,95,189493.64,354389.3125,384920.1875,393586.5,412531.4375,LO,393586.5,0.0,393586.5
test_id_test_id_000832_33,test_id_000832,96,communication_heavy,4,5,test_id_000832_t4_c5,little,little_0,3,1.5,1.0,95,279076.84,559481.75,608793.125,623535.375,651121.875,LO,623535.375,0.0,623535.375
test_id_test_id_000832_34,test_id_000832,96,communication_heavy,4,6,test_id_000832_t4_c6,big,big_0,0,1.0,0.9,95,312662.2,687695.5,748929.0,767659.5,800408.4375,LO,767659.5,0.0,767659.5
test_id_test_id_000832_35,test_id_000832,90,random,5,0,test_id_000832_t5_c0,little,little_0,1,0.9,0.86,89,281288.72,304135.59375,330375.46875,337833.5625,354549.40625,LO,337833.5625,0.0,337833.5625
test_id_test_id_000832_36,test_id_000832,90,random,5,1,test_id_000832_t5_c1,big,big_1,2,1.8,1.06,89,106312.94,200272.078125,219526.5625,225217.578125,238288.578125,LO,225217.578125,0.0,225217.578125
test_id_test_id_000832_37,test_id_000832,90,random,5,2,test_id_000832_t5_c2,little,little_1,2,1.2,0.93,89,156044.2,288209.53125,313235.9375,320385.40625,336445.34375,LO,320385.40625,0.0,320385.40625
test_id_test_id_000832_38,test_id_000832,90,random,5,3,test_id_000832_t5_c3,big,big_0,3,2.2,1.15,89,94658.77,163141.890625,180444.625,185462.3125,197320.671875,LO,185462.3125,0.0,185462.3125
test_id_test_id_000832_39,test_id_000832,90,random,5,4,test_id_000832_t5_c4,little,little_0,3,1.5,1.0,89,179852.83,259374.3125,282392.25,289059.1875,304089.21875,LO,289059.1875,0.0,289059.1875
test_id_test_id_000832_40,test_id_000832,90,random,5,5,test_id_000832_t5_c5,big,big_0,0,1.0,0.9,89,195857.42,287756.0,312774.8125,319927.125,335989.21875,LO,319927.125,0.0,319927.125
test_id_test_id_000832_41,test_id_000832,90,random,5,6,test_id_000832_t5_c6,little,little_1,0,0.6,0.8,89,297567.97,306234.21875,328832.46875,334137.65625,347416.4375,LO,334137.65625,0.0,334137.65625
test_id_test_id_000844_00,test_id_000844,5,source_like,0,0,test_id_000844_t0_c0,little,little_0,3,1.5,1.0,4,105348.69,134029.671875,149754.9375,154249.0,165191.890625,HI,154249.0,15665.78125,169914.78125
test_id_test_id_000844_01,test_id_000844,5,source_like,0,1,test_id_000844_t0_c1,big,big_0,0,1.0,0.9,4,102518.71,164309.171875,182503.78125,187959.46875,200757.53125,HI,187959.46875,15665.78125,203625.25
test_id_test_id_000844_02,test_id_000844,5,source_like,0,2,test_id_000844_t0_c2,little,little_0,0,0.6,0.8,4,273764.75,240844.453125,265236.4375,272251.21875,289090.03125,HI,272251.21875,15665.78125,287917.0
test_id_test_id_000844_03,test_id_000844,5,source_like,0,3,test_id_000844_t0_c3,big,big_0,1,1.4,0.98,4,74425.47,114032.3125,129181.21875,133399.125,143920.328125,HI,133399.125,15665.78125,149064.90625
test_id_test_id_000844_04,test_id_000844,5,source_like,0,4,test_id_000844_t0_c4,little,little_0,1,0.9,0.86,4,164891.11,202407.15625,223511.375,229918.96875,244708.03125,HI,229918.96875,15665.78125,245584.75
test_id_test_id_000844_05,test_id_000844,5,source_like,0,5,test_id_000844_t0_c5,big,big_0,2,1.8,1.06,4,58700.266,92702.421875,107553.625,111535.953125,121597.640625,HI,111535.953125,15665.78125,127201.734375
test_id_test_id_000844_06,test_id_000844,5,source_like,0,6,test_id_000844_t0_c6,little,little_1,2,1.2,0.93,4,122362.93,158473.21875,175806.671875,180916.09375,192996.28125,HI,180916.09375,15665.78125,196581.875
test_id_test_id_000844_07,test_id_000844,65,sink_like,1,0,test_id_000844_t1_c0,big,big_0,0,1.0,0.9,64,299368.78,613249.375,666800.625,682966.625,711957.375,HI,682966.625,15665.78125,698632.40625
test_id_test_id_000844_08,test_id_000844,65,sink_like,1,1,test_id_000844_t1_c1,little,little_1,0,0.6,0.8,64,549659.2,1086423.125,1205590.5,1233458.0,1325084.75,HI,1233458.0,15665.78125,1249123.78125
test_id_test_id_000844_09,test_id_000844,65,sink_like,1,2,test_id_000844_t1_c2,big,big_0,1,1.4,0.98,64,218342.39,467220.65625,507719.8125,519441.9375,543116.0,HI,519441.9375,15665.78125,535107.71875
test_id_test_id_000844_10,test_id_000844,65,sink_like,1,3,test_id_000844_t1_c3,little,little_1,1,0.9,0.86,64,438357.34,804413.0,881135.1875,903830.25,946577.3125,HI,903830.25,15665.78125,919496.03125
test_id_test_id_000844_11,test_id_000844,65,sink_like,1,4,test_id_000844_t1_c4,big,big_1,2,1.8,1.06,64,151530.23,376414.875,408864.4375,418085.15625,437987.9375,HI,418085.15625,15665.78125,433750.9375
test_id_test_id_000844_12,test_id_000844,65,sink_like,1,5,test_id_000844_t1_c5,little,little_1,2,1.2,0.93,64,320985.9,578654.625,629667.1875,644971.375,673193.625,HI,644971.375,15665.78125,660637.15625
test_id_test_id_000844_13,test_id_000844,65,sink_like,1,6,test_id_000844_t1_c6,big,big_1,3,2.2,1.15,64,116158.27,301809.25,328072.0625,335589.3125,352352.71875,HI,335589.3125,15665.78125,351255.09375
test_id_test_id_000844_14,test_id_000844,176,middle,2,0,test_id_000844_t2_c0,little,little_0,0,0.6,0.8,175,477154.94,807466.4375,879519.9375,897009.0,935757.4375,HI,897009.0,15665.78125,912674.78125
test_id_test_id_000844_15,test_id_000844,176,middle,2,1,test_id_000844_t2_c1,big,big_1,1,1.4,0.98,175,230357.12,420837.09375,457241.75,467668.0625,489490.40625,HI,467668.0625,15665.78125,483333.84375
test_id_test_id_000844_16,test_id_000844,176,middle,2,2,test_id_000844_t2_c2,little,little_1,1,0.9,0.86,175,309122.8,684211.125,745806.3125,764695.3125,797788.5,HI,764695.3125,15665.78125,780361.09375
test_id_test_id_000844_17,test_id_000844,176,middle,2,3,test_id_000844_t2_c3,big,big_0,2,1.8,1.06,175,142951.8,333421.59375,362150.96875,370313.875,388320.4375,HI,370313.875,15665.78125,385979.65625
test_id_test_id_000844_18,test_id_000844,176,middle,2,4,test_id_000844_t2_c4,little,little_0,2,1.2,0.93,175,313348.7,532530.625,579149.5,592957.625,619277.5,HI,592957.625,15665.78125,608623.40625
test_id_test_id_000844_19,test_id_000844,176,middle,2,5,test_id_000844_t2_c5,big,big_0,3,2.2,1.15,175,128985.4,268586.65625,292348.5625,299231.34375,314700.6875,HI,299231.34375,15665.78125,314897.125
test_id_test_id_000844_20,test_id_000844,176,middle,2,6,test_id_000844_t2_c6,little,little_0,3,1.5,1.0,175,231309.33,439712.21875,477848.71875,488823.6875,511466.90625,HI,488823.6875,15665.78125,504489.46875
test_id_test_id_000844_21,test_id_000844,59,high_degree,3,0,test_id_000844_t3_c0,big,big_1,1,1.4,0.98,58,126803.03,259190.34375,282212.75,288876.1875,303913.5,HI,288876.1875,15665.78125,304541.96875
test_id_test_id_000844_22,test_id_000844,59,high_degree,3,1,test_id_000844_t3_c1,little,little_1,1,0.9,0.86,58,218099.39,298673.3125,324558.34375,331957.46875,348531.25,HI,331957.46875,15665.78125,347623.25
test_id_test_id_000844_23,test_id_000844,59,high_degree,3,2,test_id_000844_t3_c2,big,big_1,2,1.8,1.06,58,105934.97,215891.5625,236054.453125,241986.75,255542.65625,HI,241986.75,15665.78125,257652.53125
test_id_test_id_000844_24,test_id_000844,59,high_degree,3,3,test_id_000844_t3_c3,little,little_1,2,1.2,0.93,58,151109.1,294989.40625,320550.875,327848.625,344201.0,HI,327848.625,15665.78125,343514.40625
test_id_test_id_000844_25,test_id_000844,59,high_degree,3,4,test_id_000844_t3_c4,big,big_1,3,2.2,1.15,58,74023.25,172557.265625,190338.84375,195550.0625,207753.359375,HI,195550.0625,15665.78125,211215.84375
test_id_test_id_000844_26,test_id_000844,59,high_degree,3,5,test_id_000844_t3_c5,little,little_0,3,1.5,1.0,58,116861.45,279716.8125,304205.96875,311249.3125,327061.9375,HI,311249.3125,15665.78125,326915.09375
test_id_test_id_000844_27,test_id_000844,59,high_degree,3,6,test_id_000844_t3_c6,big,big_0,0,1.0,0.9,58,125229.55,302144.0625,328328.0,335811.875,352532.90625,HI,335811.875,15665.78125,351477.65625
test_id_test_id_000844_28,test_id_000844,197,communication_heavy,4,0,test_id_000844_t4_c0,little,little_1,1,0.9,0.86,196,345805.28,692783.0625,755448.75,774682.75,808375.625,HI,774682.75,15665.78125,790348.53125
test_id_test_id_000844_29,test_id_000844,197,communication_heavy,4,1,test_id_000844_t4_c1,big,big_1,2,1.8,1.06,196,156368.67,342008.09375,371419.5625,379766.4375,398123.1875,HI,379766.4375,15665.78125,395432.21875
test_id_test_id_000844_30,test_id_000844,197,communication_heavy,4,2,test_id_000844_t4_c2,little,little_1,2,1.2,0.93,196,235322.5,526628.6875,572629.0,586222.125,612257.375,HI,586222.125,15665.78125,601887.90625
test_id_test_id_000844_31,test_id_000844,197,communication_heavy,4,3,test_id_000844_t4_c3,big,big_0,3,2.2,1.15,196,144539.22,275825.65625,300089.46875,307093.8125,322813.90625,HI,307093.8125,15665.78125,322759.59375
test_id_test_id_000844_32,test_id_000844,197,communication_heavy,4,4,test_id_000844_t4_c4,little,little_0,3,1.5,1.0,196,253866.48,444695.5625,483249.09375,494353.875,517178.4375,HI,494353.875,15665.78125,510019.65625
test_id_test_id_000844_33,test_id_000844,197,communication_heavy,4,5,test_id_000844_t4_c5,big,big_0,0,1.0,0.9,196,303742.38,547157.375,594725.375,608872.25,635431.75,HI,608872.25,15665.78125,624538.03125
test_id_test_id_000844_34,test_id_000844,197,communication_heavy,4,6,test_id_000844_t4_c6,little,little_1,0,0.6,0.8,196,396353.38,790319.125,860217.3125,877668.1875,915171.8125,HI,877668.1875,15665.78125,893333.96875
test_id_test_id_000844_35,test_id_000844,192,random,5,0,test_id_000844_t5_c0,big,big_0,2,1.8,1.06,191,112846.01,178722.1875,196744.046875,202040.484375,214368.28125,HI,202040.484375,15665.78125,217706.265625
test_id_test_id_000844_36,test_id_000844,192,random,5,1,test_id_000844_t5_c1,little,little_0,2,1.2,0.93,191,192012.05,272491.5625,296333.125,303165.6875,318584.65625,HI,303165.6875,15665.78125,318831.46875
test_id_test_id_000844_37,test_id_000844,192,random,5,2,test_id_000844_t5_c2,big,big_1,3,2.2,1.15,191,85441.53,146448.75,162957.15625,167623.796875,178882.0625,HI,167623.796875,15665.78125,183289.578125
test_id_test_id_000844_38,test_id_000844,192,random,5,3,test_id_000844_t5_c3,little,little_0,3,1.5,1.0,191,172210.61,237994.875,259526.234375,265802.40625,280035.03125,HI,265802.40625,15665.78125,281468.1875
test_id_test_id_000844_39,test_id_000844,192,random,5,4,test_id_000844_t5_c4,big,big_0,0,1.0,0.9,191,163038.47,269011.6875,292574.65625,299319.5625,314571.25,HI,299319.5625,15665.78125,314985.34375
test_id_test_id_000844_40,test_id_000844,192,random,5,5,test_id_000844_t5_c5,little,little_1,0,0.6,0.8,191,398947.47,310275.53125,332629.0,337737.90625,350616.6875,HI,337737.90625,15665.78125,353403.6875
test_id_test_id_000844_41,test_id_000844,192,random,5,6,test_id_000844_t5_c6,big,big_1,1,1.4,0.98,191,116555.81,221631.6875,242098.75,248095.265625,261766.984375,HI,248095.265625,15665.78125,263761.046875
test_id_test_id_000862_00,test_id_000862,11,source_like,0,0,test_id_000862_t0_c0,big,big_0,0,1.0,0.9,10,154678.6,181169.75,199024.5625,204171.875,216288.890625,LO,204171.875,0.0,204171.875
test_id_test_id_000862_01,test_id_000862,11,source_like,0,1,test_id_000862_t0_c1,little,little_0,0,0.6,0.8,10,402394.88,253999.875,275457.0,280234.1875,293503.25,LO,280234.1875,0.0,280234.1875
test_id_test_id_000862_02,test_id_000862,11,source_like,0,2,test_id_000862_t0_c2,big,big_0,1,1.4,0.98,10,114947.59,156544.6875,173086.90625,177820.25,189145.40625,LO,177820.25,0.0,177820.25
test_id_test_id_000862_03,test_id_000862,11,source_like,0,3,test_id_000862_t0_c3,little,little_1,1,0.9,0.86,10,253664.7,216706.75,237458.40625,243424.390625,257402.125,LO,243424.390625,0.0,243424.390625
test_id_test_id_000862_04,test_id_000862,11,source_like,0,4,test_id_000862_t0_c4,big,big_1,2,1.8,1.06,10,83603.19,136782.84375,152622.46875,157060.25,167905.40625,LO,157060.25,0.0,157060.25
test_id_test_id_000862_05,test_id_000862,11,source_like,0,5,test_id_000862_t0_c5,little,little_0,2,1.2,0.93,10,204597.39,175101.890625,192409.046875,197349.09375,209085.65625,LO,197349.09375,0.0,197349.09375
test_id_test_id_000862_06,test_id_000862,11,source_like,0,6,test_id_000862_t0_c6,big,big_0,3,2.2,1.15,10,78495.484,114338.34375,129600.5,133732.296875,144116.65625,LO,133732.296875,0.0,133732.296875
test_id_test_id_000862_07,test_id_000862,166,sink_like,1,0,test_id_000862_t1_c0,little,little_1,0,0.6,0.8,165,606920.8,1454856.75,1698064.75,1738784.5,1831670.0,LO,1738784.5,0.0,1738784.5
test_id_test_id_000862_08,test_id_000862,166,sink_like,1,1,test_id_000862_t1_c1,big,big_0,1,1.4,0.98,165,242201.89,594239.3125,646472.1875,662210.875,690874.25,LO,662210.875,0.0,662210.875
test_id_test_id_000862_09,test_id_000862,166,sink_like,1,2,test_id_000862_t1_c2,little,little_1,1,0.9,0.86,165,465268.56,1025945.125,1135938.0,1162359.5,1240488.5,LO,1162359.5,0.0,1162359.5
test_id_test_id_000862_10,test_id_000862,166,sink_like,1,3,test_id_000862_t1_c3,big,big_1,2,1.8,1.06,165,208605.11,484989.0,527404.625,539787.625,564433.0,LO,539787.625,0.0,539787.625
test_id_test_id_000862_11,test_id_000862,166,sink_like,1,4,test_id_000862_t1_c4,little,little_0,2,1.2,0.93,165,428416.75,757991.125,830443.4375,852263.625,892319.3125,LO,852263.625,0.0,852263.625
test_id_test_id_000862_12,test_id_000862,166,sink_like,1,5,test_id_000862_t1_c5,big,big_0,3,2.2,1.15,165,150004.88,395747.75,430050.125,439835.8125,460717.5,LO,439835.8125,0.0,439835.8125
test_id_test_id_000862_13,test_id_000862,166,sink_like,1,6,test_id_000862_t1_c6,little,little_0,3,1.5,1.0,165,323716.9,614051.25,669669.1875,686634.125,717416.125,LO,686634.125,0.0,686634.125
test_id_test_id_000862_14,test_id_000862,163,middle,2,0,test_id_000862_t2_c0,big,big_0,1,1.4,0.98,162,237579.86,546824.375,594294.0,608355.375,634884.9375,LO,608355.375,0.0,608355.375
test_id_test_id_000862_15,test_id_000862,163,middle,2,1,test_id_000862_t2_c1,little,little_1,1,0.9,0.86,162,471372.06,882908.5625,969534.9375,993302.6875,1044294.0,LO,993302.6875,0.0,993302.6875
test_id_test_id_000862_16,test_id_000862,163,middle,2,2,test_id_000862_t2_c2,big,big_1,2,1.8,1.06,162,220602.69,439390.96875,477497.5625,488453.34375,511097.28125,LO,488453.34375,0.0,488453.34375
test_id_test_id_000862_17,test_id_000862,163,middle,2,3,test_id_000862_t2_c3,little,little_1,2,1.2,0.93,162,349782.3,665929.625,725948.875,744255.125,776742.625,LO,744255.125,0.0,744255.125
test_id_test_id_000862_18,test_id_000862,163,middle,2,4,test_id_000862_t2_c4,big,big_1,3,2.2,1.15,162,186038.48,357889.03125,388794.40625,397573.375,416722.6875,LO,397573.375,0.0,397573.375
test_id_test_id_000862_19,test_id_000862,163,middle,2,5,test_id_000862_t2_c5,little,little_1,3,1.5,1.0,162,255836.08,560516.3125,609884.25,624652.0,652257.875,LO,624652.0,0.0,624652.0
test_id_test_id_000862_20,test_id_000862,163,middle,2,6,test_id_000862_t2_c6,big,big_1,0,1.0,0.9,162,304908.8,686691.5,747574.75,766164.0625,798661.4375,LO,766164.0625,0.0,766164.0625
test_id_test_id_000862_21,test_id_000862,61,random,3,0,test_id_000862_t3_c0,little,little_1,1,0.9,0.86,60,129698.625,222714.5625,245540.90625,252593.375,268730.1875,LO,252593.375,0.0,252593.375
test_id_test_id_000862_22,test_id_000862,61,random,3,1,test_id_000862_t3_c1,big,big_0,2,1.8,1.06,60,54155.95,103689.171875,118940.46875,123126.265625,133628.234375,LO,123126.265625,0.0,123126.265625
test_id_test_id_000862_23,test_id_000862,61,random,3,2,test_id_000862_t3_c2,little,little_0,2,1.2,0.93,60,108811.69,183026.578125,202230.46875,208060.5,221500.40625,LO,208060.5,0.0,208060.5
test_id_test_id_000862_24,test_id_000862,61,random,3,3,test_id_000862_t3_c3,big,big_0,3,2.2,1.15,60,38644.457,82382.96875,97163.1875,101212.3125,111280.140625,LO,101212.3125,0.0,101212.3125
test_id_test_id_000862_25,test_id_000862,61,random,3,4,test_id_000862_t3_c4,little,little_0,3,1.5,1.0,60,82840.51,157263.28125,174462.9375,179537.921875,191519.4375,LO,179537.921875,0.0,179537.921875
test_id_test_id_000862_26,test_id_000862,61,random,3,5,test_id_000862_t3_c5,big,big_0,0,1.0,0.9,60,101786.95,191413.78125,211947.96875,218336.859375,233006.0625,LO,218336.859375,0.0,218336.859375
test_id_test_id_000862_27,test_id_000862,61,random,3,6,test_id_000862_t3_c6,little,little_0,0,0.6,0.8,60,214734.61,248417.140625,273819.40625,281299.84375,299158.5,LO,281299.84375,0.0,281299.84375
test_id_test_id_000862_28,test_id_000862,14,diverse_fill_1,4,0,test_id_000862_t4_c0,big,big_0,2,1.8,1.06,13,44065.77,72216.515625,86515.40625,90440.015625,100099.21875,LO,90440.015625,0.0,90440.015625
test_id_test_id_000862_29,test_id_000862,14,diverse_fill_1,4,1,test_id_000862_t4_c1,little,little_1,2,1.2,0.93,13,102620.1,125039.34375,141264.5625,146018.578125,157587.1875,LO,146018.578125,0.0,146018.578125
test_id_test_id_000862_30,test_id_000862,14,diverse_fill_1,4,2,test_id_000862_t4_c2,big,big_0,3,2.2,1.15,13,35884.17,60709.109375,74318.171875,78142.90625,87394.859375,LO,78142.90625,0.0,78142.90625
test_id_test_id_000862_31,test_id_000862,14,diverse_fill_1,4,3,test_id_000862_t4_c3,little,little_0,3,1.5,1.0,13,78976.46,105626.375,120748.75,125020.296875,135675.96875,LO,125020.296875,0.0,125020.296875
test_id_test_id_000862_32,test_id_000862,14,diverse_fill_1,4,4,test_id_000862_t4_c4,big,big_1,0,1.0,0.9,13,75911.95,122699.015625,139373.9375,144283.328125,156244.4375,LO,144283.328125,0.0,144283.328125
test_id_test_id_000862_33,test_id_000862,14,diverse_fill_1,4,5,test_id_000862_t4_c5,little,little_0,0,0.6,0.8,13,185903.14,194960.15625,217882.34375,225035.578125,241805.5625,LO,225035.578125,0.0,225035.578125
test_id_test_id_000862_34,test_id_000862,14,diverse_fill_1,4,6,test_id_000862_t4_c6,big,big_1,1,1.4,0.98,13,54977.863,88584.15625,103597.4375,107751.46875,118133.9375,LO,107751.46875,0.0,107751.46875
test_id_test_id_000862_35,test_id_000862,105,diverse_fill_2,5,0,test_id_000862_t5_c0,little,little_0,2,1.2,0.93,104,149902.39,194960.65625,214436.046875,220268.15625,233657.03125,LO,220268.15625,0.0,220268.15625
test_id_test_id_000862_36,test_id_000862,105,diverse_fill_2,5,1,test_id_000862_t5_c1,big,big_0,3,2.2,1.15,104,54080.15,93220.078125,108320.15625,112379.15625,122589.671875,LO,112379.15625,0.0,112379.15625
test_id_test_id_000862_37,test_id_000862,105,diverse_fill_2,5,2,test_id_000862_t5_c2,little,little_1,3,1.5,1.0,104,114547.15,170187.78125,187856.9375,193059.796875,205236.84375,LO,193059.796875,0.0,193059.796875
test_id_test_id_000862_38,test_id_000862,105,diverse_fill_2,5,3,test_id_000862_t5_c3,big,big_1,0,1.0,0.9,104,115916.61,200763.0625,221174.46875,227400.640625,241628.9375,LO,227400.640625,0.0,227400.640625
test_id_test_id_000862_39,test_id_000862,105,diverse_fill_2,5,4,test_id_000862_t5_c4,little,little_0,0,0.6,0.8,104,284895.22,264969.125,289567.8125,296335.84375,312835.5,LO,296335.84375,0.0,296335.84375
test_id_test_id_000862_40,test_id_000862,105,diverse_fill_2,5,5,test_id_000862_t5_c5,big,big_0,1,1.4,0.98,104,81437.4,150678.375,167436.984375,172331.3125,183986.1875,LO,172331.3125,0.0,172331.3125
test_id_test_id_000862_41,test_id_000862,105,diverse_fill_2,5,6,test_id_000862_t5_c6,little,little_1,1,0.9,0.86,104,189544.73,236521.65625,259655.328125,266634.6875,282577.78125,LO,266634.6875,0.0,266634.6875
test_id_test_id_000871_00,test_id_000871,51,source_like,0,0,test_id_000871_t0_c0,big,big_1,1,1.4,0.98,50,50573.105,71056.09375,85705.046875,89813.15625,99819.328125,HI,89813.15625,15665.78125,105478.9375
test_id_test_id_000871_01,test_id_000871,51,source_like,0,1,test_id_000871_t0_c1,little,little_1,1,0.9,0.86,50,98897.586,126945.234375,144648.21875,150013.8125,162958.90625,HI,150013.8125,15665.78125,165679.59375
test_id_test_id_000871_02,test_id_000871,51,source_like,0,2,test_id_000871_t0_c2,big,big_0,2,1.8,1.06,50,39719.785,59791.125,73499.109375,77383.28125,86727.734375,HI,77383.28125,15665.78125,93049.0625
test_id_test_id_000871_03,test_id_000871,51,source_like,0,3,test_id_000871_t0_c3,little,little_1,2,1.2,0.93,50,82598.96,102629.6875,118444.84375,123045.84375,134401.9375,HI,123045.84375,15665.78125,138711.625
test_id_test_id_000871_04,test_id_000871,51,source_like,0,4,test_id_000871_t0_c4,big,big_0,3,2.2,1.15,50,29161.74,49527.796875,62574.40625,66392.78125,75441.25,HI,66392.78125,15665.78125,82058.5625
test_id_test_id_000871_05,test_id_000871,51,source_like,0,5,test_id_000871_t0_c5,little,little_1,3,1.5,1.0,50,60907.83,85651.484375,100675.34375,104893.15625,115379.84375,HI,104893.15625,15665.78125,120558.9375
test_id_test_id_000871_06,test_id_000871,51,source_like,0,6,test_id_000871_t0_c6,big,big_1,0,1.0,0.9,50,63475.0,95069.53125,111126.3125,115758.671875,127180.8125,HI,115758.671875,15665.78125,131424.453125
test_id_test_id_000871_07,test_id_000871,397,sink_like,1,0,test_id_000871_t1_c0,little,little_0,1,0.9,0.86,396,758223.06,1592593.5,1954718.75,2006264.0,2083354.5,HI,2006264.0,15665.78125,2021929.78125
test_id_test_id_000871_08,test_id_000871,397,sink_like,1,1,test_id_000871_t1_c1,big,big_1,2,1.8,1.06,396,422395.8,786689.4375,863728.5625,886894.5625,930149.125,HI,886894.5625,15665.78125,902560.34375
test_id_test_id_000871_09,test_id_000871,397,sink_like,1,2,test_id_000871_t1_c2,little,little_0,2,1.2,0.93,396,623851.44,1284447.0,1448587.75,1486016.5,1605149.25,HI,1486016.5,15665.78125,1501682.28125
test_id_test_id_000871_10,test_id_000871,397,sink_like,1,3,test_id_000871_t1_c3,big,big_0,3,2.2,1.15,396,425491.03,657427.5,718527.0625,737473.625,771236.1875,HI,737473.625,15665.78125,753139.40625
test_id_test_id_000871_11,test_id_000871,397,sink_like,1,4,test_id_000871_t1_c4,little,little_0,3,1.5,1.0,396,583165.9,1049225.625,1167028.5,1196079.5,1283076.25,HI,1196079.5,15665.78125,1211745.28125
test_id_test_id_000871_12,test_id_000871,397,sink_like,1,5,test_id_000871_t1_c5,big,big_1,0,1.0,0.9,396,532460.8,1368068.0,1563602.0,1601535.0,1706655.0,HI,1601535.0,15665.78125,1617200.78125
test_id_test_id_000871_13,test_id_000871,397,sink_like,1,6,test_id_000871_t1_c6,little,little_1,0,0.6,0.8,396,1161736.0,1831191.5,2584607.25,2698399.25,2760914.25,HI,2698399.25,15665.78125,2714065.03125
test_id_test_id_000871_14,test_id_000871,246,middle,2,0,test_id_000871_t2_c0,big,big_1,2,1.8,1.06,245,491238.75,805994.75,885635.6875,909287.4375,954395.8125,HI,909287.4375,15665.78125,924953.21875
test_id_test_id_000871_15,test_id_000871,246,middle,2,1,test_id_000871_t2_c1,little,little_1,2,1.2,0.93,245,652595.2,1282758.75,1446817.25,1484315.75,1603847.75,HI,1484315.75,15665.78125,1499981.53125
test_id_test_id_000871_16,test_id_000871,246,middle,2,2,test_id_000871_t2_c2,big,big_0,3,2.2,1.15,245,411744.66,672690.375,735624.5,755181.8125,789940.625,HI,755181.8125,15665.78125,770847.59375
test_id_test_id_000871_17,test_id_000871,246,middle,2,3,test_id_000871_t2_c3,little,little_1,3,1.5,1.0,245,571839.94,1057601.625,1176543.25,1205963.5,1294952.0,HI,1205963.5,15665.78125,1221629.28125
test_id_test_id_000871_18,test_id_000871,246,middle,2,4,test_id_000871_t2_c4,big,big_1,0,1.0,0.9,245,640299.56,1353965.75,1543672.5,1581469.5,1689161.5,HI,1581469.5,15665.78125,1597135.28125
test_id_test_id_000871_19,test_id_000871,246,middle,2,5,test_id_000871_t2_c5,little,little_1,0,0.6,0.8,245,970633.56,1820496.5,2549093.25,2657750.5,2720698.0,HI,2657750.5,15665.78125,2673416.28125
test_id_test_id_000871_20,test_id_000871,246,middle,2,6,test_id_000871_t2_c6,big,big_1,1,1.4,0.98,245,417406.56,1013797.25,1123950.0,1150781.5,1227192.75,HI,1150781.5,15665.78125,1166447.28125
test_id_test_id_000871_21,test_id_000871,198,communication_heavy,3,0,test_id_000871_t3_c0,little,little_1,2,1.2,0.93,197,791145.4,1474887.75,1733342.5,1775172.25,1867510.75,HI,1775172.25,15665.78125,1790838.03125
test_id_test_id_000871_22,test_id_000871,198,communication_heavy,3,1,test_id_000871_t3_c1,big,big_1,3,2.2,1.15,197,338879.44,782347.25,859963.25,883582.0625,927463.9375,HI,883582.0625,15665.78125,899247.84375
test_id_test_id_000871_23,test_id_000871,198,communication_heavy,3,2,test_id_000871_t3_c2,little,little_1,3,1.5,1.0,197,737484.0,1197070.0,1338306.75,1374928.5,1496907.75,HI,1374928.5,15665.78125,1390594.28125
test_id_test_id_000871_24,test_id_000871,198,communication_heavy,3,3,test_id_000871_t3_c3,big,big_0,0,1.0,0.9,197,680730.75,1569290.25,1903727.0,1952347.0,2030967.5,HI,1952347.0,15665.78125,1968012.78125
test_id_test_id_000871_25,test_id_000871,198,communication_heavy,3,4,test_id_000871_t3_c4,little,little_0,0,0.6,0.8,197,1459919.4,1886360.5,2781295.5,2928450.25,2989557.5,HI,2928450.25,15665.78125,2944116.03125
test_id_test_id_000871_26,test_id_000871,198,communication_heavy,3,5,test_id_000871_t3_c5,big,big_0,1,1.4,0.98,197,543077.6,1173810.875,1309031.5,1344275.75,1460819.75,HI,1344275.75,15665.78125,1359941.53125
test_id_test_id_000871_27,test_id_000871,198,communication_heavy,3,6,test_id_000871_t3_c6,little,little_0,1,0.9,0.86,197,1116090.4,1714458.75,2248031.0,2321885.25,2390454.0,HI,2321885.25,15665.78125,2337551.03125
test_id_test_id_000871_28,test_id_000871,355,random,4,0,test_id_000871_t4_c0,big,big_0,3,2.2,1.15,354,356752.72,629047.625,686464.875,704158.8125,735878.5,HI,704158.8125,15665.78125,719824.59375
test_id_test_id_000871_29,test_id_000871,355,random,4,1,test_id_000871_t4_c1,little,little_0,3,1.5,1.0,354,552902.44,987658.9375,1096431.5,1123369.5,1196577.375,HI,1123369.5,15665.78125,1139035.28125
test_id_test_id_000871_30,test_id_000871,355,random,4,2,test_id_000871_t4_c2,big,big_1,0,1.0,0.9,354,680669.4,1247555.375,1399309.5,1435859.5,1554761.0,HI,1435859.5,15665.78125,1451525.28125
test_id_test_id_000871_31,test_id_000871,355,random,4,3,test_id_000871_t4_c3,little,little_0,0,0.6,0.8,354,1029973.75,1784296.25,2432412.5,2525685.5,2589773.0,HI,2525685.5,15665.78125,2541351.28125
test_id_test_id_000871_32,test_id_000871,355,random,4,4,test_id_000871_t4_c4,big,big_0,1,1.4,0.98,354,441019.03,939909.6875,1037975.125,1063128.25,1124782.75,HI,1063128.25,15665.78125,1078794.03125
test_id_test_id_000871_33,test_id_000871,355,random,4,5,test_id_000871_t4_c5,little,little_1,1,0.9,0.86,354,1078223.0,1511812.25,1796044.75,1839818.0,1926085.0,HI,1839818.0,15665.78125,1855483.78125
test_id_test_id_000871_34,test_id_000871,355,random,4,6,test_id_000871_t4_c6,big,big_0,2,1.8,1.06,354,383299.3,749187.375,820726.125,842604.4375,882115.125,HI,842604.4375,15665.78125,858270.21875
test_id_test_id_000871_35,test_id_000871,203,diverse_fill_1,5,0,test_id_000871_t5_c0,little,little_0,3,1.5,1.0,202,449733.16,1094686.5,1218314.75,1249693.0,1348572.5,HI,1249693.0,15665.78125,1265358.78125
test_id_test_id_000871_36,test_id_000871,203,diverse_fill_1,5,1,test_id_000871_t5_c1,big,big_0,0,1.0,0.9,202,509983.25,1428936.25,1655665.25,1695155.25,1791550.75,HI,1695155.25,15665.78125,1710821.03125
test_id_test_id_000871_37,test_id_000871,203,diverse_fill_1,5,2,test_id_000871_t5_c2,little,little_1,0,0.6,0.8,202,1179597.6,1845122.0,2630971.5,2751833.25,2813931.75,HI,2751833.25,15665.78125,2767499.03125
test_id_test_id_000871_38,test_id_000871,203,diverse_fill_1,5,3,test_id_000871_t5_c3,big,big_1,1,1.4,0.98,202,448802.38,1056958.5,1173557.5,1202141.0,1288814.75,HI,1202141.0,15665.78125,1217806.78125
test_id_test_id_000871_39,test_id_000871,203,diverse_fill_1,5,4,test_id_000871_t5_c4,little,little_1,1,0.9,0.86,202,770740.06,1628920.5,2034523.0,2091087.75,2165147.5,HI,2091087.75,15665.78125,2106753.53125
test_id_test_id_000871_40,test_id_000871,203,diverse_fill_1,5,5,test_id_000871_t5_c5,big,big_1,2,1.8,1.06,202,428697.9,845367.0,930829.3125,955431.875,1005009.1875,HI,955431.875,15665.78125,971097.65625
test_id_test_id_000871_41,test_id_000871,203,diverse_fill_1,5,6,test_id_000871_t5_c6,little,little_1,2,1.2,0.93,202,652293.3,1326625.25,1506782.5,1544686.0,1659505.75,HI,1544686.0,15665.78125,1560351.78125
test_id_test_id_000898_00,test_id_000898,45,source_like,0,0,test_id_000898_t0_c0,big,big_0,3,2.2,1.15,44,59036.05,93507.1875,108483.75,112448.34375,122484.9375,LO,112448.34375,0.0,112448.34375
test_id_test_id_000898_01,test_id_000898,45,source_like,0,1,test_id_000898_t0_c1,little,little_0,3,1.5,1.0,44,143215.7,146001.8125,161983.40625,166531.34375,177537.34375,LO,166531.34375,0.0,166531.34375
test_id_test_id_000898_02,test_id_000898,45,source_like,0,2,test_id_000898_t0_c2,big,big_0,0,1.0,0.9,44,125463.92,165235.0625,182613.6875,187682.734375,199659.09375,LO,187682.734375,0.0,187682.734375
test_id_test_id_000898_03,test_id_000898,45,source_like,0,3,test_id_000898_t0_c3,little,little_1,0,0.6,0.8,44,325082.06,257262.3125,280152.40625,286071.53125,300871.40625,LO,286071.53125,0.0,286071.53125
test_id_test_id_000898_04,test_id_000898,45,source_like,0,4,test_id_000898_t0_c4,big,big_0,1,1.4,0.98,44,92512.336,128095.78125,143421.625,147705.6875,158277.171875,LO,147705.6875,0.0,147705.6875
test_id_test_id_000898_05,test_id_000898,45,source_like,0,5,test_id_000898_t0_c5,little,little_0,1,0.9,0.86,44,218383.23,211236.0,232134.15625,238309.828125,252599.3125,LO,238309.828125,0.0,238309.828125
test_id_test_id_000898_06,test_id_000898,45,source_like,0,6,test_id_000898_t0_c6,big,big_1,2,1.8,1.06,44,72625.11,110472.140625,125523.9375,129594.4375,139861.640625,LO,129594.4375,0.0,129594.4375
test_id_test_id_000898_07,test_id_000898,322,sink_like,1,0,test_id_000898_t1_c0,little,little_1,3,1.5,1.0,321,537213.9,1193528.375,1334248.5,1370763.5,1492220.0,LO,1370763.5,0.0,1370763.5
test_id_test_id_000898_08,test_id_000898,322,sink_like,1,1,test_id_000898_t1_c1,big,big_0,0,1.0,0.9,321,804966.7,1567886.5,1900963.25,1949493.25,2028664.25,LO,1949493.25,0.0,1949493.25
test_id_test_id_000898_09,test_id_000898,322,sink_like,1,2,test_id_000898_t1_c2,little,little_0,0,0.6,0.8,321,1503117.9,1895172.75,2809885.0,2962608.5,3023220.25,LO,2962608.5,0.0,2962608.5
test_id_test_id_000898_10,test_id_000898,322,sink_like,1,3,test_id_000898_t1_c3,big,big_0,1,1.4,0.98,321,623870.7,1160043.375,1292545.25,1327063.75,1441213.0,LO,1327063.75,0.0,1327063.75
test_id_test_id_000898_11,test_id_000898,322,sink_like,1,4,test_id_000898_t1_c4,little,little_1,1,0.9,0.86,321,971310.06,1715937.75,2249784.75,2323754.25,2392191.25,LO,2323754.25,0.0,2323754.25
test_id_test_id_000898_12,test_id_000898,322,sink_like,1,5,test_id_000898_t1_c5,big,big_0,2,1.8,1.06,321,438613.47,921482.5625,1018563.375,1044180.6875,1104396.5,LO,1044180.6875,0.0,1044180.6875
test_id_test_id_000898_13,test_id_000898,322,sink_like,1,6,test_id_000898_t1_c6,little,little_0,2,1.2,0.93,321,588921.75,1471678.5,1727294.0,1768886.25,1861359.25,LO,1768886.25,0.0,1768886.25
test_id_test_id_000898_14,test_id_000898,216,middle,2,0,test_id_000898_t2_c0,big,big_1,0,1.0,0.9,215,355050.4,716748.75,781340.8125,801041.5,835703.4375,LO,801041.5,0.0,801041.5
test_id_test_id_000898_15,test_id_000898,216,middle,2,1,test_id_000898_t2_c1,little,little_0,0,0.6,0.8,215,716890.0,1260094.5,1416068.75,1452427.0,1568951.75,LO,1452427.0,0.0,1452427.0
test_id_test_id_000898_16,test_id_000898,216,middle,2,2,test_id_000898_t2_c2,big,big_1,1,1.4,0.98,215,214806.78,562036.8125,610812.75,625327.0,652344.9375,LO,625327.0,0.0,625327.0
test_id_test_id_000898_17,test_id_000898,216,middle,2,3,test_id_000898_t2_c3,little,little_1,1,0.9,0.86,215,459037.94,931437.8125,1025486.875,1049924.25,1108243.5,LO,1049924.25,0.0,1049924.25
test_id_test_id_000898_18,test_id_000898,216,middle,2,4,test_id_000898_t2_c4,big,big_1,2,1.8,1.06,215,219510.11,465532.75,505917.0,517601.125,541249.875,LO,517601.125,0.0,517601.125
test_id_test_id_000898_19,test_id_000898,216,middle,2,5,test_id_000898_t2_c5,little,little_1,2,1.2,0.93,215,423700.44,691569.1875,754781.5,774082.3125,808348.4375,LO,774082.3125,0.0,774082.3125
test_id_test_id_000898_20,test_id_000898,216,middle,2,6,test_id_000898_t2_c6,big,big_0,3,2.2,1.15,215,179276.97,381867.46875,414792.5,424148.875,444304.5,LO,424148.875,0.0,424148.875
test_id_test_id_000898_21,test_id_000898,55,high_degree,3,0,test_id_000898_t3_c0,little,little_1,0,0.6,0.8,54,845965.9,1800657.75,2483595.75,2583328.75,2646801.25,LO,2583328.75,0.0,2583328.75
test_id_test_id_000898_22,test_id_000898,55,high_degree,3,1,test_id_000898_t3_c1,big,big_0,1,1.4,0.98,54,529124.5,961089.125,1062788.0,1088288.0,1153916.25,LO,1088288.0,0.0,1088288.0
test_id_test_id_000898_23,test_id_000898,55,high_degree,3,2,test_id_000898_t3_c2,little,little_0,1,0.9,0.86,54,860609.4,1545528.0,1859065.25,1905553.5,1987675.0,LO,1905553.5,0.0,1905553.5
test_id_test_id_000898_24,test_id_000898,55,high_degree,3,3,test_id_000898_t3_c3,big,big_1,2,1.8,1.06,54,406561.16,767547.75,841567.5,864036.5625,905176.5625,LO,864036.5625,0.0,864036.5625
test_id_test_id_000898_25,test_id_000898,55,high_degree,3,4,test_id_000898_t3_c4,little,little_1,2,1.2,0.93,54,815730.0,1217277.0,1362352.5,1399047.0,1521601.5,LO,1399047.0,0.0,1399047.0
test_id_test_id_000898_26,test_id_000898,55,high_degree,3,5,test_id_000898_t3_c5,big,big_1,3,2.2,1.15,54,309711.47,644692.625,703964.5,722302.9375,754979.625,LO,722302.9375,0.0,722302.9375
test_id_test_id_000898_27,test_id_000898,55,high_degree,3,6,test_id_000898_t3_c6,little,little_1,3,1.5,1.0,54,490061.88,1006639.375,1118042.875,1145407.375,1222290.75,LO,1145407.375,0.0,1145407.375
test_id_test_id_000898_28,test_id_000898,327,communication_heavy,4,0,test_id_000898_t4_c0,big,big_0,1,1.4,0.98,326,646902.56,1206902.5,1349720.0,1386085.0,1506001.0,LO,1386085.0,0.0,1386085.0
test_id_test_id_000898_29,test_id_000898,327,communication_heavy,4,1,test_id_000898_t4_c1,little,little_0,1,0.9,0.86,326,1271604.9,1745168.25,2330927.75,2413004.25,2480034.0,LO,2413004.25,0.0,2413004.25
test_id_test_id_000898_30,test_id_000898,327,communication_heavy,4,2,test_id_000898_t4_c2,big,big_1,2,1.8,1.06,326,463082.25,958342.5,1061506.75,1087707.875,1154514.5,LO,1087707.875,0.0,1087707.875
test_id_test_id_000898_31,test_id_000898,327,communication_heavy,4,3,test_id_000898_t4_c3,little,little_1,2,1.2,0.93,326,930056.7,1511031.75,1796852.0,1840916.5,1928460.75,LO,1840916.5,0.0,1840916.5
test_id_test_id_000898_32,test_id_000898,327,communication_heavy,4,4,test_id_000898_t4_c4,big,big_0,3,2.2,1.15,326,381004.38,790045.875,868514.5,892264.75,936677.75,LO,892264.75,0.0,892264.75
test_id_test_id_000898_33,test_id_000898,327,communication_heavy,4,5,test_id_000898_t4_c5,little,little_1,3,1.5,1.0,326,770936.25,1237502.75,1389243.25,1426697.75,1549860.25,LO,1426697.75,0.0,1426697.75
test_id_test_id_000898_34,test_id_000898,327,communication_heavy,4,6,test_id_000898_t4_c6,big,big_0,0,1.0,0.9,326,900792.5,1614242.25,1997425.0,2051446.75,2126096.75,LO,2051446.75,0.0,2051446.75
test_id_test_id_000898_35,test_id_000898,300,random,5,0,test_id_000898_t5_c0,little,little_1,1,0.9,0.86,299,108984.85,167479.203125,187575.625,193925.6875,208723.015625,LO,193925.6875,0.0,193925.6875
test_id_test_id_000898_36,test_id_000898,300,random,5,1,test_id_000898_t5_c1,big,big_1,2,1.8,1.06,299,37680.04,68130.5,82308.015625,86336.015625,96144.875,LO,86336.015625,0.0,86336.015625
test_id_test_id_000898_37,test_id_000898,300,random,5,2,test_id_000898_t5_c2,little,little_1,2,1.2,0.93,299,74077.52,137572.078125,154704.859375,159866.53125,172191.875,LO,159866.53125,0.0,159866.53125
test_id_test_id_000898_38,test_id_000898,300,random,5,3,test_id_000898_t5_c3,big,big_0,3,2.2,1.15,299,29961.582,56097.015625,69626.28125,73579.96875,83029.515625,LO,73579.96875,0.0,73579.96875
test_id_test_id_000898_39,test_id_000898,300,random,5,4,test_id_000898_t5_c4,little,little_1,3,1.5,1.0,299,65456.715,106143.46875,121398.96875,125748.125,136542.71875,LO,125748.125,0.0,125748.125
test_id_test_id_000898_40,test_id_000898,300,random,5,5,test_id_000898_t5_c5,big,big_1,0,1.0,0.9,299,64233.746,131768.625,149356.0,154716.625,167583.5,LO,154716.625,0.0,154716.625
test_id_test_id_000898_41,test_id_000898,300,random,5,6,test_id_000898_t5_c6,little,little_1,0,0.6,0.8,299,145766.48,202172.703125,226607.296875,234506.34375,252948.125,LO,234506.34375,0.0,234506.34375
test_id_test_id_000908_00,test_id_000908,2,source_like,0,0,test_id_000908_t0_c0,big,big_1,3,2.2,1.15,1,45953.56,63500.28125,77238.984375,81061.234375,90358.46875,HI,81061.234375,15665.78125,96727.015625
test_id_test_id_000908_01,test_id_000908,2,source_like,0,1,test_id_000908_t0_c1,little,little_0,3,1.5,1.0,1,91312.78,109793.90625,124951.375,129235.46875,139901.171875,HI,129235.46875,15665.78125,144901.25
test_id_test_id_000908_02,test_id_000908,2,source_like,0,2,test_id_000908_t0_c2,big,big_1,0,1.0,0.9,1,82253.516,132639.453125,149664.46875,154711.65625,166895.578125,HI,154711.65625,15665.78125,170377.4375
test_id_test_id_000908_03,test_id_000908,2,source_like,0,3,test_id_000908_t0_c3,little,little_0,0,0.6,0.8,1,208381.75,199267.0,222455.703125,229626.609375,246465.53125,HI,229626.609375,15665.78125,245292.390625
test_id_test_id_000908_04,test_id_000908,2,source_like,0,4,test_id_000908_t0_c4,big,big_1,1,1.4,0.98,1,60495.406,91687.609375,106698.359375,110848.140625,121247.84375,HI,110848.140625,15665.78125,126513.921875
test_id_test_id_000908_05,test_id_000908,2,source_like,0,5,test_id_000908_t0_c5,little,little_1,1,0.9,0.86,1,144467.95,166944.390625,186393.203125,192349.625,206319.828125,HI,192349.625,15665.78125,208015.40625
test_id_test_id_000908_06,test_id_000908,2,source_like,0,6,test_id_000908_t0_c6,big,big_1,2,1.8,1.06,1,54222.52,74688.125,89074.546875,92996.703125,102694.703125,HI,92996.703125,15665.78125,108662.484375
test_id_test_id_000908_07,test_id_000908,293,sink_like,1,0,test_id_000908_t1_c0,little,little_0,3,1.5,1.0,292,372643.62,694692.0625,759227.0,779072.5625,814373.8125,HI,779072.5625,15665.78125,794738.34375
test_id_test_id_000908_08,test_id_000908,293,sink_like,1,1,test_id_000908_t1_c1,big,big_1,0,1.0,0.9,292,377173.66,860266.75,943112.375,966326.625,1014085.0625,HI,966326.625,15665.78125,981992.40625
test_id_test_id_000908_09,test_id_000908,293,sink_like,1,2,test_id_000908_t1_c2,little,little_1,0,0.6,0.8,292,669864.4,1480452.25,1739864.75,1781697.25,1871168.25,HI,1781697.25,15665.78125,1797363.03125
test_id_test_id_000908_10,test_id_000908,293,sink_like,1,3,test_id_000908_t1_c3,big,big_0,1,1.4,0.98,292,343682.22,661479.5625,720604.625,738695.625,770593.25,HI,738695.625,15665.78125,754361.40625
test_id_test_id_000908_11,test_id_000908,293,sink_like,1,4,test_id_000908_t1_c4,little,little_1,1,0.9,0.86,292,623441.56,1100555.0,1221441.625,1251425.875,1349130.0,HI,1251425.875,15665.78125,1267091.65625
test_id_test_id_000908_12,test_id_000908,293,sink_like,1,5,test_id_000908_t1_c5,big,big_0,2,1.8,1.06,292,200019.08,554191.875,602659.875,617111.375,644187.4375,HI,617111.375,15665.78125,632777.15625
test_id_test_id_000908_13,test_id_000908,293,sink_like,1,6,test_id_000908_t1_c6,little,little_0,2,1.2,0.93,292,449747.2,841736.0,924828.125,948501.0625,996195.3125,HI,948501.0625,15665.78125,964166.84375
test_id_test_id_000908_14,test_id_000908,168,middle,2,0,test_id_000908_t2_c0,big,big_0,0,1.0,0.9,167,268972.1,588858.4375,640297.8125,655753.3125,683915.0,HI,655753.3125,15665.78125,671419.09375
test_id_test_id_000908_15,test_id_000908,168,middle,2,1,test_id_000908_t2_c1,little,little_0,0,0.6,0.8,167,526544.0,986664.0,1089993.25,1112594.25,1180650.0,HI,1112594.25,15665.78125,1128260.03125
test_id_test_id_000908_16,test_id_000908,168,middle,2,2,test_id_000908_t2_c2,big,big_1,1,1.4,0.98,167,170707.34,448796.28125,487640.375,498826.625,521762.3125,HI,498826.625,15665.78125,514492.40625
test_id_test_id_000908_17,test_id_000908,168,middle,2,3,test_id_000908_t2_c3,little,little_0,1,0.9,0.86,167,397860.44,768868.6875,841163.0,862975.1875,902577.1875,HI,862975.1875,15665.78125,878640.96875
test_id_test_id_000908_18,test_id_000908,168,middle,2,4,test_id_000908_t2_c4,big,big_0,2,1.8,1.06,167,170727.11,354229.8125,384759.1875,393426.875,412357.03125,HI,393426.875,15665.78125,409092.65625
test_id_test_id_000908_19,test_id_000908,168,middle,2,5,test_id_000908_t2_c5,little,little_1,2,1.2,0.93,167,269710.38,554573.5625,603234.5625,617734.4375,644913.5,HI,617734.4375,15665.78125,633400.21875
test_id_test_id_000908_20,test_id_000908,168,middle,2,6,test_id_000908_t2_c6,big,big_0,3,2.2,1.15,167,121168.65,284961.21875,309933.09375,317121.5,333217.4375,HI,317121.5,15665.78125,332787.28125
test_id_test_id_000908_21,test_id_000908,218,high_degree,3,0,test_id_000908_t3_c0,little,little_1,0,0.6,0.8,217,550983.8,1172406.375,1306116.5,1339676.25,1452319.25,HI,1339676.25,15665.78125,1355342.03125
test_id_test_id_000908_22,test_id_000908,218,high_degree,3,1,test_id_000908_t3_c1,big,big_0,1,1.4,0.98,217,321227.4,535271.0,581807.875,595554.875,621742.875,HI,595554.875,15665.78125,611220.65625
test_id_test_id_000908_23,test_id_000908,218,high_degree,3,2,test_id_000908_t3_c2,little,little_0,1,0.9,0.86,217,385664.5,883027.5625,969692.6875,993563.5625,1044537.4375,HI,993563.5625,15665.78125,1009229.34375
test_id_test_id_000908_24,test_id_000908,218,high_degree,3,3,test_id_000908_t3_c3,big,big_0,2,1.8,1.06,217,230986.14,437854.8125,475752.0,486635.65625,509156.25,HI,486635.65625,15665.78125,502301.4375
test_id_test_id_000908_25,test_id_000908,218,high_degree,3,4,test_id_000908_t3_c4,little,little_0,2,1.2,0.93,217,328725.03,660550.6875,719998.0,738128.875,770295.1875,HI,738128.875,15665.78125,753794.65625
test_id_test_id_000908_26,test_id_000908,218,high_degree,3,5,test_id_000908_t3_c5,big,big_1,3,2.2,1.15,217,151825.73,354733.78125,385292.1875,393964.875,412922.25,HI,393964.875,15665.78125,409630.65625
test_id_test_id_000908_27,test_id_000908,218,high_degree,3,6,test_id_000908_t3_c6,little,little_1,3,1.5,1.0,217,232741.92,555257.625,604070.75,618637.375,645965.25,HI,618637.375,15665.78125,634303.15625
test_id_test_id_000908_28,test_id_000908,254,communication_heavy,4,0,test_id_000908_t4_c0,big,big_0,1,1.4,0.98,253,325922.9,678731.75,739643.125,758312.5,791080.75,HI,758312.5,15665.78125,773978.28125
test_id_test_id_000908_29,test_id_000908,254,communication_heavy,4,1,test_id_000908_t4_c1,little,little_1,1,0.9,0.86,253,554754.5,1127602.75,1252444.25,1284153.5,1389796.75,HI,1284153.5,15665.78125,1299819.28125
test_id_test_id_000908_30,test_id_000908,254,communication_heavy,4,2,test_id_000908_t4_c2,big,big_0,2,1.8,1.06,253,345699.78,573826.1875,624227.625,639360.5,667296.875,HI,639360.5,15665.78125,655026.28125
test_id_test_id_000908_31,test_id_000908,254,communication_heavy,4,3,test_id_000908_t4_c3,little,little_0,2,1.2,0.93,253,436676.94,859728.625,945236.5625,969189.625,1018867.625,HI,969189.625,15665.78125,984855.40625
test_id_test_id_000908_32,test_id_000908,254,communication_heavy,4,4,test_id_000908_t4_c4,big,big_0,3,2.2,1.15,253,243849.4,481390.21875,523347.03125,535568.375,559960.375,HI,535568.375,15665.78125,551234.15625
test_id_test_id_000908_33,test_id_000908,254,communication_heavy,4,5,test_id_000908_t4_c5,little,little_1,3,1.5,1.0,253,397103.6,707019.125,772910.375,793129.9375,829158.1875,HI,793129.9375,15665.78125,808795.71875
test_id_test_id_000908_34,test_id_000908,254,communication_heavy,4,6,test_id_000908_t4_c6,big,big_1,0,1.0,0.9,253,351091.62,892192.5625,979723.6875,1003394.625,1055335.5,HI,1003394.625,15665.78125,1019060.40625
test_id_test_id_000908_35,test_id_000908,180,random,5,0,test_id_000908_t5_c0,little,little_1,1,0.9,0.86,179,383750.88,772311.5625,843980.5,865551.625,904670.375,HI,865551.625,15665.78125,881217.40625
test_id_test_id_000908_36,test_id_000908,180,random,5,1,test_id_000908_t5_c1,big,big_0,2,1.8,1.06,179,181795.53,384537.5,417628.09375,427028.6875,447237.125,HI,427028.6875,15665.78125,442694.46875
test_id_test_id_000908_37,test_id_000908,180,random,5,2,test_id_000908_t5_c2,little,little_0,2,1.2,0.93,179,303356.66,592632.6875,644654.25,660295.875,688826.875,HI,660295.875,15665.78125,675961.65625
test_id_test_id_000908_38,test_id_000908,180,random,5,3,test_id_000908_t5_c3,big,big_0,3,2.2,1.15,179,129609.32,313432.125,340565.5,348304.625,365505.625,HI,348304.625,15665.78125,363970.40625
test_id_test_id_000908_39,test_id_000908,180,random,5,4,test_id_000908_t5_c4,little,little_1,3,1.5,1.0,179,247470.56,500587.78125,544151.5,556904.25,581928.875,HI,556904.25,15665.78125,572570.03125
test_id_test_id_000908_40,test_id_000908,180,random,5,5,test_id_000908_t5_c5,big,big_0,0,1.0,0.9,179,273739.56,613730.4375,667130.25,683282.75,712147.25,HI,683282.75,15665.78125,698948.53125
test_id_test_id_000908_41,test_id_000908,180,random,5,6,test_id_000908_t5_c6,little,little_0,0,0.6,0.8,179,597329.75,991818.6875,1094727.5,1118011.25,1186066.25,HI,1118011.25,15665.78125,1133677.03125
test_id_test_id_000957_00,test_id_000957,6,source_like,0,0,test_id_000957_t0_c0,little,little_0,3,1.5,1.0,5,83990.91,105867.734375,120945.1875,125195.828125,135807.859375,LO,125195.828125,0.0,125195.828125
test_id_test_id_000957_01,test_id_000957,6,source_like,0,1,test_id_000957_t0_c1,big,big_0,0,1.0,0.9,5,79367.55,125718.1875,142407.96875,147317.46875,159251.40625,LO,147317.46875,0.0,147317.46875
test_id_test_id_000957_02,test_id_000957,6,source_like,0,2,test_id_000957_t0_c2,little,little_1,0,0.6,0.8,5,203319.23,201835.796875,225130.65625,232367.21875,249328.828125,LO,232367.21875,0.0,232367.21875
test_id_test_id_000957_03,test_id_000957,6,source_like,0,3,test_id_000957_t0_c3,big,big_0,1,1.4,0.98,5,57711.336,89948.765625,104963.34375,109107.21875,119482.265625,LO,109107.21875,0.0,109107.21875
test_id_test_id_000957_04,test_id_000957,6,source_like,0,4,test_id_000957_t0_c4,little,little_0,1,0.9,0.86,5,134472.92,161526.34375,180654.3125,186504.8125,200271.78125,LO,186504.8125,0.0,186504.8125
test_id_test_id_000957_05,test_id_000957,6,source_like,0,5,test_id_000957_t0_c5,big,big_1,2,1.8,1.06,5,44175.207,73344.203125,87689.296875,91606.984375,101271.0625,LO,91606.984375,0.0,91606.984375
test_id_test_id_000957_06,test_id_000957,6,source_like,0,6,test_id_000957_t0_c6,little,little_0,2,1.2,0.93,5,107984.43,129005.109375,145367.59375,150170.359375,161817.65625,LO,150170.359375,0.0,150170.359375
test_id_test_id_000957_07,test_id_000957,205,sink_like,1,0,test_id_000957_t1_c0,big,big_1,0,1.0,0.9,204,406244.78,766084.375,836701.75,857920.0625,896417.25,LO,857920.0625,0.0,857920.0625
test_id_test_id_000957_08,test_id_000957,205,sink_like,1,1,test_id_000957_t1_c1,little,little_0,0,0.6,0.8,204,705355.1,1373171.0,1571568.25,1609570.75,1713068.0,LO,1609570.75,0.0,1609570.75
test_id_test_id_000957_09,test_id_000957,205,sink_like,1,2,test_id_000957_t1_c2,big,big_0,1,1.4,0.98,204,252975.53,600854.5,653450.625,669313.0,698015.0625,LO,669313.0,0.0,669313.0
test_id_test_id_000957_10,test_id_000957,205,sink_like,1,3,test_id_000957_t1_c3,little,little_1,1,0.9,0.86,204,464006.97,1008078.125,1114953.75,1140767.375,1214343.25,LO,1140767.375,0.0,1140767.375
test_id_test_id_000957_11,test_id_000957,205,sink_like,1,4,test_id_000957_t1_c4,big,big_1,2,1.8,1.06,204,174378.9,496608.78125,539798.25,552416.375,577282.8125,LO,552416.375,0.0,552416.375
test_id_test_id_000957_12,test_id_000957,205,sink_like,1,5,test_id_000957_t1_c5,little,little_1,2,1.2,0.93,204,391057.62,760046.6875,832072.6875,853758.1875,893416.3125,LO,853758.1875,0.0,853758.1875
test_id_test_id_000957_13,test_id_000957,205,sink_like,1,6,test_id_000957_t1_c6,big,big_1,3,2.2,1.15,204,209322.86,408278.09375,443659.40625,453767.0,475155.3125,LO,453767.0,0.0,453767.0
test_id_test_id_000957_14,test_id_000957,128,middle,2,0,test_id_000957_t2_c0,little,little_0,0,0.6,0.8,127,508565.84,874330.125,957369.5625,976377.875,1023906.8125,LO,976377.875,0.0,976377.875
test_id_test_id_000957_15,test_id_000957,128,middle,2,1,test_id_000957_t2_c1,big,big_0,1,1.4,0.98,127,182871.58,422562.3125,459098.6875,469560.78125,491444.46875,LO,469560.78125,0.0,469560.78125
test_id_test_id_000957_16,test_id_000957,128,middle,2,2,test_id_000957_t2_c2,little,little_1,1,0.9,0.86,127,367239.66,695714.125,759261.625,778716.5,813037.6875,LO,778716.5,0.0,778716.5
test_id_test_id_000957_17,test_id_000957,128,middle,2,3,test_id_000957_t2_c3,big,big_1,2,1.8,1.06,127,171102.67,331080.03125,359667.875,367796.53125,385731.875,LO,367796.53125,0.0,367796.53125
test_id_test_id_000957_18,test_id_000957,128,middle,2,4,test_id_000957_t2_c4,little,little_1,2,1.2,0.93,127,266385.5,513271.125,558070.25,571251.375,596794.8125,LO,571251.375,0.0,571251.375
test_id_test_id_000957_19,test_id_000957,128,middle,2,5,test_id_000957_t2_c5,big,big_0,3,2.2,1.15,127,158285.3,263771.34375,287219.15625,294033.21875,309357.875,LO,294033.21875,0.0,294033.21875
test_id_test_id_000957_20,test_id_000957,128,middle,2,6,test_id_000957_t2_c6,little,little_1,3,1.5,1.0,127,206818.81,442544.0625,480915.5,491964.375,514720.5625,LO,491964.375,0.0,491964.375
test_id_test_id_000957_21,test_id_000957,188,communication_heavy,3,0,test_id_000957_t3_c0,big,big_0,1,1.4,0.98,187,374902.75,692402.25,755345.75,774637.375,808648.625,LO,774637.375,0.0,774637.375
test_id_test_id_000957_22,test_id_000957,188,communication_heavy,3,1,test_id_000957_t3_c1,little,little_1,1,0.9,0.86,187,690404.75,1167345.5,1299403.0,1333581.5,1449773.25,LO,1333581.5,0.0,1333581.5
test_id_test_id_000957_23,test_id_000957,188,communication_heavy,3,2,test_id_000957_t3_c2,big,big_1,2,1.8,1.06,187,277166.9,576565.0,627469.5,642788.8125,671049.75,LO,642788.8125,0.0,642788.8125
test_id_test_id_000957_24,test_id_000957,188,communication_heavy,3,3,test_id_000957_t3_c3,little,little_0,2,1.2,0.93,187,428679.0,894377.6875,985798.8125,1010424.625,1065282.75,LO,1010424.625,0.0,1010424.625
test_id_test_id_000957_25,test_id_000957,188,communication_heavy,3,4,test_id_000957_t3_c4,big,big_0,3,2.2,1.15,187,226547.64,483667.6875,525992.125,538352.125,562973.9375,LO,538352.125,0.0,538352.125
test_id_test_id_000957_26,test_id_000957,188,communication_heavy,3,5,test_id_000957_t3_c5,little,little_0,3,1.5,1.0,187,306667.78,726463.0,795303.5,816398.25,854274.3125,LO,816398.25,0.0,816398.25
test_id_test_id_000957_27,test_id_000957,188,communication_heavy,3,6,test_id_000957_t3_c6,big,big_0,0,1.0,0.9,187,522122.16,914093.4375,1005720.5,1029787.375,1085445.75,LO,1029787.375,0.0,1029787.375
test_id_test_id_000957_28,test_id_000957,32,random,4,0,test_id_000957_t4_c0,little,little_1,1,0.9,0.86,31,76654.35,109500.859375,127205.8125,132591.515625,145629.90625,LO,132591.515625,0.0,132591.515625
test_id_test_id_000957_29,test_id_000957,32,random,4,1,test_id_000957_t4_c1,big,big_1,2,1.8,1.06,31,29062.027,50555.90625,63870.875,67799.65625,77068.921875,LO,67799.65625,0.0,67799.65625
test_id_test_id_000957_30,test_id_000957,32,random,4,2,test_id_000957_t4_c2,little,little_0,2,1.2,0.93,31,58605.76,89796.75,105820.96875,110509.5,121990.09375,LO,110509.5,0.0,110509.5
test_id_test_id_000957_31,test_id_000957,32,random,4,3,test_id_000957_t4_c3,big,big_0,3,2.2,1.15,31,21810.127,42565.5625,55423.734375,59324.484375,68422.171875,LO,59324.484375,0.0,59324.484375
test_id_test_id_000957_32,test_id_000957,32,random,4,4,test_id_000957_t4_c4,little,little_1,3,1.5,1.0,31,52075.62,73934.78125,88918.359375,93192.5,103592.375,LO,93192.5,0.0,93192.5
test_id_test_id_000957_33,test_id_000957,32,random,4,5,test_id_000957_t4_c5,big,big_0,0,1.0,0.9,31,44443.297,80683.03125,96931.53125,101648.875,113037.875,LO,101648.875,0.0,101648.875
test_id_test_id_000957_34,test_id_000957,32,random,4,6,test_id_000957_t4_c6,little,little_0,0,0.6,0.8,31,115959.12,133745.046875,154730.890625,161361.625,177177.5625,LO,161361.625,0.0,161361.625
test_id_test_id_000957_35,test_id_000957,241,diverse_fill_1,5,0,test_id_000957_t5_c0,big,big_0,2,1.8,1.06,240,56154.133,110837.890625,126224.125,130451.515625,141030.859375,LO,130451.515625,0.0,130451.515625
test_id_test_id_000957_36,test_id_000957,241,diverse_fill_1,5,1,test_id_000957_t5_c1,little,little_0,2,1.2,0.93,240,127889.445,188259.171875,207740.203125,213665.15625,227264.0,LO,213665.15625,0.0,213665.15625
test_id_test_id_000957_37,test_id_000957,241,diverse_fill_1,5,2,test_id_000957_t5_c2,big,big_0,3,2.2,1.15,240,50869.01,88944.828125,103981.390625,108055.109375,118253.921875,LO,108055.109375,0.0,108055.109375
test_id_test_id_000957_38,test_id_000957,241,diverse_fill_1,5,3,test_id_000957_t5_c3,little,little_0,3,1.5,1.0,240,101327.82,167097.46875,184800.34375,190054.75,202342.046875,LO,190054.75,0.0,190054.75
test_id_test_id_000957_39,test_id_000957,241,diverse_fill_1,5,4,test_id_000957_t5_c4,big,big_1,0,1.0,0.9,240,98503.27,199053.375,219905.109375,226379.46875,241170.609375,LO,226379.46875,0.0,226379.46875
test_id_test_id_000957_40,test_id_000957,241,diverse_fill_1,5,5,test_id_000957_t5_c5,little,little_1,0,0.6,0.8,240,245642.52,253825.515625,279497.71875,287018.15625,305050.875,LO,287018.15625,0.0,287018.15625
test_id_test_id_000957_41,test_id_000957,241,diverse_fill_1,5,6,test_id_000957_t5_c6,big,big_0,1,1.4,0.98,240,80697.48,142813.765625,159377.4375,164219.6875,175821.21875,LO,164219.6875,0.0,164219.6875
test_id_test_id_000974_00,test_id_000974,3,source_like,0,0,test_id_000974_t0_c0,little,little_1,2,1.2,0.93,2,121510.81,146984.8125,163809.59375,168748.9375,180546.40625,HI,168748.9375,15665.78125,184414.71875
test_id_test_id_000974_01,test_id_000974,3,source_like,0,1,test_id_000974_t0_c1,big,big_1,3,2.2,1.15,2,46211.473,72678.390625,86888.828125,90740.84375,100258.203125,HI,90740.84375,15665.78125,106406.625
test_id_test_id_000974_02,test_id_000974,3,source_like,0,2,test_id_000974_t0_c2,little,little_1,3,1.5,1.0,2,104558.78,125907.75,141359.90625,145753.03125,156544.46875,HI,145753.03125,15665.78125,161418.8125
test_id_test_id_000974_03,test_id_000974,3,source_like,0,3,test_id_000974_t0_c3,big,big_0,0,1.0,0.9,2,103285.35,149755.9375,167235.578125,172435.90625,184795.90625,HI,172435.90625,15665.78125,188101.6875
test_id_test_id_000974_04,test_id_000974,3,source_like,0,4,test_id_000974_t0_c4,little,little_0,0,0.6,0.8,2,239328.22,236727.09375,261235.859375,268490.375,285678.8125,HI,268490.375,15665.78125,284156.15625
test_id_test_id_000974_05,test_id_000974,3,source_like,0,5,test_id_000974_t0_c5,big,big_0,1,1.4,0.98,2,68705.7,106910.3125,121977.171875,126149.828125,136612.96875,HI,126149.828125,15665.78125,141815.609375
test_id_test_id_000974_06,test_id_000974,3,source_like,0,6,test_id_000974_t0_c6,little,little_1,1,0.9,0.86,2,192158.84,183492.171875,203650.703125,209783.25,224066.046875,HI,209783.25,15665.78125,225449.03125
test_id_test_id_000974_07,test_id_000974,5,sink_like,1,0,test_id_000974_t1_c0,big,big_0,3,2.2,1.15,4,90015.945,200834.75,220239.265625,226001.296875,239205.984375,HI,226001.296875,15665.78125,241667.078125
test_id_test_id_000974_08,test_id_000974,5,sink_like,1,1,test_id_000974_t1_c1,little,little_1,3,1.5,1.0,4,235333.7,324936.71875,352935.375,360900.78125,378530.46875,HI,360900.78125,15665.78125,376566.5625
test_id_test_id_000974_09,test_id_000974,5,sink_like,1,2,test_id_000974_t1_c2,big,big_0,0,1.0,0.9,4,212005.94,393121.34375,427112.375,436810.0,457482.5,HI,436810.0,15665.78125,452475.78125
test_id_test_id_000974_10,test_id_000974,5,sink_like,1,3,test_id_000974_t1_c3,little,little_0,0,0.6,0.8,4,472752.25,449473.125,480750.1875,488159.875,504072.46875,HI,488159.875,15665.78125,503825.65625
test_id_test_id_000974_11,test_id_000974,5,sink_like,1,4,test_id_000974_t1_c4,big,big_0,1,1.4,0.98,4,168154.02,307791.5,334443.90625,342043.4375,358966.8125,HI,342043.4375,15665.78125,357709.21875
test_id_test_id_000974_12,test_id_000974,5,sink_like,1,5,test_id_000974_t1_c5,little,little_0,1,0.9,0.86,4,305933.12,444194.75,483213.25,494566.9375,517700.5625,HI,494566.9375,15665.78125,510232.71875
test_id_test_id_000974_13,test_id_000974,5,sink_like,1,6,test_id_000974_t1_c6,big,big_1,2,1.8,1.06,4,103282.195,247822.15625,270113.40625,276619.75,291309.84375,HI,276619.75,15665.78125,292285.53125
test_id_test_id_000974_14,test_id_000974,26,middle,2,0,test_id_000974_t2_c0,little,little_0,3,1.5,1.0,25,317467.28,617911.0,674531.9375,691845.9375,723294.4375,HI,691845.9375,15665.78125,707511.71875
test_id_test_id_000974_15,test_id_000974,26,middle,2,1,test_id_000974_t2_c1,big,big_1,0,1.0,0.9,25,372673.5,775491.375,848469.25,870275.9375,910441.75,HI,870275.9375,15665.78125,885941.71875
test_id_test_id_000974_16,test_id_000974,26,middle,2,2,test_id_000974_t2_c2,little,little_0,0,0.6,0.8,25,783472.3,1532079.5,1834254.0,1880119.5,1964671.75,HI,1880119.5,15665.78125,1895785.28125
test_id_test_id_000974_17,test_id_000974,26,middle,2,3,test_id_000974_t2_c3,big,big_1,1,1.4,0.98,25,284768.9,590451.375,642882.0,658697.3125,687680.375,HI,658697.3125,15665.78125,674363.09375
test_id_test_id_000974_18,test_id_000974,26,middle,2,4,test_id_000974_t2_c4,little,little_1,1,0.9,0.86,25,598269.2,1077389.0,1196180.25,1224959.5,1317589.0,HI,1224959.5,15665.78125,1240625.28125
test_id_test_id_000974_19,test_id_000974,26,middle,2,5,test_id_000974_t2_c5,big,big_0,2,1.8,1.06,25,200549.39,475340.40625,517059.875,529226.375,553630.25,HI,529226.375,15665.78125,544892.15625
test_id_test_id_000974_20,test_id_000974,26,middle,2,6,test_id_000974_t2_c6,little,little_1,2,1.2,0.93,25,391421.8,764194.625,838014.125,860229.1875,901135.875,HI,860229.1875,15665.78125,875894.96875
test_id_test_id_000974_21,test_id_000974,16,high_degree,3,0,test_id_000974_t3_c0,big,big_1,0,1.0,0.9,15,276171.94,582159.25,633265.0,648597.375,676713.625,HI,648597.375,15665.78125,664263.15625
test_id_test_id_000974_22,test_id_000974,16,high_degree,3,1,test_id_000974_t3_c1,little,little_1,0,0.6,0.8,15,544301.56,1276944.25,1457928.75,1493962.75,1582428.5,HI,1493962.75,15665.78125,1509628.53125
test_id_test_id_000974_23,test_id_000974,16,high_degree,3,2,test_id_000974_t3_c2,big,big_0,1,1.4,0.98,15,225894.75,422250.6875,459071.9375,469663.78125,491740.03125,HI,469663.78125,15665.78125,485329.5625
test_id_test_id_000974_24,test_id_000974,16,high_degree,3,3,test_id_000974_t3_c3,little,little_1,1,0.9,0.86,15,344220.84,806839.125,885017.0,908237.1875,952100.9375,HI,908237.1875,15665.78125,923902.96875
test_id_test_id_000974_25,test_id_000974,16,high_degree,3,4,test_id_000974_t3_c4,big,big_0,2,1.8,1.06,15,149338.2,328805.3125,357266.375,365365.75,383246.03125,HI,365365.75,15665.78125,381031.53125
test_id_test_id_000974_26,test_id_000974,16,high_degree,3,5,test_id_000974_t3_c5,little,little_1,2,1.2,0.93,15,345705.56,544477.8125,592947.625,607448.4375,634798.5,HI,607448.4375,15665.78125,623114.21875
test_id_test_id_000974_27,test_id_000974,16,high_degree,3,6,test_id_000974_t3_c6,big,big_0,3,2.2,1.15,15,139553.48,264035.9375,287512.0,294334.90625,309683.5625,HI,294334.90625,15665.78125,310000.6875
test_id_test_id_000974_28,test_id_000974,40,communication_heavy,4,0,test_id_000974_t4_c0,little,little_0,0,0.6,0.8,39,503578.47,1318864.875,1497148.25,1534689.75,1645331.5,HI,1534689.75,15665.78125,1550355.53125
test_id_test_id_000974_29,test_id_000974,40,communication_heavy,4,1,test_id_000974_t4_c1,big,big_1,1,1.4,0.98,39,244150.17,571657.75,621610.0,636540.0,664165.8125,HI,636540.0,15665.78125,652205.78125
test_id_test_id_000974_30,test_id_000974,40,communication_heavy,4,2,test_id_000974_t4_c2,little,little_0,1,0.9,0.86,39,570069.25,964952.0,1065515.0,1090546.25,1155662.25,HI,1090546.25,15665.78125,1106212.03125
test_id_test_id_000974_31,test_id_000974,40,communication_heavy,4,3,test_id_000974_t4_c3,big,big_1,2,1.8,1.06,39,215406.19,459490.0,499433.5,510986.59375,534464.125,HI,510986.59375,15665.78125,526652.375
test_id_test_id_000974_32,test_id_000974,40,communication_heavy,4,4,test_id_000974_t4_c4,little,little_0,2,1.2,0.93,39,363746.3,707404.75,772614.125,792507.25,827862.3125,HI,792507.25,15665.78125,808173.03125
test_id_test_id_000974_33,test_id_000974,40,communication_heavy,4,5,test_id_000974_t4_c5,big,big_0,3,2.2,1.15,39,156378.42,374956.0625,407295.90625,416486.5625,436353.34375,HI,416486.5625,15665.78125,432152.34375
test_id_test_id_000974_34,test_id_000974,40,communication_heavy,4,6,test_id_000974_t4_c6,little,little_0,3,1.5,1.0,39,282591.88,588524.375,640982.0625,656825.25,685917.375,HI,656825.25,15665.78125,672491.03125
test_id_test_id_000974_35,test_id_000974,46,random,5,0,test_id_000974_t5_c0,big,big_0,1,1.4,0.98,45,200572.94,398488.8125,432879.875,442680.9375,463537.125,HI,442680.9375,15665.78125,458346.71875
test_id_test_id_000974_36,test_id_000974,46,random,5,1,test_id_000974_t5_c1,little,little_1,1,0.9,0.86,45,324684.4,649638.5,708014.5,725894.625,757510.0,HI,725894.625,15665.78125,741560.40625
test_id_test_id_000974_37,test_id_000974,46,random,5,2,test_id_000974_t5_c2,big,big_1,2,1.8,1.06,45,123406.016,319419.40625,347001.75,354854.03125,372270.875,HI,354854.03125,15665.78125,370519.8125
test_id_test_id_000974_38,test_id_000974,46,random,5,3,test_id_000974_t5_c3,little,little_0,2,1.2,0.93,45,286108.62,490816.71875,533719.1875,546281.875,571067.125,HI,546281.875,15665.78125,561947.65625
test_id_test_id_000974_39,test_id_000974,46,random,5,4,test_id_000974_t5_c4,big,big_0,3,2.2,1.15,45,119218.13,258206.0,281236.1875,287939.125,303035.5,HI,287939.125,15665.78125,303604.90625
test_id_test_id_000974_40,test_id_000974,46,random,5,5,test_id_000974_t5_c5,little,little_1,3,1.5,1.0,45,184558.83,425161.1875,461966.4375,472517.90625,494540.15625,HI,472517.90625,15665.78125,488183.6875
test_id_test_id_000974_41,test_id_000974,46,random,5,6,test_id_000974_t5_c6,big,big_0,0,1.0,0.9,45,293731.97,519618.21875,564977.0,578370.625,604127.625,HI,578370.625,15665.78125,594036.40625
test_id_test_id_000979_00,test_id_000979,5,source_like,0,0,test_id_000979_t0_c0,big,big_0,3,2.2,1.15,4,27482.838,51606.671875,64773.515625,68603.5,77709.953125,LO,68603.5,0.0,68603.5
test_id_test_id_000979_01,test_id_000979,5,source_like,0,1,test_id_000979_t0_c1,little,little_0,3,1.5,1.0,4,62039.996,90156.53125,105197.890625,109433.6875,119995.703125,LO,109433.6875,0.0,109433.6875
test_id_test_id_000979_02,test_id_000979,5,source_like,0,2,test_id_000979_t0_c2,big,big_1,0,1.0,0.9,4,66492.55,99765.75,116005.796875,120737.390625,132385.078125,LO,120737.390625,0.0,120737.390625
test_id_test_id_000979_03,test_id_000979,5,source_like,0,3,test_id_000979_t0_c3,little,little_0,0,0.6,0.8,4,153277.17,163845.03125,185428.53125,192218.109375,208287.265625,LO,192218.109375,0.0,192218.109375
test_id_test_id_000979_04,test_id_000979,5,source_like,0,4,test_id_000979_t0_c4,big,big_0,1,1.4,0.98,4,44069.332,75542.703125,90355.109375,94492.625,104648.625,LO,94492.625,0.0,94492.625
test_id_test_id_000979_05,test_id_000979,5,source_like,0,5,test_id_000979_t0_c5,little,little_0,1,0.9,0.86,4,103571.47,137870.65625,156052.1875,161602.046875,174880.65625,LO,161602.046875,0.0,161602.046875
test_id_test_id_000979_06,test_id_000979,5,source_like,0,6,test_id_000979_t0_c6,big,big_0,2,1.8,1.06,4,37745.066,61970.921875,75806.125,79713.546875,89147.5,LO,79713.546875,0.0,79713.546875
test_id_test_id_000979_07,test_id_000979,57,sink_like,1,0,test_id_000979_t1_c0,little,little_0,3,1.5,1.0,56,307456.03,575103.625,625579.0,640716.3125,668670.25,LO,640716.3125,0.0,640716.3125
test_id_test_id_000979_08,test_id_000979,57,sink_like,1,1,test_id_000979_t1_c1,big,big_1,0,1.0,0.9,56,313516.44,701005.0,763417.25,782519.4375,815870.375,LO,782519.4375,0.0,782519.4375
test_id_test_id_000979_09,test_id_000979,57,sink_like,1,2,test_id_000979_t1_c2,little,little_1,0,0.6,0.8,56,469595.66,1144499.25,1271646.75,1303398.0,1410054.25,LO,1303398.0,0.0,1303398.0
test_id_test_id_000979_10,test_id_000979,57,sink_like,1,3,test_id_000979_t1_c3,big,big_1,1,1.4,0.98,56,236080.03,550548.25,598099.4375,612186.5625,638628.0625,LO,612186.5625,0.0,612186.5625
test_id_test_id_000979_11,test_id_000979,57,sink_like,1,4,test_id_000979_t1_c4,little,little_1,1,0.9,0.86,56,421395.25,875145.1875,960010.9375,983549.875,1033008.9375,LO,983549.875,0.0,983549.875
test_id_test_id_000979_12,test_id_000979,57,sink_like,1,5,test_id_000979_t1_c5,big,big_0,2,1.8,1.06,56,234076.58,451839.53125,490895.625,502138.1875,525156.0625,LO,502138.1875,0.0,502138.1875
test_id_test_id_000979_13,test_id_000979,57,sink_like,1,6,test_id_000979_t1_c6,little,little_0,2,1.2,0.93,56,407924.38,673238.75,733686.0,752133.625,784713.125,LO,752133.625,0.0,752133.625
test_id_test_id_000979_14,test_id_000979,83,middle,2,0,test_id_000979_t2_c0,big,big_1,0,1.0,0.9,82,197027.72,494875.1875,537925.0,550528.75,575298.125,LO,550528.75,0.0,550528.75
test_id_test_id_000979_15,test_id_000979,83,middle,2,1,test_id_000979_t2_c1,little,little_0,0,0.6,0.8,82,348439.97,663411.3125,717698.75,732241.6875,759987.875,LO,732241.6875,0.0,732241.6875
test_id_test_id_000979_16,test_id_000979,83,middle,2,2,test_id_000979_t2_c2,big,big_0,1,1.4,0.98,82,196953.3,390679.1875,424328.3125,433893.125,454376.8125,LO,433893.125,0.0,433893.125
test_id_test_id_000979_17,test_id_000979,83,middle,2,3,test_id_000979_t2_c3,little,little_0,1,0.9,0.86,82,278584.44,613348.4375,668338.8125,685127.125,715301.375,LO,685127.125,0.0,685127.125
test_id_test_id_000979_18,test_id_000979,83,middle,2,4,test_id_000979_t2_c4,big,big_1,2,1.8,1.06,82,156746.1,320402.9375,348062.5625,355935.0,373388.6875,LO,355935.0,0.0,355935.0
test_id_test_id_000979_19,test_id_000979,83,middle,2,5,test_id_000979_t2_c5,little,little_0,2,1.2,0.93,82,276830.97,474120.21875,515560.3125,527639.0625,551805.6875,LO,527639.0625,0.0,527639.0625
test_id_test_id_000979_20,test_id_000979,83,middle,2,6,test_id_000979_t2_c6,big,big_0,3,2.2,1.15,82,124604.58,260336.484375,283497.25,290224.34375,305372.9375,LO,290224.34375,0.0,290224.34375
test_id_test_id_000979_21,test_id_000979,23,high_degree,3,0,test_id_000979_t3_c0,little,little_1,0,0.6,0.8,22,397037.94,323906.40625,346982.65625,352247.75,365290.15625,LO,352247.75,0.0,352247.75
test_id_test_id_000979_22,test_id_000979,23,high_degree,3,1,test_id_000979_t3_c1,big,big_0,1,1.4,0.98,22,135818.0,229608.8125,250599.3125,256738.9375,270691.5625,LO,256738.9375,0.0,256738.9375
test_id_test_id_000979_23,test_id_000979,23,high_degree,3,2,test_id_000979_t3_c2,little,little_0,1,0.9,0.86,22,262702.7,325565.96875,353450.125,361325.21875,378868.4375,LO,361325.21875,0.0,361325.21875
test_id_test_id_000979_24,test_id_000979,23,high_degree,3,3,test_id_000979_t3_c3,big,big_1,2,1.8,1.06,22,113041.33,189578.03125,208226.578125,213736.5,226455.6875,LO,213736.5,0.0,213736.5
test_id_test_id_000979_25,test_id_000979,23,high_degree,3,4,test_id_000979_t3_c4,little,little_0,2,1.2,0.93,22,190933.56,287043.5,311948.125,319054.21875,335033.65625,LO,319054.21875,0.0,319054.21875
test_id_test_id_000979_26,test_id_000979,23,high_degree,3,5,test_id_000979_t3_c5,big,big_1,3,2.2,1.15,22,78162.016,155065.0,171986.953125,176841.125,188415.96875,LO,176841.125,0.0,176841.125
test_id_test_id_000979_27,test_id_000979,23,high_degree,3,6,test_id_000979_t3_c6,little,little_1,3,1.5,1.0,22,168711.31,255187.71875,277884.28125,284460.875,299309.59375,LO,284460.875,0.0,284460.875
test_id_test_id_000979_28,test_id_000979,160,communication_heavy,4,0,test_id_000979_t4_c0,big,big_0,1,1.4,0.98,159,401730.28,819481.5625,898947.6875,922155.5625,966971.8125,LO,922155.5625,0.0,922155.5625
test_id_test_id_000979_29,test_id_000979,160,communication_heavy,4,1,test_id_000979_t4_c1,little,little_0,1,0.9,0.86,159,587207.94,1379948.25,1581010.5,1619179.0,1724287.25,LO,1619179.0,0.0,1619179.0
test_id_test_id_000979_30,test_id_000979,160,communication_heavy,4,2,test_id_000979_t4_c2,big,big_1,2,1.8,1.06,159,343511.1,662722.0,723226.5,741858.875,774874.5,LO,741858.875,0.0,741858.875
test_id_test_id_000979_31,test_id_000979,160,communication_heavy,4,3,test_id_000979_t4_c3,little,little_1,2,1.2,0.93,159,659641.6,1069732.625,1188873.375,1217977.5,1308590.75,LO,1217977.5,0.0,1217977.5
test_id_test_id_000979_32,test_id_000979,160,communication_heavy,4,4,test_id_000979_t4_c4,big,big_0,3,2.2,1.15,159,286482.5,563381.875,613564.1875,628683.125,656861.0,LO,628683.125,0.0,628683.125
test_id_test_id_000979_33,test_id_000979,160,communication_heavy,4,5,test_id_000979_t4_c5,little,little_0,3,1.5,1.0,159,421915.22,865573.9375,954573.75,979518.9375,1031961.5,LO,979518.9375,0.0,979518.9375
test_id_test_id_000979_34,test_id_000979,160,communication_heavy,4,6,test_id_000979_t4_c6,big,big_1,0,1.0,0.9,159,615496.4,1106061.0,1227975.375,1258389.25,1357300.0,LO,1258389.25,0.0,1258389.25
test_id_test_id_000979_35,test_id_000979,173,random,5,0,test_id_000979_t5_c0,little,little_1,1,0.9,0.86,172,563953.6,868630.5,953253.375,976888.9375,1026037.75,LO,976888.9375,0.0,976888.9375
test_id_test_id_000979_36,test_id_000979,173,random,5,1,test_id_000979_t5_c1,big,big_1,2,1.8,1.06,172,199613.89,427343.25,464250.4375,474813.625,496862.125,LO,474813.625,0.0,474813.625
test_id_test_id_000979_37,test_id_000979,173,random,5,2,test_id_000979_t5_c2,little,little_0,2,1.2,0.93,172,379321.9,654263.75,712818.375,730656.625,762316.75,LO,730656.625,0.0,730656.625
test_id_test_id_000979_38,test_id_000979,173,random,5,3,test_id_000979_t5_c3,big,big_1,3,2.2,1.15,172,159371.73,352291.09375,382619.8125,391226.25,410066.5625,LO,391226.25,0.0,391226.25
test_id_test_id_000979_39,test_id_000979,173,random,5,4,test_id_000979_t5_c4,little,little_0,3,1.5,1.0,172,295765.4,549943.1875,598225.125,612607.1875,639704.75,LO,612607.1875,0.0,612607.1875
test_id_test_id_000979_40,test_id_000979,173,random,5,5,test_id_000979_t5_c5,big,big_1,0,1.0,0.9,172,280764.75,671338.875,730512.375,748607.375,780197.875,LO,748607.375,0.0,748607.375
test_id_test_id_000979_41,test_id_000979,173,random,5,6,test_id_000979_t5_c6,little,little_0,0,0.6,0.8,172,584114.6,1142128.375,1269254.0,1300935.75,1407293.75,LO,1300935.75,0.0,1300935.75
test_id_test_id_000986_00,test_id_000986,1,source_like,0,0,test_id_000986_t0_c0,little,little_0,0,0.6,0.8,0,253582.86,238722.5625,263204.9375,270361.875,287414.0,HI,270361.875,15665.78125,286027.65625
test_id_test_id_000986_01,test_id_000986,1,source_like,0,1,test_id_000986_t0_c1,big,big_0,1,1.4,0.98,0,67607.81,111753.1875,126884.015625,131086.578125,141591.15625,HI,131086.578125,15665.78125,146752.359375
test_id_test_id_000986_02,test_id_000986,1,source_like,0,2,test_id_000986_t0_c2,little,little_1,1,0.9,0.86,0,157242.66,196678.0,217479.140625,223804.640625,238432.5625,HI,223804.640625,15665.78125,239470.421875
test_id_test_id_000986_03,test_id_000986,1,source_like,0,3,test_id_000986_t0_c3,big,big_0,2,1.8,1.06,0,55482.723,89734.3125,104548.671875,108512.3125,118513.03125,HI,108512.3125,15665.78125,124178.09375
test_id_test_id_000986_04,test_id_000986,1,source_like,0,4,test_id_000986_t0_c4,little,little_1,2,1.2,0.93,0,131290.8,149615.828125,166485.84375,171431.53125,183226.4375,HI,171431.53125,15665.78125,187097.3125
test_id_test_id_000986_05,test_id_000986,1,source_like,0,5,test_id_000986_t0_c5,big,big_0,3,2.2,1.15,0,48008.29,75840.765625,90209.421875,94076.0,103677.09375,HI,94076.0,15665.78125,109741.78125
test_id_test_id_000986_06,test_id_000986,1,source_like,0,6,test_id_000986_t0_c6,little,little_0,3,1.5,1.0,0,102207.84,131445.421875,147081.53125,151543.21875,162439.25,HI,151543.21875,15665.78125,167209.0
test_id_test_id_000986_07,test_id_000986,5,sink_like,1,0,test_id_000986_t1_c0,big,big_1,1,1.4,0.98,4,81471.07,155393.546875,172638.234375,177758.375,189839.0,HI,177758.375,15665.78125,193424.15625
test_id_test_id_000986_08,test_id_000986,5,sink_like,1,1,test_id_000986_t1_c1,little,little_1,1,0.9,0.86,4,153674.61,232063.625,255331.078125,262495.78125,278832.4375,HI,262495.78125,15665.78125,278161.5625
test_id_test_id_000986_09,test_id_000986,5,sink_like,1,2,test_id_000986_t1_c2,big,big_0,2,1.8,1.06,4,60036.56,123211.171875,138918.828125,143318.71875,154177.28125,HI,143318.71875,15665.78125,158984.5
test_id_test_id_000986_10,test_id_000986,5,sink_like,1,3,test_id_000986_t1_c3,little,little_1,2,1.2,0.93,4,130783.5,198066.78125,218118.96875,224221.8125,238156.0,HI,224221.8125,15665.78125,239887.59375
test_id_test_id_000986_11,test_id_000986,5,sink_like,1,4,test_id_000986_t1_c4,big,big_1,3,2.2,1.15,4,43832.582,97701.453125,113000.203125,117150.59375,127570.984375,HI,117150.59375,15665.78125,132816.375
test_id_test_id_000986_12,test_id_000986,5,sink_like,1,5,test_id_000986_t1_c5,little,little_1,3,1.5,1.0,4,101522.78,176475.53125,194742.234375,200194.6875,212841.15625,HI,200194.6875,15665.78125,215860.46875
test_id_test_id_000986_13,test_id_000986,5,sink_like,1,6,test_id_000986_t1_c6,big,big_0,0,1.0,0.9,4,102281.27,206881.15625,228154.296875,234753.53125,249770.859375,HI,234753.53125,15665.78125,250419.3125
test_id_test_id_000986_14,test_id_000986,189,middle,2,0,test_id_000986_t2_c0,little,little_1,1,0.9,0.86,188,288441.56,400175.3125,435943.28125,446381.1875,468078.15625,HI,446381.1875,15665.78125,462046.96875
test_id_test_id_000986_15,test_id_000986,189,middle,2,1,test_id_000986_t2_c1,big,big_0,2,1.8,1.06,188,109079.84,238180.25,259781.5,266098.28125,280412.0625,HI,266098.28125,15665.78125,281764.0625
test_id_test_id_000986_16,test_id_000986,189,middle,2,2,test_id_000986_t2_c2,little,little_0,2,1.2,0.93,188,236768.23,336745.09375,365849.5625,374123.3125,392320.53125,HI,374123.3125,15665.78125,389789.09375
test_id_test_id_000986_17,test_id_000986,189,middle,2,3,test_id_000986_t2_c3,big,big_0,3,2.2,1.15,188,105008.23,190966.015625,209745.65625,215299.59375,228116.3125,HI,215299.59375,15665.78125,230965.375
test_id_test_id_000986_18,test_id_000986,189,middle,2,4,test_id_000986_t2_c4,little,little_1,3,1.5,1.0,188,174334.08,306676.90625,333232.09375,340810.84375,357689.3125,HI,340810.84375,15665.78125,356476.625
test_id_test_id_000986_19,test_id_000986,189,middle,2,5,test_id_000986_t2_c5,big,big_0,0,1.0,0.9,188,179006.23,376205.46875,408826.25,418125.4375,438128.3125,HI,418125.4375,15665.78125,433791.21875
test_id_test_id_000986_20,test_id_000986,189,middle,2,6,test_id_000986_t2_c6,little,little_0,0,0.6,0.8,188,396781.75,369414.375,391740.75,395824.03125,406861.28125,HI,395824.03125,15665.78125,411489.8125
test_id_test_id_000986_21,test_id_000986,15,high_degree,3,0,test_id_000986_t3_c0,big,big_0,2,1.8,1.06,14,109686.67,217954.5625,238298.96875,244305.265625,257977.6875,HI,244305.265625,15665.78125,259971.046875
test_id_test_id_000986_22,test_id_000986,15,high_degree,3,1,test_id_000986_t3_c1,little,little_0,2,1.2,0.93,14,212682.94,338437.6875,367546.625,375804.65625,393997.5625,HI,375804.65625,15665.78125,391470.4375
test_id_test_id_000986_23,test_id_000986,15,high_degree,3,2,test_id_000986_t3_c2,big,big_1,3,2.2,1.15,14,110522.8,180048.40625,198287.59375,203668.765625,216167.53125,HI,203668.765625,15665.78125,219334.546875
test_id_test_id_000986_24,test_id_000986,15,high_degree,3,3,test_id_000986_t3_c3,little,little_1,3,1.5,1.0,14,182985.0,286901.78125,311895.9375,319064.25,335120.34375,HI,319064.25,15665.78125,334730.03125
test_id_test_id_000986_25,test_id_000986,15,high_degree,3,4,test_id_000986_t3_c4,big,big_0,0,1.0,0.9,14,185054.61,351607.4375,381993.125,390629.5625,409485.625,HI,390629.5625,15665.78125,406295.34375
test_id_test_id_000986_26,test_id_000986,15,high_degree,3,5,test_id_000986_t3_c5,little,little_1,0,0.6,0.8,14,368625.38,362556.4375,386303.6875,391316.5,403669.0625,HI,391316.5,15665.78125,406982.28125
test_id_test_id_000986_27,test_id_000986,15,high_degree,3,6,test_id_000986_t3_c6,big,big_1,1,1.4,0.98,14,139701.48,273236.46875,297241.21875,304147.375,319680.25,HI,304147.375,15665.78125,319813.15625
test_id_test_id_000986_28,test_id_000986,370,communication_heavy,4,0,test_id_000986_t4_c0,little,little_1,2,1.2,0.93,369,400393.12,870165.25,959203.5,983863.6875,1036328.125,HI,983863.6875,15665.78125,999529.46875
test_id_test_id_000986_29,test_id_000986,370,communication_heavy,4,1,test_id_000986_t4_c1,big,big_1,3,2.2,1.15,369,185591.34,436899.3125,475085.25,486100.4375,508890.3125,HI,486100.4375,15665.78125,501766.21875
test_id_test_id_000986_30,test_id_000986,370,communication_heavy,4,2,test_id_000986_t4_c2,little,little_0,3,1.5,1.0,369,357399.44,694007.6875,759772.0,780005.8125,816315.0625,HI,780005.8125,15665.78125,795671.59375
test_id_test_id_000986_31,test_id_000986,370,communication_heavy,4,3,test_id_000986_t4_c3,big,big_1,0,1.0,0.9,369,306188.66,874120.0,960118.875,983852.6875,1034174.5,HI,983852.6875,15665.78125,999518.46875
test_id_test_id_000986_32,test_id_000986,370,communication_heavy,4,4,test_id_000986_t4_c4,little,little_0,0,0.6,0.8,369,680894.8,1580589.75,1926673.5,1976810.0,2055768.5,HI,1976810.0,15665.78125,1992475.78125
test_id_test_id_000986_33,test_id_000986,370,communication_heavy,4,5,test_id_000986_t4_c5,big,big_1,1,1.4,0.98,369,294999.34,657106.5625,716533.75,734717.0625,766998.8125,HI,734717.0625,15665.78125,750382.84375
test_id_test_id_000986_34,test_id_000986,370,communication_heavy,4,6,test_id_000986_t4_c6,little,little_1,1,0.9,0.86,369,547587.8,1150748.375,1280441.875,1313824.625,1427851.5,HI,1313824.625,15665.78125,1329490.40625
test_id_test_id_000986_35,test_id_000986,256,random,5,0,test_id_000986_t5_c0,big,big_0,3,2.2,1.15,255,55388.88,101673.328125,117097.21875,121275.515625,131772.40625,HI,121275.515625,15665.78125,136941.296875
test_id_test_id_000986_36,test_id_000986,256,random,5,1,test_id_000986_t5_c1,little,little_0,3,1.5,1.0,255,120515.375,184096.15625,202768.859375,208345.9375,221219.921875,HI,208345.9375,15665.78125,224011.71875
test_id_test_id_000986_37,test_id_000986,256,random,5,2,test_id_000986_t5_c2,big,big_0,0,1.0,0.9,255,116359.07,211673.84375,233150.03125,239795.296875,254892.140625,HI,239795.296875,15665.78125,255461.078125
test_id_test_id_000986_38,test_id_000986,256,random,5,3,test_id_000986_t5_c3,little,little_1,0,0.6,0.8,255,204351.6,258818.015625,284202.46875,291599.34375,309242.5,HI,291599.34375,15665.78125,307265.125
test_id_test_id_000986_39,test_id_000986,256,random,5,4,test_id_000986_t5_c4,big,big_1,1,1.4,0.98,255,100178.94,164769.9375,182490.734375,187782.171875,200167.71875,HI,187782.171875,15665.78125,203447.953125
test_id_test_id_000986_40,test_id_000986,256,random,5,5,test_id_000986_t5_c5,little,little_1,1,0.9,0.86,255,168457.31,232615.984375,255784.546875,262902.59375,279116.9375,HI,262902.59375,15665.78125,278568.375
test_id_test_id_000986_41,test_id_000986,256,random,5,6,test_id_000986_t5_c6,big,big_1,2,1.8,1.06,255,56626.78,129244.640625,145173.3125,149666.625,160681.0,HI,149666.625,15665.78125,165332.40625
test_id_test_id_000988_00,test_id_000988,2,source_like,0,0,test_id_000988_t0_c0,little,little_1,0,0.6,0.8,1,179172.38,181669.890625,203946.65625,210922.28125,227319.296875,LO,210922.28125,0.0,210922.28125
test_id_test_id_000988_01,test_id_000988,2,source_like,0,1,test_id_000988_t0_c1,big,big_1,1,1.4,0.98,1,53035.87,82459.5,97392.78125,101531.703125,111808.828125,LO,101531.703125,0.0,101531.703125
test_id_test_id_000988_02,test_id_000988,2,source_like,0,2,test_id_000988_t0_c2,little,little_0,1,0.9,0.86,1,119385.02,146487.96875,164945.9375,170572.625,183956.984375,LO,170572.625,0.0,170572.625
test_id_test_id_000988_03,test_id_000988,2,source_like,0,3,test_id_000988_t0_c3,big,big_0,2,1.8,1.06,1,35768.28,67707.703125,81802.53125,85707.9375,95243.9375,LO,85707.9375,0.0,85707.9375
test_id_test_id_000988_04,test_id_000988,2,source_like,0,4,test_id_000988_t0_c4,little,little_0,2,1.2,0.93,1,89835.91,119962.328125,136093.0,140816.453125,152357.6875,LO,140816.453125,0.0,140816.453125
test_id_test_id_000988_05,test_id_000988,2,source_like,0,5,test_id_000988_t0_c5,big,big_1,3,2.2,1.15,1,37358.812,57646.453125,71096.859375,74918.484375,84111.921875,LO,74918.484375,0.0,74918.484375
test_id_test_id_000988_06,test_id_000988,2,source_like,0,6,test_id_000988_t0_c6,little,little_0,3,1.5,1.0,1,76206.95,97367.890625,112391.421875,116618.140625,127192.203125,LO,116618.140625,0.0,116618.140625
test_id_test_id_000988_07,test_id_000988,33,sink_like,1,0,test_id_000988_t1_c0,big,big_1,1,1.4,0.98,32,218693.55,435501.0,473147.15625,483951.8125,506341.1875,LO,483951.8125,0.0,483951.8125
test_id_test_id_000988_08,test_id_000988,33,sink_like,1,1,test_id_000988_t1_c1,little,little_1,1,0.9,0.86,32,365266.72,696270.875,759383.125,778691.0625,812681.8125,LO,778691.0625,0.0,778691.0625
test_id_test_id_000988_09,test_id_000988,33,sink_like,1,2,test_id_000988_t1_c2,big,big_1,2,1.8,1.06,32,203069.7,346707.1875,376586.28125,385070.625,403667.0,LO,385070.625,0.0,385070.625
test_id_test_id_000988_10,test_id_000988,33,sink_like,1,3,test_id_000988_t1_c3,little,little_1,2,1.2,0.93,32,275206.22,525547.6875,571301.5,584792.8125,610682.3125,LO,584792.8125,0.0,584792.8125
test_id_test_id_000988_11,test_id_000988,33,sink_like,1,4,test_id_000988_t1_c4,big,big_1,3,2.2,1.15,32,114781.79,280789.4375,305457.90625,312571.15625,328514.90625,LO,312571.15625,0.0,312571.15625
test_id_test_id_000988_12,test_id_000988,33,sink_like,1,5,test_id_000988_t1_c5,little,little_1,3,1.5,1.0,32,230716.3,452718.9375,491969.90625,503297.25,526442.25,LO,503297.25,0.0,503297.25
test_id_test_id_000988_13,test_id_000988,33,sink_like,1,6,test_id_000988_t1_c6,big,big_1,0,1.0,0.9,32,268198.38,561081.4375,609730.875,624211.375,651140.0625,LO,624211.375,0.0,624211.375
test_id_test_id_000988_14,test_id_000988,14,middle,2,0,test_id_000988_t2_c0,little,little_0,1,0.9,0.86,13,208054.56,286111.96875,311221.15625,318417.21875,334663.71875,LO,318417.21875,0.0,318417.21875
test_id_test_id_000988_15,test_id_000988,14,middle,2,1,test_id_000988_t2_c1,big,big_0,2,1.8,1.06,13,91975.62,168520.59375,186025.21875,191142.15625,203157.578125,LO,191142.15625,0.0,191142.15625
test_id_test_id_000988_16,test_id_000988,14,middle,2,2,test_id_000988_t2_c2,little,little_1,2,1.2,0.93,13,168463.12,247177.859375,269359.6875,275796.9375,290376.625,LO,275796.9375,0.0,275796.9375
test_id_test_id_000988_17,test_id_000988,14,middle,2,3,test_id_000988_t2_c3,big,big_0,3,2.2,1.15,13,60015.9,134259.703125,150359.0625,154826.515625,165777.96875,LO,154826.515625,0.0,154826.515625
test_id_test_id_000988_18,test_id_000988,14,middle,2,4,test_id_000988_t2_c4,little,little_0,3,1.5,1.0,13,132903.95,228599.46875,249615.375,255774.765625,269766.5625,LO,255774.765625,0.0,255774.765625
test_id_test_id_000988_19,test_id_000988,14,middle,2,5,test_id_000988_t2_c5,big,big_0,0,1.0,0.9,13,145716.53,247434.515625,269739.28125,276236.25,290935.59375,LO,276236.25,0.0,276236.25
test_id_test_id_000988_20,test_id_000988,14,middle,2,6,test_id_000988_t2_c6,little,little_0,0,0.6,0.8,13,302642.97,293750.75,316729.75,322349.3125,336397.1875,LO,322349.3125,0.0,322349.3125
test_id_test_id_000988_21,test_id_000988,45,communication_heavy,3,0,test_id_000988_t3_c0,big,big_0,2,1.8,1.06,44,335132.88,611704.75,666226.875,682816.375,712736.125,LO,682816.375,0.0,682816.375
test_id_test_id_000988_22,test_id_000988,45,communication_heavy,3,1,test_id_000988_t3_c1,little,little_0,2,1.2,0.93,44,562962.3,966894.875,1070371.75,1096023.5,1163359.5,LO,1096023.5,0.0,1096023.5
test_id_test_id_000988_23,test_id_000988,45,communication_heavy,3,2,test_id_000988_t3_c2,big,big_1,3,2.2,1.15,44,288357.4,517169.8125,562606.625,576032.8125,602007.5,LO,576032.8125,0.0,576032.8125
test_id_test_id_000988_24,test_id_000988,45,communication_heavy,3,3,test_id_000988_t3_c3,little,little_0,3,1.5,1.0,44,355140.22,784786.6875,861472.125,884425.4375,927353.5,LO,884425.4375,0.0,884425.4375
test_id_test_id_000988_25,test_id_000988,45,communication_heavy,3,4,test_id_000988_t3_c4,big,big_1,0,1.0,0.9,44,467242.44,993426.6875,1097981.75,1123313.125,1193483.5,LO,1123313.125,0.0,1123313.125
test_id_test_id_000988_26,test_id_000988,45,communication_heavy,3,5,test_id_000988_t3_c5,little,little_1,0,0.6,0.8,44,794863.2,1636441.25,2044613.0,2101770.0,2174938.5,LO,2101770.0,0.0,2101770.0
test_id_test_id_000988_27,test_id_000988,45,communication_heavy,3,6,test_id_000988_t3_c6,big,big_1,1,1.4,0.98,44,408998.84,742407.0,811631.125,832685.375,870437.875,LO,832685.375,0.0,832685.375
test_id_test_id_000988_28,test_id_000988,38,random,4,0,test_id_000988_t4_c0,little,little_0,2,1.2,0.93,37,219685.2,363259.0625,394498.78125,403368.3125,422666.8125,LO,403368.3125,0.0,403368.3125
test_id_test_id_000988_29,test_id_000988,38,random,4,1,test_id_000988_t4_c1,big,big_1,3,2.2,1.15,37,126064.27,192493.0625,211398.671875,217002.125,229908.796875,LO,217002.125,0.0,217002.125
test_id_test_id_000988_30,test_id_000988,38,random,4,2,test_id_000988_t4_c2,little,little_1,3,1.5,1.0,37,192413.64,311943.90625,338864.28125,346535.3125,363604.25,LO,346535.3125,0.0,346535.3125
test_id_test_id_000988_31,test_id_000988,38,random,4,3,test_id_000988_t4_c3,big,big_1,0,1.0,0.9,37,211249.6,366513.0,398076.875,407038.5625,426490.5625,LO,407038.5625,0.0,407038.5625
test_id_test_id_000988_32,test_id_000988,38,random,4,4,test_id_000988_t4_c4,little,little_1,0,0.6,0.8,37,385975.12,406096.71875,434527.28125,441146.25,456089.75,LO,441146.25,0.0,441146.25
test_id_test_id_000988_33,test_id_000988,38,random,4,5,test_id_000988_t4_c5,big,big_0,1,1.4,0.98,37,149110.52,296932.75,322722.9375,330092.4375,346566.125,LO,330092.4375,0.0,330092.4375
test_id_test_id_000988_34,test_id_000988,38,random,4,6,test_id_000988_t4_c6,little,little_1,1,0.9,0.86,37,246652.25,400326.78125,435010.96875,444938.875,465972.3125,LO,444938.875,0.0,444938.875
test_id_test_id_000988_35,test_id_000988,36,diverse_fill_1,5,0,test_id_000988_t5_c0,big,big_1,3,2.2,1.15,35,163952.3,296737.5625,322598.78125,330011.3125,346564.5625,LO,330011.3125,0.0,330011.3125
test_id_test_id_000988_36,test_id_000988,36,diverse_fill_1,5,1,test_id_000988_t5_c1,little,little_1,3,1.5,1.0,35,232148.47,494613.65625,537822.0625,550473.6875,575412.3125,LO,550473.6875,0.0,550473.6875
test_id_test_id_000988_37,test_id_000988,36,diverse_fill_1,5,2,test_id_000988_t5_c2,big,big_1,0,1.0,0.9,35,278067.97,616537.25,670461.125,686773.75,715954.0,LO,686773.75,0.0,686773.75
test_id_test_id_000988_38,test_id_000988,36,diverse_fill_1,5,3,test_id_000988_t5_c3,little,little_0,0,0.6,0.8,35,553732.1,1078960.25,1198050.5,1225588.125,1316285.625,LO,1225588.125,0.0,1225588.125
test_id_test_id_000988_39,test_id_000988,36,diverse_fill_1,5,4,test_id_000988_t5_c4,big,big_0,1,1.4,0.98,35,193083.47,467713.375,508224.375,519948.4375,543615.3125,LO,519948.4375,0.0,519948.4375
test_id_test_id_000988_40,test_id_000988,36,diverse_fill_1,5,5,test_id_000988_t5_c5,little,little_1,1,0.9,0.86,35,398689.34,809953.0,887147.3125,909887.125,952967.0,LO,909887.125,0.0,909887.125
test_id_test_id_000988_41,test_id_000988,36,diverse_fill_1,5,6,test_id_000988_t5_c6,big,big_1,2,1.8,1.06,35,159587.11,368257.71875,399985.1875,408994.1875,428532.78125,LO,408994.1875,0.0,408994.1875
test_id_test_id_000989_00,test_id_000989,1,source_like,0,0,test_id_000989_t0_c0,big,big_1,1,1.4,0.98,0,58476.516,86796.65625,101785.625,105932.09375,116280.828125,HI,105932.09375,15665.78125,121597.875
test_id_test_id_000989_01,test_id_000989,1,source_like,0,1,test_id_000989_t0_c1,little,little_1,1,0.9,0.86,0,137057.98,154700.875,173570.21875,179339.640625,192981.078125,HI,179339.640625,15665.78125,195005.421875
test_id_test_id_000989_02,test_id_000989,1,source_like,0,2,test_id_000989_t0_c2,big,big_0,2,1.8,1.06,0,49091.824,70359.59375,84561.34375,88474.296875,98077.390625,HI,88474.296875,15665.78125,104140.078125
test_id_test_id_000989_03,test_id_000989,1,source_like,0,3,test_id_000989_t0_c3,little,little_0,2,1.2,0.93,0,103656.83,125136.671875,141410.71875,146188.84375,157808.4375,HI,146188.84375,15665.78125,161854.625
test_id_test_id_000989_04,test_id_000989,1,source_like,0,4,test_id_000989_t0_c4,big,big_0,3,2.2,1.15,0,43146.016,60110.4375,73677.4375,77495.25,86723.8125,HI,77495.25,15665.78125,93161.03125
test_id_test_id_000989_05,test_id_000989,1,source_like,0,5,test_id_000989_t0_c5,little,little_0,3,1.5,1.0,0,80686.69,103569.484375,118660.34375,122918.171875,133551.859375,HI,122918.171875,15665.78125,138583.953125
test_id_test_id_000989_06,test_id_000989,1,source_like,0,6,test_id_000989_t0_c6,big,big_1,0,1.0,0.9,0,77108.9,122833.703125,139512.578125,144424.96875,156388.875,HI,144424.96875,15665.78125,160090.75
test_id_test_id_000989_07,test_id_000989,15,sink_like,1,0,test_id_000989_t1_c0,little,little_0,1,0.9,0.86,14,202327.67,249230.75,272651.875,279585.78125,295358.625,HI,279585.78125,15665.78125,295251.5625
test_id_test_id_000989_08,test_id_000989,15,sink_like,1,1,test_id_000989_t1_c1,big,big_1,2,1.8,1.06,14,67628.03,135927.859375,151834.21875,156306.6875,167220.65625,HI,156306.6875,15665.78125,171972.46875
test_id_test_id_000989_09,test_id_000989,15,sink_like,1,2,test_id_000989_t1_c2,little,little_1,2,1.2,0.93,14,150855.69,210434.75,230559.671875,236516.28125,250121.84375,HI,236516.28125,15665.78125,252182.0625
test_id_test_id_000989_10,test_id_000989,15,sink_like,1,3,test_id_000989_t1_c3,big,big_1,3,2.2,1.15,14,63373.367,109827.0625,125190.9375,129314.515625,139706.046875,HI,129314.515625,15665.78125,144980.296875
test_id_test_id_000989_11,test_id_000989,15,sink_like,1,4,test_id_000989_t1_c4,little,little_1,3,1.5,1.0,14,109730.625,192305.25,211135.234375,216682.65625,229490.9375,HI,216682.65625,15665.78125,232348.4375
test_id_test_id_000989_12,test_id_000989,15,sink_like,1,5,test_id_000989_t1_c5,big,big_0,0,1.0,0.9,14,126950.05,213344.171875,233997.890625,240177.375,254248.140625,HI,240177.375,15665.78125,255843.15625
test_id_test_id_000989_13,test_id_000989,15,sink_like,1,6,test_id_000989_t1_c6,little,little_1,0,0.6,0.8,14,318416.03,274092.59375,297811.96875,304044.21875,319374.34375,HI,304044.21875,15665.78125,319710.0
test_id_test_id_000989_14,test_id_000989,128,middle,2,0,test_id_000989_t2_c0,big,big_0,2,1.8,1.06,127,50771.117,83236.546875,98022.5,102138.9375,112363.890625,HI,102138.9375,15665.78125,117804.71875
test_id_test_id_000989_15,test_id_000989,128,middle,2,1,test_id_000989_t2_c1,little,little_0,2,1.2,0.93,127,93014.19,157463.703125,175780.078125,181398.046875,194558.03125,HI,181398.046875,15665.78125,197063.828125
test_id_test_id_000989_16,test_id_000989,128,middle,2,2,test_id_000989_t2_c2,big,big_1,3,2.2,1.15,127,38290.715,66698.296875,80803.828125,84808.734375,94538.421875,HI,84808.734375,15665.78125,100474.515625
test_id_test_id_000989_17,test_id_000989,128,middle,2,3,test_id_000989_t2_c3,little,little_0,3,1.5,1.0,127,62416.98,133980.171875,150355.90625,155170.078125,166768.28125,HI,155170.078125,15665.78125,170835.859375
test_id_test_id_000989_18,test_id_000989,128,middle,2,4,test_id_000989_t2_c4,big,big_0,0,1.0,0.9,127,80602.66,164593.375,184243.1875,190438.25,204886.296875,HI,190438.25,15665.78125,206104.03125
test_id_test_id_000989_19,test_id_000989,128,middle,2,5,test_id_000989_t2_c5,little,little_1,0,0.6,0.8,127,157436.89,220519.1875,245897.765625,254042.0625,273041.28125,HI,254042.0625,15665.78125,269707.84375
test_id_test_id_000989_20,test_id_000989,128,middle,2,6,test_id_000989_t2_c6,big,big_1,1,1.4,0.98,127,54562.76,111287.90625,127047.34375,131590.9375,142796.421875,HI,131590.9375,15665.78125,147256.71875
test_id_test_id_000989_21,test_id_000989,81,high_degree,3,0,test_id_000989_t3_c0,little,little_0,2,1.2,0.93,80,160689.47,241679.0,263575.84375,269965.0,284429.9375,HI,269965.0,15665.78125,285630.78125
test_id_test_id_000989_22,test_id_000989,81,high_degree,3,1,test_id_000989_t3_c1,big,big_0,3,2.2,1.15,80,62845.363,137544.703125,153731.1875,158246.15625,169270.515625,HI,158246.15625,15665.78125,173911.9375
test_id_test_id_000989_23,test_id_000989,81,high_degree,3,2,test_id_000989_t3_c2,little,little_0,3,1.5,1.0,80,150695.5,225520.234375,246350.46875,252463.640625,266362.6875,HI,252463.640625,15665.78125,268129.421875
test_id_test_id_000989_24,test_id_000989,81,high_degree,3,3,test_id_000989_t3_c3,big,big_1,0,1.0,0.9,80,148054.47,247695.375,270186.4375,276781.15625,291666.15625,HI,276781.15625,15665.78125,292446.9375
test_id_test_id_000989_25,test_id_000989,81,high_degree,3,4,test_id_000989_t3_c4,little,little_1,0,0.6,0.8,80,323036.22,279054.9375,301897.09375,307639.875,322035.875,HI,307639.875,15665.78125,323305.65625
test_id_test_id_000989_26,test_id_000989,81,high_degree,3,5,test_id_000989_t3_c5,big,big_1,1,1.4,0.98,80,112018.09,209039.375,228814.71875,234642.1875,247983.203125,HI,234642.1875,15665.78125,250307.96875
test_id_test_id_000989_27,test_id_000989,81,high_degree,3,6,test_id_000989_t3_c6,little,little_0,1,0.9,0.86,80,250887.38,259928.3125,283544.40625,290455.90625,306092.5,HI,290455.90625,15665.78125,306121.6875
test_id_test_id_000989_28,test_id_000989,237,communication_heavy,4,0,test_id_000989_t4_c0,big,big_1,3,2.2,1.15,236,132376.3,213434.953125,233547.65625,239501.25,253080.484375,HI,239501.25,15665.78125,255167.03125
test_id_test_id_000989_29,test_id_000989,237,communication_heavy,4,1,test_id_000989_t4_c1,little,little_1,3,1.5,1.0,236,188755.31,350544.3125,380738.875,389311.84375,408080.90625,HI,389311.84375,15665.78125,404977.625
test_id_test_id_000989_30,test_id_000989,237,communication_heavy,4,2,test_id_000989_t4_c2,big,big_0,0,1.0,0.9,236,267626.2,413884.1875,449915.28125,460262.53125,481950.125,HI,460262.53125,15665.78125,475928.3125
test_id_test_id_000989_31,test_id_000989,237,communication_heavy,4,3,test_id_000989_t4_c3,little,little_1,0,0.6,0.8,236,363856.25,463856.125,495423.5,502350.875,517849.8125,HI,502350.875,15665.78125,518016.65625
test_id_test_id_000989_32,test_id_000989,237,communication_heavy,4,4,test_id_000989_t4_c4,big,big_1,1,1.4,0.98,236,179031.19,328847.125,357211.78125,365270.53125,383088.0,HI,365270.53125,15665.78125,380936.3125
test_id_test_id_000989_33,test_id_000989,237,communication_heavy,4,5,test_id_000989_t4_c5,little,little_0,1,0.9,0.86,236,345404.75,488162.78125,531822.0625,544805.4375,570191.625,HI,544805.4375,15665.78125,560471.21875
test_id_test_id_000989_34,test_id_000989,237,communication_heavy,4,6,test_id_000989_t4_c6,big,big_1,2,1.8,1.06,236,138120.25,260622.15625,283769.25,290481.25,305600.90625,HI,290481.25,15665.78125,306147.03125
test_id_test_id_000989_35,test_id_000989,251,random,5,0,test_id_000989_t5_c0,little,little_1,3,1.5,1.0,250,68005.31,149600.9375,167236.421875,172610.59375,185270.515625,HI,172610.59375,15665.78125,188276.375
test_id_test_id_000989_36,test_id_000989,251,random,5,1,test_id_000989_t5_c1,big,big_1,0,1.0,0.9,250,83286.17,186591.6875,208566.40625,215760.109375,232331.265625,HI,215760.109375,15665.78125,231425.890625
test_id_test_id_000989_37,test_id_000989,251,random,5,2,test_id_000989_t5_c2,little,little_1,0,0.6,0.8,250,128106.83,226669.875,254240.96875,263318.0,284663.21875,HI,263318.0,15665.78125,278983.78125
test_id_test_id_000989_38,test_id_000989,251,random,5,3,test_id_000989_t5_c3,big,big_1,1,1.4,0.98,250,55449.85,130275.484375,147414.9375,152609.453125,165105.578125,HI,152609.453125,15665.78125,168275.234375
test_id_test_id_000989_39,test_id_000989,251,random,5,4,test_id_000989_t5_c4,little,little_1,1,0.9,0.86,250,101116.79,203988.875,227507.0,235209.90625,252935.578125,HI,235209.90625,15665.78125,250875.6875
test_id_test_id_000989_40,test_id_000989,251,random,5,5,test_id_000989_t5_c5,big,big_1,2,1.8,1.06,250,54067.82,90833.296875,106038.125,110355.625,121065.359375,HI,110355.625,15665.78125,126021.40625
test_id_test_id_000989_41,test_id_000989,251,random,5,6,test_id_000989_t5_c6,little,little_0,2,1.2,0.93,250,84862.88,178206.78125,198581.53125,205079.28125,220042.625,HI,205079.28125,15665.78125,220745.0625
test_id_test_id_000996_00,test_id_000996,1,source_like,0,0,test_id_000996_t0_c0,big,big_1,0,1.0,0.9,0,139054.31,169558.03125,187203.890625,192370.3125,204522.578125,LO,192370.3125,0.0,192370.3125
test_id_test_id_000996_01,test_id_000996,1,source_like,0,1,test_id_000996_t0_c1,little,little_1,0,0.6,0.8,0,328468.9,261821.78125,285077.96875,291127.46875,306218.8125,LO,291127.46875,0.0,291127.46875
test_id_test_id_000996_02,test_id_000996,1,source_like,0,2,test_id_000996_t0_c2,big,big_1,1,1.4,0.98,0,87169.24,134968.1875,150628.25,155050.453125,165849.96875,LO,155050.453125,0.0,155050.453125
test_id_test_id_000996_03,test_id_000996,1,source_like,0,3,test_id_000996_t0_c3,little,little_1,1,0.9,0.86,0,224323.52,212603.421875,233557.1875,239761.171875,254084.03125,LO,239761.171875,0.0,239761.171875
test_id_test_id_000996_04,test_id_000996,1,source_like,0,4,test_id_000996_t0_c4,big,big_0,2,1.8,1.06,0,73639.49,112254.875,127362.203125,131461.421875,141776.46875,LO,131461.421875,0.0,131461.421875
test_id_test_id_000996_05,test_id_000996,1,source_like,0,5,test_id_000996_t0_c5,little,little_1,2,1.2,0.93,0,163940.72,168452.75,185754.046875,190768.09375,202622.28125,LO,190768.09375,0.0,190768.09375
test_id_test_id_000996_06,test_id_000996,1,source_like,0,6,test_id_000996_t0_c6,big,big_0,3,2.2,1.15,0,58248.03,93700.75,108700.453125,112679.546875,122742.390625,LO,112679.546875,0.0,112679.546875
test_id_test_id_000996_07,test_id_000996,64,sink_like,1,0,test_id_000996_t1_c0,little,little_0,0,0.6,0.8,63,1132040.9,1751600.0,2337549.75,2420035.25,2485729.75,LO,2420035.25,0.0,2420035.25
test_id_test_id_000996_08,test_id_000996,64,sink_like,1,1,test_id_000996_t1_c1,big,big_0,1,1.4,0.98,63,471931.22,881831.8125,970697.125,995098.1875,1047684.8125,LO,995098.1875,0.0,995098.1875
test_id_test_id_000996_09,test_id_000996,64,sink_like,1,2,test_id_000996_t1_c2,little,little_0,1,0.9,0.86,63,690198.3,1462080.75,1709432.25,1750259.5,1842988.0,LO,1750259.5,0.0,1750259.5
test_id_test_id_000996_10,test_id_000996,64,sink_like,1,3,test_id_000996_t1_c3,big,big_0,2,1.8,1.06,63,464691.22,705491.5,771483.5625,791832.0,827984.6875,LO,791832.0,0.0,791832.0
test_id_test_id_000996_11,test_id_000996,64,sink_like,1,4,test_id_000996_t1_c4,little,little_1,2,1.2,0.93,63,753301.9,1146411.75,1276904.0,1310766.625,1423589.75,LO,1310766.625,0.0,1310766.625
test_id_test_id_000996_12,test_id_000996,64,sink_like,1,5,test_id_000996_t1_c5,big,big_0,3,2.2,1.15,63,313708.8,591140.875,644328.0,660524.875,690148.125,LO,660524.875,0.0,660524.875
test_id_test_id_000996_13,test_id_000996,64,sink_like,1,6,test_id_000996_t1_c6,little,little_0,3,1.5,1.0,63,540318.94,927832.8125,1027000.5,1052862.75,1114904.75,LO,1052862.75,0.0,1052862.75
test_id_test_id_000996_14,test_id_000996,33,middle,2,0,test_id_000996_t2_c0,big,big_1,1,1.4,0.98,32,201512.19,349819.78125,379991.53125,388562.46875,407314.15625,LO,388562.46875,0.0,388562.46875
test_id_test_id_000996_15,test_id_000996,33,middle,2,1,test_id_000996_t2_c1,little,little_1,1,0.9,0.86,32,323805.25,549519.0,598458.0,613182.0,640706.375,LO,613182.0,0.0,613182.0
test_id_test_id_000996_16,test_id_000996,33,middle,2,2,test_id_000996_t2_c2,big,big_0,2,1.8,1.06,32,173720.06,271533.6875,295460.53125,302369.875,317894.375,LO,302369.875,0.0,302369.875
test_id_test_id_000996_17,test_id_000996,33,middle,2,3,test_id_000996_t2_c3,little,little_1,2,1.2,0.93,32,283453.34,442257.5625,480847.59375,492009.0,514903.65625,LO,492009.0,0.0,492009.0
test_id_test_id_000996_18,test_id_000996,33,middle,2,4,test_id_000996_t2_c4,big,big_1,3,2.2,1.15,32,111177.414,223230.03125,243974.40625,250103.921875,264032.84375,LO,250103.921875,0.0,250103.921875
test_id_test_id_000996_19,test_id_000996,33,middle,2,5,test_id_000996_t2_c5,little,little_1,3,1.5,1.0,32,204891.58,377187.4375,409721.625,418975.53125,438930.5625,LO,418975.53125,0.0,418975.53125
test_id_test_id_000996_20,test_id_000996,33,middle,2,6,test_id_000996_t2_c6,big,big_1,0,1.0,0.9,32,188289.36,462619.125,502858.8125,514532.40625,538110.8125,LO,514532.40625,0.0,514532.40625
test_id_test_id_000996_21,test_id_000996,7,random,3,0,test_id_000996_t3_c0,little,little_0,1,0.9,0.86,6,166909.89,239682.0625,263072.25,270172.71875,286347.75,LO,270172.71875,0.0,270172.71875
test_id_test_id_000996_22,test_id_000996,7,random,3,1,test_id_000996_t3_c1,big,big_1,2,1.8,1.06,6,59221.727,121444.21875,137014.890625,141316.1875,151995.28125,LO,141316.1875,0.0,141316.1875
test_id_test_id_000996_23,test_id_000996,7,random,3,2,test_id_000996_t3_c2,little,little_1,2,1.2,0.93,6,126221.805,201817.40625,221740.75,227725.1875,241393.59375,LO,227725.1875,0.0,227725.1875
test_id_test_id_000996_24,test_id_000996,7,random,3,3,test_id_000996_t3_c3,big,big_0,3,2.2,1.15,6,52270.574,96757.65625,112016.5625,116112.984375,126426.28125,LO,116112.984375,0.0,116112.984375
test_id_test_id_000996_25,test_id_000996,7,random,3,4,test_id_000996_t3_c4,little,little_1,3,1.5,1.0,6,112046.41,177441.15625,195554.21875,200913.40625,213373.71875,LO,200913.40625,0.0,200913.40625
test_id_test_id_000996_26,test_id_000996,7,random,3,5,test_id_000996_t3_c5,big,big_0,0,1.0,0.9,6,109496.59,206590.5625,227343.9375,233680.78125,248112.5625,LO,233680.78125,0.0,233680.78125
test_id_test_id_000996_27,test_id_000996,7,random,3,6,test_id_000996_t3_c6,little,little_0,0,0.6,0.8,6,264079.2,264737.8125,289673.6875,296588.375,313480.375,LO,296588.375,0.0,296588.375
test_id_test_id_000996_28,test_id_000996,27,diverse_fill_1,4,0,test_id_000996_t4_c0,big,big_1,2,1.8,1.06,26,113210.96,272275.6875,296246.0625,303159.34375,318700.09375,LO,303159.34375,0.0,303159.34375
test_id_test_id_000996_29,test_id_000996,27,diverse_fill_1,4,1,test_id_000996_t4_c1,little,little_0,2,1.2,0.93,26,233957.27,392066.6875,426027.78125,435717.90625,456391.125,LO,435717.90625,0.0,435717.90625
test_id_test_id_000996_30,test_id_000996,27,diverse_fill_1,4,2,test_id_000996_t4_c2,big,big_0,3,2.2,1.15,26,93880.26,218939.875,239380.59375,245417.328125,259165.765625,LO,245417.328125,0.0,245417.328125
test_id_test_id_000996_31,test_id_000996,27,diverse_fill_1,4,3,test_id_000996_t4_c3,little,little_1,3,1.5,1.0,26,155556.52,352304.625,382611.25,391208.53125,410031.90625,LO,391208.53125,0.0,391208.53125
test_id_test_id_000996_32,test_id_000996,27,diverse_fill_1,4,4,test_id_000996_t4_c4,big,big_0,0,1.0,0.9,26,235651.44,410049.28125,445579.0,455744.34375,477161.8125,LO,455744.34375,0.0,455744.34375
test_id_test_id_000996_33,test_id_000996,27,diverse_fill_1,4,5,test_id_000996_t4_c5,little,little_0,0,0.6,0.8,26,395290.38,462985.78125,495903.46875,503713.4375,520461.75,LO,503713.4375,0.0,503713.4375
test_id_test_id_000996_34,test_id_000996,27,diverse_fill_1,4,6,test_id_000996_t4_c6,big,big_1,1,1.4,0.98,26,155053.73,333641.09375,362371.6875,370526.03125,388531.34375,LO,370526.03125,0.0,370526.03125
test_id_test_id_000996_35,test_id_000996,51,diverse_fill_2,5,0,test_id_000996_t5_c0,little,little_0,2,1.2,0.93,50,253057.88,378712.28125,411465.4375,420795.8125,440868.25,LO,420795.8125,0.0,420795.8125
test_id_test_id_000996_36,test_id_000996,51,diverse_fill_2,5,1,test_id_000996_t5_c1,big,big_1,3,2.2,1.15,50,123411.47,206409.078125,226122.875,231970.25,245341.40625,LO,231970.25,0.0,231970.25
test_id_test_id_000996_37,test_id_000996,51,diverse_fill_2,5,2,test_id_000996_t5_c2,little,little_0,3,1.5,1.0,50,221290.66,329459.3125,357868.03125,365945.3125,383791.53125,LO,365945.3125,0.0,365945.3125
test_id_test_id_000996_38,test_id_000996,51,diverse_fill_2,5,3,test_id_000996_t5_c3,big,big_0,0,1.0,0.9,50,195830.0,399632.78125,434291.15625,444197.875,465207.125,LO,444197.875,0.0,444197.875
test_id_test_id_000996_39,test_id_000996,51,diverse_fill_2,5,4,test_id_000996_t5_c4,little,little_0,0,0.6,0.8,50,426171.25,417656.625,445322.1875,451231.1875,465028.3125,LO,451231.1875,0.0,451231.1875
test_id_test_id_000996_40,test_id_000996,51,diverse_fill_2,5,5,test_id_000996_t5_c5,big,big_1,1,1.4,0.98,50,188102.42,314503.78125,341705.6875,349451.21875,366661.4375,LO,349451.21875,0.0,349451.21875
test_id_test_id_000996_41,test_id_000996,51,diverse_fill_2,5,6,test_id_000996_t5_c6,little,little_0,1,0.9,0.86,50,279000.84,451353.8125,491362.0625,503086.75,526756.625,LO,503086.75,0.0,503086.75
