sample_id,graph_id,target_node,target_role,target_index,context_index,context_id,core_type,core_id,dvfs_level,frequency_ghz,voltage_v,local_target_node_index,y_exec_us_raw,y_exec_us,Q50_pred_us,Q90_pred_us,Q95_pred_us,Q99_pred_us,criticality,deadline_us,period_us,split
calibration_calibration_000031_00,calibration_000031,57,source_like,0,0,calibration_000031_t0_c0,little,little_1,0,0.6,0.8,56,283062.34,283062.34375,310968.71875,337116.75,344234.6875,360702.75,HI,841004,1131597,calibration
calibration_calibration_000031_01,calibration_000031,57,source_like,0,1,calibration_000031_t0_c1,big,big_0,1,1.4,0.98,56,87812.164,87812.1640625,90494.34375,105062.21875,109093.359375,119203.65625,HI,841004,1131597,calibration
calibration_calibration_000031_02,calibration_000031,57,source_like,0,2,calibration_000031_t0_c2,little,little_0,1,0.9,0.86,56,220910.45,220910.453125,215428.5,235860.65625,241926.1875,255732.8125,HI,841004,1131597,calibration
calibration_calibration_000031_03,calibration_000031,57,source_like,0,3,calibration_000031_t0_c3,big,big_0,2,1.8,1.06,56,70997.4,70997.3984375,72901.15625,86839.90625,90726.390625,100358.203125,HI,841004,1131597,calibration
calibration_calibration_000031_04,calibration_000031,57,source_like,0,4,calibration_000031_t0_c4,little,little_1,2,1.2,0.93,56,156183.12,156183.125,161777.0625,179064.84375,184156.171875,196123.9375,HI,841004,1131597,calibration
calibration_calibration_000031_05,calibration_000031,57,source_like,0,5,calibration_000031_t0_c5,big,big_1,3,2.2,1.15,56,56125.9,56125.8984375,56738.296875,69983.890625,73771.53125,82920.90625,HI,841004,1131597,calibration
calibration_calibration_000031_06,calibration_000031,57,source_like,0,6,calibration_000031_t0_c6,little,little_1,3,1.5,1.0,56,125118.92,125118.921875,126192.90625,141858.03125,146266.6875,157090.234375,HI,841004,1131597,calibration
calibration_calibration_000031_07,calibration_000031,217,sink_like,1,0,calibration_000031_t1_c0,big,big_1,1,1.4,0.98,216,202601.67,202601.671875,195758.28125,214920.34375,220603.46875,233674.71875,HI,841004,1131597,calibration
calibration_calibration_000031_08,calibration_000031,217,sink_like,1,1,calibration_000031_t1_c1,little,little_1,1,0.9,0.86,216,263321.22,263321.21875,276311.40625,300456.5625,307390.0,323027.03125,HI,841004,1131597,calibration
calibration_calibration_000031_09,calibration_000031,217,sink_like,1,2,calibration_000031_t1_c2,big,big_1,2,1.8,1.06,216,156337.75,156337.75,162061.75,179336.703125,184379.40625,196277.46875,HI,841004,1131597,calibration
calibration_calibration_000031_10,calibration_000031,217,sink_like,1,3,calibration_000031_t1_c3,little,little_0,2,1.2,0.93,216,214452.94,214452.9375,226565.890625,247478.21875,253613.609375,267587.09375,HI,841004,1131597,calibration
calibration_calibration_000031_11,calibration_000031,217,sink_like,1,4,calibration_000031_t1_c4,big,big_1,3,2.2,1.15,216,143322.61,143322.609375,144259.375,160620.25,165297.109375,176560.625,HI,841004,1131597,calibration
calibration_calibration_000031_12,calibration_000031,217,sink_like,1,5,calibration_000031_t1_c5,little,little_1,3,1.5,1.0,216,256453.4,256453.40625,267677.6875,291293.84375,298135.34375,313521.59375,HI,841004,1131597,calibration
calibration_calibration_000031_13,calibration_000031,217,sink_like,1,6,calibration_000031_t1_c6,big,big_0,0,1.0,0.9,216,253975.17,253975.171875,267875.15625,291498.875,298320.78125,313712.03125,HI,841004,1131597,calibration
calibration_calibration_000031_14,calibration_000031,271,middle,2,0,calibration_000031_t2_c0,little,little_0,1,0.9,0.86,270,524122.4,524122.40625,545356.25,591219.375,604629.375,629923.5625,HI,841004,1131597,calibration
calibration_calibration_000031_15,calibration_000031,271,middle,2,1,calibration_000031_t2_c1,big,big_1,2,1.8,1.06,270,220790.92,220790.921875,219682.09375,240421.015625,246594.40625,260614.40625,HI,841004,1131597,calibration
calibration_calibration_000031_16,calibration_000031,271,middle,2,2,calibration_000031_t2_c2,little,little_0,2,1.2,0.93,270,341142.6,341142.59375,359644.09375,390185.65625,398810.03125,417700.25,HI,841004,1131597,calibration
calibration_calibration_000031_17,calibration_000031,271,middle,2,3,calibration_000031_t2_c3,big,big_0,3,2.2,1.15,270,242428.42,242428.421875,237566.3125,259431.359375,265918.625,280566.5,HI,841004,1131597,calibration
calibration_calibration_000031_18,calibration_000031,271,middle,2,4,calibration_000031_t2_c4,little,little_1,3,1.5,1.0,270,358458.1,358458.09375,351422.03125,381402.90625,389890.75,408532.75,HI,841004,1131597,calibration
calibration_calibration_000031_19,calibration_000031,271,middle,2,5,calibration_000031_t2_c5,big,big_1,0,1.0,0.9,270,376872.22,376872.21875,383860.375,416456.34375,425659.4375,445556.5625,HI,841004,1131597,calibration
calibration_calibration_000031_20,calibration_000031,271,middle,2,6,calibration_000031_t2_c6,little,little_0,0,0.6,0.8,270,633344.2,633344.1875,653576.8125,706030.6875,721824.5625,748639.125,HI,841004,1131597,calibration
calibration_calibration_000031_21,calibration_000031,281,communication_heavy,3,0,calibration_000031_t3_c0,big,big_1,2,1.8,1.06,280,292430.28,292430.28125,292819.5,318199.875,325488.78125,341801.25,HI,841004,1131597,calibration
calibration_calibration_000031_22,calibration_000031,281,communication_heavy,3,1,calibration_000031_t3_c1,little,little_0,2,1.2,0.93,280,616280.06,616280.0625,614647.875,668311.1875,684560.875,713712.375,HI,841004,1131597,calibration
calibration_calibration_000031_23,calibration_000031,281,communication_heavy,3,2,calibration_000031_t3_c2,big,big_0,3,2.2,1.15,280,321576.12,321576.125,316868.15625,344056.125,351800.75,369047.03125,HI,841004,1131597,calibration
calibration_calibration_000031_24,calibration_000031,281,communication_heavy,3,3,calibration_000031_t3_c3,little,little_1,3,1.5,1.0,280,415669.75,415669.75,413929.875,449271.75,459307.625,480533.25,HI,841004,1131597,calibration
calibration_calibration_000031_25,calibration_000031,281,communication_heavy,3,4,calibration_000031_t3_c4,big,big_0,0,1.0,0.9,280,470654.9,470654.90625,472855.875,512933.75,524440.625,547629.4375,HI,841004,1131597,calibration
calibration_calibration_000031_26,calibration_000031,281,communication_heavy,3,5,calibration_000031_t3_c5,little,little_1,0,0.6,0.8,280,996369.75,996369.75,941947.0,1029533.25,1052050.0,1105728.25,HI,841004,1131597,calibration
calibration_calibration_000031_27,calibration_000031,281,communication_heavy,3,6,calibration_000031_t3_c6,big,big_1,1,1.4,0.98,280,458703.75,458703.75,481154.9375,522280.0625,534155.75,557895.125,HI,841004,1131597,calibration
calibration_calibration_000031_28,calibration_000031,286,random,4,0,calibration_000031_t4_c0,little,little_0,2,1.2,0.93,285,191058.72,191058.71875,184771.828125,203290.78125,208769.875,221467.3125,HI,841004,1131597,calibration
calibration_calibration_000031_29,calibration_000031,286,random,4,1,calibration_000031_t4_c1,big,big_0,3,2.2,1.15,285,100653.98,100653.9765625,94399.5625,108992.484375,112981.65625,123041.859375,HI,841004,1131597,calibration
calibration_calibration_000031_30,calibration_000031,286,random,4,2,calibration_000031_t4_c2,little,little_0,3,1.5,1.0,285,167177.48,167177.484375,176011.40625,194058.84375,199388.140625,211804.46875,HI,841004,1131597,calibration
calibration_calibration_000031_31,calibration_000031,286,random,4,3,calibration_000031_t4_c3,big,big_0,0,1.0,0.9,285,137909.42,137909.421875,149256.53125,166188.4375,171142.96875,182938.34375,HI,841004,1131597,calibration
calibration_calibration_000031_32,calibration_000031,286,random,4,4,calibration_000031_t4_c4,little,little_1,0,0.6,0.8,285,291284.28,291284.28125,297740.9375,323737.40625,331093.375,347843.6875,HI,841004,1131597,calibration
calibration_calibration_000031_33,calibration_000031,286,random,4,5,calibration_000031_t4_c5,big,big_0,1,1.4,0.98,285,120707.6,120707.6015625,119456.515625,134867.234375,139173.015625,149836.421875,HI,841004,1131597,calibration
calibration_calibration_000031_34,calibration_000031,286,random,4,6,calibration_000031_t4_c6,little,little_0,1,0.9,0.86,285,192507.72,192507.71875,203243.25,223158.1875,229096.28125,242708.125,HI,841004,1131597,calibration
calibration_calibration_000031_35,calibration_000031,56,diverse_fill_1,5,0,calibration_000031_t5_c0,big,big_0,3,2.2,1.15,55,36167.727,36167.7265625,38124.65625,50663.453125,54430.671875,63166.4375,HI,841004,1131597,calibration
calibration_calibration_000031_36,calibration_000031,56,diverse_fill_1,5,1,calibration_000031_t5_c1,little,little_1,3,1.5,1.0,55,76652.39,76652.390625,72263.765625,86281.265625,90192.625,99854.8125,HI,841004,1131597,calibration
calibration_calibration_000031_37,calibration_000031,56,diverse_fill_1,5,2,calibration_000031_t5_c2,big,big_0,0,1.0,0.9,55,80127.375,80127.375,80220.640625,94756.765625,98822.59375,108907.28125,HI,841004,1131597,calibration
calibration_calibration_000031_38,calibration_000031,56,diverse_fill_1,5,3,calibration_000031_t5_c3,little,little_1,0,0.6,0.8,55,200767.75,200767.75,193260.546875,213822.703125,220170.671875,234681.140625,HI,841004,1131597,calibration
calibration_calibration_000031_39,calibration_000031,56,diverse_fill_1,5,4,calibration_000031_t5_c4,big,big_0,1,1.4,0.98,55,55115.523,55115.5234375,56674.5,70023.578125,73874.53125,83138.34375,HI,841004,1131597,calibration
calibration_calibration_000031_40,calibration_000031,56,diverse_fill_1,5,5,calibration_000031_t5_c5,little,little_0,1,0.9,0.86,55,134242.52,134242.515625,136019.078125,152567.6875,157422.859375,169094.09375,HI,841004,1131597,calibration
calibration_calibration_000031_41,calibration_000031,56,diverse_fill_1,5,6,calibration_000031_t5_c6,big,big_0,2,1.8,1.06,55,44515.59,44515.58984375,44821.125,57624.78125,61416.296875,70332.796875,HI,841004,1131597,calibration
calibration_calibration_000042_00,calibration_000042,16,source_like,0,0,calibration_000042_t0_c0,big,big_0,2,1.8,1.06,15,19425.988,19425.98828125,23633.140625,36467.796875,40686.6875,50046.375,LO,873425,975184,calibration
calibration_calibration_000042_01,calibration_000042,16,source_like,0,1,calibration_000042_t0_c1,little,little_0,2,1.2,0.93,15,32891.56,32891.55859375,38793.828125,51337.65625,55125.03125,63934.875,LO,873425,975184,calibration
calibration_calibration_000042_02,calibration_000042,16,source_like,0,2,calibration_000042_t0_c2,big,big_0,3,2.2,1.15,15,13909.5625,13909.5625,19611.578125,32281.875,36421.671875,45530.265625,LO,873425,975184,calibration
calibration_calibration_000042_03,calibration_000042,16,source_like,0,3,calibration_000042_t0_c3,little,little_1,3,1.5,1.0,15,30793.951,30793.951171875,35387.40625,48061.921875,52000.0625,61029.359375,LO,873425,975184,calibration
calibration_calibration_000042_04,calibration_000042,16,source_like,0,4,calibration_000042_t0_c4,big,big_1,0,1.0,0.9,15,27558.71,27558.7109375,30723.6875,43160.78125,47057.78125,55945.21875,LO,873425,975184,calibration
calibration_calibration_000042_05,calibration_000042,16,source_like,0,5,calibration_000042_t0_c5,little,little_1,0,0.6,0.8,15,61975.49,61975.48828125,76681.078125,91123.046875,95186.953125,105223.828125,LO,873425,975184,calibration
calibration_calibration_000042_06,calibration_000042,16,source_like,0,6,calibration_000042_t0_c6,big,big_0,1,1.4,0.98,15,22463.361,22463.361328125,25568.703125,38171.671875,42238.765625,51348.984375,LO,873425,975184,calibration
calibration_calibration_000042_07,calibration_000042,80,sink_like,1,0,calibration_000042_t1_c0,little,little_1,2,1.2,0.93,79,375083.56,375083.5625,419553.875,455312.78125,465472.09375,486882.3125,LO,873425,975184,calibration
calibration_calibration_000042_08,calibration_000042,80,sink_like,1,1,calibration_000042_t1_c1,big,big_0,3,2.2,1.15,79,258457.98,258457.984375,289231.8125,314377.375,321616.125,337834.65625,LO,873425,975184,calibration
calibration_calibration_000042_09,calibration_000042,80,sink_like,1,2,calibration_000042_t1_c2,little,little_1,3,1.5,1.0,79,470774.94,470774.9375,511871.1875,556061.6875,569012.875,594178.125,LO,873425,975184,calibration
calibration_calibration_000042_10,calibration_000042,80,sink_like,1,3,calibration_000042_t1_c3,big,big_0,0,1.0,0.9,79,480964.78,480964.78125,502937.8125,545503.75,557845.375,581990.3125,LO,873425,975184,calibration
calibration_calibration_000042_11,calibration_000042,80,sink_like,1,4,calibration_000042_t1_c4,little,little_0,0,0.6,0.8,79,895093.7,895093.6875,971907.5625,1064756.75,1087962.75,1147487.375,LO,873425,975184,calibration
calibration_calibration_000042_12,calibration_000042,80,sink_like,1,5,calibration_000042_t1_c5,big,big_1,1,1.4,0.98,79,385909.22,385909.21875,424529.5625,460654.125,470908.65625,492450.0625,LO,873425,975184,calibration
calibration_calibration_000042_13,calibration_000042,80,sink_like,1,6,calibration_000042_t1_c6,little,little_1,1,0.9,0.86,79,566848.4,566848.375,625998.25,678852.1875,694730.0625,722762.75,LO,873425,975184,calibration
calibration_calibration_000042_14,calibration_000042,79,middle,2,0,calibration_000042_t2_c0,big,big_0,3,2.2,1.15,78,201382.6,201382.59375,211253.09375,231360.5,237318.6875,250925.890625,LO,873425,975184,calibration
calibration_calibration_000042_15,calibration_000042,79,middle,2,1,calibration_000042_t2_c1,little,little_0,3,1.5,1.0,78,468346.25,468346.25,462637.65625,502367.5625,513811.59375,537046.5625,LO,873425,975184,calibration
calibration_calibration_000042_16,calibration_000042,79,middle,2,2,calibration_000042_t2_c2,big,big_0,0,1.0,0.9,78,477796.78,477796.78125,479022.8125,519711.375,531432.125,554888.0,LO,873425,975184,calibration
calibration_calibration_000042_17,calibration_000042,79,middle,2,3,calibration_000042_t2_c3,little,little_1,0,0.6,0.8,78,744740.7,744740.6875,776131.9375,841637.0625,861315.6875,895649.3125,LO,873425,975184,calibration
calibration_calibration_000042_18,calibration_000042,79,middle,2,4,calibration_000042_t2_c4,big,big_1,1,1.4,0.98,78,374002.75,374002.75,379215.8125,411452.40625,420550.8125,440277.75,LO,873425,975184,calibration
calibration_calibration_000042_19,calibration_000042,79,middle,2,5,calibration_000042_t2_c5,little,little_0,1,0.9,0.86,78,539491.56,539491.5625,538244.9375,583555.75,596792.625,621882.125,LO,873425,975184,calibration
calibration_calibration_000042_20,calibration_000042,79,middle,2,6,calibration_000042_t2_c6,big,big_1,2,1.8,1.06,78,297100.88,297100.875,316134.0625,343239.1875,350954.6875,368142.125,LO,873425,975184,calibration
calibration_calibration_000042_21,calibration_000042,58,communication_heavy,3,0,calibration_000042_t3_c0,little,little_0,3,1.5,1.0,57,479164.75,479164.75,468423.96875,508627.34375,520219.59375,543648.25,LO,873425,975184,calibration
calibration_calibration_000042_22,calibration_000042,58,communication_heavy,3,1,calibration_000042_t3_c1,big,big_1,0,1.0,0.9,57,438562.34,438562.34375,450937.25,489251.84375,500196.625,522685.25,LO,873425,975184,calibration
calibration_calibration_000042_23,calibration_000042,58,communication_heavy,3,2,calibration_000042_t3_c2,little,little_1,0,0.6,0.8,57,890454.06,890454.0625,898238.8125,979457.8125,1001402.1875,1048439.0625,LO,873425,975184,calibration
calibration_calibration_000042_24,calibration_000042,58,communication_heavy,3,3,calibration_000042_t3_c3,big,big_1,1,1.4,0.98,57,447304.9,447304.90625,459986.625,499244.5,510504.65625,533443.25,LO,873425,975184,calibration
calibration_calibration_000042_25,calibration_000042,58,communication_heavy,3,4,calibration_000042_t3_c4,little,little_0,1,0.9,0.86,57,728651.44,728651.4375,745867.875,812210.1875,832180.375,867629.5,LO,873425,975184,calibration
calibration_calibration_000042_26,calibration_000042,58,communication_heavy,3,5,calibration_000042_t3_c5,big,big_1,2,1.8,1.06,57,278960.62,278960.625,285024.8125,309856.4375,317009.125,333047.3125,LO,873425,975184,calibration
calibration_calibration_000042_27,calibration_000042,58,communication_heavy,3,6,calibration_000042_t3_c6,little,little_1,2,1.2,0.93,57,445342.84,445342.84375,435839.4375,473008.6875,483604.5,505645.0625,LO,873425,975184,calibration
calibration_calibration_000042_28,calibration_000042,75,random,4,0,calibration_000042_t4_c0,big,big_1,0,1.0,0.9,74,332470.4,332470.40625,348455.90625,378085.125,386448.53125,404890.9375,LO,873425,975184,calibration
calibration_calibration_000042_29,calibration_000042,75,random,4,1,calibration_000042_t4_c1,little,little_0,0,0.6,0.8,74,794951.5,794951.5,789040.375,856247.125,876309.25,911751.3125,LO,873425,975184,calibration
calibration_calibration_000042_30,calibration_000042,75,random,4,2,calibration_000042_t4_c2,big,big_1,1,1.4,0.98,74,294348.84,294348.84375,307089.28125,333511.75,341049.6875,357884.75,LO,873425,975184,calibration
calibration_calibration_000042_31,calibration_000042,75,random,4,3,calibration_000042_t4_c3,little,little_1,1,0.9,0.86,74,581331.56,581331.5625,575144.375,623685.875,638050.0625,664407.125,LO,873425,975184,calibration
calibration_calibration_000042_32,calibration_000042,75,random,4,4,calibration_000042_t4_c4,big,big_0,2,1.8,1.06,74,240201.81,240201.8125,256078.390625,279028.1875,285741.65625,300867.65625,LO,873425,975184,calibration
calibration_calibration_000042_33,calibration_000042,75,random,4,5,calibration_000042_t4_c5,little,little_0,2,1.2,0.93,74,482015.62,482015.625,462180.84375,501719.1875,513085.5625,536185.0,LO,873425,975184,calibration
calibration_calibration_000042_34,calibration_000042,75,random,4,6,calibration_000042_t4_c6,big,big_1,3,2.2,1.15,74,171015.64,171015.640625,182297.59375,200720.234375,206174.0,218818.96875,LO,873425,975184,calibration
calibration_calibration_000042_35,calibration_000042,23,diverse_fill_1,5,0,calibration_000042_t5_c0,little,little_0,0,0.6,0.8,22,196310.27,196310.265625,183594.21875,203611.296875,209779.21875,223905.765625,LO,873425,975184,calibration
calibration_calibration_000042_36,calibration_000042,23,diverse_fill_1,5,1,calibration_000042_t5_c1,big,big_0,1,1.4,0.98,22,67584.516,67584.515625,63132.390625,76790.75,80684.46875,90151.0,LO,873425,975184,calibration
calibration_calibration_000042_37,calibration_000042,23,diverse_fill_1,5,2,calibration_000042_t5_c2,little,little_0,1,0.9,0.86,22,138903.03,138903.03125,138725.71875,155344.25,160218.25,171897.4375,LO,873425,975184,calibration
calibration_calibration_000042_38,calibration_000042,23,diverse_fill_1,5,3,calibration_000042_t5_c3,big,big_0,2,1.8,1.06,22,48276.945,48276.9453125,45480.671875,58278.921875,62053.125,70950.0625,LO,873425,975184,calibration
calibration_calibration_000042_39,calibration_000042,23,diverse_fill_1,5,4,calibration_000042_t5_c4,little,little_1,2,1.2,0.93,22,109734.695,109734.6953125,102190.140625,117268.40625,121450.578125,131913.40625,LO,873425,975184,calibration
calibration_calibration_000042_40,calibration_000042,23,diverse_fill_1,5,5,calibration_000042_t5_c5,big,big_1,3,2.2,1.15,22,44830.51,44830.51171875,41155.875,53796.890625,57574.390625,66397.453125,LO,873425,975184,calibration
calibration_calibration_000042_41,calibration_000042,23,diverse_fill_1,5,6,calibration_000042_t5_c6,little,little_1,3,1.5,1.0,22,85291.52,85291.5234375,78483.828125,92773.34375,96720.765625,106544.15625,LO,873425,975184,calibration
calibration_calibration_000057_00,calibration_000057,11,source_like,0,0,calibration_000057_t0_c0,little,little_1,3,1.5,1.0,10,39332.074,39332.07421875,44316.125,57288.671875,61192.15625,70305.59375,HI,1936494,2823305,calibration
calibration_calibration_000057_01,calibration_000057,11,source_like,0,1,calibration_000057_t0_c1,big,big_0,0,1.0,0.9,10,39176.363,39176.36328125,40469.765625,53275.15625,57184.703125,66254.1875,HI,1936494,2823305,calibration
calibration_calibration_000057_02,calibration_000057,11,source_like,0,2,calibration_000057_t0_c2,little,little_0,0,0.6,0.8,10,98059.39,98059.390625,95160.4375,110327.875,114687.609375,125472.390625,HI,1936494,2823305,calibration
calibration_calibration_000057_03,calibration_000057,11,source_like,0,3,calibration_000057_t0_c3,big,big_1,1,1.4,0.98,10,26855.861,26855.861328125,27723.484375,40174.5,44088.796875,52917.296875,HI,1936494,2823305,calibration
calibration_calibration_000057_04,calibration_000057,11,source_like,0,4,calibration_000057_t0_c4,little,little_1,1,0.9,0.86,10,67813.96,67813.9609375,71265.375,85838.5,90045.140625,100263.25,HI,1936494,2823305,calibration
calibration_calibration_000057_05,calibration_000057,11,source_like,0,5,calibration_000057_t0_c5,big,big_0,2,1.8,1.06,10,22132.152,22132.15234375,24428.015625,36920.046875,40899.0625,49782.78125,HI,1936494,2823305,calibration
calibration_calibration_000057_06,calibration_000057,11,source_like,0,6,calibration_000057_t0_c6,little,little_1,2,1.2,0.93,10,48829.137,48829.13671875,49620.8125,62697.40625,66538.5,75642.734375,HI,1936494,2823305,calibration
calibration_calibration_000057_07,calibration_000057,302,sink_like,1,0,calibration_000057_t1_c0,big,big_1,0,1.0,0.9,301,256120.42,256120.421875,247256.3125,269504.53125,275980.625,290654.0,HI,1936494,2823305,calibration
calibration_calibration_000057_08,calibration_000057,302,sink_like,1,1,calibration_000057_t1_c1,little,little_1,0,0.6,0.8,301,407376.66,407376.65625,419378.46875,454124.0,463913.6875,484614.03125,HI,1936494,2823305,calibration
calibration_calibration_000057_09,calibration_000057,302,sink_like,1,2,calibration_000057_t1_c2,big,big_1,1,1.4,0.98,301,139930.19,139930.1875,141509.8125,157626.921875,162220.96875,173329.34375,HI,1936494,2823305,calibration
calibration_calibration_000057_10,calibration_000057,302,sink_like,1,3,calibration_000057_t1_c3,little,little_0,1,0.9,0.86,301,259076.62,259076.625,269557.875,293239.09375,300056.90625,315450.1875,HI,1936494,2823305,calibration
calibration_calibration_000057_11,calibration_000057,302,sink_like,1,4,calibration_000057_t1_c4,big,big_0,2,1.8,1.06,301,168851.95,168851.953125,157800.609375,174856.0,179815.96875,191567.21875,HI,1936494,2823305,calibration
calibration_calibration_000057_12,calibration_000057,302,sink_like,1,5,calibration_000057_t1_c5,little,little_1,2,1.2,0.93,301,286213.7,286213.6875,283790.0625,308515.59375,315617.53125,331559.71875,HI,1936494,2823305,calibration
calibration_calibration_000057_13,calibration_000057,302,sink_like,1,6,calibration_000057_t1_c6,big,big_1,3,2.2,1.15,301,110229.51,110229.5078125,117497.984375,132663.828125,136862.71875,147316.3125,HI,1936494,2823305,calibration
calibration_calibration_000057_14,calibration_000057,133,middle,2,0,calibration_000057_t2_c0,little,little_0,0,0.6,0.8,132,362321.94,362321.9375,369328.5,399074.875,407107.21875,425003.1875,HI,1936494,2823305,calibration
calibration_calibration_000057_15,calibration_000057,133,middle,2,1,calibration_000057_t2_c1,big,big_1,1,1.4,0.98,132,122755.95,122755.953125,116468.328125,131765.3125,136014.296875,146582.21875,HI,1936494,2823305,calibration
calibration_calibration_000057_16,calibration_000057,133,middle,2,2,calibration_000057_t2_c2,little,little_1,1,0.9,0.86,132,252357.47,252357.46875,249087.890625,271556.875,278107.75,292949.75,HI,1936494,2823305,calibration
calibration_calibration_000057_17,calibration_000057,133,middle,2,3,calibration_000057_t2_c3,big,big_0,2,1.8,1.06,132,83931.51,83931.5078125,81515.9375,95674.3125,99578.375,109364.859375,HI,1936494,2823305,calibration
calibration_calibration_000057_18,calibration_000057,133,middle,2,4,calibration_000057_t2_c4,little,little_0,2,1.2,0.93,132,198836.3,198836.296875,194913.0625,214080.734375,219787.34375,232901.8125,HI,1936494,2823305,calibration
calibration_calibration_000057_19,calibration_000057,133,middle,2,5,calibration_000057_t2_c5,big,big_1,3,2.2,1.15,132,72750.734,72750.734375,71415.703125,85210.359375,89045.4375,98556.859375,HI,1936494,2823305,calibration
calibration_calibration_000057_20,calibration_000057,133,middle,2,6,calibration_000057_t2_c6,little,little_0,3,1.5,1.0,132,145105.22,145105.21875,146332.625,162845.0625,167601.125,179007.28125,HI,1936494,2823305,calibration
calibration_calibration_000057_21,calibration_000057,116,high_degree,3,0,calibration_000057_t3_c0,big,big_0,1,1.4,0.98,115,204739.36,204739.359375,201993.03125,221577.6875,227399.0625,240733.59375,HI,1936494,2823305,calibration
calibration_calibration_000057_22,calibration_000057,116,high_degree,3,1,calibration_000057_t3_c1,little,little_1,1,0.9,0.86,115,433615.22,433615.21875,424769.375,460771.375,470993.1875,492445.40625,HI,1936494,2823305,calibration
calibration_calibration_000057_23,calibration_000057,116,high_degree,3,2,calibration_000057_t3_c2,big,big_0,2,1.8,1.06,115,173699.75,173699.75,168114.046875,185755.71875,190938.25,203087.5,HI,1936494,2823305,calibration
calibration_calibration_000057_24,calibration_000057,116,high_degree,3,3,calibration_000057_t3_c3,little,little_0,2,1.2,0.93,115,289798.16,289798.15625,288344.75,313389.09375,320581.375,336703.46875,HI,1936494,2823305,calibration
calibration_calibration_000057_25,calibration_000057,116,high_degree,3,4,calibration_000057_t3_c4,big,big_0,3,2.2,1.15,115,144612.56,144612.5625,145652.0625,162093.1875,166805.28125,178130.125,HI,1936494,2823305,calibration
calibration_calibration_000057_26,calibration_000057,116,high_degree,3,5,calibration_000057_t3_c5,little,little_1,3,1.5,1.0,115,263591.75,263591.75,259535.921875,282620.3125,289343.0625,304477.0,HI,1936494,2823305,calibration
calibration_calibration_000057_27,calibration_000057,116,high_degree,3,6,calibration_000057_t3_c6,big,big_1,0,1.0,0.9,115,331870.84,331870.84375,333875.5625,362398.65625,370479.5,388377.65625,HI,1936494,2823305,calibration
calibration_calibration_000057_28,calibration_000057,272,communication_heavy,4,0,calibration_000057_t4_c0,little,little_0,1,0.9,0.86,271,477243.94,477243.9375,490965.6875,532474.875,544430.4375,568160.8125,HI,1936494,2823305,calibration
calibration_calibration_000057_29,calibration_000057,272,communication_heavy,4,1,calibration_000057_t4_c1,big,big_0,2,1.8,1.06,271,214230.64,214230.640625,209093.84375,229237.46875,235264.390625,248991.28125,HI,1936494,2823305,calibration
calibration_calibration_000057_30,calibration_000057,272,communication_heavy,4,2,calibration_000057_t4_c2,little,little_0,2,1.2,0.93,271,335720.66,335720.65625,339732.875,368681.71875,376879.90625,394985.03125,HI,1936494,2823305,calibration
calibration_calibration_000057_31,calibration_000057,272,communication_heavy,4,3,calibration_000057_t4_c3,big,big_0,3,2.2,1.15,271,148259.78,148259.78125,144703.375,161079.84375,165777.9375,177074.375,HI,1936494,2823305,calibration
calibration_calibration_000057_32,calibration_000057,272,communication_heavy,4,4,calibration_000057_t4_c4,little,little_1,3,1.5,1.0,271,292879.2,292879.1875,289555.75,314741.375,321991.96875,338217.28125,HI,1936494,2823305,calibration
calibration_calibration_000057_33,calibration_000057,272,communication_heavy,4,5,calibration_000057_t4_c5,big,big_1,0,1.0,0.9,271,338071.56,338071.5625,315368.21875,342412.15625,350101.75,367256.03125,HI,1936494,2823305,calibration
calibration_calibration_000057_34,calibration_000057,272,communication_heavy,4,6,calibration_000057_t4_c6,little,little_1,0,0.6,0.8,271,659820.56,659820.5625,672536.25,726728.375,743095.6875,770645.125,HI,1936494,2823305,calibration
calibration_calibration_000057_35,calibration_000057,113,random,5,0,calibration_000057_t5_c0,big,big_0,2,1.8,1.06,112,63368.62,63368.62109375,69732.828125,83554.65625,87432.234375,96990.546875,HI,1936494,2823305,calibration
calibration_calibration_000057_36,calibration_000057,113,random,5,1,calibration_000057_t5_c1,little,little_0,2,1.2,0.93,112,118191.85,118191.8515625,125914.203125,141674.375,146137.359375,157076.984375,HI,1936494,2823305,calibration
calibration_calibration_000057_37,calibration_000057,113,random,5,2,calibration_000057_t5_c2,big,big_0,3,2.2,1.15,112,45013.42,45013.421875,53162.765625,66205.109375,69962.015625,78984.65625,HI,1936494,2823305,calibration
calibration_calibration_000057_38,calibration_000057,113,random,5,3,calibration_000057_t5_c3,little,little_1,3,1.5,1.0,112,92719.58,92719.578125,100712.5625,115573.390625,119666.515625,129948.640625,HI,1936494,2823305,calibration
calibration_calibration_000057_39,calibration_000057,113,random,5,4,calibration_000057_t5_c4,big,big_0,0,1.0,0.9,112,97219.7,97219.703125,108211.90625,123559.34375,127869.25,138585.5,HI,1936494,2823305,calibration
calibration_calibration_000057_40,calibration_000057,113,random,5,5,calibration_000057_t5_c5,little,little_0,0,0.6,0.8,112,226879.83,226879.828125,252744.109375,276727.90625,283872.40625,300152.1875,HI,1936494,2823305,calibration
calibration_calibration_000057_41,calibration_000057,113,random,5,6,calibration_000057_t5_c6,big,big_1,1,1.4,0.98,112,77740.83,77740.828125,88515.140625,103104.875,107148.453125,117272.921875,HI,1936494,2823305,calibration
calibration_calibration_000079_00,calibration_000079,9,source_like,0,0,calibration_000079_t0_c0,big,big_1,1,1.4,0.98,8,66124.97,66124.96875,66149.140625,79877.6875,83749.671875,93229.703125,LO,1416507,1418557,calibration
calibration_calibration_000079_01,calibration_000079,9,source_like,0,1,calibration_000079_t0_c1,little,little_1,1,0.9,0.86,8,167286.73,167286.734375,163643.203125,181571.5,186950.078125,199510.21875,LO,1416507,1418557,calibration
calibration_calibration_000079_02,calibration_000079,9,source_like,0,2,calibration_000079_t0_c2,big,big_1,2,1.8,1.06,8,55863.918,55863.91796875,54609.140625,67784.953125,71585.328125,80711.921875,LO,1416507,1418557,calibration
calibration_calibration_000079_03,calibration_000079,9,source_like,0,3,calibration_000079_t0_c3,little,little_0,2,1.2,0.93,8,125705.3,125705.296875,121734.4375,137288.0625,141676.34375,152484.8125,LO,1416507,1418557,calibration
calibration_calibration_000079_04,calibration_000079,9,source_like,0,4,calibration_000079_t0_c4,big,big_0,3,2.2,1.15,8,47566.88,47566.87890625,45098.90625,57862.921875,61624.34375,70490.609375,LO,1416507,1418557,calibration
calibration_calibration_000079_05,calibration_000079,9,source_like,0,5,calibration_000079_t0_c5,little,little_1,3,1.5,1.0,8,99604.12,99604.1171875,93591.59375,108381.96875,112430.1875,122605.828125,LO,1416507,1418557,calibration
calibration_calibration_000079_06,calibration_000079,9,source_like,0,6,calibration_000079_t0_c6,big,big_0,0,1.0,0.9,8,91863.48,91863.4765625,92166.515625,107089.21875,111231.1875,121582.90625,LO,1416507,1418557,calibration
calibration_calibration_000079_07,calibration_000079,61,sink_like,1,0,calibration_000079_t1_c0,little,little_1,1,0.9,0.86,60,324653.34,324653.34375,311479.34375,338143.6875,345724.9375,362654.375,LO,1416507,1418557,calibration
calibration_calibration_000079_08,calibration_000079,61,sink_like,1,1,calibration_000079_t1_c1,big,big_1,2,1.8,1.06,60,177945.92,177945.921875,183385.8125,201953.34375,207472.234375,220236.0,LO,1416507,1418557,calibration
calibration_calibration_000079_09,calibration_000079,61,sink_like,1,2,calibration_000079_t1_c2,little,little_1,2,1.2,0.93,60,292608.78,292608.78125,296627.96875,322279.875,329624.78125,346055.03125,LO,1416507,1418557,calibration
calibration_calibration_000079_10,calibration_000079,61,sink_like,1,3,calibration_000079_t1_c3,big,big_1,3,2.2,1.15,60,145346.75,145346.75,145447.03125,161925.65625,166647.828125,177998.65625,LO,1416507,1418557,calibration
calibration_calibration_000079_11,calibration_000079,61,sink_like,1,4,calibration_000079_t1_c4,little,little_1,3,1.5,1.0,60,249086.89,249086.890625,255605.453125,278430.21875,285088.34375,300087.4375,LO,1416507,1418557,calibration
calibration_calibration_000079_12,calibration_000079,61,sink_like,1,5,calibration_000079_t1_c5,big,big_0,0,1.0,0.9,60,223346.44,223346.4375,224458.9375,245400.484375,251595.46875,265672.125,LO,1416507,1418557,calibration
calibration_calibration_000079_13,calibration_000079,61,sink_like,1,6,calibration_000079_t1_c6,little,little_1,0,0.6,0.8,60,479729.9,479729.90625,461378.90625,498457.5,508869.5,530153.0,LO,1416507,1418557,calibration
calibration_calibration_000079_14,calibration_000079,49,middle,2,0,calibration_000079_t2_c0,big,big_0,2,1.8,1.06,48,259260.77,259260.765625,274221.21875,298353.90625,305345.875,321057.46875,LO,1416507,1418557,calibration
calibration_calibration_000079_15,calibration_000079,49,middle,2,1,calibration_000079_t2_c1,little,little_0,2,1.2,0.93,48,425604.22,425604.21875,420667.3125,456521.5,466709.375,488148.75,LO,1416507,1418557,calibration
calibration_calibration_000079_16,calibration_000079,49,middle,2,2,calibration_000079_t2_c2,big,big_0,3,2.2,1.15,48,261915.67,261915.671875,253330.703125,276143.625,282840.875,297932.1875,LO,1416507,1418557,calibration
calibration_calibration_000079_17,calibration_000079,49,middle,2,3,calibration_000079_t2_c3,little,little_0,3,1.5,1.0,48,275359.06,275359.0625,285169.59375,309999.71875,317144.90625,333168.65625,LO,1416507,1418557,calibration
calibration_calibration_000079_18,calibration_000079,49,middle,2,4,calibration_000079_t2_c4,big,big_1,0,1.0,0.9,48,456652.78,456652.78125,461090.9375,500348.0625,511609.34375,534512.75,LO,1416507,1418557,calibration
calibration_calibration_000079_19,calibration_000079,49,middle,2,5,calibration_000079_t2_c5,little,little_0,0,0.6,0.8,48,644654.0,644654.0,639281.5,691130.0625,706742.625,733519.75,LO,1416507,1418557,calibration
calibration_calibration_000079_20,calibration_000079,49,middle,2,6,calibration_000079_t2_c6,big,big_0,1,1.4,0.98,48,256034.64,256034.640625,268486.59375,292178.25,299037.0625,314487.8125,LO,1416507,1418557,calibration
calibration_calibration_000079_21,calibration_000079,22,high_degree,3,0,calibration_000079_t3_c0,little,little_0,2,1.2,0.93,21,236590.69,236590.6875,251708.046875,274223.1875,280768.15625,295566.1875,LO,1416507,1418557,calibration
calibration_calibration_000079_22,calibration_000079,22,high_degree,3,1,calibration_000079_t3_c1,big,big_1,3,2.2,1.15,21,122373.555,122373.5546875,118665.234375,133937.8125,138154.15625,148652.078125,LO,1416507,1418557,calibration
calibration_calibration_000079_23,calibration_000079,22,high_degree,3,2,calibration_000079_t3_c2,little,little_0,3,1.5,1.0,21,156455.55,156455.546875,158293.1875,175246.625,180159.53125,191825.0625,LO,1416507,1418557,calibration
calibration_calibration_000079_24,calibration_000079,22,high_degree,3,3,calibration_000079_t3_c3,big,big_1,0,1.0,0.9,21,192419.38,192419.375,193705.21875,212807.875,218483.921875,231554.03125,LO,1416507,1418557,calibration
calibration_calibration_000079_25,calibration_000079,22,high_degree,3,4,calibration_000079_t3_c4,little,little_0,0,0.6,0.8,21,307119.6,307119.59375,341565.375,370211.40625,378163.75,395982.6875,LO,1416507,1418557,calibration
calibration_calibration_000079_26,calibration_000079,22,high_degree,3,5,calibration_000079_t3_c5,big,big_1,1,1.4,0.98,21,152657.53,152657.53125,164508.03125,181904.125,187005.09375,199004.40625,LO,1416507,1418557,calibration
calibration_calibration_000079_27,calibration_000079,22,high_degree,3,6,calibration_000079_t3_c6,little,little_1,1,0.9,0.86,21,230693.58,230693.578125,239485.71875,261273.828125,267631.21875,282081.0625,LO,1416507,1418557,calibration
calibration_calibration_000079_28,calibration_000079,42,communication_heavy,4,0,calibration_000079_t4_c0,big,big_1,3,2.2,1.15,41,241570.0,241570.0,234332.9375,255969.046875,262384.03125,276887.25,LO,1416507,1418557,calibration
calibration_calibration_000079_29,calibration_000079,42,communication_heavy,4,1,calibration_000079_t4_c1,little,little_1,3,1.5,1.0,41,371444.9,371444.90625,379970.4375,412391.5,421566.4375,441412.0,LO,1416507,1418557,calibration
calibration_calibration_000079_30,calibration_000079,42,communication_heavy,4,2,calibration_000079_t4_c2,big,big_1,0,1.0,0.9,41,491708.34,491708.34375,470102.6875,510132.0,521645.84375,544870.625,LO,1416507,1418557,calibration
calibration_calibration_000079_31,calibration_000079,42,communication_heavy,4,3,calibration_000079_t4_c3,little,little_0,0,0.6,0.8,41,628037.0,628037.0,624539.625,675172.1875,690347.1875,716632.875,LO,1416507,1418557,calibration
calibration_calibration_000079_32,calibration_000079,42,communication_heavy,4,4,calibration_000079_t4_c4,big,big_1,1,1.4,0.98,41,251488.61,251488.609375,250086.5625,272558.6875,279108.84375,293927.4375,LO,1416507,1418557,calibration
calibration_calibration_000079_33,calibration_000079,42,communication_heavy,4,5,calibration_000079_t4_c5,little,little_0,1,0.9,0.86,41,551480.06,551480.0625,538086.125,583505.4375,596795.25,621980.375,LO,1416507,1418557,calibration
calibration_calibration_000079_34,calibration_000079,42,communication_heavy,4,6,calibration_000079_t4_c6,big,big_0,2,1.8,1.06,41,247373.16,247373.15625,243418.15625,265559.03125,272073.0625,286785.15625,LO,1416507,1418557,calibration
calibration_calibration_000079_35,calibration_000079,68,random,5,0,calibration_000079_t5_c0,little,little_0,3,1.5,1.0,67,178621.6,178621.59375,178659.125,196905.140625,202306.1875,214853.109375,LO,1416507,1418557,calibration
calibration_calibration_000079_36,calibration_000079,68,random,5,1,calibration_000079_t5_c1,big,big_1,0,1.0,0.9,67,165312.77,165312.765625,162613.90625,180120.234375,185312.90625,197491.46875,LO,1416507,1418557,calibration
calibration_calibration_000079_37,calibration_000079,68,random,5,2,calibration_000079_t5_c2,little,little_0,0,0.6,0.8,67,385632.25,385632.25,378230.0,408461.375,416621.625,434698.8125,LO,1416507,1418557,calibration
calibration_calibration_000079_38,calibration_000079,68,random,5,3,calibration_000079_t5_c3,big,big_0,1,1.4,0.98,67,131008.54,131008.5390625,137347.90625,153444.6875,158029.5625,169147.15625,LO,1416507,1418557,calibration
calibration_calibration_000079_39,calibration_000079,68,random,5,4,calibration_000079_t5_c4,little,little_1,1,0.9,0.86,67,298693.72,298693.71875,298948.65625,324678.8125,332011.65625,348447.09375,LO,1416507,1418557,calibration
calibration_calibration_000079_40,calibration_000079,68,random,5,5,calibration_000079_t5_c5,big,big_1,2,1.8,1.06,67,101790.75,101790.75,107812.65625,122761.390625,126875.953125,137197.5,LO,1416507,1418557,calibration
calibration_calibration_000079_41,calibration_000079,68,random,5,6,calibration_000079_t5_c6,little,little_1,2,1.2,0.93,67,223730.81,223730.8125,225921.328125,246900.421875,253093.84375,267159.375,LO,1416507,1418557,calibration
calibration_calibration_000095_00,calibration_000095,7,source_like,0,0,calibration_000095_t0_c0,little,little_0,2,1.2,0.93,6,162538.56,162538.5625,162183.640625,179502.59375,184609.21875,196602.84375,HI,1543549,1585359,calibration
calibration_calibration_000095_01,calibration_000095,7,source_like,0,1,calibration_000095_t0_c1,big,big_0,3,2.2,1.15,6,56034.11,56034.109375,56798.15625,70050.8125,73844.140625,83007.296875,HI,1543549,1585359,calibration
calibration_calibration_000095_02,calibration_000095,7,source_like,0,2,calibration_000095_t0_c2,little,little_0,3,1.5,1.0,6,133941.78,133941.78125,132255.265625,148139.859375,152629.9375,163587.515625,HI,1543549,1585359,calibration
calibration_calibration_000095_03,calibration_000095,7,source_like,0,3,calibration_000095_t0_c3,big,big_1,0,1.0,0.9,6,124153.586,124153.5859375,125167.359375,141010.421875,145547.71875,156624.65625,HI,1543549,1585359,calibration
calibration_calibration_000095_04,calibration_000095,7,source_like,0,4,calibration_000095_t0_c4,little,little_0,0,0.6,0.8,6,318260.03,318260.03125,312054.125,338467.03125,345714.28125,362396.875,HI,1543549,1585359,calibration
calibration_calibration_000095_05,calibration_000095,7,source_like,0,5,calibration_000095_t0_c5,big,big_0,1,1.4,0.98,6,94964.03,94964.03125,94522.09375,109242.03125,113275.765625,123426.15625,HI,1543549,1585359,calibration
calibration_calibration_000095_06,calibration_000095,7,source_like,0,6,calibration_000095_t0_c6,little,little_1,1,0.9,0.86,6,203837.17,203837.171875,199214.3125,219190.6875,225281.453125,239137.203125,HI,1543549,1585359,calibration
calibration_calibration_000095_07,calibration_000095,134,sink_like,1,0,calibration_000095_t1_c0,big,big_0,3,2.2,1.15,133,193851.27,193851.265625,184820.75,203576.65625,209176.71875,222102.328125,HI,1543549,1585359,calibration
calibration_calibration_000095_08,calibration_000095,134,sink_like,1,1,calibration_000095_t1_c1,little,little_1,3,1.5,1.0,133,318933.25,318933.25,311795.8125,338630.5,346292.6875,363347.5625,HI,1543549,1585359,calibration
calibration_calibration_000095_09,calibration_000095,134,sink_like,1,2,calibration_000095_t1_c2,big,big_0,0,1.0,0.9,133,286139.6,286139.59375,289891.46875,315076.25,322301.8125,338522.9375,HI,1543549,1585359,calibration
calibration_calibration_000095_10,calibration_000095,134,sink_like,1,3,calibration_000095_t1_c3,little,little_0,0,0.6,0.8,133,509958.84,509958.84375,538389.25,581307.375,593630.5,616914.125,HI,1543549,1585359,calibration
calibration_calibration_000095_11,calibration_000095,134,sink_like,1,4,calibration_000095_t1_c4,big,big_1,1,1.4,0.98,133,290067.78,290067.78125,305393.5,331738.0,339263.84375,356064.3125,HI,1543549,1585359,calibration
calibration_calibration_000095_12,calibration_000095,134,sink_like,1,5,calibration_000095_t1_c5,little,little_1,1,0.9,0.86,133,421007.16,421007.15625,412745.625,447556.625,457391.03125,478253.46875,HI,1543549,1585359,calibration
calibration_calibration_000095_13,calibration_000095,134,sink_like,1,6,calibration_000095_t1_c6,big,big_1,2,1.8,1.06,133,165892.53,165892.53125,179199.1875,197525.125,202961.4375,215574.421875,HI,1543549,1585359,calibration
calibration_calibration_000095_14,calibration_000095,145,middle,2,0,calibration_000095_t2_c0,little,little_0,3,1.5,1.0,144,179852.95,179852.953125,184511.53125,203147.3125,208695.265625,221509.34375,HI,1543549,1585359,calibration
calibration_calibration_000095_15,calibration_000095,145,middle,2,1,calibration_000095_t2_c1,big,big_1,0,1.0,0.9,144,206165.36,206165.359375,206689.40625,226679.890625,232666.203125,246312.359375,HI,1543549,1585359,calibration
calibration_calibration_000095_16,calibration_000095,145,middle,2,2,calibration_000095_t2_c2,little,little_1,0,0.6,0.8,144,458302.97,458302.96875,456386.125,492674.6875,502791.625,523599.75,HI,1543549,1585359,calibration
calibration_calibration_000095_17,calibration_000095,145,middle,2,3,calibration_000095_t2_c3,big,big_1,1,1.4,0.98,144,187287.34,187287.34375,177475.0,195678.6875,201068.75,213597.109375,HI,1543549,1585359,calibration
calibration_calibration_000095_18,calibration_000095,145,middle,2,4,calibration_000095_t2_c4,little,little_1,1,0.9,0.86,144,340423.75,340423.75,337615.125,366255.5,374348.09375,392249.9375,HI,1543549,1585359,calibration
calibration_calibration_000095_19,calibration_000095,145,middle,2,5,calibration_000095_t2_c5,big,big_0,2,1.8,1.06,144,144696.03,144696.03125,142088.046875,158386.453125,163041.53125,174274.546875,HI,1543549,1585359,calibration
calibration_calibration_000095_20,calibration_000095,145,middle,2,6,calibration_000095_t2_c6,little,little_1,2,1.2,0.93,144,292073.3,292073.3125,274824.28125,298925.09375,305891.1875,321534.1875,HI,1543549,1585359,calibration
calibration_calibration_000095_21,calibration_000095,66,high_degree,3,0,calibration_000095_t3_c0,big,big_0,0,1.0,0.9,65,349742.9,349742.90625,328739.53125,356793.03125,364740.28125,382395.09375,HI,1543549,1585359,calibration
calibration_calibration_000095_22,calibration_000095,66,high_degree,3,1,calibration_000095_t3_c1,little,little_1,0,0.6,0.8,65,584453.2,584453.1875,554508.875,598619.75,611359.0,635015.0625,HI,1543549,1585359,calibration
calibration_calibration_000095_23,calibration_000095,66,high_degree,3,2,calibration_000095_t3_c2,big,big_1,1,1.4,0.98,65,281899.78,281899.78125,280568.65625,305112.75,312196.40625,328090.5,HI,1543549,1585359,calibration
calibration_calibration_000095_24,calibration_000095,66,high_degree,3,3,calibration_000095_t3_c3,little,little_1,1,0.9,0.86,65,507742.6,507742.59375,485834.375,526816.3125,538590.375,562077.5625,HI,1543549,1585359,calibration
calibration_calibration_000095_25,calibration_000095,66,high_degree,3,4,calibration_000095_t3_c4,big,big_0,2,1.8,1.06,65,255119.64,255119.640625,243627.46875,265786.65625,272314.0,287045.125,HI,1543549,1585359,calibration
calibration_calibration_000095_26,calibration_000095,66,high_degree,3,5,calibration_000095_t3_c5,little,little_1,2,1.2,0.93,65,381131.03,381131.03125,369563.96875,401003.4375,409890.9375,429233.1875,HI,1543549,1585359,calibration
calibration_calibration_000095_27,calibration_000095,66,high_degree,3,6,calibration_000095_t3_c6,big,big_1,3,2.2,1.15,65,170018.58,170018.578125,161606.796875,178912.375,183970.59375,195903.3125,HI,1543549,1585359,calibration
calibration_calibration_000095_28,calibration_000095,126,communication_heavy,4,0,calibration_000095_t4_c0,little,little_0,0,0.6,0.8,125,781788.94,781788.9375,747003.875,808820.6875,827568.125,859417.4375,HI,1543549,1585359,calibration
calibration_calibration_000095_29,calibration_000095,126,communication_heavy,4,1,calibration_000095_t4_c1,big,big_0,1,1.4,0.98,125,375700.9,375700.90625,354139.9375,384247.125,392745.3125,411422.6875,HI,1543549,1585359,calibration
calibration_calibration_000095_30,calibration_000095,126,communication_heavy,4,2,calibration_000095_t4_c2,little,little_1,1,0.9,0.86,125,674215.94,674215.9375,642939.25,697473.125,713912.125,742748.875,HI,1543549,1585359,calibration
calibration_calibration_000095_31,calibration_000095,126,communication_heavy,4,3,calibration_000095_t4_c3,big,big_0,2,1.8,1.06,125,323087.97,323087.96875,345262.4375,374692.4375,383017.125,401376.03125,HI,1543549,1585359,calibration
calibration_calibration_000095_32,calibration_000095,126,communication_heavy,4,4,calibration_000095_t4_c4,little,little_1,2,1.2,0.93,125,617704.6,617704.625,616109.3125,670042.0,686374.0,715704.4375,HI,1543549,1585359,calibration
calibration_calibration_000095_33,calibration_000095,126,communication_heavy,4,5,calibration_000095_t4_c5,big,big_0,3,2.2,1.15,125,274496.88,274496.875,275953.09375,300218.5625,307255.15625,323051.75,HI,1543549,1585359,calibration
calibration_calibration_000095_34,calibration_000095,126,communication_heavy,4,6,calibration_000095_t4_c6,little,little_0,3,1.5,1.0,125,357518.3,357518.3125,344976.9375,374403.8125,382738.84375,401094.75,HI,1543549,1585359,calibration
calibration_calibration_000095_35,calibration_000095,183,random,5,0,calibration_000095_t5_c0,big,big_0,1,1.4,0.98,182,183412.6,183412.59375,177922.46875,196165.4375,201571.09375,214128.75,HI,1543549,1585359,calibration
calibration_calibration_000095_36,calibration_000095,183,random,5,1,calibration_000095_t5_c1,little,little_0,1,0.9,0.86,182,390693.12,390693.125,361758.84375,392333.625,400951.625,419805.0625,HI,1543549,1585359,calibration
calibration_calibration_000095_37,calibration_000095,183,random,5,2,calibration_000095_t5_c2,big,big_0,2,1.8,1.06,182,125070.29,125070.2890625,125470.515625,140956.3125,145297.078125,155987.671875,HI,1543549,1585359,calibration
calibration_calibration_000095_38,calibration_000095,183,random,5,3,calibration_000095_t5_c3,little,little_1,2,1.2,0.93,182,265692.16,265692.15625,268496.09375,292181.96875,299049.03125,314491.21875,HI,1543549,1585359,calibration
calibration_calibration_000095_39,calibration_000095,183,random,5,4,calibration_000095_t5_c4,big,big_1,3,2.2,1.15,182,130945.11,130945.109375,130472.828125,146270.53125,150702.625,161566.515625,HI,1543549,1585359,calibration
calibration_calibration_000095_40,calibration_000095,183,random,5,5,calibration_000095_t5_c5,little,little_0,3,1.5,1.0,182,208896.55,208896.546875,201214.0,220819.5,226671.453125,240057.359375,HI,1543549,1585359,calibration
calibration_calibration_000095_41,calibration_000095,183,random,5,6,calibration_000095_t5_c6,big,big_1,0,1.0,0.9,182,217424.88,217424.875,228939.71875,250229.3125,256543.078125,270851.15625,HI,1543549,1585359,calibration
calibration_calibration_000136_00,calibration_000136,11,source_like,0,0,calibration_000136_t0_c0,big,big_0,0,1.0,0.9,10,83371.13,83371.1328125,85015.234375,99725.625,103837.09375,114070.484375,LO,2255790,2472923,calibration
calibration_calibration_000136_01,calibration_000136,11,source_like,0,1,calibration_000136_t0_c1,little,little_1,0,0.6,0.8,10,219549.3,219549.296875,211090.90625,232778.78125,239437.078125,254607.78125,LO,2255790,2472923,calibration
calibration_calibration_000136_02,calibration_000136,11,source_like,0,2,calibration_000136_t0_c2,big,big_1,1,1.4,0.98,10,61041.973,61041.97265625,58014.34375,71396.21875,75244.609375,84531.921875,LO,2255790,2472923,calibration
calibration_calibration_000136_03,calibration_000136,11,source_like,0,3,calibration_000136_t0_c3,little,little_1,1,0.9,0.86,10,145764.22,145764.21875,136417.109375,152953.75,157791.875,169415.484375,LO,2255790,2472923,calibration
calibration_calibration_000136_04,calibration_000136,11,source_like,0,4,calibration_000136_t0_c4,big,big_0,2,1.8,1.06,10,48809.145,48809.14453125,45643.578125,58458.828125,62239.359375,71152.15625,LO,2255790,2472923,calibration
calibration_calibration_000136_05,calibration_000136,11,source_like,0,5,calibration_000136_t0_c5,little,little_1,2,1.2,0.93,10,95406.36,95406.359375,99664.375,114692.609375,118854.140625,129272.421875,LO,2255790,2472923,calibration
calibration_calibration_000136_06,calibration_000136,11,source_like,0,6,calibration_000136_t0_c6,big,big_1,3,2.2,1.15,10,39351.273,39351.2734375,39071.71875,51617.609375,55368.25,64090.6875,LO,2255790,2472923,calibration
calibration_calibration_000136_07,calibration_000136,239,sink_like,1,0,calibration_000136_t1_c0,little,little_0,0,0.6,0.8,238,548361.6,548361.625,537715.25,580859.25,593290.6875,616736.75,LO,2255790,2472923,calibration
calibration_calibration_000136_08,calibration_000136,239,sink_like,1,1,calibration_000136_t1_c1,big,big_0,1,1.4,0.98,238,208756.52,208756.515625,202998.0625,222574.40625,228365.359375,241656.25,LO,2255790,2472923,calibration
calibration_calibration_000136_09,calibration_000136,239,sink_like,1,2,calibration_000136_t1_c2,little,little_1,1,0.9,0.86,238,382438.66,382438.65625,382573.875,414990.0,424141.375,443934.15625,LO,2255790,2472923,calibration
calibration_calibration_000136_10,calibration_000136,239,sink_like,1,3,calibration_000136_t1_c3,big,big_1,2,1.8,1.06,238,184642.11,184642.109375,180787.234375,199138.6875,204569.375,217172.15625,LO,2255790,2472923,calibration
calibration_calibration_000136_11,calibration_000136,239,sink_like,1,4,calibration_000136_t1_c4,little,little_1,2,1.2,0.93,238,339978.28,339978.28125,350520.09375,380409.46875,388867.0625,407450.21875,LO,2255790,2472923,calibration
calibration_calibration_000136_12,calibration_000136,239,sink_like,1,5,calibration_000136_t1_c5,big,big_0,3,2.2,1.15,238,191243.77,191243.765625,197636.484375,217099.265625,222924.21875,236263.734375,LO,2255790,2472923,calibration
calibration_calibration_000136_13,calibration_000136,239,sink_like,1,6,calibration_000136_t1_c6,little,little_0,3,1.5,1.0,238,278305.5,278305.5,298019.21875,323806.3125,331196.09375,347705.4375,LO,2255790,2472923,calibration
calibration_calibration_000136_14,calibration_000136,141,middle,2,0,calibration_000136_t2_c0,big,big_0,1,1.4,0.98,140,326630.56,326630.5625,341121.8125,370223.84375,378461.25,396652.75,LO,2255790,2472923,calibration
calibration_calibration_000136_15,calibration_000136,141,middle,2,1,calibration_000136_t2_c1,little,little_0,1,0.9,0.86,140,440616.34,440616.34375,467011.5,506375.1875,517618.9375,540435.3125,LO,2255790,2472923,calibration
calibration_calibration_000136_16,calibration_000136,141,middle,2,2,calibration_000136_t2_c2,big,big_1,2,1.8,1.06,140,234233.45,234233.453125,259515.21875,282706.65625,289488.15625,304750.15625,LO,2255790,2472923,calibration
calibration_calibration_000136_17,calibration_000136,141,middle,2,3,calibration_000136_t2_c3,little,little_1,2,1.2,0.93,140,399773.3,399773.3125,413069.3125,448260.5,458248.8125,479387.8125,LO,2255790,2472923,calibration
calibration_calibration_000136_18,calibration_000136,141,middle,2,4,calibration_000136_t2_c4,big,big_0,3,2.2,1.15,140,162334.03,162334.03125,178442.984375,196689.0625,202093.75,214647.640625,LO,2255790,2472923,calibration
calibration_calibration_000136_19,calibration_000136,141,middle,2,5,calibration_000136_t2_c5,little,little_1,3,1.5,1.0,140,337240.2,337240.1875,369412.03125,400920.21875,409833.40625,429233.5,LO,2255790,2472923,calibration
calibration_calibration_000136_20,calibration_000136,141,middle,2,6,calibration_000136_t2_c6,big,big_0,0,1.0,0.9,140,345042.97,345042.96875,354992.125,385151.0625,393661.1875,412365.9375,LO,2255790,2472923,calibration
calibration_calibration_000136_21,calibration_000136,188,high_degree,3,0,calibration_000136_t3_c0,little,little_1,1,0.9,0.86,187,520036.3,520036.3125,517360.90625,561123.1875,573836.375,598447.375,LO,2255790,2472923,calibration
calibration_calibration_000136_22,calibration_000136,188,high_degree,3,1,calibration_000136_t3_c1,big,big_1,2,1.8,1.06,187,184111.81,184111.8125,195520.09375,214784.421875,220522.390625,233700.296875,LO,2255790,2472923,calibration
calibration_calibration_000136_23,calibration_000136,188,high_degree,3,2,calibration_000136_t3_c2,little,little_0,2,1.2,0.93,187,345106.12,345106.125,342882.625,372085.71875,380351.25,398579.75,LO,2255790,2472923,calibration
calibration_calibration_000136_24,calibration_000136,188,high_degree,3,3,calibration_000136_t3_c3,big,big_1,3,2.2,1.15,187,149636.02,149636.015625,149503.953125,166058.21875,170830.0625,182245.15625,LO,2255790,2472923,calibration
calibration_calibration_000136_25,calibration_000136,188,high_degree,3,4,calibration_000136_t3_c4,little,little_1,3,1.5,1.0,187,304652.78,304652.78125,300732.90625,326719.84375,334165.03125,350787.9375,LO,2255790,2472923,calibration
calibration_calibration_000136_26,calibration_000136,188,high_degree,3,5,calibration_000136_t3_c5,big,big_0,0,1.0,0.9,187,309500.97,309500.96875,329030.90625,357118.40625,365073.625,382748.375,LO,2255790,2472923,calibration
calibration_calibration_000136_27,calibration_000136,188,high_degree,3,6,calibration_000136_t3_c6,little,little_1,0,0.6,0.8,187,708617.7,708617.6875,676291.375,731085.75,747685.75,775608.75,LO,2255790,2472923,calibration
calibration_calibration_000136_28,calibration_000136,145,communication_heavy,4,0,calibration_000136_t4_c0,big,big_0,2,1.8,1.06,144,227995.34,227995.34375,219576.484375,240243.15625,246372.9375,260314.671875,LO,2255790,2472923,calibration
calibration_calibration_000136_29,calibration_000136,145,communication_heavy,4,1,calibration_000136_t4_c1,little,little_1,2,1.2,0.93,144,294016.72,294016.71875,291552.1875,316821.75,324061.09375,340293.46875,LO,2255790,2472923,calibration
calibration_calibration_000136_30,calibration_000136,145,communication_heavy,4,2,calibration_000136_t4_c2,big,big_1,3,2.2,1.15,144,219341.02,219341.015625,221519.765625,242390.0,248609.921875,262721.8125,LO,2255790,2472923,calibration
calibration_calibration_000136_31,calibration_000136,145,communication_heavy,4,3,calibration_000136_t4_c3,little,little_0,3,1.5,1.0,144,341842.03,341842.03125,325030.03125,352889.25,360809.875,378376.1875,LO,2255790,2472923,calibration
calibration_calibration_000136_32,calibration_000136,145,communication_heavy,4,4,calibration_000136_t4_c4,big,big_1,0,1.0,0.9,144,379702.94,379702.9375,352853.5,382904.875,391394.03125,410064.8125,LO,2255790,2472923,calibration
calibration_calibration_000136_33,calibration_000136,145,communication_heavy,4,5,calibration_000136_t4_c5,little,little_1,0,0.6,0.8,144,552122.4,552122.375,537173.375,580675.0,593246.9375,616984.875,LO,2255790,2472923,calibration
calibration_calibration_000136_34,calibration_000136,145,communication_heavy,4,6,calibration_000136_t4_c6,big,big_1,1,1.4,0.98,144,305096.78,305096.78125,298218.53125,324011.375,331391.9375,347908.8125,LO,2255790,2472923,calibration
calibration_calibration_000136_35,calibration_000136,31,random,5,0,calibration_000136_t5_c0,little,little_1,2,1.2,0.93,30,176976.58,176976.578125,172427.5625,190317.46875,195614.734375,207967.484375,LO,2255790,2472923,calibration
calibration_calibration_000136_36,calibration_000136,31,random,5,1,calibration_000136_t5_c1,big,big_1,3,2.2,1.15,30,66864.69,66864.6875,65316.046875,78842.5,82631.359375,91949.109375,LO,2255790,2472923,calibration
calibration_calibration_000136_37,calibration_000136,31,random,5,2,calibration_000136_t5_c2,little,little_0,3,1.5,1.0,30,156697.56,156697.5625,152057.15625,168821.453125,173667.375,185225.46875,LO,2255790,2472923,calibration
calibration_calibration_000136_38,calibration_000136,31,random,5,3,calibration_000136_t5_c3,big,big_1,0,1.0,0.9,30,164748.88,164748.875,169894.3125,187728.5,193024.625,205396.09375,LO,2255790,2472923,calibration
calibration_calibration_000136_39,calibration_000136,31,random,5,4,calibration_000136_t5_c4,little,little_1,0,0.6,0.8,30,361015.12,361015.125,354895.78125,383680.5625,391443.25,408931.8125,LO,2255790,2472923,calibration
calibration_calibration_000136_40,calibration_000136,31,random,5,5,calibration_000136_t5_c5,big,big_1,1,1.4,0.98,30,110704.63,110704.6328125,106716.3125,121693.109375,125815.3125,136157.84375,LO,2255790,2472923,calibration
calibration_calibration_000136_41,calibration_000136,31,random,5,6,calibration_000136_t5_c6,little,little_1,1,0.9,0.86,30,258107.53,258107.53125,235493.171875,257158.5625,263527.8125,277985.46875,LO,2255790,2472923,calibration
calibration_calibration_000158_00,calibration_000158,1,source_like,0,0,calibration_000158_t0_c0,little,little_0,2,1.2,0.93,0,47432.4,47432.3984375,54110.859375,67529.25,71459.609375,80813.671875,HI,17361984,24558825,calibration
calibration_calibration_000158_01,calibration_000158,1,source_like,0,1,calibration_000158_t0_c1,big,big_0,3,2.2,1.15,0,18427.783,18427.783203125,23256.109375,35719.765625,39695.265625,48550.5625,HI,17361984,24558825,calibration
calibration_calibration_000158_02,calibration_000158,1,source_like,0,2,calibration_000158_t0_c2,little,little_1,3,1.5,1.0,0,39324.78,39324.78125,36800.421875,49311.5625,53098.15625,61854.09375,HI,17361984,24558825,calibration
calibration_calibration_000158_03,calibration_000158,1,source_like,0,3,calibration_000158_t0_c3,big,big_0,0,1.0,0.9,0,44277.168,44277.16796875,42306.65625,55270.34375,59236.765625,68447.53125,HI,17361984,24558825,calibration
calibration_calibration_000158_04,calibration_000158,1,source_like,0,4,calibration_000158_t0_c4,little,little_1,0,0.6,0.8,0,95463.16,95463.15625,94293.53125,109360.453125,113639.484375,124265.78125,HI,17361984,24558825,calibration
calibration_calibration_000158_05,calibration_000158,1,source_like,0,5,calibration_000158_t0_c5,big,big_1,1,1.4,0.98,0,28674.223,28674.22265625,29679.84375,42125.4375,46015.515625,54840.546875,HI,17361984,24558825,calibration
calibration_calibration_000158_06,calibration_000158,1,source_like,0,6,calibration_000158_t0_c6,little,little_0,1,0.9,0.86,0,67373.74,67373.7421875,70941.671875,85349.0625,89488.765625,99574.0,HI,17361984,24558825,calibration
calibration_calibration_000158_07,calibration_000158,6,sink_like,1,0,calibration_000158_t1_c0,big,big_0,3,2.2,1.15,5,215090.92,215090.921875,216799.4375,237363.421875,243493.34375,257425.515625,HI,17361984,24558825,calibration
calibration_calibration_000158_08,calibration_000158,6,sink_like,1,1,calibration_000158_t1_c1,little,little_0,3,1.5,1.0,5,250078.2,250078.203125,255448.65625,278206.65625,284816.53125,299748.25,HI,17361984,24558825,calibration
calibration_calibration_000158_09,calibration_000158,6,sink_like,1,2,calibration_000158_t1_c2,big,big_0,0,1.0,0.9,5,363468.34,363468.34375,386455.5,419369.6875,428677.9375,448755.90625,HI,17361984,24558825,calibration
calibration_calibration_000158_10,calibration_000158,6,sink_like,1,3,calibration_000158_t1_c3,little,little_1,0,0.6,0.8,5,632360.3,632360.3125,662397.875,717044.375,733670.0,761908.875,HI,17361984,24558825,calibration
calibration_calibration_000158_11,calibration_000158,6,sink_like,1,4,calibration_000158_t1_c4,big,big_0,1,1.4,0.98,5,267639.12,267639.125,281893.0625,306505.5625,313589.3125,329499.46875,HI,17361984,24558825,calibration
calibration_calibration_000158_12,calibration_000158,6,sink_like,1,5,calibration_000158_t1_c5,little,little_0,1,0.9,0.86,5,432764.06,432764.0625,455905.5625,494712.5625,505829.28125,528556.8125,HI,17361984,24558825,calibration
calibration_calibration_000158_13,calibration_000158,6,sink_like,1,6,calibration_000158_t1_c6,big,big_1,2,1.8,1.06,5,184348.2,184348.203125,205508.75,225282.234375,231148.125,244573.921875,HI,17361984,24558825,calibration
calibration_calibration_000158_14,calibration_000158,150,middle,2,0,calibration_000158_t2_c0,little,little_1,3,1.5,1.0,149,244973.7,244973.703125,254532.71875,277250.21875,283861.09375,298776.28125,HI,17361984,24558825,calibration
calibration_calibration_000158_15,calibration_000158,150,middle,2,1,calibration_000158_t2_c1,big,big_1,0,1.0,0.9,149,228025.03,228025.03125,239732.59375,261521.765625,267890.0625,282340.75,HI,17361984,24558825,calibration
calibration_calibration_000158_16,calibration_000158,150,middle,2,2,calibration_000158_t2_c2,little,little_0,0,0.6,0.8,149,374213.12,374213.125,371064.21875,402042.28125,410708.4375,429712.21875,HI,17361984,24558825,calibration
calibration_calibration_000158_17,calibration_000158,150,middle,2,3,calibration_000158_t2_c3,big,big_1,1,1.4,0.98,149,203347.06,203347.0625,193857.0,212910.125,218560.09375,231569.484375,HI,17361984,24558825,calibration
calibration_calibration_000158_18,calibration_000158,150,middle,2,4,calibration_000158_t2_c4,little,little_0,1,0.9,0.86,149,339568.06,339568.0625,343482.46875,372769.5,381054.0,399333.9375,HI,17361984,24558825,calibration
calibration_calibration_000158_19,calibration_000158,150,middle,2,5,calibration_000158_t2_c5,big,big_1,2,1.8,1.06,149,184867.03,184867.03125,181132.734375,199535.734375,204996.09375,217649.59375,HI,17361984,24558825,calibration
calibration_calibration_000158_20,calibration_000158,150,middle,2,6,calibration_000158_t2_c6,little,little_0,2,1.2,0.93,149,221536.95,221536.953125,211929.015625,231898.734375,237761.890625,251206.4375,HI,17361984,24558825,calibration
calibration_calibration_000158_21,calibration_000158,38,high_degree,3,0,calibration_000158_t3_c0,big,big_0,0,1.0,0.9,37,234889.25,234889.25,217576.109375,238008.453125,244037.828125,257792.9375,HI,17361984,24558825,calibration
calibration_calibration_000158_22,calibration_000158,38,high_degree,3,1,calibration_000158_t3_c1,little,little_1,0,0.6,0.8,37,468220.3,468220.3125,459714.5,497231.8125,507838.8125,529507.75,HI,17361984,24558825,calibration
calibration_calibration_000158_23,calibration_000158,38,high_degree,3,2,calibration_000158_t3_c2,big,big_0,1,1.4,0.98,37,222508.25,222508.25,205718.953125,225499.046875,231374.15625,244808.3125,HI,17361984,24558825,calibration
calibration_calibration_000158_24,calibration_000158,38,high_degree,3,3,calibration_000158_t3_c3,little,little_1,1,0.9,0.86,37,410652.72,410652.71875,376814.75,408861.1875,417920.9375,437558.5625,HI,17361984,24558825,calibration
calibration_calibration_000158_25,calibration_000158,38,high_degree,3,4,calibration_000158_t3_c4,big,big_1,2,1.8,1.06,37,143254.58,143254.578125,140376.359375,156486.5625,161074.0625,172177.140625,HI,17361984,24558825,calibration
calibration_calibration_000158_26,calibration_000158,38,high_degree,3,5,calibration_000158_t3_c5,little,little_0,2,1.2,0.93,37,238424.19,238424.1875,225892.078125,246799.21875,252945.765625,266935.25,HI,17361984,24558825,calibration
calibration_calibration_000158_27,calibration_000158,38,high_degree,3,6,calibration_000158_t3_c6,big,big_0,3,2.2,1.15,37,173586.64,173586.640625,154191.796875,171103.421875,175997.65625,187643.46875,HI,17361984,24558825,calibration
calibration_calibration_000158_28,calibration_000158,166,communication_heavy,4,0,calibration_000158_t4_c0,little,little_1,0,0.6,0.8,165,1062669.4,1062669.375,987270.125,1082836.75,1106557.0,1169404.0,HI,17361984,24558825,calibration
calibration_calibration_000158_29,calibration_000158,166,communication_heavy,4,1,calibration_000158_t4_c1,big,big_0,1,1.4,0.98,165,595700.7,595700.6875,500601.875,543407.8125,555856.8125,580277.3125,HI,17361984,24558825,calibration
calibration_calibration_000158_30,calibration_000158,166,communication_heavy,4,2,calibration_000158_t4_c2,little,little_0,1,0.9,0.86,165,651307.4,651307.375,605969.375,657046.8125,672304.75,699638.5,HI,17361984,24558825,calibration
calibration_calibration_000158_31,calibration_000158,166,communication_heavy,4,3,calibration_000158_t4_c3,big,big_1,2,1.8,1.06,165,473070.7,473070.6875,434198.875,471368.0,481974.75,504051.125,HI,17361984,24558825,calibration
calibration_calibration_000158_32,calibration_000158,166,communication_heavy,4,4,calibration_000158_t4_c4,little,little_1,2,1.2,0.93,165,562594.2,562594.1875,525552.125,570560.75,583757.875,609093.125,HI,17361984,24558825,calibration
calibration_calibration_000158_33,calibration_000158,166,communication_heavy,4,5,calibration_000158_t4_c5,big,big_1,3,2.2,1.15,165,374264.22,374264.21875,333946.84375,362471.5,370559.84375,388475.78125,HI,17361984,24558825,calibration
calibration_calibration_000158_34,calibration_000158,166,communication_heavy,4,6,calibration_000158_t4_c6,little,little_0,3,1.5,1.0,165,475412.34,475412.34375,428267.96875,464905.28125,475344.15625,497181.78125,HI,17361984,24558825,calibration
calibration_calibration_000158_35,calibration_000158,162,random,5,0,calibration_000158_t5_c0,big,big_0,1,1.4,0.98,161,213673.23,213673.234375,216695.125,237235.65625,243349.625,257254.46875,HI,17361984,24558825,calibration
calibration_calibration_000158_36,calibration_000158,162,random,5,1,calibration_000158_t5_c1,little,little_0,1,0.9,0.86,161,442685.9,442685.90625,454418.625,492666.1875,503547.03125,525887.3125,HI,17361984,24558825,calibration
calibration_calibration_000158_37,calibration_000158,162,random,5,2,calibration_000158_t5_c2,big,big_0,2,1.8,1.06,161,151744.66,151744.65625,155066.046875,171996.90625,176921.15625,188609.34375,HI,17361984,24558825,calibration
calibration_calibration_000158_38,calibration_000158,162,random,5,3,calibration_000158_t5_c3,little,little_1,2,1.2,0.93,161,330869.53,330869.53125,333103.9375,361517.125,369573.1875,387409.34375,HI,17361984,24558825,calibration
calibration_calibration_000158_39,calibration_000158,162,random,5,4,calibration_000158_t5_c4,big,big_0,3,2.2,1.15,161,155392.73,155392.734375,168312.109375,186107.265625,191351.6875,203633.734375,HI,17361984,24558825,calibration
calibration_calibration_000158_40,calibration_000158,162,random,5,5,calibration_000158_t5_c5,little,little_1,3,1.5,1.0,161,279647.44,279647.4375,284738.9375,309597.0625,316774.53125,332843.96875,HI,17361984,24558825,calibration
calibration_calibration_000158_41,calibration_000158,162,random,5,6,calibration_000158_t5_c6,big,big_0,0,1.0,0.9,161,282146.03,282146.03125,292132.15625,317462.53125,324723.5625,341012.09375,HI,17361984,24558825,calibration
calibration_calibration_000162_00,calibration_000162,1,source_like,0,0,calibration_000162_t0_c0,little,little_0,1,0.9,0.86,0,116545.24,116545.2421875,114469.25,130199.859375,134731.78125,145875.4375,LO,4281683,4867485,calibration
calibration_calibration_000162_01,calibration_000162,1,source_like,0,1,calibration_000162_t0_c1,big,big_1,2,1.8,1.06,0,41196.16,41196.16015625,39007.171875,51629.65625,55434.59375,64262.140625,LO,4281683,4867485,calibration
calibration_calibration_000162_02,calibration_000162,1,source_like,0,2,calibration_000162_t0_c2,little,little_1,2,1.2,0.93,0,84948.86,84948.859375,82129.234375,96669.875,100702.59375,110744.46875,LO,4281683,4867485,calibration
calibration_calibration_000162_03,calibration_000162,1,source_like,0,3,calibration_000162_t0_c3,big,big_1,3,2.2,1.15,0,29419.445,29419.4453125,33482.109375,45917.046875,49704.421875,58383.921875,LO,4281683,4867485,calibration
calibration_calibration_000162_04,calibration_000162,1,source_like,0,4,calibration_000162_t0_c4,little,little_0,3,1.5,1.0,0,67334.45,67334.453125,66099.046875,79892.359375,83784.71875,93299.53125,LO,4281683,4867485,calibration
calibration_calibration_000162_05,calibration_000162,1,source_like,0,5,calibration_000162_t0_c5,big,big_1,0,1.0,0.9,0,71752.81,71752.8125,69036.3125,83111.046875,87108.515625,96884.03125,LO,4281683,4867485,calibration
calibration_calibration_000162_06,calibration_000162,1,source_like,0,6,calibration_000162_t0_c6,little,little_1,0,0.6,0.8,0,178065.12,178065.125,165519.71875,184462.421875,190285.21875,203810.640625,LO,4281683,4867485,calibration
calibration_calibration_000162_07,calibration_000162,12,sink_like,1,0,calibration_000162_t1_c0,big,big_0,2,1.8,1.06,11,175106.05,175106.046875,163717.375,181179.40625,186297.65625,198340.1875,LO,4281683,4867485,calibration
calibration_calibration_000162_08,calibration_000162,12,sink_like,1,1,calibration_000162_t1_c1,little,little_0,2,1.2,0.93,11,295429.75,295429.75,273480.9375,297524.625,304484.96875,320124.03125,LO,4281683,4867485,calibration
calibration_calibration_000162_09,calibration_000162,12,sink_like,1,2,calibration_000162_t1_c2,big,big_0,3,2.2,1.15,11,140318.23,140318.234375,130218.671875,145968.890625,150401.8125,161258.796875,LO,4281683,4867485,calibration
calibration_calibration_000162_10,calibration_000162,12,sink_like,1,3,calibration_000162_t1_c3,little,little_0,3,1.5,1.0,11,273126.1,273126.09375,248441.375,270866.5,277451.125,292290.8125,LO,4281683,4867485,calibration
calibration_calibration_000162_11,calibration_000162,12,sink_like,1,4,calibration_000162_t1_c4,big,big_1,0,1.0,0.9,11,254358.47,254358.46875,248026.21875,270461.75,277040.9375,291904.09375,LO,4281683,4867485,calibration
calibration_calibration_000162_12,calibration_000162,12,sink_like,1,5,calibration_000162_t1_c5,little,little_0,0,0.6,0.8,11,477048.28,477048.28125,447421.625,483161.625,493117.25,513799.6875,LO,4281683,4867485,calibration
calibration_calibration_000162_13,calibration_000162,12,sink_like,1,6,calibration_000162_t1_c6,big,big_0,1,1.4,0.98,11,209212.48,209212.484375,207535.8125,227478.296875,233412.875,246965.3125,LO,4281683,4867485,calibration
calibration_calibration_000162_14,calibration_000162,43,middle,2,0,calibration_000162_t2_c0,little,little_1,2,1.2,0.93,42,142390.64,142390.640625,138626.3125,154891.9375,159566.703125,170855.8125,LO,4281683,4867485,calibration
calibration_calibration_000162_15,calibration_000162,43,middle,2,1,calibration_000162_t2_c1,big,big_1,3,2.2,1.15,42,74830.15,74830.1484375,70226.984375,84025.953125,87882.265625,97407.359375,LO,4281683,4867485,calibration
calibration_calibration_000162_16,calibration_000162,43,middle,2,2,calibration_000162_t2_c2,little,little_0,3,1.5,1.0,42,97356.56,97356.5625,101121.140625,115977.0625,120061.15625,130328.828125,LO,4281683,4867485,calibration
calibration_calibration_000162_17,calibration_000162,43,middle,2,3,calibration_000162_t2_c3,big,big_1,0,1.0,0.9,42,127080.945,127080.9453125,129610.671875,145728.78125,150365.625,161644.953125,LO,4281683,4867485,calibration
calibration_calibration_000162_18,calibration_000162,43,middle,2,4,calibration_000162_t2_c4,little,little_1,0,0.6,0.8,42,214721.92,214721.921875,234603.265625,257623.421875,264585.03125,280435.25,LO,4281683,4867485,calibration
calibration_calibration_000162_19,calibration_000162,43,middle,2,5,calibration_000162_t2_c5,big,big_1,1,1.4,0.98,42,93078.336,93078.3359375,94276.09375,109030.203125,113092.28125,123295.515625,LO,4281683,4867485,calibration
calibration_calibration_000162_20,calibration_000162,43,middle,2,6,calibration_000162_t2_c6,little,little_1,1,0.9,0.86,42,193367.83,193367.828125,195351.1875,214891.28125,220758.828125,234228.515625,LO,4281683,4867485,calibration
calibration_calibration_000162_21,calibration_000162,19,high_degree,3,0,calibration_000162_t3_c0,big,big_0,3,2.2,1.15,18,63858.418,63858.41796875,63975.171875,77469.40625,81264.515625,90565.703125,LO,4281683,4867485,calibration
calibration_calibration_000162_22,calibration_000162,19,high_degree,3,1,calibration_000162_t3_c1,little,little_1,3,1.5,1.0,18,124987.95,124987.953125,123158.6875,138671.59375,143006.796875,153712.59375,LO,4281683,4867485,calibration
calibration_calibration_000162_23,calibration_000162,19,high_degree,3,2,calibration_000162_t3_c2,big,big_0,0,1.0,0.9,18,157183.2,157183.203125,145343.5625,162075.71875,166968.15625,178662.578125,LO,4281683,4867485,calibration
calibration_calibration_000162_24,calibration_000162,19,high_degree,3,3,calibration_000162_t3_c3,little,little_0,0,0.6,0.8,18,275210.47,275210.46875,290252.875,316021.34375,323372.84375,340181.25,LO,4281683,4867485,calibration
calibration_calibration_000162_25,calibration_000162,19,high_degree,3,4,calibration_000162_t3_c4,big,big_0,1,1.4,0.98,18,87622.1,87622.1015625,88903.65625,103441.015625,107435.265625,117470.375,LO,4281683,4867485,calibration
calibration_calibration_000162_26,calibration_000162,19,high_degree,3,5,calibration_000162_t3_c5,little,little_0,1,0.9,0.86,18,229193.86,229193.859375,222145.34375,243042.03125,249222.6875,263298.96875,LO,4281683,4867485,calibration
calibration_calibration_000162_27,calibration_000162,19,high_degree,3,6,calibration_000162_t3_c6,big,big_0,2,1.8,1.06,18,87585.84,87585.84375,81551.671875,95816.046875,99739.640625,109559.96875,LO,4281683,4867485,calibration
calibration_calibration_000162_28,calibration_000162,39,random,4,0,calibration_000162_t4_c0,little,little_0,3,1.5,1.0,38,132373.73,132373.734375,134246.140625,150138.046875,154639.46875,165607.15625,LO,4281683,4867485,calibration
calibration_calibration_000162_29,calibration_000162,39,random,4,1,calibration_000162_t4_c1,big,big_0,0,1.0,0.9,38,152683.39,152683.390625,152051.03125,169016.375,173993.375,185807.734375,LO,4281683,4867485,calibration
calibration_calibration_000162_30,calibration_000162,39,random,4,2,calibration_000162_t4_c2,little,little_0,0,0.6,0.8,38,325793.4,325793.40625,328017.78125,355603.0625,363214.1875,380520.25,LO,4281683,4867485,calibration
calibration_calibration_000162_31,calibration_000162,39,random,4,3,calibration_000162_t4_c3,big,big_0,1,1.4,0.98,38,147448.27,147448.265625,138473.546875,154642.875,159252.84375,170418.75,LO,4281683,4867485,calibration
calibration_calibration_000162_32,calibration_000162,39,random,4,4,calibration_000162_t4_c4,little,little_0,1,0.9,0.86,38,236154.83,236154.828125,233988.0625,255548.65625,261888.515625,276289.4375,LO,4281683,4867485,calibration
calibration_calibration_000162_33,calibration_000162,39,random,4,5,calibration_000162_t4_c5,big,big_0,2,1.8,1.06,38,101462.55,101462.546875,98826.09375,113538.0,117565.8125,127717.234375,LO,4281683,4867485,calibration
calibration_calibration_000162_34,calibration_000162,39,random,4,6,calibration_000162_t4_c6,little,little_0,2,1.2,0.93,38,222525.83,222525.828125,207724.28125,227591.40625,233482.046875,246953.125,LO,4281683,4867485,calibration
calibration_calibration_000162_35,calibration_000162,60,diverse_fill_1,5,0,calibration_000162_t5_c0,big,big_0,0,1.0,0.9,59,171894.22,171894.21875,170901.140625,188895.03125,194274.1875,206789.40625,LO,4281683,4867485,calibration
calibration_calibration_000162_36,calibration_000162,60,diverse_fill_1,5,1,calibration_000162_t5_c1,little,little_1,0,0.6,0.8,59,437610.88,437610.875,393658.375,424944.9375,433414.875,451937.09375,LO,4281683,4867485,calibration
calibration_calibration_000162_37,calibration_000162,60,diverse_fill_1,5,2,calibration_000162_t5_c2,big,big_0,1,1.4,0.98,59,160148.98,160148.984375,146727.78125,163285.09375,168056.9375,179494.34375,LO,4281683,4867485,calibration
calibration_calibration_000162_38,calibration_000162,60,diverse_fill_1,5,3,calibration_000162_t5_c3,little,little_0,1,0.9,0.86,59,296716.38,296716.375,282223.875,306776.5625,313817.75,329669.78125,LO,4281683,4867485,calibration
calibration_calibration_000162_39,calibration_000162,60,diverse_fill_1,5,4,calibration_000162_t5_c4,big,big_1,2,1.8,1.06,59,128112.92,128112.921875,112298.734375,127364.953125,131529.15625,141935.65625,LO,4281683,4867485,calibration
calibration_calibration_000162_40,calibration_000162,60,diverse_fill_1,5,5,calibration_000162_t5_c5,little,little_0,2,1.2,0.93,59,230612.94,230612.9375,204386.28125,224162.75,230069.375,243558.015625,LO,4281683,4867485,calibration
calibration_calibration_000162_41,calibration_000162,60,diverse_fill_1,5,6,calibration_000162_t5_c6,big,big_0,3,2.2,1.15,59,95133.984,95133.984375,93747.09375,108279.453125,112262.28125,122306.0,LO,4281683,4867485,calibration
calibration_calibration_000185_00,calibration_000185,67,source_like,0,0,calibration_000185_t0_c0,little,little_1,0,0.6,0.8,66,132112.84,132112.84375,119628.109375,135874.71875,140645.03125,152232.609375,HI,2146414,3145425,calibration
calibration_calibration_000185_01,calibration_000185,67,source_like,0,1,calibration_000185_t0_c1,big,big_0,1,1.4,0.98,66,37905.715,37905.71484375,36209.625,48819.90625,52694.609375,61612.40625,HI,2146414,3145425,calibration
calibration_calibration_000185_02,calibration_000185,67,source_like,0,2,calibration_000185_t0_c2,little,little_0,1,0.9,0.86,66,93073.36,93073.359375,81549.5625,96261.703125,100394.59375,110634.65625,HI,2146414,3145425,calibration
calibration_calibration_000185_03,calibration_000185,67,source_like,0,3,calibration_000185_t0_c3,big,big_1,2,1.8,1.06,66,30163.16,30163.16015625,29936.96875,42408.453125,46309.65625,55158.78125,HI,2146414,3145425,calibration
calibration_calibration_000185_04,calibration_000185,67,source_like,0,4,calibration_000185_t0_c4,little,little_1,2,1.2,0.93,66,62990.44,62990.44140625,59214.0625,72714.203125,76581.609375,85922.390625,HI,2146414,3145425,calibration
calibration_calibration_000185_05,calibration_000185,67,source_like,0,5,calibration_000185_t0_c5,big,big_1,3,2.2,1.15,66,24930.033,24930.033203125,25689.3125,38188.03125,42164.453125,51077.03125,HI,2146414,3145425,calibration
calibration_calibration_000185_06,calibration_000185,67,source_like,0,6,calibration_000185_t0_c6,little,little_1,3,1.5,1.0,66,52721.785,52721.78515625,47214.1875,60136.78125,63944.21875,72934.109375,HI,2146414,3145425,calibration
calibration_calibration_000185_07,calibration_000185,400,sink_like,1,0,calibration_000185_t1_c0,big,big_1,1,1.4,0.98,399,969811.2,969811.1875,640894.0,697135.375,714298.375,744754.8125,HI,2146414,3145425,calibration
calibration_calibration_000185_08,calibration_000185,400,sink_like,1,1,calibration_000185_t1_c1,little,little_1,1,0.9,0.86,399,2054646.0,2054646.0,1355374.75,1546164.75,1583868.5,1691437.75,HI,2146414,3145425,calibration
calibration_calibration_000185_09,calibration_000185,400,sink_like,1,2,calibration_000185_t1_c2,big,big_1,2,1.8,1.06,399,960864.44,960864.4375,617034.75,672049.0,688968.0,719183.5,HI,2146414,3145425,calibration
calibration_calibration_000185_10,calibration_000185,400,sink_like,1,3,calibration_000185_t1_c3,little,little_1,2,1.2,0.93,399,1500381.6,1500381.625,957331.4375,1059764.625,1085448.625,1151395.5,HI,2146414,3145425,calibration
calibration_calibration_000185_11,calibration_000185,400,sink_like,1,4,calibration_000185_t1_c4,big,big_1,3,2.2,1.15,399,828521.3,828521.3125,571622.25,622760.375,638388.375,667004.5,HI,2146414,3145425,calibration
calibration_calibration_000185_12,calibration_000185,400,sink_like,1,5,calibration_000185_t1_c5,little,little_0,3,1.5,1.0,399,1528674.2,1528674.25,961109.6875,1066242.625,1092776.125,1161191.5,HI,2146414,3145425,calibration
calibration_calibration_000185_13,calibration_000185,400,sink_like,1,6,calibration_000185_t1_c6,big,big_0,0,1.0,0.9,399,1691555.5,1691555.5,1076054.75,1193386.75,1221901.875,1311534.75,HI,2146414,3145425,calibration
calibration_calibration_000185_14,calibration_000185,132,middle,2,0,calibration_000185_t2_c0,little,little_0,1,0.9,0.86,131,1140982.6,1140982.625,1136246.0,1262730.75,1295362.25,1402729.0,HI,2146414,3145425,calibration
calibration_calibration_000185_15,calibration_000185,132,middle,2,1,calibration_000185_t2_c1,big,big_1,2,1.8,1.06,131,480321.16,480321.15625,477431.875,518520.0,530415.875,554246.4375,HI,2146414,3145425,calibration
calibration_calibration_000185_16,calibration_000185,132,middle,2,2,calibration_000185_t2_c2,little,little_1,2,1.2,0.93,131,660029.5,660029.5,653019.0,710725.375,728336.0,759536.125,HI,2146414,3145425,calibration
calibration_calibration_000185_17,calibration_000185,132,middle,2,3,calibration_000185_t2_c3,big,big_0,3,2.2,1.15,131,473258.0,473258.0,451167.40625,490262.8125,501539.46875,524611.3125,HI,2146414,3145425,calibration
calibration_calibration_000185_18,calibration_000185,132,middle,2,4,calibration_000185_t2_c4,little,little_1,3,1.5,1.0,131,571135.7,571135.6875,565083.25,614408.0,629179.625,656615.375,HI,2146414,3145425,calibration
calibration_calibration_000185_19,calibration_000185,132,middle,2,5,calibration_000185_t2_c5,big,big_1,0,1.0,0.9,131,730611.06,730611.0625,699759.6875,760614.625,779145.1875,811381.875,HI,2146414,3145425,calibration
calibration_calibration_000185_20,calibration_000185,132,middle,2,6,calibration_000185_t2_c6,little,little_0,0,0.6,0.8,131,1496997.5,1496997.5,1401374.25,1610320.25,1648254.0,1745331.25,HI,2146414,3145425,calibration
calibration_calibration_000185_21,calibration_000185,196,random,3,0,calibration_000185_t3_c0,big,big_0,2,1.8,1.06,195,162413.36,162413.359375,173902.875,191887.40625,197195.0625,209574.9375,HI,2146414,3145425,calibration
calibration_calibration_000185_22,calibration_000185,196,random,3,1,calibration_000185_t3_c1,little,little_0,2,1.2,0.93,195,252093.72,252093.71875,260903.53125,284057.90625,290780.0,305938.0625,HI,2146414,3145425,calibration
calibration_calibration_000185_23,calibration_000185,196,random,3,2,calibration_000185_t3_c2,big,big_0,3,2.2,1.15,195,157325.83,157325.828125,164405.078125,181917.703125,187057.09375,199138.6875,HI,2146414,3145425,calibration
calibration_calibration_000185_24,calibration_000185,196,random,3,3,calibration_000185_t3_c3,little,little_0,3,1.5,1.0,195,266627.03,266627.03125,275554.0,299727.625,306717.46875,322400.96875,HI,2146414,3145425,calibration
calibration_calibration_000185_25,calibration_000185,196,random,3,4,calibration_000185_t3_c4,big,big_0,0,1.0,0.9,195,238772.98,238772.984375,234291.265625,255806.375,262136.5625,276491.9375,HI,2146414,3145425,calibration
calibration_calibration_000185_26,calibration_000185,196,random,3,5,calibration_000185_t3_c5,little,little_0,0,0.6,0.8,195,548817.7,548817.6875,582876.625,629448.0,643101.0,667612.125,HI,2146414,3145425,calibration
calibration_calibration_000185_27,calibration_000185,196,random,3,6,calibration_000185_t3_c6,big,big_1,1,1.4,0.98,195,221040.92,221040.921875,217585.9375,238104.15625,244186.046875,258032.453125,HI,2146414,3145425,calibration
calibration_calibration_000185_28,calibration_000185,318,diverse_fill_1,4,0,calibration_000185_t4_c0,little,little_0,2,1.2,0.93,317,152344.56,152344.5625,144238.09375,160683.65625,165435.8125,176832.375,HI,2146414,3145425,calibration
calibration_calibration_000185_29,calibration_000185,318,diverse_fill_1,4,1,calibration_000185_t4_c1,big,big_0,3,2.2,1.15,317,66499.336,66499.3359375,67605.78125,81259.890625,85076.859375,94484.21875,HI,2146414,3145425,calibration
calibration_calibration_000185_30,calibration_000185,318,diverse_fill_1,4,2,calibration_000185_t4_c2,little,little_0,3,1.5,1.0,317,136241.11,136241.109375,141790.515625,158062.1875,162706.6875,173920.40625,HI,2146414,3145425,calibration
calibration_calibration_000185_31,calibration_000185,318,diverse_fill_1,4,3,calibration_000185_t4_c3,big,big_1,0,1.0,0.9,317,142807.02,142807.015625,149189.9375,166031.578125,170967.65625,182714.90625,HI,2146414,3145425,calibration
calibration_calibration_000185_32,calibration_000185,318,diverse_fill_1,4,4,calibration_000185_t4_c4,little,little_1,0,0.6,0.8,317,318788.9,318788.90625,294005.90625,319885.375,327253.125,344024.78125,HI,2146414,3145425,calibration
calibration_calibration_000185_33,calibration_000185,318,diverse_fill_1,4,5,calibration_000185_t4_c5,big,big_0,1,1.4,0.98,317,92155.836,92155.8359375,89819.3125,104349.671875,108337.484375,118365.5,HI,2146414,3145425,calibration
calibration_calibration_000185_34,calibration_000185,318,diverse_fill_1,4,6,calibration_000185_t4_c6,little,little_0,1,0.9,0.86,317,219266.56,219266.5625,210191.375,230330.203125,236310.09375,249971.671875,HI,2146414,3145425,calibration
calibration_calibration_000185_35,calibration_000185,373,diverse_fill_2,5,0,calibration_000185_t5_c0,big,big_0,3,2.2,1.15,372,56009.42,56009.421875,53340.078125,66479.0,70313.890625,79498.0,HI,2146414,3145425,calibration
calibration_calibration_000185_36,calibration_000185,373,diverse_fill_2,5,1,calibration_000185_t5_c1,little,little_0,3,1.5,1.0,372,85291.59,85291.59375,92057.59375,106737.9375,110775.109375,120915.03125,HI,2146414,3145425,calibration
calibration_calibration_000185_37,calibration_000185,373,diverse_fill_2,5,2,calibration_000185_t5_c2,big,big_1,0,1.0,0.9,372,79056.37,79056.3671875,84283.4375,98888.25,102938.796875,113042.3125,HI,2146414,3145425,calibration
calibration_calibration_000185_38,calibration_000185,373,diverse_fill_2,5,3,calibration_000185_t5_c3,little,little_1,0,0.6,0.8,372,176095.06,176095.0625,206746.15625,227994.796875,234523.28125,249391.640625,HI,2146414,3145425,calibration
calibration_calibration_000185_39,calibration_000185,373,diverse_fill_2,5,4,calibration_000185_t5_c4,big,big_0,1,1.4,0.98,372,58515.285,58515.28515625,65169.203125,78844.046875,82717.734375,92190.640625,HI,2146414,3145425,calibration
calibration_calibration_000185_40,calibration_000185,373,diverse_fill_2,5,5,calibration_000185_t5_c5,little,little_1,1,0.9,0.86,372,136464.42,136464.421875,150715.6875,167878.1875,172965.84375,185008.59375,HI,2146414,3145425,calibration
calibration_calibration_000185_41,calibration_000185,373,diverse_fill_2,5,6,calibration_000185_t5_c6,big,big_0,2,1.8,1.06,372,49462.95,49462.94921875,52452.4375,65504.375,69284.984375,78339.40625,HI,2146414,3145425,calibration
calibration_calibration_000203_00,calibration_000203,12,source_like,0,0,calibration_000203_t0_c0,big,big_0,2,1.8,1.06,11,51631.82,51631.8203125,50010.90625,62996.125,66785.765625,75803.1875,LO,2025926,2317570,calibration
calibration_calibration_000203_01,calibration_000203,12,source_like,0,1,calibration_000203_t0_c1,little,little_0,2,1.2,0.93,11,126224.016,126224.015625,113699.65625,129022.078125,133311.375,143967.53125,LO,2025926,2317570,calibration
calibration_calibration_000203_02,calibration_000203,12,source_like,0,2,calibration_000203_t0_c2,big,big_0,3,2.2,1.15,11,39770.48,39770.48046875,41437.5,54048.75,57793.84375,66555.203125,LO,2025926,2317570,calibration
calibration_calibration_000203_03,calibration_000203,12,source_like,0,3,calibration_000203_t0_c3,little,little_0,3,1.5,1.0,11,93957.48,93957.4765625,92615.453125,107398.828125,111440.046875,121601.9375,LO,2025926,2317570,calibration
calibration_calibration_000203_04,calibration_000203,12,source_like,0,4,calibration_000203_t0_c4,big,big_0,0,1.0,0.9,11,91734.59,91734.59375,84708.546875,99383.71875,103464.3125,113630.171875,LO,2025926,2317570,calibration
calibration_calibration_000203_05,calibration_000203,12,source_like,0,5,calibration_000203_t0_c5,little,little_0,0,0.6,0.8,11,233257.05,233257.046875,216736.40625,238821.3125,245598.6875,261005.90625,LO,2025926,2317570,calibration
calibration_calibration_000203_06,calibration_000203,12,source_like,0,6,calibration_000203_t0_c6,big,big_1,1,1.4,0.98,11,62379.15,62379.1484375,60097.921875,73553.71875,77389.65625,86690.375,LO,2025926,2317570,calibration
calibration_calibration_000203_07,calibration_000203,219,sink_like,1,0,calibration_000203_t1_c0,little,little_0,2,1.2,0.93,218,252023.03,252023.03125,254949.15625,277732.5625,284370.15625,299351.75,LO,2025926,2317570,calibration
calibration_calibration_000203_08,calibration_000203,219,sink_like,1,1,calibration_000203_t1_c1,big,big_1,3,2.2,1.15,218,164639.95,164639.953125,165139.65625,182691.1875,187840.125,199938.28125,LO,2025926,2317570,calibration
calibration_calibration_000203_09,calibration_000203,219,sink_like,1,2,calibration_000203_t1_c2,little,little_0,3,1.5,1.0,218,236609.56,236609.5625,237072.046875,258719.15625,265080.625,279484.75,LO,2025926,2317570,calibration
calibration_calibration_000203_10,calibration_000203,219,sink_like,1,3,calibration_000203_t1_c3,big,big_0,0,1.0,0.9,218,284380.44,284380.4375,284947.875,309768.53125,316894.59375,332910.15625,LO,2025926,2317570,calibration
calibration_calibration_000203_11,calibration_000203,219,sink_like,1,4,calibration_000203_t1_c4,little,little_1,0,0.6,0.8,218,461227.03,461227.03125,463333.40625,500760.5,511300.3125,532810.125,LO,2025926,2317570,calibration
calibration_calibration_000203_12,calibration_000203,219,sink_like,1,5,calibration_000203_t1_c5,big,big_1,1,1.4,0.98,218,240892.62,240892.625,231333.40625,252684.71875,258988.59375,273271.09375,LO,2025926,2317570,calibration
calibration_calibration_000203_13,calibration_000203,219,sink_like,1,6,calibration_000203_t1_c6,little,little_0,1,0.9,0.86,218,372856.9,372856.90625,374327.53125,406033.375,414979.9375,434420.0625,LO,2025926,2317570,calibration
calibration_calibration_000203_14,calibration_000203,122,middle,2,0,calibration_000203_t2_c0,big,big_1,3,2.2,1.15,121,130267.414,130267.4140625,131538.40625,147291.34375,151725.953125,162577.609375,LO,2025926,2317570,calibration
calibration_calibration_000203_15,calibration_000203,122,middle,2,1,calibration_000203_t2_c1,little,little_1,3,1.5,1.0,121,266678.78,266678.78125,273015.15625,297011.8125,303959.75,319552.625,LO,2025926,2317570,calibration
calibration_calibration_000203_16,calibration_000203,122,middle,2,2,calibration_000203_t2_c2,big,big_1,0,1.0,0.9,121,243996.38,243996.375,264511.0,287944.0,294736.5625,310055.46875,LO,2025926,2317570,calibration
calibration_calibration_000203_17,calibration_000203,122,middle,2,3,calibration_000203_t2_c3,little,little_1,0,0.6,0.8,121,523153.78,523153.78125,512238.25,553064.4375,564684.25,587231.0625,LO,2025926,2317570,calibration
calibration_calibration_000203_18,calibration_000203,122,middle,2,4,calibration_000203_t2_c4,big,big_1,1,1.4,0.98,121,210226.72,210226.71875,214429.921875,234776.3125,240826.3125,254596.359375,LO,2025926,2317570,calibration
calibration_calibration_000203_19,calibration_000203,122,middle,2,5,calibration_000203_t2_c5,little,little_0,1,0.9,0.86,121,375004.34,375004.34375,374508.25,406192.40625,415127.34375,434541.875,LO,2025926,2317570,calibration
calibration_calibration_000203_20,calibration_000203,122,middle,2,6,calibration_000203_t2_c6,big,big_0,2,1.8,1.06,121,142458.22,142458.21875,143608.234375,159888.25,164549.03125,175775.4375,LO,2025926,2317570,calibration
calibration_calibration_000203_21,calibration_000203,93,high_degree,3,0,calibration_000203_t3_c0,little,little_1,3,1.5,1.0,92,233712.97,233712.96875,233490.65625,254890.328125,261180.375,275438.40625,LO,2025926,2317570,calibration
calibration_calibration_000203_22,calibration_000203,93,high_degree,3,1,calibration_000203_t3_c1,big,big_1,0,1.0,0.9,92,239761.25,239761.25,227514.046875,248563.859375,254756.4375,268841.75,LO,2025926,2317570,calibration
calibration_calibration_000203_23,calibration_000203,93,high_degree,3,2,calibration_000203_t3_c2,little,little_0,0,0.6,0.8,92,447383.16,447383.15625,449882.75,486218.0,496405.90625,517422.875,LO,2025926,2317570,calibration
calibration_calibration_000203_24,calibration_000203,93,high_degree,3,3,calibration_000203_t3_c3,big,big_1,1,1.4,0.98,92,172428.08,172428.078125,169940.59375,187621.0625,192816.6875,204986.84375,LO,2025926,2317570,calibration
calibration_calibration_000203_25,calibration_000203,93,high_degree,3,4,calibration_000203_t3_c4,little,little_1,1,0.9,0.86,92,374755.16,374755.15625,370171.25,401643.09375,410538.03125,429891.6875,LO,2025926,2317570,calibration
calibration_calibration_000203_26,calibration_000203,93,high_degree,3,5,calibration_000203_t3_c5,big,big_0,2,1.8,1.06,92,155211.45,155211.453125,152191.375,168951.6875,173797.453125,185351.65625,LO,2025926,2317570,calibration
calibration_calibration_000203_27,calibration_000203,93,high_degree,3,6,calibration_000203_t3_c6,little,little_1,2,1.2,0.93,92,243644.62,243644.625,243606.4375,265609.46875,272030.46875,286578.875,LO,2025926,2317570,calibration
calibration_calibration_000203_28,calibration_000203,52,communication_heavy,4,0,calibration_000203_t4_c0,big,big_1,0,1.0,0.9,51,352345.97,352345.96875,349297.46875,379065.0,387479.9375,406007.9375,LO,2025926,2317570,calibration
calibration_calibration_000203_29,calibration_000203,52,communication_heavy,4,1,calibration_000203_t4_c1,little,little_1,0,0.6,0.8,51,558203.5,558203.5,577742.4375,624483.875,638218.875,663035.125,LO,2025926,2317570,calibration
calibration_calibration_000203_30,calibration_000203,52,communication_heavy,4,2,calibration_000203_t4_c2,big,big_0,1,1.4,0.98,51,282959.4,282959.40625,278548.125,302954.75,309997.1875,325811.71875,LO,2025926,2317570,calibration
calibration_calibration_000203_31,calibration_000203,52,communication_heavy,4,3,calibration_000203_t4_c3,little,little_0,1,0.9,0.86,51,404050.75,404050.75,423047.8125,458991.96875,469205.9375,490662.375,LO,2025926,2317570,calibration
calibration_calibration_000203_32,calibration_000203,52,communication_heavy,4,4,calibration_000203_t4_c4,big,big_1,2,1.8,1.06,51,192802.78,192802.78125,191202.375,210164.25,215797.34375,228775.21875,LO,2025926,2317570,calibration
calibration_calibration_000203_33,calibration_000203,52,communication_heavy,4,5,calibration_000203_t4_c5,little,little_1,2,1.2,0.93,51,238736.4,238736.40625,254614.75,277314.3125,283903.9375,298806.875,LO,2025926,2317570,calibration
calibration_calibration_000203_34,calibration_000203,52,communication_heavy,4,6,calibration_000203_t4_c6,big,big_1,3,2.2,1.15,51,153514.31,153514.3125,154493.578125,171346.109375,176227.15625,187837.265625,LO,2025926,2317570,calibration
calibration_calibration_000203_35,calibration_000203,86,random,5,0,calibration_000203_t5_c0,little,little_0,0,0.6,0.8,85,466453.1,466453.09375,463140.8125,499833.28125,510070.0625,530921.9375,LO,2025926,2317570,calibration
calibration_calibration_000203_36,calibration_000203,86,random,5,1,calibration_000203_t5_c1,big,big_0,1,1.4,0.98,85,173701.34,173701.34375,179488.5625,197815.40625,203255.5625,215870.546875,LO,2025926,2317570,calibration
calibration_calibration_000203_37,calibration_000203,86,random,5,2,calibration_000203_t5_c2,little,little_0,1,0.9,0.86,85,327253.3,327253.3125,347081.4375,376567.75,384901.75,403249.21875,LO,2025926,2317570,calibration
calibration_calibration_000203_38,calibration_000203,86,random,5,3,calibration_000203_t5_c3,big,big_1,2,1.8,1.06,85,107317.38,107317.3828125,112639.640625,127624.796875,131773.734375,142140.015625,LO,2025926,2317570,calibration
calibration_calibration_000203_39,calibration_000203,86,random,5,4,calibration_000203_t5_c4,little,little_1,2,1.2,0.93,85,236883.55,236883.546875,245411.15625,267608.59375,274110.34375,288805.3125,LO,2025926,2317570,calibration
calibration_calibration_000203_40,calibration_000203,86,random,5,5,calibration_000203_t5_c5,big,big_1,3,2.2,1.15,85,109379.484,109379.484375,118460.15625,133757.984375,137989.578125,148515.6875,LO,2025926,2317570,calibration
calibration_calibration_000203_41,calibration_000203,86,random,5,6,calibration_000203_t5_c6,little,little_1,3,1.5,1.0,85,179388.47,179388.46875,174419.0625,192397.59375,197702.6875,210072.6875,LO,2025926,2317570,calibration
calibration_calibration_000222_00,calibration_000222,11,source_like,0,0,calibration_000222_t0_c0,little,little_0,0,0.6,0.8,10,257120.62,257120.625,256057.34375,280222.53125,287353.5625,303626.9375,HI,872301,1215983,calibration
calibration_calibration_000222_01,calibration_000222,11,source_like,0,1,calibration_000222_t0_c1,big,big_0,1,1.4,0.98,10,71586.805,71586.8046875,73097.34375,87125.859375,91046.28125,100737.53125,HI,872301,1215983,calibration
calibration_calibration_000222_02,calibration_000222,11,source_like,0,2,calibration_000222_t0_c2,little,little_0,1,0.9,0.86,10,159525.98,159525.984375,170704.65625,189012.6875,194525.78125,207324.578125,HI,872301,1215983,calibration
calibration_calibration_000222_03,calibration_000222,11,source_like,0,3,calibration_000222_t0_c3,big,big_1,2,1.8,1.06,10,59046.363,59046.36328125,59740.625,73136.71875,76943.90625,86178.34375,HI,872301,1215983,calibration
calibration_calibration_000222_04,calibration_000222,11,source_like,0,4,calibration_000222_t0_c4,little,little_1,2,1.2,0.93,10,129310.75,129310.75,128208.71875,143983.734375,148468.53125,159427.828125,HI,872301,1215983,calibration
calibration_calibration_000222_05,calibration_000222,11,source_like,0,5,calibration_000222_t0_c5,big,big_0,3,2.2,1.15,10,46386.03,46386.03125,45864.375,58629.890625,62370.8125,71210.765625,HI,872301,1215983,calibration
calibration_calibration_000222_06,calibration_000222,11,source_like,0,6,calibration_000222_t0_c6,little,little_1,3,1.5,1.0,10,98186.72,98186.71875,94076.0,108832.640625,112878.421875,123046.125,HI,872301,1215983,calibration
calibration_calibration_000222_07,calibration_000222,97,sink_like,1,0,calibration_000222_t1_c0,big,big_0,1,1.4,0.98,96,315565.03,315565.03125,317220.75,344389.25,352112.5,369314.84375,HI,872301,1215983,calibration
calibration_calibration_000222_08,calibration_000222,97,sink_like,1,1,calibration_000222_t1_c1,little,little_1,1,0.9,0.86,96,692002.0,692002.0,665086.25,721961.625,739195.375,769172.5,HI,872301,1215983,calibration
calibration_calibration_000222_09,calibration_000222,97,sink_like,1,2,calibration_000222_t1_c2,big,big_1,2,1.8,1.06,96,371115.84,371115.84375,371592.21875,403221.78125,412153.625,431599.25,HI,872301,1215983,calibration
calibration_calibration_000222_10,calibration_000222,97,sink_like,1,3,calibration_000222_t1_c3,little,little_1,2,1.2,0.93,96,472963.28,472963.28125,483819.3125,525108.1875,537034.375,560818.5,HI,872301,1215983,calibration
calibration_calibration_000222_11,calibration_000222,97,sink_like,1,4,calibration_000222_t1_c4,big,big_0,3,2.2,1.15,96,349420.72,349420.71875,342249.4375,371483.15625,379763.625,398041.46875,HI,872301,1215983,calibration
calibration_calibration_000222_12,calibration_000222,97,sink_like,1,5,calibration_000222_t1_c5,little,little_1,3,1.5,1.0,96,443739.38,443739.375,444538.59375,482605.75,493501.375,515982.625,HI,872301,1215983,calibration
calibration_calibration_000222_13,calibration_000222,97,sink_like,1,6,calibration_000222_t1_c6,big,big_1,0,1.0,0.9,96,445453.0,445453.0,440466.125,477856.25,488504.625,510589.1875,HI,872301,1215983,calibration
calibration_calibration_000222_14,calibration_000222,57,middle,2,0,calibration_000222_t2_c0,little,little_1,1,0.9,0.86,56,720729.06,720729.0625,730837.5625,795249.1875,814710.375,848941.125,HI,872301,1215983,calibration
calibration_calibration_000222_15,calibration_000222,57,middle,2,1,calibration_000222_t2_c1,big,big_1,2,1.8,1.06,56,358235.97,358235.96875,359826.6875,390453.875,399101.625,418047.59375,HI,872301,1215983,calibration
calibration_calibration_000222_16,calibration_000222,57,middle,2,2,calibration_000222_t2_c2,little,little_0,2,1.2,0.93,56,404456.53,404456.53125,411831.625,446870.75,456805.625,477859.875,HI,872301,1215983,calibration
calibration_calibration_000222_17,calibration_000222,57,middle,2,3,calibration_000222_t2_c3,big,big_1,3,2.2,1.15,56,208914.23,208914.234375,227639.0,248731.59375,254956.140625,269086.40625,HI,872301,1215983,calibration
calibration_calibration_000222_18,calibration_000222,57,middle,2,4,calibration_000222_t2_c4,little,little_0,3,1.5,1.0,56,504402.66,504402.65625,520950.6875,566054.75,579330.75,604914.4375,HI,872301,1215983,calibration
calibration_calibration_000222_19,calibration_000222,57,middle,2,5,calibration_000222_t2_c5,big,big_0,0,1.0,0.9,56,515721.5,515721.5,497769.75,539923.375,552119.5625,576113.0,HI,872301,1215983,calibration
calibration_calibration_000222_20,calibration_000222,57,middle,2,6,calibration_000222_t2_c6,little,little_1,0,0.6,0.8,56,804736.7,804736.6875,846902.8125,920482.125,941539.625,981824.125,HI,872301,1215983,calibration
calibration_calibration_000222_21,calibration_000222,82,communication_heavy,3,0,calibration_000222_t3_c0,big,big_1,2,1.8,1.06,81,370702.4,370702.40625,400026.0,434088.1875,443719.875,464326.9375,HI,872301,1215983,calibration
calibration_calibration_000222_22,calibration_000222,82,communication_heavy,3,1,calibration_000222_t3_c1,little,little_1,2,1.2,0.93,81,538022.8,538022.8125,550062.5,597347.0625,611344.0,637638.0,HI,872301,1215983,calibration
calibration_calibration_000222_23,calibration_000222,82,communication_heavy,3,2,calibration_000222_t3_c2,big,big_0,3,2.2,1.15,81,389210.12,389210.125,409740.0,444880.4375,454871.6875,476056.375,HI,872301,1215983,calibration
calibration_calibration_000222_24,calibration_000222,82,communication_heavy,3,3,calibration_000222_t3_c3,little,little_0,3,1.5,1.0,81,536497.1,536497.125,560823.5,609867.3125,624540.5,651908.125,HI,872301,1215983,calibration
calibration_calibration_000222_25,calibration_000222,82,communication_heavy,3,4,calibration_000222_t3_c4,big,big_0,0,1.0,0.9,81,566468.5,566468.5,583216.25,632550.625,647258.0,673965.75,HI,872301,1215983,calibration
calibration_calibration_000222_26,calibration_000222,82,communication_heavy,3,5,calibration_000222_t3_c5,little,little_0,0,0.6,0.8,81,925847.1,925847.125,958875.4375,1049433.75,1072481.0,1129528.25,HI,872301,1215983,calibration
calibration_calibration_000222_27,calibration_000222,82,communication_heavy,3,6,calibration_000222_t3_c6,big,big_0,1,1.4,0.98,81,408773.44,408773.4375,440354.84375,477821.84375,488490.875,510632.875,HI,872301,1215983,calibration
calibration_calibration_000222_28,calibration_000222,80,random,4,0,calibration_000222_t4_c0,little,little_1,2,1.2,0.93,79,318692.97,318692.96875,323163.96875,350847.1875,358712.71875,376181.9375,HI,872301,1215983,calibration
calibration_calibration_000222_29,calibration_000222,80,random,4,1,calibration_000222_t4_c1,big,big_0,3,2.2,1.15,79,181781.12,181781.125,171578.109375,189462.90625,194739.34375,207061.484375,HI,872301,1215983,calibration
calibration_calibration_000222_30,calibration_000222,80,random,4,2,calibration_000222_t4_c2,little,little_0,3,1.5,1.0,79,217561.06,217561.0625,223717.796875,244495.96875,250611.84375,264538.09375,HI,872301,1215983,calibration
calibration_calibration_000222_31,calibration_000222,80,random,4,3,calibration_000222_t4_c3,big,big_1,0,1.0,0.9,79,323037.88,323037.875,334756.0625,363346.3125,371441.75,389377.09375,HI,872301,1215983,calibration
calibration_calibration_000222_32,calibration_000222,80,random,4,4,calibration_000222_t4_c4,little,little_0,0,0.6,0.8,79,470110.53,470110.53125,496012.25,536337.875,547840.25,570532.1875,HI,872301,1215983,calibration
calibration_calibration_000222_33,calibration_000222,80,random,4,5,calibration_000222_t4_c5,big,big_1,1,1.4,0.98,79,245047.67,245047.671875,260820.5,284026.625,290778.8125,305988.78125,HI,872301,1215983,calibration
calibration_calibration_000222_34,calibration_000222,80,random,4,6,calibration_000222_t4_c6,little,little_0,1,0.9,0.86,79,351752.12,351752.125,347758.75,377314.4375,385666.59375,404069.53125,HI,872301,1215983,calibration
calibration_calibration_000222_35,calibration_000222,5,diverse_fill_1,5,0,calibration_000222_t5_c0,big,big_0,3,2.2,1.15,4,45676.234,45676.234375,43687.203125,56370.015625,60108.609375,68900.90625,HI,872301,1215983,calibration
calibration_calibration_000222_36,calibration_000222,5,diverse_fill_1,5,1,calibration_000222_t5_c1,little,little_1,3,1.5,1.0,4,98200.3,98200.296875,96297.3125,111140.375,115209.328125,125438.828125,HI,872301,1215983,calibration
calibration_calibration_000222_37,calibration_000222,5,diverse_fill_1,5,2,calibration_000222_t5_c2,big,big_0,0,1.0,0.9,4,98935.016,98935.015625,95457.6875,110452.078125,114606.109375,125006.21875,HI,872301,1215983,calibration
calibration_calibration_000222_38,calibration_000222,5,diverse_fill_1,5,3,calibration_000222_t5_c3,little,little_0,0,0.6,0.8,4,240367.16,240367.15625,227363.359375,250134.984375,257085.265625,272875.3125,HI,872301,1215983,calibration
calibration_calibration_000222_39,calibration_000222,5,diverse_fill_1,5,4,calibration_000222_t5_c4,big,big_0,1,1.4,0.98,4,75821.016,75821.015625,71839.09375,85862.6875,89781.4375,99447.1875,HI,872301,1215983,calibration
calibration_calibration_000222_40,calibration_000222,5,diverse_fill_1,5,5,calibration_000222_t5_c5,little,little_0,1,0.9,0.86,4,160333.14,160333.140625,150163.078125,167455.109375,172592.171875,184729.90625,HI,872301,1215983,calibration
calibration_calibration_000222_41,calibration_000222,5,diverse_fill_1,5,6,calibration_000222_t5_c6,big,big_1,2,1.8,1.06,4,58223.01,58223.01171875,55880.609375,69088.796875,72881.234375,82017.625,HI,872301,1215983,calibration
calibration_calibration_000234_00,calibration_000234,22,source_like,0,0,calibration_000234_t0_c0,little,little_1,3,1.5,1.0,21,101438.9,101438.8984375,99169.546875,114073.859375,118158.015625,128424.0625,LO,3972173,5660289,calibration
calibration_calibration_000234_01,calibration_000234,22,source_like,0,1,calibration_000234_t0_c1,big,big_1,0,1.0,0.9,21,95436.04,95436.0390625,95337.578125,110308.953125,114484.59375,124912.578125,LO,3972173,5660289,calibration
calibration_calibration_000234_02,calibration_000234,22,source_like,0,2,calibration_000234_t0_c2,little,little_1,0,0.6,0.8,21,259882.84,259882.84375,263167.40625,287648.28125,294800.78125,311143.5,LO,3972173,5660289,calibration
calibration_calibration_000234_03,calibration_000234,22,source_like,0,3,calibration_000234_t0_c3,big,big_0,1,1.4,0.98,21,70270.234,70270.234375,69367.4375,83236.625,87132.75,96715.796875,LO,3972173,5660289,calibration
calibration_calibration_000234_04,calibration_000234,22,source_like,0,4,calibration_000234_t0_c4,little,little_0,1,0.9,0.86,21,157676.42,157676.421875,164428.03125,182504.046875,187945.90625,200627.6875,LO,3972173,5660289,calibration
calibration_calibration_000234_05,calibration_000234,22,source_like,0,5,calibration_000234_t0_c5,big,big_0,2,1.8,1.06,21,63101.99,63101.98828125,55616.859375,68823.71875,72618.46875,81753.8125,LO,3972173,5660289,calibration
calibration_calibration_000234_06,calibration_000234,22,source_like,0,6,calibration_000234_t0_c6,little,little_1,2,1.2,0.93,21,126309.48,126309.4765625,125252.8125,140917.75,145358.5625,156244.40625,LO,3972173,5660289,calibration
calibration_calibration_000234_07,calibration_000234,441,sink_like,1,0,calibration_000234_t1_c0,big,big_1,0,1.0,0.9,440,624029.2,624029.1875,596081.0625,646475.3125,661559.9375,688678.1875,LO,3972173,5660289,calibration
calibration_calibration_000234_08,calibration_000234,441,sink_like,1,1,calibration_000234_t1_c1,little,little_1,0,0.6,0.8,440,1052747.4,1052747.375,1045712.625,1150163.875,1176007.0,1252161.875,LO,3972173,5660289,calibration
calibration_calibration_000234_09,calibration_000234,441,sink_like,1,2,calibration_000234_t1_c2,big,big_0,1,1.4,0.98,440,622438.5,622438.5,598848.3125,650829.375,666534.75,694856.0,LO,3972173,5660289,calibration
calibration_calibration_000234_10,calibration_000234,441,sink_like,1,3,calibration_000234_t1_c3,little,little_0,1,0.9,0.86,440,933873.8,933873.8125,909470.625,999815.75,1023653.0625,1077902.25,LO,3972173,5660289,calibration
calibration_calibration_000234_11,calibration_000234,441,sink_like,1,4,calibration_000234_t1_c4,big,big_1,2,1.8,1.06,440,447655.1,447655.09375,409351.40625,444237.0,454118.9375,475119.625,LO,3972173,5660289,calibration
calibration_calibration_000234_12,calibration_000234,441,sink_like,1,5,calibration_000234_t1_c5,little,little_1,2,1.2,0.93,440,708802.44,708802.4375,707660.9375,772172.3125,791936.6875,826918.0625,LO,3972173,5660289,calibration
calibration_calibration_000234_13,calibration_000234,441,sink_like,1,6,calibration_000234_t1_c6,big,big_0,3,2.2,1.15,440,407172.9,407172.90625,369901.53125,401439.375,410351.0625,429768.4375,LO,3972173,5660289,calibration
calibration_calibration_000234_14,calibration_000234,237,middle,2,0,calibration_000234_t2_c0,little,little_1,0,0.6,0.8,236,885894.5,885894.5,910789.0,993230.125,1015243.6875,1063626.0,LO,3972173,5660289,calibration
calibration_calibration_000234_15,calibration_000234,237,middle,2,1,calibration_000234_t2_c1,big,big_0,1,1.4,0.98,236,349781.56,349781.5625,365799.96875,396862.875,405622.4375,424763.0625,LO,3972173,5660289,calibration
calibration_calibration_000234_16,calibration_000234,237,middle,2,2,calibration_000234_t2_c2,little,little_0,1,0.9,0.86,236,667360.6,667360.625,709220.0,771373.3125,790224.875,823136.125,LO,3972173,5660289,calibration
calibration_calibration_000234_17,calibration_000234,237,middle,2,3,calibration_000234_t2_c3,big,big_0,2,1.8,1.06,236,262504.22,262504.21875,289478.28125,314631.1875,321868.3125,338075.25,LO,3972173,5660289,calibration
calibration_calibration_000234_18,calibration_000234,237,middle,2,4,calibration_000234_t2_c4,little,little_0,2,1.2,0.93,236,536580.75,536580.75,545961.75,593032.4375,606962.3125,633237.75,LO,3972173,5660289,calibration
calibration_calibration_000234_19,calibration_000234,237,middle,2,5,calibration_000234_t2_c5,big,big_1,3,2.2,1.15,236,220304.95,220304.953125,230521.859375,251819.234375,258111.0,272371.75,LO,3972173,5660289,calibration
calibration_calibration_000234_20,calibration_000234,237,middle,2,6,calibration_000234_t2_c6,little,little_0,3,1.5,1.0,236,529281.6,529281.625,511321.9375,555686.375,568717.125,594049.25,LO,3972173,5660289,calibration
calibration_calibration_000234_21,calibration_000234,116,high_degree,3,0,calibration_000234_t3_c0,big,big_0,1,1.4,0.98,115,475644.56,475644.5625,512602.4375,556388.125,569164.25,593981.875,LO,3972173,5660289,calibration
calibration_calibration_000234_22,calibration_000234,116,high_degree,3,1,calibration_000234_t3_c1,little,little_1,1,0.9,0.86,115,1014329.6,1014329.625,1108087.75,1230338.25,1261242.75,1360662.0,LO,3972173,5660289,calibration
calibration_calibration_000234_23,calibration_000234,116,high_degree,3,2,calibration_000234_t3_c2,big,big_1,2,1.8,1.06,115,381643.78,381643.78125,424423.875,460643.25,470936.59375,492558.4375,LO,3972173,5660289,calibration
calibration_calibration_000234_24,calibration_000234,116,high_degree,3,3,calibration_000234_t3_c3,little,little_1,2,1.2,0.93,115,758861.3,758861.3125,812821.25,891559.875,914614.5625,959041.5,LO,3972173,5660289,calibration
calibration_calibration_000234_25,calibration_000234,116,high_degree,3,4,calibration_000234_t3_c4,big,big_1,3,2.2,1.15,115,342021.62,342021.625,369956.25,401506.53125,410427.125,429860.71875,LO,3972173,5660289,calibration
calibration_calibration_000234_26,calibration_000234,116,high_degree,3,5,calibration_000234_t3_c5,little,little_1,3,1.5,1.0,115,639404.6,639404.625,683608.625,746460.625,765897.1875,800291.6875,LO,3972173,5660289,calibration
calibration_calibration_000234_27,calibration_000234,116,high_degree,3,6,calibration_000234_t3_c6,big,big_0,0,1.0,0.9,115,683599.6,683599.625,738922.4375,804619.0,824525.5,859606.9375,LO,3972173,5660289,calibration
calibration_calibration_000234_28,calibration_000234,170,random,4,0,calibration_000234_t4_c0,little,little_1,1,0.9,0.86,169,270390.03,270390.03125,260514.484375,283638.4375,290324.875,305455.09375,LO,3972173,5660289,calibration
calibration_calibration_000234_29,calibration_000234,170,random,4,1,calibration_000234_t4_c1,big,big_0,2,1.8,1.06,169,170216.67,170216.671875,155917.3125,172893.75,177823.40625,189528.171875,LO,3972173,5660289,calibration
calibration_calibration_000234_30,calibration_000234,170,random,4,2,calibration_000234_t4_c2,little,little_0,2,1.2,0.93,169,234408.81,234408.8125,234284.015625,255689.8125,261955.28125,276187.8125,LO,3972173,5660289,calibration
calibration_calibration_000234_31,calibration_000234,170,random,4,3,calibration_000234_t4_c3,big,big_0,3,2.2,1.15,169,126615.99,126615.9921875,126562.53125,142126.34375,146465.3125,157166.15625,LO,3972173,5660289,calibration
calibration_calibration_000234_32,calibration_000234,170,random,4,4,calibration_000234_t4_c4,little,little_1,3,1.5,1.0,169,221329.78,221329.78125,208984.40625,228878.53125,234758.875,248212.46875,LO,3972173,5660289,calibration
calibration_calibration_000234_33,calibration_000234,170,random,4,5,calibration_000234_t4_c5,big,big_0,0,1.0,0.9,169,221862.81,221862.8125,216813.390625,237234.59375,243267.140625,257031.796875,LO,3972173,5660289,calibration
calibration_calibration_000234_34,calibration_000234,170,random,4,6,calibration_000234_t4_c6,little,little_1,0,0.6,0.8,169,356130.28,356130.28125,343488.125,372007.0,379837.375,397453.40625,LO,3972173,5660289,calibration
calibration_calibration_000234_35,calibration_000234,348,diverse_fill_1,5,0,calibration_000234_t5_c0,big,big_0,2,1.8,1.06,347,111399.77,111399.7734375,105079.171875,119985.0,124056.890625,134308.203125,LO,3972173,5660289,calibration
calibration_calibration_000234_36,calibration_000234,348,diverse_fill_1,5,1,calibration_000234_t5_c1,little,little_0,2,1.2,0.93,347,175174.12,175174.125,169979.90625,187688.375,192904.375,205114.25,LO,3972173,5660289,calibration
calibration_calibration_000234_37,calibration_000234,348,diverse_fill_1,5,2,calibration_000234_t5_c2,big,big_1,3,2.2,1.15,347,96077.76,96077.7578125,91656.734375,106182.921875,110139.34375,120123.96875,LO,3972173,5660289,calibration
calibration_calibration_000234_38,calibration_000234,348,diverse_fill_1,5,3,calibration_000234_t5_c3,little,little_1,3,1.5,1.0,347,160997.92,160997.921875,156212.40625,173158.71875,178077.875,189761.09375,LO,3972173,5660289,calibration
calibration_calibration_000234_39,calibration_000234,348,diverse_fill_1,5,4,calibration_000234_t5_c4,big,big_1,0,1.0,0.9,347,199032.84,199032.84375,194446.546875,213604.21875,219311.578125,232437.65625,LO,3972173,5660289,calibration
calibration_calibration_000234_40,calibration_000234,348,diverse_fill_1,5,5,calibration_000234_t5_c5,little,little_0,0,0.6,0.8,347,344678.78,344678.78125,337480.5,365506.09375,373179.15625,390546.65625,LO,3972173,5660289,calibration
calibration_calibration_000234_41,calibration_000234,348,diverse_fill_1,5,6,calibration_000234_t5_c6,big,big_1,1,1.4,0.98,347,133804.08,133804.078125,120354.53125,135736.0,140015.296875,150626.171875,LO,3972173,5660289,calibration
calibration_calibration_000272_00,calibration_000272,2,source_like,0,0,calibration_000272_t0_c0,big,big_1,1,1.4,0.98,1,60873.516,60873.515625,58465.625,71928.703125,75812.140625,85172.90625,HI,3388539,4094687,calibration
calibration_calibration_000272_01,calibration_000272,2,source_like,0,1,calibration_000272_t0_c1,little,little_1,1,0.9,0.86,1,124527.836,124527.8359375,121348.703125,137179.015625,141715.9375,152814.28125,HI,3388539,4094687,calibration
calibration_calibration_000272_02,calibration_000272,2,source_like,0,2,calibration_000272_t0_c2,big,big_0,2,1.8,1.06,1,51145.05,51145.05078125,48280.0625,61266.734375,65098.578125,74163.5,HI,3388539,4094687,calibration
calibration_calibration_000272_03,calibration_000272,2,source_like,0,3,calibration_000272_t0_c3,little,little_0,2,1.2,0.93,1,99010.88,99010.8828125,98270.921875,113275.0625,117446.25,127885.1875,HI,3388539,4094687,calibration
calibration_calibration_000272_04,calibration_000272,2,source_like,0,4,calibration_000272_t0_c4,big,big_0,3,2.2,1.15,1,36397.35,36397.3515625,37281.609375,49818.125,53602.46875,62357.390625,HI,3388539,4094687,calibration
calibration_calibration_000272_05,calibration_000272,2,source_like,0,5,calibration_000272_t0_c5,little,little_1,3,1.5,1.0,1,70895.19,70895.1875,71263.515625,85243.53125,89152.984375,98794.109375,HI,3388539,4094687,calibration
calibration_calibration_000272_06,calibration_000272,2,source_like,0,6,calibration_000272_t0_c6,big,big_1,0,1.0,0.9,1,74116.19,74116.1875,74485.796875,88756.375,92781.796875,102703.28125,HI,3388539,4094687,calibration
calibration_calibration_000272_07,calibration_000272,61,sink_like,1,0,calibration_000272_t1_c0,little,little_0,1,0.9,0.86,60,564122.5,564122.5,593514.5,643449.125,658310.375,685134.0625,HI,3388539,4094687,calibration
calibration_calibration_000272_08,calibration_000272,61,sink_like,1,1,calibration_000272_t1_c1,big,big_0,2,1.8,1.06,60,245844.39,245844.390625,258473.578125,281532.6875,288254.90625,303407.1875,HI,3388539,4094687,calibration
calibration_calibration_000272_09,calibration_000272,61,sink_like,1,2,calibration_000272_t1_c2,little,little_1,2,1.2,0.93,60,346183.3,346183.3125,361641.4375,392408.15625,401102.75,420119.5,HI,3388539,4094687,calibration
calibration_calibration_000272_10,calibration_000272,61,sink_like,1,3,calibration_000272_t1_c3,big,big_0,3,2.2,1.15,60,251415.77,251415.765625,256491.765625,279478.375,286209.6875,301371.84375,HI,3388539,4094687,calibration
calibration_calibration_000272_11,calibration_000272,61,sink_like,1,4,calibration_000272_t1_c4,little,little_1,3,1.5,1.0,60,332419.75,332419.75,336290.125,365013.5,373159.90625,391163.65625,HI,3388539,4094687,calibration
calibration_calibration_000272_12,calibration_000272,61,sink_like,1,5,calibration_000272_t1_c5,big,big_0,0,1.0,0.9,60,500843.44,500843.4375,499260.875,541625.5,553908.625,578009.3125,HI,3388539,4094687,calibration
calibration_calibration_000272_13,calibration_000272,61,sink_like,1,6,calibration_000272_t1_c6,little,little_0,0,0.6,0.8,60,813616.9,813616.875,859212.0,934872.25,956152.6875,998232.5,HI,3388539,4094687,calibration
calibration_calibration_000272_14,calibration_000272,45,middle,2,0,calibration_000272_t2_c0,big,big_1,2,1.8,1.06,44,267630.34,267630.34375,282792.34375,307491.375,314617.90625,330606.09375,HI,3388539,4094687,calibration
calibration_calibration_000272_15,calibration_000272,45,middle,2,1,calibration_000272_t2_c1,little,little_1,2,1.2,0.93,44,522950.84,522950.84375,521334.5,566107.6875,579235.25,604524.5625,HI,3388539,4094687,calibration
calibration_calibration_000272_16,calibration_000272,45,middle,2,2,calibration_000272_t2_c2,big,big_0,3,2.2,1.15,44,191372.55,191372.546875,200803.84375,220273.859375,226046.0,239292.453125,HI,3388539,4094687,calibration
calibration_calibration_000272_17,calibration_000272,45,middle,2,3,calibration_000272_t2_c3,little,little_0,3,1.5,1.0,44,382184.6,382184.59375,407618.25,442429.375,452309.75,473295.5,HI,3388539,4094687,calibration
calibration_calibration_000272_18,calibration_000272,45,middle,2,4,calibration_000272_t2_c4,big,big_1,0,1.0,0.9,44,437489.06,437489.0625,478145.28125,518794.1875,530501.75,553953.125,HI,3388539,4094687,calibration
calibration_calibration_000272_19,calibration_000272,45,middle,2,5,calibration_000272_t2_c5,little,little_1,0,0.6,0.8,44,868954.06,868954.0625,889343.0625,969387.5625,991213.375,1037093.9375,HI,3388539,4094687,calibration
calibration_calibration_000272_20,calibration_000272,45,middle,2,6,calibration_000272_t2_c6,big,big_0,1,1.4,0.98,44,291884.0,291884.0,312853.03125,339685.1875,347322.3125,364359.125,HI,3388539,4094687,calibration
calibration_calibration_000272_21,calibration_000272,22,high_degree,3,0,calibration_000272_t3_c0,little,little_0,2,1.2,0.93,21,306485.8,306485.8125,310169.59375,336851.84375,344455.25,361412.34375,HI,3388539,4094687,calibration
calibration_calibration_000272_22,calibration_000272,22,high_degree,3,1,calibration_000272_t3_c1,big,big_1,3,2.2,1.15,21,192238.31,192238.3125,184454.59375,203077.90625,208612.421875,221408.96875,HI,3388539,4094687,calibration
calibration_calibration_000272_23,calibration_000272,22,high_degree,3,2,calibration_000272_t3_c2,little,little_1,3,1.5,1.0,21,298539.34,298539.34375,289381.5,314525.21875,321744.53125,337912.8125,HI,3388539,4094687,calibration
calibration_calibration_000272_24,calibration_000272,22,high_degree,3,3,calibration_000272_t3_c3,big,big_0,0,1.0,0.9,21,313419.22,313419.21875,319952.875,347361.875,355137.0,372465.78125,HI,3388539,4094687,calibration
calibration_calibration_000272_25,calibration_000272,22,high_degree,3,4,calibration_000272_t3_c4,little,little_1,0,0.6,0.8,21,408374.4,408374.40625,407941.875,441710.4375,451192.4375,471445.75,HI,3388539,4094687,calibration
calibration_calibration_000272_26,calibration_000272,22,high_degree,3,5,calibration_000272_t3_c5,big,big_1,1,1.4,0.98,21,238415.53,238415.53125,236474.625,258105.640625,264457.5,278855.4375,HI,3388539,4094687,calibration
calibration_calibration_000272_27,calibration_000272,22,high_degree,3,6,calibration_000272_t3_c6,little,little_0,1,0.9,0.86,21,349148.4,349148.40625,340321.34375,369304.21875,377500.75,395622.9375,HI,3388539,4094687,calibration
calibration_calibration_000272_28,calibration_000272,15,communication_heavy,4,0,calibration_000272_t4_c0,big,big_1,3,2.2,1.15,14,338153.47,338153.46875,339730.03125,368718.625,376928.375,395074.9375,HI,3388539,4094687,calibration
calibration_calibration_000272_29,calibration_000272,15,communication_heavy,4,1,calibration_000272_t4_c1,little,little_0,3,1.5,1.0,14,543376.56,543376.5625,567526.3125,617139.125,632018.5,659596.25,HI,3388539,4094687,calibration
calibration_calibration_000272_30,calibration_000272,15,communication_heavy,4,2,calibration_000272_t4_c2,big,big_1,0,1.0,0.9,14,526251.75,526251.75,539621.25,585213.25,598592.75,623880.375,HI,3388539,4094687,calibration
calibration_calibration_000272_31,calibration_000272,15,communication_heavy,4,3,calibration_000272_t4_c3,little,little_1,0,0.6,0.8,14,937799.2,937799.1875,981174.5625,1075144.125,1098550.5,1159682.125,HI,3388539,4094687,calibration
calibration_calibration_000272_32,calibration_000272,15,communication_heavy,4,4,calibration_000272_t4_c4,big,big_0,1,1.4,0.98,14,447806.28,447806.28125,441914.90625,479519.625,490232.75,512432.125,HI,3388539,4094687,calibration
calibration_calibration_000272_33,calibration_000272,15,communication_heavy,4,5,calibration_000272_t4_c5,little,little_1,1,0.9,0.86,14,851021.75,851021.75,833534.6875,911813.75,934185.5,977960.5625,HI,3388539,4094687,calibration
calibration_calibration_000272_34,calibration_000272,15,communication_heavy,4,6,calibration_000272_t4_c6,big,big_1,2,1.8,1.06,14,332979.88,332979.875,349860.875,379630.78125,388041.03125,406558.0625,HI,3388539,4094687,calibration
calibration_calibration_000272_35,calibration_000272,65,random,5,0,calibration_000272_t5_c0,little,little_1,3,1.5,1.0,64,424698.75,424698.75,394793.25,428465.59375,438001.75,458439.9375,HI,3388539,4094687,calibration
calibration_calibration_000272_36,calibration_000272,65,random,5,1,calibration_000272_t5_c1,big,big_0,0,1.0,0.9,64,387532.84,387532.84375,380778.03125,413045.5,422141.6875,441863.5,HI,3388539,4094687,calibration
calibration_calibration_000272_37,calibration_000272,65,random,5,2,calibration_000272_t5_c2,little,little_0,0,0.6,0.8,64,1005522.94,1005522.9375,986006.5,1081033.75,1104638.5,1166980.5,HI,3388539,4094687,calibration
calibration_calibration_000272_38,calibration_000272,65,random,5,3,calibration_000272_t5_c3,big,big_0,1,1.4,0.98,64,329612.44,329612.4375,330023.21875,358181.0,366160.09375,383861.625,HI,3388539,4094687,calibration
calibration_calibration_000272_39,calibration_000272,65,random,5,4,calibration_000272_t5_c4,little,little_0,1,0.9,0.86,64,664539.0,664539.0,656321.9375,712356.125,729283.8125,758875.0,HI,3388539,4094687,calibration
calibration_calibration_000272_40,calibration_000272,65,random,5,5,calibration_000272_t5_c5,big,big_0,2,1.8,1.06,64,326227.1,326227.09375,334566.75,363122.625,371215.125,389135.9375,HI,3388539,4094687,calibration
calibration_calibration_000272_41,calibration_000272,65,random,5,6,calibration_000272_t5_c6,little,little_1,2,1.2,0.93,64,606541.44,606541.4375,583101.375,633795.125,649001.0,676884.5,HI,3388539,4094687,calibration
calibration_calibration_000273_00,calibration_000273,6,source_like,0,0,calibration_000273_t0_c0,little,little_1,1,0.9,0.86,5,162833.23,162833.234375,152135.015625,169440.0625,174584.796875,186747.5,LO,3471885,4397420,calibration
calibration_calibration_000273_01,calibration_000273,6,source_like,0,1,calibration_000273_t0_c1,big,big_1,2,1.8,1.06,5,49454.05,49454.05078125,46943.390625,59792.625,63565.890625,72490.953125,LO,3471885,4397420,calibration
calibration_calibration_000273_02,calibration_000273,6,source_like,0,2,calibration_000273_t0_c2,little,little_1,2,1.2,0.93,5,119412.984,119412.984375,111038.90625,126294.25,130560.5,141174.484375,LO,3471885,4397420,calibration
calibration_calibration_000273_03,calibration_000273,6,source_like,0,3,calibration_000273_t0_c3,big,big_0,3,2.2,1.15,5,40932.41,40932.41015625,40570.453125,53160.890625,56912.890625,65670.953125,LO,3471885,4397420,calibration
calibration_calibration_000273_04,calibration_000273,6,source_like,0,4,calibration_000273_t0_c4,little,little_1,3,1.5,1.0,5,82713.32,82713.3203125,80326.046875,94667.296875,98630.390625,108508.9375,LO,3471885,4397420,calibration
calibration_calibration_000273_05,calibration_000273,6,source_like,0,5,calibration_000273_t0_c5,big,big_1,0,1.0,0.9,5,85651.25,85651.25,85971.59375,100687.296875,104789.703125,115012.015625,LO,3471885,4397420,calibration
calibration_calibration_000273_06,calibration_000273,6,source_like,0,6,calibration_000273_t0_c6,little,little_0,0,0.6,0.8,5,231686.92,231686.921875,209600.109375,231233.625,237898.21875,253046.265625,LO,3471885,4397420,calibration
calibration_calibration_000273_07,calibration_000273,129,sink_like,1,0,calibration_000273_t1_c0,big,big_0,2,1.8,1.06,128,126514.62,126514.6171875,120490.8125,135790.90625,140043.140625,150592.53125,LO,3471885,4397420,calibration
calibration_calibration_000273_08,calibration_000273,129,sink_like,1,1,calibration_000273_t1_c1,little,little_1,2,1.2,0.93,128,211684.44,211684.4375,209207.203125,229109.625,234988.40625,248445.53125,LO,3471885,4397420,calibration
calibration_calibration_000273_09,calibration_000273,129,sink_like,1,2,calibration_000273_t1_c2,big,big_1,3,2.2,1.15,128,107232.76,107232.7578125,111330.171875,126350.25,130478.484375,140823.0625,LO,3471885,4397420,calibration
calibration_calibration_000273_10,calibration_000273,129,sink_like,1,3,calibration_000273_t1_c3,little,little_1,3,1.5,1.0,128,211607.89,211607.890625,209003.953125,228896.8125,234780.203125,248234.390625,LO,3471885,4397420,calibration
calibration_calibration_000273_11,calibration_000273,129,sink_like,1,4,calibration_000273_t1_c4,big,big_1,0,1.0,0.9,128,238825.16,238825.15625,219517.984375,240109.671875,246194.265625,260059.6875,LO,3471885,4397420,calibration
calibration_calibration_000273_12,calibration_000273,129,sink_like,1,5,calibration_000273_t1_c5,little,little_0,0,0.6,0.8,128,343589.7,343589.6875,340444.84375,368788.1875,376578.8125,394144.3125,LO,3471885,4397420,calibration
calibration_calibration_000273_13,calibration_000273,129,sink_like,1,6,calibration_000273_t1_c6,big,big_0,1,1.4,0.98,128,182961.11,182961.109375,183055.703125,201535.0625,207023.265625,219724.640625,LO,3471885,4397420,calibration
calibration_calibration_000273_14,calibration_000273,68,middle,2,0,calibration_000273_t2_c0,little,little_0,2,1.2,0.93,67,852634.25,852634.25,843045.9375,926648.5,950506.5,998666.3125,LO,3471885,4397420,calibration
calibration_calibration_000273_15,calibration_000273,68,middle,2,1,calibration_000273_t2_c1,big,big_0,3,2.2,1.15,67,443334.12,443334.125,444159.09375,482487.28125,493494.125,516182.03125,LO,3471885,4397420,calibration
calibration_calibration_000273_16,calibration_000273,68,middle,2,2,calibration_000273_t2_c2,little,little_1,3,1.5,1.0,67,643098.06,643098.0625,617716.5,672670.4375,689471.0,719608.375,LO,3471885,4397420,calibration
calibration_calibration_000273_17,calibration_000273,68,middle,2,3,calibration_000273_t2_c3,big,big_0,0,1.0,0.9,67,847987.2,847987.1875,760323.5,828583.8125,849127.875,885839.5625,LO,3471885,4397420,calibration
calibration_calibration_000273_18,calibration_000273,68,middle,2,4,calibration_000273_t2_c4,little,little_1,0,0.6,0.8,67,1282553.1,1282553.125,1180370.875,1309180.0,1342468.75,1451455.75,LO,3471885,4397420,calibration
calibration_calibration_000273_19,calibration_000273,68,middle,2,5,calibration_000273_t2_c5,big,big_1,1,1.4,0.98,67,439843.44,439843.4375,414257.1875,449475.21875,459443.21875,480576.875,LO,3471885,4397420,calibration
calibration_calibration_000273_20,calibration_000273,68,middle,2,6,calibration_000273_t2_c6,little,little_0,1,0.9,0.86,67,802903.5,802903.5,783948.625,855136.125,876174.0625,914900.6875,LO,3471885,4397420,calibration
calibration_calibration_000273_21,calibration_000273,109,random,3,0,calibration_000273_t3_c0,big,big_1,3,2.2,1.15,108,85887.77,85887.7734375,77579.015625,91644.265625,95520.5,105201.265625,LO,3471885,4397420,calibration
calibration_calibration_000273_22,calibration_000273,109,random,3,1,calibration_000273_t3_c1,little,little_0,3,1.5,1.0,108,159207.75,159207.75,154661.484375,171565.28125,176466.96875,188124.34375,LO,3471885,4397420,calibration
calibration_calibration_000273_23,calibration_000273,109,random,3,2,calibration_000273_t3_c2,big,big_0,0,1.0,0.9,108,144259.52,144259.515625,154208.96875,171337.65625,176382.859375,188333.6875,LO,3471885,4397420,calibration
calibration_calibration_000273_24,calibration_000273,109,random,3,3,calibration_000273_t3_c3,little,little_1,0,0.6,0.8,108,320412.38,320412.375,307622.46875,333765.03125,340927.4375,357536.0,LO,3471885,4397420,calibration
calibration_calibration_000273_25,calibration_000273,109,random,3,4,calibration_000273_t3_c4,big,big_1,1,1.4,0.98,108,100311.02,100311.0234375,101232.765625,116074.46875,120149.171875,130398.640625,LO,3471885,4397420,calibration
calibration_calibration_000273_26,calibration_000273,109,random,3,5,calibration_000273_t3_c5,little,little_1,1,0.9,0.86,108,228543.39,228543.390625,227778.40625,249097.875,255413.25,269767.625,LO,3471885,4397420,calibration
calibration_calibration_000273_27,calibration_000273,109,random,3,6,calibration_000273_t3_c6,big,big_1,2,1.8,1.06,108,93159.86,93159.859375,91815.25,106374.640625,110350.234375,120372.1875,LO,3471885,4397420,calibration
calibration_calibration_000273_28,calibration_000273,81,diverse_fill_1,4,0,calibration_000273_t4_c0,little,little_0,3,1.5,1.0,80,173039.11,173039.109375,179501.21875,197623.21875,202942.21875,215347.25,LO,3471885,4397420,calibration
calibration_calibration_000273_29,calibration_000273,81,diverse_fill_1,4,1,calibration_000273_t4_c1,big,big_0,0,1.0,0.9,80,205365.3,205365.296875,220284.875,240888.71875,246960.046875,260808.40625,LO,3471885,4397420,calibration
calibration_calibration_000273_30,calibration_000273,81,diverse_fill_1,4,2,calibration_000273_t4_c2,little,little_1,0,0.6,0.8,80,468301.06,468301.0625,464955.75,502308.0625,512808.1875,534144.8125,LO,3471885,4397420,calibration
calibration_calibration_000273_31,calibration_000273,81,diverse_fill_1,4,3,calibration_000273_t4_c3,big,big_0,1,1.4,0.98,80,206823.16,206823.15625,229450.8125,250651.765625,256902.921875,271083.875,LO,3471885,4397420,calibration
calibration_calibration_000273_32,calibration_000273,81,diverse_fill_1,4,4,calibration_000273_t4_c4,little,little_1,1,0.9,0.86,80,312247.3,312247.3125,322456.8125,349997.03125,357803.40625,375185.09375,LO,3471885,4397420,calibration
calibration_calibration_000273_33,calibration_000273,81,diverse_fill_1,4,5,calibration_000273_t4_c5,big,big_0,2,1.8,1.06,80,151272.11,151272.109375,153640.6875,170453.515625,175319.765625,186909.71875,LO,3471885,4397420,calibration
calibration_calibration_000273_34,calibration_000273,81,diverse_fill_1,4,6,calibration_000273_t4_c6,little,little_1,2,1.2,0.93,80,296023.44,296023.4375,295570.9375,321147.625,328465.46875,344851.03125,LO,3471885,4397420,calibration
calibration_calibration_000273_35,calibration_000273,23,diverse_fill_2,5,0,calibration_000273_t5_c0,big,big_0,0,1.0,0.9,22,190912.11,190912.109375,178188.140625,196423.6875,201838.78125,214414.484375,LO,3471885,4397420,calibration
calibration_calibration_000273_36,calibration_000273,23,diverse_fill_2,5,1,calibration_000273_t5_c1,little,little_0,0,0.6,0.8,22,423770.25,423770.25,413761.5625,447670.25,457146.4375,477303.5,LO,3471885,4397420,calibration
calibration_calibration_000273_37,calibration_000273,23,diverse_fill_2,5,2,calibration_000273_t5_c2,big,big_0,1,1.4,0.98,22,175986.25,175986.25,167575.4375,185179.703125,190362.5,202507.921875,LO,3471885,4397420,calibration
calibration_calibration_000273_38,calibration_000273,23,diverse_fill_2,5,3,calibration_000273_t5_c3,little,little_0,1,0.9,0.86,22,239386.83,239386.828125,235413.421875,256988.296875,263308.6875,277671.5,LO,3471885,4397420,calibration
calibration_calibration_000273_39,calibration_000273,23,diverse_fill_2,5,4,calibration_000273_t5_c4,big,big_1,2,1.8,1.06,22,133927.98,133927.984375,126341.390625,141900.484375,146243.6875,156950.21875,LO,3471885,4397420,calibration
calibration_calibration_000273_40,calibration_000273,23,diverse_fill_2,5,5,calibration_000273_t5_c5,little,little_0,2,1.2,0.93,22,221958.98,221958.984375,209318.0625,229210.25,235083.984375,248526.140625,LO,3471885,4397420,calibration
calibration_calibration_000273_41,calibration_000273,23,diverse_fill_2,5,6,calibration_000273_t5_c6,big,big_0,3,2.2,1.15,22,129948.71,129948.7109375,114584.46875,129749.390625,133914.390625,144330.34375,LO,3471885,4397420,calibration
calibration_calibration_000287_00,calibration_000287,2,source_like,0,0,calibration_000287_t0_c0,big,big_0,0,1.0,0.9,1,94373.88,94373.8828125,90191.28125,105039.734375,109152.3125,119431.484375,HI,773480,1113642,calibration
calibration_calibration_000287_01,calibration_000287,2,source_like,0,1,calibration_000287_t0_c1,little,little_1,0,0.6,0.8,1,243161.44,243161.4375,248743.96875,272572.78125,279667.8125,295845.5625,HI,773480,1113642,calibration
calibration_calibration_000287_02,calibration_000287,2,source_like,0,2,calibration_000287_t0_c2,big,big_0,1,1.4,0.98,1,67202.24,67202.2421875,67686.796875,81481.09375,85362.4375,94889.515625,HI,773480,1113642,calibration
calibration_calibration_000287_03,calibration_000287,2,source_like,0,3,calibration_000287_t0_c3,little,little_0,1,0.9,0.86,1,169780.95,169780.953125,170696.640625,188907.5,194357.3125,207051.28125,HI,773480,1113642,calibration
calibration_calibration_000287_04,calibration_000287,2,source_like,0,4,calibration_000287_t0_c4,big,big_1,2,1.8,1.06,1,53915.793,53915.79296875,54207.015625,67351.15625,71140.578125,80239.296875,HI,773480,1113642,calibration
calibration_calibration_000287_05,calibration_000287,2,source_like,0,5,calibration_000287_t0_c5,little,little_1,2,1.2,0.93,1,125347.4,125347.3984375,120083.59375,135631.5,140010.4375,150811.234375,HI,773480,1113642,calibration
calibration_calibration_000287_06,calibration_000287,2,source_like,0,6,calibration_000287_t0_c6,big,big_1,3,2.2,1.15,1,44115.395,44115.39453125,45688.78125,58465.40625,62220.796875,71087.265625,HI,773480,1113642,calibration
calibration_calibration_000287_07,calibration_000287,209,sink_like,1,0,calibration_000287_t1_c0,little,little_0,0,0.6,0.8,208,1102565.4,1102565.375,1032816.5625,1134891.75,1160250.75,1233162.625,HI,773480,1113642,calibration
calibration_calibration_000287_08,calibration_000287,209,sink_like,1,1,calibration_000287_t1_c1,big,big_0,1,1.4,0.98,208,517542.7,517542.6875,535876.625,581792.125,595320.375,621012.75,HI,773480,1113642,calibration
calibration_calibration_000287_09,calibration_000287,209,sink_like,1,2,calibration_000287_t1_c2,little,little_1,1,0.9,0.86,208,794940.94,794940.9375,767046.5,835952.5,856508.625,893627.9375,HI,773480,1113642,calibration
calibration_calibration_000287_10,calibration_000287,209,sink_like,1,3,calibration_000287_t1_c3,big,big_1,2,1.8,1.06,208,431214.1,431214.09375,433162.8125,470166.625,480708.5625,502693.34375,HI,773480,1113642,calibration
calibration_calibration_000287_11,calibration_000287,209,sink_like,1,4,calibration_000287_t1_c4,little,little_1,2,1.2,0.93,208,575102.06,575102.0625,563335.375,611806.625,626218.375,653003.875,HI,773480,1113642,calibration
calibration_calibration_000287_12,calibration_000287,209,sink_like,1,5,calibration_000287_t1_c5,big,big_0,3,2.2,1.15,208,407583.12,407583.125,421592.0,457791.9375,468110.46875,489791.625,HI,773480,1113642,calibration
calibration_calibration_000287_13,calibration_000287,209,sink_like,1,6,calibration_000287_t1_c6,little,little_0,3,1.5,1.0,208,570741.3,570741.3125,583528.375,634821.3125,650305.25,678671.375,HI,773480,1113642,calibration
calibration_calibration_000287_14,calibration_000287,46,middle,2,0,calibration_000287_t2_c0,big,big_1,1,1.4,0.98,45,161011.52,161011.515625,157121.25,174111.828125,179053.4375,190771.625,HI,773480,1113642,calibration
calibration_calibration_000287_15,calibration_000287,46,middle,2,1,calibration_000287_t2_c1,little,little_0,1,0.9,0.86,45,319276.84,319276.84375,305208.9375,331436.375,338904.53125,355614.9375,HI,773480,1113642,calibration
calibration_calibration_000287_16,calibration_000287,46,middle,2,2,calibration_000287_t2_c2,big,big_0,2,1.8,1.06,45,152709.39,152709.390625,149620.5625,166256.53125,171048.1875,182510.484375,HI,773480,1113642,calibration
calibration_calibration_000287_17,calibration_000287,46,middle,2,3,calibration_000287_t2_c3,little,little_0,2,1.2,0.93,45,220007.69,220007.6875,208636.40625,228521.640625,234401.96875,247858.75,HI,773480,1113642,calibration
calibration_calibration_000287_18,calibration_000287,46,middle,2,4,calibration_000287_t2_c4,big,big_0,3,2.2,1.15,45,141632.31,141632.3125,145437.125,161927.859375,166643.3125,177986.96875,HI,773480,1113642,calibration
calibration_calibration_000287_19,calibration_000287,46,middle,2,5,calibration_000287_t2_c5,little,little_1,3,1.5,1.0,45,202517.72,202517.71875,195346.953125,214434.71875,220078.375,233078.25,HI,773480,1113642,calibration
calibration_calibration_000287_20,calibration_000287,46,middle,2,6,calibration_000287_t2_c6,big,big_1,0,1.0,0.9,45,286761.44,286761.4375,263252.78125,286558.125,293299.09375,308516.9375,HI,773480,1113642,calibration
calibration_calibration_000287_21,calibration_000287,184,communication_heavy,3,0,calibration_000287_t3_c0,little,little_1,1,0.9,0.86,183,739574.6,739574.625,693455.0,753525.0,771729.75,803485.625,HI,773480,1113642,calibration
calibration_calibration_000287_22,calibration_000287,184,communication_heavy,3,1,calibration_000287_t3_c1,big,big_1,2,1.8,1.06,183,443006.62,443006.625,439783.5625,477415.125,488164.4375,510444.65625,HI,773480,1113642,calibration
calibration_calibration_000287_23,calibration_000287,184,communication_heavy,3,2,calibration_000287_t3_c2,little,little_0,2,1.2,0.93,183,616744.5,616744.5,584855.25,635390.9375,650545.3125,678217.6875,HI,773480,1113642,calibration
calibration_calibration_000287_24,calibration_000287,184,communication_heavy,3,3,calibration_000287_t3_c3,big,big_0,3,2.2,1.15,183,388675.97,388675.96875,364106.25,395150.09375,403922.0,423094.6875,HI,773480,1113642,calibration
calibration_calibration_000287_25,calibration_000287,184,communication_heavy,3,4,calibration_000287_t3_c4,little,little_1,3,1.5,1.0,183,490380.75,490380.75,456235.6875,495352.6875,506582.875,529542.5,HI,773480,1113642,calibration
calibration_calibration_000287_26,calibration_000287,184,communication_heavy,3,5,calibration_000287_t3_c5,big,big_1,0,1.0,0.9,183,682373.5,682373.5,623164.0,676209.0625,692224.75,720511.125,HI,773480,1113642,calibration
calibration_calibration_000287_27,calibration_000287,184,communication_heavy,3,6,calibration_000287_t3_c6,little,little_0,0,0.6,0.8,183,1157523.9,1157523.875,1057121.5,1163156.75,1189703.375,1268938.875,HI,773480,1113642,calibration
calibration_calibration_000287_28,calibration_000287,152,random,4,0,calibration_000287_t4_c0,big,big_1,2,1.8,1.06,151,116832.055,116832.0546875,114678.0,129790.46875,133965.90625,144390.65625,HI,773480,1113642,calibration
calibration_calibration_000287_29,calibration_000287,152,random,4,1,calibration_000287_t4_c1,little,little_1,2,1.2,0.93,151,229502.23,229502.234375,213820.109375,234011.28125,239974.828125,253593.609375,HI,773480,1113642,calibration
calibration_calibration_000287_30,calibration_000287,152,random,4,2,calibration_000287_t4_c2,big,big_0,3,2.2,1.15,151,116251.55,116251.546875,108576.46875,123522.453125,127619.21875,137911.21875,HI,773480,1113642,calibration
calibration_calibration_000287_31,calibration_000287,152,random,4,3,calibration_000287_t4_c3,little,little_0,3,1.5,1.0,151,178010.95,178010.953125,172527.6875,190350.34375,195590.671875,207845.375,HI,773480,1113642,calibration
calibration_calibration_000287_32,calibration_000287,152,random,4,4,calibration_000287_t4_c4,big,big_0,0,1.0,0.9,151,245150.58,245150.578125,223589.578125,244410.421875,250549.734375,264523.71875,HI,773480,1113642,calibration
calibration_calibration_000287_33,calibration_000287,152,random,4,5,calibration_000287_t4_c5,little,little_0,0,0.6,0.8,151,355163.47,355163.46875,339050.75,367179.96875,374882.125,392292.0,HI,773480,1113642,calibration
calibration_calibration_000287_34,calibration_000287,152,random,4,6,calibration_000287_t4_c6,big,big_0,1,1.4,0.98,151,124403.42,124403.421875,126948.96875,142510.703125,146882.84375,157633.921875,HI,773480,1113642,calibration
calibration_calibration_000287_35,calibration_000287,5,diverse_fill_1,5,0,calibration_000287_t5_c0,little,little_0,2,1.2,0.93,4,93373.01,93373.0078125,93993.796875,108878.96875,113000.5625,123319.796875,HI,773480,1113642,calibration
calibration_calibration_000287_36,calibration_000287,5,diverse_fill_1,5,1,calibration_000287_t5_c1,big,big_1,3,2.2,1.15,4,36491.85,36491.8515625,38291.09375,50864.96875,54655.625,63444.09375,HI,773480,1113642,calibration
calibration_calibration_000287_37,calibration_000287,5,diverse_fill_1,5,2,calibration_000287_t5_c2,little,little_1,3,1.5,1.0,4,74078.65,74078.6484375,76880.125,91144.171875,95104.15625,104929.65625,HI,773480,1113642,calibration
calibration_calibration_000287_38,calibration_000287,5,diverse_fill_1,5,3,calibration_000287_t5_c3,big,big_1,0,1.0,0.9,4,75296.06,75296.0625,80373.25,94953.5,99037.046875,109159.734375,HI,773480,1113642,calibration
calibration_calibration_000287_39,calibration_000287,5,diverse_fill_1,5,4,calibration_000287_t5_c4,little,little_0,0,0.6,0.8,4,200703.48,200703.484375,187399.65625,207582.5625,213813.875,228081.59375,HI,773480,1113642,calibration
calibration_calibration_000287_40,calibration_000287,5,diverse_fill_1,5,5,calibration_000287_t5_c5,big,big_0,1,1.4,0.98,4,52292.727,52292.7265625,54833.921875,68096.03125,71939.3125,81153.21875,HI,773480,1113642,calibration
calibration_calibration_000287_41,calibration_000287,5,diverse_fill_1,5,6,calibration_000287_t5_c6,little,little_0,1,0.9,0.86,4,118526.34,118526.34375,118347.765625,134074.015625,138550.953125,149549.625,HI,773480,1113642,calibration
calibration_calibration_000306_00,calibration_000306,5,source_like,0,0,calibration_000306_t0_c0,little,little_1,3,1.5,1.0,4,117071.875,117071.875,113970.09375,129229.265625,133449.796875,143972.859375,LO,1656426,2242198,calibration
calibration_calibration_000306_01,calibration_000306,5,source_like,0,1,calibration_000306_t0_c1,big,big_0,0,1.0,0.9,4,111801.44,111801.4375,112153.65625,127511.796875,131822.15625,142524.5,LO,1656426,2242198,calibration
calibration_calibration_000306_02,calibration_000306,5,source_like,0,2,calibration_000306_t0_c2,little,little_1,0,0.6,0.8,4,265252.0,265252.0,274880.40625,299881.78125,307072.59375,323591.09375,LO,1656426,2242198,calibration
calibration_calibration_000306_03,calibration_000306,5,source_like,0,3,calibration_000306_t0_c3,big,big_1,1,1.4,0.98,4,74697.75,74697.75,76609.625,90756.59375,94699.09375,104488.640625,LO,1656426,2242198,calibration
calibration_calibration_000306_04,calibration_000306,5,source_like,0,4,calibration_000306_t0_c4,little,little_1,1,0.9,0.86,4,181315.81,181315.8125,179981.78125,198970.140625,204750.671875,218047.6875,LO,1656426,2242198,calibration
calibration_calibration_000306_05,calibration_000306,5,source_like,0,5,calibration_000306_t0_c5,big,big_0,2,1.8,1.06,4,61639.38,61639.37890625,65360.015625,79016.796875,82864.546875,92286.265625,LO,1656426,2242198,calibration
calibration_calibration_000306_06,calibration_000306,5,source_like,0,6,calibration_000306_t0_c6,little,little_0,2,1.2,0.93,4,139476.33,139476.328125,133207.921875,149275.0,153898.90625,165093.34375,LO,1656426,2242198,calibration
calibration_calibration_000306_07,calibration_000306,187,sink_like,1,0,calibration_000306_t1_c0,big,big_1,0,1.0,0.9,186,231302.31,231302.3125,229073.765625,250217.5625,256435.921875,270571.34375,LO,1656426,2242198,calibration
calibration_calibration_000306_08,calibration_000306,187,sink_like,1,1,calibration_000306_t1_c1,little,little_1,0,0.6,0.8,186,483271.66,483271.65625,483311.0625,522398.3125,533487.0625,555629.625,LO,1656426,2242198,calibration
calibration_calibration_000306_09,calibration_000306,187,sink_like,1,2,calibration_000306_t1_c2,big,big_1,1,1.4,0.98,186,160979.6,160979.59375,163169.359375,180424.625,185456.265625,197331.484375,LO,1656426,2242198,calibration
calibration_calibration_000306_10,calibration_000306,187,sink_like,1,3,calibration_000306_t1_c3,little,little_1,1,0.9,0.86,186,368306.12,368306.125,347797.59375,377360.3125,385714.96875,404114.875,LO,1656426,2242198,calibration
calibration_calibration_000306_11,calibration_000306,187,sink_like,1,4,calibration_000306_t1_c4,big,big_1,2,1.8,1.06,186,154341.6,154341.59375,159058.6875,176181.4375,181166.5625,192963.40625,LO,1656426,2242198,calibration
calibration_calibration_000306_12,calibration_000306,187,sink_like,1,5,calibration_000306_t1_c5,little,little_1,2,1.2,0.93,186,300441.62,300441.625,312496.03125,339355.21875,347005.5,364050.625,LO,1656426,2242198,calibration
calibration_calibration_000306_13,calibration_000306,187,sink_like,1,6,calibration_000306_t1_c6,big,big_0,3,2.2,1.15,186,120802.07,120802.0703125,127082.875,142603.78125,146949.3125,157645.1875,LO,1656426,2242198,calibration
calibration_calibration_000306_14,calibration_000306,95,middle,2,0,calibration_000306_t2_c0,little,little_1,0,0.6,0.8,94,353153.94,353153.9375,364788.5625,394086.1875,401962.75,419598.3125,LO,1656426,2242198,calibration
calibration_calibration_000306_15,calibration_000306,95,middle,2,1,calibration_000306_t2_c1,big,big_1,1,1.4,0.98,94,113800.734,113800.734375,116983.234375,132292.578125,136547.359375,147123.765625,LO,1656426,2242198,calibration
calibration_calibration_000306_16,calibration_000306,95,middle,2,2,calibration_000306_t2_c2,little,little_0,1,0.9,0.86,94,247954.64,247954.640625,234938.515625,256654.546875,263060.09375,277598.125,LO,1656426,2242198,calibration
calibration_calibration_000306_17,calibration_000306,95,middle,2,3,calibration_000306_t2_c3,big,big_1,2,1.8,1.06,94,101240.16,101240.15625,106257.5625,121218.09375,125319.390625,135625.671875,LO,1656426,2242198,calibration
calibration_calibration_000306_18,calibration_000306,95,middle,2,4,calibration_000306_t2_c4,little,little_0,2,1.2,0.93,94,190008.66,190008.65625,189408.40625,208288.296875,213917.359375,226884.03125,LO,1656426,2242198,calibration
calibration_calibration_000306_19,calibration_000306,95,middle,2,5,calibration_000306_t2_c5,big,big_1,3,2.2,1.15,94,73973.266,73973.265625,71870.203125,85673.75,89510.828125,99035.03125,LO,1656426,2242198,calibration
calibration_calibration_000306_20,calibration_000306,95,middle,2,6,calibration_000306_t2_c6,little,little_1,3,1.5,1.0,94,144182.08,144182.078125,143016.53125,159353.59375,164037.4375,175318.46875,LO,1656426,2242198,calibration
calibration_calibration_000306_21,calibration_000306,74,high_degree,3,0,calibration_000306_t3_c0,big,big_0,1,1.4,0.98,73,183309.94,183309.9375,182928.375,201406.59375,206888.140625,219578.78125,LO,1656426,2242198,calibration
calibration_calibration_000306_22,calibration_000306,74,high_degree,3,1,calibration_000306_t3_c1,little,little_0,1,0.9,0.86,73,284551.06,284551.0625,278241.625,302535.0625,309517.6875,325243.34375,LO,1656426,2242198,calibration
calibration_calibration_000306_23,calibration_000306,74,high_degree,3,2,calibration_000306_t3_c2,big,big_0,2,1.8,1.06,73,155866.64,155866.640625,179859.546875,198218.53125,203667.375,216299.5,LO,1656426,2242198,calibration
calibration_calibration_000306_24,calibration_000306,74,high_degree,3,3,calibration_000306_t3_c3,little,little_0,2,1.2,0.93,73,242704.89,242704.890625,244288.0625,266372.28125,272831.28125,287446.53125,LO,1656426,2242198,calibration
calibration_calibration_000306_25,calibration_000306,74,high_degree,3,4,calibration_000306_t3_c4,big,big_0,3,2.2,1.15,73,130899.23,130899.2265625,132239.625,148032.8125,152476.15625,163344.625,LO,1656426,2242198,calibration
calibration_calibration_000306_26,calibration_000306,74,high_degree,3,5,calibration_000306_t3_c5,little,little_0,3,1.5,1.0,73,211791.23,211791.234375,216975.53125,237370.125,243396.03125,257131.84375,LO,1656426,2242198,calibration
calibration_calibration_000306_27,calibration_000306,74,high_degree,3,6,calibration_000306_t3_c6,big,big_0,0,1.0,0.9,73,283498.12,283498.125,290834.34375,316061.75,323283.9375,339491.71875,LO,1656426,2242198,calibration
calibration_calibration_000306_28,calibration_000306,165,communication_heavy,4,0,calibration_000306_t4_c0,little,little_0,1,0.9,0.86,164,479385.0,479385.0,486388.25,527425.8125,539218.75,562731.75,LO,1656426,2242198,calibration
calibration_calibration_000306_29,calibration_000306,165,communication_heavy,4,1,calibration_000306_t4_c1,big,big_0,2,1.8,1.06,164,255830.69,255830.6875,248062.71875,270525.875,277135.0625,292031.46875,LO,1656426,2242198,calibration
calibration_calibration_000306_30,calibration_000306,165,communication_heavy,4,2,calibration_000306_t4_c2,little,little_1,2,1.2,0.93,164,325923.4,325923.40625,336589.59375,365271.28125,373395.875,391362.90625,LO,1656426,2242198,calibration
calibration_calibration_000306_31,calibration_000306,165,communication_heavy,4,3,calibration_000306_t4_c3,big,big_1,3,2.2,1.15,164,187523.14,187523.140625,190686.25,209774.15625,215483.953125,228612.5,LO,1656426,2242198,calibration
calibration_calibration_000306_32,calibration_000306,165,communication_heavy,4,4,calibration_000306_t4_c4,little,little_1,3,1.5,1.0,164,261975.86,261975.859375,268798.15625,292526.4375,299415.03125,314899.375,LO,1656426,2242198,calibration
calibration_calibration_000306_33,calibration_000306,165,communication_heavy,4,5,calibration_000306_t4_c5,big,big_1,0,1.0,0.9,164,297606.7,297606.6875,307911.90625,334381.0,341921.4375,358783.03125,LO,1656426,2242198,calibration
calibration_calibration_000306_34,calibration_000306,165,communication_heavy,4,6,calibration_000306_t4_c6,little,little_1,0,0.6,0.8,164,609183.5,609183.5,613706.375,662480.25,676917.75,702099.3125,LO,1656426,2242198,calibration
calibration_calibration_000306_35,calibration_000306,69,random,5,0,calibration_000306_t5_c0,big,big_1,2,1.8,1.06,68,165544.14,165544.140625,185428.15625,204158.875,209740.28125,222623.90625,LO,1656426,2242198,calibration
calibration_calibration_000306_36,calibration_000306,69,random,5,1,calibration_000306_t5_c1,little,little_0,2,1.2,0.93,68,322478.2,322478.1875,310490.34375,337154.34375,344758.28125,361713.1875,LO,1656426,2242198,calibration
calibration_calibration_000306_37,calibration_000306,69,random,5,2,calibration_000306_t5_c2,big,big_1,3,2.2,1.15,68,162714.86,162714.859375,164847.40625,182435.40625,187602.90625,199742.546875,LO,1656426,2242198,calibration
calibration_calibration_000306_38,calibration_000306,69,random,5,3,calibration_000306_t5_c3,little,little_1,3,1.5,1.0,68,260560.97,260560.96875,258951.0,282033.4375,288770.25,303931.6875,LO,1656426,2242198,calibration
calibration_calibration_000306_39,calibration_000306,69,random,5,4,calibration_000306_t5_c4,big,big_1,0,1.0,0.9,68,326682.28,326682.28125,325033.875,352827.53125,360712.4375,378241.5625,LO,1656426,2242198,calibration
calibration_calibration_000306_40,calibration_000306,69,random,5,5,calibration_000306_t5_c5,little,little_1,0,0.6,0.8,68,646493.8,646493.8125,662194.9375,715209.5,731156.125,758096.875,LO,1656426,2242198,calibration
calibration_calibration_000306_41,calibration_000306,69,random,5,6,calibration_000306_t5_c6,big,big_1,1,1.4,0.98,68,240652.56,240652.5625,257753.59375,280788.78125,287515.15625,302661.875,LO,1656426,2242198,calibration
calibration_calibration_000309_00,calibration_000309,24,source_like,0,0,calibration_000309_t0_c0,big,big_1,0,1.0,0.9,23,126624.32,126624.3203125,134891.890625,151008.671875,155652.6875,166877.78125,HI,3441922,4407345,calibration
calibration_calibration_000309_01,calibration_000309,24,source_like,0,1,calibration_000309_t0_c1,little,little_1,0,0.6,0.8,23,342616.75,342616.75,333134.375,360151.1875,367347.65625,383906.0,HI,3441922,4407345,calibration
calibration_calibration_000309_02,calibration_000309,24,source_like,0,2,calibration_000309_t0_c2,big,big_0,1,1.4,0.98,23,91386.15,91386.1484375,90987.09375,105560.453125,109586.65625,119688.078125,HI,3441922,4407345,calibration
calibration_calibration_000309_03,calibration_000309,24,source_like,0,3,calibration_000309_t0_c3,little,little_1,1,0.9,0.86,23,222843.88,222843.875,242237.921875,264128.15625,270484.78125,284917.59375,HI,3441922,4407345,calibration
calibration_calibration_000309_04,calibration_000309,24,source_like,0,4,calibration_000309_t0_c4,big,big_1,2,1.8,1.06,23,76409.94,76409.9375,73458.359375,87425.515625,91310.828125,100948.640625,HI,3441922,4407345,calibration
calibration_calibration_000309_05,calibration_000309,24,source_like,0,5,calibration_000309_t0_c5,little,little_1,2,1.2,0.93,23,165999.9,165999.90625,160809.03125,178194.0625,183363.203125,195470.78125,HI,3441922,4407345,calibration
calibration_calibration_000309_06,calibration_000309,24,source_like,0,6,calibration_000309_t0_c6,big,big_0,3,2.2,1.15,23,60437.605,60437.60546875,58824.703125,72177.34375,75977.09375,85188.984375,HI,3441922,4407345,calibration
calibration_calibration_000309_07,calibration_000309,311,sink_like,1,0,calibration_000309_t1_c0,little,little_1,0,0.6,0.8,310,714277.7,714277.6875,710360.5,768593.375,786341.0,816175.625,HI,3441922,4407345,calibration
calibration_calibration_000309_08,calibration_000309,311,sink_like,1,1,calibration_000309_t1_c1,big,big_1,1,1.4,0.98,310,384371.97,384371.96875,386826.625,419714.28125,429001.34375,449042.8125,HI,3441922,4407345,calibration
calibration_calibration_000309_09,calibration_000309,311,sink_like,1,2,calibration_000309_t1_c2,little,little_0,1,0.9,0.86,310,637788.7,637788.6875,607369.0,658428.0,673685.1875,700926.0625,HI,3441922,4407345,calibration
calibration_calibration_000309_10,calibration_000309,311,sink_like,1,3,calibration_000309_t1_c3,big,big_0,2,1.8,1.06,310,314334.28,314334.28125,317879.8125,345119.9375,352870.0625,370127.4375,HI,3441922,4407345,calibration
calibration_calibration_000309_11,calibration_000309,311,sink_like,1,4,calibration_000309_t1_c4,little,little_1,2,1.2,0.93,310,422579.4,422579.40625,440347.4375,477887.8125,488600.5625,510797.65625,HI,3441922,4407345,calibration
calibration_calibration_000309_12,calibration_000309,311,sink_like,1,5,calibration_000309_t1_c5,big,big_0,3,2.2,1.15,310,283662.4,283662.40625,273400.03125,297472.65625,304457.625,320148.625,HI,3441922,4407345,calibration
calibration_calibration_000309_13,calibration_000309,311,sink_like,1,6,calibration_000309_t1_c6,little,little_0,3,1.5,1.0,310,393371.97,393371.96875,403249.09375,437648.6875,447399.84375,468180.65625,HI,3441922,4407345,calibration
calibration_calibration_000309_14,calibration_000309,155,middle,2,0,calibration_000309_t2_c0,big,big_1,1,1.4,0.98,154,318449.84,318449.84375,322826.84375,350478.0,358332.9375,375793.125,HI,3441922,4407345,calibration
calibration_calibration_000309_15,calibration_000309,155,middle,2,1,calibration_000309_t2_c1,little,little_0,1,0.9,0.86,154,398929.06,398929.0625,392269.1875,425430.3125,434788.8125,454923.15625,HI,3441922,4407345,calibration
calibration_calibration_000309_16,calibration_000309,155,middle,2,2,calibration_000309_t2_c2,big,big_1,2,1.8,1.06,154,216399.98,216399.984375,214270.1875,234654.8125,240720.8125,254533.0,HI,3441922,4407345,calibration
calibration_calibration_000309_17,calibration_000309,155,middle,2,3,calibration_000309_t2_c3,little,little_0,2,1.2,0.93,154,418390.25,418390.25,413876.4375,449190.5,459226.0,480438.5625,HI,3441922,4407345,calibration
calibration_calibration_000309_18,calibration_000309,155,middle,2,4,calibration_000309_t2_c4,big,big_1,3,2.2,1.15,154,182727.42,182727.421875,184564.875,203208.09375,208751.75,221566.96875,HI,3441922,4407345,calibration
calibration_calibration_000309_19,calibration_000309,155,middle,2,5,calibration_000309_t2_c5,little,little_0,3,1.5,1.0,154,330542.72,330542.71875,342795.1875,372084.59375,380387.09375,398679.125,HI,3441922,4407345,calibration
calibration_calibration_000309_20,calibration_000309,155,middle,2,6,calibration_000309_t2_c6,big,big_1,0,1.0,0.9,154,311713.75,311713.75,321800.65625,349315.78125,357118.28125,374501.5625,HI,3441922,4407345,calibration
calibration_calibration_000309_21,calibration_000309,114,high_degree,3,0,calibration_000309_t3_c0,little,little_1,1,0.9,0.86,113,860872.44,860872.4375,927852.0625,1021216.4375,1045360.3125,1102623.5,HI,3441922,4407345,calibration
calibration_calibration_000309_22,calibration_000309,114,high_degree,3,1,calibration_000309_t3_c1,big,big_1,2,1.8,1.06,113,406713.56,406713.5625,428494.09375,465136.90625,475574.25,497407.0625,HI,3441922,4407345,calibration
calibration_calibration_000309_23,calibration_000309,114,high_degree,3,2,calibration_000309_t3_c2,little,little_1,2,1.2,0.93,113,493554.28,493554.28125,506277.4375,549580.75,562184.875,586824.75,HI,3441922,4407345,calibration
calibration_calibration_000309_24,calibration_000309,114,high_degree,3,3,calibration_000309_t3_c3,big,big_0,3,2.2,1.15,113,274190.4,274190.40625,294844.0,320380.6875,327714.09375,344124.15625,HI,3441922,4407345,calibration
calibration_calibration_000309_25,calibration_000309,114,high_degree,3,4,calibration_000309_t3_c4,little,little_0,3,1.5,1.0,113,499669.0,499669.0,494755.59375,537390.0,549802.25,574305.5,HI,3441922,4407345,calibration
calibration_calibration_000309_26,calibration_000309,114,high_degree,3,5,calibration_000309_t3_c5,big,big_0,0,1.0,0.9,113,557050.4,557050.375,652757.625,708788.5,725835.375,755516.0625,HI,3441922,4407345,calibration
calibration_calibration_000309_27,calibration_000309,114,high_degree,3,6,calibration_000309_t3_c6,little,little_0,0,0.6,0.8,113,968172.06,968172.0625,963900.6875,1054994.0,1078089.0,1135874.125,HI,3441922,4407345,calibration
calibration_calibration_000309_28,calibration_000309,113,communication_heavy,4,0,calibration_000309_t4_c0,big,big_1,2,1.8,1.06,112,436320.53,436320.53125,412456.875,447705.25,457715.0,478907.6875,HI,3441922,4407345,calibration
calibration_calibration_000309_29,calibration_000309,113,communication_heavy,4,1,calibration_000309_t4_c1,little,little_1,2,1.2,0.93,112,443826.5,443826.5,465013.875,504721.9375,516129.375,539273.25,HI,3441922,4407345,calibration
calibration_calibration_000309_30,calibration_000309,113,communication_heavy,4,2,calibration_000309_t4_c2,big,big_0,3,2.2,1.15,112,233514.27,233514.265625,238302.015625,260068.296875,266470.5625,280960.28125,HI,3441922,4407345,calibration
calibration_calibration_000309_31,calibration_000309,113,communication_heavy,4,3,calibration_000309_t4_c3,little,little_0,3,1.5,1.0,112,398791.5,398791.5,410157.375,445174.34375,455113.0,476189.125,HI,3441922,4407345,calibration
calibration_calibration_000309_32,calibration_000309,113,communication_heavy,4,4,calibration_000309_t4_c4,big,big_0,0,1.0,0.9,112,544503.25,544503.25,528015.0,572687.5,585752.9375,610695.125,HI,3441922,4407345,calibration
calibration_calibration_000309_33,calibration_000309,113,communication_heavy,4,5,calibration_000309_t4_c5,little,little_0,0,0.6,0.8,112,810062.44,810062.4375,815625.875,885472.125,905980.3125,943350.3125,HI,3441922,4407345,calibration
calibration_calibration_000309_34,calibration_000309,113,communication_heavy,4,6,calibration_000309_t4_c6,big,big_0,1,1.4,0.98,112,382775.9,382775.90625,402986.125,437249.8125,446938.4375,467625.0625,HI,3441922,4407345,calibration
calibration_calibration_000309_35,calibration_000309,48,random,5,0,calibration_000309_t5_c0,little,little_0,2,1.2,0.93,47,430274.03,430274.03125,405405.8125,439991.6875,449807.6875,470679.78125,HI,3441922,4407345,calibration
calibration_calibration_000309_36,calibration_000309,48,random,5,1,calibration_000309_t5_c1,big,big_0,3,2.2,1.15,47,145606.86,145606.859375,154754.21875,171569.765625,176442.25,188032.0,HI,3441922,4407345,calibration
calibration_calibration_000309_37,calibration_000309,48,random,5,2,calibration_000309_t5_c2,little,little_0,3,1.5,1.0,47,344563.47,344563.46875,353643.6875,383853.09375,392409.625,411164.9375,HI,3441922,4407345,calibration
calibration_calibration_000309_38,calibration_000309,48,random,5,3,calibration_000309_t5_c3,big,big_0,0,1.0,0.9,47,334840.12,334840.125,324520.71875,352254.1875,360112.28125,377605.1875,HI,3441922,4407345,calibration
calibration_calibration_000309_39,calibration_000309,48,random,5,4,calibration_000309_t5_c4,little,little_1,0,0.6,0.8,47,721534.1,721534.125,686529.4375,742596.0,759636.625,788273.75,HI,3441922,4407345,calibration
calibration_calibration_000309_40,calibration_000309,48,random,5,5,calibration_000309_t5_c5,big,big_0,1,1.4,0.98,47,286755.94,286755.9375,293910.6875,319386.03125,326687.96875,343045.6875,HI,3441922,4407345,calibration
calibration_calibration_000309_41,calibration_000309,48,random,5,6,calibration_000309_t5_c6,little,little_0,1,0.9,0.86,47,444786.38,444786.375,452526.125,490826.8125,501754.6875,524188.0625,HI,3441922,4407345,calibration
calibration_calibration_000323_00,calibration_000323,4,source_like,0,0,calibration_000323_t0_c0,big,big_1,1,1.4,0.98,3,71987.87,71987.8671875,71893.375,85967.078125,89897.71875,99584.5625,LO,3509190,4368193,calibration
calibration_calibration_000323_01,calibration_000323,4,source_like,0,1,calibration_000323_t0_c1,little,little_0,1,0.9,0.86,3,147801.78,147801.78125,146475.734375,163558.6875,168614.53125,180615.828125,LO,3509190,4368193,calibration
calibration_calibration_000323_02,calibration_000323,4,source_like,0,2,calibration_000323_t0_c2,big,big_1,2,1.8,1.06,3,48257.92,48257.921875,48334.1875,61210.765625,64965.890625,73882.234375,LO,3509190,4368193,calibration
calibration_calibration_000323_03,calibration_000323,4,source_like,0,3,calibration_000323_t0_c3,little,little_1,2,1.2,0.93,3,121335.31,121335.3125,113827.859375,129159.453125,133447.390625,144100.0,LO,3509190,4368193,calibration
calibration_calibration_000323_04,calibration_000323,4,source_like,0,4,calibration_000323_t0_c4,big,big_0,3,2.2,1.15,3,43089.848,43089.84765625,42146.34375,54790.71875,58539.859375,67320.6875,LO,3509190,4368193,calibration
calibration_calibration_000323_05,calibration_000323,4,source_like,0,5,calibration_000323_t0_c5,little,little_1,3,1.5,1.0,3,96087.195,96087.1953125,90030.5,104705.671875,108735.34375,118848.515625,LO,3509190,4368193,calibration
calibration_calibration_000323_06,calibration_000323,4,source_like,0,6,calibration_000323_t0_c6,big,big_1,0,1.0,0.9,3,96082.12,96082.1171875,90354.203125,105199.59375,109326.875,119639.546875,LO,3509190,4368193,calibration
calibration_calibration_000323_07,calibration_000323,141,sink_like,1,0,calibration_000323_t1_c0,little,little_0,1,0.9,0.86,140,452649.62,452649.625,439964.75,477291.375,487927.125,509972.375,LO,3509190,4368193,calibration
calibration_calibration_000323_08,calibration_000323,141,sink_like,1,1,calibration_000323_t1_c1,big,big_0,2,1.8,1.06,140,144490.48,144490.484375,138788.515625,154815.84375,159382.25,170443.796875,LO,3509190,4368193,calibration
calibration_calibration_000323_09,calibration_000323,141,sink_like,1,2,calibration_000323_t1_c2,little,little_0,2,1.2,0.93,140,305624.72,305624.71875,315409.21875,342471.78125,350180.25,367333.59375,LO,3509190,4368193,calibration
calibration_calibration_000323_10,calibration_000323,141,sink_like,1,3,calibration_000323_t1_c3,big,big_1,3,2.2,1.15,140,134491.06,134491.0625,137773.59375,153829.625,158388.953125,169452.5625,LO,3509190,4368193,calibration
calibration_calibration_000323_11,calibration_000323,141,sink_like,1,4,calibration_000323_t1_c4,little,little_1,3,1.5,1.0,140,230820.55,230820.546875,235348.65625,256930.5625,263289.71875,277686.3125,LO,3509190,4368193,calibration
calibration_calibration_000323_12,calibration_000323,141,sink_like,1,5,calibration_000323_t1_c5,big,big_1,0,1.0,0.9,140,259210.0,259210.0,264342.6875,287797.5625,294603.1875,309951.5,LO,3509190,4368193,calibration
calibration_calibration_000323_13,calibration_000323,141,sink_like,1,6,calibration_000323_t1_c6,little,little_0,0,0.6,0.8,140,539986.94,539986.9375,539201.875,582116.125,594445.875,617678.125,LO,3509190,4368193,calibration
calibration_calibration_000323_14,calibration_000323,171,middle,2,0,calibration_000323_t2_c0,big,big_0,2,1.8,1.06,170,123104.234,123104.234375,111898.71875,127063.25,131227.125,141652.3125,LO,3509190,4368193,calibration
calibration_calibration_000323_15,calibration_000323,171,middle,2,1,calibration_000323_t2_c1,little,little_0,2,1.2,0.93,170,163298.77,163298.765625,166548.5625,184120.359375,189299.375,201444.4375,LO,3509190,4368193,calibration
calibration_calibration_000323_16,calibration_000323,171,middle,2,2,calibration_000323_t2_c2,big,big_0,3,2.2,1.15,170,78539.61,78539.609375,77801.328125,91842.171875,95710.140625,105378.9375,LO,3509190,4368193,calibration
calibration_calibration_000323_17,calibration_000323,171,middle,2,3,calibration_000323_t2_c3,little,little_1,3,1.5,1.0,170,148904.5,148904.5,148410.53125,164991.796875,169769.96875,181212.53125,LO,3509190,4368193,calibration
calibration_calibration_000323_18,calibration_000323,171,middle,2,4,calibration_000323_t2_c4,big,big_0,0,1.0,0.9,170,180949.38,180949.375,174003.796875,192124.0625,197530.640625,210106.359375,LO,3509190,4368193,calibration
calibration_calibration_000323_19,calibration_000323,171,middle,2,5,calibration_000323_t2_c5,little,little_0,0,0.6,0.8,170,301398.06,301398.0625,301416.3125,327628.71875,335000.3125,351867.84375,LO,3509190,4368193,calibration
calibration_calibration_000323_20,calibration_000323,171,middle,2,6,calibration_000323_t2_c6,big,big_0,1,1.4,0.98,170,101242.34,101242.34375,102723.34375,117576.84375,121659.5,131923.421875,LO,3509190,4368193,calibration
calibration_calibration_000323_21,calibration_000323,266,communication_heavy,3,0,calibration_000323_t3_c0,little,little_1,2,1.2,0.93,265,432190.06,432190.0625,383352.5625,416072.6875,425337.9375,445331.96875,LO,3509190,4368193,calibration
calibration_calibration_000323_22,calibration_000323,266,communication_heavy,3,1,calibration_000323_t3_c1,big,big_1,3,2.2,1.15,265,175223.56,175223.5625,169499.8125,187237.765625,192454.984375,204672.265625,LO,3509190,4368193,calibration
calibration_calibration_000323_23,calibration_000323,266,communication_heavy,3,2,calibration_000323_t3_c2,little,little_1,3,1.5,1.0,265,331210.62,331210.625,292236.8125,317593.21875,324869.3125,341149.46875,LO,3509190,4368193,calibration
calibration_calibration_000323_24,calibration_000323,266,communication_heavy,3,3,calibration_000323_t3_c3,big,big_1,0,1.0,0.9,265,326372.72,326372.71875,292929.125,318304.71875,325558.6875,341847.9375,LO,3509190,4368193,calibration
calibration_calibration_000323_25,calibration_000323,266,communication_heavy,3,4,calibration_000323_t3_c4,little,little_0,0,0.6,0.8,265,460009.12,460009.125,443794.125,480317.375,490627.9375,512019.375,LO,3509190,4368193,calibration
calibration_calibration_000323_26,calibration_000323,266,communication_heavy,3,5,calibration_000323_t3_c5,big,big_1,1,1.4,0.98,265,256869.64,256869.640625,239633.890625,261466.34375,267869.59375,282372.8125,LO,3509190,4368193,calibration
calibration_calibration_000323_27,calibration_000323,266,communication_heavy,3,6,calibration_000323_t3_c6,little,little_0,1,0.9,0.86,265,360627.94,360627.9375,353036.125,383058.53125,391541.25,410186.53125,LO,3509190,4368193,calibration
calibration_calibration_000323_28,calibration_000323,244,random,4,0,calibration_000323_t4_c0,big,big_0,3,2.2,1.15,243,161423.84,161423.84375,167980.1875,185746.765625,190983.53125,203249.09375,LO,3509190,4368193,calibration
calibration_calibration_000323_29,calibration_000323,244,random,4,1,calibration_000323_t4_c1,little,little_1,3,1.5,1.0,243,294296.47,294296.46875,279512.15625,303993.40625,311074.15625,326949.15625,LO,3509190,4368193,calibration
calibration_calibration_000323_30,calibration_000323,244,random,4,2,calibration_000323_t4_c2,big,big_1,0,1.0,0.9,243,334105.78,334105.78125,328458.75,356507.75,364458.875,382113.15625,LO,3509190,4368193,calibration
calibration_calibration_000323_31,calibration_000323,244,random,4,3,calibration_000323_t4_c3,little,little_1,0,0.6,0.8,243,690787.3,690787.3125,725210.0,784566.0,802544.0,832782.4375,LO,3509190,4368193,calibration
calibration_calibration_000323_32,calibration_000323,244,random,4,4,calibration_000323_t4_c4,big,big_0,1,1.4,0.98,243,254728.56,254728.5625,266854.71875,290492.40625,297365.84375,312817.15625,LO,3509190,4368193,calibration
calibration_calibration_000323_33,calibration_000323,244,random,4,5,calibration_000323_t4_c5,little,little_1,1,0.9,0.86,243,476350.8,476350.8125,470751.28125,510440.21875,521788.4375,544756.625,LO,3509190,4368193,calibration
calibration_calibration_000323_34,calibration_000323,244,random,4,6,calibration_000323_t4_c6,big,big_1,2,1.8,1.06,243,169174.98,169174.984375,182468.90625,201030.96875,206555.09375,219334.890625,LO,3509190,4368193,calibration
calibration_calibration_000323_35,calibration_000323,80,diverse_fill_1,5,0,calibration_000323_t5_c0,little,little_0,3,1.5,1.0,79,98345.91,98345.90625,99927.015625,114747.96875,118823.359375,129068.765625,LO,3509190,4368193,calibration
calibration_calibration_000323_36,calibration_000323,80,diverse_fill_1,5,1,calibration_000323_t5_c1,big,big_0,0,1.0,0.9,79,115172.4,115172.3984375,127698.578125,143738.21875,148351.921875,159593.96875,LO,3509190,4368193,calibration
calibration_calibration_000323_37,calibration_000323,80,diverse_fill_1,5,2,calibration_000323_t5_c2,little,little_1,0,0.6,0.8,79,242705.7,242705.703125,253207.28125,277261.65625,284420.0625,300756.4375,LO,3509190,4368193,calibration
calibration_calibration_000323_38,calibration_000323,80,diverse_fill_1,5,3,calibration_000323_t5_c3,big,big_1,1,1.4,0.98,79,72188.086,72188.0859375,77140.140625,91276.484375,95205.4375,104980.953125,LO,3509190,4368193,calibration
calibration_calibration_000323_39,calibration_000323,80,diverse_fill_1,5,4,calibration_000323_t5_c4,little,little_1,1,0.9,0.86,79,172930.14,172930.140625,187859.515625,206980.515625,212729.484375,225971.0625,LO,3509190,4368193,calibration
calibration_calibration_000323_40,calibration_000323,80,diverse_fill_1,5,5,calibration_000323_t5_c5,big,big_0,2,1.8,1.06,79,71038.46,71038.4609375,79736.578125,93970.5625,97916.890625,107757.359375,LO,3509190,4368193,calibration
calibration_calibration_000323_41,calibration_000323,80,diverse_fill_1,5,6,calibration_000323_t5_c6,little,little_0,2,1.2,0.93,79,127603.37,127603.3671875,134284.765625,150362.96875,154963.65625,166127.5625,LO,3509190,4368193,calibration
calibration_calibration_000353_00,calibration_000353,1,source_like,0,0,calibration_000353_t0_c0,big,big_0,1,1.4,0.98,0,58990.52,58990.51953125,58036.453125,71412.453125,75246.359375,84503.78125,HI,3175914,3209801,calibration
calibration_calibration_000353_01,calibration_000353,1,source_like,0,1,calibration_000353_t0_c1,little,little_1,1,0.9,0.86,0,147463.03,147463.03125,142408.90625,159240.875,164204.765625,176042.34375,HI,3175914,3209801,calibration
calibration_calibration_000353_02,calibration_000353,1,source_like,0,2,calibration_000353_t0_c2,big,big_1,2,1.8,1.06,0,53330.652,53330.65234375,50581.546875,63600.734375,67398.9375,76443.6875,HI,3175914,3209801,calibration
calibration_calibration_000353_03,calibration_000353,1,source_like,0,3,calibration_000353_t0_c3,little,little_1,2,1.2,0.93,0,113397.66,113397.65625,110046.609375,125299.953125,129569.265625,140198.828125,HI,3175914,3209801,calibration
calibration_calibration_000353_04,calibration_000353,1,source_like,0,4,calibration_000353_t0_c4,big,big_0,3,2.2,1.15,0,38285.047,38285.046875,39956.6875,52531.390625,56281.34375,65019.984375,HI,3175914,3209801,calibration
calibration_calibration_000353_05,calibration_000353,1,source_like,0,5,calibration_000353_t0_c5,little,little_0,3,1.5,1.0,0,80662.32,80662.3203125,82152.8125,96574.921875,100555.8125,110493.09375,HI,3175914,3209801,calibration
calibration_calibration_000353_06,calibration_000353,1,source_like,0,6,calibration_000353_t0_c6,big,big_0,0,1.0,0.9,0,86195.41,86195.40625,84752.5,99456.296875,103554.484375,113757.625,HI,3175914,3209801,calibration
calibration_calibration_000353_07,calibration_000353,34,sink_like,1,0,calibration_000353_t1_c0,little,little_1,1,0.9,0.86,33,371866.94,371866.9375,364052.28125,394898.84375,403602.3125,422628.6875,HI,3175914,3209801,calibration
calibration_calibration_000353_08,calibration_000353,34,sink_like,1,1,calibration_000353_t1_c1,big,big_1,2,1.8,1.06,33,185053.06,185053.0625,183870.96875,202455.203125,207974.875,220744.0625,HI,3175914,3209801,calibration
calibration_calibration_000353_09,calibration_000353,34,sink_like,1,2,calibration_000353_t1_c2,little,little_1,2,1.2,0.93,33,241174.27,241174.265625,248654.890625,271039.28125,277577.8125,292360.3125,HI,3175914,3209801,calibration
calibration_calibration_000353_10,calibration_000353,34,sink_like,1,3,calibration_000353_t1_c3,big,big_1,3,2.2,1.15,33,169444.84,169444.84375,163830.21875,181302.90625,186423.59375,198471.28125,HI,3175914,3209801,calibration
calibration_calibration_000353_11,calibration_000353,34,sink_like,1,4,calibration_000353_t1_c4,little,little_1,3,1.5,1.0,33,260480.0,260480.0,249239.359375,271648.875,278197.46875,292985.625,HI,3175914,3209801,calibration
calibration_calibration_000353_12,calibration_000353,34,sink_like,1,5,calibration_000353_t1_c5,big,big_1,0,1.0,0.9,33,337702.3,337702.3125,334839.625,363448.4375,371551.90625,389499.3125,HI,3175914,3209801,calibration
calibration_calibration_000353_13,calibration_000353,34,sink_like,1,6,calibration_000353_t1_c6,little,little_0,0,0.6,0.8,33,536610.6,536610.625,534140.375,576832.625,589099.375,612321.0625,HI,3175914,3209801,calibration
calibration_calibration_000353_14,calibration_000353,36,middle,2,0,calibration_000353_t2_c0,big,big_1,2,1.8,1.06,35,328277.44,328277.4375,335285.96875,363874.4375,371971.21875,389900.125,HI,3175914,3209801,calibration
calibration_calibration_000353_15,calibration_000353,36,middle,2,1,calibration_000353_t2_c1,little,little_1,2,1.2,0.93,35,486985.8,486985.8125,501091.1875,543912.6875,556355.6875,580782.3125,HI,3175914,3209801,calibration
calibration_calibration_000353_16,calibration_000353,36,middle,2,2,calibration_000353_t2_c2,big,big_1,3,2.2,1.15,35,336301.88,336301.875,345843.875,375358.6875,383713.625,402129.4375,HI,3175914,3209801,calibration
calibration_calibration_000353_17,calibration_000353,36,middle,2,3,calibration_000353_t2_c3,little,little_0,3,1.5,1.0,35,511152.88,511152.875,518926.875,563803.5,576997.375,602469.75,HI,3175914,3209801,calibration
calibration_calibration_000353_18,calibration_000353,36,middle,2,4,calibration_000353_t2_c4,big,big_0,0,1.0,0.9,35,586176.1,586176.125,608306.4375,659939.5625,675466.5625,703123.25,HI,3175914,3209801,calibration
calibration_calibration_000353_19,calibration_000353,36,middle,2,5,calibration_000353_t2_c5,little,little_1,0,0.6,0.8,35,946492.75,946492.75,949523.125,1038683.0,1061441.25,1116704.375,HI,3175914,3209801,calibration
calibration_calibration_000353_20,calibration_000353,36,middle,2,6,calibration_000353_t2_c6,big,big_0,1,1.4,0.98,35,340545.84,340545.84375,357928.53125,388349.375,396932.1875,415762.125,HI,3175914,3209801,calibration
calibration_calibration_000353_21,calibration_000353,25,high_degree,3,0,calibration_000353_t3_c0,little,little_0,2,1.2,0.93,24,184649.48,184649.484375,191001.1875,209941.625,215577.71875,228557.453125,HI,3175914,3209801,calibration
calibration_calibration_000353_22,calibration_000353,25,high_degree,3,1,calibration_000353_t3_c1,big,big_0,3,2.2,1.15,24,89872.484,89872.484375,97451.8125,112082.515625,116080.671875,126171.53125,HI,3175914,3209801,calibration
calibration_calibration_000353_23,calibration_000353,25,high_degree,3,2,calibration_000353_t3_c2,little,little_1,3,1.5,1.0,24,159698.39,159698.390625,167072.640625,184626.6875,189779.125,201873.53125,HI,3175914,3209801,calibration
calibration_calibration_000353_24,calibration_000353,25,high_degree,3,3,calibration_000353_t3_c3,big,big_0,0,1.0,0.9,24,179490.69,179490.6875,195391.28125,214647.265625,220396.078125,233597.109375,HI,3175914,3209801,calibration
calibration_calibration_000353_25,calibration_000353,25,high_degree,3,4,calibration_000353_t3_c4,little,little_1,0,0.6,0.8,24,409135.03,409135.03125,433685.71875,468235.1875,477786.96875,497794.9375,HI,3175914,3209801,calibration
calibration_calibration_000353_26,calibration_000353,25,high_degree,3,5,calibration_000353_t3_c5,big,big_0,1,1.4,0.98,24,130783.74,130783.7421875,146396.375,162884.8125,167631.5,179018.59375,HI,3175914,3209801,calibration
calibration_calibration_000353_27,calibration_000353,25,high_degree,3,6,calibration_000353_t3_c6,little,little_0,1,0.9,0.86,24,257744.42,257744.421875,282875.75,307502.0625,314562.71875,330459.03125,HI,3175914,3209801,calibration
calibration_calibration_000353_28,calibration_000353,33,communication_heavy,4,0,calibration_000353_t4_c0,big,big_1,3,2.2,1.15,32,358288.8,358288.8125,352934.875,383044.90625,391562.84375,410279.75,HI,3175914,3209801,calibration
calibration_calibration_000353_29,calibration_000353,33,communication_heavy,4,1,calibration_000353_t4_c1,little,little_0,3,1.5,1.0,32,597060.56,597060.5625,575366.8125,625989.9375,641241.25,669362.875,HI,3175914,3209801,calibration
calibration_calibration_000353_30,calibration_000353,33,communication_heavy,4,2,calibration_000353_t4_c2,big,big_1,0,1.0,0.9,32,533239.5,533239.5,508598.4375,551638.625,564134.5,588473.75,HI,3175914,3209801,calibration
calibration_calibration_000353_31,calibration_000353,33,communication_heavy,4,3,calibration_000353_t4_c3,little,little_0,0,0.6,0.8,32,1139850.9,1139850.875,1097586.625,1210293.125,1239036.75,1329517.0,HI,3175914,3209801,calibration
calibration_calibration_000353_32,calibration_000353,33,communication_heavy,4,4,calibration_000353_t4_c4,big,big_0,1,1.4,0.98,32,445739.47,445739.46875,436179.125,473317.3125,483888.78125,505891.875,HI,3175914,3209801,calibration
calibration_calibration_000353_33,calibration_000353,33,communication_heavy,4,5,calibration_000353_t4_c5,little,little_0,1,0.9,0.86,32,783751.75,783751.75,700699.9375,761686.6875,780206.375,812461.4375,HI,3175914,3209801,calibration
calibration_calibration_000353_34,calibration_000353,33,communication_heavy,4,6,calibration_000353_t4_c6,big,big_1,2,1.8,1.06,32,302787.97,302787.96875,291407.65625,316680.53125,323941.75,340195.0,HI,3175914,3209801,calibration
calibration_calibration_000353_35,calibration_000353,20,random,5,0,calibration_000353_t5_c0,little,little_1,3,1.5,1.0,19,193879.88,193879.875,189016.96875,207777.140625,213330.8125,226159.6875,HI,3175914,3209801,calibration
calibration_calibration_000353_36,calibration_000353,20,random,5,1,calibration_000353_t5_c1,big,big_0,0,1.0,0.9,19,161128.73,161128.734375,171314.6875,189178.65625,194468.875,206818.390625,HI,3175914,3209801,calibration
calibration_calibration_000353_37,calibration_000353,20,random,5,2,calibration_000353_t5_c2,little,little_1,0,0.6,0.8,19,446379.9,446379.90625,463049.0,500081.4375,510461.875,531554.75,HI,3175914,3209801,calibration
calibration_calibration_000353_38,calibration_000353,20,random,5,3,calibration_000353_t5_c3,big,big_0,1,1.4,0.98,19,145206.33,145206.328125,147659.453125,164170.75,168926.8125,180325.40625,HI,3175914,3209801,calibration
calibration_calibration_000353_39,calibration_000353,20,random,5,4,calibration_000353_t5_c4,little,little_0,1,0.9,0.86,19,260286.8,260286.796875,270451.0625,294271.125,301139.8125,316648.0625,HI,3175914,3209801,calibration
calibration_calibration_000353_40,calibration_000353,20,random,5,5,calibration_000353_t5_c5,big,big_0,2,1.8,1.06,19,147845.19,147845.1875,146914.25,163432.46875,168175.375,179556.71875,HI,3175914,3209801,calibration
calibration_calibration_000353_41,calibration_000353,20,random,5,6,calibration_000353_t5_c6,little,little_0,2,1.2,0.93,19,193833.88,193833.875,199760.921875,219170.0,224931.109375,238153.5625,HI,3175914,3209801,calibration
calibration_calibration_000362_00,calibration_000362,15,source_like,0,0,calibration_000362_t0_c0,little,little_1,2,1.2,0.93,14,124510.64,124510.640625,128622.078125,144472.6875,148995.75,160020.96875,LO,1094743,1359442,calibration
calibration_calibration_000362_01,calibration_000362,15,source_like,0,1,calibration_000362_t0_c1,big,big_1,3,2.2,1.15,14,55261.246,55261.24609375,50945.296875,63940.109375,67707.671875,76702.53125,LO,1094743,1359442,calibration
calibration_calibration_000362_02,calibration_000362,15,source_like,0,2,calibration_000362_t0_c2,little,little_0,3,1.5,1.0,14,104836.28,104836.28125,102575.546875,117552.453125,121661.1875,131981.328125,LO,1094743,1359442,calibration
calibration_calibration_000362_03,calibration_000362,15,source_like,0,3,calibration_000362_t0_c3,big,big_0,0,1.0,0.9,14,116724.625,116724.625,107678.875,122935.265625,127195.921875,137813.875,LO,1094743,1359442,calibration
calibration_calibration_000362_04,calibration_000362,15,source_like,0,4,calibration_000362_t0_c4,little,little_0,0,0.6,0.8,14,251505.08,251505.078125,259711.640625,284059.96875,291201.15625,307575.46875,LO,1094743,1359442,calibration
calibration_calibration_000362_05,calibration_000362,15,source_like,0,5,calibration_000362_t0_c5,big,big_1,1,1.4,0.98,14,78805.09,78805.09375,80584.921875,94917.296875,98877.46875,108755.234375,LO,1094743,1359442,calibration
calibration_calibration_000362_06,calibration_000362,15,source_like,0,6,calibration_000362_t0_c6,little,little_0,1,0.9,0.86,14,187065.88,187065.875,186550.65625,205522.875,211208.125,224309.59375,LO,1094743,1359442,calibration
calibration_calibration_000362_07,calibration_000362,277,sink_like,1,0,calibration_000362_t1_c0,big,big_0,3,2.2,1.15,276,159459.98,159459.984375,197684.21875,217076.796875,222857.375,236114.65625,LO,1094743,1359442,calibration
calibration_calibration_000362_08,calibration_000362,277,sink_like,1,1,calibration_000362_t1_c1,little,little_1,3,1.5,1.0,276,255766.67,255766.671875,304004.40625,330215.03125,337707.71875,354435.96875,LO,1094743,1359442,calibration
calibration_calibration_000362_09,calibration_000362,277,sink_like,1,2,calibration_000362_t1_c2,big,big_1,0,1.0,0.9,276,297128.34,297128.34375,354267.0625,384393.34375,392896.25,411595.21875,LO,1094743,1359442,calibration
calibration_calibration_000362_10,calibration_000362,277,sink_like,1,3,calibration_000362_t1_c3,little,little_0,0,0.6,0.8,276,658560.6,658560.625,742722.625,804742.0625,823570.0,855663.8125,LO,1094743,1359442,calibration
calibration_calibration_000362_11,calibration_000362,277,sink_like,1,4,calibration_000362_t1_c4,big,big_1,1,1.4,0.98,276,228285.42,228285.421875,274476.96875,298580.03125,305544.125,321208.15625,LO,1094743,1359442,calibration
calibration_calibration_000362_12,calibration_000362,277,sink_like,1,5,calibration_000362_t1_c5,little,little_1,1,0.9,0.86,276,450858.44,450858.4375,513705.75,557070.625,569654.1875,594064.875,LO,1094743,1359442,calibration
calibration_calibration_000362_13,calibration_000362,277,sink_like,1,6,calibration_000362_t1_c6,big,big_0,2,1.8,1.06,276,255977.3,255977.296875,301026.34375,327035.375,334480.03125,351122.625,LO,1094743,1359442,calibration
calibration_calibration_000362_14,calibration_000362,116,middle,2,0,calibration_000362_t2_c0,little,little_1,3,1.5,1.0,115,350611.62,350611.625,361394.40625,392241.53125,400970.0625,420038.6875,LO,1094743,1359442,calibration
calibration_calibration_000362_15,calibration_000362,116,middle,2,1,calibration_000362_t2_c1,big,big_0,0,1.0,0.9,115,342455.78,342455.78125,365103.75,396170.25,404942.4375,424113.90625,LO,1094743,1359442,calibration
calibration_calibration_000362_16,calibration_000362,116,middle,2,2,calibration_000362_t2_c2,little,little_0,0,0.6,0.8,115,578157.44,578157.4375,602307.125,650887.0625,665297.625,690701.875,LO,1094743,1359442,calibration
calibration_calibration_000362_17,calibration_000362,116,middle,2,3,calibration_000362_t2_c3,big,big_0,1,1.4,0.98,115,307735.6,307735.59375,316561.90625,343718.09375,351440.78125,368647.3125,LO,1094743,1359442,calibration
calibration_calibration_000362_18,calibration_000362,116,middle,2,4,calibration_000362_t2_c4,little,little_0,1,0.9,0.86,115,409161.5,409161.5,434085.34375,470929.03125,481413.75,503261.3125,LO,1094743,1359442,calibration
calibration_calibration_000362_19,calibration_000362,116,middle,2,5,calibration_000362_t2_c5,big,big_0,2,1.8,1.06,115,185327.25,185327.25,193256.1875,212287.703125,217923.65625,230915.578125,LO,1094743,1359442,calibration
calibration_calibration_000362_20,calibration_000362,116,middle,2,6,calibration_000362_t2_c6,little,little_0,2,1.2,0.93,115,395574.62,395574.625,413103.75,448341.09375,458348.8125,479520.5,LO,1094743,1359442,calibration
calibration_calibration_000362_21,calibration_000362,106,communication_heavy,3,0,calibration_000362_t3_c0,big,big_0,0,1.0,0.9,105,458477.6,458477.59375,420698.9375,456460.28125,466611.1875,487986.1875,LO,1094743,1359442,calibration
calibration_calibration_000362_22,calibration_000362,106,communication_heavy,3,1,calibration_000362_t3_c1,little,little_1,0,0.6,0.8,105,785705.25,785705.25,727712.0,787787.125,806079.375,836957.125,LO,1094743,1359442,calibration
calibration_calibration_000362_23,calibration_000362,106,communication_heavy,3,2,calibration_000362_t3_c2,big,big_0,1,1.4,0.98,105,382638.8,382638.8125,362089.625,392885.65625,401577.9375,420604.4375,LO,1094743,1359442,calibration
calibration_calibration_000362_24,calibration_000362,106,communication_heavy,3,3,calibration_000362_t3_c3,little,little_1,1,0.9,0.86,105,632423.5,632423.5,621140.625,673687.3125,689460.75,717407.875,LO,1094743,1359442,calibration
calibration_calibration_000362_25,calibration_000362,106,communication_heavy,3,4,calibration_000362_t3_c4,big,big_1,2,1.8,1.06,105,217070.6,217070.59375,209883.96875,229862.015625,235761.671875,249264.984375,LO,1094743,1359442,calibration
calibration_calibration_000362_26,calibration_000362,106,communication_heavy,3,5,calibration_000362_t3_c5,little,little_1,2,1.2,0.93,105,447741.06,447741.0625,435719.5,472876.75,483471.28125,505500.3125,LO,1094743,1359442,calibration
calibration_calibration_000362_27,calibration_000362,106,communication_heavy,3,6,calibration_000362_t3_c6,big,big_0,3,2.2,1.15,105,303965.28,303965.28125,274288.15625,298433.09375,305436.125,321167.40625,LO,1094743,1359442,calibration
calibration_calibration_000362_28,calibration_000362,75,random,4,0,calibration_000362_t4_c0,little,little_0,0,0.6,0.8,74,224701.73,224701.734375,222968.109375,245470.75,252342.359375,268004.9375,LO,1094743,1359442,calibration
calibration_calibration_000362_29,calibration_000362,75,random,4,1,calibration_000362_t4_c1,big,big_0,1,1.4,0.98,74,64910.492,64910.4921875,63542.40625,77186.546875,81059.640625,90492.828125,LO,1094743,1359442,calibration
calibration_calibration_000362_30,calibration_000362,75,random,4,2,calibration_000362_t4_c2,little,little_0,1,0.9,0.86,74,143315.94,143315.9375,142583.53125,159432.46875,164395.09375,176235.625,LO,1094743,1359442,calibration
calibration_calibration_000362_31,calibration_000362,75,random,4,3,calibration_000362_t4_c3,big,big_1,2,1.8,1.06,74,44504.523,44504.5234375,45806.828125,58586.953125,62338.515625,71197.8125,LO,1094743,1359442,calibration
calibration_calibration_000362_32,calibration_000362,75,random,4,4,calibration_000362_t4_c4,little,little_1,2,1.2,0.93,74,104143.04,104143.0390625,103229.421875,118342.953125,122535.96875,133018.375,LO,1094743,1359442,calibration
calibration_calibration_000362_33,calibration_000362,75,random,4,5,calibration_000362_t4_c5,big,big_0,3,2.2,1.15,74,38370.016,38370.015625,40080.546875,52646.515625,56393.53125,65131.8125,LO,1094743,1359442,calibration
calibration_calibration_000362_34,calibration_000362,75,random,4,6,calibration_000362_t4_c6,little,little_1,3,1.5,1.0,74,84694.22,84694.21875,86167.0,100758.46875,104766.828125,114805.234375,LO,1094743,1359442,calibration
calibration_calibration_000362_35,calibration_000362,227,diverse_fill_1,5,0,calibration_000362_t5_c0,big,big_0,1,1.4,0.98,226,214049.81,214049.8125,221556.46875,242319.859375,248476.65625,262459.3125,LO,1094743,1359442,calibration
calibration_calibration_000362_36,calibration_000362,227,diverse_fill_1,5,1,calibration_000362_t5_c1,little,little_1,1,0.9,0.86,226,308117.53,308117.53125,334626.125,363085.78125,371138.09375,388975.6875,LO,1094743,1359442,calibration
calibration_calibration_000362_37,calibration_000362,227,diverse_fill_1,5,2,calibration_000362_t5_c2,big,big_1,2,1.8,1.06,226,151624.58,151624.578125,156784.6875,173794.90625,178738.78125,190463.71875,LO,1094743,1359442,calibration
calibration_calibration_000362_38,calibration_000362,227,diverse_fill_1,5,3,calibration_000362_t5_c3,little,little_0,2,1.2,0.93,226,282627.1,282627.09375,298653.25,324453.90625,331833.34375,348335.3125,LO,1094743,1359442,calibration
calibration_calibration_000362_39,calibration_000362,227,diverse_fill_1,5,4,calibration_000362_t5_c4,big,big_1,3,2.2,1.15,226,107984.195,107984.1953125,114784.3125,129805.875,133967.796875,144351.0625,LO,1094743,1359442,calibration
calibration_calibration_000362_40,calibration_000362,227,diverse_fill_1,5,5,calibration_000362_t5_c5,little,little_0,3,1.5,1.0,226,240967.11,240967.109375,236702.75,258334.046875,264697.625,279098.4375,LO,1094743,1359442,calibration
calibration_calibration_000362_41,calibration_000362,227,diverse_fill_1,5,6,calibration_000362_t5_c6,big,big_1,0,1.0,0.9,226,294140.66,294140.65625,322001.21875,349592.3125,357425.6875,374849.46875,LO,1094743,1359442,calibration
calibration_calibration_000369_00,calibration_000369,16,source_like,0,0,calibration_000369_t0_c0,big,big_0,0,1.0,0.9,15,59624.613,59624.61328125,52962.421875,66285.28125,70203.078125,79522.0625,HI,2178367,2681472,calibration
calibration_calibration_000369_01,calibration_000369,16,source_like,0,1,calibration_000369_t0_c1,little,little_1,0,0.6,0.8,15,129980.17,129980.171875,117681.40625,133558.828125,138161.4375,149398.71875,HI,2178367,2681472,calibration
calibration_calibration_000369_02,calibration_000369,16,source_like,0,2,calibration_000369_t0_c2,big,big_0,1,1.4,0.98,15,50130.215,50130.21484375,45079.03125,58057.59375,61959.109375,71094.671875,HI,2178367,2681472,calibration
calibration_calibration_000369_03,calibration_000369,16,source_like,0,3,calibration_000369_t0_c3,little,little_1,1,0.9,0.86,15,96346.27,96346.2734375,86521.546875,101344.78125,105538.1875,115949.84375,HI,2178367,2681472,calibration
calibration_calibration_000369_04,calibration_000369,16,source_like,0,4,calibration_000369_t0_c4,big,big_0,2,1.8,1.06,15,32957.39,32957.390625,30245.0,42698.421875,46562.625,55333.671875,HI,2178367,2681472,calibration
calibration_calibration_000369_05,calibration_000369,16,source_like,0,5,calibration_000369_t0_c5,little,little_1,2,1.2,0.93,15,67308.44,67308.4375,63493.140625,77228.046875,81123.875,90595.34375,HI,2178367,2681472,calibration
calibration_calibration_000369_06,calibration_000369,16,source_like,0,6,calibration_000369_t0_c6,big,big_0,3,2.2,1.15,15,26215.762,26215.76171875,27397.390625,39778.359375,43638.1875,52343.765625,HI,2178367,2681472,calibration
calibration_calibration_000369_07,calibration_000369,413,sink_like,1,0,calibration_000369_t1_c0,little,little_1,0,0.6,0.8,412,548855.4,548855.375,521421.75,563391.5,575432.875,598525.25,HI,2178367,2681472,calibration
calibration_calibration_000369_08,calibration_000369,413,sink_like,1,1,calibration_000369_t1_c1,big,big_1,1,1.4,0.98,412,223841.02,223841.015625,216327.390625,236733.65625,242773.484375,256540.140625,HI,2178367,2681472,calibration
calibration_calibration_000369_09,calibration_000369,413,sink_like,1,2,calibration_000369_t1_c2,little,little_0,1,0.9,0.86,412,323524.88,323524.875,321248.21875,348691.9375,356476.4375,373810.78125,HI,2178367,2681472,calibration
calibration_calibration_000369_10,calibration_000369,413,sink_like,1,3,calibration_000369_t1_c3,big,big_0,2,1.8,1.06,412,210954.52,210954.515625,192284.90625,211348.84375,217026.71875,230086.28125,HI,2178367,2681472,calibration
calibration_calibration_000369_11,calibration_000369,413,sink_like,1,4,calibration_000369_t1_c4,little,little_0,2,1.2,0.93,412,353279.25,353279.25,353012.21875,383143.59375,391673.25,410383.1875,HI,2178367,2681472,calibration
calibration_calibration_000369_12,calibration_000369,413,sink_like,1,5,calibration_000369_t1_c5,big,big_1,3,2.2,1.15,412,162329.28,162329.28125,159269.125,176441.171875,181442.0625,193272.75,HI,2178367,2681472,calibration
calibration_calibration_000369_13,calibration_000369,413,sink_like,1,6,calibration_000369_t1_c6,little,little_1,3,1.5,1.0,412,186617.5,186617.5,187472.21875,206023.5,211474.328125,224124.78125,HI,2178367,2681472,calibration
calibration_calibration_000369_14,calibration_000369,305,middle,2,0,calibration_000369_t2_c0,big,big_0,1,1.4,0.98,304,165589.75,165589.75,165717.375,183200.40625,188335.28125,200397.296875,HI,2178367,2681472,calibration
calibration_calibration_000369_15,calibration_000369,305,middle,2,1,calibration_000369_t2_c1,little,little_0,1,0.9,0.86,304,297106.56,297106.5625,307313.28125,333715.9375,341224.75,358025.59375,HI,2178367,2681472,calibration
calibration_calibration_000369_16,calibration_000369,305,middle,2,2,calibration_000369_t2_c2,big,big_0,2,1.8,1.06,304,154787.42,154787.421875,158969.734375,176124.390625,181126.125,192957.625,HI,2178367,2681472,calibration
calibration_calibration_000369_17,calibration_000369,305,middle,2,3,calibration_000369_t2_c3,little,little_0,2,1.2,0.93,304,217074.64,217074.640625,213472.734375,233603.421875,239535.0,253099.796875,HI,2178367,2681472,calibration
calibration_calibration_000369_18,calibration_000369,305,middle,2,4,calibration_000369_t2_c4,big,big_0,3,2.2,1.15,304,103133.33,103133.328125,105762.84375,120583.5,124646.703125,134871.34375,HI,2178367,2681472,calibration
calibration_calibration_000369_19,calibration_000369,305,middle,2,5,calibration_000369_t2_c5,little,little_1,3,1.5,1.0,304,201292.33,201292.328125,203393.0625,222947.890625,228730.375,241994.15625,HI,2178367,2681472,calibration
calibration_calibration_000369_20,calibration_000369,305,middle,2,6,calibration_000369_t2_c6,big,big_1,0,1.0,0.9,304,194238.34,194238.34375,191689.703125,210703.296875,216358.265625,229391.453125,HI,2178367,2681472,calibration
calibration_calibration_000369_21,calibration_000369,249,communication_heavy,3,0,calibration_000369_t3_c0,little,little_0,1,0.9,0.86,248,905090.8,905090.8125,904336.5625,993979.0625,1017761.9375,1071336.375,HI,2178367,2681472,calibration
calibration_calibration_000369_22,calibration_000369,249,communication_heavy,3,1,calibration_000369_t3_c1,big,big_1,2,1.8,1.06,248,410040.06,410040.0625,425165.625,461562.125,471930.3125,493664.4375,HI,2178367,2681472,calibration
calibration_calibration_000369_23,calibration_000369,249,communication_heavy,3,2,calibration_000369_t3_c2,little,little_1,2,1.2,0.93,248,480646.47,480646.46875,419154.25,454846.15625,464980.6875,486342.375,HI,2178367,2681472,calibration
calibration_calibration_000369_24,calibration_000369,249,communication_heavy,3,3,calibration_000369_t3_c3,big,big_0,3,2.2,1.15,248,263272.53,263272.53125,265865.96875,289419.25,296274.8125,311692.34375,HI,2178367,2681472,calibration
calibration_calibration_000369_25,calibration_000369,249,communication_heavy,3,4,calibration_000369_t3_c4,little,little_1,3,1.5,1.0,248,458353.28,458353.28125,427146.59375,463648.875,474042.3125,495802.5625,HI,2178367,2681472,calibration
calibration_calibration_000369_26,calibration_000369,249,communication_heavy,3,5,calibration_000369_t3_c5,big,big_0,0,1.0,0.9,248,539137.2,539137.1875,549827.625,596322.125,610023.125,635642.8125,HI,2178367,2681472,calibration
calibration_calibration_000369_27,calibration_000369,249,communication_heavy,3,6,calibration_000369_t3_c6,little,little_0,0,0.6,0.8,248,1075713.0,1075713.0,974523.5625,1067465.375,1090681.0,1150511.375,HI,2178367,2681472,calibration
calibration_calibration_000369_28,calibration_000369,388,random,4,0,calibration_000369_t4_c0,big,big_0,2,1.8,1.06,387,143146.52,143146.515625,138466.96875,154576.546875,159151.125,170245.65625,HI,2178367,2681472,calibration
calibration_calibration_000369_29,calibration_000369,388,random,4,1,calibration_000369_t4_c1,little,little_1,2,1.2,0.93,387,229572.97,229572.96875,229971.6875,251194.90625,257450.546875,271643.6875,HI,2178367,2681472,calibration
calibration_calibration_000369_30,calibration_000369,388,random,4,2,calibration_000369_t4_c2,big,big_0,3,2.2,1.15,387,114953.91,114953.90625,112586.34375,127657.90625,131806.96875,142188.75,HI,2178367,2681472,calibration
calibration_calibration_000369_31,calibration_000369,388,random,4,3,calibration_000369_t4_c3,little,little_1,3,1.5,1.0,387,191381.64,191381.640625,182155.6875,200548.859375,205987.765625,218605.3125,HI,2178367,2681472,calibration
calibration_calibration_000369_32,calibration_000369,388,random,4,4,calibration_000369_t4_c4,big,big_1,0,1.0,0.9,387,175577.83,175577.828125,177064.09375,195262.96875,200676.875,213245.4375,HI,2178367,2681472,calibration
calibration_calibration_000369_33,calibration_000369,388,random,4,5,calibration_000369_t4_c5,little,little_1,0,0.6,0.8,387,500671.38,500671.375,466740.875,503903.28125,514314.8125,535423.5,HI,2178367,2681472,calibration
calibration_calibration_000369_34,calibration_000369,388,random,4,6,calibration_000369_t4_c6,big,big_1,1,1.4,0.98,387,163388.6,163388.59375,162300.75,179626.40625,184699.75,196654.34375,HI,2178367,2681472,calibration
calibration_calibration_000369_35,calibration_000369,270,diverse_fill_1,5,0,calibration_000369_t5_c0,little,little_1,2,1.2,0.93,269,128826.72,128826.71875,121293.4375,136907.71875,141308.15625,152153.0625,HI,2178367,2681472,calibration
calibration_calibration_000369_36,calibration_000369,270,diverse_fill_1,5,1,calibration_000369_t5_c1,big,big_1,3,2.2,1.15,269,59935.293,59935.29296875,53041.71875,66100.34375,69880.125,78947.078125,HI,2178367,2681472,calibration
calibration_calibration_000369_37,calibration_000369,270,diverse_fill_1,5,2,calibration_000369_t5_c2,little,little_0,3,1.5,1.0,269,103435.195,103435.1953125,101227.46875,116159.234375,120264.1875,130578.015625,HI,2178367,2681472,calibration
calibration_calibration_000369_38,calibration_000369,270,diverse_fill_1,5,3,calibration_000369_t5_c3,big,big_1,0,1.0,0.9,269,114129.695,114129.6953125,103692.171875,118948.578125,123231.671875,133900.203125,HI,2178367,2681472,calibration
calibration_calibration_000369_39,calibration_000369,270,diverse_fill_1,5,4,calibration_000369_t5_c4,little,little_1,0,0.6,0.8,269,232590.53,232590.53125,219255.625,241626.046875,248516.015625,264175.3125,HI,2178367,2681472,calibration
calibration_calibration_000369_40,calibration_000369,270,diverse_fill_1,5,5,calibration_000369_t5_c5,big,big_0,1,1.4,0.98,269,72612.64,72612.640625,69007.5625,82835.5,86719.578125,96280.3125,HI,2178367,2681472,calibration
calibration_calibration_000369_41,calibration_000369,270,diverse_fill_1,5,6,calibration_000369_t5_c6,little,little_0,1,0.9,0.86,269,172066.3,172066.296875,167100.109375,185184.71875,190622.578125,203294.78125,HI,2178367,2681472,calibration
calibration_calibration_000394_00,calibration_000394,1,source_like,0,0,calibration_000394_t0_c0,big,big_1,0,1.0,0.9,0,88879.68,88879.6796875,91080.6875,105961.953125,110082.28125,120389.140625,LO,11600453,13927462,calibration
calibration_calibration_000394_01,calibration_000394,1,source_like,0,1,calibration_000394_t0_c1,little,little_0,0,0.6,0.8,0,217277.56,217277.5625,231359.28125,254134.765625,261029.78125,276701.75,LO,11600453,13927462,calibration
calibration_calibration_000394_02,calibration_000394,1,source_like,0,2,calibration_000394_t0_c2,big,big_0,1,1.4,0.98,0,68375.04,68375.0390625,74183.65625,88373.921875,92314.828125,102057.4375,LO,11600453,13927462,calibration
calibration_calibration_000394_03,calibration_000394,1,source_like,0,3,calibration_000394_t0_c3,little,little_0,1,0.9,0.86,0,147809.6,147809.59375,154611.09375,171969.15625,177129.0625,189298.0625,LO,11600453,13927462,calibration
calibration_calibration_000394_04,calibration_000394,1,source_like,0,4,calibration_000394_t0_c4,big,big_1,2,1.8,1.06,0,50292.305,50292.3046875,51108.8125,64115.875,67891.953125,76903.71875,LO,11600453,13927462,calibration
calibration_calibration_000394_05,calibration_000394,1,source_like,0,5,calibration_000394_t0_c5,little,little_0,2,1.2,0.93,0,109327.98,109327.9765625,112156.1875,127484.03125,131755.375,142383.3125,LO,11600453,13927462,calibration
calibration_calibration_000394_06,calibration_000394,1,source_like,0,6,calibration_000394_t0_c6,big,big_0,3,2.2,1.15,0,37389.562,37389.5625,42623.765625,55252.015625,58982.78125,67739.71875,LO,11600453,13927462,calibration
calibration_calibration_000394_07,calibration_000394,8,sink_like,1,0,calibration_000394_t1_c0,little,little_0,0,0.6,0.8,7,547277.0,547277.0,511735.15625,552226.0625,563727.125,585982.3125,LO,11600453,13927462,calibration
calibration_calibration_000394_08,calibration_000394,8,sink_like,1,1,calibration_000394_t1_c1,big,big_0,1,1.4,0.98,7,161628.92,161628.921875,155473.875,172395.140625,177312.25,188987.40625,LO,11600453,13927462,calibration
calibration_calibration_000394_09,calibration_000394,8,sink_like,1,2,calibration_000394_t1_c2,little,little_1,1,0.9,0.86,7,349940.94,349940.9375,343477.03125,372646.03125,380889.46875,399079.9375,LO,11600453,13927462,calibration
calibration_calibration_000394_10,calibration_000394,8,sink_like,1,3,calibration_000394_t1_c3,big,big_1,2,1.8,1.06,7,158977.36,158977.359375,143178.78125,159498.734375,164167.15625,175417.8125,LO,11600453,13927462,calibration
calibration_calibration_000394_11,calibration_000394,8,sink_like,1,4,calibration_000394_t1_c4,little,little_1,2,1.2,0.93,7,240631.75,240631.75,238024.796875,259785.796875,266188.28125,280680.25,LO,11600453,13927462,calibration
calibration_calibration_000394_12,calibration_000394,8,sink_like,1,5,calibration_000394_t1_c5,big,big_0,3,2.2,1.15,7,125106.09,125106.09375,117262.09375,132450.265625,136660.265625,147137.296875,LO,11600453,13927462,calibration
calibration_calibration_000394_13,calibration_000394,8,sink_like,1,6,calibration_000394_t1_c6,little,little_1,3,1.5,1.0,7,242624.6,242624.59375,225416.46875,246335.578125,252509.859375,266533.09375,LO,11600453,13927462,calibration
calibration_calibration_000394_14,calibration_000394,46,middle,2,0,calibration_000394_t2_c0,big,big_0,1,1.4,0.98,45,237300.25,237300.25,242451.78125,264545.4375,271047.9375,285741.03125,LO,11600453,13927462,calibration
calibration_calibration_000394_15,calibration_000394,46,middle,2,1,calibration_000394_t2_c1,little,little_1,1,0.9,0.86,45,560136.1,560136.125,566844.75,614687.0,628768.0,654899.875,LO,11600453,13927462,calibration
calibration_calibration_000394_16,calibration_000394,46,middle,2,2,calibration_000394_t2_c2,big,big_0,2,1.8,1.06,45,198104.1,198104.09375,205917.546875,225833.703125,231780.421875,245354.625,LO,11600453,13927462,calibration
calibration_calibration_000394_17,calibration_000394,46,middle,2,3,calibration_000394_t2_c3,little,little_1,2,1.2,0.93,45,493874.56,493874.5625,454254.875,493258.65625,504474.375,527407.625,LO,11600453,13927462,calibration
calibration_calibration_000394_18,calibration_000394,46,middle,2,4,calibration_000394_t2_c4,big,big_1,3,2.2,1.15,45,182859.31,182859.3125,180379.59375,198817.09375,204297.625,216999.0625,LO,11600453,13927462,calibration
calibration_calibration_000394_19,calibration_000394,46,middle,2,5,calibration_000394_t2_c5,little,little_0,3,1.5,1.0,45,255274.14,255274.140625,260471.78125,283681.5625,290456.34375,305704.375,LO,11600453,13927462,calibration
calibration_calibration_000394_20,calibration_000394,46,middle,2,6,calibration_000394_t2_c6,big,big_1,0,1.0,0.9,45,346742.0,346742.0,346282.78125,375737.4375,384061.59375,402417.375,LO,11600453,13927462,calibration
calibration_calibration_000394_21,calibration_000394,5,high_degree,3,0,calibration_000394_t3_c0,little,little_1,1,0.9,0.86,4,547390.5,547390.5,538541.0,583849.8125,597068.75,622181.0,LO,11600453,13927462,calibration
calibration_calibration_000394_22,calibration_000394,5,high_degree,3,1,calibration_000394_t3_c1,big,big_1,2,1.8,1.06,4,230812.92,230812.921875,229292.921875,250629.5,256964.84375,271310.03125,LO,11600453,13927462,calibration
calibration_calibration_000394_23,calibration_000394,5,high_degree,3,2,calibration_000394_t3_c2,little,little_0,2,1.2,0.93,4,397948.53,397948.53125,391677.71875,424997.96875,434426.3125,454679.5625,LO,11600453,13927462,calibration
calibration_calibration_000394_24,calibration_000394,5,high_degree,3,3,calibration_000394_t3_c3,big,big_0,3,2.2,1.15,4,229076.03,229076.03125,221003.03125,241872.46875,248104.625,262242.28125,LO,11600453,13927462,calibration
calibration_calibration_000394_25,calibration_000394,5,high_degree,3,4,calibration_000394_t3_c4,little,little_0,3,1.5,1.0,4,316990.78,316990.78125,312475.03125,339335.875,347003.65625,364075.875,LO,11600453,13927462,calibration
calibration_calibration_000394_26,calibration_000394,5,high_degree,3,5,calibration_000394_t3_c5,big,big_0,0,1.0,0.9,4,375506.25,375506.25,369862.125,401289.3125,410160.46875,429495.625,LO,11600453,13927462,calibration
calibration_calibration_000394_27,calibration_000394,5,high_degree,3,6,calibration_000394_t3_c6,little,little_0,0,0.6,0.8,4,606049.44,606049.4375,600020.75,647590.375,661586.5,686340.0625,LO,11600453,13927462,calibration
calibration_calibration_000394_28,calibration_000394,89,communication_heavy,4,0,calibration_000394_t4_c0,big,big_1,2,1.8,1.06,88,296657.06,296657.0625,314456.21875,341443.8125,349130.6875,366261.125,LO,11600453,13927462,calibration
calibration_calibration_000394_29,calibration_000394,89,communication_heavy,4,1,calibration_000394_t4_c1,little,little_1,2,1.2,0.93,88,447594.38,447594.375,513830.1875,557852.375,570715.9375,595661.625,LO,11600453,13927462,calibration
calibration_calibration_000394_30,calibration_000394,89,communication_heavy,4,2,calibration_000394_t4_c2,big,big_1,3,2.2,1.15,88,165099.88,165099.875,195656.59375,214801.53125,220470.671875,233519.4375,LO,11600453,13927462,calibration
calibration_calibration_000394_31,calibration_000394,89,communication_heavy,4,3,calibration_000394_t4_c3,little,little_0,3,1.5,1.0,88,349319.22,349319.21875,395214.5,428944.75,438501.625,458974.3125,LO,11600453,13927462,calibration
calibration_calibration_000394_32,calibration_000394,89,communication_heavy,4,4,calibration_000394_t4_c4,big,big_1,0,1.0,0.9,88,378115.66,378115.65625,407669.25,442326.5,452140.0625,473022.78125,LO,11600453,13927462,calibration
calibration_calibration_000394_33,calibration_000394,89,communication_heavy,4,5,calibration_000394_t4_c5,little,little_0,0,0.6,0.8,88,686460.8,686460.8125,763762.625,828327.25,847841.75,881604.3125,LO,11600453,13927462,calibration
calibration_calibration_000394_34,calibration_000394,89,communication_heavy,4,6,calibration_000394_t4_c6,big,big_1,1,1.4,0.98,88,374092.2,374092.1875,389462.53125,422595.65625,431957.40625,452120.625,LO,11600453,13927462,calibration
calibration_calibration_000394_35,calibration_000394,88,random,5,0,calibration_000394_t5_c0,little,little_0,2,1.2,0.93,87,395679.6,395679.59375,378690.375,410938.59375,420066.1875,439813.25,LO,11600453,13927462,calibration
calibration_calibration_000394_36,calibration_000394,88,random,5,1,calibration_000394_t5_c1,big,big_0,3,2.2,1.15,87,184584.06,184584.0625,170394.453125,188218.375,193467.796875,205748.921875,LO,11600453,13927462,calibration
calibration_calibration_000394_37,calibration_000394,88,random,5,2,calibration_000394_t5_c2,little,little_1,3,1.5,1.0,87,277510.75,277510.75,259508.546875,282630.3125,289376.59375,304563.59375,LO,11600453,13927462,calibration
calibration_calibration_000394_38,calibration_000394,88,random,5,3,calibration_000394_t5_c3,big,big_1,0,1.0,0.9,87,319039.22,319039.21875,309281.5625,335833.1875,343395.09375,360288.5625,LO,11600453,13927462,calibration
calibration_calibration_000394_39,calibration_000394,88,random,5,4,calibration_000394_t5_c4,little,little_0,0,0.6,0.8,87,765733.94,765733.9375,720872.5,778916.0,796403.625,825721.5625,LO,11600453,13927462,calibration
calibration_calibration_000394_40,calibration_000394,88,random,5,5,calibration_000394_t5_c5,big,big_1,1,1.4,0.98,87,258008.33,258008.328125,238951.09375,260777.921875,267200.3125,281730.09375,LO,11600453,13927462,calibration
calibration_calibration_000394_41,calibration_000394,88,random,5,6,calibration_000394_t5_c6,little,little_0,1,0.9,0.86,87,483303.66,483303.65625,492257.125,533742.25,545674.0,569342.25,LO,11600453,13927462,calibration
calibration_calibration_000395_00,calibration_000395,3,source_like,0,0,calibration_000395_t0_c0,big,big_0,0,1.0,0.9,2,99748.664,99748.6640625,101684.75,116816.5625,121030.078125,131557.890625,HI,6710461,9240646,calibration
calibration_calibration_000395_01,calibration_000395,3,source_like,0,1,calibration_000395_t0_c1,little,little_0,0,0.6,0.8,2,240803.22,240803.21875,249852.296875,273805.5625,280937.125,297227.9375,HI,6710461,9240646,calibration
calibration_calibration_000395_02,calibration_000395,3,source_like,0,2,calibration_000395_t0_c2,big,big_0,1,1.4,0.98,2,71539.984,71539.984375,77602.703125,91845.4375,95789.96875,105595.546875,HI,6710461,9240646,calibration
calibration_calibration_000395_03,calibration_000395,3,source_like,0,3,calibration_000395_t0_c3,little,little_0,1,0.9,0.86,2,169454.73,169454.734375,171895.03125,190343.78125,195925.421875,208850.078125,HI,6710461,9240646,calibration
calibration_calibration_000395_04,calibration_000395,3,source_like,0,4,calibration_000395_t0_c4,big,big_1,2,1.8,1.06,2,54035.0,54035.0,63975.59375,77590.796875,81424.5,90786.390625,HI,6710461,9240646,calibration
calibration_calibration_000395_05,calibration_000395,3,source_like,0,5,calibration_000395_t0_c5,little,little_1,2,1.2,0.93,2,125348.77,125348.7734375,122207.6875,137852.09375,142285.703125,153171.734375,HI,6710461,9240646,calibration
calibration_calibration_000395_06,calibration_000395,3,source_like,0,6,calibration_000395_t0_c6,big,big_0,3,2.2,1.15,2,48024.79,48024.7890625,49034.90625,61951.265625,65714.21875,74659.96875,HI,6710461,9240646,calibration
calibration_calibration_000395_07,calibration_000395,293,sink_like,1,0,calibration_000395_t1_c0,little,little_1,0,0.6,0.8,292,461130.6,461130.59375,477939.0,516901.03125,527962.125,550193.375,HI,6710461,9240646,calibration
calibration_calibration_000395_08,calibration_000395,293,sink_like,1,1,calibration_000395_t1_c1,big,big_1,1,1.4,0.98,292,233204.92,233204.921875,246778.953125,269082.0,275613.25,290370.125,HI,6710461,9240646,calibration
calibration_calibration_000395_09,calibration_000395,293,sink_like,1,2,calibration_000395_t1_c2,little,little_1,1,0.9,0.86,292,398673.7,398673.6875,394208.6875,427686.0625,437156.75,457472.8125,HI,6710461,9240646,calibration
calibration_calibration_000395_10,calibration_000395,293,sink_like,1,3,calibration_000395_t1_c3,big,big_1,2,1.8,1.06,292,184581.0,184581.0,199245.421875,218704.1875,224497.65625,237779.703125,HI,6710461,9240646,calibration
calibration_calibration_000395_11,calibration_000395,293,sink_like,1,4,calibration_000395_t1_c4,little,little_1,2,1.2,0.93,292,270093.72,270093.71875,274919.46875,299007.8125,305950.5,321572.4375,HI,6710461,9240646,calibration
calibration_calibration_000395_12,calibration_000395,293,sink_like,1,5,calibration_000395_t1_c5,big,big_0,3,2.2,1.15,292,188935.03,188935.03125,196063.96875,215428.8125,221222.296875,234501.515625,HI,6710461,9240646,calibration
calibration_calibration_000395_13,calibration_000395,293,sink_like,1,6,calibration_000395_t1_c6,little,little_1,3,1.5,1.0,292,192105.88,192105.875,198994.4375,218204.15625,223850.046875,236875.03125,HI,6710461,9240646,calibration
calibration_calibration_000395_14,calibration_000395,161,middle,2,0,calibration_000395_t2_c0,big,big_0,1,1.4,0.98,160,138941.28,138941.28125,142280.21875,158475.5,163105.484375,174281.5625,HI,6710461,9240646,calibration
calibration_calibration_000395_15,calibration_000395,161,middle,2,1,calibration_000395_t2_c1,little,little_1,1,0.9,0.86,160,287797.1,287797.09375,283181.59375,307817.6875,314874.3125,330765.09375,HI,6710461,9240646,calibration
calibration_calibration_000395_16,calibration_000395,161,middle,2,2,calibration_000395_t2_c2,big,big_0,2,1.8,1.06,160,133655.33,133655.328125,132457.046875,148222.796875,152666.21875,163531.1875,HI,6710461,9240646,calibration
calibration_calibration_000395_17,calibration_000395,161,middle,2,3,calibration_000395_t2_c3,little,little_0,2,1.2,0.93,160,220566.1,220566.09375,223502.875,244236.390625,250329.921875,264212.125,HI,6710461,9240646,calibration
calibration_calibration_000395_18,calibration_000395,161,middle,2,4,calibration_000395_t2_c4,big,big_0,3,2.2,1.15,160,123339.21,123339.2109375,121592.03125,136951.65625,141211.515625,151777.875,HI,6710461,9240646,calibration
calibration_calibration_000395_19,calibration_000395,161,middle,2,5,calibration_000395_t2_c5,little,little_0,3,1.5,1.0,160,220269.8,220269.796875,218264.640625,238698.0,244722.3125,258455.578125,HI,6710461,9240646,calibration
calibration_calibration_000395_20,calibration_000395,161,middle,2,6,calibration_000395_t2_c6,big,big_1,0,1.0,0.9,160,270839.94,270839.9375,265299.21875,288725.53125,295493.25,310764.4375,HI,6710461,9240646,calibration
calibration_calibration_000395_21,calibration_000395,182,high_degree,3,0,calibration_000395_t3_c0,little,little_0,1,0.9,0.86,181,423179.56,423179.5625,405769.875,440174.75,449912.65625,470652.6875,HI,6710461,9240646,calibration
calibration_calibration_000395_22,calibration_000395,182,high_degree,3,1,calibration_000395_t3_c1,big,big_1,2,1.8,1.06,181,230300.58,230300.578125,226391.625,247500.578125,253760.375,267954.625,HI,6710461,9240646,calibration
calibration_calibration_000395_23,calibration_000395,182,high_degree,3,2,calibration_000395_t3_c2,little,little_1,2,1.2,0.93,181,296901.97,296901.96875,287171.28125,312124.625,319289.28125,335363.71875,HI,6710461,9240646,calibration
calibration_calibration_000395_24,calibration_000395,182,high_degree,3,3,calibration_000395_t3_c3,big,big_0,3,2.2,1.15,181,227942.86,227942.859375,214409.71875,234844.203125,240947.375,254824.890625,HI,6710461,9240646,calibration
calibration_calibration_000395_25,calibration_000395,182,high_degree,3,4,calibration_000395_t3_c4,little,little_1,3,1.5,1.0,181,288894.2,288894.1875,300791.375,326784.125,334228.25,350845.4375,HI,6710461,9240646,calibration
calibration_calibration_000395_26,calibration_000395,182,high_degree,3,5,calibration_000395_t3_c5,big,big_1,0,1.0,0.9,181,329182.84,329182.84375,334112.5,362627.625,370696.90625,388590.03125,HI,6710461,9240646,calibration
calibration_calibration_000395_27,calibration_000395,182,high_degree,3,6,calibration_000395_t3_c6,little,little_1,0,0.6,0.8,181,648363.75,648363.75,616625.625,666287.875,681087.0,706855.0625,HI,6710461,9240646,calibration
calibration_calibration_000395_28,calibration_000395,28,communication_heavy,4,0,calibration_000395_t4_c0,big,big_0,2,1.8,1.06,27,273366.9,273366.90625,276641.28125,300927.71875,307957.5625,323744.75,HI,6710461,9240646,calibration
calibration_calibration_000395_29,calibration_000395,28,communication_heavy,4,1,calibration_000395_t4_c1,little,little_0,2,1.2,0.93,27,394401.62,394401.625,384679.6875,417377.25,426618.125,446569.5,HI,6710461,9240646,calibration
calibration_calibration_000395_30,calibration_000395,28,communication_heavy,4,2,calibration_000395_t4_c2,big,big_1,3,2.2,1.15,27,277700.78,277700.78125,277251.09375,301611.125,308670.34375,324518.0625,HI,6710461,9240646,calibration
calibration_calibration_000395_31,calibration_000395,28,communication_heavy,4,3,calibration_000395_t4_c3,little,little_0,3,1.5,1.0,27,407550.3,407550.3125,396850.65625,430717.15625,440312.9375,460849.9375,HI,6710461,9240646,calibration
calibration_calibration_000395_32,calibration_000395,28,communication_heavy,4,4,calibration_000395_t4_c4,big,big_1,0,1.0,0.9,27,469530.75,469530.75,456480.59375,495310.53125,506425.3125,529138.375,HI,6710461,9240646,calibration
calibration_calibration_000395_33,calibration_000395,28,communication_heavy,4,5,calibration_000395_t4_c5,little,little_1,0,0.6,0.8,27,753948.4,753948.375,750285.5625,812664.9375,831574.3125,863806.3125,HI,6710461,9240646,calibration
calibration_calibration_000395_34,calibration_000395,28,communication_heavy,4,6,calibration_000395_t4_c6,big,big_1,1,1.4,0.98,27,300032.47,300032.46875,306334.75,332683.84375,340201.375,356996.09375,HI,6710461,9240646,calibration
calibration_calibration_000395_35,calibration_000395,291,random,5,0,calibration_000395_t5_c0,little,little_0,2,1.2,0.93,290,204010.58,204010.578125,207604.40625,227490.0625,233399.5,246898.46875,HI,6710461,9240646,calibration
calibration_calibration_000395_36,calibration_000395,291,random,5,1,calibration_000395_t5_c1,big,big_0,3,2.2,1.15,290,73649.52,73649.5234375,75226.734375,89141.28125,92992.515625,102597.65625,HI,6710461,9240646,calibration
calibration_calibration_000395_37,calibration_000395,291,random,5,2,calibration_000395_t5_c2,little,little_1,3,1.5,1.0,290,159754.94,159754.9375,154054.1875,170940.9375,175845.453125,187502.125,HI,6710461,9240646,calibration
calibration_calibration_000395_38,calibration_000395,291,random,5,3,calibration_000395_t5_c3,big,big_0,0,1.0,0.9,290,178864.03,178864.03125,181419.15625,199880.359375,205387.53125,218135.15625,HI,6710461,9240646,calibration
calibration_calibration_000395_39,calibration_000395,291,random,5,4,calibration_000395_t5_c4,little,little_0,0,0.6,0.8,290,380790.7,380790.6875,397701.28125,429708.65625,438488.625,457521.09375,HI,6710461,9240646,calibration
calibration_calibration_000395_40,calibration_000395,291,random,5,5,calibration_000395_t5_c5,big,big_0,1,1.4,0.98,290,119350.89,119350.890625,120052.828125,135419.71875,139698.859375,150306.90625,HI,6710461,9240646,calibration
calibration_calibration_000395_41,calibration_000395,291,random,5,6,calibration_000395_t5_c6,little,little_1,1,0.9,0.86,290,256520.42,256520.421875,253349.046875,276069.0,282682.6875,297647.65625,HI,6710461,9240646,calibration
calibration_calibration_000405_00,calibration_000405,1,source_like,0,0,calibration_000405_t0_c0,big,big_1,0,1.0,0.9,0,91472.164,91472.1640625,88686.65625,103510.953125,107633.734375,117924.609375,LO,12866320,17597777,calibration
calibration_calibration_000405_01,calibration_000405,1,source_like,0,1,calibration_000405_t0_c1,little,little_0,0,0.6,0.8,0,223193.61,223193.609375,230985.171875,253866.34375,260800.3125,276591.875,LO,12866320,17597777,calibration
calibration_calibration_000405_02,calibration_000405,1,source_like,0,2,calibration_000405_t0_c2,big,big_0,1,1.4,0.98,0,65354.86,65354.859375,61183.875,74695.828125,78546.078125,87894.546875,LO,12866320,17597777,calibration
calibration_calibration_000405_03,calibration_000405,1,source_like,0,3,calibration_000405_t0_c3,little,little_0,1,0.9,0.86,0,153606.25,153606.25,148971.546875,166131.1875,171220.828125,183279.65625,LO,12866320,17597777,calibration
calibration_calibration_000405_04,calibration_000405,1,source_like,0,4,calibration_000405_t0_c4,big,big_0,2,1.8,1.06,0,48951.203,48951.203125,47843.59375,60712.75,64475.578125,73396.90625,LO,12866320,17597777,calibration
calibration_calibration_000405_05,calibration_000405,1,source_like,0,5,calibration_000405_t0_c5,little,little_1,2,1.2,0.93,0,113011.65,113011.6484375,108059.59375,123297.1875,127545.671875,138131.6875,LO,12866320,17597777,calibration
calibration_calibration_000405_06,calibration_000405,1,source_like,0,6,calibration_000405_t0_c6,big,big_1,3,2.2,1.15,0,40042.902,40042.90234375,41941.625,54585.640625,58341.78125,67134.265625,LO,12866320,17597777,calibration
calibration_calibration_000405_07,calibration_000405,31,sink_like,1,0,calibration_000405_t1_c0,little,little_1,0,0.6,0.8,30,803456.1,803456.125,787170.75,853825.375,873722.5625,908672.3125,LO,12866320,17597777,calibration
calibration_calibration_000405_08,calibration_000405,31,sink_like,1,1,calibration_000405_t1_c1,big,big_0,1,1.4,0.98,30,248595.95,248595.953125,246717.15625,269069.59375,275633.3125,290453.40625,LO,12866320,17597777,calibration
calibration_calibration_000405_09,calibration_000405,31,sink_like,1,2,calibration_000405_t1_c2,little,little_0,1,0.9,0.86,30,460915.2,460915.1875,435779.9375,472393.875,482757.25,504379.0,LO,12866320,17597777,calibration
calibration_calibration_000405_10,calibration_000405,31,sink_like,1,3,calibration_000405_t1_c3,big,big_1,2,1.8,1.06,30,200778.12,200778.125,211990.6875,232294.265625,238360.25,252165.015625,LO,12866320,17597777,calibration
calibration_calibration_000405_11,calibration_000405,31,sink_like,1,4,calibration_000405_t1_c4,little,little_1,2,1.2,0.93,30,385738.34,385738.34375,383973.375,416608.875,425831.65625,445749.125,LO,12866320,17597777,calibration
calibration_calibration_000405_12,calibration_000405,31,sink_like,1,5,calibration_000405_t1_c5,big,big_1,3,2.2,1.15,30,212509.69,212509.6875,205141.4375,225112.03125,231105.6875,244776.34375,LO,12866320,17597777,calibration
calibration_calibration_000405_13,calibration_000405,31,sink_like,1,6,calibration_000405_t1_c6,little,little_1,3,1.5,1.0,30,297391.7,297391.6875,291575.46875,316895.34375,324180.4375,340480.40625,LO,12866320,17597777,calibration
calibration_calibration_000405_14,calibration_000405,188,middle,2,0,calibration_000405_t2_c0,big,big_1,1,1.4,0.98,187,136916.84,136916.84375,134890.109375,150853.875,155384.15625,166407.84375,LO,12866320,17597777,calibration
calibration_calibration_000405_15,calibration_000405,188,middle,2,1,calibration_000405_t2_c1,little,little_0,1,0.9,0.86,187,306628.6,306628.59375,304154.25,330281.9375,337720.625,354369.0625,LO,12866320,17597777,calibration
calibration_calibration_000405_16,calibration_000405,188,middle,2,2,calibration_000405_t2_c2,big,big_1,2,1.8,1.06,187,111571.61,111571.609375,106722.203125,121613.265625,125708.859375,135993.75,LO,12866320,17597777,calibration
calibration_calibration_000405_17,calibration_000405,188,middle,2,3,calibration_000405_t2_c3,little,little_1,2,1.2,0.93,187,214492.92,214492.921875,205791.15625,225654.09375,231580.40625,245113.046875,LO,12866320,17597777,calibration
calibration_calibration_000405_18,calibration_000405,188,middle,2,4,calibration_000405_t2_c4,big,big_1,3,2.2,1.15,187,86235.86,86235.859375,83334.0,97518.640625,101423.3125,111234.828125,LO,12866320,17597777,calibration
calibration_calibration_000405_19,calibration_000405,188,middle,2,5,calibration_000405_t2_c5,little,little_0,3,1.5,1.0,187,180272.66,180272.65625,175226.4375,193278.625,198613.0,211039.453125,LO,12866320,17597777,calibration
calibration_calibration_000405_20,calibration_000405,188,middle,2,6,calibration_000405_t2_c6,big,big_0,0,1.0,0.9,187,207791.22,207791.21875,202205.71875,221814.59375,227656.03125,241033.125,LO,12866320,17597777,calibration
calibration_calibration_000405_21,calibration_000405,155,communication_heavy,3,0,calibration_000405_t3_c0,little,little_0,1,0.9,0.86,154,483520.9,483520.90625,509573.75,552639.125,565123.4375,589448.5,LO,12866320,17597777,calibration
calibration_calibration_000405_22,calibration_000405,155,communication_heavy,3,1,calibration_000405_t3_c1,big,big_1,2,1.8,1.06,154,232617.8,232617.796875,240487.65625,262484.375,268977.09375,283642.09375,LO,12866320,17597777,calibration
calibration_calibration_000405_23,calibration_000405,155,communication_heavy,3,2,calibration_000405_t3_c2,little,little_1,2,1.2,0.93,154,416738.75,416738.75,421697.25,457677.8125,467913.375,489425.875,LO,12866320,17597777,calibration
calibration_calibration_000405_24,calibration_000405,155,communication_heavy,3,3,calibration_000405_t3_c3,big,big_0,3,2.2,1.15,154,179768.05,179768.046875,191808.6875,210889.9375,216580.5625,229670.0625,LO,12866320,17597777,calibration
calibration_calibration_000405_25,calibration_000405,155,communication_heavy,3,4,calibration_000405_t3_c4,little,little_1,3,1.5,1.0,154,230947.38,230947.375,243290.0625,265297.09375,271728.75,286298.28125,LO,12866320,17597777,calibration
calibration_calibration_000405_26,calibration_000405,155,communication_heavy,3,5,calibration_000405_t3_c5,big,big_1,0,1.0,0.9,154,328338.44,328338.4375,338606.0625,367458.3125,375614.0625,393674.15625,LO,12866320,17597777,calibration
calibration_calibration_000405_27,calibration_000405,155,communication_heavy,3,6,calibration_000405_t3_c6,little,little_1,0,0.6,0.8,154,752394.3,752394.3125,755593.0,819350.5625,838661.875,871840.0625,LO,12866320,17597777,calibration
calibration_calibration_000405_28,calibration_000405,366,random,4,0,calibration_000405_t4_c0,big,big_1,2,1.8,1.06,365,118896.4,118896.3984375,114640.578125,129802.5625,133985.8125,144429.609375,LO,12866320,17597777,calibration
calibration_calibration_000405_29,calibration_000405,366,random,4,1,calibration_000405_t4_c1,little,little_1,2,1.2,0.93,365,205955.19,205955.1875,208265.46875,228204.46875,234127.390625,247657.921875,LO,12866320,17597777,calibration
calibration_calibration_000405_30,calibration_000405,366,random,4,2,calibration_000405_t4_c2,big,big_1,3,2.2,1.15,365,90431.96,90431.9609375,86407.03125,100693.671875,104614.1875,114485.859375,LO,12866320,17597777,calibration
calibration_calibration_000405_31,calibration_000405,366,random,4,3,calibration_000405_t4_c3,little,little_0,3,1.5,1.0,365,169438.4,169438.40625,173108.671875,191000.671875,196272.9375,208582.90625,LO,12866320,17597777,calibration
calibration_calibration_000405_32,calibration_000405,366,random,4,4,calibration_000405_t4_c4,big,big_1,0,1.0,0.9,365,179082.72,179082.71875,165597.9375,183194.03125,188401.234375,200604.203125,LO,12866320,17597777,calibration
calibration_calibration_000405_33,calibration_000405,366,random,4,5,calibration_000405_t4_c5,little,little_0,0,0.6,0.8,365,453832.25,453832.25,440021.1875,475360.53125,485203.9375,505686.1875,LO,12866320,17597777,calibration
calibration_calibration_000405_34,calibration_000405,366,random,4,6,calibration_000405_t4_c6,big,big_1,1,1.4,0.98,365,163911.5,163911.5,158648.625,175790.0625,180793.65625,192625.5,LO,12866320,17597777,calibration
calibration_calibration_000405_35,calibration_000405,10,diverse_fill_1,5,0,calibration_000405_t5_c0,little,little_0,2,1.2,0.93,9,167633.27,167633.265625,162288.875,179665.53125,184786.78125,196828.5,LO,12866320,17597777,calibration
calibration_calibration_000405_36,calibration_000405,10,diverse_fill_1,5,1,calibration_000405_t5_c1,big,big_1,3,2.2,1.15,9,76795.336,76795.3359375,74329.171875,88287.3125,92145.140625,101740.421875,LO,12866320,17597777,calibration
calibration_calibration_000405_37,calibration_000405,10,diverse_fill_1,5,2,calibration_000405_t5_c2,little,little_1,3,1.5,1.0,9,125094.164,125094.1640625,130095.078125,145856.65625,150295.9375,161167.625,LO,12866320,17597777,calibration
calibration_calibration_000405_38,calibration_000405,10,diverse_fill_1,5,3,calibration_000405_t5_c3,big,big_0,0,1.0,0.9,9,138293.34,138293.34375,130139.21875,146149.3125,150727.6875,161882.625,LO,12866320,17597777,calibration
calibration_calibration_000405_39,calibration_000405,10,diverse_fill_1,5,4,calibration_000405_t5_c4,little,little_0,0,0.6,0.8,9,345316.9,345316.90625,319371.8125,346160.25,353460.84375,370289.4375,LO,12866320,17597777,calibration
calibration_calibration_000405_40,calibration_000405,10,diverse_fill_1,5,5,calibration_000405_t5_c5,big,big_0,1,1.4,0.98,9,102398.3,102398.296875,115787.640625,131123.734375,135363.75,145928.828125,LO,12866320,17597777,calibration
calibration_calibration_000405_41,calibration_000405,10,diverse_fill_1,5,6,calibration_000405_t5_c6,little,little_1,1,0.9,0.86,9,233067.58,233067.578125,230586.109375,251958.140625,258257.140625,272576.1875,LO,12866320,17597777,calibration
calibration_calibration_000420_00,calibration_000420,4,source_like,0,0,calibration_000420_t0_c0,little,little_0,1,0.9,0.86,3,137520.95,137520.953125,129721.140625,145953.296875,150663.359375,162071.453125,HI,4458009,5037733,calibration
calibration_calibration_000420_01,calibration_000420,4,source_like,0,1,calibration_000420_t0_c1,big,big_0,2,1.8,1.06,3,49128.254,49128.25390625,43331.984375,56049.546875,59814.421875,68647.296875,HI,4458009,5037733,calibration
calibration_calibration_000420_02,calibration_000420,4,source_like,0,2,calibration_000420_t0_c2,little,little_1,2,1.2,0.93,3,103500.664,103500.6640625,99156.703125,114175.921875,118344.703125,128779.96875,HI,4458009,5037733,calibration
calibration_calibration_000420_03,calibration_000420,4,source_like,0,3,calibration_000420_t0_c3,big,big_0,3,2.2,1.15,3,43658.766,43658.765625,38197.53125,50773.015625,54562.578125,63344.046875,HI,4458009,5037733,calibration
calibration_calibration_000420_04,calibration_000420,4,source_like,0,4,calibration_000420_t0_c4,little,little_0,3,1.5,1.0,3,99223.31,99223.3125,82834.546875,97333.171875,101338.640625,111334.703125,HI,4458009,5037733,calibration
calibration_calibration_000420_05,calibration_000420,4,source_like,0,5,calibration_000420_t0_c5,big,big_1,0,1.0,0.9,3,87751.51,87751.5078125,81751.046875,96373.109375,100460.609375,110609.296875,HI,4458009,5037733,calibration
calibration_calibration_000420_06,calibration_000420,4,source_like,0,6,calibration_000420_t0_c6,little,little_0,0,0.6,0.8,3,195164.47,195164.46875,189537.25,209899.171875,216192.21875,230583.0625,HI,4458009,5037733,calibration
calibration_calibration_000420_07,calibration_000420,26,sink_like,1,0,calibration_000420_t1_c0,big,big_1,2,1.8,1.06,25,175124.9,175124.90625,173630.1875,191642.4375,196964.1875,209369.953125,HI,4458009,5037733,calibration
calibration_calibration_000420_08,calibration_000420,26,sink_like,1,1,calibration_000420_t1_c1,little,little_1,2,1.2,0.93,25,283472.8,283472.8125,274678.53125,298792.9375,305767.59375,321436.59375,HI,4458009,5037733,calibration
calibration_calibration_000420_09,calibration_000420,26,sink_like,1,2,calibration_000420_t1_c2,big,big_0,3,2.2,1.15,25,137281.64,137281.640625,129910.421875,145605.96875,150020.21875,160838.34375,HI,4458009,5037733,calibration
calibration_calibration_000420_10,calibration_000420,26,sink_like,1,3,calibration_000420_t1_c3,little,little_1,3,1.5,1.0,25,253774.8,253774.796875,252730.25,275390.8125,282016.125,296947.53125,HI,4458009,5037733,calibration
calibration_calibration_000420_11,calibration_000420,26,sink_like,1,4,calibration_000420_t1_c4,big,big_1,0,1.0,0.9,25,213199.48,213199.484375,216439.4375,236969.3125,243084.0,256988.328125,HI,4458009,5037733,calibration
calibration_calibration_000420_12,calibration_000420,26,sink_like,1,5,calibration_000420_t1_c5,little,little_0,0,0.6,0.8,25,594579.0,594579.0,562228.625,606517.875,619321.875,642784.75,HI,4458009,5037733,calibration
calibration_calibration_000420_13,calibration_000420,26,sink_like,1,6,calibration_000420_t1_c6,big,big_0,1,1.4,0.98,25,196693.22,196693.21875,181454.40625,199874.15625,205335.015625,217994.359375,HI,4458009,5037733,calibration
calibration_calibration_000420_14,calibration_000420,258,middle,2,0,calibration_000420_t2_c0,little,little_0,2,1.2,0.93,257,189512.17,189512.171875,184265.203125,202837.53125,208364.28125,221139.3125,HI,4458009,5037733,calibration
calibration_calibration_000420_15,calibration_000420,258,middle,2,1,calibration_000420_t2_c1,big,big_1,3,2.2,1.15,257,94911.97,94911.96875,91353.6875,105849.609375,109810.171875,119799.1875,HI,4458009,5037733,calibration
calibration_calibration_000420_16,calibration_000420,258,middle,2,2,calibration_000420_t2_c2,little,little_0,3,1.5,1.0,257,185084.73,185084.734375,177999.09375,196165.984375,201532.90625,214016.671875,HI,4458009,5037733,calibration
calibration_calibration_000420_17,calibration_000420,258,middle,2,3,calibration_000420_t2_c3,big,big_0,0,1.0,0.9,257,192915.62,192915.625,192324.34375,211424.265625,217134.0625,230264.375,HI,4458009,5037733,calibration
calibration_calibration_000420_18,calibration_000420,258,middle,2,4,calibration_000420_t2_c4,little,little_1,0,0.6,0.8,257,339164.66,339164.65625,323726.0,350852.8125,358264.125,375257.71875,HI,4458009,5037733,calibration
calibration_calibration_000420_19,calibration_000420,258,middle,2,5,calibration_000420_t2_c5,big,big_1,1,1.4,0.98,257,131236.81,131236.8125,132040.90625,147889.5,152370.1875,163314.25,HI,4458009,5037733,calibration
calibration_calibration_000420_20,calibration_000420,258,middle,2,6,calibration_000420_t2_c6,little,little_0,1,0.9,0.86,257,256971.83,256971.828125,250937.0,273507.1875,280079.9375,294967.3125,HI,4458009,5037733,calibration
calibration_calibration_000420_21,calibration_000420,343,high_degree,3,0,calibration_000420_t3_c0,big,big_1,3,2.2,1.15,342,113886.24,113886.2421875,112831.46875,127930.34375,132093.78125,142500.890625,HI,4458009,5037733,calibration
calibration_calibration_000420_22,calibration_000420,343,high_degree,3,1,calibration_000420_t3_c1,little,little_1,3,1.5,1.0,342,215704.72,215704.71875,201648.375,221242.375,227079.359375,240438.015625,HI,4458009,5037733,calibration
calibration_calibration_000420_23,calibration_000420,343,high_degree,3,2,calibration_000420_t3_c2,big,big_1,0,1.0,0.9,342,228185.58,228185.578125,233139.296875,254577.25,260889.34375,275202.96875,HI,4458009,5037733,calibration
calibration_calibration_000420_24,calibration_000420,343,high_degree,3,3,calibration_000420_t3_c3,little,little_0,0,0.6,0.8,342,509288.22,509288.21875,496430.6875,535350.6875,546296.375,567827.625,HI,4458009,5037733,calibration
calibration_calibration_000420_25,calibration_000420,343,high_degree,3,4,calibration_000420_t3_c4,big,big_0,1,1.4,0.98,342,138355.31,138355.3125,139683.09375,155821.90625,160433.203125,171579.53125,HI,4458009,5037733,calibration
calibration_calibration_000420_26,calibration_000420,343,high_degree,3,5,calibration_000420_t3_c5,little,little_1,1,0.9,0.86,342,320250.8,320250.8125,325019.25,352662.8125,360488.3125,377887.25,HI,4458009,5037733,calibration
calibration_calibration_000420_27,calibration_000420,343,high_degree,3,6,calibration_000420_t3_c6,big,big_0,2,1.8,1.06,342,140467.1,140467.09375,155572.25,172563.09375,177489.03125,189190.28125,HI,4458009,5037733,calibration
calibration_calibration_000420_28,calibration_000420,404,communication_heavy,4,0,calibration_000420_t4_c0,little,little_0,3,1.5,1.0,403,354144.0,354144.0,353998.90625,384218.15625,392776.375,411544.4375,HI,4458009,5037733,calibration
calibration_calibration_000420_29,calibration_000420,404,communication_heavy,4,1,calibration_000420_t4_c1,big,big_1,0,1.0,0.9,403,339518.2,339518.1875,337783.46875,366509.34375,374629.90625,392613.6875,HI,4458009,5037733,calibration
calibration_calibration_000420_30,calibration_000420,404,communication_heavy,4,2,calibration_000420_t4_c2,little,little_0,0,0.6,0.8,403,827006.8,827006.8125,814312.5,884279.8125,904878.8125,942163.9375,HI,4458009,5037733,calibration
calibration_calibration_000420_31,calibration_000420,404,communication_heavy,4,3,calibration_000420_t4_c3,big,big_0,1,1.4,0.98,403,274920.5,274920.5,287193.5625,312190.40625,319385.34375,335515.25,HI,4458009,5037733,calibration
calibration_calibration_000420_32,calibration_000420,404,communication_heavy,4,4,calibration_000420_t4_c4,little,little_0,1,0.9,0.86,403,602295.8,602295.8125,632141.125,686003.375,702180.875,730861.875,HI,4458009,5037733,calibration
calibration_calibration_000420_33,calibration_000420,404,communication_heavy,4,5,calibration_000420_t4_c5,big,big_0,2,1.8,1.06,403,216096.25,216096.25,229457.828125,250811.59375,257157.765625,271520.0625,HI,4458009,5037733,calibration
calibration_calibration_000420_34,calibration_000420,404,communication_heavy,4,6,calibration_000420_t4_c6,little,little_0,2,1.2,0.93,403,360053.53,360053.53125,351308.46875,381139.25,389567.0,408102.625,HI,4458009,5037733,calibration
calibration_calibration_000420_35,calibration_000420,101,random,5,0,calibration_000420_t5_c0,big,big_1,0,1.0,0.9,100,322901.72,322901.71875,309353.03125,335900.65625,343462.3125,360361.125,HI,4458009,5037733,calibration
calibration_calibration_000420_36,calibration_000420,101,random,5,1,calibration_000420_t5_c1,little,little_0,0,0.6,0.8,100,800977.4,800977.375,807829.75,876543.5625,896794.875,933181.0,HI,4458009,5037733,calibration
calibration_calibration_000420_37,calibration_000420,101,random,5,2,calibration_000420_t5_c2,big,big_1,1,1.4,0.98,100,252652.38,252652.375,264274.59375,287741.9375,294576.65625,309953.0625,HI,4458009,5037733,calibration
calibration_calibration_000420_38,calibration_000420,101,random,5,3,calibration_000420_t5_c3,little,little_0,1,0.9,0.86,100,619206.5,619206.5,650172.5,706036.1875,722886.625,752577.875,HI,4458009,5037733,calibration
calibration_calibration_000420_39,calibration_000420,101,random,5,4,calibration_000420_t5_c4,big,big_0,2,1.8,1.06,100,239399.6,239399.59375,251398.5625,274086.96875,280757.375,295782.34375,HI,4458009,5037733,calibration
calibration_calibration_000420_40,calibration_000420,101,random,5,5,calibration_000420_t5_c5,little,little_0,2,1.2,0.93,100,425446.38,425446.375,402181.8125,436381.0,446064.96875,466730.0,HI,4458009,5037733,calibration
calibration_calibration_000420_41,calibration_000420,101,random,5,6,calibration_000420_t5_c6,big,big_1,3,2.2,1.15,100,191780.45,191780.453125,204237.921875,224106.46875,230055.96875,243641.484375,HI,4458009,5037733,calibration
calibration_calibration_000427_00,calibration_000427,33,source_like,0,0,calibration_000427_t0_c0,big,big_1,3,2.2,1.15,32,53176.754,53176.75390625,50068.0,63024.0625,66786.25,75750.96875,LO,595432,841668,calibration
calibration_calibration_000427_01,calibration_000427,33,source_like,0,1,calibration_000427_t0_c1,little,little_0,3,1.5,1.0,32,113306.9,113306.8984375,111800.546875,126982.09375,131160.125,141610.375,LO,595432,841668,calibration
calibration_calibration_000427_02,calibration_000427,33,source_like,0,2,calibration_000427_t0_c2,big,big_0,0,1.0,0.9,32,102533.19,102533.1875,101029.046875,116157.546875,120373.796875,130900.515625,LO,595432,841668,calibration
calibration_calibration_000427_03,calibration_000427,33,source_like,0,3,calibration_000427_t0_c3,little,little_0,0,0.6,0.8,32,266099.2,266099.1875,278244.625,303425.5625,310634.875,327181.5,LO,595432,841668,calibration
calibration_calibration_000427_04,calibration_000427,33,source_like,0,4,calibration_000427_t0_c4,big,big_0,1,1.4,0.98,32,75780.25,75780.25,73799.328125,87835.484375,91751.25,101445.984375,LO,595432,841668,calibration
calibration_calibration_000427_05,calibration_000427,33,source_like,0,5,calibration_000427_t0_c5,little,little_0,1,0.9,0.86,32,180607.06,180607.0625,180566.203125,199429.828125,205133.96875,218281.390625,LO,595432,841668,calibration
calibration_calibration_000427_06,calibration_000427,33,source_like,0,6,calibration_000427_t0_c6,big,big_0,2,1.8,1.06,32,55250.043,55250.04296875,56244.984375,69448.703125,73230.84375,82357.8125,LO,595432,841668,calibration
calibration_calibration_000427_07,calibration_000427,93,sink_like,1,0,calibration_000427_t1_c0,little,little_0,3,1.5,1.0,92,269036.0,269036.0,255962.671875,278807.15625,285460.34375,300472.3125,LO,595432,841668,calibration
calibration_calibration_000427_08,calibration_000427,93,sink_like,1,1,calibration_000427_t1_c1,big,big_1,0,1.0,0.9,92,386402.44,386402.4375,374219.1875,406063.4375,415061.625,434617.0625,LO,595432,841668,calibration
calibration_calibration_000427_09,calibration_000427,93,sink_like,1,2,calibration_000427_t1_c2,little,little_1,0,0.6,0.8,92,592696.56,592696.5625,596994.3125,644727.0,658807.0,683752.25,LO,595432,841668,calibration
calibration_calibration_000427_10,calibration_000427,93,sink_like,1,3,calibration_000427_t1_c3,big,big_1,1,1.4,0.98,92,307053.28,307053.28125,294720.21875,320272.0,327599.9375,344000.8125,LO,595432,841668,calibration
calibration_calibration_000427_11,calibration_000427,93,sink_like,1,4,calibration_000427_t1_c4,little,little_1,1,0.9,0.86,92,412951.7,412951.6875,411321.5,446124.71875,455974.3125,476874.46875,LO,595432,841668,calibration
calibration_calibration_000427_12,calibration_000427,93,sink_like,1,5,calibration_000427_t1_c5,big,big_1,2,1.8,1.06,92,223044.75,223044.75,222515.6875,243409.875,249620.1875,263715.5,LO,595432,841668,calibration
calibration_calibration_000427_13,calibration_000427,93,sink_like,1,6,calibration_000427_t1_c6,little,little_0,2,1.2,0.93,92,373956.75,373956.75,374982.0625,406902.1875,415925.21875,435505.65625,LO,595432,841668,calibration
calibration_calibration_000427_14,calibration_000427,126,middle,2,0,calibration_000427_t2_c0,big,big_1,0,1.0,0.9,125,399304.62,399304.625,412586.75,447764.8125,457754.375,478902.5625,LO,595432,841668,calibration
calibration_calibration_000427_15,calibration_000427,126,middle,2,1,calibration_000427_t2_c1,little,little_1,0,0.6,0.8,125,454326.47,454326.46875,462324.375,500496.96875,511329.125,533428.75,LO,595432,841668,calibration
calibration_calibration_000427_16,calibration_000427,126,middle,2,2,calibration_000427_t2_c2,big,big_0,1,1.4,0.98,125,246458.98,246458.984375,242015.8125,263987.40625,270419.8125,284989.875,LO,595432,841668,calibration
calibration_calibration_000427_17,calibration_000427,126,middle,2,3,calibration_000427_t2_c3,little,little_0,1,0.9,0.86,125,421442.03,421442.03125,428658.65625,465060.15625,475409.40625,497068.75,LO,595432,841668,calibration
calibration_calibration_000427_18,calibration_000427,126,middle,2,4,calibration_000427_t2_c4,big,big_1,2,1.8,1.06,125,250247.23,250247.234375,249596.703125,272122.4375,278726.09375,293627.4375,LO,595432,841668,calibration
calibration_calibration_000427_19,calibration_000427,126,middle,2,5,calibration_000427_t2_c5,little,little_0,2,1.2,0.93,125,371907.66,371907.65625,381050.5625,413521.9375,422705.1875,442561.03125,LO,595432,841668,calibration
calibration_calibration_000427_20,calibration_000427,126,middle,2,6,calibration_000427_t2_c6,big,big_0,3,2.2,1.15,125,188948.88,188948.875,190032.578125,208964.34375,214595.015625,227572.5,LO,595432,841668,calibration
calibration_calibration_000427_21,calibration_000427,99,communication_heavy,3,0,calibration_000427_t3_c0,little,little_0,0,0.6,0.8,98,901426.8,901426.8125,867963.25,945403.0,967000.4375,1010557.25,LO,595432,841668,calibration
calibration_calibration_000427_22,calibration_000427,99,communication_heavy,3,1,calibration_000427_t3_c1,big,big_1,1,1.4,0.98,98,319591.03,319591.03125,314900.4375,341905.9375,349588.21875,366718.15625,LO,595432,841668,calibration
calibration_calibration_000427_23,calibration_000427,99,communication_heavy,3,2,calibration_000427_t3_c2,little,little_0,1,0.9,0.86,98,609677.4,609677.375,599023.5,649627.5625,664728.375,691898.75,LO,595432,841668,calibration
calibration_calibration_000427_24,calibration_000427,99,communication_heavy,3,3,calibration_000427_t3_c3,big,big_0,2,1.8,1.06,98,228821.22,228821.21875,233671.53125,255186.171875,261531.03125,275906.28125,LO,595432,841668,calibration
calibration_calibration_000427_25,calibration_000427,99,communication_heavy,3,4,calibration_000427_t3_c4,little,little_0,2,1.2,0.93,98,458205.47,458205.46875,454812.125,493668.625,504807.0,527593.125,LO,595432,841668,calibration
calibration_calibration_000427_26,calibration_000427,99,communication_heavy,3,5,calibration_000427_t3_c5,big,big_1,3,2.2,1.15,98,229150.36,229150.359375,237150.171875,258948.1875,265397.65625,279976.09375,LO,595432,841668,calibration
calibration_calibration_000427_27,calibration_000427,99,communication_heavy,3,6,calibration_000427_t3_c6,little,little_1,3,1.5,1.0,98,301415.6,301415.59375,314588.125,341602.9375,349303.1875,366442.84375,LO,595432,841668,calibration
calibration_calibration_000427_28,calibration_000427,21,random,4,0,calibration_000427_t4_c0,big,big_1,1,1.4,0.98,20,66128.76,66128.7578125,63519.53125,77139.421875,81010.875,90446.09375,LO,595432,841668,calibration
calibration_calibration_000427_29,calibration_000427,21,random,4,1,calibration_000427_t4_c1,little,little_1,1,0.9,0.86,20,149424.6,149424.59375,151622.640625,168914.125,174055.03125,186198.46875,LO,595432,841668,calibration
calibration_calibration_000427_30,calibration_000427,21,random,4,2,calibration_000427_t4_c2,big,big_0,2,1.8,1.06,20,52956.316,52956.31640625,54986.234375,68208.640625,72027.15625,81196.0625,LO,595432,841668,calibration
calibration_calibration_000427_31,calibration_000427,21,random,4,3,calibration_000427_t4_c3,little,little_1,2,1.2,0.93,20,126707.57,126707.5703125,113879.8125,129228.78125,133530.640625,144204.59375,LO,595432,841668,calibration
calibration_calibration_000427_32,calibration_000427,21,random,4,4,calibration_000427_t4_c4,big,big_0,3,2.2,1.15,20,43401.29,43401.2890625,42053.3125,54682.5625,58425.125,67192.9375,LO,595432,841668,calibration
calibration_calibration_000427_33,calibration_000427,21,random,4,5,calibration_000427_t4_c5,little,little_1,3,1.5,1.0,20,98296.336,98296.3359375,94352.796875,109152.1875,113209.671875,123408.4375,LO,595432,841668,calibration
calibration_calibration_000427_34,calibration_000427,21,random,4,6,calibration_000427_t4_c6,big,big_1,0,1.0,0.9,20,90738.48,90738.4765625,88228.640625,103037.90625,107148.296875,117409.8125,LO,595432,841668,calibration
calibration_calibration_000427_35,calibration_000427,230,diverse_fill_1,5,0,calibration_000427_t5_c0,little,little_1,1,0.9,0.86,229,424310.6,424310.59375,448221.0625,485884.21875,496574.03125,518644.71875,LO,595432,841668,calibration
calibration_calibration_000427_36,calibration_000427,230,diverse_fill_1,5,1,calibration_000427_t5_c1,big,big_1,2,1.8,1.06,229,160985.19,160985.1875,168385.46875,186050.703125,191251.8125,203431.375,LO,595432,841668,calibration
calibration_calibration_000427_37,calibration_000427,230,diverse_fill_1,5,2,calibration_000427_t5_c2,little,little_0,2,1.2,0.93,229,365346.28,365346.28125,354609.0625,384754.9375,393274.625,411971.96875,LO,595432,841668,calibration
calibration_calibration_000427_38,calibration_000427,230,diverse_fill_1,5,3,calibration_000427_t5_c3,big,big_1,3,2.2,1.15,229,203700.44,203700.4375,197244.625,216742.34375,222590.578125,235982.625,LO,595432,841668,calibration
calibration_calibration_000427_39,calibration_000427,230,diverse_fill_1,5,4,calibration_000427_t5_c4,little,little_1,3,1.5,1.0,229,292595.44,292595.4375,303170.15625,329343.03125,336838.9375,353564.1875,LO,595432,841668,calibration
calibration_calibration_000427_40,calibration_000427,230,diverse_fill_1,5,5,calibration_000427_t5_c5,big,big_0,0,1.0,0.9,229,353735.53,353735.53125,376498.21875,408530.0,417581.5625,437221.8125,LO,595432,841668,calibration
calibration_calibration_000427_41,calibration_000427,230,diverse_fill_1,5,6,calibration_000427_t5_c6,little,little_0,0,0.6,0.8,229,650042.25,650042.25,662187.875,715148.25,731089.75,758030.6875,LO,595432,841668,calibration
calibration_calibration_000428_00,calibration_000428,71,source_like,0,0,calibration_000428_t0_c0,big,big_0,2,1.8,1.06,70,43026.93,43026.9296875,42908.859375,55604.140625,59366.109375,68186.40625,HI,1064551,1398439,calibration
calibration_calibration_000428_01,calibration_000428,71,source_like,0,1,calibration_000428_t0_c1,little,little_0,2,1.2,0.93,70,104617.23,104617.2265625,95591.703125,110509.59375,114634.765625,124968.875,HI,1064551,1398439,calibration
calibration_calibration_000428_02,calibration_000428,71,source_like,0,2,calibration_000428_t0_c2,big,big_1,3,2.2,1.15,70,38025.223,38025.22265625,38756.15625,51336.390625,55123.59375,63916.53125,HI,1064551,1398439,calibration
calibration_calibration_000428_03,calibration_000428,71,source_like,0,3,calibration_000428_t0_c3,little,little_0,3,1.5,1.0,70,82726.26,82726.2578125,80778.453125,95227.34375,99208.078125,109128.140625,HI,1064551,1398439,calibration
calibration_calibration_000428_04,calibration_000428,71,source_like,0,4,calibration_000428_t0_c4,big,big_1,0,1.0,0.9,70,90899.41,90899.40625,83088.328125,97785.125,101886.15625,112079.984375,HI,1064551,1398439,calibration
calibration_calibration_000428_05,calibration_000428,71,source_like,0,5,calibration_000428_t0_c5,little,little_1,0,0.6,0.8,70,211280.08,211280.078125,183441.34375,203361.25,209498.71875,223569.171875,HI,1064551,1398439,calibration
calibration_calibration_000428_06,calibration_000428,71,source_like,0,6,calibration_000428_t0_c6,big,big_1,1,1.4,0.98,70,56091.64,56091.640625,59243.296875,72721.453125,76590.765625,85936.703125,HI,1064551,1398439,calibration
calibration_calibration_000428_07,calibration_000428,239,sink_like,1,0,calibration_000428_t1_c0,little,little_1,2,1.2,0.93,238,513473.16,513473.15625,505188.8125,548422.75,560998.0625,585624.125,HI,1064551,1398439,calibration
calibration_calibration_000428_08,calibration_000428,239,sink_like,1,1,calibration_000428_t1_c1,big,big_0,3,2.2,1.15,238,307907.72,307907.71875,310113.4375,336776.125,344389.53125,361365.53125,HI,1064551,1398439,calibration
calibration_calibration_000428_09,calibration_000428,239,sink_like,1,2,calibration_000428_t1_c2,little,little_1,3,1.5,1.0,238,542114.7,542114.6875,528653.875,574439.0,587945.625,613813.25,HI,1064551,1398439,calibration
calibration_calibration_000428_10,calibration_000428,239,sink_like,1,3,calibration_000428_t1_c3,big,big_0,0,1.0,0.9,238,673371.56,673371.5625,704353.9375,766143.0625,785006.5,817765.5,HI,1064551,1398439,calibration
calibration_calibration_000428_11,calibration_000428,239,sink_like,1,4,calibration_000428_t1_c4,little,little_1,0,0.6,0.8,238,1376961.4,1376961.375,1265655.75,1418611.25,1454060.25,1565482.0,HI,1064551,1398439,calibration
calibration_calibration_000428_12,calibration_000428,239,sink_like,1,5,calibration_000428_t1_c5,big,big_0,1,1.4,0.98,238,500136.7,500136.6875,502423.125,545324.8125,557797.125,582245.125,HI,1064551,1398439,calibration
calibration_calibration_000428_13,calibration_000428,239,sink_like,1,6,calibration_000428_t1_c6,little,little_1,1,0.9,0.86,238,874284.0,874284.0,891041.8125,977829.5,1001273.5625,1052290.0,HI,1064551,1398439,calibration
calibration_calibration_000428_14,calibration_000428,150,middle,2,0,calibration_000428_t2_c0,big,big_0,3,2.2,1.15,149,301287.53,301287.53125,306059.4375,332418.71875,339954.5,356778.40625,HI,1064551,1398439,calibration
calibration_calibration_000428_15,calibration_000428,150,middle,2,1,calibration_000428_t2_c1,little,little_0,3,1.5,1.0,149,447506.8,447506.8125,455354.625,494412.0,505627.0,528557.75,HI,1064551,1398439,calibration
calibration_calibration_000428_16,calibration_000428,150,middle,2,2,calibration_000428_t2_c2,big,big_1,0,1.0,0.9,149,510836.5,510836.5,538287.125,583753.0,597089.875,622309.3125,HI,1064551,1398439,calibration
calibration_calibration_000428_17,calibration_000428,150,middle,2,3,calibration_000428_t2_c3,little,little_1,0,0.6,0.8,149,1029819.5,1029819.5,1017938.875,1118041.625,1142687.25,1212040.5,HI,1064551,1398439,calibration
calibration_calibration_000428_18,calibration_000428,150,middle,2,4,calibration_000428_t2_c4,big,big_0,1,1.4,0.98,149,444639.6,444639.59375,450802.375,489210.875,500187.375,522745.1875,HI,1064551,1398439,calibration
calibration_calibration_000428_19,calibration_000428,150,middle,2,5,calibration_000428_t2_c5,little,little_1,1,0.9,0.86,149,898033.9,898033.875,867422.0625,950754.1875,973804.1875,1021751.5,HI,1064551,1398439,calibration
calibration_calibration_000428_20,calibration_000428,150,middle,2,6,calibration_000428_t2_c6,big,big_0,2,1.8,1.06,149,259959.36,259959.359375,275748.59375,299924.84375,306912.71875,322602.0,HI,1064551,1398439,calibration
calibration_calibration_000428_21,calibration_000428,136,communication_heavy,3,0,calibration_000428_t3_c0,little,little_1,3,1.5,1.0,135,570953.4,570953.375,575493.375,625945.9375,641130.375,669110.125,HI,1064551,1398439,calibration
calibration_calibration_000428_22,calibration_000428,136,communication_heavy,3,1,calibration_000428_t3_c1,big,big_1,0,1.0,0.9,135,614062.56,614062.5625,590577.0,640480.0,655379.875,682318.5625,HI,1064551,1398439,calibration
calibration_calibration_000428_23,calibration_000428,136,communication_heavy,3,2,calibration_000428_t3_c2,little,little_0,0,0.6,0.8,135,1311467.4,1311467.375,1228506.5,1369744.75,1404427.0,1516276.75,HI,1064551,1398439,calibration
calibration_calibration_000428_24,calibration_000428,136,communication_heavy,3,3,calibration_000428_t3_c3,big,big_0,1,1.4,0.98,135,455193.22,455193.21875,446297.125,484262.53125,495085.375,517443.0,HI,1064551,1398439,calibration
calibration_calibration_000428_25,calibration_000428,136,communication_heavy,3,4,calibration_000428_t3_c4,little,little_0,1,0.9,0.86,135,898455.5,898455.5,950358.25,1047358.1875,1071859.25,1133002.5,HI,1064551,1398439,calibration
calibration_calibration_000428_26,calibration_000428,136,communication_heavy,3,5,calibration_000428_t3_c5,big,big_0,2,1.8,1.06,135,495803.8,495803.8125,516589.34375,561327.3125,574498.5,599920.875,HI,1064551,1398439,calibration
calibration_calibration_000428_27,calibration_000428,136,communication_heavy,3,6,calibration_000428_t3_c6,little,little_1,2,1.2,0.93,135,656581.6,656581.625,645891.375,702976.75,720402.9375,751309.5625,HI,1064551,1398439,calibration
calibration_calibration_000428_28,calibration_000428,220,random,4,0,calibration_000428_t4_c0,big,big_1,0,1.0,0.9,219,144483.48,144483.484375,147494.8125,164320.40625,169235.28125,180961.75,HI,1064551,1398439,calibration
calibration_calibration_000428_29,calibration_000428,220,random,4,1,calibration_000428_t4_c1,little,little_0,0,0.6,0.8,219,252714.81,252714.8125,275249.71875,300157.5625,307327.0625,323752.65625,HI,1064551,1398439,calibration
calibration_calibration_000428_30,calibration_000428,220,random,4,2,calibration_000428_t4_c2,big,big_0,1,1.4,0.98,219,129205.266,129205.265625,132523.015625,148475.34375,152999.5,164031.71875,HI,1064551,1398439,calibration
calibration_calibration_000428_31,calibration_000428,220,random,4,3,calibration_000428_t4_c3,little,little_1,1,0.9,0.86,219,186844.33,186844.328125,193808.75,213206.203125,219008.1875,232347.5625,HI,1064551,1398439,calibration
calibration_calibration_000428_32,calibration_000428,220,random,4,4,calibration_000428_t4_c4,big,big_1,2,1.8,1.06,219,98101.22,98101.21875,93641.234375,108249.3125,112241.34375,122304.0625,HI,1064551,1398439,calibration
calibration_calibration_000428_33,calibration_000428,220,random,4,5,calibration_000428_t4_c5,little,little_1,2,1.2,0.93,219,179697.22,179697.21875,186822.859375,205485.1875,211023.75,223824.15625,HI,1064551,1398439,calibration
calibration_calibration_000428_34,calibration_000428,220,random,4,6,calibration_000428_t4_c6,big,big_0,3,2.2,1.15,219,87197.86,87197.859375,82795.484375,97045.34375,100951.34375,110753.453125,HI,1064551,1398439,calibration
calibration_calibration_000428_35,calibration_000428,240,diverse_fill_1,5,0,calibration_000428_t5_c0,little,little_1,0,0.6,0.8,239,468473.1,468473.09375,459765.6875,496928.8125,507392.59375,528754.4375,HI,1064551,1398439,calibration
calibration_calibration_000428_36,calibration_000428,240,diverse_fill_1,5,1,calibration_000428_t5_c1,big,big_0,1,1.4,0.98,239,155019.95,155019.953125,162608.125,179891.34375,184942.171875,196853.203125,HI,1064551,1398439,calibration
calibration_calibration_000428_37,calibration_000428,240,diverse_fill_1,5,2,calibration_000428_t5_c2,little,little_0,1,0.9,0.86,239,313876.3,313876.3125,326660.375,354547.0625,362450.59375,380008.1875,HI,1064551,1398439,calibration
calibration_calibration_000428_38,calibration_000428,240,diverse_fill_1,5,3,calibration_000428_t5_c3,big,big_0,2,1.8,1.06,239,130761.13,130761.1328125,141121.796875,157307.421875,161918.421875,173067.8125,HI,1064551,1398439,calibration
calibration_calibration_000428_39,calibration_000428,240,diverse_fill_1,5,4,calibration_000428_t5_c4,little,little_0,2,1.2,0.93,239,224478.9,224478.90625,229510.609375,250629.96875,256829.359375,270922.875,HI,1064551,1398439,calibration
calibration_calibration_000428_40,calibration_000428,240,diverse_fill_1,5,5,calibration_000428_t5_c5,big,big_1,3,2.2,1.15,239,147495.4,147495.40625,140823.328125,157058.25,161668.421875,172827.75,HI,1064551,1398439,calibration
calibration_calibration_000428_41,calibration_000428,240,diverse_fill_1,5,6,calibration_000428_t5_c6,little,little_0,3,1.5,1.0,239,157907.36,157907.359375,168534.28125,186044.5,191158.0625,203181.40625,HI,1064551,1398439,calibration
calibration_calibration_000442_00,calibration_000442,3,source_like,0,0,calibration_000442_t0_c0,little,little_0,3,1.5,1.0,2,81183.45,81183.453125,76091.890625,90286.296875,94226.109375,104001.09375,LO,3969841,5563577,calibration
calibration_calibration_000442_01,calibration_000442,3,source_like,0,1,calibration_000442_t0_c1,big,big_1,0,1.0,0.9,2,74182.484,74182.484375,74911.6875,89214.546875,93213.921875,103089.21875,LO,3969841,5563577,calibration
calibration_calibration_000442_02,calibration_000442,3,source_like,0,2,calibration_000442_t0_c2,little,little_1,0,0.6,0.8,2,190886.3,190886.296875,189067.21875,209407.984375,215689.734375,230061.53125,LO,3969841,5563577,calibration
calibration_calibration_000442_03,calibration_000442,3,source_like,0,3,calibration_000442_t0_c3,big,big_0,1,1.4,0.98,2,61089.56,61089.55859375,64699.1875,78486.078125,82401.34375,91932.828125,LO,3969841,5563577,calibration
calibration_calibration_000442_04,calibration_000442,3,source_like,0,4,calibration_000442_t0_c4,little,little_1,1,0.9,0.86,2,140649.42,140649.421875,136018.515625,152578.125,157435.78125,169113.375,LO,3969841,5563577,calibration
calibration_calibration_000442_05,calibration_000442,3,source_like,0,5,calibration_000442_t0_c5,big,big_1,2,1.8,1.06,2,48795.438,48795.4375,45311.078125,58132.03125,61923.4375,70849.609375,LO,3969841,5563577,calibration
calibration_calibration_000442_06,calibration_000442,3,source_like,0,6,calibration_000442_t0_c6,little,little_1,2,1.2,0.93,2,100950.7,100950.703125,100107.0625,115143.140625,119317.671875,129765.296875,LO,3969841,5563577,calibration
calibration_calibration_000442_07,calibration_000442,152,sink_like,1,0,calibration_000442_t1_c0,big,big_0,0,1.0,0.9,151,192315.28,192315.28125,207280.515625,227154.28125,233058.890625,246557.234375,LO,3969841,5563577,calibration
calibration_calibration_000442_08,calibration_000442,152,sink_like,1,1,calibration_000442_t1_c1,little,little_0,0,0.6,0.8,151,333223.84,333223.84375,335809.46875,364001.4375,371820.96875,389409.75,LO,3969841,5563577,calibration
calibration_calibration_000442_09,calibration_000442,152,sink_like,1,2,calibration_000442_t1_c2,big,big_1,1,1.4,0.98,151,155830.88,155830.875,161685.890625,178971.78125,184036.25,195970.65625,LO,3969841,5563577,calibration
calibration_calibration_000442_10,calibration_000442,152,sink_like,1,3,calibration_000442_t1_c3,little,little_1,1,0.9,0.86,151,258519.9,258519.90625,264995.03125,288361.71875,295105.78125,310336.53125,LO,3969841,5563577,calibration
calibration_calibration_000442_11,calibration_000442,152,sink_like,1,4,calibration_000442_t1_c4,big,big_0,2,1.8,1.06,151,101669.805,101669.8046875,110391.1875,125377.4375,129502.796875,139839.203125,LO,3969841,5563577,calibration
calibration_calibration_000442_12,calibration_000442,152,sink_like,1,5,calibration_000442_t1_c5,little,little_1,2,1.2,0.93,151,183910.44,183910.4375,193452.25,212418.640625,218033.21875,230971.125,LO,3969841,5563577,calibration
calibration_calibration_000442_13,calibration_000442,152,sink_like,1,6,calibration_000442_t1_c6,big,big_0,3,2.2,1.15,151,120100.734,120100.734375,125295.921875,140890.8125,145223.03125,155924.5,LO,3969841,5563577,calibration
calibration_calibration_000442_14,calibration_000442,226,middle,2,0,calibration_000442_t2_c0,little,little_1,0,0.6,0.8,225,321464.5,321464.5,307150.125,333698.90625,341131.03125,358123.625,LO,3969841,5563577,calibration
calibration_calibration_000442_15,calibration_000442,226,middle,2,1,calibration_000442_t2_c1,big,big_1,1,1.4,0.98,225,98547.55,98547.546875,90390.140625,104964.5,108975.46875,119051.8125,LO,3969841,5563577,calibration
calibration_calibration_000442_16,calibration_000442,226,middle,2,2,calibration_000442_t2_c2,little,little_0,1,0.9,0.86,225,209403.84,209403.84375,194466.59375,214068.671875,220007.25,233599.140625,LO,3969841,5563577,calibration
calibration_calibration_000442_17,calibration_000442,226,middle,2,3,calibration_000442_t2_c3,big,big_0,2,1.8,1.06,225,91701.484,91701.484375,85163.984375,99580.734375,103534.921875,113456.46875,LO,3969841,5563577,calibration
calibration_calibration_000442_18,calibration_000442,226,middle,2,4,calibration_000442_t2_c4,little,little_0,2,1.2,0.93,225,170368.08,170368.078125,157110.25,174212.03125,179227.03125,191082.578125,LO,3969841,5563577,calibration
calibration_calibration_000442_19,calibration_000442,226,middle,2,5,calibration_000442_t2_c5,big,big_0,3,2.2,1.15,225,68851.98,68851.9765625,63140.171875,76618.828125,80419.546875,89716.125,LO,3969841,5563577,calibration
calibration_calibration_000442_20,calibration_000442,226,middle,2,6,calibration_000442_t2_c6,little,little_0,3,1.5,1.0,225,121112.67,121112.671875,114061.140625,129283.90625,133498.359375,144003.890625,LO,3969841,5563577,calibration
calibration_calibration_000442_21,calibration_000442,396,high_degree,3,0,calibration_000442_t3_c0,big,big_0,1,1.4,0.98,395,159816.62,159816.625,168263.5625,185952.375,191161.34375,203359.21875,LO,3969841,5563577,calibration
calibration_calibration_000442_22,calibration_000442,396,high_degree,3,1,calibration_000442_t3_c1,little,little_1,1,0.9,0.86,395,290494.7,290494.6875,292339.03125,317577.9375,324792.28125,340981.25,LO,3969841,5563577,calibration
calibration_calibration_000442_23,calibration_000442,396,high_degree,3,2,calibration_000442_t3_c2,big,big_0,2,1.8,1.06,395,114132.266,114132.265625,115462.546875,130586.921875,134777.390625,145220.328125,LO,3969841,5563577,calibration
calibration_calibration_000442_24,calibration_000442,396,high_degree,3,3,calibration_000442_t3_c3,little,little_1,2,1.2,0.93,395,236690.48,236690.484375,252375.203125,275023.75,281645.84375,296577.40625,LO,3969841,5563577,calibration
calibration_calibration_000442_25,calibration_000442,396,high_degree,3,4,calibration_000442_t3_c4,big,big_0,3,2.2,1.15,395,99507.32,99507.3203125,100637.90625,115333.296875,119362.109375,129514.71875,LO,3969841,5563577,calibration
calibration_calibration_000442_26,calibration_000442,396,high_degree,3,5,calibration_000442_t3_c5,little,little_0,3,1.5,1.0,395,185303.75,185303.75,181997.140625,200444.53125,205920.40625,218599.15625,LO,3969841,5563577,calibration
calibration_calibration_000442_27,calibration_000442,396,high_degree,3,6,calibration_000442_t3_c6,big,big_1,0,1.0,0.9,395,224443.77,224443.765625,237080.21875,258717.578125,265066.75,279456.90625,LO,3969841,5563577,calibration
calibration_calibration_000442_28,calibration_000442,200,communication_heavy,4,0,calibration_000442_t4_c0,little,little_0,1,0.9,0.86,199,351907.38,351907.375,325005.625,352766.03125,360635.65625,378131.75,LO,3969841,5563577,calibration
calibration_calibration_000442_29,calibration_000442,200,communication_heavy,4,1,calibration_000442_t4_c1,big,big_1,2,1.8,1.06,199,138735.38,138735.375,140164.53125,156262.71875,160846.46875,171942.609375,LO,3969841,5563577,calibration
calibration_calibration_000442_30,calibration_000442,200,communication_heavy,4,2,calibration_000442_t4_c2,little,little_1,2,1.2,0.93,199,233539.5,233539.5,222718.359375,243388.828125,249457.5625,263299.8125,LO,3969841,5563577,calibration
calibration_calibration_000442_31,calibration_000442,200,communication_heavy,4,3,calibration_000442_t4_c3,big,big_1,3,2.2,1.15,199,146265.2,146265.203125,146447.09375,162941.859375,167672.515625,179033.3125,LO,3969841,5563577,calibration
calibration_calibration_000442_32,calibration_000442,200,communication_heavy,4,4,calibration_000442_t4_c4,little,little_1,3,1.5,1.0,199,228780.95,228780.953125,217249.265625,237628.46875,243636.96875,257346.046875,LO,3969841,5563577,calibration
calibration_calibration_000442_33,calibration_000442,200,communication_heavy,4,5,calibration_000442_t4_c5,big,big_0,0,1.0,0.9,199,240668.2,240668.203125,234025.6875,255462.78125,261747.09375,276022.96875,LO,3969841,5563577,calibration
calibration_calibration_000442_34,calibration_000442,200,communication_heavy,4,6,calibration_000442_t4_c6,little,little_1,0,0.6,0.8,199,505948.25,505948.25,498159.4375,538378.75,549842.25,572354.75,LO,3969841,5563577,calibration
calibration_calibration_000442_35,calibration_000442,32,random,5,0,calibration_000442_t5_c0,big,big_1,2,1.8,1.06,31,76396.18,76396.1796875,73096.890625,86980.90625,90848.3125,100446.75,LO,3969841,5563577,calibration
calibration_calibration_000442_36,calibration_000442,32,random,5,1,calibration_000442_t5_c1,little,little_1,2,1.2,0.93,31,200505.11,200505.109375,167020.1875,184694.59375,189936.78125,202192.15625,LO,3969841,5563577,calibration
calibration_calibration_000442_37,calibration_000442,32,random,5,2,calibration_000442_t5_c2,big,big_0,3,2.2,1.15,31,67399.51,67399.5078125,65719.46875,79311.765625,83130.75,92511.671875,LO,3969841,5563577,calibration
calibration_calibration_000442_38,calibration_000442,32,random,5,3,calibration_000442_t5_c3,little,little_1,3,1.5,1.0,31,153119.34,153119.34375,141082.765625,157365.578125,162022.21875,173263.65625,LO,3969841,5563577,calibration
calibration_calibration_000442_39,calibration_000442,32,random,5,4,calibration_000442_t5_c4,big,big_0,0,1.0,0.9,31,139434.66,139434.65625,131732.40625,147884.578125,152545.0625,163849.15625,LO,3969841,5563577,calibration
calibration_calibration_000442_40,calibration_000442,32,random,5,5,calibration_000442_t5_c5,little,little_1,0,0.6,0.8,31,355846.06,355846.0625,305676.03125,331645.25,338740.875,355247.6875,LO,3969841,5563577,calibration
calibration_calibration_000442_41,calibration_000442,32,random,5,6,calibration_000442_t5_c6,big,big_1,1,1.4,0.98,31,116273.484,116273.484375,108996.25,124118.078125,128295.90625,138748.609375,LO,3969841,5563577,calibration
calibration_calibration_000464_00,calibration_000464,12,source_like,0,0,calibration_000464_t0_c0,big,big_1,1,1.4,0.98,11,73649.664,73649.6640625,67078.390625,80872.09375,84767.640625,94310.921875,HI,1301129,1944164,calibration
calibration_calibration_000464_01,calibration_000464,12,source_like,0,1,calibration_000464_t0_c1,little,little_1,1,0.9,0.86,11,157586.12,157586.125,155437.21875,172932.21875,178150.4375,190430.625,HI,1301129,1944164,calibration
calibration_calibration_000464_02,calibration_000464,12,source_like,0,2,calibration_000464_t0_c2,big,big_1,2,1.8,1.06,11,54598.984,54598.984375,50328.703125,63306.984375,67081.875,76075.875,HI,1301129,1944164,calibration
calibration_calibration_000464_03,calibration_000464,12,source_like,0,3,calibration_000464_t0_c3,little,little_1,2,1.2,0.93,11,109174.86,109174.859375,107899.125,123132.921875,127371.265625,137938.125,HI,1301129,1944164,calibration
calibration_calibration_000464_04,calibration_000464,12,source_like,0,4,calibration_000464_t0_c4,big,big_0,3,2.2,1.15,11,47561.227,47561.2265625,45127.9375,57920.21875,61701.5,70610.03125,HI,1301129,1944164,calibration
calibration_calibration_000464_05,calibration_000464,12,source_like,0,5,calibration_000464_t0_c5,little,little_0,3,1.5,1.0,11,100102.95,100102.953125,91168.65625,105885.453125,109919.15625,120051.28125,HI,1301129,1944164,calibration
calibration_calibration_000464_06,calibration_000464,12,source_like,0,6,calibration_000464_t0_c6,big,big_0,0,1.0,0.9,11,93040.055,93040.0546875,89770.640625,104618.0,108745.515625,119052.359375,HI,1301129,1944164,calibration
calibration_calibration_000464_07,calibration_000464,107,sink_like,1,0,calibration_000464_t1_c0,little,little_0,1,0.9,0.86,106,501968.56,501968.5625,494126.03125,535814.25,547823.375,571584.875,HI,1301129,1944164,calibration
calibration_calibration_000464_08,calibration_000464,107,sink_like,1,1,calibration_000464_t1_c1,big,big_0,2,1.8,1.06,106,222293.48,222293.484375,235631.96875,257339.90625,263764.65625,278291.9375,HI,1301129,1944164,calibration
calibration_calibration_000464_09,calibration_000464,107,sink_like,1,2,calibration_000464_t1_c2,little,little_0,2,1.2,0.93,106,444392.6,444392.59375,456122.1875,495188.375,506408.5625,529327.375,HI,1301129,1944164,calibration
calibration_calibration_000464_10,calibration_000464,107,sink_like,1,3,calibration_000464_t1_c3,big,big_0,3,2.2,1.15,106,221158.25,221158.25,222201.1875,243150.625,249406.9375,263591.15625,HI,1301129,1944164,calibration
calibration_calibration_000464_11,calibration_000464,107,sink_like,1,4,calibration_000464_t1_c4,little,little_1,3,1.5,1.0,106,265725.94,265725.9375,288734.9375,313832.9375,321054.40625,337228.1875,HI,1301129,1944164,calibration
calibration_calibration_000464_12,calibration_000464,107,sink_like,1,5,calibration_000464_t1_c5,big,big_1,0,1.0,0.9,106,334881.44,334881.4375,366977.6875,398159.15625,406958.25,426174.9375,HI,1301129,1944164,calibration
calibration_calibration_000464_13,calibration_000464,107,sink_like,1,6,calibration_000464_t1_c6,little,little_0,0,0.6,0.8,106,564408.06,564408.0625,577509.75,623491.1875,636917.4375,661200.0625,HI,1301129,1944164,calibration
calibration_calibration_000464_14,calibration_000464,48,middle,2,0,calibration_000464_t2_c0,big,big_1,2,1.8,1.06,47,168475.44,168475.4375,162762.234375,180101.09375,185169.59375,197116.75,HI,1301129,1944164,calibration
calibration_calibration_000464_15,calibration_000464,48,middle,2,1,calibration_000464_t2_c1,little,little_0,2,1.2,0.93,47,223757.89,223757.890625,231519.296875,252834.453125,259107.53125,273345.75,HI,1301129,1944164,calibration
calibration_calibration_000464_16,calibration_000464,48,middle,2,2,calibration_000464_t2_c2,big,big_0,3,2.2,1.15,47,157890.8,157890.796875,155479.0625,172478.65625,177410.140625,189123.625,HI,1301129,1944164,calibration
calibration_calibration_000464_17,calibration_000464,48,middle,2,3,calibration_000464_t2_c3,little,little_0,3,1.5,1.0,47,220886.56,220886.5625,218173.265625,238649.0,244697.671875,258481.390625,HI,1301129,1944164,calibration
calibration_calibration_000464_18,calibration_000464,48,middle,2,4,calibration_000464_t2_c4,big,big_0,0,1.0,0.9,47,265386.28,265386.28125,283736.96875,308459.96875,315556.1875,331511.46875,HI,1301129,1944164,calibration
calibration_calibration_000464_19,calibration_000464,48,middle,2,5,calibration_000464_t2_c5,little,little_1,0,0.6,0.8,47,551868.06,551868.0625,528683.875,570952.625,583077.75,606154.125,HI,1301129,1944164,calibration
calibration_calibration_000464_20,calibration_000464,48,middle,2,6,calibration_000464_t2_c6,big,big_0,1,1.4,0.98,47,203456.62,203456.625,198097.84375,217444.640625,223193.546875,236390.15625,HI,1301129,1944164,calibration
calibration_calibration_000464_21,calibration_000464,53,communication_heavy,3,0,calibration_000464_t3_c0,little,little_0,2,1.2,0.93,52,361606.88,361606.875,365097.90625,396149.0625,404921.6875,424072.84375,HI,1301129,1944164,calibration
calibration_calibration_000464_22,calibration_000464,53,communication_heavy,3,1,calibration_000464_t3_c1,big,big_1,3,2.2,1.15,52,241312.61,241312.609375,236156.5,257921.34375,264376.0625,278958.0625,HI,1301129,1944164,calibration
calibration_calibration_000464_23,calibration_000464,53,communication_heavy,3,2,calibration_000464_t3_c2,little,little_0,3,1.5,1.0,52,323644.94,323644.9375,350456.5625,380349.875,388810.875,407402.0625,HI,1301129,1944164,calibration
calibration_calibration_000464_24,calibration_000464,53,communication_heavy,3,3,calibration_000464_t3_c3,big,big_1,0,1.0,0.9,52,377767.12,377767.125,396111.40625,429791.625,439316.0,459740.15625,HI,1301129,1944164,calibration
calibration_calibration_000464_25,calibration_000464,53,communication_heavy,3,4,calibration_000464_t3_c4,little,little_0,0,0.6,0.8,52,808784.44,808784.4375,767558.625,832471.1875,852051.9375,886001.6875,HI,1301129,1944164,calibration
calibration_calibration_000464_26,calibration_000464,53,communication_heavy,3,5,calibration_000464_t3_c5,big,big_1,1,1.4,0.98,52,262095.8,262095.796875,256810.28125,279734.0,286406.0,301467.53125,HI,1301129,1944164,calibration
calibration_calibration_000464_27,calibration_000464,53,communication_heavy,3,6,calibration_000464_t3_c6,little,little_0,1,0.9,0.86,52,557813.8,557813.8125,567636.0,615506.25,629638.125,655739.1875,HI,1301129,1944164,calibration
calibration_calibration_000464_28,calibration_000464,76,random,4,0,calibration_000464_t4_c0,big,big_1,3,2.2,1.15,75,121182.81,121182.8125,118956.546875,134297.34375,138533.890625,149073.25,HI,1301129,1944164,calibration
calibration_calibration_000464_29,calibration_000464,76,random,4,1,calibration_000464_t4_c1,little,little_1,3,1.5,1.0,75,181747.73,181747.734375,169332.765625,187010.484375,192206.4375,204378.90625,HI,1301129,1944164,calibration
calibration_calibration_000464_30,calibration_000464,76,random,4,2,calibration_000464_t4_c2,big,big_0,0,1.0,0.9,75,223714.25,223714.25,212308.734375,232496.875,238490.703125,252164.84375,HI,1301129,1944164,calibration
calibration_calibration_000464_31,calibration_000464,76,random,4,3,calibration_000464_t4_c3,little,little_0,0,0.6,0.8,75,373876.2,373876.1875,355604.34375,384627.5,392508.21875,410212.625,HI,1301129,1944164,calibration
calibration_calibration_000464_32,calibration_000464,76,random,4,4,calibration_000464_t4_c4,big,big_0,1,1.4,0.98,75,168977.69,168977.6875,162252.46875,179582.0,184657.75,196617.5625,HI,1301129,1944164,calibration
calibration_calibration_000464_33,calibration_000464,76,random,4,5,calibration_000464_t4_c5,little,little_0,1,0.9,0.86,75,279786.28,279786.28125,266395.03125,289911.5625,296704.875,312044.40625,HI,1301129,1944164,calibration
calibration_calibration_000464_34,calibration_000464,76,random,4,6,calibration_000464_t4_c6,big,big_0,2,1.8,1.06,75,141526.9,141526.90625,134586.703125,150523.21875,155025.09375,165998.78125,HI,1301129,1944164,calibration
calibration_calibration_000464_35,calibration_000464,8,diverse_fill_1,5,0,calibration_000464_t5_c0,little,little_1,3,1.5,1.0,7,134861.64,134861.640625,131405.828125,147208.34375,151657.546875,162540.5625,HI,1301129,1944164,calibration
calibration_calibration_000464_36,calibration_000464,8,diverse_fill_1,5,1,calibration_000464_t5_c1,big,big_0,0,1.0,0.9,7,125928.09,125928.09375,126068.75,141816.984375,146297.53125,157258.25,HI,1301129,1944164,calibration
calibration_calibration_000464_37,calibration_000464,8,diverse_fill_1,5,2,calibration_000464_t5_c2,little,little_0,0,0.6,0.8,7,310809.9,310809.90625,297332.65625,322969.59375,330072.09375,346508.6875,HI,1301129,1944164,calibration
calibration_calibration_000464_38,calibration_000464,8,diverse_fill_1,5,3,calibration_000464_t5_c3,big,big_0,1,1.4,0.98,7,89901.46,89901.4609375,86130.46875,100589.6875,104586.6875,114596.171875,HI,1301129,1944164,calibration
calibration_calibration_000464_39,calibration_000464,8,diverse_fill_1,5,4,calibration_000464_t5_c4,little,little_1,1,0.9,0.86,7,197424.6,197424.59375,196981.71875,216842.59375,222902.03125,236698.765625,HI,1301129,1944164,calibration
calibration_calibration_000464_40,calibration_000464,8,diverse_fill_1,5,5,calibration_000464_t5_c5,big,big_1,2,1.8,1.06,7,77753.05,77753.046875,69533.0625,83350.78125,87216.015625,96748.25,HI,1301129,1944164,calibration
calibration_calibration_000464_41,calibration_000464,8,diverse_fill_1,5,6,calibration_000464_t5_c6,little,little_1,2,1.2,0.93,7,158981.94,158981.9375,155686.875,172702.953125,177706.125,189519.421875,HI,1301129,1944164,calibration
calibration_calibration_000487_00,calibration_000487,14,source_like,0,0,calibration_000487_t0_c0,big,big_0,0,1.0,0.9,13,71174.55,71174.546875,70456.78125,84550.703125,88534.5625,98308.890625,LO,1069460,1352092,calibration
calibration_calibration_000487_01,calibration_000487,14,source_like,0,1,calibration_000487_t0_c1,little,little_1,0,0.6,0.8,13,175546.5,175546.5,163339.46875,181934.71875,187593.171875,200749.125,LO,1069460,1352092,calibration
calibration_calibration_000487_02,calibration_000487,14,source_like,0,2,calibration_000487_t0_c2,big,big_0,1,1.4,0.98,13,51620.05,51620.05078125,56800.234375,70221.453125,74113.109375,83455.875,LO,1069460,1352092,calibration
calibration_calibration_000487_03,calibration_000487,14,source_like,0,3,calibration_000487_t0_c3,little,little_0,1,0.9,0.86,13,123784.625,123784.625,119963.921875,135787.75,140331.5625,151460.6875,LO,1069460,1352092,calibration
calibration_calibration_000487_04,calibration_000487,14,source_like,0,4,calibration_000487_t0_c4,big,big_0,2,1.8,1.06,13,41764.293,41764.29296875,42558.921875,55310.609375,59123.234375,68037.859375,LO,1069460,1352092,calibration
calibration_calibration_000487_05,calibration_000487,14,source_like,0,5,calibration_000487_t0_c5,little,little_0,2,1.2,0.93,13,91477.75,91477.75,94411.359375,109380.1875,113546.578125,123971.984375,LO,1069460,1352092,calibration
calibration_calibration_000487_06,calibration_000487,14,source_like,0,6,calibration_000487_t0_c6,big,big_1,3,2.2,1.15,13,31355.94,31355.939453125,35373.53125,47845.015625,51620.1875,60313.578125,LO,1069460,1352092,calibration
calibration_calibration_000487_07,calibration_000487,97,sink_like,1,0,calibration_000487_t1_c0,little,little_0,0,0.6,0.8,96,771329.0,771329.0,745994.5,807878.75,826673.4375,858543.875,LO,1069460,1352092,calibration
calibration_calibration_000487_08,calibration_000487,97,sink_like,1,1,calibration_000487_t1_c1,big,big_0,1,1.4,0.98,96,281226.25,281226.25,297148.6875,322837.875,330196.125,346666.75,LO,1069460,1352092,calibration
calibration_calibration_000487_09,calibration_000487,97,sink_like,1,2,calibration_000487_t1_c2,little,little_0,1,0.9,0.86,96,694237.7,694237.6875,691569.0,751639.0,769849.375,801636.75,LO,1069460,1352092,calibration
calibration_calibration_000487_10,calibration_000487,97,sink_like,1,3,calibration_000487_t1_c3,big,big_0,2,1.8,1.06,96,205468.66,205468.65625,210278.953125,230366.390625,236328.875,249939.765625,LO,1069460,1352092,calibration
calibration_calibration_000487_11,calibration_000487,97,sink_like,1,4,calibration_000487_t1_c4,little,little_0,2,1.2,0.93,96,477199.16,477199.15625,457820.8125,496922.25,508140.125,531033.8125,LO,1069460,1352092,calibration
calibration_calibration_000487_12,calibration_000487,97,sink_like,1,5,calibration_000487_t1_c5,big,big_0,3,2.2,1.15,96,255262.64,255262.640625,251591.1875,274297.71875,280974.5625,296020.28125,LO,1069460,1352092,calibration
calibration_calibration_000487_13,calibration_000487,97,sink_like,1,6,calibration_000487_t1_c6,little,little_0,3,1.5,1.0,96,344584.6,344584.59375,346703.125,376263.4375,384632.46875,403056.0625,LO,1069460,1352092,calibration
calibration_calibration_000487_14,calibration_000487,62,middle,2,0,calibration_000487_t2_c0,big,big_1,1,1.4,0.98,61,124969.99,124969.9921875,149553.71875,166246.65625,171071.1875,182597.25,LO,1069460,1352092,calibration
calibration_calibration_000487_15,calibration_000487,62,middle,2,1,calibration_000487_t2_c1,little,little_1,1,0.9,0.86,61,244044.78,244044.78125,269938.71875,293689.96875,300539.09375,315996.1875,LO,1069460,1352092,calibration
calibration_calibration_000487_16,calibration_000487,62,middle,2,2,calibration_000487_t2_c2,big,big_1,2,1.8,1.06,61,86553.18,86553.1796875,95942.703125,110508.484375,114504.40625,124580.46875,LO,1069460,1352092,calibration
calibration_calibration_000487_17,calibration_000487,62,middle,2,3,calibration_000487_t2_c3,little,little_1,2,1.2,0.93,61,206397.56,206397.5625,219492.875,240103.640625,246209.5,260099.703125,LO,1069460,1352092,calibration
calibration_calibration_000487_18,calibration_000487,62,middle,2,4,calibration_000487_t2_c4,big,big_0,3,2.2,1.15,61,77592.84,77592.84375,96025.421875,110664.609375,114661.71875,124748.046875,LO,1069460,1352092,calibration
calibration_calibration_000487_19,calibration_000487,62,middle,2,5,calibration_000487_t2_c5,little,little_1,3,1.5,1.0,61,149209.33,149209.328125,162475.375,179822.65625,184904.609375,196876.09375,LO,1069460,1352092,calibration
calibration_calibration_000487_20,calibration_000487,62,middle,2,6,calibration_000487_t2_c6,big,big_1,0,1.0,0.9,61,149043.5,149043.5,166781.46875,184524.75,189805.25,202144.5,LO,1069460,1352092,calibration
calibration_calibration_000487_21,calibration_000487,120,communication_heavy,3,0,calibration_000487_t3_c0,little,little_1,1,0.9,0.86,119,573038.44,573038.4375,556905.0,603747.0,617513.875,643163.9375,LO,1069460,1352092,calibration
calibration_calibration_000487_22,calibration_000487,120,communication_heavy,3,1,calibration_000487_t3_c1,big,big_1,2,1.8,1.06,119,365535.22,365535.21875,352951.25,383044.0625,391554.84375,410252.75,LO,1069460,1352092,calibration
calibration_calibration_000487_23,calibration_000487,120,communication_heavy,3,2,calibration_000487_t3_c2,little,little_0,2,1.2,0.93,119,468127.62,468127.625,446595.65625,484702.875,495598.0,518047.75,LO,1069460,1352092,calibration
calibration_calibration_000487_24,calibration_000487,120,communication_heavy,3,3,calibration_000487_t3_c3,big,big_1,3,2.2,1.15,119,295003.2,295003.1875,271774.59375,295773.25,302748.75,318417.84375,LO,1069460,1352092,calibration
calibration_calibration_000487_25,calibration_000487,120,communication_heavy,3,4,calibration_000487_t3_c4,little,little_1,3,1.5,1.0,119,304338.78,304338.78125,294921.84375,320457.75,327781.1875,344166.6875,LO,1069460,1352092,calibration
calibration_calibration_000487_26,calibration_000487,120,communication_heavy,3,5,calibration_000487_t3_c5,big,big_1,0,1.0,0.9,119,398709.72,398709.71875,374045.3125,405800.75,414757.0625,434247.375,LO,1069460,1352092,calibration
calibration_calibration_000487_27,calibration_000487,120,communication_heavy,3,6,calibration_000487_t3_c6,little,little_0,0,0.6,0.8,119,878599.3,878599.3125,812246.8125,882080.1875,902622.1875,939983.375,LO,1069460,1352092,calibration
calibration_calibration_000487_28,calibration_000487,115,random,4,0,calibration_000487_t4_c0,big,big_1,2,1.8,1.06,114,78738.31,78738.3125,80516.78125,94765.28125,98702.046875,108534.03125,LO,1069460,1352092,calibration
calibration_calibration_000487_29,calibration_000487,115,random,4,1,calibration_000487_t4_c1,little,little_1,2,1.2,0.93,114,133889.7,133889.703125,142956.8125,159393.765625,164141.875,175547.75,LO,1069460,1352092,calibration
calibration_calibration_000487_30,calibration_000487,115,random,4,2,calibration_000487_t4_c2,big,big_0,3,2.2,1.15,114,52632.176,52632.17578125,58512.671875,71773.5,75544.734375,84699.21875,LO,1069460,1352092,calibration
calibration_calibration_000487_31,calibration_000487,115,random,4,3,calibration_000487_t4_c3,little,little_0,3,1.5,1.0,114,123288.9,123288.8984375,130127.828125,145944.46875,150404.453125,161322.65625,LO,1069460,1352092,calibration
calibration_calibration_000487_32,calibration_000487,115,random,4,4,calibration_000487_t4_c4,big,big_0,0,1.0,0.9,114,123597.734,123597.734375,138474.28125,154970.265625,159778.34375,171343.6875,LO,1069460,1352092,calibration
calibration_calibration_000487_33,calibration_000487,115,random,4,5,calibration_000487_t4_c5,little,little_1,0,0.6,0.8,114,230983.2,230983.203125,235241.0,258299.578125,265268.75,281138.25,LO,1069460,1352092,calibration
calibration_calibration_000487_34,calibration_000487,115,random,4,6,calibration_000487_t4_c6,big,big_1,1,1.4,0.98,114,87894.32,87894.3203125,96280.140625,111107.578125,115193.328125,125451.75,LO,1069460,1352092,calibration
calibration_calibration_000487_35,calibration_000487,36,diverse_fill_1,5,0,calibration_000487_t5_c0,little,little_1,2,1.2,0.93,35,232371.3,232371.296875,218729.859375,239332.96875,245460.3125,259373.171875,LO,1069460,1352092,calibration
calibration_calibration_000487_36,calibration_000487,36,diverse_fill_1,5,1,calibration_000487_t5_c1,big,big_1,3,2.2,1.15,35,87885.75,87885.75,84793.9375,99007.90625,102920.0625,112761.625,LO,1069460,1352092,calibration
calibration_calibration_000487_37,calibration_000487,36,diverse_fill_1,5,2,calibration_000487_t5_c2,little,little_0,3,1.5,1.0,35,210775.77,210775.765625,197273.4375,216558.484375,222292.5625,235449.796875,LO,1069460,1352092,calibration
calibration_calibration_000487_38,calibration_000487,36,diverse_fill_1,5,3,calibration_000487_t5_c3,big,big_0,0,1.0,0.9,35,197254.16,197254.15625,196081.71875,215391.890625,221168.546875,234407.859375,LO,1069460,1352092,calibration
calibration_calibration_000487_39,calibration_000487,36,diverse_fill_1,5,4,calibration_000487_t5_c4,little,little_0,0,0.6,0.8,35,411197.06,411197.0625,409740.875,442546.3125,451569.1875,470943.65625,LO,1069460,1352092,calibration
calibration_calibration_000487_40,calibration_000487,36,diverse_fill_1,5,5,calibration_000487_t5_c5,big,big_1,1,1.4,0.98,35,162549.2,162549.203125,147603.21875,164166.71875,168937.078125,180365.3125,LO,1069460,1352092,calibration
calibration_calibration_000487_41,calibration_000487,36,diverse_fill_1,5,6,calibration_000487_t5_c6,little,little_1,1,0.9,0.86,35,376796.94,376796.9375,333185.96875,361528.375,369546.0,387303.125,LO,1069460,1352092,calibration
calibration_calibration_000535_00,calibration_000535,7,source_like,0,0,calibration_000535_t0_c0,little,little_1,2,1.2,0.93,6,68210.76,68210.7578125,65883.296875,79722.015625,83632.90625,93181.375,HI,2512574,3425192,calibration
calibration_calibration_000535_01,calibration_000535,7,source_like,0,1,calibration_000535_t0_c1,big,big_0,3,2.2,1.15,6,29565.03,29565.029296875,28973.8125,41445.78125,45344.3125,54160.5625,HI,2512574,3425192,calibration
calibration_calibration_000535_02,calibration_000535,7,source_like,0,2,calibration_000535_t0_c2,little,little_0,3,1.5,1.0,6,54975.082,54975.08203125,50449.9375,63513.375,67329.453125,76403.953125,HI,2512574,3425192,calibration
calibration_calibration_000535_03,calibration_000535,7,source_like,0,3,calibration_000535_t0_c3,big,big_1,0,1.0,0.9,6,58644.06,58644.05859375,55058.171875,68478.078125,72408.5625,81795.28125,HI,2512574,3425192,calibration
calibration_calibration_000535_04,calibration_000535,7,source_like,0,4,calibration_000535_t0_c4,little,little_1,0,0.6,0.8,6,137825.23,137825.234375,134314.359375,151457.875,156613.96875,168934.1875,HI,2512574,3425192,calibration
calibration_calibration_000535_05,calibration_000535,7,source_like,0,5,calibration_000535_t0_c5,big,big_0,1,1.4,0.98,6,41700.86,41700.859375,38473.5625,51136.078125,54977.4375,63866.0625,HI,2512574,3425192,calibration
calibration_calibration_000535_06,calibration_000535,7,source_like,0,6,calibration_000535_t0_c6,little,little_1,1,0.9,0.86,6,100267.266,100267.265625,93787.234375,109001.1875,113363.953125,124174.171875,HI,2512574,3425192,calibration
calibration_calibration_000535_07,calibration_000535,58,sink_like,1,0,calibration_000535_t1_c0,big,big_0,3,2.2,1.15,57,126370.85,126370.8515625,123595.546875,139033.78125,143330.875,153957.25,HI,2512574,3425192,calibration
calibration_calibration_000535_08,calibration_000535,58,sink_like,1,1,calibration_000535_t1_c1,little,little_1,3,1.5,1.0,57,187888.89,187888.890625,182239.4375,200558.5625,205954.15625,218494.1875,HI,2512574,3425192,calibration
calibration_calibration_000535_09,calibration_000535,58,sink_like,1,2,calibration_000535_t1_c2,big,big_1,0,1.0,0.9,57,217432.67,217432.671875,227911.125,249011.515625,255228.015625,269356.0,HI,2512574,3425192,calibration
calibration_calibration_000535_10,calibration_000535,58,sink_like,1,3,calibration_000535_t1_c3,little,little_0,0,0.6,0.8,57,446940.1,446940.09375,457983.875,494973.5,505379.5,526672.8125,HI,2512574,3425192,calibration
calibration_calibration_000535_11,calibration_000535,58,sink_like,1,4,calibration_000535_t1_c4,big,big_1,1,1.4,0.98,57,180972.33,180972.328125,189438.203125,208296.96875,213906.125,226833.09375,HI,2512574,3425192,calibration
calibration_calibration_000535_12,calibration_000535,58,sink_like,1,5,calibration_000535_t1_c5,little,little_1,1,0.9,0.86,57,267128.4,267128.40625,272551.34375,296466.6875,303354.4375,318889.625,HI,2512574,3425192,calibration
calibration_calibration_000535_13,calibration_000535,58,sink_like,1,6,calibration_000535_t1_c6,big,big_0,2,1.8,1.06,57,138853.42,138853.421875,141681.78125,157900.25,162525.78125,173700.25,HI,2512574,3425192,calibration
calibration_calibration_000535_14,calibration_000535,63,middle,2,0,calibration_000535_t2_c0,little,little_1,3,1.5,1.0,62,230480.73,230480.734375,236366.484375,258010.109375,264384.5,278812.5,HI,2512574,3425192,calibration
calibration_calibration_000535_15,calibration_000535,63,middle,2,1,calibration_000535_t2_c1,big,big_1,0,1.0,0.9,62,341407.3,341407.3125,332876.25,361296.375,369346.1875,387191.625,HI,2512574,3425192,calibration
calibration_calibration_000535_16,calibration_000535,63,middle,2,2,calibration_000535_t2_c2,little,little_1,0,0.6,0.8,62,591625.4,591625.375,619582.125,668719.375,683279.875,708523.875,HI,2512574,3425192,calibration
calibration_calibration_000535_17,calibration_000535,63,middle,2,3,calibration_000535_t2_c3,big,big_0,1,1.4,0.98,62,206712.88,206712.875,218269.203125,238877.0625,245002.828125,258927.578125,HI,2512574,3425192,calibration
calibration_calibration_000535_18,calibration_000535,63,middle,2,4,calibration_000535_t2_c4,little,little_0,1,0.9,0.86,62,464313.88,464313.875,466277.125,505772.28125,517080.5,540020.875,HI,2512574,3425192,calibration
calibration_calibration_000535_19,calibration_000535,63,middle,2,5,calibration_000535_t2_c5,big,big_0,2,1.8,1.06,62,175760.38,175760.375,189047.28125,207979.578125,213626.0625,226629.890625,HI,2512574,3425192,calibration
calibration_calibration_000535_20,calibration_000535,63,middle,2,6,calibration_000535_t2_c6,little,little_0,2,1.2,0.93,62,253095.48,253095.484375,263510.71875,286880.875,293672.53125,308969.59375,HI,2512574,3425192,calibration
calibration_calibration_000535_21,calibration_000535,13,high_degree,3,0,calibration_000535_t3_c0,big,big_0,0,1.0,0.9,12,316980.16,316980.15625,336475.34375,365194.53125,373328.21875,391323.75,HI,2512574,3425192,calibration
calibration_calibration_000535_22,calibration_000535,13,high_degree,3,1,calibration_000535_t3_c1,little,little_0,0,0.6,0.8,12,578210.9,578210.875,595931.6875,643151.125,657005.125,681608.625,HI,2512574,3425192,calibration
calibration_calibration_000535_23,calibration_000535,13,high_degree,3,2,calibration_000535_t3_c2,big,big_1,1,1.4,0.98,12,201274.06,201274.0625,207861.25,227852.84375,233805.9375,247396.40625,HI,2512574,3425192,calibration
calibration_calibration_000535_24,calibration_000535,13,high_degree,3,3,calibration_000535_t3_c3,little,little_1,1,0.9,0.86,12,414863.7,414863.6875,422884.6875,458536.625,468624.875,489862.75,HI,2512574,3425192,calibration
calibration_calibration_000535_25,calibration_000535,13,high_degree,3,4,calibration_000535_t3_c4,big,big_0,2,1.8,1.06,12,207460.25,207460.25,212868.21875,233193.328125,239260.375,253064.34375,HI,2512574,3425192,calibration
calibration_calibration_000535_26,calibration_000535,13,high_degree,3,5,calibration_000535_t3_c5,little,little_0,2,1.2,0.93,12,299516.7,299516.6875,303645.0625,329799.1875,337274.46875,353969.25,HI,2512574,3425192,calibration
calibration_calibration_000535_27,calibration_000535,13,high_degree,3,6,calibration_000535_t3_c6,big,big_1,3,2.2,1.15,12,157157.62,157157.625,160858.984375,178208.5625,183282.828125,195254.46875,HI,2512574,3425192,calibration
calibration_calibration_000535_28,calibration_000535,109,random,4,0,calibration_000535_t4_c0,little,little_0,0,0.6,0.8,108,284431.16,284431.15625,252423.390625,276687.96875,283937.1875,300533.03125,HI,2512574,3425192,calibration
calibration_calibration_000535_29,calibration_000535,109,random,4,1,calibration_000535_t4_c1,big,big_0,1,1.4,0.98,108,87227.88,87227.8828125,81821.453125,96185.921875,100180.3125,110141.34375,HI,2512574,3425192,calibration
calibration_calibration_000535_30,calibration_000535,109,random,4,2,calibration_000535_t4_c2,little,little_1,1,0.9,0.86,108,190437.7,190437.703125,170051.40625,188582.75,194215.390625,207270.34375,HI,2512574,3425192,calibration
calibration_calibration_000535_31,calibration_000535,109,random,4,3,calibration_000535_t4_c3,big,big_0,2,1.8,1.06,108,73376.164,73376.1640625,67176.875,80885.40625,84750.1875,94241.953125,HI,2512574,3425192,calibration
calibration_calibration_000535_32,calibration_000535,109,random,4,4,calibration_000535_t4_c4,little,little_1,2,1.2,0.93,108,144312.81,144312.8125,132408.96875,148457.4375,153061.15625,164236.453125,HI,2512574,3425192,calibration
calibration_calibration_000535_33,calibration_000535,109,random,4,5,calibration_000535_t4_c5,big,big_0,3,2.2,1.15,108,61513.05,61513.05078125,57324.6875,70592.828125,74398.015625,83595.015625,HI,2512574,3425192,calibration
calibration_calibration_000535_34,calibration_000535,109,random,4,6,calibration_000535_t4_c6,little,little_0,3,1.5,1.0,108,116517.12,116517.1171875,108682.078125,123799.5,127979.828125,138433.75,HI,2512574,3425192,calibration
calibration_calibration_000535_35,calibration_000535,80,diverse_fill_1,5,0,calibration_000535_t5_c0,big,big_0,1,1.4,0.98,79,64660.742,64660.7421875,77963.0625,92166.984375,96123.859375,105964.75,HI,2512574,3425192,calibration
calibration_calibration_000535_36,calibration_000535,80,diverse_fill_1,5,1,calibration_000535_t5_c1,little,little_1,1,0.9,0.86,79,140166.4,140166.40625,156117.359375,173633.6875,178848.015625,191127.625,HI,2512574,3425192,calibration
calibration_calibration_000535_37,calibration_000535,80,diverse_fill_1,5,2,calibration_000535_t5_c2,big,big_0,2,1.8,1.06,79,61155.668,61155.66796875,69571.265625,83383.6875,87271.96875,96851.0625,HI,2512574,3425192,calibration
calibration_calibration_000535_38,calibration_000535,80,diverse_fill_1,5,3,calibration_000535_t5_c3,little,little_1,2,1.2,0.93,79,97436.45,97436.453125,114261.890625,129626.859375,133920.265625,144580.140625,HI,2512574,3425192,calibration
calibration_calibration_000535_39,calibration_000535,80,diverse_fill_1,5,4,calibration_000535_t5_c4,big,big_0,3,2.2,1.15,79,56520.094,56520.09375,59358.078125,72707.546875,76528.796875,85798.5625,HI,2512574,3425192,calibration
calibration_calibration_000535_40,calibration_000535,80,diverse_fill_1,5,5,calibration_000535_t5_c5,little,little_0,3,1.5,1.0,79,87229.93,87229.9296875,104862.40625,119873.765625,124016.40625,134401.578125,HI,2512574,3425192,calibration
calibration_calibration_000535_41,calibration_000535,80,diverse_fill_1,5,6,calibration_000535_t5_c6,big,big_1,0,1.0,0.9,79,83679.836,83679.8359375,101959.296875,117134.5,121358.515625,131910.515625,HI,2512574,3425192,calibration
calibration_calibration_000581_00,calibration_000581,12,source_like,0,0,calibration_000581_t0_c0,big,big_0,2,1.8,1.06,11,37997.33,37997.328125,39136.5625,51746.53125,55533.0,64323.921875,LO,7853573,11251601,calibration
calibration_calibration_000581_01,calibration_000581,12,source_like,0,1,calibration_000581_t0_c1,little,little_1,2,1.2,0.93,11,91194.984,91194.984375,88415.90625,103182.78125,107274.84375,117502.6875,LO,7853573,11251601,calibration
calibration_calibration_000581_02,calibration_000581,12,source_like,0,2,calibration_000581_t0_c2,big,big_0,3,2.2,1.15,11,32112.46,32112.4609375,35742.15625,48290.140625,52116.5625,60926.140625,LO,7853573,11251601,calibration
calibration_calibration_000581_03,calibration_000581,12,source_like,0,3,calibration_000581_t0_c3,little,little_1,3,1.5,1.0,11,70540.93,70540.9296875,74866.125,89133.921875,93102.671875,102910.765625,LO,7853573,11251601,calibration
calibration_calibration_000581_04,calibration_000581,12,source_like,0,4,calibration_000581_t0_c4,big,big_1,0,1.0,0.9,11,69395.664,69395.6640625,72317.234375,86557.28125,90583.828125,100472.359375,LO,7853573,11251601,calibration
calibration_calibration_000581_05,calibration_000581,12,source_like,0,5,calibration_000581_t0_c5,little,little_1,0,0.6,0.8,11,167979.83,167979.828125,165038.421875,183746.4375,189460.125,202721.3125,LO,7853573,11251601,calibration
calibration_calibration_000581_06,calibration_000581,12,source_like,0,6,calibration_000581_t0_c6,big,big_0,1,1.4,0.98,11,50561.637,50561.63671875,53606.609375,66857.140625,70719.90625,79945.71875,LO,7853573,11251601,calibration
calibration_calibration_000581_07,calibration_000581,445,sink_like,1,0,calibration_000581_t1_c0,little,little_0,2,1.2,0.93,444,463564.38,463564.375,436523.25,473769.0,484396.125,506472.96875,LO,7853573,11251601,calibration
calibration_calibration_000581_08,calibration_000581,445,sink_like,1,1,calibration_000581_t1_c1,big,big_1,3,2.2,1.15,444,234087.55,234087.546875,226849.8125,248054.359375,254372.265625,268676.40625,LO,7853573,11251601,calibration
calibration_calibration_000581_09,calibration_000581,445,sink_like,1,2,calibration_000581_t1_c2,little,little_1,3,1.5,1.0,444,385560.16,385560.15625,388163.75,421296.84375,430677.375,450869.125,LO,7853573,11251601,calibration
calibration_calibration_000581_10,calibration_000581,445,sink_like,1,3,calibration_000581_t1_c3,big,big_1,0,1.0,0.9,444,328492.3,328492.3125,328972.375,357004.8125,364938.84375,382575.75,LO,7853573,11251601,calibration
calibration_calibration_000581_11,calibration_000581,445,sink_like,1,4,calibration_000581_t1_c4,little,little_1,0,0.6,0.8,444,727308.94,727308.9375,716335.625,774737.875,792483.75,822259.3125,LO,7853573,11251601,calibration
calibration_calibration_000581_12,calibration_000581,445,sink_like,1,5,calibration_000581_t1_c5,big,big_0,1,1.4,0.98,444,344952.3,344952.3125,342612.40625,371804.65625,380061.0625,398295.0625,LO,7853573,11251601,calibration
calibration_calibration_000581_13,calibration_000581,445,sink_like,1,6,calibration_000581_t1_c6,little,little_0,1,0.9,0.86,444,524997.06,524997.0625,497330.5,539162.625,551202.125,574965.625,LO,7853573,11251601,calibration
calibration_calibration_000581_14,calibration_000581,220,middle,2,0,calibration_000581_t2_c0,big,big_1,3,2.2,1.15,219,105126.8,105126.796875,109548.859375,124516.671875,128620.453125,138923.84375,LO,7853573,11251601,calibration
calibration_calibration_000581_15,calibration_000581,220,middle,2,1,calibration_000581_t2_c1,little,little_1,3,1.5,1.0,219,145094.2,145094.203125,149271.03125,165775.53125,170523.015625,181897.9375,LO,7853573,11251601,calibration
calibration_calibration_000581_16,calibration_000581,220,middle,2,2,calibration_000581_t2_c2,big,big_0,0,1.0,0.9,219,185151.69,185151.6875,196945.71875,216249.25,221994.4375,235192.125,LO,7853573,11251601,calibration
calibration_calibration_000581_17,calibration_000581,220,middle,2,3,calibration_000581_t2_c3,little,little_1,0,0.6,0.8,219,331212.06,331212.0625,341736.3125,370164.5625,377972.875,395569.90625,LO,7853573,11251601,calibration
calibration_calibration_000581_18,calibration_000581,220,middle,2,4,calibration_000581_t2_c4,big,big_1,1,1.4,0.98,219,161229.23,161229.234375,176147.71875,194229.15625,199583.03125,212036.71875,LO,7853573,11251601,calibration
calibration_calibration_000581_19,calibration_000581,220,middle,2,5,calibration_000581_t2_c5,little,little_1,1,0.9,0.86,219,277323.88,277323.875,281811.46875,306356.25,313392.03125,329238.0625,LO,7853573,11251601,calibration
calibration_calibration_000581_20,calibration_000581,220,middle,2,6,calibration_000581_t2_c6,big,big_1,2,1.8,1.06,219,137744.97,137744.96875,145325.09375,161760.78125,166470.234375,177794.53125,LO,7853573,11251601,calibration
calibration_calibration_000581_21,calibration_000581,177,high_degree,3,0,calibration_000581_t3_c0,little,little_0,3,1.5,1.0,176,336793.12,336793.125,343242.5625,372552.09375,380857.0625,399159.0625,LO,7853573,11251601,calibration
calibration_calibration_000581_22,calibration_000581,177,high_degree,3,1,calibration_000581_t3_c1,big,big_1,0,1.0,0.9,176,339316.75,339316.75,367870.46875,399140.8125,407965.78125,427229.96875,LO,7853573,11251601,calibration
calibration_calibration_000581_23,calibration_000581,177,high_degree,3,2,calibration_000581_t3_c2,little,little_0,0,0.6,0.8,176,668693.8,668693.8125,676188.4375,731357.3125,748128.875,776391.0,LO,7853573,11251601,calibration
calibration_calibration_000581_24,calibration_000581,177,high_degree,3,3,calibration_000581_t3_c3,big,big_1,1,1.4,0.98,176,236744.97,236744.96875,241596.546875,263556.4375,269987.6875,284559.34375,LO,7853573,11251601,calibration
calibration_calibration_000581_25,calibration_000581,177,high_degree,3,4,calibration_000581_t3_c4,little,little_1,1,0.9,0.86,176,520264.97,520264.96875,557842.5,604916.75,618776.125,644587.3125,LO,7853573,11251601,calibration
calibration_calibration_000581_26,calibration_000581,177,high_degree,3,5,calibration_000581_t3_c5,big,big_0,2,1.8,1.06,176,274092.2,274092.1875,289386.5625,314571.90625,321819.03125,338053.5625,LO,7853573,11251601,calibration
calibration_calibration_000581_27,calibration_000581,177,high_degree,3,6,calibration_000581_t3_c6,little,little_1,2,1.2,0.93,176,372222.12,372222.125,376336.9375,408366.8125,417420.46875,437059.0625,LO,7853573,11251601,calibration
calibration_calibration_000581_28,calibration_000581,76,communication_heavy,4,0,calibration_000581_t4_c0,big,big_1,0,1.0,0.9,75,531418.25,531418.25,557708.375,604920.75,618871.75,644783.75,LO,7853573,11251601,calibration
calibration_calibration_000581_29,calibration_000581,76,communication_heavy,4,1,calibration_000581_t4_c1,little,little_1,0,0.6,0.8,75,1028730.94,1028730.9375,998820.25,1096160.75,1120019.0,1185150.625,LO,7853573,11251601,calibration
calibration_calibration_000581_30,calibration_000581,76,communication_heavy,4,2,calibration_000581_t4_c2,big,big_1,1,1.4,0.98,75,344778.78,344778.78125,347360.75,376906.9375,385251.28125,403650.5,LO,7853573,11251601,calibration
calibration_calibration_000581_31,calibration_000581,76,communication_heavy,4,3,calibration_000581_t4_c3,little,little_1,1,0.9,0.86,75,656060.9,656060.875,706465.375,767995.5625,786675.25,819205.1875,LO,7853573,11251601,calibration
calibration_calibration_000581_32,calibration_000581,76,communication_heavy,4,4,calibration_000581_t4_c4,big,big_0,2,1.8,1.06,75,299542.94,299542.9375,313205.5,340078.0625,347734.28125,364803.0,LO,7853573,11251601,calibration
calibration_calibration_000581_33,calibration_000581,76,communication_heavy,4,5,calibration_000581_t4_c5,little,little_0,2,1.2,0.93,75,489061.62,489061.625,500648.625,543424.0,555853.25,580253.25,LO,7853573,11251601,calibration
calibration_calibration_000581_34,calibration_000581,76,communication_heavy,4,6,calibration_000581_t4_c6,big,big_1,3,2.2,1.15,75,244577.3,244577.296875,270211.25,294069.5,301004.96875,316587.34375,LO,7853573,11251601,calibration
calibration_calibration_000581_35,calibration_000581,387,random,5,0,calibration_000581_t5_c0,little,little_0,0,0.6,0.8,386,650452.5,650452.5,692074.25,748666.75,765874.875,794757.25,LO,7853573,11251601,calibration
calibration_calibration_000581_36,calibration_000581,387,random,5,1,calibration_000581_t5_c1,big,big_0,1,1.4,0.98,386,292748.16,292748.15625,299976.0625,325905.3125,333326.4375,349917.5,LO,7853573,11251601,calibration
calibration_calibration_000581_37,calibration_000581,387,random,5,2,calibration_000581_t5_c2,little,little_0,1,0.9,0.86,386,398297.75,398297.75,385544.84375,418103.9375,427283.0,447120.0,LO,7853573,11251601,calibration
calibration_calibration_000581_38,calibration_000581,387,random,5,3,calibration_000581_t5_c3,big,big_1,2,1.8,1.06,386,213694.86,213694.859375,212786.796875,233113.015625,239175.1875,252975.859375,LO,7853573,11251601,calibration
calibration_calibration_000581_39,calibration_000581,387,random,5,4,calibration_000581_t5_c4,little,little_0,2,1.2,0.93,386,379469.28,379469.28125,380710.375,413110.1875,422271.75,442085.25,LO,7853573,11251601,calibration
calibration_calibration_000581_40,calibration_000581,387,random,5,5,calibration_000581_t5_c5,big,big_1,3,2.2,1.15,386,163786.19,163786.1875,174067.6875,192119.375,197461.59375,209905.0625,LO,7853573,11251601,calibration
calibration_calibration_000581_41,calibration_000581,387,random,5,6,calibration_000581_t5_c6,little,little_1,3,1.5,1.0,386,277144.53,277144.53125,289981.375,315176.5625,322422.78125,338643.625,LO,7853573,11251601,calibration
calibration_calibration_000602_00,calibration_000602,20,source_like,0,0,calibration_000602_t0_c0,big,big_1,2,1.8,1.06,19,38348.875,38348.875,40305.4375,52970.046875,56778.40625,65640.875,HI,734429,958556,calibration
calibration_calibration_000602_01,calibration_000602,20,source_like,0,1,calibration_000602_t0_c1,little,little_1,2,1.2,0.93,19,82861.016,82861.015625,83840.109375,98429.25,102470.28125,112547.203125,HI,734429,958556,calibration
calibration_calibration_000602_02,calibration_000602,20,source_like,0,2,calibration_000602_t0_c2,big,big_1,3,2.2,1.15,19,30924.424,30924.423828125,33760.515625,46213.265625,50010.671875,58718.53125,HI,734429,958556,calibration
calibration_calibration_000602_03,calibration_000602,20,source_like,0,3,calibration_000602_t0_c3,little,little_1,3,1.5,1.0,19,67021.79,67021.7890625,70926.453125,85005.296875,88945.421875,98632.25,HI,734429,958556,calibration
calibration_calibration_000602_04,calibration_000602,20,source_like,0,4,calibration_000602_t0_c4,big,big_0,0,1.0,0.9,19,73485.98,73485.9765625,73340.28125,87665.640625,91699.625,101615.828125,HI,734429,958556,calibration
calibration_calibration_000602_05,calibration_000602,20,source_like,0,5,calibration_000602_t0_c5,little,little_0,0,0.6,0.8,19,177202.1,177202.09375,172199.40625,191594.625,197573.890625,211412.15625,HI,734429,958556,calibration
calibration_calibration_000602_06,calibration_000602,20,source_like,0,6,calibration_000602_t0_c6,big,big_1,1,1.4,0.98,19,47654.402,47654.40234375,45900.203125,58767.421875,62567.671875,71522.609375,HI,734429,958556,calibration
calibration_calibration_000602_07,calibration_000602,271,sink_like,1,0,calibration_000602_t1_c0,little,little_0,2,1.2,0.93,270,450641.78,450641.78125,440054.75,477543.1875,488237.875,510400.75,HI,734429,958556,calibration
calibration_calibration_000602_08,calibration_000602,271,sink_like,1,1,calibration_000602_t1_c1,big,big_0,3,2.2,1.15,270,270876.28,270876.28125,274306.15625,298465.5625,305477.0,321223.59375,HI,734429,958556,calibration
calibration_calibration_000602_09,calibration_000602,271,sink_like,1,2,calibration_000602_t1_c2,little,little_0,3,1.5,1.0,270,399260.06,399260.0625,384300.0625,417052.0625,426317.5,446311.4375,HI,734429,958556,calibration
calibration_calibration_000602_10,calibration_000602,271,sink_like,1,3,calibration_000602_t1_c3,big,big_1,0,1.0,0.9,270,453668.8,453668.8125,461709.875,500935.25,512174.78125,535033.75,HI,734429,958556,calibration
calibration_calibration_000602_11,calibration_000602,271,sink_like,1,4,calibration_000602_t1_c4,little,little_1,0,0.6,0.8,270,671481.7,671481.6875,662192.1875,715215.125,731218.6875,758237.75,HI,734429,958556,calibration
calibration_calibration_000602_12,calibration_000602,271,sink_like,1,5,calibration_000602_t1_c5,big,big_1,1,1.4,0.98,270,281867.0,281867.0,289513.0625,314643.46875,321860.0,338039.125,HI,734429,958556,calibration
calibration_calibration_000602_13,calibration_000602,271,sink_like,1,6,calibration_000602_t1_c6,little,little_0,1,0.9,0.86,270,656378.4,656378.375,684350.0,743322.25,761204.1875,792303.75,HI,734429,958556,calibration
calibration_calibration_000602_14,calibration_000602,147,middle,2,0,calibration_000602_t2_c0,big,big_1,3,2.2,1.15,146,309358.34,309358.34375,335907.625,364589.71875,372719.9375,390715.9375,HI,734429,958556,calibration
calibration_calibration_000602_15,calibration_000602,147,middle,2,1,calibration_000602_t2_c1,little,little_0,3,1.5,1.0,146,397098.78,397098.78125,432549.53125,469555.375,480108.1875,502113.4375,HI,734429,958556,calibration
calibration_calibration_000602_16,calibration_000602,147,middle,2,2,calibration_000602_t2_c2,big,big_0,0,1.0,0.9,146,607687.2,607687.1875,678498.6875,737383.625,755347.375,786527.0,HI,734429,958556,calibration
calibration_calibration_000602_17,calibration_000602,147,middle,2,3,calibration_000602_t2_c3,little,little_1,0,0.6,0.8,146,860099.94,860099.9375,976156.4375,1069137.5,1092491.0,1152617.25,HI,734429,958556,calibration
calibration_calibration_000602_18,calibration_000602,147,middle,2,4,calibration_000602_t2_c4,big,big_0,1,1.4,0.98,146,425521.66,425521.65625,473641.25,514059.9375,525696.6875,549121.875,HI,734429,958556,calibration
calibration_calibration_000602_19,calibration_000602,147,middle,2,5,calibration_000602_t2_c5,little,little_0,1,0.9,0.86,146,605669.94,605669.9375,692326.875,752145.4375,770281.5,801842.625,HI,734429,958556,calibration
calibration_calibration_000602_20,calibration_000602,147,middle,2,6,calibration_000602_t2_c6,big,big_1,2,1.8,1.06,146,314781.22,314781.21875,362359.90625,393170.625,401866.0625,420897.6875,HI,734429,958556,calibration
calibration_calibration_000602_21,calibration_000602,112,communication_heavy,3,0,calibration_000602_t3_c0,little,little_1,3,1.5,1.0,111,591730.44,591730.4375,536918.875,583482.125,597269.25,623464.5,HI,734429,958556,calibration
calibration_calibration_000602_22,calibration_000602,112,communication_heavy,3,1,calibration_000602_t3_c1,big,big_1,0,1.0,0.9,111,521565.2,521565.1875,499161.21875,541459.8125,553713.9375,577770.75,HI,734429,958556,calibration
calibration_calibration_000602_23,calibration_000602,112,communication_heavy,3,2,calibration_000602_t3_c2,little,little_0,0,0.6,0.8,111,894750.94,894750.9375,901710.3125,983372.75,1005294.3125,1052785.0,HI,734429,958556,calibration
calibration_calibration_000602_24,calibration_000602,112,communication_heavy,3,3,calibration_000602_t3_c3,big,big_1,1,1.4,0.98,111,408894.44,408894.4375,376598.21875,408592.8125,417615.5625,437216.3125,HI,734429,958556,calibration
calibration_calibration_000602_25,calibration_000602,112,communication_heavy,3,4,calibration_000602_t3_c4,little,little_1,1,0.9,0.86,111,584396.06,584396.0625,572238.5,620294.25,634479.0,660546.25,HI,734429,958556,calibration
calibration_calibration_000602_26,calibration_000602,112,communication_heavy,3,5,calibration_000602_t3_c5,big,big_1,2,1.8,1.06,111,246368.2,246368.203125,244183.03125,266269.34375,272728.46875,287342.84375,HI,734429,958556,calibration
calibration_calibration_000602_27,calibration_000602,112,communication_heavy,3,6,calibration_000602_t3_c6,little,little_1,2,1.2,0.93,111,641151.75,641151.75,592401.125,643664.5625,659066.25,687048.125,HI,734429,958556,calibration
calibration_calibration_000602_28,calibration_000602,165,random,4,0,calibration_000602_t4_c0,big,big_0,0,1.0,0.9,164,84763.98,84763.9765625,93017.15625,107987.1875,112171.125,122614.28125,HI,734429,958556,calibration
calibration_calibration_000602_29,calibration_000602,165,random,4,1,calibration_000602_t4_c1,little,little_0,0,0.6,0.8,164,202733.4,202733.40625,227198.125,250043.859375,257035.703125,272976.71875,HI,734429,958556,calibration
calibration_calibration_000602_30,calibration_000602,165,random,4,2,calibration_000602_t4_c2,big,big_0,1,1.4,0.98,164,56139.33,56139.328125,70880.78125,84869.125,88824.796875,98554.328125,HI,734429,958556,calibration
calibration_calibration_000602_31,calibration_000602,165,random,4,3,calibration_000602_t4_c3,little,little_1,1,0.9,0.86,164,106631.14,106631.140625,129746.203125,145966.5625,150643.0625,161990.3125,HI,734429,958556,calibration
calibration_calibration_000602_32,calibration_000602,165,random,4,4,calibration_000602_t4_c4,big,big_1,2,1.8,1.06,164,40624.348,40624.34765625,50916.921875,63938.328125,67723.921875,76752.5625,HI,734429,958556,calibration
calibration_calibration_000602_33,calibration_000602,165,random,4,5,calibration_000602_t4_c5,little,little_0,2,1.2,0.93,164,94867.82,94867.8203125,110299.578125,125605.671875,129880.234375,140523.234375,HI,734429,958556,calibration
calibration_calibration_000602_34,calibration_000602,165,random,4,6,calibration_000602_t4_c6,big,big_1,3,2.2,1.15,164,35208.31,35208.30859375,44715.53125,57455.90625,61211.421875,70060.171875,HI,734429,958556,calibration
calibration_calibration_000602_35,calibration_000602,252,diverse_fill_1,5,0,calibration_000602_t5_c0,little,little_0,0,0.6,0.8,251,168150.83,168150.828125,176443.40625,195927.4375,201937.765625,215787.03125,HI,734429,958556,calibration
calibration_calibration_000602_36,calibration_000602,252,diverse_fill_1,5,1,calibration_000602_t5_c1,big,big_1,1,1.4,0.98,251,64529.164,64529.1640625,65478.25,79236.21875,83164.859375,92752.015625,HI,734429,958556,calibration
calibration_calibration_000602_37,calibration_000602,252,diverse_fill_1,5,2,calibration_000602_t5_c2,little,little_1,1,0.9,0.86,251,94974.1,94974.1015625,108016.328125,123346.578125,127638.28125,138312.0,HI,734429,958556,calibration
calibration_calibration_000602_38,calibration_000602,252,diverse_fill_1,5,3,calibration_000602_t5_c3,big,big_0,2,1.8,1.06,251,55057.617,55057.6171875,51644.671875,64751.75,68601.0,77781.09375,HI,734429,958556,calibration
calibration_calibration_000602_39,calibration_000602,252,diverse_fill_1,5,4,calibration_000602_t5_c4,little,little_1,2,1.2,0.93,251,110132.81,110132.8125,110705.59375,126039.578125,130376.296875,141125.390625,HI,734429,958556,calibration
calibration_calibration_000602_40,calibration_000602,252,diverse_fill_1,5,5,calibration_000602_t5_c5,big,big_0,3,2.2,1.15,251,38337.754,38337.75390625,41574.75,54217.40625,57980.078125,66785.21875,HI,734429,958556,calibration
calibration_calibration_000602_41,calibration_000602,252,diverse_fill_1,5,6,calibration_000602_t5_c6,little,little_0,3,1.5,1.0,251,69383.664,69383.6640625,74424.78125,88481.453125,92420.234375,102176.328125,HI,734429,958556,calibration
calibration_calibration_000624_00,calibration_000624,8,source_like,0,0,calibration_000624_t0_c0,big,big_0,2,1.8,1.06,7,48766.027,48766.02734375,47013.609375,59886.109375,63674.0625,72628.78125,LO,2570398,3095222,calibration
calibration_calibration_000624_01,calibration_000624,8,source_like,0,1,calibration_000624_t0_c1,little,little_0,2,1.2,0.93,7,96668.93,96668.9296875,99056.015625,114080.09375,118238.875,128647.953125,LO,2570398,3095222,calibration
calibration_calibration_000624_02,calibration_000624,8,source_like,0,2,calibration_000624_t0_c2,big,big_0,3,2.2,1.15,7,39532.492,39532.4921875,39816.359375,52396.21875,56159.703125,64925.484375,LO,2570398,3095222,calibration
calibration_calibration_000624_03,calibration_000624,8,source_like,0,3,calibration_000624_t0_c3,little,little_0,3,1.5,1.0,7,82145.48,82145.4765625,85561.515625,100140.328125,104145.640625,114171.78125,LO,2570398,3095222,calibration
calibration_calibration_000624_04,calibration_000624,8,source_like,0,4,calibration_000624_t0_c4,big,big_0,0,1.0,0.9,7,77612.11,77612.109375,82318.78125,96940.375,101009.296875,111125.71875,LO,2570398,3095222,calibration
calibration_calibration_000624_05,calibration_000624,8,source_like,0,5,calibration_000624_t0_c5,little,little_0,0,0.6,0.8,7,203621.55,203621.546875,204208.28125,225492.21875,232055.53125,246996.265625,LO,2570398,3095222,calibration
calibration_calibration_000624_06,calibration_000624,8,source_like,0,6,calibration_000624_t0_c6,big,big_0,1,1.4,0.98,7,59125.527,59125.52734375,64516.4375,78248.09375,82146.0625,91644.34375,LO,2570398,3095222,calibration
calibration_calibration_000624_07,calibration_000624,181,sink_like,1,0,calibration_000624_t1_c0,little,little_0,2,1.2,0.93,180,486370.8,486370.8125,524166.5,569086.25,582246.375,607563.25,LO,2570398,3095222,calibration
calibration_calibration_000624_08,calibration_000624,181,sink_like,1,1,calibration_000624_t1_c1,big,big_0,3,2.2,1.15,180,380611.3,380611.3125,411471.3125,446744.375,456771.75,478011.375,LO,2570398,3095222,calibration
calibration_calibration_000624_09,calibration_000624,181,sink_like,1,2,calibration_000624_t1_c2,little,little_1,3,1.5,1.0,180,539559.25,539559.25,581834.875,632920.6875,648332.125,676594.125,LO,2570398,3095222,calibration
calibration_calibration_000624_10,calibration_000624,181,sink_like,1,3,calibration_000624_t1_c3,big,big_0,0,1.0,0.9,180,522417.62,522417.625,552333.875,598951.375,612687.75,638350.5,LO,2570398,3095222,calibration
calibration_calibration_000624_11,calibration_000624,181,sink_like,1,4,calibration_000624_t1_c4,little,little_0,0,0.6,0.8,180,970168.9,970168.875,1018317.9375,1118358.5,1143197.75,1212825.0,LO,2570398,3095222,calibration
calibration_calibration_000624_12,calibration_000624,181,sink_like,1,5,calibration_000624_t1_c5,big,big_0,1,1.4,0.98,180,491930.16,491930.15625,531900.625,577461.5625,590867.5,616411.6875,LO,2570398,3095222,calibration
calibration_calibration_000624_13,calibration_000624,181,sink_like,1,6,calibration_000624_t1_c6,little,little_1,1,0.9,0.86,180,838681.06,838681.0625,926107.625,1018945.375,1042996.8125,1099767.75,LO,2570398,3095222,calibration
calibration_calibration_000624_14,calibration_000624,108,middle,2,0,calibration_000624_t2_c0,big,big_1,3,2.2,1.15,107,394994.84,394994.84375,488041.53125,530507.6875,542923.5,567496.9375,LO,2570398,3095222,calibration
calibration_calibration_000624_15,calibration_000624,108,middle,2,1,calibration_000624_t2_c1,little,little_1,3,1.5,1.0,107,560770.6,560770.625,631280.25,687800.75,705137.5,736083.75,LO,2570398,3095222,calibration
calibration_calibration_000624_16,calibration_000624,108,middle,2,2,calibration_000624_t2_c2,big,big_1,0,1.0,0.9,107,725748.6,725748.625,885268.375,971149.1875,994498.875,1044784.75,LO,2570398,3095222,calibration
calibration_calibration_000624_17,calibration_000624,108,middle,2,3,calibration_000624_t2_c3,little,little_1,0,0.6,0.8,107,900266.8,900266.8125,1027226.375,1128279.5,1153161.625,1224396.5,LO,2570398,3095222,calibration
calibration_calibration_000624_18,calibration_000624,108,middle,2,4,calibration_000624_t2_c4,big,big_0,1,1.4,0.98,107,423012.1,423012.09375,504763.4375,547858.125,560393.75,584926.875,LO,2570398,3095222,calibration
calibration_calibration_000624_19,calibration_000624,108,middle,2,5,calibration_000624_t2_c5,little,little_0,1,0.9,0.86,107,738146.5,738146.5,869615.75,952675.0625,975638.125,1023400.875,LO,2570398,3095222,calibration
calibration_calibration_000624_20,calibration_000624,108,middle,2,6,calibration_000624_t2_c6,big,big_0,2,1.8,1.06,107,411506.62,411506.625,467029.4375,507089.3125,518630.0625,541987.75,LO,2570398,3095222,calibration
calibration_calibration_000624_21,calibration_000624,149,communication_heavy,3,0,calibration_000624_t3_c0,little,little_1,3,1.5,1.0,148,527266.44,527266.4375,570533.4375,620451.625,635437.625,663168.0,LO,2570398,3095222,calibration
calibration_calibration_000624_22,calibration_000624,149,communication_heavy,3,1,calibration_000624_t3_c1,big,big_0,0,1.0,0.9,148,774834.06,774834.0625,793151.625,865993.9375,887541.5625,927367.3125,LO,2570398,3095222,calibration
calibration_calibration_000624_23,calibration_000624,149,communication_heavy,3,2,calibration_000624_t3_c2,little,little_1,0,0.6,0.8,148,1188926.4,1188926.375,1274925.0,1430921.75,1466522.25,1577338.75,LO,2570398,3095222,calibration
calibration_calibration_000624_24,calibration_000624,149,communication_heavy,3,3,calibration_000624_t3_c3,big,big_1,1,1.4,0.98,148,416727.84,416727.84375,444522.6875,482334.125,493108.0,515399.625,LO,2570398,3095222,calibration
calibration_calibration_000624_25,calibration_000624,149,communication_heavy,3,4,calibration_000624_t3_c4,little,little_1,1,0.9,0.86,148,855852.8,855852.8125,894330.0,981645.75,1005107.875,1056575.0,LO,2570398,3095222,calibration
calibration_calibration_000624_26,calibration_000624,149,communication_heavy,3,5,calibration_000624_t3_c5,big,big_0,2,1.8,1.06,148,376870.9,376870.90625,409983.3125,444916.0625,454810.625,475830.75,LO,2570398,3095222,calibration
calibration_calibration_000624_27,calibration_000624,149,communication_heavy,3,6,calibration_000624_t3_c6,little,little_1,2,1.2,0.93,148,593708.7,593708.6875,621027.5,675325.125,691796.3125,721275.125,LO,2570398,3095222,calibration
calibration_calibration_000624_28,calibration_000624,219,random,4,0,calibration_000624_t4_c0,big,big_0,0,1.0,0.9,218,391348.75,391348.75,421892.40625,457889.375,468133.375,489665.75,LO,2570398,3095222,calibration
calibration_calibration_000624_29,calibration_000624,219,random,4,1,calibration_000624_t4_c1,little,little_1,0,0.6,0.8,218,722399.8,722399.8125,712779.75,770992.5,788675.0,818322.875,LO,2570398,3095222,calibration
calibration_calibration_000624_30,calibration_000624,219,random,4,2,calibration_000624_t4_c2,big,big_0,1,1.4,0.98,218,210367.64,210367.640625,217245.953125,237743.703125,243813.265625,257642.171875,LO,2570398,3095222,calibration
calibration_calibration_000624_31,calibration_000624,219,random,4,3,calibration_000624_t4_c3,little,little_1,1,0.9,0.86,218,466120.8,466120.8125,456473.21875,494964.75,505931.125,528396.3125,LO,2570398,3095222,calibration
calibration_calibration_000624_32,calibration_000624,219,random,4,4,calibration_000624_t4_c4,big,big_1,2,1.8,1.06,218,212015.73,212015.734375,210434.3125,230622.421875,236648.828125,250376.921875,LO,2570398,3095222,calibration
calibration_calibration_000624_33,calibration_000624,219,random,4,5,calibration_000624_t4_c5,little,little_1,2,1.2,0.93,218,401237.1,401237.09375,387686.4375,420688.4375,430026.28125,450131.0625,LO,2570398,3095222,calibration
calibration_calibration_000624_34,calibration_000624,219,random,4,6,calibration_000624_t4_c6,big,big_1,3,2.2,1.15,218,150022.9,150022.90625,158746.03125,175839.59375,180817.109375,192600.5625,LO,2570398,3095222,calibration
calibration_calibration_000624_35,calibration_000624,11,diverse_fill_1,5,0,calibration_000624_t5_c0,little,little_0,0,0.6,0.8,10,322017.6,322017.59375,306121.40625,332400.09375,339648.9375,356323.65625,LO,2570398,3095222,calibration
calibration_calibration_000624_36,calibration_000624,11,diverse_fill_1,5,1,calibration_000624_t5_c1,big,big_1,1,1.4,0.98,10,81577.66,81577.65625,83052.578125,97431.734375,101413.640625,111360.34375,LO,2570398,3095222,calibration
calibration_calibration_000624_37,calibration_000624,11,diverse_fill_1,5,2,calibration_000624_t5_c2,little,little_1,1,0.9,0.86,10,201085.28,201085.28125,198408.6875,218063.140625,223978.0625,237493.765625,LO,2570398,3095222,calibration
calibration_calibration_000624_38,calibration_000624,11,diverse_fill_1,5,3,calibration_000624_t5_c3,big,big_1,2,1.8,1.06,10,63267.1,63267.1015625,64370.515625,77957.890625,81789.421875,91162.65625,LO,2570398,3095222,calibration
calibration_calibration_000624_39,calibration_000624,11,diverse_fill_1,5,4,calibration_000624_t5_c4,little,little_0,2,1.2,0.93,10,147762.72,147762.71875,144130.796875,160684.6875,165520.65625,177063.796875,LO,2570398,3095222,calibration
calibration_calibration_000624_40,calibration_000624,11,diverse_fill_1,5,5,calibration_000624_t5_c5,big,big_1,3,2.2,1.15,10,55182.773,55182.7734375,54965.09375,68148.984375,71935.25,81045.21875,LO,2570398,3095222,calibration
calibration_calibration_000624_41,calibration_000624,11,diverse_fill_1,5,6,calibration_000624_t5_c6,little,little_1,3,1.5,1.0,10,119373.72,119373.71875,122280.203125,137791.609375,142123.90625,152823.765625,LO,2570398,3095222,calibration
calibration_calibration_000626_00,calibration_000626,2,source_like,0,0,calibration_000626_t0_c0,little,little_1,0,0.6,0.8,1,139873.36,139873.359375,122743.640625,138940.4375,143673.375,155157.5,HI,912678,1049551,calibration
calibration_calibration_000626_01,calibration_000626,2,source_like,0,1,calibration_000626_t0_c1,big,big_0,1,1.4,0.98,1,40432.758,40432.7578125,41982.6875,54839.546875,58738.625,67811.15625,HI,912678,1049551,calibration
calibration_calibration_000626_02,calibration_000626,2,source_like,0,2,calibration_000626_t0_c2,little,little_0,1,0.9,0.86,1,86468.35,86468.3515625,88732.78125,103598.453125,107795.171875,118230.953125,HI,912678,1049551,calibration
calibration_calibration_000626_03,calibration_000626,2,source_like,0,3,calibration_000626_t0_c3,big,big_0,2,1.8,1.06,1,29629.379,29629.37890625,30534.859375,42998.484375,46861.203125,55631.15625,HI,912678,1049551,calibration
calibration_calibration_000626_04,calibration_000626,2,source_like,0,4,calibration_000626_t0_c4,little,little_0,2,1.2,0.93,1,72938.63,72938.6328125,68036.765625,82071.03125,86042.84375,95744.046875,HI,912678,1049551,calibration
calibration_calibration_000626_05,calibration_000626,2,source_like,0,5,calibration_000626_t0_c5,big,big_0,3,2.2,1.15,1,24408.004,24408.00390625,28341.59375,40810.046875,44723.90625,53563.84375,HI,912678,1049551,calibration
calibration_calibration_000626_06,calibration_000626,2,source_like,0,6,calibration_000626_t0_c6,little,little_0,3,1.5,1.0,1,51110.8,51110.80078125,47188.296875,60086.90625,63880.4375,72851.359375,HI,912678,1049551,calibration
calibration_calibration_000626_07,calibration_000626,35,sink_like,1,0,calibration_000626_t1_c0,big,big_0,1,1.4,0.98,34,238488.25,238488.25,219295.40625,239924.265625,246050.5,259968.375,HI,912678,1049551,calibration
calibration_calibration_000626_08,calibration_000626,35,sink_like,1,1,calibration_000626_t1_c1,little,little_1,1,0.9,0.86,34,337052.9,337052.90625,345426.78125,374646.8125,382888.0,401065.6875,HI,912678,1049551,calibration
calibration_calibration_000626_09,calibration_000626,35,sink_like,1,2,calibration_000626_t1_c2,big,big_0,2,1.8,1.06,34,138646.92,138646.921875,130779.15625,146488.03125,150920.40625,161764.140625,HI,912678,1049551,calibration
calibration_calibration_000626_10,calibration_000626,35,sink_like,1,3,calibration_000626_t1_c3,little,little_1,2,1.2,0.93,34,317749.03,317749.03125,296219.40625,321834.46875,329174.8125,345588.28125,HI,912678,1049551,calibration
calibration_calibration_000626_11,calibration_000626,35,sink_like,1,4,calibration_000626_t1_c4,big,big_1,3,2.2,1.15,34,127972.664,127972.6640625,122557.9375,137976.171875,142276.078125,152907.46875,HI,912678,1049551,calibration
calibration_calibration_000626_12,calibration_000626,35,sink_like,1,5,calibration_000626_t1_c5,little,little_0,3,1.5,1.0,34,222610.06,222610.0625,218490.84375,239094.34375,245217.796875,259135.125,HI,912678,1049551,calibration
calibration_calibration_000626_13,calibration_000626,35,sink_like,1,6,calibration_000626_t1_c6,big,big_1,0,1.0,0.9,34,262600.9,262600.90625,254311.09375,277146.09375,283821.90625,298885.6875,HI,912678,1049551,calibration
calibration_calibration_000626_14,calibration_000626,59,middle,2,0,calibration_000626_t2_c0,little,little_1,1,0.9,0.86,58,232916.97,232916.96875,231821.46875,253340.484375,259697.015625,274131.375,HI,912678,1049551,calibration
calibration_calibration_000626_15,calibration_000626,59,middle,2,1,calibration_000626_t2_c1,big,big_1,2,1.8,1.06,58,120013.48,120013.4765625,120462.015625,135868.640625,140141.46875,150743.28125,HI,912678,1049551,calibration
calibration_calibration_000626_16,calibration_000626,59,middle,2,2,calibration_000626_t2_c2,little,little_0,2,1.2,0.93,58,221057.3,221057.296875,212732.640625,232884.71875,238849.015625,252464.6875,HI,912678,1049551,calibration
calibration_calibration_000626_17,calibration_000626,59,middle,2,3,calibration_000626_t2_c3,big,big_1,3,2.2,1.15,58,92819.64,92819.640625,91074.875,105548.3125,109509.40625,119496.71875,HI,912678,1049551,calibration
calibration_calibration_000626_18,calibration_000626,59,middle,2,4,calibration_000626_t2_c4,little,little_0,3,1.5,1.0,58,152417.88,152417.875,154437.625,171329.71875,176235.0,187894.578125,HI,912678,1049551,calibration
calibration_calibration_000626_19,calibration_000626,59,middle,2,5,calibration_000626_t2_c5,big,big_0,0,1.0,0.9,58,181747.62,181747.625,177470.1875,195756.96875,201215.234375,213877.734375,HI,912678,1049551,calibration
calibration_calibration_000626_20,calibration_000626,59,middle,2,6,calibration_000626_t2_c6,little,little_0,0,0.6,0.8,58,364584.22,364584.21875,350836.5,379620.40625,387454.8125,405117.9375,HI,912678,1049551,calibration
calibration_calibration_000626_21,calibration_000626,25,communication_heavy,3,0,calibration_000626_t3_c0,big,big_0,2,1.8,1.06,24,183100.83,183100.828125,195590.75,214901.25,220664.96875,233891.234375,HI,912678,1049551,calibration
calibration_calibration_000626_22,calibration_000626,25,communication_heavy,3,1,calibration_000626_t3_c1,little,little_0,2,1.2,0.93,24,380013.84,380013.84375,382505.75,415080.625,424297.5625,444199.25,HI,912678,1049551,calibration
calibration_calibration_000626_23,calibration_000626,25,communication_heavy,3,2,calibration_000626_t3_c2,big,big_0,3,2.2,1.15,24,158404.9,158404.90625,164510.78125,182024.921875,187166.75,199251.953125,HI,912678,1049551,calibration
calibration_calibration_000626_24,calibration_000626,25,communication_heavy,3,3,calibration_000626_t3_c3,little,little_1,3,1.5,1.0,24,340413.1,340413.09375,350317.75,380285.0625,388781.1875,407425.34375,HI,912678,1049551,calibration
calibration_calibration_000626_25,calibration_000626,25,communication_heavy,3,4,calibration_000626_t3_c4,big,big_0,0,1.0,0.9,24,250634.89,250634.890625,261319.3125,284590.21875,291363.8125,306633.46875,HI,912678,1049551,calibration
calibration_calibration_000626_26,calibration_000626,25,communication_heavy,3,5,calibration_000626_t3_c5,little,little_1,0,0.6,0.8,24,594363.94,594363.9375,638622.0,689696.0,704966.1875,731149.5,HI,912678,1049551,calibration
calibration_calibration_000626_27,calibration_000626,25,communication_heavy,3,6,calibration_000626_t3_c6,big,big_0,1,1.4,0.98,24,232092.27,232092.265625,243973.53125,266133.40625,272647.53125,287358.625,HI,912678,1049551,calibration
calibration_calibration_000626_28,calibration_000626,79,random,4,0,calibration_000626_t4_c0,little,little_0,2,1.2,0.93,78,222223.12,222223.125,221963.15625,242722.671875,248865.625,262830.34375,HI,912678,1049551,calibration
calibration_calibration_000626_29,calibration_000626,79,random,4,1,calibration_000626_t4_c1,big,big_0,3,2.2,1.15,78,105951.7,105951.703125,111861.84375,127007.4375,131158.484375,141559.125,HI,912678,1049551,calibration
calibration_calibration_000626_30,calibration_000626,79,random,4,2,calibration_000626_t4_c2,little,little_1,3,1.5,1.0,78,182762.81,182762.8125,189922.1875,208763.078125,214349.953125,227238.59375,HI,912678,1049551,calibration
calibration_calibration_000626_31,calibration_000626,79,random,4,3,calibration_000626_t4_c3,big,big_0,0,1.0,0.9,78,184475.0,184475.0,199842.75,219338.65625,225152.109375,238477.0625,HI,912678,1049551,calibration
calibration_calibration_000626_32,calibration_000626,79,random,4,4,calibration_000626_t4_c4,little,little_1,0,0.6,0.8,78,393971.6,393971.59375,368473.53125,398289.375,406383.59375,424417.96875,HI,912678,1049551,calibration
calibration_calibration_000626_33,calibration_000626,79,random,4,5,calibration_000626_t4_c5,big,big_0,1,1.4,0.98,78,124870.61,124870.609375,123844.90625,139304.828125,143631.0625,154307.6875,HI,912678,1049551,calibration
calibration_calibration_000626_34,calibration_000626,79,random,4,6,calibration_000626_t4_c6,little,little_0,1,0.9,0.86,78,261390.84,261390.84375,259851.984375,282970.03125,289675.59375,304832.59375,HI,912678,1049551,calibration
calibration_calibration_000626_35,calibration_000626,61,diverse_fill_1,5,0,calibration_000626_t5_c0,big,big_1,3,2.2,1.15,60,90952.69,90952.6875,85331.40625,99729.703125,103674.40625,113578.265625,HI,912678,1049551,calibration
calibration_calibration_000626_36,calibration_000626,61,diverse_fill_1,5,1,calibration_000626_t5_c1,little,little_0,3,1.5,1.0,60,102608.13,102608.1328125,108953.9375,123961.953125,128105.375,138480.328125,HI,912678,1049551,calibration
calibration_calibration_000626_37,calibration_000626,61,diverse_fill_1,5,2,calibration_000626_t5_c2,big,big_0,0,1.0,0.9,60,129524.45,129524.453125,130001.296875,146021.53125,150604.6875,161766.9375,HI,912678,1049551,calibration
calibration_calibration_000626_38,calibration_000626,61,diverse_fill_1,5,3,calibration_000626_t5_c3,little,little_0,0,0.6,0.8,60,304345.5,304345.5,302308.0,328641.15625,336081.71875,353020.1875,HI,912678,1049551,calibration
calibration_calibration_000626_39,calibration_000626,61,diverse_fill_1,5,4,calibration_000626_t5_c4,big,big_0,1,1.4,0.98,60,104061.84,104061.84375,109171.375,124306.6875,128487.90625,138946.046875,HI,912678,1049551,calibration
calibration_calibration_000626_40,calibration_000626,61,diverse_fill_1,5,5,calibration_000626_t5_c5,little,little_1,1,0.9,0.86,60,199209.02,199209.015625,197508.96875,217086.4375,222944.9375,236390.453125,HI,912678,1049551,calibration
calibration_calibration_000626_41,calibration_000626,61,diverse_fill_1,5,6,calibration_000626_t5_c6,big,big_0,2,1.8,1.06,60,92758.195,92758.1953125,91942.03125,106506.578125,110499.390625,120550.984375,HI,912678,1049551,calibration
calibration_calibration_000658_00,calibration_000658,14,source_like,0,0,calibration_000658_t0_c0,big,big_0,3,2.2,1.15,13,66193.82,66193.8203125,68131.921875,81913.453125,85777.3125,95289.390625,LO,2112582,3135083,calibration
calibration_calibration_000658_01,calibration_000658,14,source_like,0,1,calibration_000658_t0_c1,little,little_1,3,1.5,1.0,13,143554.27,143554.265625,137194.375,153332.03125,157951.3125,169119.375,LO,2112582,3135083,calibration
calibration_calibration_000658_02,calibration_000658,14,source_like,0,2,calibration_000658_t0_c2,big,big_1,0,1.0,0.9,13,140563.2,140563.203125,141615.0625,158102.78125,162911.6875,174422.75,LO,2112582,3135083,calibration
calibration_calibration_000658_03,calibration_000658,14,source_like,0,3,calibration_000658_t0_c3,little,little_1,0,0.6,0.8,13,338685.53,338685.53125,331703.90625,358406.25,365469.0,381807.8125,LO,2112582,3135083,calibration
calibration_calibration_000658_04,calibration_000658,14,source_like,0,4,calibration_000658_t0_c4,big,big_0,1,1.4,0.98,13,105039.61,105039.609375,102461.59375,117348.859375,121452.578125,131755.53125,LO,2112582,3135083,calibration
calibration_calibration_000658_05,calibration_000658,14,source_like,0,5,calibration_000658_t0_c5,little,little_1,1,0.9,0.86,13,241442.66,241442.65625,233627.140625,255103.609375,261426.5,275748.34375,LO,2112582,3135083,calibration
calibration_calibration_000658_06,calibration_000658,14,source_like,0,6,calibration_000658_t0_c6,big,big_0,2,1.8,1.06,13,83542.13,83542.1328125,76620.890625,90688.015625,94592.9375,104318.546875,LO,2112582,3135083,calibration
calibration_calibration_000658_07,calibration_000658,242,sink_like,1,0,calibration_000658_t1_c0,little,little_1,3,1.5,1.0,241,208837.83,208837.828125,219286.078125,239931.0625,246062.96875,259998.34375,LO,2112582,3135083,calibration
calibration_calibration_000658_08,calibration_000658,242,sink_like,1,1,calibration_000658_t1_c1,big,big_0,0,1.0,0.9,241,220628.4,220628.40625,252304.71875,274991.3125,281623.03125,296598.53125,LO,2112582,3135083,calibration
calibration_calibration_000658_09,calibration_000658,242,sink_like,1,2,calibration_000658_t1_c2,little,little_1,0,0.6,0.8,241,503234.44,503234.4375,492272.625,530860.5,541683.1875,563127.375,LO,2112582,3135083,calibration
calibration_calibration_000658_10,calibration_000658,242,sink_like,1,3,calibration_000658_t1_c3,big,big_1,1,1.4,0.98,241,210168.94,210168.9375,212902.46875,233156.65625,239178.9375,252898.734375,LO,2112582,3135083,calibration
calibration_calibration_000658_11,calibration_000658,242,sink_like,1,4,calibration_000658_t1_c4,little,little_0,1,0.9,0.86,241,374561.78,374561.78125,394893.53125,428212.25,437611.0625,457773.125,LO,2112582,3135083,calibration
calibration_calibration_000658_12,calibration_000658,242,sink_like,1,5,calibration_000658_t1_c5,big,big_0,2,1.8,1.06,241,147413.1,147413.09375,156776.59375,173850.5625,178821.09375,190600.875,LO,2112582,3135083,calibration
calibration_calibration_000658_13,calibration_000658,242,sink_like,1,6,calibration_000658_t1_c6,little,little_0,2,1.2,0.93,241,283477.06,283477.0625,281854.78125,306452.625,313541.46875,329446.4375,LO,2112582,3135083,calibration
calibration_calibration_000658_14,calibration_000658,134,middle,2,0,calibration_000658_t2_c0,big,big_0,0,1.0,0.9,133,168539.22,168539.21875,165939.359375,183610.40625,188840.53125,201099.5625,LO,2112582,3135083,calibration
calibration_calibration_000658_15,calibration_000658,134,middle,2,1,calibration_000658_t2_c1,little,little_0,0,0.6,0.8,133,389512.5,389512.5,379835.9375,410925.53125,419498.5625,438274.0,LO,2112582,3135083,calibration
calibration_calibration_000658_16,calibration_000658,134,middle,2,2,calibration_000658_t2_c2,big,big_1,1,1.4,0.98,133,166544.3,166544.296875,168414.78125,186083.484375,191295.625,203497.171875,LO,2112582,3135083,calibration
calibration_calibration_000658_17,calibration_000658,134,middle,2,3,calibration_000658_t2_c3,little,little_1,1,0.9,0.86,133,240973.38,240973.375,253587.515625,276316.96875,282917.71875,297869.59375,LO,2112582,3135083,calibration
calibration_calibration_000658_18,calibration_000658,134,middle,2,4,calibration_000658_t2_c4,big,big_1,2,1.8,1.06,133,118497.51,118497.5078125,125521.640625,141085.390625,145429.140625,156144.296875,LO,2112582,3135083,calibration
calibration_calibration_000658_19,calibration_000658,134,middle,2,5,calibration_000658_t2_c5,little,little_0,2,1.2,0.93,133,184593.39,184593.390625,182605.625,200959.453125,206376.34375,218955.71875,LO,2112582,3135083,calibration
calibration_calibration_000658_20,calibration_000658,134,middle,2,6,calibration_000658_t2_c6,big,big_0,3,2.2,1.15,133,99446.87,99446.8671875,96563.46875,111190.671875,115180.71875,125254.15625,LO,2112582,3135083,calibration
calibration_calibration_000658_21,calibration_000658,68,communication_heavy,3,0,calibration_000658_t3_c0,little,little_0,0,0.6,0.8,67,819921.4,819921.375,778289.375,844655.8125,864505.5625,899475.3125,LO,2112582,3135083,calibration
calibration_calibration_000658_22,calibration_000658,68,communication_heavy,3,1,calibration_000658_t3_c1,big,big_0,1,1.4,0.98,67,253361.52,253361.515625,259433.140625,282541.15625,289264.0625,304426.09375,LO,2112582,3135083,calibration
calibration_calibration_000658_23,calibration_000658,68,communication_heavy,3,2,calibration_000658_t3_c2,little,little_0,1,0.9,0.86,67,473036.84,473036.84375,494772.4375,536684.25,548793.25,572704.3125,LO,2112582,3135083,calibration
calibration_calibration_000658_24,calibration_000658,68,communication_heavy,3,3,calibration_000658_t3_c3,big,big_0,2,1.8,1.06,67,199699.72,199699.71875,218772.9375,239382.46875,245492.890625,259397.546875,LO,2112582,3135083,calibration
calibration_calibration_000658_25,calibration_000658,68,communication_heavy,3,4,calibration_000658_t3_c4,little,little_1,2,1.2,0.93,67,386982.3,386982.3125,421277.4375,457227.3125,467451.875,488951.75,LO,2112582,3135083,calibration
calibration_calibration_000658_26,calibration_000658,68,communication_heavy,3,5,calibration_000658_t3_c5,big,big_0,3,2.2,1.15,67,166290.53,166290.53125,173917.09375,191837.75,197116.46875,209439.625,LO,2112582,3135083,calibration
calibration_calibration_000658_27,calibration_000658,68,communication_heavy,3,6,calibration_000658_t3_c6,little,little_0,3,1.5,1.0,67,325112.56,325112.5625,339043.03125,368020.28125,376236.78125,394369.8125,LO,2112582,3135083,calibration
calibration_calibration_000658_28,calibration_000658,236,random,4,0,calibration_000658_t4_c0,big,big_1,1,1.4,0.98,235,59406.836,59406.8359375,55249.453125,68548.703125,72430.625,81740.28125,LO,2112582,3135083,calibration
calibration_calibration_000658_29,calibration_000658,236,random,4,1,calibration_000658_t4_c1,little,little_1,1,0.9,0.86,235,127682.3,127682.296875,119797.453125,135535.796875,140049.671875,151104.59375,LO,2112582,3135083,calibration
calibration_calibration_000658_30,calibration_000658,236,random,4,2,calibration_000658_t4_c2,big,big_1,2,1.8,1.06,235,49324.06,49324.05859375,47695.03125,60681.53125,64547.375,73682.703125,LO,2112582,3135083,calibration
calibration_calibration_000658_31,calibration_000658,236,random,4,3,calibration_000658_t4_c3,little,little_0,2,1.2,0.93,235,95595.16,95595.15625,81822.734375,96257.34375,100272.015625,110273.25,LO,2112582,3135083,calibration
calibration_calibration_000658_32,calibration_000658,236,random,4,4,calibration_000658_t4_c4,big,big_0,3,2.2,1.15,235,37676.62,37676.62109375,38676.328125,51253.953125,55041.765625,63839.015625,LO,2112582,3135083,calibration
calibration_calibration_000658_33,calibration_000658,236,random,4,5,calibration_000658_t4_c5,little,little_0,3,1.5,1.0,235,81583.15,81583.1484375,74732.75,88833.96875,92773.328125,102529.734375,LO,2112582,3135083,calibration
calibration_calibration_000658_34,calibration_000658,236,random,4,6,calibration_000658_t4_c6,big,big_0,0,1.0,0.9,235,79346.83,79346.828125,70873.4375,84953.59375,88954.25,98773.671875,LO,2112582,3135083,calibration
calibration_calibration_000658_35,calibration_000658,20,diverse_fill_1,5,0,calibration_000658_t5_c0,little,little_1,1,0.9,0.86,19,110017.25,110017.25,104893.296875,120182.21875,124516.40625,135275.9375,LO,2112582,3135083,calibration
calibration_calibration_000658_36,calibration_000658,20,diverse_fill_1,5,1,calibration_000658_t5_c1,big,big_1,2,1.8,1.06,19,36993.22,36993.21875,35442.25,47950.46875,51745.203125,60476.890625,LO,2112582,3135083,calibration
calibration_calibration_000658_37,calibration_000658,20,diverse_fill_1,5,2,calibration_000658_t5_c2,little,little_1,2,1.2,0.93,19,83749.695,83749.6953125,81370.3125,95913.65625,99973.28125,110059.703125,LO,2112582,3135083,calibration
calibration_calibration_000658_38,calibration_000658,20,diverse_fill_1,5,3,calibration_000658_t5_c3,big,big_1,3,2.2,1.15,19,34434.438,34434.4375,34466.59375,47002.640625,50855.703125,59699.65625,LO,2112582,3135083,calibration
calibration_calibration_000658_39,calibration_000658,20,diverse_fill_1,5,4,calibration_000658_t5_c4,little,little_0,3,1.5,1.0,19,67355.16,67355.15625,62425.46875,76063.046875,79937.171875,89347.515625,LO,2112582,3135083,calibration
calibration_calibration_000658_40,calibration_000658,20,diverse_fill_1,5,5,calibration_000658_t5_c5,big,big_1,0,1.0,0.9,19,61289.156,61289.15625,59363.015625,72912.671875,76813.21875,86225.953125,LO,2112582,3135083,calibration
calibration_calibration_000658_41,calibration_000658,20,diverse_fill_1,5,6,calibration_000658_t5_c6,little,little_1,0,0.6,0.8,19,156557.47,156557.46875,149115.28125,166769.3125,172093.09375,184626.71875,LO,2112582,3135083,calibration
calibration_calibration_000668_00,calibration_000668,1,source_like,0,0,calibration_000668_t0_c0,big,big_1,3,2.2,1.15,0,33426.55,33426.55078125,32935.796875,45433.71875,49281.03125,58076.203125,HI,4132506,5336237,calibration
calibration_calibration_000668_01,calibration_000668,1,source_like,0,1,calibration_000668_t0_c1,little,little_1,3,1.5,1.0,0,64621.42,64621.421875,66145.859375,79980.28125,83899.421875,93466.84375,HI,4132506,5336237,calibration
calibration_calibration_000668_02,calibration_000668,1,source_like,0,2,calibration_000668_t0_c2,big,big_1,0,1.0,0.9,0,64587.355,64587.35546875,60491.140625,74100.671875,78011.921875,87467.78125,HI,4132506,5336237,calibration
calibration_calibration_000668_03,calibration_000668,1,source_like,0,3,calibration_000668_t0_c3,little,little_1,0,0.6,0.8,0,155470.36,155470.359375,142332.03125,159515.875,164634.28125,176782.65625,HI,4132506,5336237,calibration
calibration_calibration_000668_04,calibration_000668,1,source_like,0,4,calibration_000668_t0_c4,big,big_1,1,1.4,0.98,0,48681.742,48681.7421875,44613.34375,57476.4375,61308.765625,70301.453125,HI,4132506,5336237,calibration
calibration_calibration_000668_05,calibration_000668,1,source_like,0,5,calibration_000668_t0_c5,little,little_1,1,0.9,0.86,0,108777.234,108777.234375,105641.75,120895.53125,125223.796875,135958.4375,HI,4132506,5336237,calibration
calibration_calibration_000668_06,calibration_000668,1,source_like,0,6,calibration_000668_t0_c6,big,big_0,2,1.8,1.06,0,38865.043,38865.04296875,36799.5,49382.78125,53206.546875,62027.234375,HI,4132506,5336237,calibration
calibration_calibration_000668_07,calibration_000668,36,sink_like,1,0,calibration_000668_t1_c0,little,little_0,3,1.5,1.0,35,280948.06,280948.0625,254907.171875,277672.25,284304.875,299262.34375,HI,4132506,5336237,calibration
calibration_calibration_000668_08,calibration_000668,36,sink_like,1,1,calibration_000668_t1_c1,big,big_0,0,1.0,0.9,35,249094.6,249094.59375,229753.34375,250963.875,257203.609375,271384.875,HI,4132506,5336237,calibration
calibration_calibration_000668_09,calibration_000668,36,sink_like,1,2,calibration_000668_t1_c2,little,little_1,0,0.6,0.8,35,467623.16,467623.15625,427284.4375,462025.5625,471726.1875,492164.375,HI,4132506,5336237,calibration
calibration_calibration_000668_10,calibration_000668,36,sink_like,1,3,calibration_000668_t1_c3,big,big_1,1,1.4,0.98,35,205413.69,205413.6875,196447.015625,215719.96875,221451.03125,234616.890625,HI,4132506,5336237,calibration
calibration_calibration_000668_11,calibration_000668,36,sink_like,1,4,calibration_000668_t1_c4,little,little_1,1,0.9,0.86,35,366999.28,366999.28125,348534.6875,378158.71875,386529.8125,404964.875,HI,4132506,5336237,calibration
calibration_calibration_000668_12,calibration_000668,36,sink_like,1,5,calibration_000668_t1_c5,big,big_1,2,1.8,1.06,35,200956.39,200956.390625,189878.5,208807.25,214443.96875,227425.71875,HI,4132506,5336237,calibration
calibration_calibration_000668_13,calibration_000668,36,sink_like,1,6,calibration_000668_t1_c6,little,little_1,2,1.2,0.93,35,267526.3,267526.3125,268058.96875,291698.125,298536.6875,313940.375,HI,4132506,5336237,calibration
calibration_calibration_000668_14,calibration_000668,42,middle,2,0,calibration_000668_t2_c0,big,big_1,0,1.0,0.9,41,279691.8,279691.8125,281936.875,306526.96875,313585.1875,329466.53125,HI,4132506,5336237,calibration
calibration_calibration_000668_15,calibration_000668,42,middle,2,1,calibration_000668_t2_c1,little,little_0,0,0.6,0.8,41,460734.94,460734.9375,433612.6875,469088.5625,479052.78125,499908.53125,HI,4132506,5336237,calibration
calibration_calibration_000668_16,calibration_000668,42,middle,2,2,calibration_000668_t2_c2,big,big_1,1,1.4,0.98,41,225204.38,225204.375,218844.3125,239399.75,245483.546875,259329.140625,HI,4132506,5336237,calibration
calibration_calibration_000668_17,calibration_000668,42,middle,2,3,calibration_000668_t2_c3,little,little_0,1,0.9,0.86,41,301062.5,301062.5,305734.0,332005.09375,339482.15625,356218.6875,HI,4132506,5336237,calibration
calibration_calibration_000668_18,calibration_000668,42,middle,2,4,calibration_000668_t2_c4,big,big_1,2,1.8,1.06,41,175669.81,175669.8125,173806.21875,191761.09375,197056.34375,209409.78125,HI,4132506,5336237,calibration
calibration_calibration_000668_19,calibration_000668,42,middle,2,5,calibration_000668_t2_c5,little,little_0,2,1.2,0.93,41,215510.17,215510.171875,229836.015625,250964.015625,257156.4375,271248.5,HI,4132506,5336237,calibration
calibration_calibration_000668_20,calibration_000668,42,middle,2,6,calibration_000668_t2_c6,big,big_0,3,2.2,1.15,41,138844.36,138844.359375,146283.625,162744.75,167461.34375,178794.953125,HI,4132506,5336237,calibration
calibration_calibration_000668_21,calibration_000668,44,high_degree,3,0,calibration_000668_t3_c0,little,little_1,0,0.6,0.8,43,510642.03,510642.03125,503534.0625,543628.125,555004.375,577256.375,HI,4132506,5336237,calibration
calibration_calibration_000668_22,calibration_000668,44,high_degree,3,1,calibration_000668_t3_c1,big,big_0,1,1.4,0.98,43,210311.81,210311.8125,204671.28125,224412.5,230278.671875,243700.703125,HI,4132506,5336237,calibration
calibration_calibration_000668_23,calibration_000668,44,high_degree,3,2,calibration_000668_t3_c2,little,little_0,1,0.9,0.86,43,411910.28,411910.28125,415123.625,450376.375,460380.875,481515.65625,HI,4132506,5336237,calibration
calibration_calibration_000668_24,calibration_000668,44,high_degree,3,3,calibration_000668_t3_c3,big,big_1,2,1.8,1.06,43,180672.67,180672.671875,180838.65625,199234.265625,204688.265625,217333.46875,HI,4132506,5336237,calibration
calibration_calibration_000668_25,calibration_000668,44,high_degree,3,4,calibration_000668_t3_c4,little,little_0,2,1.2,0.93,43,241704.3,241704.296875,248089.828125,270468.34375,277017.84375,291817.40625,HI,4132506,5336237,calibration
calibration_calibration_000668_26,calibration_000668,44,high_degree,3,5,calibration_000668_t3_c5,big,big_1,3,2.2,1.15,43,144326.27,144326.265625,137299.25,153322.96875,157860.03125,168888.84375,HI,4132506,5336237,calibration
calibration_calibration_000668_27,calibration_000668,44,high_degree,3,6,calibration_000668_t3_c6,little,little_0,3,1.5,1.0,43,210123.0,210123.0,212612.140625,232783.0,238757.234375,252393.484375,HI,4132506,5336237,calibration
calibration_calibration_000668_28,calibration_000668,72,communication_heavy,4,0,calibration_000668_t4_c0,big,big_1,1,1.4,0.98,71,301491.16,301491.15625,310686.0,337411.46875,345026.5,362015.875,HI,4132506,5336237,calibration
calibration_calibration_000668_29,calibration_000668,72,communication_heavy,4,1,calibration_000668_t4_c1,little,little_1,1,0.9,0.86,71,498917.3,498917.3125,502220.0625,544926.1875,557312.5625,581606.8125,HI,4132506,5336237,calibration
calibration_calibration_000668_30,calibration_000668,72,communication_heavy,4,2,calibration_000668_t4_c2,big,big_0,2,1.8,1.06,71,214310.38,214310.375,221606.875,242418.28125,248596.78125,262630.84375,HI,4132506,5336237,calibration
calibration_calibration_000668_31,calibration_000668,72,communication_heavy,4,3,calibration_000668_t4_c3,little,little_0,2,1.2,0.93,71,342260.5,342260.5,347343.75,376973.03125,385358.625,403811.40625,HI,4132506,5336237,calibration
calibration_calibration_000668_32,calibration_000668,72,communication_heavy,4,4,calibration_000668_t4_c4,big,big_0,3,2.2,1.15,71,161434.92,161434.921875,161267.375,178483.75,183507.40625,195369.421875,HI,4132506,5336237,calibration
calibration_calibration_000668_33,calibration_000668,72,communication_heavy,4,5,calibration_000668_t4_c5,little,little_0,3,1.5,1.0,71,256416.39,256416.390625,267392.03125,290990.3125,297828.59375,313217.0625,HI,4132506,5336237,calibration
calibration_calibration_000668_34,calibration_000668,72,communication_heavy,4,6,calibration_000668_t4_c6,big,big_1,0,1.0,0.9,71,376074.34,376074.34375,378965.6875,411252.40625,420380.625,440162.5,HI,4132506,5336237,calibration
calibration_calibration_000668_35,calibration_000668,64,random,5,0,calibration_000668_t5_c0,little,little_0,1,0.9,0.86,63,340132.6,340132.59375,337269.96875,365837.71875,373903.875,391762.375,HI,4132506,5336237,calibration
calibration_calibration_000668_36,calibration_000668,64,random,5,1,calibration_000668_t5_c1,big,big_1,2,1.8,1.06,63,155803.84,155803.84375,160744.0625,177995.34375,183029.59375,194918.875,HI,4132506,5336237,calibration
calibration_calibration_000668_37,calibration_000668,64,random,5,2,calibration_000668_t5_c2,little,little_0,2,1.2,0.93,63,299619.97,299619.96875,323495.625,351190.4375,359064.4375,376535.3125,HI,4132506,5336237,calibration
calibration_calibration_000668_38,calibration_000668,64,random,5,3,calibration_000668_t5_c3,big,big_0,3,2.2,1.15,63,145395.78,145395.78125,156021.453125,173068.34375,178012.21875,189752.84375,HI,4132506,5336237,calibration
calibration_calibration_000668_39,calibration_000668,64,random,5,4,calibration_000668_t5_c4,little,little_0,3,1.5,1.0,63,234721.84,234721.84375,248421.9375,270787.4375,277337.0,292111.4375,HI,4132506,5336237,calibration
calibration_calibration_000668_40,calibration_000668,64,random,5,5,calibration_000668_t5_c5,big,big_0,0,1.0,0.9,63,245019.08,245019.078125,251175.109375,273749.84375,280341.875,295237.3125,HI,4132506,5336237,calibration
calibration_calibration_000668_41,calibration_000668,64,random,5,6,calibration_000668_t5_c6,little,little_1,0,0.6,0.8,63,484089.75,484089.75,510320.875,550682.375,562127.6875,584376.5,HI,4132506,5336237,calibration
calibration_calibration_000750_00,calibration_000750,1,source_like,0,0,calibration_000750_t0_c0,little,little_0,0,0.6,0.8,0,313325.56,313325.5625,321419.3125,348436.90625,355808.0625,372695.375,LO,6398210,8313895,calibration
calibration_calibration_000750_01,calibration_000750,1,source_like,0,1,calibration_000750_t0_c1,big,big_1,1,1.4,0.98,0,100288.72,100288.71875,93639.4375,108337.96875,112372.90625,122519.15625,LO,6398210,8313895,calibration
calibration_calibration_000750_02,calibration_000750,1,source_like,0,2,calibration_000750_t0_c2,little,little_0,1,0.9,0.86,0,199064.42,199064.421875,202068.0,222055.171875,228110.90625,241893.609375,LO,6398210,8313895,calibration
calibration_calibration_000750_03,calibration_000750,1,source_like,0,3,calibration_000750_t0_c3,big,big_0,2,1.8,1.06,0,65285.707,65285.70703125,67672.53125,81383.359375,85234.6875,94709.9375,LO,6398210,8313895,calibration
calibration_calibration_000750_04,calibration_000750,1,source_like,0,4,calibration_000750_t0_c4,little,little_1,2,1.2,0.93,0,163681.55,163681.546875,160641.03125,177832.5625,182882.578125,194775.09375,LO,6398210,8313895,calibration
calibration_calibration_000750_05,calibration_000750,1,source_like,0,5,calibration_000750_t0_c5,big,big_1,3,2.2,1.15,0,59397.824,59397.82421875,55211.609375,68377.828125,72152.25,81246.484375,LO,6398210,8313895,calibration
calibration_calibration_000750_06,calibration_000750,1,source_like,0,6,calibration_000750_t0_c6,little,little_0,3,1.5,1.0,0,122909.72,122909.71875,121557.3125,137050.453125,141387.96875,152092.515625,LO,6398210,8313895,calibration
calibration_calibration_000750_07,calibration_000750,19,sink_like,1,0,calibration_000750_t1_c0,big,big_0,1,1.4,0.98,18,193553.48,193553.484375,218394.296875,238988.75,245109.5,259018.5,LO,6398210,8313895,calibration
calibration_calibration_000750_08,calibration_000750,19,sink_like,1,1,calibration_000750_t1_c1,little,little_1,1,0.9,0.86,18,325141.38,325141.375,322614.65625,350110.75,357906.53125,375250.3125,LO,6398210,8313895,calibration
calibration_calibration_000750_09,calibration_000750,19,sink_like,1,2,calibration_000750_t1_c2,big,big_1,2,1.8,1.06,18,152019.58,152019.578125,164012.0625,181473.09375,186590.03125,198628.59375,LO,6398210,8313895,calibration
calibration_calibration_000750_10,calibration_000750,19,sink_like,1,3,calibration_000750_t1_c3,little,little_1,2,1.2,0.93,18,297209.72,297209.71875,316814.25,343994.9375,351734.8125,368944.78125,LO,6398210,8313895,calibration
calibration_calibration_000750_11,calibration_000750,19,sink_like,1,4,calibration_000750_t1_c4,big,big_0,3,2.2,1.15,18,106891.23,106891.2265625,112815.875,127783.359375,131926.71875,142278.3125,LO,6398210,8313895,calibration
calibration_calibration_000750_12,calibration_000750,19,sink_like,1,5,calibration_000750_t1_c5,little,little_1,3,1.5,1.0,18,225023.0,225023.0,234343.5,255844.34375,262180.6875,276525.5625,LO,6398210,8313895,calibration
calibration_calibration_000750_13,calibration_000750,19,sink_like,1,6,calibration_000750_t1_c6,big,big_1,0,1.0,0.9,18,224015.19,224015.1875,240250.890625,262188.75,268643.53125,283247.3125,LO,6398210,8313895,calibration
calibration_calibration_000750_14,calibration_000750,212,middle,2,0,calibration_000750_t2_c0,little,little_0,1,0.9,0.86,211,383797.28,383797.28125,354019.9375,384127.34375,392633.40625,411315.0,LO,6398210,8313895,calibration
calibration_calibration_000750_15,calibration_000750,212,middle,2,1,calibration_000750_t2_c1,big,big_1,2,1.8,1.06,211,167799.94,167799.9375,163935.4375,181308.171875,186386.96875,198351.375,LO,6398210,8313895,calibration
calibration_calibration_000750_16,calibration_000750,212,middle,2,2,calibration_000750_t2_c2,little,little_0,2,1.2,0.93,211,319640.75,319640.75,317973.71875,345264.71875,353025.5625,370291.625,LO,6398210,8313895,calibration
calibration_calibration_000750_17,calibration_000750,212,middle,2,3,calibration_000750_t2_c3,big,big_0,3,2.2,1.15,211,149537.02,149537.015625,139138.90625,155211.734375,159774.65625,170841.171875,LO,6398210,8313895,calibration
calibration_calibration_000750_18,calibration_000750,212,middle,2,4,calibration_000750_t2_c4,little,little_0,3,1.5,1.0,211,246290.69,246290.6875,233757.46875,255150.359375,261426.46875,275667.8125,LO,6398210,8313895,calibration
calibration_calibration_000750_19,calibration_000750,212,middle,2,5,calibration_000750_t2_c5,big,big_0,0,1.0,0.9,211,211415.62,211415.625,209982.078125,229948.484375,235848.53125,249350.171875,LO,6398210,8313895,calibration
calibration_calibration_000750_20,calibration_000750,212,middle,2,6,calibration_000750_t2_c6,little,little_0,0,0.6,0.8,211,569617.75,569617.75,538107.5,581273.8125,593728.5,617142.75,LO,6398210,8313895,calibration
calibration_calibration_000750_21,calibration_000750,234,high_degree,3,0,calibration_000750_t3_c0,big,big_0,2,1.8,1.06,233,382393.47,382393.46875,409702.78125,444662.71875,454575.625,475622.28125,LO,6398210,8313895,calibration
calibration_calibration_000750_22,calibration_000750,234,high_degree,3,1,calibration_000750_t3_c1,little,little_1,2,1.2,0.93,233,596747.0,596747.0,604823.5,657501.5,673422.5,702117.375,LO,6398210,8313895,calibration
calibration_calibration_000750_23,calibration_000750,234,high_degree,3,2,calibration_000750_t3_c2,big,big_0,3,2.2,1.15,233,337626.25,337626.25,353526.375,383690.0625,392222.25,410964.34375,LO,6398210,8313895,calibration
calibration_calibration_000750_24,calibration_000750,234,high_degree,3,3,calibration_000750_t3_c3,little,little_0,3,1.5,1.0,233,418580.44,418580.4375,425513.8125,461887.28125,472240.375,493952.59375,LO,6398210,8313895,calibration
calibration_calibration_000750_25,calibration_000750,234,high_degree,3,4,calibration_000750_t3_c4,big,big_0,0,1.0,0.9,233,485002.16,485002.15625,551933.375,598558.125,612302.25,637961.4375,LO,6398210,8313895,calibration
calibration_calibration_000750_26,calibration_000750,234,high_degree,3,5,calibration_000750_t3_c5,little,little_0,0,0.6,0.8,233,1087990.0,1087990.0,1074413.25,1183079.5,1210469.25,1294232.75,LO,6398210,8313895,calibration
calibration_calibration_000750_27,calibration_000750,234,high_degree,3,6,calibration_000750_t3_c6,big,big_0,1,1.4,0.98,233,552398.6,552398.625,543404.5,590143.875,603973.5,630046.4375,LO,6398210,8313895,calibration
calibration_calibration_000750_28,calibration_000750,273,random,4,0,calibration_000750_t4_c0,little,little_1,2,1.2,0.93,272,229481.62,229481.625,232077.8125,253408.375,259688.71875,273925.09375,LO,6398210,8313895,calibration
calibration_calibration_000750_29,calibration_000750,273,random,4,1,calibration_000750_t4_c1,big,big_0,3,2.2,1.15,272,100418.984,100418.984375,96518.8125,111094.390625,115087.3125,125161.3125,LO,6398210,8313895,calibration
calibration_calibration_000750_30,calibration_000750,273,random,4,2,calibration_000750_t4_c2,little,little_0,3,1.5,1.0,272,216580.69,216580.6875,208011.40625,227892.921875,233787.296875,247258.984375,LO,6398210,8313895,calibration
calibration_calibration_000750_31,calibration_000750,273,random,4,3,calibration_000750_t4_c3,big,big_0,0,1.0,0.9,272,211507.84,211507.84375,222108.75,242894.15625,249049.6875,263041.84375,LO,6398210,8313895,calibration
calibration_calibration_000750_32,calibration_000750,273,random,4,4,calibration_000750_t4_c4,little,little_0,0,0.6,0.8,272,475953.03,475953.03125,463762.6875,500361.0,510554.125,531289.5625,LO,6398210,8313895,calibration
calibration_calibration_000750_33,calibration_000750,273,random,4,5,calibration_000750_t4_c5,big,big_0,1,1.4,0.98,272,155499.03,155499.03125,155879.03125,172870.359375,177814.3125,189544.09375,LO,6398210,8313895,calibration
calibration_calibration_000750_34,calibration_000750,273,random,4,6,calibration_000750_t4_c6,little,little_0,1,0.9,0.86,272,259317.83,259317.828125,254543.65625,277305.6875,283930.78125,298906.5,LO,6398210,8313895,calibration
calibration_calibration_000750_35,calibration_000750,211,diverse_fill_1,5,0,calibration_000750_t5_c0,big,big_1,3,2.2,1.15,210,113829.85,113829.8515625,110903.765625,125869.25,129986.953125,140308.609375,LO,6398210,8313895,calibration
calibration_calibration_000750_36,calibration_000750,211,diverse_fill_1,5,1,calibration_000750_t5_c1,little,little_1,3,1.5,1.0,210,224698.05,224698.046875,215702.78125,235993.90625,241983.0,255647.03125,LO,6398210,8313895,calibration
calibration_calibration_000750_37,calibration_000750,211,diverse_fill_1,5,2,calibration_000750_t5_c2,big,big_0,0,1.0,0.9,210,261802.62,261802.625,238406.96875,260127.53125,266489.75,280915.21875,LO,6398210,8313895,calibration
calibration_calibration_000750_38,calibration_000750,211,diverse_fill_1,5,3,calibration_000750_t5_c3,little,little_1,0,0.6,0.8,210,407135.78,407135.78125,375383.375,406116.46875,414576.1875,433193.0625,LO,6398210,8313895,calibration
calibration_calibration_000750_39,calibration_000750,211,diverse_fill_1,5,4,calibration_000750_t5_c4,big,big_0,1,1.4,0.98,210,157332.83,157332.828125,146545.40625,162959.171875,167677.0625,179005.15625,LO,6398210,8313895,calibration
calibration_calibration_000750_40,calibration_000750,211,diverse_fill_1,5,5,calibration_000750_t5_c5,little,little_0,1,0.9,0.86,210,275905.34,275905.34375,268229.46875,291866.75,298682.375,314077.25,LO,6398210,8313895,calibration
calibration_calibration_000750_41,calibration_000750,211,diverse_fill_1,5,6,calibration_000750_t5_c6,big,big_1,2,1.8,1.06,210,168454.9,168454.90625,157597.59375,174677.78125,179650.59375,191430.828125,LO,6398210,8313895,calibration
calibration_calibration_000766_00,calibration_000766,9,source_like,0,0,calibration_000766_t0_c0,big,big_0,2,1.8,1.06,8,71589.945,71589.9453125,68226.234375,81963.484375,85817.15625,95306.421875,HI,8969770,12880841,calibration
calibration_calibration_000766_01,calibration_000766,9,source_like,0,1,calibration_000766_t0_c1,little,little_1,2,1.2,0.93,8,156567.03,156567.03125,163044.828125,180375.9375,185484.28125,197476.40625,HI,8969770,12880841,calibration
calibration_calibration_000766_02,calibration_000766,9,source_like,0,2,calibration_000766_t0_c2,big,big_1,3,2.2,1.15,8,58461.992,58461.9921875,57491.515625,70779.921875,74571.46875,83741.125,HI,8969770,12880841,calibration
calibration_calibration_000766_03,calibration_000766,9,source_like,0,3,calibration_000766_t0_c3,little,little_0,3,1.5,1.0,8,125420.98,125420.9765625,120416.765625,135861.65625,140186.890625,150865.96875,HI,8969770,12880841,calibration
calibration_calibration_000766_04,calibration_000766,9,source_like,0,4,calibration_000766_t0_c4,big,big_0,0,1.0,0.9,8,135935.16,135935.15625,130680.59375,146532.59375,151043.765625,162043.15625,HI,8969770,12880841,calibration
calibration_calibration_000766_05,calibration_000766,9,source_like,0,5,calibration_000766_t0_c5,little,little_1,0,0.6,0.8,8,314583.8,314583.8125,311743.875,337790.4375,344843.46875,361200.3125,HI,8969770,12880841,calibration
calibration_calibration_000766_06,calibration_000766,9,source_like,0,6,calibration_000766_t0_c6,big,big_0,1,1.4,0.98,8,97670.62,97670.6171875,95116.5625,109850.578125,113888.046875,124048.734375,HI,8969770,12880841,calibration
calibration_calibration_000766_07,calibration_000766,157,sink_like,1,0,calibration_000766_t1_c0,little,little_0,2,1.2,0.93,156,347359.94,347359.9375,326003.09375,353911.8125,361835.84375,379420.4375,HI,8969770,12880841,calibration
calibration_calibration_000766_08,calibration_000766,157,sink_like,1,1,calibration_000766_t1_c1,big,big_1,3,2.2,1.15,156,139315.11,139315.109375,129100.21875,144662.078125,149035.1875,159769.8125,HI,8969770,12880841,calibration
calibration_calibration_000766_09,calibration_000766,157,sink_like,1,2,calibration_000766_t1_c2,little,little_1,3,1.5,1.0,156,259768.78,259768.78125,235049.6875,256514.28125,262804.375,277080.15625,HI,8969770,12880841,calibration
calibration_calibration_000766_10,calibration_000766,157,sink_like,1,3,calibration_000766_t1_c3,big,big_0,0,1.0,0.9,156,342706.5,342706.5,325240.0,353069.8125,360961.9375,378508.4375,HI,8969770,12880841,calibration
calibration_calibration_000766_11,calibration_000766,157,sink_like,1,4,calibration_000766_t1_c4,little,little_0,0,0.6,0.8,156,571023.3,571023.3125,525970.875,568219.125,580349.8125,603487.875,HI,8969770,12880841,calibration
calibration_calibration_000766_12,calibration_000766,157,sink_like,1,5,calibration_000766_t1_c5,big,big_0,1,1.4,0.98,156,221623.73,221623.734375,199126.375,218477.8125,224209.09375,237378.9375,HI,8969770,12880841,calibration
calibration_calibration_000766_13,calibration_000766,157,sink_like,1,6,calibration_000766_t1_c6,little,little_1,1,0.9,0.86,156,414823.1,414823.09375,392060.75,425346.90625,434762.25,454984.1875,HI,8969770,12880841,calibration
calibration_calibration_000766_14,calibration_000766,181,middle,2,0,calibration_000766_t2_c0,big,big_1,3,2.2,1.15,180,140828.5,140828.5,148749.78125,165395.34375,170177.1875,181631.625,HI,8969770,12880841,calibration
calibration_calibration_000766_15,calibration_000766,181,middle,2,1,calibration_000766_t2_c1,little,little_1,3,1.5,1.0,180,221547.4,221547.40625,218541.625,239078.328125,245161.6875,259002.90625,HI,8969770,12880841,calibration
calibration_calibration_000766_16,calibration_000766,181,middle,2,2,calibration_000766_t2_c2,big,big_1,0,1.0,0.9,180,231538.89,231538.890625,260168.234375,283313.5,290038.71875,305211.6875,HI,8969770,12880841,calibration
calibration_calibration_000766_17,calibration_000766,181,middle,2,3,calibration_000766_t2_c3,little,little_1,0,0.6,0.8,180,534268.2,534268.1875,526328.375,568078.375,580002.375,602773.1875,HI,8969770,12880841,calibration
calibration_calibration_000766_18,calibration_000766,181,middle,2,4,calibration_000766_t2_c4,big,big_0,1,1.4,0.98,180,216969.27,216969.265625,220710.828125,241404.1875,247539.9375,261476.515625,HI,8969770,12880841,calibration
calibration_calibration_000766_19,calibration_000766,181,middle,2,5,calibration_000766_t2_c5,little,little_0,1,0.9,0.86,180,318687.56,318687.5625,323943.09375,351510.71875,359320.5625,376691.375,HI,8969770,12880841,calibration
calibration_calibration_000766_20,calibration_000766,181,middle,2,6,calibration_000766_t2_c6,big,big_1,2,1.8,1.06,180,173252.75,173252.75,178831.953125,197125.234375,202546.921875,215130.6875,HI,8969770,12880841,calibration
calibration_calibration_000766_21,calibration_000766,96,high_degree,3,0,calibration_000766_t3_c0,little,little_0,3,1.5,1.0,95,211531.8,211531.796875,208842.921875,228741.375,234627.46875,248090.265625,HI,8969770,12880841,calibration
calibration_calibration_000766_22,calibration_000766,96,high_degree,3,1,calibration_000766_t3_c1,big,big_0,0,1.0,0.9,95,234216.47,234216.46875,226969.296875,247991.671875,254177.4375,268249.21875,HI,8969770,12880841,calibration
calibration_calibration_000766_23,calibration_000766,96,high_degree,3,2,calibration_000766_t3_c2,little,little_1,0,0.6,0.8,95,350174.3,350174.3125,355780.03125,385074.5,393104.90625,411049.8125,HI,8969770,12880841,calibration
calibration_calibration_000766_24,calibration_000766,96,high_degree,3,3,calibration_000766_t3_c3,big,big_0,1,1.4,0.98,95,154836.8,154836.796875,143037.625,159310.4375,163973.796875,175211.96875,HI,8969770,12880841,calibration
calibration_calibration_000766_25,calibration_000766,96,high_degree,3,4,calibration_000766_t3_c4,little,little_0,1,0.9,0.86,95,299474.3,299474.3125,304501.65625,330685.5625,338138.5,354826.0625,HI,8969770,12880841,calibration
calibration_calibration_000766_26,calibration_000766,96,high_degree,3,5,calibration_000766_t3_c5,big,big_0,2,1.8,1.06,95,125845.36,125845.359375,121572.734375,136913.453125,141182.75,151762.15625,HI,8969770,12880841,calibration
calibration_calibration_000766_27,calibration_000766,96,high_degree,3,6,calibration_000766_t3_c6,little,little_1,2,1.2,0.93,95,248030.44,248030.4375,236078.84375,257618.96875,263923.8125,278235.46875,HI,8969770,12880841,calibration
calibration_calibration_000766_28,calibration_000766,141,communication_heavy,4,0,calibration_000766_t4_c0,big,big_0,0,1.0,0.9,140,775817.6,775817.625,793735.875,866314.9375,887741.25,927401.125,HI,8969770,12880841,calibration
calibration_calibration_000766_29,calibration_000766,141,communication_heavy,4,1,calibration_000766_t4_c1,little,little_1,0,0.6,0.8,140,1296415.6,1296415.625,1136188.0,1255255.0,1286391.125,1386933.25,HI,8969770,12880841,calibration
calibration_calibration_000766_30,calibration_000766,141,communication_heavy,4,2,calibration_000766_t4_c2,big,big_0,1,1.4,0.98,140,535309.7,535309.6875,555459.625,603154.375,617317.0,643767.25,HI,8969770,12880841,calibration
calibration_calibration_000766_31,calibration_000766,141,communication_heavy,4,3,calibration_000766_t4_c3,little,little_0,1,0.9,0.86,140,1123948.9,1123948.875,1082379.5,1200510.75,1229909.25,1321688.0,HI,8969770,12880841,calibration
calibration_calibration_000766_32,calibration_000766,141,communication_heavy,4,4,calibration_000766_t4_c4,big,big_1,2,1.8,1.06,140,647411.9,647411.875,642638.0,700475.375,718342.25,749943.5625,HI,8969770,12880841,calibration
calibration_calibration_000766_33,calibration_000766,141,communication_heavy,4,5,calibration_000766_t4_c5,little,little_1,2,1.2,0.93,140,833315.5,833315.5,857863.6875,943873.75,968069.0625,1018213.5625,HI,8969770,12880841,calibration
calibration_calibration_000766_34,calibration_000766,141,communication_heavy,4,6,calibration_000766_t4_c6,big,big_1,3,2.2,1.15,140,447921.16,447921.15625,463540.96875,503714.625,515348.8125,538887.6875,HI,8969770,12880841,calibration
calibration_calibration_000766_35,calibration_000766,194,random,5,0,calibration_000766_t5_c0,little,little_0,0,0.6,0.8,193,249623.05,249623.046875,254617.265625,278650.4375,285768.34375,302010.15625,HI,8969770,12880841,calibration
calibration_calibration_000766_36,calibration_000766,194,random,5,1,calibration_000766_t5_c1,big,big_0,1,1.4,0.98,193,100704.43,100704.4296875,100392.84375,115275.640625,119366.421875,129646.5,HI,8969770,12880841,calibration
calibration_calibration_000766_37,calibration_000766,194,random,5,2,calibration_000766_t5_c2,little,little_0,1,0.9,0.86,193,208408.98,208408.984375,205030.390625,224912.90625,230839.359375,244397.03125,HI,8969770,12880841,calibration
calibration_calibration_000766_38,calibration_000766,194,random,5,3,calibration_000766_t5_c3,big,big_0,2,1.8,1.06,193,71146.68,71146.6796875,71224.859375,85033.328125,88876.90625,98397.96875,HI,8969770,12880841,calibration
calibration_calibration_000766_39,calibration_000766,194,random,5,4,calibration_000766_t5_c4,little,little_1,2,1.2,0.93,193,166809.12,166809.125,154922.03125,171902.03125,176862.546875,188623.71875,HI,8969770,12880841,calibration
calibration_calibration_000766_40,calibration_000766,194,random,5,5,calibration_000766_t5_c5,big,big_1,3,2.2,1.15,193,72435.555,72435.5546875,65067.375,78599.53125,82401.125,91735.484375,HI,8969770,12880841,calibration
calibration_calibration_000766_41,calibration_000766,194,random,5,6,calibration_000766_t5_c6,little,little_0,3,1.5,1.0,193,125003.98,125003.9765625,119482.078125,134840.8125,139114.375,149713.03125,HI,8969770,12880841,calibration
calibration_calibration_000773_00,calibration_000773,3,source_like,0,0,calibration_000773_t0_c0,little,little_0,1,0.9,0.86,2,81785.38,81785.3828125,77124.875,91780.734375,95971.609375,106262.921875,LO,4926741,6565602,calibration
calibration_calibration_000773_01,calibration_000773,3,source_like,0,1,calibration_000773_t0_c1,big,big_1,2,1.8,1.06,2,25869.525,25869.525390625,26669.796875,39053.625,42930.921875,51659.453125,LO,4926741,6565602,calibration
calibration_calibration_000773_02,calibration_000773,3,source_like,0,2,calibration_000773_t0_c2,little,little_0,2,1.2,0.93,2,55251.0,55251.0,53029.84375,66228.65625,70069.5,79245.4375,LO,4926741,6565602,calibration
calibration_calibration_000773_03,calibration_000773,3,source_like,0,3,calibration_000773_t0_c3,big,big_0,3,2.2,1.15,2,23574.28,23574.279296875,24383.015625,36816.03125,40752.0625,49547.546875,LO,4926741,6565602,calibration
calibration_calibration_000773_04,calibration_000773,3,source_like,0,4,calibration_000773_t0_c4,little,little_1,3,1.5,1.0,2,45763.418,45763.41796875,43935.234375,56764.703125,60589.1875,69549.078125,LO,4926741,6565602,calibration
calibration_calibration_000773_05,calibration_000773,3,source_like,0,5,calibration_000773_t0_c5,big,big_1,0,1.0,0.9,2,55368.9,55368.8984375,48174.28125,61370.0,65323.96875,74616.6875,LO,4926741,6565602,calibration
calibration_calibration_000773_06,calibration_000773,3,source_like,0,6,calibration_000773_t0_c6,little,little_1,0,0.6,0.8,2,121984.58,121984.578125,110443.234375,126764.6875,131637.21875,143501.640625,LO,4926741,6565602,calibration
calibration_calibration_000773_07,calibration_000773,184,sink_like,1,0,calibration_000773_t1_c0,big,big_1,2,1.8,1.06,183,262015.47,262015.46875,258377.28125,281469.875,288218.65625,303413.8125,LO,4926741,6565602,calibration
calibration_calibration_000773_08,calibration_000773,184,sink_like,1,1,calibration_000773_t1_c1,little,little_0,2,1.2,0.93,183,509457.44,509457.4375,470870.0625,511118.875,522711.46875,546100.25,LO,4926741,6565602,calibration
calibration_calibration_000773_09,calibration_000773,184,sink_like,1,2,calibration_000773_t1_c2,big,big_1,3,2.2,1.15,183,239128.11,239128.109375,239962.828125,261940.234375,268441.3125,283120.25,LO,4926741,6565602,calibration
calibration_calibration_000773_10,calibration_000773,184,sink_like,1,3,calibration_000773_t1_c3,little,little_1,3,1.5,1.0,183,393375.66,393375.65625,374632.53125,406545.03125,415566.9375,435151.875,LO,4926741,6565602,calibration
calibration_calibration_000773_11,calibration_000773,184,sink_like,1,4,calibration_000773_t1_c4,big,big_1,0,1.0,0.9,183,470460.22,470460.21875,464696.71875,504188.65625,515511.75,538491.5,LO,4926741,6565602,calibration
calibration_calibration_000773_12,calibration_000773,184,sink_like,1,5,calibration_000773_t1_c5,little,little_0,0,0.6,0.8,183,757230.4,757230.375,687510.25,742708.875,759430.375,787438.875,LO,4926741,6565602,calibration
calibration_calibration_000773_13,calibration_000773,184,sink_like,1,6,calibration_000773_t1_c6,big,big_1,1,1.4,0.98,183,364941.0,364941.0,357198.25,387587.4375,396169.46875,414994.53125,LO,4926741,6565602,calibration
calibration_calibration_000773_14,calibration_000773,182,middle,2,0,calibration_000773_t2_c0,little,little_0,2,1.2,0.93,181,330235.88,330235.875,304332.09375,330538.96875,338027.21875,354749.65625,LO,4926741,6565602,calibration
calibration_calibration_000773_15,calibration_000773,182,middle,2,1,calibration_000773_t2_c1,big,big_1,3,2.2,1.15,181,177412.23,177412.234375,177717.703125,196043.1875,201488.84375,214127.46875,LO,4926741,6565602,calibration
calibration_calibration_000773_16,calibration_000773,182,middle,2,2,calibration_000773_t2_c2,little,little_1,3,1.5,1.0,181,318516.38,318516.375,306753.875,333217.1875,340787.3125,357651.21875,LO,4926741,6565602,calibration
calibration_calibration_000773_17,calibration_000773,182,middle,2,3,calibration_000773_t2_c3,big,big_0,0,1.0,0.9,181,233582.56,233582.5625,244036.1875,266228.84375,272749.4375,287490.5,LO,4926741,6565602,calibration
calibration_calibration_000773_18,calibration_000773,182,middle,2,4,calibration_000773_t2_c4,little,little_1,0,0.6,0.8,181,610038.3,610038.3125,624698.5625,674276.875,688998.25,714426.25,LO,4926741,6565602,calibration
calibration_calibration_000773_19,calibration_000773,182,middle,2,5,calibration_000773_t2_c5,big,big_0,1,1.4,0.98,181,227780.17,227780.171875,226201.6875,247267.390625,253504.109375,267654.9375,LO,4926741,6565602,calibration
calibration_calibration_000773_20,calibration_000773,182,middle,2,6,calibration_000773_t2_c6,little,little_0,1,0.9,0.86,181,418115.3,418115.3125,427091.9375,463150.625,473370.0,494803.75,LO,4926741,6565602,calibration
calibration_calibration_000773_21,calibration_000773,105,high_degree,3,0,calibration_000773_t3_c0,big,big_0,3,2.2,1.15,104,135189.3,135189.296875,128265.34375,143881.96875,148249.25,158992.09375,LO,4926741,6565602,calibration
calibration_calibration_000773_22,calibration_000773,105,high_degree,3,1,calibration_000773_t3_c1,little,little_0,3,1.5,1.0,104,206050.19,206050.1875,199842.328125,219156.125,224856.75,237968.640625,LO,4926741,6565602,calibration
calibration_calibration_000773_23,calibration_000773,105,high_degree,3,2,calibration_000773_t3_c2,big,big_0,0,1.0,0.9,104,295580.66,295580.65625,277136.4375,301370.71875,308333.34375,324018.3125,LO,4926741,6565602,calibration
calibration_calibration_000773_24,calibration_000773,105,high_degree,3,3,calibration_000773_t3_c3,little,little_1,0,0.6,0.8,104,419969.1,419969.09375,414924.21875,448973.8125,458497.75,478742.8125,LO,4926741,6565602,calibration
calibration_calibration_000773_25,calibration_000773,105,high_degree,3,4,calibration_000773_t3_c4,big,big_0,1,1.4,0.98,104,208575.2,208575.203125,193856.90625,212926.078125,218590.265625,231621.078125,LO,4926741,6565602,calibration
calibration_calibration_000773_26,calibration_000773,105,high_degree,3,5,calibration_000773_t3_c5,little,little_0,1,0.9,0.86,104,255672.38,255672.375,258515.234375,281499.59375,288146.0625,303200.75,LO,4926741,6565602,calibration
calibration_calibration_000773_27,calibration_000773,105,high_degree,3,6,calibration_000773_t3_c6,big,big_1,2,1.8,1.06,104,149591.45,149591.453125,140369.703125,156496.34375,161087.265625,172199.46875,LO,4926741,6565602,calibration
calibration_calibration_000773_28,calibration_000773,49,communication_heavy,4,0,calibration_000773_t4_c0,little,little_1,3,1.5,1.0,48,271909.7,271909.6875,267601.78125,291205.09375,298039.65625,313429.71875,LO,4926741,6565602,calibration
calibration_calibration_000773_29,calibration_000773,49,communication_heavy,4,1,calibration_000773_t4_c1,big,big_1,0,1.0,0.9,48,412351.3,412351.3125,396272.125,429994.4375,439538.75,459993.5,LO,4926741,6565602,calibration
calibration_calibration_000773_30,calibration_000773,49,communication_heavy,4,2,calibration_000773_t4_c2,little,little_0,0,0.6,0.8,48,670201.2,670201.1875,603961.0,652479.875,666862.75,692173.125,LO,4926741,6565602,calibration
calibration_calibration_000773_31,calibration_000773,49,communication_heavy,4,3,calibration_000773_t4_c3,big,big_1,1,1.4,0.98,48,338954.53,338954.53125,321360.3125,348883.28125,356700.6875,374095.53125,LO,4926741,6565602,calibration
calibration_calibration_000773_32,calibration_000773,49,communication_heavy,4,4,calibration_000773_t4_c4,little,little_1,1,0.9,0.86,48,471394.84,471394.84375,489891.9375,531395.375,543365.625,567113.75,LO,4926741,6565602,calibration
calibration_calibration_000773_33,calibration_000773,49,communication_heavy,4,5,calibration_000773_t4_c5,big,big_1,2,1.8,1.06,48,305920.84,305920.84375,307793.84375,334308.84375,341878.96875,358772.96875,LO,4926741,6565602,calibration
calibration_calibration_000773_34,calibration_000773,49,communication_heavy,4,6,calibration_000773_t4_c6,little,little_1,2,1.2,0.93,48,420924.12,420924.125,444270.78125,482240.28125,493100.5625,515515.5625,LO,4926741,6565602,calibration
calibration_calibration_000773_35,calibration_000773,171,random,5,0,calibration_000773_t5_c0,big,big_1,0,1.0,0.9,170,290331.34,290331.34375,300720.15625,326673.21875,334082.1875,350663.25,LO,4926741,6565602,calibration
calibration_calibration_000773_36,calibration_000773,171,random,5,1,calibration_000773_t5_c1,little,little_0,0,0.6,0.8,170,515190.47,515190.46875,494521.4375,533753.875,544824.875,566738.25,LO,4926741,6565602,calibration
calibration_calibration_000773_37,calibration_000773,171,random,5,2,calibration_000773_t5_c2,big,big_1,1,1.4,0.98,170,223219.25,223219.25,216322.21875,236750.15625,242812.859375,256608.796875,LO,4926741,6565602,calibration
calibration_calibration_000773_38,calibration_000773,171,random,5,3,calibration_000773_t5_c3,little,little_1,1,0.9,0.86,170,373482.38,373482.375,376677.9375,408477.8125,417435.96875,436885.46875,LO,4926741,6565602,calibration
calibration_calibration_000773_39,calibration_000773,171,random,5,4,calibration_000773_t5_c4,big,big_1,2,1.8,1.06,170,151397.62,151397.625,158807.9375,175978.03125,180984.8125,192824.78125,LO,4926741,6565602,calibration
calibration_calibration_000773_40,calibration_000773,171,random,5,5,calibration_000773_t5_c5,little,little_1,2,1.2,0.93,170,317563.12,317563.125,312801.125,339662.125,347317.0625,364361.6875,LO,4926741,6565602,calibration
calibration_calibration_000773_41,calibration_000773,171,random,5,6,calibration_000773_t5_c6,big,big_1,3,2.2,1.15,170,116345.51,116345.5078125,116576.28125,131726.34375,135927.515625,146386.4375,LO,4926741,6565602,calibration
calibration_calibration_000782_00,calibration_000782,10,source_like,0,0,calibration_000782_t0_c0,big,big_0,3,2.2,1.15,9,34834.207,34834.20703125,37171.71875,49666.6875,53418.9375,62104.1875,HI,1216656,1576578,calibration
calibration_calibration_000782_01,calibration_000782,10,source_like,0,1,calibration_000782_t0_c1,little,little_1,3,1.5,1.0,9,78474.305,78474.3046875,72478.53125,86499.5,90423.5625,100114.640625,HI,1216656,1576578,calibration
calibration_calibration_000782_02,calibration_000782,10,source_like,0,2,calibration_000782_t0_c2,big,big_0,0,1.0,0.9,9,76849.02,76849.0234375,77849.1875,92271.65625,96313.84375,106319.109375,HI,1216656,1576578,calibration
calibration_calibration_000782_03,calibration_000782,10,source_like,0,3,calibration_000782_t0_c3,little,little_0,0,0.6,0.8,9,191008.5,191008.5,174123.96875,193425.796875,199350.84375,213014.859375,HI,1216656,1576578,calibration
calibration_calibration_000782_04,calibration_000782,10,source_like,0,4,calibration_000782_t0_c4,big,big_0,1,1.4,0.98,9,60263.72,60263.71875,60139.046875,73700.109375,77606.359375,87043.140625,HI,1216656,1576578,calibration
calibration_calibration_000782_05,calibration_000782,10,source_like,0,5,calibration_000782_t0_c5,little,little_1,1,0.9,0.86,9,135213.86,135213.859375,130611.71875,146930.640625,151695.765625,163216.40625,HI,1216656,1576578,calibration
calibration_calibration_000782_06,calibration_000782,10,source_like,0,6,calibration_000782_t0_c6,big,big_1,2,1.8,1.06,9,43302.188,43302.1875,43441.71875,56221.296875,60023.640625,68932.09375,HI,1216656,1576578,calibration
calibration_calibration_000782_07,calibration_000782,298,sink_like,1,0,calibration_000782_t1_c0,little,little_1,3,1.5,1.0,297,214912.89,214912.890625,221529.15625,242177.640625,248265.765625,262124.75,HI,1216656,1576578,calibration
calibration_calibration_000782_08,calibration_000782,298,sink_like,1,1,calibration_000782_t1_c1,big,big_0,0,1.0,0.9,297,229915.97,229915.96875,231702.5625,253008.953125,259267.703125,273485.53125,HI,1216656,1576578,calibration
calibration_calibration_000782_09,calibration_000782,298,sink_like,1,2,calibration_000782_t1_c2,little,little_1,0,0.6,0.8,297,392785.94,392785.9375,392715.1875,424814.3125,433706.46875,452985.875,HI,1216656,1576578,calibration
calibration_calibration_000782_10,calibration_000782,298,sink_like,1,3,calibration_000782_t1_c3,big,big_0,1,1.4,0.98,297,172855.61,172855.609375,175930.4375,193956.59375,199276.359375,211670.46875,HI,1216656,1576578,calibration
calibration_calibration_000782_11,calibration_000782,298,sink_like,1,4,calibration_000782_t1_c4,little,little_1,1,0.9,0.86,297,355683.2,355683.1875,353349.75,383405.09375,391899.25,410551.90625,HI,1216656,1576578,calibration
calibration_calibration_000782_12,calibration_000782,298,sink_like,1,5,calibration_000782_t1_c5,big,big_1,2,1.8,1.06,297,115353.04,115353.0390625,126560.546875,142045.96875,146381.484375,157060.5,HI,1216656,1576578,calibration
calibration_calibration_000782_13,calibration_000782,298,sink_like,1,6,calibration_000782_t1_c6,little,little_0,2,1.2,0.93,297,250097.92,250097.921875,265037.25,288458.1875,295238.40625,310519.03125,HI,1216656,1576578,calibration
calibration_calibration_000782_14,calibration_000782,162,middle,2,0,calibration_000782_t2_c0,big,big_1,0,1.0,0.9,161,244099.06,244099.0625,243055.140625,265074.125,271514.75,286098.875,HI,1216656,1576578,calibration
calibration_calibration_000782_15,calibration_000782,162,middle,2,1,calibration_000782_t2_c1,little,little_1,0,0.6,0.8,161,426181.78,426181.78125,404521.90625,437226.28125,446253.375,465698.0,HI,1216656,1576578,calibration
calibration_calibration_000782_16,calibration_000782,162,middle,2,2,calibration_000782_t2_c2,big,big_0,1,1.4,0.98,161,141930.75,141930.75,140025.265625,156151.328125,160753.0625,171884.3125,HI,1216656,1576578,calibration
calibration_calibration_000782_17,calibration_000782,162,middle,2,3,calibration_000782_t2_c3,little,little_1,1,0.9,0.86,161,309589.16,309589.15625,300267.84375,326110.34375,333478.8125,349988.53125,HI,1216656,1576578,calibration
calibration_calibration_000782_18,calibration_000782,162,middle,2,4,calibration_000782_t2_c4,big,big_0,2,1.8,1.06,161,126174.05,126174.046875,134511.125,150423.1875,154921.0625,165883.5625,HI,1216656,1576578,calibration
calibration_calibration_000782_19,calibration_000782,162,middle,2,5,calibration_000782_t2_c5,little,little_0,2,1.2,0.93,161,231588.44,231588.4375,229084.9375,250243.3125,256476.296875,270627.28125,HI,1216656,1576578,calibration
calibration_calibration_000782_20,calibration_000782,162,middle,2,6,calibration_000782_t2_c6,big,big_0,3,2.2,1.15,161,121940.92,121940.921875,122908.71875,138378.171875,142674.265625,153309.453125,HI,1216656,1576578,calibration
calibration_calibration_000782_21,calibration_000782,119,high_degree,3,0,calibration_000782_t3_c0,little,little_1,0,0.6,0.8,118,659080.06,659080.0625,656990.5,709224.0,724881.3125,751373.875,HI,1216656,1576578,calibration
calibration_calibration_000782_22,calibration_000782,119,high_degree,3,1,calibration_000782_t3_c1,big,big_1,1,1.4,0.98,118,224986.19,224986.1875,229478.90625,250766.359375,257072.296875,271355.25,HI,1216656,1576578,calibration
calibration_calibration_000782_23,calibration_000782,119,high_degree,3,2,calibration_000782_t3_c2,little,little_0,1,0.9,0.86,118,409602.06,409602.0625,401061.5,434786.15625,444284.5,464612.8125,HI,1216656,1576578,calibration
calibration_calibration_000782_24,calibration_000782,119,high_degree,3,3,calibration_000782_t3_c3,big,big_1,2,1.8,1.06,118,190707.55,190707.546875,207379.984375,227383.25,233364.25,246996.90625,HI,1216656,1576578,calibration
calibration_calibration_000782_25,calibration_000782,119,high_degree,3,4,calibration_000782_t3_c4,little,little_1,2,1.2,0.93,118,325804.16,325804.15625,324901.4375,352678.3125,360570.125,378089.25,HI,1216656,1576578,calibration
calibration_calibration_000782_26,calibration_000782,119,high_degree,3,5,calibration_000782_t3_c5,big,big_1,3,2.2,1.15,118,142668.88,142668.875,144262.140625,160678.109375,165381.25,176697.125,HI,1216656,1576578,calibration
calibration_calibration_000782_27,calibration_000782,119,high_degree,3,6,calibration_000782_t3_c6,little,little_1,3,1.5,1.0,118,255874.89,255874.890625,260936.4375,284187.71875,290978.9375,306248.96875,HI,1216656,1576578,calibration
calibration_calibration_000782_28,calibration_000782,113,random,4,0,calibration_000782_t4_c0,big,big_0,1,1.4,0.98,112,123395.484,123395.484375,125209.984375,140863.453125,145272.15625,156108.96875,HI,1216656,1576578,calibration
calibration_calibration_000782_29,calibration_000782,113,random,4,1,calibration_000782_t4_c1,little,little_1,1,0.9,0.86,112,170201.31,170201.3125,182073.0,200888.921875,206531.8125,219573.296875,HI,1216656,1576578,calibration
calibration_calibration_000782_30,calibration_000782,113,random,4,2,calibration_000782_t4_c2,big,big_0,2,1.8,1.06,112,103269.34,103269.34375,97665.28125,112375.671875,116410.296875,126569.890625,HI,1216656,1576578,calibration
calibration_calibration_000782_31,calibration_000782,113,random,4,3,calibration_000782_t4_c3,little,little_1,2,1.2,0.93,112,156533.7,156533.703125,165015.625,182496.25,187638.65625,199719.1875,HI,1216656,1576578,calibration
calibration_calibration_000782_32,calibration_000782,113,random,4,4,calibration_000782_t4_c4,big,big_0,3,2.2,1.15,112,91989.04,91989.0390625,84780.546875,99086.484375,103013.59375,112878.609375,HI,1216656,1576578,calibration
calibration_calibration_000782_33,calibration_000782,113,random,4,5,calibration_000782_t4_c5,little,little_0,3,1.5,1.0,112,156316.6,156316.59375,160079.9375,177296.203125,182328.4375,194213.6875,HI,1216656,1576578,calibration
calibration_calibration_000782_34,calibration_000782,113,random,4,6,calibration_000782_t4_c6,big,big_1,0,1.0,0.9,112,124794.836,124794.8359375,128169.6875,144074.53125,148602.65625,159664.625,HI,1216656,1576578,calibration
calibration_calibration_000782_35,calibration_000782,51,diverse_fill_1,5,0,calibration_000782_t5_c0,little,little_1,1,0.9,0.86,50,246381.72,246381.71875,229698.640625,251047.453125,257354.484375,271682.0625,HI,1216656,1576578,calibration
calibration_calibration_000782_36,calibration_000782,51,diverse_fill_1,5,1,calibration_000782_t5_c1,big,big_0,2,1.8,1.06,50,98626.45,98626.453125,95544.546875,110206.890625,114212.6875,124313.328125,HI,1216656,1576578,calibration
calibration_calibration_000782_37,calibration_000782,51,diverse_fill_1,5,2,calibration_000782_t5_c2,little,little_0,2,1.2,0.93,50,183250.03,183250.03125,168060.6875,185763.1875,191003.3125,203257.375,HI,1216656,1576578,calibration
calibration_calibration_000782_38,calibration_000782,51,diverse_fill_1,5,3,calibration_000782_t5_c3,big,big_1,3,2.2,1.15,50,94883.77,94883.7734375,85453.578125,99854.546875,103785.265625,113666.734375,HI,1216656,1576578,calibration
calibration_calibration_000782_39,calibration_000782,51,diverse_fill_1,5,4,calibration_000782_t5_c4,little,little_0,3,1.5,1.0,50,171711.47,171711.46875,154007.6875,170889.28125,175784.15625,187427.96875,HI,1216656,1576578,calibration
calibration_calibration_000782_40,calibration_000782,51,diverse_fill_1,5,5,calibration_000782_t5_c5,big,big_1,0,1.0,0.9,50,147205.42,147205.421875,143650.859375,160245.46875,165072.921875,176641.71875,HI,1216656,1576578,calibration
calibration_calibration_000782_41,calibration_000782,51,diverse_fill_1,5,6,calibration_000782_t5_c6,little,little_1,0,0.6,0.8,50,353151.5,353151.5,345978.3125,374274.3125,381934.21875,399281.3125,HI,1216656,1576578,calibration
calibration_calibration_000790_00,calibration_000790,12,source_like,0,0,calibration_000790_t0_c0,little,little_0,0,0.6,0.8,11,289034.9,289034.90625,286856.0625,312247.375,319418.28125,335938.46875,LO,1650299,2246023,calibration
calibration_calibration_000790_01,calibration_000790,12,source_like,0,1,calibration_000790_t0_c1,big,big_1,1,1.4,0.98,11,79942.91,79942.90625,82230.734375,96606.6875,100573.1875,110481.234375,LO,1650299,2246023,calibration
calibration_calibration_000790_02,calibration_000790,12,source_like,0,2,calibration_000790_t0_c2,little,little_1,1,0.9,0.86,11,193364.6,193364.59375,203411.53125,223168.875,229043.4375,242491.234375,LO,1650299,2246023,calibration
calibration_calibration_000790_03,calibration_000790,12,source_like,0,3,calibration_000790_t0_c3,big,big_0,2,1.8,1.06,11,60575.21,60575.2109375,61864.078125,75325.53125,79137.359375,88426.78125,LO,1650299,2246023,calibration
calibration_calibration_000790_04,calibration_000790,12,source_like,0,4,calibration_000790_t0_c4,little,little_0,2,1.2,0.93,11,148046.02,148046.015625,148528.71875,165118.40625,169938.5625,181438.1875,LO,1650299,2246023,calibration
calibration_calibration_000790_05,calibration_000790,12,source_like,0,5,calibration_000790_t0_c5,big,big_1,3,2.2,1.15,11,52951.582,52951.58203125,54003.609375,67147.078125,70926.703125,80002.046875,LO,1650299,2246023,calibration
calibration_calibration_000790_06,calibration_000790,12,source_like,0,6,calibration_000790_t0_c6,little,little_1,3,1.5,1.0,11,111250.82,111250.8203125,118810.28125,134211.265625,138494.484375,149114.71875,LO,1650299,2246023,calibration
calibration_calibration_000790_07,calibration_000790,82,sink_like,1,0,calibration_000790_t1_c0,big,big_1,1,1.4,0.98,81,336488.22,336488.21875,373549.625,405281.375,414229.6875,433708.25,LO,1650299,2246023,calibration
calibration_calibration_000790_08,calibration_000790,82,sink_like,1,1,calibration_000790_t1_c1,little,little_0,1,0.9,0.86,81,550502.2,550502.1875,605989.6875,656923.0,672119.375,699308.0,LO,1650299,2246023,calibration
calibration_calibration_000790_09,calibration_000790,82,sink_like,1,2,calibration_000790_t1_c2,big,big_1,2,1.8,1.06,81,333226.66,333226.65625,369959.0625,401439.25,410326.15625,429695.5625,LO,1650299,2246023,calibration
calibration_calibration_000790_10,calibration_000790,82,sink_like,1,3,calibration_000790_t1_c3,little,little_1,2,1.2,0.93,81,424249.78,424249.78125,448826.625,487078.15625,498011.5625,520509.25,LO,1650299,2246023,calibration
calibration_calibration_000790_11,calibration_000790,82,sink_like,1,4,calibration_000790_t1_c4,big,big_1,3,2.2,1.15,81,260525.28,260525.28125,278591.25,303008.0,310074.3125,325931.46875,LO,1650299,2246023,calibration
calibration_calibration_000790_12,calibration_000790,82,sink_like,1,5,calibration_000790_t1_c5,little,little_1,3,1.5,1.0,81,411993.38,411993.375,449756.0,488298.0,499346.84375,522040.71875,LO,1650299,2246023,calibration
calibration_calibration_000790_13,calibration_000790,82,sink_like,1,6,calibration_000790_t1_c6,big,big_1,0,1.0,0.9,81,536003.4,536003.375,601839.75,652889.125,668203.9375,695615.25,LO,1650299,2246023,calibration
calibration_calibration_000790_14,calibration_000790,54,middle,2,0,calibration_000790_t2_c0,little,little_0,1,0.9,0.86,53,436701.62,436701.625,440999.75,478431.4375,489096.75,511199.53125,LO,1650299,2246023,calibration
calibration_calibration_000790_15,calibration_000790,54,middle,2,1,calibration_000790_t2_c1,big,big_1,2,1.8,1.06,53,206579.28,206579.28125,223943.390625,244884.046875,251091.203125,265183.90625,LO,1650299,2246023,calibration
calibration_calibration_000790_16,calibration_000790,54,middle,2,2,calibration_000790_t2_c2,little,little_1,2,1.2,0.93,53,418847.38,418847.375,416275.125,451793.6875,461887.3125,483190.75,LO,1650299,2246023,calibration
calibration_calibration_000790_17,calibration_000790,54,middle,2,3,calibration_000790_t2_c3,big,big_1,3,2.2,1.15,53,193738.02,193738.015625,207309.046875,227296.8125,233259.6875,246870.640625,LO,1650299,2246023,calibration
calibration_calibration_000790_18,calibration_000790,54,middle,2,4,calibration_000790_t2_c4,little,little_1,3,1.5,1.0,53,354794.8,354794.8125,362945.78125,393911.125,402672.0625,421798.65625,LO,1650299,2246023,calibration
calibration_calibration_000790_19,calibration_000790,54,middle,2,5,calibration_000790_t2_c5,big,big_0,0,1.0,0.9,53,413011.97,413011.96875,438350.84375,475746.125,486420.96875,508562.8125,LO,1650299,2246023,calibration
calibration_calibration_000790_20,calibration_000790,54,middle,2,6,calibration_000790_t2_c6,little,little_0,0,0.6,0.8,53,583277.06,583277.0625,568189.25,613973.5,627350.25,651771.4375,LO,1650299,2246023,calibration
calibration_calibration_000790_21,calibration_000790,18,high_degree,3,0,calibration_000790_t3_c0,big,big_0,2,1.8,1.06,17,355114.94,355114.9375,370547.375,402055.875,410945.71875,430319.5,LO,1650299,2246023,calibration
calibration_calibration_000790_22,calibration_000790,18,high_degree,3,1,calibration_000790_t3_c1,little,little_1,2,1.2,0.93,17,657923.3,657923.3125,672531.0,732777.125,751240.75,783795.625,LO,1650299,2246023,calibration
calibration_calibration_000790_23,calibration_000790,18,high_degree,3,2,calibration_000790_t3_c2,big,big_1,3,2.2,1.15,17,315995.2,315995.1875,350355.875,380242.625,388697.84375,407300.78125,LO,1650299,2246023,calibration
calibration_calibration_000790_24,calibration_000790,18,high_degree,3,3,calibration_000790_t3_c3,little,little_1,3,1.5,1.0,17,457821.78,457821.78125,488992.78125,531077.4375,543301.375,567557.3125,LO,1650299,2246023,calibration
calibration_calibration_000790_25,calibration_000790,18,high_degree,3,4,calibration_000790_t3_c4,big,big_1,0,1.0,0.9,17,475178.97,475178.96875,495334.0625,537274.875,549399.625,573323.125,LO,1650299,2246023,calibration
calibration_calibration_000790_26,calibration_000790,18,high_degree,3,5,calibration_000790_t3_c5,little,little_1,0,0.6,0.8,17,1124875.6,1124875.625,1168056.25,1294467.875,1327220.5,1435092.0,LO,1650299,2246023,calibration
calibration_calibration_000790_27,calibration_000790,18,high_degree,3,6,calibration_000790_t3_c6,big,big_1,1,1.4,0.98,17,426317.03,426317.03125,440171.1875,477654.625,488335.75,510493.28125,LO,1650299,2246023,calibration
calibration_calibration_000790_28,calibration_000790,70,random,4,0,calibration_000790_t4_c0,little,little_1,2,1.2,0.93,69,98967.09,98967.09375,93478.9375,108223.390625,112302.0,122526.9375,LO,1650299,2246023,calibration
calibration_calibration_000790_29,calibration_000790,70,random,4,1,calibration_000790_t4_c1,big,big_1,3,2.2,1.15,69,54392.855,54392.85546875,42414.03125,55083.578125,58873.140625,67765.078125,LO,1650299,2246023,calibration
calibration_calibration_000790_30,calibration_000790,70,random,4,2,calibration_000790_t4_c2,little,little_1,3,1.5,1.0,69,73497.914,73497.9140625,69508.90625,83315.109375,87194.09375,96756.28125,LO,1650299,2246023,calibration
calibration_calibration_000790_31,calibration_000790,70,random,4,3,calibration_000790_t4_c3,big,big_1,0,1.0,0.9,69,95915.5,95915.5,78611.90625,92990.890625,97047.359375,107090.25,LO,1650299,2246023,calibration
calibration_calibration_000790_32,calibration_000790,70,random,4,4,calibration_000790_t4_c4,little,little_0,0,0.6,0.8,69,193500.55,193500.546875,189663.40625,209912.265625,216191.8125,230548.640625,LO,1650299,2246023,calibration
calibration_calibration_000790_33,calibration_000790,70,random,4,5,calibration_000790_t4_c5,big,big_0,1,1.4,0.98,69,59862.52,59862.51953125,53124.453125,66222.359375,70019.328125,79121.984375,LO,1650299,2246023,calibration
calibration_calibration_000790_34,calibration_000790,70,random,4,6,calibration_000790_t4_c6,little,little_1,1,0.9,0.86,69,128826.6,128826.6015625,118084.796875,133655.671875,138078.34375,148962.78125,LO,1650299,2246023,calibration
calibration_calibration_000790_35,calibration_000790,90,diverse_fill_1,5,0,calibration_000790_t5_c0,big,big_1,3,2.2,1.15,89,177200.55,177200.546875,177772.40625,196099.625,201544.4375,214181.75,LO,1650299,2246023,calibration
calibration_calibration_000790_36,calibration_000790,90,diverse_fill_1,5,1,calibration_000790_t5_c1,little,little_1,3,1.5,1.0,89,255160.86,255160.859375,255204.203125,278042.40625,284718.34375,299752.6875,LO,1650299,2246023,calibration
calibration_calibration_000790_37,calibration_000790,90,diverse_fill_1,5,2,calibration_000790_t5_c2,big,big_0,0,1.0,0.9,89,285964.1,285964.09375,290746.5625,315977.15625,323206.75,339433.9375,LO,1650299,2246023,calibration
calibration_calibration_000790_38,calibration_000790,90,diverse_fill_1,5,3,calibration_000790_t5_c3,little,little_0,0,0.6,0.8,89,496933.84,496933.84375,517624.90625,558836.375,570578.125,593248.3125,LO,1650299,2246023,calibration
calibration_calibration_000790_39,calibration_000790,90,diverse_fill_1,5,4,calibration_000790_t5_c4,big,big_1,1,1.4,0.98,89,184401.86,184401.859375,185078.125,203697.8125,209223.203125,222001.625,LO,1650299,2246023,calibration
calibration_calibration_000790_40,calibration_000790,90,diverse_fill_1,5,5,calibration_000790_t5_c5,little,little_1,1,0.9,0.86,89,394120.9,394120.90625,399381.34375,433126.9375,442654.9375,463041.6875,LO,1650299,2246023,calibration
calibration_calibration_000790_41,calibration_000790,90,diverse_fill_1,5,6,calibration_000790_t5_c6,big,big_1,2,1.8,1.06,89,144365.84,144365.84375,145036.5,161389.265625,166082.5,177363.953125,LO,1650299,2246023,calibration
calibration_calibration_000855_00,calibration_000855,70,source_like,0,0,calibration_000855_t0_c0,big,big_0,1,1.4,0.98,69,40239.832,40239.83203125,40981.6875,53680.96875,57489.5625,66364.078125,HI,1070230,1533009,calibration
calibration_calibration_000855_01,calibration_000855,70,source_like,0,1,calibration_000855_t0_c1,little,little_0,1,0.9,0.86,69,100543.4,100543.3984375,101197.171875,116483.0,120843.78125,131662.140625,HI,1070230,1533009,calibration
calibration_calibration_000855_02,calibration_000855,70,source_like,0,2,calibration_000855_t0_c2,big,big_0,2,1.8,1.06,69,32495.008,32495.0078125,34724.984375,47253.171875,51083.109375,59875.375,HI,1070230,1533009,calibration
calibration_calibration_000855_03,calibration_000855,70,source_like,0,3,calibration_000855_t0_c3,little,little_1,2,1.2,0.93,69,75769.086,75769.0859375,74350.953125,88590.453125,92569.59375,102395.015625,HI,1070230,1533009,calibration
calibration_calibration_000855_04,calibration_000855,70,source_like,0,4,calibration_000855_t0_c4,big,big_0,3,2.2,1.15,69,24393.904,24393.904296875,30622.765625,42996.078125,46795.4375,55443.890625,HI,1070230,1533009,calibration
calibration_calibration_000855_05,calibration_000855,70,source_like,0,5,calibration_000855_t0_c5,little,little_0,3,1.5,1.0,69,61053.363,61053.36328125,63010.890625,76751.6875,80661.625,90145.375,HI,1070230,1533009,calibration
calibration_calibration_000855_06,calibration_000855,70,source_like,0,6,calibration_000855_t0_c6,big,big_1,0,1.0,0.9,69,63310.76,63310.76171875,62710.796875,76489.953125,80431.53125,89977.640625,HI,1070230,1533009,calibration
calibration_calibration_000855_07,calibration_000855,417,sink_like,1,0,calibration_000855_t1_c0,little,little_1,1,0.9,0.86,416,708970.5,708970.5,722740.0,786227.875,805452.25,839119.5,HI,1070230,1533009,calibration
calibration_calibration_000855_08,calibration_000855,417,sink_like,1,1,calibration_000855_t1_c1,big,big_0,2,1.8,1.06,416,293038.0,293038.0,283376.34375,308099.375,315225.9375,331212.5625,HI,1070230,1533009,calibration
calibration_calibration_000855_09,calibration_000855,417,sink_like,1,2,calibration_000855_t1_c2,little,little_0,2,1.2,0.93,416,475102.06,475102.0625,487064.59375,528661.375,540693.6875,564610.75,HI,1070230,1533009,calibration
calibration_calibration_000855_10,calibration_000855,417,sink_like,1,3,calibration_000855_t1_c3,big,big_0,3,2.2,1.15,416,243188.61,243188.609375,241049.1875,263031.53125,269509.3125,284141.375,HI,1070230,1533009,calibration
calibration_calibration_000855_11,calibration_000855,417,sink_like,1,4,calibration_000855_t1_c4,little,little_1,3,1.5,1.0,416,443572.2,443572.1875,446993.625,485258.8125,496215.8125,518777.0,HI,1070230,1533009,calibration
calibration_calibration_000855_12,calibration_000855,417,sink_like,1,5,calibration_000855_t1_c5,big,big_0,0,1.0,0.9,416,546738.6,546738.625,523035.15625,567298.625,580224.125,605009.25,HI,1070230,1533009,calibration
calibration_calibration_000855_13,calibration_000855,417,sink_like,1,6,calibration_000855_t1_c6,little,little_0,0,0.6,0.8,416,652553.06,652553.0625,694263.4375,750644.3125,767784.875,796586.125,HI,1070230,1533009,calibration
calibration_calibration_000855_14,calibration_000855,152,middle,2,0,calibration_000855_t2_c0,big,big_1,2,1.8,1.06,151,376864.28,376864.28125,347950.28125,377641.46875,386045.53125,404544.125,HI,1070230,1533009,calibration
calibration_calibration_000855_15,calibration_000855,152,middle,2,1,calibration_000855_t2_c1,little,little_0,2,1.2,0.93,151,592065.4,592065.375,524931.625,570077.25,583331.125,608796.25,HI,1070230,1533009,calibration
calibration_calibration_000855_16,calibration_000855,152,middle,2,2,calibration_000855_t2_c2,big,big_1,3,2.2,1.15,151,242585.78,242585.78125,234467.265625,256088.4375,262493.21875,276976.25,HI,1070230,1533009,calibration
calibration_calibration_000855_17,calibration_000855,152,middle,2,3,calibration_000855_t2_c3,little,little_0,3,1.5,1.0,151,395301.88,395301.875,360428.625,391140.4375,399827.0,418820.8125,HI,1070230,1533009,calibration
calibration_calibration_000855_18,calibration_000855,152,middle,2,4,calibration_000855_t2_c4,big,big_1,0,1.0,0.9,151,512319.7,512319.6875,460323.78125,499432.1875,510632.03125,533447.4375,HI,1070230,1533009,calibration
calibration_calibration_000855_19,calibration_000855,152,middle,2,5,calibration_000855_t2_c5,little,little_0,0,0.6,0.8,151,850491.06,850491.0625,763345.1875,826748.875,845881.0,878628.9375,HI,1070230,1533009,calibration
calibration_calibration_000855_20,calibration_000855,152,middle,2,6,calibration_000855_t2_c6,big,big_0,1,1.4,0.98,151,327992.7,327992.6875,287332.625,312308.90625,319486.90625,335585.03125,HI,1070230,1533009,calibration
calibration_calibration_000855_21,calibration_000855,403,communication_heavy,3,0,calibration_000855_t3_c0,little,little_1,2,1.2,0.93,402,517808.3,517808.3125,497181.5625,539624.6875,551937.0,576193.375,HI,1070230,1533009,calibration
calibration_calibration_000855_22,calibration_000855,403,communication_heavy,3,1,calibration_000855_t3_c1,big,big_0,3,2.2,1.15,402,313088.12,313088.125,293892.4375,319374.125,326696.125,343083.59375,HI,1070230,1533009,calibration
calibration_calibration_000855_23,calibration_000855,403,communication_heavy,3,2,calibration_000855_t3_c2,little,little_1,3,1.5,1.0,402,452219.12,452219.125,447160.59375,485464.1875,496435.3125,519023.625,HI,1070230,1533009,calibration
calibration_calibration_000855_24,calibration_000855,403,communication_heavy,3,3,calibration_000855_t3_c3,big,big_1,0,1.0,0.9,402,586206.25,586206.25,595634.625,646041.375,661120.25,688228.5,HI,1070230,1533009,calibration
calibration_calibration_000855_25,calibration_000855,403,communication_heavy,3,4,calibration_000855_t3_c4,little,little_1,0,0.6,0.8,402,828396.75,828396.75,812771.9375,882026.8125,902390.9375,939355.5,HI,1070230,1533009,calibration
calibration_calibration_000855_26,calibration_000855,403,communication_heavy,3,5,calibration_000855_t3_c5,big,big_0,1,1.4,0.98,402,548759.75,548759.75,516136.75,560335.5625,573264.4375,598256.75,HI,1070230,1533009,calibration
calibration_calibration_000855_27,calibration_000855,403,communication_heavy,3,6,calibration_000855_t3_c6,little,little_0,1,0.9,0.86,402,544036.3,544036.3125,523293.875,567236.625,579979.125,604518.125,HI,1070230,1533009,calibration
calibration_calibration_000855_28,calibration_000855,492,random,4,0,calibration_000855_t4_c0,big,big_0,3,2.2,1.15,491,240367.19,240367.1875,266899.59375,290567.78125,297463.46875,312965.3125,HI,1070230,1533009,calibration
calibration_calibration_000855_29,calibration_000855,492,random,4,1,calibration_000855_t4_c1,little,little_1,3,1.5,1.0,491,333781.5,333781.5,380180.9375,412573.0,421733.75,441552.53125,HI,1070230,1533009,calibration
calibration_calibration_000855_30,calibration_000855,492,random,4,2,calibration_000855_t4_c2,big,big_1,0,1.0,0.9,491,439850.34,439850.34375,469497.375,509358.4375,520804.71875,543916.9375,HI,1070230,1533009,calibration
calibration_calibration_000855_31,calibration_000855,492,random,4,3,calibration_000855_t4_c3,little,little_1,0,0.6,0.8,491,687061.94,687061.9375,771161.875,835640.875,855039.875,888620.375,HI,1070230,1533009,calibration
calibration_calibration_000855_32,calibration_000855,492,random,4,4,calibration_000855_t4_c4,big,big_1,1,1.4,0.98,491,372375.12,372375.125,419870.9375,455661.625,465827.625,487243.15625,HI,1070230,1533009,calibration
calibration_calibration_000855_33,calibration_000855,492,random,4,5,calibration_000855_t4_c5,little,little_1,1,0.9,0.86,491,489115.12,489115.125,527544.625,571860.6875,584742.4375,609417.25,HI,1070230,1533009,calibration
calibration_calibration_000855_34,calibration_000855,492,random,4,6,calibration_000855_t4_c6,big,big_1,2,1.8,1.06,491,219746.2,219746.203125,250503.109375,273046.71875,279641.4375,294527.28125,HI,1070230,1533009,calibration
calibration_calibration_000855_35,calibration_000855,187,diverse_fill_1,5,0,calibration_000855_t5_c0,little,little_0,3,1.5,1.0,186,300248.56,300248.5625,301136.53125,327136.65625,334584.125,351215.71875,HI,1070230,1533009,calibration
calibration_calibration_000855_36,calibration_000855,187,diverse_fill_1,5,1,calibration_000855_t5_c1,big,big_0,0,1.0,0.9,186,343770.3,343770.3125,365866.75,396931.34375,405696.53125,424846.25,HI,1070230,1533009,calibration
calibration_calibration_000855_37,calibration_000855,187,diverse_fill_1,5,2,calibration_000855_t5_c2,little,little_1,0,0.6,0.8,186,737288.9,737288.875,825402.1875,897007.5,917886.9375,956485.5,HI,1070230,1533009,calibration
calibration_calibration_000855_38,calibration_000855,187,diverse_fill_1,5,3,calibration_000855_t5_c3,big,big_1,1,1.4,0.98,186,225450.14,225450.140625,244057.71875,266215.96875,272719.75,287423.03125,HI,1070230,1533009,calibration
calibration_calibration_000855_39,calibration_000855,187,diverse_fill_1,5,4,calibration_000855_t5_c4,little,little_0,1,0.9,0.86,186,494059.16,494059.15625,519035.8125,562713.625,575379.75,599862.625,HI,1070230,1533009,calibration
calibration_calibration_000855_40,calibration_000855,187,diverse_fill_1,5,5,calibration_000855_t5_c5,big,big_0,2,1.8,1.06,186,229358.97,229358.96875,256771.453125,279786.28125,286522.9375,301694.65625,HI,1070230,1533009,calibration
calibration_calibration_000855_41,calibration_000855,187,diverse_fill_1,5,6,calibration_000855_t5_c6,little,little_0,2,1.2,0.93,186,417386.6,417386.59375,445459.28125,483536.875,494433.3125,516898.875,HI,1070230,1533009,calibration
calibration_calibration_000874_00,calibration_000874,1,source_like,0,0,calibration_000874_t0_c0,little,little_0,3,1.5,1.0,0,41404.062,41404.0625,44440.765625,57279.46875,61104.1875,70079.296875,LO,6551949,7596242,calibration
calibration_calibration_000874_01,calibration_000874,1,source_like,0,1,calibration_000874_t0_c1,big,big_1,0,1.0,0.9,0,41298.047,41298.046875,46047.6875,59003.375,62875.625,71980.609375,LO,6551949,7596242,calibration
calibration_calibration_000874_02,calibration_000874,1,source_like,0,2,calibration_000874_t0_c2,little,little_1,0,0.6,0.8,0,94088.266,94088.265625,113114.734375,129215.65625,133952.53125,145510.921875,LO,6551949,7596242,calibration
calibration_calibration_000874_03,calibration_000874,1,source_like,0,3,calibration_000874_t0_c3,big,big_1,1,1.4,0.98,0,34439.58,34439.578125,36660.734375,49324.9375,53231.953125,62227.8125,LO,6551949,7596242,calibration
calibration_calibration_000874_04,calibration_000874,1,source_like,0,4,calibration_000874_t0_c4,little,little_1,1,0.9,0.86,0,59842.81,59842.80859375,74369.109375,88662.265625,92663.828125,102537.078125,LO,6551949,7596242,calibration
calibration_calibration_000874_05,calibration_000874,1,source_like,0,5,calibration_000874_t0_c5,big,big_1,2,1.8,1.06,0,24904.434,24904.43359375,27558.328125,39974.296875,43871.984375,52668.1875,LO,6551949,7596242,calibration
calibration_calibration_000874_06,calibration_000874,1,source_like,0,6,calibration_000874_t0_c6,little,little_1,2,1.2,0.93,0,56874.453,56874.453125,63625.75,77596.1875,81591.765625,91244.5625,LO,6551949,7596242,calibration
calibration_calibration_000874_07,calibration_000874,32,sink_like,1,0,calibration_000874_t1_c0,big,big_0,0,1.0,0.9,31,327433.22,327433.21875,333295.09375,361735.875,369789.96875,387646.59375,LO,6551949,7596242,calibration
calibration_calibration_000874_08,calibration_000874,32,sink_like,1,1,calibration_000874_t1_c1,little,little_0,0,0.6,0.8,31,574584.7,574584.6875,613083.75,661719.625,676102.125,701195.8125,LO,6551949,7596242,calibration
calibration_calibration_000874_09,calibration_000874,32,sink_like,1,2,calibration_000874_t1_c2,big,big_1,1,1.4,0.98,31,209363.6,209363.59375,216138.125,236599.5,242672.28125,256502.65625,LO,6551949,7596242,calibration
calibration_calibration_000874_10,calibration_000874,32,sink_like,1,3,calibration_000874_t1_c3,little,little_0,1,0.9,0.86,31,355901.8,355901.8125,359692.3125,390075.3125,398637.5625,417413.9375,LO,6551949,7596242,calibration
calibration_calibration_000874_11,calibration_000874,32,sink_like,1,4,calibration_000874_t1_c4,big,big_1,2,1.8,1.06,31,173447.19,173447.1875,187200.484375,205983.671875,211571.25,224465.078125,LO,6551949,7596242,calibration
calibration_calibration_000874_12,calibration_000874,32,sink_like,1,5,calibration_000874_t1_c5,little,little_0,2,1.2,0.93,31,365691.3,365691.3125,390122.6875,423366.3125,432780.125,453008.8125,LO,6551949,7596242,calibration
calibration_calibration_000874_13,calibration_000874,32,sink_like,1,6,calibration_000874_t1_c6,big,big_1,3,2.2,1.15,31,178756.36,178756.359375,186111.09375,204929.0,210547.625,223506.5625,LO,6551949,7596242,calibration
calibration_calibration_000874_14,calibration_000874,59,middle,2,0,calibration_000874_t2_c0,little,little_1,0,0.6,0.8,58,545581.3,545581.3125,512545.625,553168.875,564694.0,587112.125,LO,6551949,7596242,calibration
calibration_calibration_000874_15,calibration_000874,59,middle,2,1,calibration_000874_t2_c1,big,big_1,1,1.4,0.98,58,228191.4,228191.40625,228275.546875,249443.375,255704.125,269898.875,LO,6551949,7596242,calibration
calibration_calibration_000874_16,calibration_000874,59,middle,2,2,calibration_000874_t2_c2,little,little_0,1,0.9,0.86,58,415357.16,415357.15625,395414.5,428706.8125,438083.4375,458218.875,LO,6551949,7596242,calibration
calibration_calibration_000874_17,calibration_000874,59,middle,2,3,calibration_000874_t2_c3,big,big_0,2,1.8,1.06,58,166621.0,166621.0,180599.84375,199025.53125,204496.0,217175.265625,LO,6551949,7596242,calibration
calibration_calibration_000874_18,calibration_000874,59,middle,2,4,calibration_000874_t2_c4,little,little_1,2,1.2,0.93,58,305690.28,305690.28125,284098.0625,308869.25,316005.78125,332008.625,LO,6551949,7596242,calibration
calibration_calibration_000874_19,calibration_000874,59,middle,2,5,calibration_000874_t2_c5,big,big_0,3,2.2,1.15,58,139798.23,139798.234375,145232.15625,161725.53125,166450.75,177811.46875,LO,6551949,7596242,calibration
calibration_calibration_000874_20,calibration_000874,59,middle,2,6,calibration_000874_t2_c6,little,little_1,3,1.5,1.0,58,252956.88,252956.875,261862.859375,285145.75,291935.40625,307200.9375,LO,6551949,7596242,calibration
calibration_calibration_000874_21,calibration_000874,3,high_degree,3,0,calibration_000874_t3_c0,big,big_1,1,1.4,0.98,2,95638.2,95638.203125,95604.96875,110269.15625,114296.375,124434.40625,LO,6551949,7596242,calibration
calibration_calibration_000874_22,calibration_000874,3,high_degree,3,1,calibration_000874_t3_c1,little,little_0,1,0.9,0.86,2,202268.72,202268.71875,221607.671875,242548.109375,248769.53125,262926.375,LO,6551949,7596242,calibration
calibration_calibration_000874_23,calibration_000874,3,high_degree,3,2,calibration_000874_t3_c2,big,big_1,2,1.8,1.06,2,92260.64,92260.640625,92509.21875,107095.046875,111078.984375,121121.6875,LO,6551949,7596242,calibration
calibration_calibration_000874_24,calibration_000874,3,high_degree,3,3,calibration_000874_t3_c3,little,little_0,2,1.2,0.93,2,174966.66,174966.65625,182623.875,201061.84375,206533.25,219209.4375,LO,6551949,7596242,calibration
calibration_calibration_000874_25,calibration_000874,3,high_degree,3,4,calibration_000874_t3_c4,big,big_0,3,2.2,1.15,2,68354.84,68354.84375,71614.78125,85436.140625,89268.78125,98773.671875,LO,6551949,7596242,calibration
calibration_calibration_000874_26,calibration_000874,3,high_degree,3,5,calibration_000874_t3_c5,little,little_0,3,1.5,1.0,2,144019.73,144019.734375,141629.40625,157902.34375,162552.75,173780.3125,LO,6551949,7596242,calibration
calibration_calibration_000874_27,calibration_000874,3,high_degree,3,6,calibration_000874_t3_c6,big,big_0,0,1.0,0.9,2,127849.13,127849.1328125,131503.640625,147541.6875,152128.671875,163292.125,LO,6551949,7596242,calibration
calibration_calibration_000874_28,calibration_000874,11,communication_heavy,4,0,calibration_000874_t4_c0,little,little_0,1,0.9,0.86,10,780320.94,780320.9375,721000.4375,784707.5,803994.25,837887.6875,LO,6551949,7596242,calibration
calibration_calibration_000874_29,calibration_000874,11,communication_heavy,4,1,calibration_000874_t4_c1,big,big_0,2,1.8,1.06,10,338416.84,338416.84375,347800.9375,377422.8125,385796.9375,404249.375,LO,6551949,7596242,calibration
calibration_calibration_000874_30,calibration_000874,11,communication_heavy,4,2,calibration_000874_t4_c2,little,little_1,2,1.2,0.93,10,530189.1,530189.125,533662.875,579461.5,592941.5,618614.25,LO,6551949,7596242,calibration
calibration_calibration_000874_31,calibration_000874,11,communication_heavy,4,3,calibration_000874_t4_c3,big,big_1,3,2.2,1.15,10,234004.16,234004.15625,230913.09375,252233.09375,258526.703125,272794.21875,LO,6551949,7596242,calibration
calibration_calibration_000874_32,calibration_000874,11,communication_heavy,4,4,calibration_000874_t4_c4,little,little_0,3,1.5,1.0,10,509543.78,509543.78125,493192.4375,535740.875,548135.5625,572618.0,LO,6551949,7596242,calibration
calibration_calibration_000874_33,calibration_000874,11,communication_heavy,4,5,calibration_000874_t4_c5,big,big_0,0,1.0,0.9,10,507275.62,507275.625,478292.28125,518904.6875,530598.375,554020.0,LO,6551949,7596242,calibration
calibration_calibration_000874_34,calibration_000874,11,communication_heavy,4,6,calibration_000874_t4_c6,little,little_1,0,0.6,0.8,10,802500.7,802500.6875,806158.6875,875309.9375,895778.4375,932611.375,LO,6551949,7596242,calibration
calibration_calibration_000874_35,calibration_000874,64,random,5,0,calibration_000874_t5_c0,big,big_1,2,1.8,1.06,63,80849.11,80849.109375,86126.109375,100464.828125,104390.296875,114266.734375,LO,6551949,7596242,calibration
calibration_calibration_000874_36,calibration_000874,64,random,5,1,calibration_000874_t5_c1,little,little_1,2,1.2,0.93,63,184292.52,184292.515625,181421.828125,199742.15625,205167.125,217749.71875,LO,6551949,7596242,calibration
calibration_calibration_000874_37,calibration_000874,64,random,5,2,calibration_000874_t5_c2,big,big_0,3,2.2,1.15,63,72019.9,72019.8984375,71682.609375,85476.96875,89301.203125,98793.96875,LO,6551949,7596242,calibration
calibration_calibration_000874_38,calibration_000874,64,random,5,3,calibration_000874_t5_c3,little,little_0,3,1.5,1.0,63,165107.66,165107.65625,169510.671875,187154.046875,192329.375,204460.6875,LO,6551949,7596242,calibration
calibration_calibration_000874_39,calibration_000874,64,random,5,4,calibration_000874_t5_c4,big,big_0,0,1.0,0.9,63,147665.52,147665.515625,152630.734375,169576.1875,174539.28125,186322.234375,LO,6551949,7596242,calibration
calibration_calibration_000874_40,calibration_000874,64,random,5,5,calibration_000874_t5_c5,little,little_0,0,0.6,0.8,63,343093.97,343093.96875,354916.25,384162.0,392178.5,410104.375,LO,6551949,7596242,calibration
calibration_calibration_000874_41,calibration_000874,64,random,5,6,calibration_000874_t5_c6,big,big_0,1,1.4,0.98,63,111436.1,111436.1015625,117570.90625,132893.890625,137137.4375,147693.515625,LO,6551949,7596242,calibration
calibration_calibration_000876_00,calibration_000876,2,source_like,0,0,calibration_000876_t0_c0,little,little_1,1,0.9,0.86,1,127314.04,127314.0390625,124850.984375,140853.890625,145458.546875,156683.625,HI,1168609,1274515,calibration
calibration_calibration_000876_01,calibration_000876,2,source_like,0,1,calibration_000876_t0_c1,big,big_1,2,1.8,1.06,1,42751.113,42751.11328125,42864.09375,55579.15625,59354.5625,68199.234375,HI,1168609,1274515,calibration
calibration_calibration_000876_02,calibration_000876,2,source_like,0,2,calibration_000876_t0_c2,little,little_0,2,1.2,0.93,1,107619.86,107619.859375,100383.390625,115457.0,119651.609375,130149.546875,HI,1168609,1274515,calibration
calibration_calibration_000876_03,calibration_000876,2,source_like,0,3,calibration_000876_t0_c3,big,big_0,3,2.2,1.15,1,38657.105,38657.10546875,38338.21875,50890.375,54670.484375,63440.796875,HI,1168609,1274515,calibration
calibration_calibration_000876_04,calibration_000876,2,source_like,0,4,calibration_000876_t0_c4,little,little_0,3,1.5,1.0,1,82190.836,82190.8359375,81741.953125,96268.25,100269.046875,110242.3125,HI,1168609,1274515,calibration
calibration_calibration_000876_05,calibration_000876,2,source_like,0,5,calibration_000876_t0_c5,big,big_0,0,1.0,0.9,1,80718.164,80718.1640625,78388.28125,92854.34375,96916.625,106968.90625,HI,1168609,1274515,calibration
calibration_calibration_000876_06,calibration_000876,2,source_like,0,6,calibration_000876_t0_c6,little,little_0,0,0.6,0.8,1,199059.53,199059.53125,186508.859375,206667.40625,212889.40625,227146.015625,HI,1168609,1274515,calibration
calibration_calibration_000876_07,calibration_000876,26,sink_like,1,0,calibration_000876_t1_c0,big,big_1,2,1.8,1.06,25,153859.2,153859.203125,144668.875,161031.65625,165720.53125,177002.0,HI,1168609,1274515,calibration
calibration_calibration_000876_08,calibration_000876,26,sink_like,1,1,calibration_000876_t1_c1,little,little_0,2,1.2,0.93,25,315021.1,315021.09375,302081.5,328148.09375,335597.75,352239.6875,HI,1168609,1274515,calibration
calibration_calibration_000876_09,calibration_000876,26,sink_like,1,2,calibration_000876_t1_c2,big,big_0,3,2.2,1.15,25,152039.55,152039.546875,144879.40625,161331.140625,166039.96875,177368.828125,HI,1168609,1274515,calibration
calibration_calibration_000876_10,calibration_000876,26,sink_like,1,3,calibration_000876_t1_c3,little,little_1,3,1.5,1.0,25,214970.28,214970.28125,209009.796875,228942.09375,234838.65625,248329.734375,HI,1168609,1274515,calibration
calibration_calibration_000876_11,calibration_000876,26,sink_like,1,4,calibration_000876_t1_c4,big,big_0,0,1.0,0.9,25,252850.5,252850.5,245448.09375,267661.59375,274157.46875,288863.53125,HI,1168609,1274515,calibration
calibration_calibration_000876_12,calibration_000876,26,sink_like,1,5,calibration_000876_t1_c5,little,little_1,0,0.6,0.8,25,493260.6,493260.59375,470414.0625,508271.78125,518942.4375,540537.6875,HI,1168609,1274515,calibration
calibration_calibration_000876_13,calibration_000876,26,sink_like,1,6,calibration_000876_t1_c6,big,big_1,1,1.4,0.98,25,176991.11,176991.109375,171950.9375,189785.3125,195038.40625,207316.8125,HI,1168609,1274515,calibration
calibration_calibration_000876_14,calibration_000876,37,middle,2,0,calibration_000876_t2_c0,little,little_1,2,1.2,0.93,36,271418.78,271418.78125,274736.8125,298838.75,305802.6875,321449.0,HI,1168609,1274515,calibration
calibration_calibration_000876_15,calibration_000876,37,middle,2,1,calibration_000876_t2_c1,big,big_0,3,2.2,1.15,36,147445.47,147445.46875,148102.5,164723.625,169499.625,180944.25,HI,1168609,1274515,calibration
calibration_calibration_000876_16,calibration_000876,37,middle,2,2,calibration_000876_t2_c2,little,little_1,3,1.5,1.0,36,210667.06,210667.0625,210239.96875,230261.046875,236193.8125,249744.9375,HI,1168609,1274515,calibration
calibration_calibration_000876_17,calibration_000876,37,middle,2,3,calibration_000876_t2_c3,big,big_1,0,1.0,0.9,36,257813.12,257813.125,250807.9375,273369.59375,279958.46875,294846.71875,HI,1168609,1274515,calibration
calibration_calibration_000876_18,calibration_000876,37,middle,2,4,calibration_000876_t2_c4,little,little_0,0,0.6,0.8,36,404593.9,404593.90625,429935.96875,464710.75,474407.125,494826.75,HI,1168609,1274515,calibration
calibration_calibration_000876_19,calibration_000876,37,middle,2,5,calibration_000876_t2_c5,big,big_0,1,1.4,0.98,36,225193.08,225193.078125,221537.140625,242273.765625,248419.90625,262376.375,HI,1168609,1274515,calibration
calibration_calibration_000876_20,calibration_000876,37,middle,2,6,calibration_000876_t2_c6,little,little_0,1,0.9,0.86,36,324730.2,324730.1875,325598.03125,353344.8125,361207.375,378683.28125,HI,1168609,1274515,calibration
calibration_calibration_000876_21,calibration_000876,22,high_degree,3,0,calibration_000876_t3_c0,big,big_0,3,2.2,1.15,21,28282.004,28282.00390625,40539.34375,53145.765625,56923.515625,65746.09375,HI,1168609,1274515,calibration
calibration_calibration_000876_22,calibration_000876,22,high_degree,3,1,calibration_000876_t3_c1,little,little_1,3,1.5,1.0,21,57798.05,57798.05078125,75715.4375,89845.0625,93802.109375,103610.34375,HI,1168609,1274515,calibration
calibration_calibration_000876_23,calibration_000876,22,high_degree,3,2,calibration_000876_t3_c2,big,big_0,0,1.0,0.9,21,55065.848,55065.84765625,67836.96875,81736.546875,85669.765625,95306.453125,HI,1168609,1274515,calibration
calibration_calibration_000876_24,calibration_000876,22,high_degree,3,3,calibration_000876_t3_c3,little,little_0,0,0.6,0.8,21,123317.01,123317.0078125,150891.5625,168567.0,173868.84375,186347.96875,HI,1168609,1274515,calibration
calibration_calibration_000876_25,calibration_000876,22,high_degree,3,4,calibration_000876_t3_c4,big,big_1,1,1.4,0.98,21,44021.07,44021.0703125,58106.890625,71490.578125,75360.59375,84702.109375,HI,1168609,1274515,calibration
calibration_calibration_000876_26,calibration_000876,22,high_degree,3,5,calibration_000876_t3_c5,little,little_1,1,0.9,0.86,21,101202.45,101202.453125,122691.28125,138517.375,143086.0625,154234.3125,HI,1168609,1274515,calibration
calibration_calibration_000876_27,calibration_000876,22,high_degree,3,6,calibration_000876_t3_c6,big,big_0,2,1.8,1.06,21,33475.145,33475.14453125,44496.65625,57255.234375,61037.8125,69944.015625,HI,1168609,1274515,calibration
calibration_calibration_000876_28,calibration_000876,31,communication_heavy,4,0,calibration_000876_t4_c0,little,little_1,3,1.5,1.0,30,354846.2,354846.1875,338223.5625,367117.78125,375311.5625,393403.03125,HI,1168609,1274515,calibration
calibration_calibration_000876_29,calibration_000876,31,communication_heavy,4,1,calibration_000876_t4_c1,big,big_1,0,1.0,0.9,30,299608.6,299608.59375,296329.09375,321930.375,329242.625,345651.375,HI,1168609,1274515,calibration
calibration_calibration_000876_30,calibration_000876,31,communication_heavy,4,2,calibration_000876_t4_c2,little,little_1,0,0.6,0.8,30,801040.3,801040.3125,755632.75,818887.25,838021.25,870829.375,HI,1168609,1274515,calibration
calibration_calibration_000876_31,calibration_000876,31,communication_heavy,4,3,calibration_000876_t4_c3,big,big_0,1,1.4,0.98,30,348099.94,348099.9375,350191.5,380026.90625,388460.8125,407018.28125,HI,1168609,1274515,calibration
calibration_calibration_000876_32,calibration_000876,31,communication_heavy,4,4,calibration_000876_t4_c4,little,little_0,1,0.9,0.86,30,521962.16,521962.15625,501069.6875,543374.0625,555598.5,579606.6875,HI,1168609,1274515,calibration
calibration_calibration_000876_33,calibration_000876,31,communication_heavy,4,5,calibration_000876_t4_c5,big,big_0,2,1.8,1.06,30,239584.06,239584.0625,224669.4375,245667.453125,251891.859375,266020.125,HI,1168609,1274515,calibration
calibration_calibration_000876_34,calibration_000876,31,communication_heavy,4,6,calibration_000876_t4_c6,little,little_0,2,1.2,0.93,30,439968.75,439968.75,429347.9375,465973.4375,476405.0625,498204.375,HI,1168609,1274515,calibration
calibration_calibration_000876_35,calibration_000876,42,random,5,0,calibration_000876_t5_c0,big,big_1,0,1.0,0.9,41,153284.14,153284.140625,159121.5625,176436.296875,181550.390625,193608.6875,HI,1168609,1274515,calibration
calibration_calibration_000876_36,calibration_000876,42,random,5,1,calibration_000876_t5_c1,little,little_0,0,0.6,0.8,41,325665.9,325665.90625,325065.75,352184.375,359575.4375,376527.09375,HI,1168609,1274515,calibration
calibration_calibration_000876_37,calibration_000876,42,random,5,2,calibration_000876_t5_c2,big,big_0,1,1.4,0.98,41,104167.734,104167.734375,106353.828125,121383.265625,125512.671875,135877.171875,HI,1168609,1274515,calibration
calibration_calibration_000876_38,calibration_000876,42,random,5,3,calibration_000876_t5_c3,little,little_0,1,0.9,0.86,41,231635.88,231635.875,228486.75,249745.09375,256022.296875,270292.96875,HI,1168609,1274515,calibration
calibration_calibration_000876_39,calibration_000876,42,random,5,4,calibration_000876_t5_c4,big,big_0,2,1.8,1.06,41,90661.24,90661.2421875,91676.78125,106267.890625,110250.625,120286.125,HI,1168609,1274515,calibration
calibration_calibration_000876_40,calibration_000876,42,random,5,5,calibration_000876_t5_c5,little,little_1,2,1.2,0.93,41,157141.94,157141.9375,157167.875,174292.671875,179324.046875,191206.90625,HI,1168609,1274515,calibration
calibration_calibration_000876_41,calibration_000876,42,random,5,6,calibration_000876_t5_c6,big,big_1,3,2.2,1.15,41,69589.65,69589.6484375,70362.03125,84137.0,87968.328125,97450.96875,HI,1168609,1274515,calibration
calibration_calibration_000914_00,calibration_000914,1,source_like,0,0,calibration_000914_t0_c0,big,big_0,2,1.8,1.06,0,45081.105,45081.10546875,43613.21875,56362.46875,60146.28125,69023.96875,LO,6486165,9336048,calibration
calibration_calibration_000914_01,calibration_000914,1,source_like,0,1,calibration_000914_t0_c1,little,little_1,2,1.2,0.93,0,107778.66,107778.65625,99856.03125,114909.59375,119092.765625,129561.5,LO,6486165,9336048,calibration
calibration_calibration_000914_02,calibration_000914,1,source_like,0,2,calibration_000914_t0_c2,big,big_1,3,2.2,1.15,0,38931.51,38931.51171875,37855.328125,50410.453125,54196.6875,62966.4375,LO,6486165,9336048,calibration
calibration_calibration_000914_03,calibration_000914,1,source_like,0,3,calibration_000914_t0_c3,little,little_1,3,1.5,1.0,0,84056.195,84056.1953125,78127.234375,92435.625,96403.96875,106263.578125,LO,6486165,9336048,calibration
calibration_calibration_000914_04,calibration_000914,1,source_like,0,4,calibration_000914_t0_c4,big,big_1,0,1.0,0.9,0,78328.87,78328.8671875,80060.375,94618.875,98689.484375,108782.328125,LO,6486165,9336048,calibration
calibration_calibration_000914_05,calibration_000914,1,source_like,0,5,calibration_000914_t0_c5,little,little_1,0,0.6,0.8,0,187423.66,187423.65625,176725.765625,196220.078125,202207.125,215981.484375,LO,6486165,9336048,calibration
calibration_calibration_000914_06,calibration_000914,1,source_like,0,6,calibration_000914_t0_c6,big,big_0,1,1.4,0.98,0,60479.887,60479.88671875,61054.140625,74644.4375,78538.234375,87965.453125,LO,6486165,9336048,calibration
calibration_calibration_000914_07,calibration_000914,426,sink_like,1,0,calibration_000914_t1_c0,little,little_1,2,1.2,0.93,425,425177.44,425177.4375,417100.4375,452633.3125,462721.71875,484019.125,LO,6486165,9336048,calibration
calibration_calibration_000914_08,calibration_000914,426,sink_like,1,1,calibration_000914_t1_c1,big,big_0,3,2.2,1.15,425,317750.75,317750.75,319026.90625,346372.75,354156.3125,371480.1875,LO,6486165,9336048,calibration
calibration_calibration_000914_09,calibration_000914,426,sink_like,1,2,calibration_000914_t1_c2,little,little_0,3,1.5,1.0,425,450631.06,450631.0625,446365.96875,484582.125,495522.3125,518063.9375,LO,6486165,9336048,calibration
calibration_calibration_000914_10,calibration_000914,426,sink_like,1,3,calibration_000914_t1_c3,big,big_1,0,1.0,0.9,425,636209.8,636209.8125,646096.375,701408.375,718210.0,747531.5,LO,6486165,9336048,calibration
calibration_calibration_000914_11,calibration_000914,426,sink_like,1,4,calibration_000914_t1_c4,little,little_1,0,0.6,0.8,425,978286.2,978286.1875,955600.0,1045733.875,1068507.625,1124842.25,LO,6486165,9336048,calibration
calibration_calibration_000914_12,calibration_000914,426,sink_like,1,5,calibration_000914_t1_c5,big,big_1,1,1.4,0.98,425,445452.3,445452.3125,447399.1875,485534.375,496429.3125,518872.125,LO,6486165,9336048,calibration
calibration_calibration_000914_13,calibration_000914,426,sink_like,1,6,calibration_000914_t1_c6,little,little_1,1,0.9,0.86,425,570876.44,570876.4375,551671.25,597996.5625,611572.5625,637001.9375,LO,6486165,9336048,calibration
calibration_calibration_000914_14,calibration_000914,227,middle,2,0,calibration_000914_t2_c0,big,big_1,3,2.2,1.15,226,392391.84,392391.84375,346839.125,376432.71875,384807.8125,403262.5625,LO,6486165,9336048,calibration
calibration_calibration_000914_15,calibration_000914,227,middle,2,1,calibration_000914_t2_c1,little,little_1,3,1.5,1.0,226,498831.3,498831.3125,459195.125,498574.0,509893.0,532964.5,LO,6486165,9336048,calibration
calibration_calibration_000914_16,calibration_000914,227,middle,2,2,calibration_000914_t2_c2,big,big_0,0,1.0,0.9,226,783450.3,783450.3125,718267.0,781694.75,801026.9375,834747.9375,LO,6486165,9336048,calibration
calibration_calibration_000914_17,calibration_000914,227,middle,2,3,calibration_000914_t2_c3,little,little_1,0,0.6,0.8,226,1054260.6,1054260.625,951306.8125,1040614.9375,1063354.0,1118852.125,LO,6486165,9336048,calibration
calibration_calibration_000914_18,calibration_000914,227,middle,2,4,calibration_000914_t2_c4,big,big_1,1,1.4,0.98,226,421272.44,421272.4375,388419.0625,421402.8125,430707.9375,450784.375,LO,6486165,9336048,calibration
calibration_calibration_000914_19,calibration_000914,227,middle,2,5,calibration_000914_t2_c5,little,little_1,1,0.9,0.86,226,800929.8,800929.8125,731542.0625,796106.3125,815621.0625,849964.4375,LO,6486165,9336048,calibration
calibration_calibration_000914_20,calibration_000914,227,middle,2,6,calibration_000914_t2_c6,big,big_0,2,1.8,1.06,226,418566.78,418566.78125,380753.6875,413156.0625,422303.5,442118.1875,LO,6486165,9336048,calibration
calibration_calibration_000914_21,calibration_000914,314,communication_heavy,3,0,calibration_000914_t3_c0,little,little_1,3,1.5,1.0,313,573083.06,573083.0625,565638.0,615071.75,629890.75,657387.4375,LO,6486165,9336048,calibration
calibration_calibration_000914_22,calibration_000914,314,communication_heavy,3,1,calibration_000914_t3_c1,big,big_1,0,1.0,0.9,313,697797.56,697797.5625,663883.875,721155.75,738615.1875,768936.6875,LO,6486165,9336048,calibration
calibration_calibration_000914_23,calibration_000914,314,communication_heavy,3,2,calibration_000914_t3_c2,little,little_0,0,0.6,0.8,313,881396.7,881396.6875,900825.0,982158.25,1004061.25,1051278.75,LO,6486165,9336048,calibration
calibration_calibration_000914_24,calibration_000914,314,communication_heavy,3,3,calibration_000914_t3_c3,big,big_0,1,1.4,0.98,313,585848.0,585848.0,559015.125,607148.4375,621472.0,648108.25,LO,6486165,9336048,calibration
calibration_calibration_000914_25,calibration_000914,314,communication_heavy,3,4,calibration_000914_t3_c4,little,little_1,1,0.9,0.86,313,759826.2,759826.1875,760975.0,829253.125,849702.0625,886378.5625,LO,6486165,9336048,calibration
calibration_calibration_000914_26,calibration_000914,314,communication_heavy,3,5,calibration_000914_t3_c5,big,big_0,2,1.8,1.06,313,343797.72,343797.71875,330625.78125,358842.71875,366843.15625,384582.875,LO,6486165,9336048,calibration
calibration_calibration_000914_27,calibration_000914,314,communication_heavy,3,6,calibration_000914_t3_c6,little,little_0,2,1.2,0.93,313,559666.3,559666.3125,550827.8125,598130.25,612131.875,638413.3125,LO,6486165,9336048,calibration
calibration_calibration_000914_28,calibration_000914,313,random,4,0,calibration_000914_t4_c0,big,big_0,0,1.0,0.9,312,518797.03,518797.03125,488697.5,530157.75,542132.5625,565881.375,LO,6486165,9336048,calibration
calibration_calibration_000914_29,calibration_000914,313,random,4,1,calibration_000914_t4_c1,little,little_1,0,0.6,0.8,312,974511.1,974511.125,968286.4375,1060899.0,1084013.0,1142997.5,LO,6486165,9336048,calibration
calibration_calibration_000914_30,calibration_000914,313,random,4,2,calibration_000914_t4_c2,big,big_1,1,1.4,0.98,312,518983.4,518983.40625,523437.4375,568335.25,581510.1875,606803.625,LO,6486165,9336048,calibration
calibration_calibration_000914_31,calibration_000914,313,random,4,3,calibration_000914_t4_c3,little,little_1,1,0.9,0.86,312,671927.0,671927.0,719099.0,782295.875,801447.1875,834982.375,LO,6486165,9336048,calibration
calibration_calibration_000914_32,calibration_000914,313,random,4,4,calibration_000914_t4_c4,big,big_0,2,1.8,1.06,312,256695.16,256695.15625,262814.71875,286123.8125,292898.375,308152.34375,LO,6486165,9336048,calibration
calibration_calibration_000914_33,calibration_000914,313,random,4,5,calibration_000914_t4_c5,little,little_0,2,1.2,0.93,312,517754.56,517754.5625,491519.1875,533542.4375,545719.1875,569829.0625,LO,6486165,9336048,calibration
calibration_calibration_000914_34,calibration_000914,313,random,4,6,calibration_000914_t4_c6,big,big_1,3,2.2,1.15,312,240782.1,240782.09375,235806.703125,257432.921875,263804.65625,278231.9375,LO,6486165,9336048,calibration
calibration_calibration_000914_35,calibration_000914,242,diverse_fill_1,5,0,calibration_000914_t5_c0,little,little_0,0,0.6,0.8,241,570250.2,570250.1875,541946.875,585796.75,598487.875,622333.3125,LO,6486165,9336048,calibration
calibration_calibration_000914_36,calibration_000914,242,diverse_fill_1,5,1,calibration_000914_t5_c1,big,big_1,1,1.4,0.98,241,272488.6,272488.59375,272641.8125,296632.8125,303571.75,319177.4375,LO,6486165,9336048,calibration
calibration_calibration_000914_37,calibration_000914,242,diverse_fill_1,5,2,calibration_000914_t5_c2,little,little_1,1,0.9,0.86,241,458772.53,458772.53125,420081.8125,455732.84375,465850.4375,487164.46875,LO,6486165,9336048,calibration
calibration_calibration_000914_38,calibration_000914,242,diverse_fill_1,5,3,calibration_000914_t5_c3,big,big_0,2,1.8,1.06,241,185212.05,185212.046875,177220.0,195313.96875,200647.875,213072.046875,LO,6486165,9336048,calibration
calibration_calibration_000914_39,calibration_000914,242,diverse_fill_1,5,4,calibration_000914_t5_c4,little,little_0,2,1.2,0.93,241,412255.9,412255.90625,403412.03125,437828.625,447590.78125,468384.6875,LO,6486165,9336048,calibration
calibration_calibration_000914_40,calibration_000914,242,diverse_fill_1,5,5,calibration_000914_t5_c5,big,big_0,3,2.2,1.15,241,165941.06,165941.0625,162606.59375,179884.78125,184929.5,196828.96875,LO,6486165,9336048,calibration
calibration_calibration_000914_41,calibration_000914,242,diverse_fill_1,5,6,calibration_000914_t5_c6,little,little_1,3,1.5,1.0,241,321692.8,321692.8125,299249.375,325124.6875,332536.46875,349091.53125,LO,6486165,9336048,calibration
calibration_calibration_000924_00,calibration_000924,91,source_like,0,0,calibration_000924_t0_c0,little,little_0,2,1.2,0.93,90,172386.3,172386.296875,165358.84375,182937.046875,188172.875,200390.875,HI,1121062,1495264,calibration
calibration_calibration_000924_01,calibration_000924,91,source_like,0,1,calibration_000924_t0_c1,big,big_1,3,2.2,1.15,90,63656.895,63656.89453125,64167.03125,77779.328125,81608.203125,90977.109375,HI,1121062,1495264,calibration
calibration_calibration_000924_02,calibration_000924,91,source_like,0,2,calibration_000924_t0_c2,little,little_0,3,1.5,1.0,90,140282.02,140282.015625,142932.0,159261.5625,163941.84375,175205.40625,HI,1121062,1495264,calibration
calibration_calibration_000924_03,calibration_000924,91,source_like,0,3,calibration_000924_t0_c3,big,big_1,0,1.0,0.9,90,129341.84,129341.84375,134171.59375,150339.4375,155026.15625,166330.1875,HI,1121062,1495264,calibration
calibration_calibration_000924_04,calibration_000924,91,source_like,0,4,calibration_000924_t0_c4,little,little_1,0,0.6,0.8,90,339348.72,339348.71875,341385.875,369233.03125,376731.3125,393809.75,HI,1121062,1495264,calibration
calibration_calibration_000924_05,calibration_000924,91,source_like,0,5,calibration_000924_t0_c5,big,big_1,1,1.4,0.98,90,98047.18,98047.1796875,96867.6875,111636.203125,115699.75,125910.203125,HI,1121062,1495264,calibration
calibration_calibration_000924_06,calibration_000924,91,source_like,0,6,calibration_000924_t0_c6,little,little_1,1,0.9,0.86,90,220927.16,220927.15625,224885.875,245826.984375,252025.453125,266082.875,HI,1121062,1495264,calibration
calibration_calibration_000924_07,calibration_000924,328,sink_like,1,0,calibration_000924_t1_c0,big,big_1,3,2.2,1.15,327,339787.1,339787.09375,324065.78125,351800.71875,359683.6875,377200.96875,HI,1121062,1495264,calibration
calibration_calibration_000924_08,calibration_000924,328,sink_like,1,1,calibration_000924_t1_c1,little,little_0,3,1.5,1.0,327,586347.0,586347.0,555673.75,604092.6875,618543.3125,645569.625,HI,1121062,1495264,calibration
calibration_calibration_000924_09,calibration_000924,328,sink_like,1,2,calibration_000924_t1_c2,big,big_1,0,1.0,0.9,327,475656.16,475656.15625,456772.6875,495529.375,506610.625,529280.625,HI,1121062,1495264,calibration
calibration_calibration_000924_10,calibration_000924,328,sink_like,1,3,calibration_000924_t1_c3,little,little_1,0,0.6,0.8,327,965125.7,965125.6875,947596.3125,1036393.875,1059106.25,1114018.625,HI,1121062,1495264,calibration
calibration_calibration_000924_11,calibration_000924,328,sink_like,1,4,calibration_000924_t1_c4,big,big_0,1,1.4,0.98,327,366838.28,366838.28125,356662.40625,386987.71875,395545.5,414332.9375,HI,1121062,1495264,calibration
calibration_calibration_000924_12,calibration_000924,328,sink_like,1,5,calibration_000924_t1_c5,little,little_0,1,0.9,0.86,327,694988.44,694988.4375,708241.25,770015.375,788769.75,821430.8125,HI,1121062,1495264,calibration
calibration_calibration_000924_13,calibration_000924,328,sink_like,1,6,calibration_000924_t1_c6,big,big_0,2,1.8,1.06,327,405516.5,405516.5,382516.1875,415063.875,424253.84375,444138.8125,HI,1121062,1495264,calibration
calibration_calibration_000924_14,calibration_000924,181,middle,2,0,calibration_000924_t2_c0,little,little_0,3,1.5,1.0,180,492591.0,492591.0,500381.53125,543546.5,556145.3125,580881.125,HI,1121062,1495264,calibration
calibration_calibration_000924_15,calibration_000924,181,middle,2,1,calibration_000924_t2_c1,big,big_1,0,1.0,0.9,180,505461.16,505461.15625,505689.9375,548487.625,560903.5625,585138.5625,HI,1121062,1495264,calibration
calibration_calibration_000924_16,calibration_000924,181,middle,2,2,calibration_000924_t2_c2,little,little_1,0,0.6,0.8,180,872278.5,872278.5,876894.75,954687.75,976275.5625,1020194.0625,HI,1121062,1495264,calibration
calibration_calibration_000924_17,calibration_000924,181,middle,2,3,calibration_000924_t2_c3,big,big_1,1,1.4,0.98,180,364484.28,364484.28125,380817.875,413151.40625,422270.1875,442035.53125,HI,1121062,1495264,calibration
calibration_calibration_000924_18,calibration_000924,181,middle,2,4,calibration_000924_t2_c4,little,little_1,1,0.9,0.86,180,710268.56,710268.5625,725770.375,789620.5,808939.375,842849.875,HI,1121062,1495264,calibration
calibration_calibration_000924_19,calibration_000924,181,middle,2,5,calibration_000924_t2_c5,big,big_0,2,1.8,1.06,180,316519.56,316519.5625,316387.125,343503.1875,351222.625,368411.65625,HI,1121062,1495264,calibration
calibration_calibration_000924_20,calibration_000924,181,middle,2,6,calibration_000924_t2_c6,little,little_1,2,1.2,0.93,180,644507.2,644507.1875,668935.375,728741.5,747054.75,779361.875,HI,1121062,1495264,calibration
calibration_calibration_000924_21,calibration_000924,311,communication_heavy,3,0,calibration_000924_t3_c0,big,big_0,0,1.0,0.9,310,579673.4,579673.375,625011.4375,678063.25,694074.6875,722349.6875,HI,1121062,1495264,calibration
calibration_calibration_000924_22,calibration_000924,311,communication_heavy,3,1,calibration_000924_t3_c1,little,little_1,0,0.6,0.8,310,1091328.1,1091328.125,1071148.5,1179005.375,1206025.75,1288593.0,HI,1121062,1495264,calibration
calibration_calibration_000924_23,calibration_000924,311,communication_heavy,3,2,calibration_000924_t3_c2,big,big_0,1,1.4,0.98,310,406474.3,406474.3125,423670.4375,459706.34375,469925.9375,491434.0,HI,1121062,1495264,calibration
calibration_calibration_000924_24,calibration_000924,311,communication_heavy,3,3,calibration_000924_t3_c3,little,little_1,1,0.9,0.86,310,863187.06,863187.0625,907901.25,997104.375,1020715.3125,1074062.875,HI,1121062,1495264,calibration
calibration_calibration_000924_25,calibration_000924,311,communication_heavy,3,4,calibration_000924_t3_c4,big,big_0,2,1.8,1.06,310,429284.97,429284.96875,463386.3125,503116.625,514549.15625,537759.875,HI,1121062,1495264,calibration
calibration_calibration_000924_26,calibration_000924,311,communication_heavy,3,5,calibration_000924_t3_c5,little,little_1,2,1.2,0.93,310,794197.25,794197.25,827404.75,908587.5,932067.875,978288.5625,HI,1121062,1495264,calibration
calibration_calibration_000924_27,calibration_000924,311,communication_heavy,3,6,calibration_000924_t3_c6,big,big_0,3,2.2,1.15,310,405899.78,405899.78125,434766.96875,472187.46875,482898.28125,505153.4375,HI,1121062,1495264,calibration
calibration_calibration_000924_28,calibration_000924,27,random,4,0,calibration_000924_t4_c0,little,little_1,0,0.6,0.8,26,420755.47,420755.46875,357931.1875,386286.28125,393794.4375,410811.34375,HI,1121062,1495264,calibration
calibration_calibration_000924_29,calibration_000924,27,random,4,1,calibration_000924_t4_c1,big,big_1,1,1.4,0.98,26,105765.29,105765.2890625,106205.15625,121209.28125,125337.09375,135693.171875,HI,1121062,1495264,calibration
calibration_calibration_000924_30,calibration_000924,27,random,4,2,calibration_000924_t4_c2,little,little_0,1,0.9,0.86,26,268700.25,268700.25,236549.375,258197.03125,264569.78125,278985.78125,HI,1121062,1495264,calibration
calibration_calibration_000924_31,calibration_000924,27,random,4,3,calibration_000924_t4_c3,big,big_0,2,1.8,1.06,26,92306.06,92306.0625,81767.140625,96031.828125,99960.921875,109801.640625,HI,1121062,1495264,calibration
calibration_calibration_000924_32,calibration_000924,27,random,4,4,calibration_000924_t4_c4,little,little_1,2,1.2,0.93,26,194671.78,194671.78125,174165.875,192266.6875,197698.375,210268.109375,HI,1121062,1495264,calibration
calibration_calibration_000924_33,calibration_000924,27,random,4,5,calibration_000924_t4_c5,big,big_1,3,2.2,1.15,26,80747.836,80747.8359375,68153.640625,81942.78125,85797.078125,95288.59375,HI,1121062,1495264,calibration
calibration_calibration_000924_34,calibration_000924,27,random,4,6,calibration_000924_t4_c6,little,little_0,3,1.5,1.0,26,156599.22,156599.21875,150136.28125,166873.6875,171731.53125,183302.921875,HI,1121062,1495264,calibration
calibration_calibration_000924_35,calibration_000924,211,diverse_fill_1,5,0,calibration_000924_t5_c0,big,big_1,1,1.4,0.98,210,353135.2,353135.1875,350792.5,380649.09375,389083.1875,407644.8125,HI,1121062,1495264,calibration
calibration_calibration_000924_36,calibration_000924,211,diverse_fill_1,5,1,calibration_000924_t5_c1,little,little_0,1,0.9,0.86,210,554123.75,554123.75,579464.0,628320.1875,642799.0,669252.5625,HI,1121062,1495264,calibration
calibration_calibration_000924_37,calibration_000924,211,diverse_fill_1,5,2,calibration_000924_t5_c2,big,big_0,2,1.8,1.06,210,311590.22,311590.21875,317622.34375,344867.90625,352622.375,369888.0,HI,1121062,1495264,calibration
calibration_calibration_000924_38,calibration_000924,211,diverse_fill_1,5,3,calibration_000924_t5_c3,little,little_1,2,1.2,0.93,210,443126.28,443126.28125,429088.5,465672.375,476087.40625,497860.75,HI,1121062,1495264,calibration
calibration_calibration_000924_39,calibration_000924,211,diverse_fill_1,5,4,calibration_000924_t5_c4,big,big_0,3,2.2,1.15,210,188265.67,188265.671875,196468.71875,215726.84375,221447.828125,234594.0,HI,1121062,1495264,calibration
calibration_calibration_000924_40,calibration_000924,211,diverse_fill_1,5,5,calibration_000924_t5_c5,little,little_0,3,1.5,1.0,210,390382.38,390382.375,421357.5625,457411.25,467678.5,489257.59375,HI,1121062,1495264,calibration
calibration_calibration_000924_41,calibration_000924,211,diverse_fill_1,5,6,calibration_000924_t5_c6,big,big_0,0,1.0,0.9,210,367442.06,367442.0625,368335.0625,399623.9375,408449.9375,427717.71875,HI,1121062,1495264,calibration
calibration_calibration_000940_00,calibration_000940,67,source_like,0,0,calibration_000940_t0_c0,big,big_0,3,2.2,1.15,66,18687.984,18687.984375,18698.046875,31402.3125,35560.890625,44672.03125,LO,955607,1385755,calibration
calibration_calibration_000940_01,calibration_000940,67,source_like,0,1,calibration_000940_t0_c1,little,little_0,3,1.5,1.0,66,32076.002,32076.001953125,28223.765625,40581.890625,44451.0625,53227.765625,LO,955607,1385755,calibration
calibration_calibration_000940_02,calibration_000940,67,source_like,0,2,calibration_000940_t0_c2,big,big_0,0,1.0,0.9,66,32491.697,32491.697265625,26959.078125,39245.796875,43106.78125,51860.53125,LO,955607,1385755,calibration
calibration_calibration_000940_03,calibration_000940,67,source_like,0,3,calibration_000940_t0_c3,little,little_1,0,0.6,0.8,66,75008.92,75008.921875,75687.03125,90436.78125,94674.0,105037.578125,LO,955607,1385755,calibration
calibration_calibration_000940_04,calibration_000940,67,source_like,0,4,calibration_000940_t0_c4,big,big_1,1,1.4,0.98,66,31038.793,31038.79296875,25400.078125,38010.546875,42087.28125,51216.765625,LO,955607,1385755,calibration
calibration_calibration_000940_05,calibration_000940,67,source_like,0,5,calibration_000940_t0_c5,little,little_1,1,0.9,0.86,66,56135.754,56135.75390625,56176.65625,69954.5,74028.28125,83688.03125,LO,955607,1385755,calibration
calibration_calibration_000940_06,calibration_000940,67,source_like,0,6,calibration_000940_t0_c6,big,big_1,2,1.8,1.06,66,23573.299,23573.298828125,20344.609375,33018.078125,37159.9375,46292.09375,LO,955607,1385755,calibration
calibration_calibration_000940_07,calibration_000940,193,sink_like,1,0,calibration_000940_t1_c0,little,little_0,3,1.5,1.0,192,481681.12,481681.125,516130.0625,560725.375,573817.25,599159.0,LO,955607,1385755,calibration
calibration_calibration_000940_08,calibration_000940,193,sink_like,1,1,calibration_000940_t1_c1,big,big_0,0,1.0,0.9,192,492521.38,492521.375,484579.96875,525650.625,537486.375,561085.4375,LO,955607,1385755,calibration
calibration_calibration_000940_09,calibration_000940,193,sink_like,1,2,calibration_000940_t1_c2,little,little_0,0,0.6,0.8,192,914447.0,914447.0,953336.375,1043126.0,1065958.5,1121964.5,LO,955607,1385755,calibration
calibration_calibration_000940_10,calibration_000940,193,sink_like,1,3,calibration_000940_t1_c3,big,big_1,1,1.4,0.98,192,454499.88,454499.875,447800.0,485935.5625,496821.9375,519255.875,LO,955607,1385755,calibration
calibration_calibration_000940_11,calibration_000940,193,sink_like,1,4,calibration_000940_t1_c4,little,little_0,1,0.9,0.86,192,851313.5,851313.5,926514.25,1019790.4375,1043911.0,1101026.75,LO,955607,1385755,calibration
calibration_calibration_000940_12,calibration_000940,193,sink_like,1,5,calibration_000940_t1_c5,big,big_1,2,1.8,1.06,192,389996.2,389996.1875,390953.1875,424231.875,433631.46875,453864.125,LO,955607,1385755,calibration
calibration_calibration_000940_13,calibration_000940,193,sink_like,1,6,calibration_000940_t1_c6,little,little_1,2,1.2,0.93,192,444179.9,444179.90625,481457.4375,522614.84375,534498.625,558265.875,LO,955607,1385755,calibration
calibration_calibration_000940_14,calibration_000940,97,middle,2,0,calibration_000940_t2_c0,big,big_1,0,1.0,0.9,96,649301.3,649301.3125,608682.3125,660324.625,675852.8125,703494.25,LO,955607,1385755,calibration
calibration_calibration_000940_15,calibration_000940,97,middle,2,1,calibration_000940_t2_c1,little,little_1,0,0.6,0.8,96,885543.5,885543.5,888629.625,968202.9375,990006.25,1035520.875,LO,955607,1385755,calibration
calibration_calibration_000940_16,calibration_000940,97,middle,2,2,calibration_000940_t2_c2,big,big_1,1,1.4,0.98,96,401616.2,401616.1875,377966.5,410072.0625,419126.625,438782.84375,LO,955607,1385755,calibration
calibration_calibration_000940_17,calibration_000940,97,middle,2,3,calibration_000940_t2_c3,little,little_0,1,0.9,0.86,96,578426.44,578426.4375,574028.0625,622153.625,636353.5,662423.75,LO,955607,1385755,calibration
calibration_calibration_000940_18,calibration_000940,97,middle,2,4,calibration_000940_t2_c4,big,big_1,2,1.8,1.06,96,393880.88,393880.875,356494.03125,386822.46875,395385.53125,414181.09375,LO,955607,1385755,calibration
calibration_calibration_000940_19,calibration_000940,97,middle,2,5,calibration_000940_t2_c5,little,little_1,2,1.2,0.93,96,484867.72,484867.71875,492596.5,534693.625,546891.1875,571025.75,LO,955607,1385755,calibration
calibration_calibration_000940_20,calibration_000940,97,middle,2,6,calibration_000940_t2_c6,big,big_1,3,2.2,1.15,96,394182.44,394182.4375,353078.90625,383203.6875,391725.28125,410446.8125,LO,955607,1385755,calibration
calibration_calibration_000940_21,calibration_000940,91,communication_heavy,3,0,calibration_000940_t3_c0,little,little_0,0,0.6,0.8,90,1127321.5,1127321.5,1148978.125,1270520.25,1302299.375,1405737.75,LO,955607,1385755,calibration
calibration_calibration_000940_22,calibration_000940,91,communication_heavy,3,1,calibration_000940_t3_c1,big,big_1,1,1.4,0.98,90,623490.4,623490.375,610632.875,663918.1875,680085.5,709045.875,LO,955607,1385755,calibration
calibration_calibration_000940_23,calibration_000940,91,communication_heavy,3,2,calibration_000940_t3_c2,little,little_0,1,0.9,0.86,90,952722.6,952722.625,943547.3125,1039376.0625,1063776.625,1123676.0,LO,955607,1385755,calibration
calibration_calibration_000940_24,calibration_000940,91,communication_heavy,3,3,calibration_000940_t3_c3,big,big_0,2,1.8,1.06,90,338280.25,338280.25,353454.0625,383516.0625,392003.5625,410662.25,LO,955607,1385755,calibration
calibration_calibration_000940_25,calibration_000940,91,communication_heavy,3,4,calibration_000940_t3_c4,little,little_0,2,1.2,0.93,90,647312.3,647312.3125,648854.125,706342.625,723918.75,755008.0,LO,955607,1385755,calibration
calibration_calibration_000940_26,calibration_000940,91,communication_heavy,3,5,calibration_000940_t3_c5,big,big_1,3,2.2,1.15,90,291129.75,291129.75,299687.375,325574.4375,332994.0625,349578.9375,LO,955607,1385755,calibration
calibration_calibration_000940_27,calibration_000940,91,communication_heavy,3,6,calibration_000940_t3_c6,little,little_1,3,1.5,1.0,90,512635.6,512635.59375,539193.125,586035.5,599926.25,626271.75,LO,955607,1385755,calibration
calibration_calibration_000940_28,calibration_000940,176,random,4,0,calibration_000940_t4_c0,big,big_0,1,1.4,0.98,175,110539.89,110539.890625,108918.953125,124118.609375,128305.859375,138788.84375,LO,955607,1385755,calibration
calibration_calibration_000940_29,calibration_000940,176,random,4,1,calibration_000940_t4_c1,little,little_0,1,0.9,0.86,175,191971.72,191971.71875,185995.4375,205092.9375,210851.546875,224110.0,LO,955607,1385755,calibration
calibration_calibration_000940_30,calibration_000940,176,random,4,2,calibration_000940_t4_c2,big,big_1,2,1.8,1.06,175,71004.766,71004.765625,69895.21875,83676.265625,87516.171875,97004.984375,LO,955607,1385755,calibration
calibration_calibration_000940_31,calibration_000940,176,random,4,3,calibration_000940_t4_c3,little,little_1,2,1.2,0.93,175,171690.25,171690.25,157721.0625,174800.8125,179800.0625,191624.4375,LO,955607,1385755,calibration
calibration_calibration_000940_32,calibration_000940,176,random,4,4,calibration_000940_t4_c4,big,big_1,3,2.2,1.15,175,58246.535,58246.53515625,57997.6875,71220.75,74979.109375,84097.765625,LO,955607,1385755,calibration
calibration_calibration_000940_33,calibration_000940,176,random,4,5,calibration_000940_t4_c5,little,little_1,3,1.5,1.0,175,133052.36,133052.359375,128565.21875,144293.75,148707.3125,159547.0625,LO,955607,1385755,calibration
calibration_calibration_000940_34,calibration_000940,176,random,4,6,calibration_000940_t4_c6,big,big_0,0,1.0,0.9,175,131981.4,131981.40625,130198.625,146271.21875,150879.84375,162101.65625,LO,955607,1385755,calibration
calibration_calibration_000940_35,calibration_000940,20,diverse_fill_1,5,0,calibration_000940_t5_c0,little,little_1,1,0.9,0.86,19,134962.2,134962.203125,131229.484375,147516.78125,152234.28125,163641.71875,LO,955607,1385755,calibration
calibration_calibration_000940_36,calibration_000940,20,diverse_fill_1,5,1,calibration_000940_t5_c1,big,big_1,2,1.8,1.06,19,49188.02,49188.01953125,50320.28125,63346.359375,67154.9375,76214.625,LO,955607,1385755,calibration
calibration_calibration_000940_37,calibration_000940,20,diverse_fill_1,5,2,calibration_000940_t5_c2,little,little_1,2,1.2,0.93,19,103100.734,103100.734375,105115.09375,120270.625,124477.859375,134992.5625,LO,955607,1385755,calibration
calibration_calibration_000940_38,calibration_000940,20,diverse_fill_1,5,3,calibration_000940_t5_c3,big,big_0,3,2.2,1.15,19,37161.3,37161.30078125,39754.546875,52316.609375,56064.484375,64795.4375,LO,955607,1385755,calibration
calibration_calibration_000940_39,calibration_000940,20,diverse_fill_1,5,4,calibration_000940_t5_c4,little,little_0,3,1.5,1.0,19,92312.62,92312.6171875,87654.921875,102306.09375,106323.515625,116395.453125,LO,955607,1385755,calibration
calibration_calibration_000940_40,calibration_000940,20,diverse_fill_1,5,5,calibration_000940_t5_c5,big,big_0,0,1.0,0.9,19,82246.37,82246.3671875,84214.6875,98891.671875,102971.4375,113131.53125,LO,955607,1385755,calibration
calibration_calibration_000940_41,calibration_000940,20,diverse_fill_1,5,6,calibration_000940_t5_c6,little,little_1,0,0.6,0.8,19,200928.33,200928.328125,216196.921875,238169.84375,244896.546875,260199.53125,LO,955607,1385755,calibration
calibration_calibration_000956_00,calibration_000956,1,source_like,0,0,calibration_000956_t0_c0,little,little_1,2,1.2,0.93,0,110178.38,110178.3828125,109350.640625,124631.109375,128901.453125,139523.40625,HI,7142284,7876515,calibration
calibration_calibration_000956_01,calibration_000956,1,source_like,0,1,calibration_000956_t0_c1,big,big_0,3,2.2,1.15,0,44970.543,44970.54296875,44299.703125,57047.46875,60816.234375,69680.78125,HI,7142284,7876515,calibration
calibration_calibration_000956_02,calibration_000956,1,source_like,0,2,calibration_000956_t0_c2,little,little_0,3,1.5,1.0,0,94536.34,94536.34375,87539.34375,102152.71875,106166.546875,116227.375,HI,7142284,7876515,calibration
calibration_calibration_000956_03,calibration_000956,1,source_like,0,3,calibration_000956_t0_c3,big,big_0,0,1.0,0.9,0,95824.77,95824.7734375,92547.984375,107475.203125,111618.265625,121979.53125,HI,7142284,7876515,calibration
calibration_calibration_000956_04,calibration_000956,1,source_like,0,4,calibration_000956_t0_c4,little,little_1,0,0.6,0.8,0,236651.77,236651.765625,233264.078125,256285.953125,263255.75,279112.28125,HI,7142284,7876515,calibration
calibration_calibration_000956_05,calibration_000956,1,source_like,0,5,calibration_000956_t0_c5,big,big_0,1,1.4,0.98,0,70633.625,70633.625,70906.015625,84902.71875,88827.5625,98490.1875,HI,7142284,7876515,calibration
calibration_calibration_000956_06,calibration_000956,1,source_like,0,6,calibration_000956_t0_c6,little,little_0,1,0.9,0.86,0,158299.83,158299.828125,154381.609375,171862.984375,177080.625,189363.671875,HI,7142284,7876515,calibration
calibration_calibration_000956_07,calibration_000956,5,sink_like,1,0,calibration_000956_t1_c0,big,big_0,3,2.2,1.15,4,110443.25,110443.25,113578.53125,128724.09375,132887.140625,143299.8125,HI,7142284,7876515,calibration
calibration_calibration_000956_08,calibration_000956,5,sink_like,1,1,calibration_000956_t1_c1,little,little_1,3,1.5,1.0,4,217188.22,217188.21875,218917.203125,239439.8125,245512.34375,259326.234375,HI,7142284,7876515,calibration
calibration_calibration_000956_09,calibration_000956,5,sink_like,1,2,calibration_000956_t1_c2,big,big_0,0,1.0,0.9,4,200776.83,200776.828125,198377.0,217800.75,223599.859375,236893.25,HI,7142284,7876515,calibration
calibration_calibration_000956_10,calibration_000956,5,sink_like,1,3,calibration_000956_t1_c3,little,little_1,0,0.6,0.8,4,402512.44,402512.4375,384079.375,415318.9375,423915.46875,442742.4375,HI,7142284,7876515,calibration
calibration_calibration_000956_11,calibration_000956,5,sink_like,1,4,calibration_000956_t1_c4,big,big_1,1,1.4,0.98,4,139734.31,139734.3125,135718.171875,151660.578125,156180.484375,167177.15625,HI,7142284,7876515,calibration
calibration_calibration_000956_12,calibration_000956,5,sink_like,1,5,calibration_000956_t1_c5,little,little_1,1,0.9,0.86,4,252792.83,252792.828125,254141.515625,276898.5,283520.59375,298499.0625,HI,7142284,7876515,calibration
calibration_calibration_000956_13,calibration_000956,5,sink_like,1,6,calibration_000956_t1_c6,big,big_0,2,1.8,1.06,4,120593.9,120593.8984375,122106.171875,137506.015625,141789.546875,152396.75,HI,7142284,7876515,calibration
calibration_calibration_000956_14,calibration_000956,72,middle,2,0,calibration_000956_t2_c0,little,little_1,3,1.5,1.0,71,163678.55,163678.546875,158723.734375,175816.40625,180796.34375,192584.21875,HI,7142284,7876515,calibration
calibration_calibration_000956_15,calibration_000956,72,middle,2,1,calibration_000956_t2_c1,big,big_1,0,1.0,0.9,71,213233.14,213233.140625,217602.625,238103.796875,244178.53125,258016.234375,HI,7142284,7876515,calibration
calibration_calibration_000956_16,calibration_000956,72,middle,2,2,calibration_000956_t2_c2,little,little_1,0,0.6,0.8,71,435174.25,435174.25,429445.9375,463684.5625,473138.25,493039.25,HI,7142284,7876515,calibration
calibration_calibration_000956_17,calibration_000956,72,middle,2,3,calibration_000956_t2_c3,big,big_1,1,1.4,0.98,71,145464.42,145464.421875,147069.84375,163598.125,168357.9375,179768.78125,HI,7142284,7876515,calibration
calibration_calibration_000956_18,calibration_000956,72,middle,2,4,calibration_000956_t2_c4,little,little_0,1,0.9,0.86,71,326230.47,326230.46875,334945.96875,363485.65625,371565.25,389450.15625,HI,7142284,7876515,calibration
calibration_calibration_000956_19,calibration_000956,72,middle,2,5,calibration_000956_t2_c5,big,big_0,2,1.8,1.06,71,131253.86,131253.859375,127082.796875,142713.375,147084.75,157844.96875,HI,7142284,7876515,calibration
calibration_calibration_000956_20,calibration_000956,72,middle,2,6,calibration_000956_t2_c6,little,little_1,2,1.2,0.93,71,221395.78,221395.78125,218560.25,239116.140625,245204.09375,259062.859375,HI,7142284,7876515,calibration
calibration_calibration_000956_21,calibration_000956,133,high_degree,3,0,calibration_000956_t3_c0,big,big_0,0,1.0,0.9,132,187257.94,187257.9375,194048.125,213157.3125,218839.78125,231915.53125,HI,7142284,7876515,calibration
calibration_calibration_000956_22,calibration_000956,133,high_degree,3,1,calibration_000956_t3_c1,little,little_0,0,0.6,0.8,132,423902.4,423902.40625,422129.09375,456568.5,466193.125,486541.0,HI,7142284,7876515,calibration
calibration_calibration_000956_23,calibration_000956,133,high_degree,3,2,calibration_000956_t3_c2,big,big_1,1,1.4,0.98,132,157985.0,157985.0,164107.40625,181515.6875,186622.0,198632.40625,HI,7142284,7876515,calibration
calibration_calibration_000956_24,calibration_000956,133,high_degree,3,3,calibration_000956_t3_c3,little,little_0,1,0.9,0.86,132,317572.72,317572.71875,328548.90625,356588.5,364532.53125,382167.90625,HI,7142284,7876515,calibration
calibration_calibration_000956_25,calibration_000956,133,high_degree,3,4,calibration_000956_t3_c4,big,big_0,2,1.8,1.06,132,130986.96,130986.9609375,134222.390625,150122.765625,154614.46875,165567.15625,HI,7142284,7876515,calibration
calibration_calibration_000956_26,calibration_000956,133,high_degree,3,5,calibration_000956_t3_c5,little,little_0,2,1.2,0.93,132,207130.48,207130.484375,210685.53125,230704.90625,236625.625,250161.203125,HI,7142284,7876515,calibration
calibration_calibration_000956_27,calibration_000956,133,high_degree,3,6,calibration_000956_t3_c6,big,big_1,3,2.2,1.15,132,107726.69,107726.6875,109542.9375,124522.25,128632.6875,138947.609375,HI,7142284,7876515,calibration
calibration_calibration_000956_28,calibration_000956,39,communication_heavy,4,0,calibration_000956_t4_c0,little,little_0,0,0.6,0.8,38,569172.6,569172.625,553359.0,597356.875,610058.1875,633638.25,HI,7142284,7876515,calibration
calibration_calibration_000956_29,calibration_000956,39,communication_heavy,4,1,calibration_000956_t4_c1,big,big_1,1,1.4,0.98,38,259449.16,259449.15625,242496.1875,264542.1875,271022.8125,285662.65625,HI,7142284,7876515,calibration
calibration_calibration_000956_30,calibration_000956,39,communication_heavy,4,2,calibration_000956_t4_c2,little,little_0,1,0.9,0.86,38,354124.06,354124.0625,347594.5625,377037.96875,385348.28125,403666.40625,HI,7142284,7876515,calibration
calibration_calibration_000956_31,calibration_000956,39,communication_heavy,4,3,calibration_000956_t4_c3,big,big_1,2,1.8,1.06,38,189643.48,189643.484375,184867.578125,203521.0,209066.625,221882.734375,HI,7142284,7876515,calibration
calibration_calibration_000956_32,calibration_000956,39,communication_heavy,4,4,calibration_000956_t4_c4,little,little_0,2,1.2,0.93,38,371084.06,371084.0625,355936.375,386283.59375,394873.40625,413682.875,HI,7142284,7876515,calibration
calibration_calibration_000956_33,calibration_000956,39,communication_heavy,4,5,calibration_000956_t4_c5,big,big_0,3,2.2,1.15,38,179801.8,179801.796875,158662.796875,175851.8125,180862.703125,192716.6875,HI,7142284,7876515,calibration
calibration_calibration_000956_34,calibration_000956,39,communication_heavy,4,6,calibration_000956_t4_c6,little,little_1,3,1.5,1.0,38,262445.5,262445.5,255193.75,278019.4375,284686.3125,299707.78125,HI,7142284,7876515,calibration
calibration_calibration_000956_35,calibration_000956,91,random,5,0,calibration_000956_t5_c0,big,big_1,1,1.4,0.98,90,127341.734,127341.734375,134594.21875,150593.25,155132.546875,166181.3125,HI,7142284,7876515,calibration
calibration_calibration_000956_36,calibration_000956,91,random,5,1,calibration_000956_t5_c1,little,little_0,1,0.9,0.86,90,259492.52,259492.515625,245487.609375,267754.4375,274270.9375,289035.59375,HI,7142284,7876515,calibration
calibration_calibration_000956_37,calibration_000956,91,random,5,2,calibration_000956_t5_c2,big,big_1,2,1.8,1.06,90,105669.55,105669.546875,109039.203125,124083.171875,128213.25,138573.796875,HI,7142284,7876515,calibration
calibration_calibration_000956_38,calibration_000956,91,random,5,3,calibration_000956_t5_c3,little,little_1,2,1.2,0.93,90,190948.64,190948.640625,187749.75,206567.875,212184.609375,225131.09375,HI,7142284,7876515,calibration
calibration_calibration_000956_39,calibration_000956,91,random,5,4,calibration_000956_t5_c4,big,big_1,3,2.2,1.15,90,76193.766,76193.765625,75242.4375,89176.078125,93033.171875,102648.03125,HI,7142284,7876515,calibration
calibration_calibration_000956_40,calibration_000956,91,random,5,5,calibration_000956_t5_c5,little,little_1,3,1.5,1.0,90,151614.31,151614.3125,149177.90625,165839.84375,170659.453125,182174.5,HI,7142284,7876515,calibration
calibration_calibration_000956_41,calibration_000956,91,random,5,6,calibration_000956_t5_c6,big,big_1,0,1.0,0.9,90,179469.33,179469.328125,183879.9375,202525.765625,208100.5625,220983.703125,HI,7142284,7876515,calibration
calibration_calibration_000983_00,calibration_000983,1,source_like,0,0,calibration_000983_t0_c0,little,little_0,0,0.6,0.8,0,249392.86,249392.859375,264598.09375,289181.25,296347.65625,312813.65625,LO,4273810,5014418,calibration
calibration_calibration_000983_01,calibration_000983,1,source_like,0,1,calibration_000983_t0_c1,big,big_0,1,1.4,0.98,0,78310.66,78310.65625,78817.34375,93082.5,97034.578125,106872.15625,LO,4273810,5014418,calibration
calibration_calibration_000983_02,calibration_000983,1,source_like,0,2,calibration_000983_t0_c2,little,little_1,1,0.9,0.86,0,166179.69,166179.6875,172953.890625,191645.28125,197342.0,210490.875,LO,4273810,5014418,calibration
calibration_calibration_000983_03,calibration_000983,1,source_like,0,3,calibration_000983_t0_c3,big,big_1,2,1.8,1.06,0,62138.523,62138.5234375,60145.5,73541.96875,77349.9375,86598.21875,LO,4273810,5014418,calibration
calibration_calibration_000983_04,calibration_000983,1,source_like,0,4,calibration_000983_t0_c4,little,little_0,2,1.2,0.93,0,136473.69,136473.6875,136641.546875,152792.21875,157443.53125,168678.0,LO,4273810,5014418,calibration
calibration_calibration_000983_05,calibration_000983,1,source_like,0,5,calibration_000983_t0_c5,big,big_0,3,2.2,1.15,0,51656.84,51656.83984375,52615.578125,65710.875,69496.734375,78557.984375,LO,4273810,5014418,calibration
calibration_calibration_000983_06,calibration_000983,1,source_like,0,6,calibration_000983_t0_c6,little,little_1,3,1.5,1.0,0,102860.875,102860.875,107055.0,122153.984375,126310.390625,136724.0,LO,4273810,5014418,calibration
calibration_calibration_000983_07,calibration_000983,2,sink_like,1,0,calibration_000983_t1_c0,big,big_1,1,1.4,0.98,1,182241.02,182241.015625,176972.46875,195042.765625,200372.21875,212785.625,LO,4273810,5014418,calibration
calibration_calibration_000983_08,calibration_000983,2,sink_like,1,1,calibration_000983_t1_c1,little,little_1,1,0.9,0.86,1,278655.34,278655.34375,263206.9375,286476.09375,293196.25,308390.9375,LO,4273810,5014418,calibration
calibration_calibration_000983_09,calibration_000983,2,sink_like,1,2,calibration_000983_t1_c2,big,big_0,2,1.8,1.06,1,160988.9,160988.90625,162838.296875,180184.390625,185256.734375,197210.0,LO,4273810,5014418,calibration
calibration_calibration_000983_10,calibration_000983,2,sink_like,1,3,calibration_000983_t1_c3,little,little_1,2,1.2,0.93,1,273562.75,273562.75,268161.625,291802.03125,298637.0625,314034.40625,LO,4273810,5014418,calibration
calibration_calibration_000983_11,calibration_000983,2,sink_like,1,4,calibration_000983_t1_c4,big,big_1,3,2.2,1.15,1,156368.23,156368.234375,159381.796875,176600.34375,181617.71875,193482.78125,LO,4273810,5014418,calibration
calibration_calibration_000983_12,calibration_000983,2,sink_like,1,5,calibration_000983_t1_c5,little,little_0,3,1.5,1.0,1,246952.03,246952.03125,249767.421875,272192.75,278737.375,293516.5,LO,4273810,5014418,calibration
calibration_calibration_000983_13,calibration_000983,2,sink_like,1,6,calibration_000983_t1_c6,big,big_0,0,1.0,0.9,1,234930.28,234930.28125,233274.140625,254676.78125,260953.15625,275216.125,LO,4273810,5014418,calibration
calibration_calibration_000983_14,calibration_000983,31,middle,2,0,calibration_000983_t2_c0,little,little_0,1,0.9,0.86,30,415901.28,415901.28125,380966.5,413098.8125,422150.0,441760.375,LO,4273810,5014418,calibration
calibration_calibration_000983_15,calibration_000983,31,middle,2,1,calibration_000983_t2_c1,big,big_1,2,1.8,1.06,30,207145.75,207145.75,202934.34375,222622.0625,228487.46875,241906.34375,LO,4273810,5014418,calibration
calibration_calibration_000983_16,calibration_000983,31,middle,2,2,calibration_000983_t2_c2,little,little_1,2,1.2,0.93,30,342953.47,342953.46875,325426.03125,353244.3125,361145.46875,378678.25,LO,4273810,5014418,calibration
calibration_calibration_000983_17,calibration_000983,31,middle,2,3,calibration_000983_t2_c3,big,big_0,3,2.2,1.15,30,143127.19,143127.1875,139497.25,155575.25,160150.21875,171231.40625,LO,4273810,5014418,calibration
calibration_calibration_000983_18,calibration_000983,31,middle,2,4,calibration_000983_t2_c4,little,little_1,3,1.5,1.0,30,335448.47,335448.46875,295120.3125,320708.09375,328056.375,344470.1875,LO,4273810,5014418,calibration
calibration_calibration_000983_19,calibration_000983,31,middle,2,5,calibration_000983_t2_c5,big,big_0,0,1.0,0.9,30,309528.9,309528.90625,306515.4375,332900.90625,340425.25,357240.875,LO,4273810,5014418,calibration
calibration_calibration_000983_20,calibration_000983,31,middle,2,6,calibration_000983_t2_c6,little,little_0,0,0.6,0.8,30,520968.78,520968.78125,506319.75,546618.375,558049.75,580393.875,LO,4273810,5014418,calibration
calibration_calibration_000983_21,calibration_000983,17,communication_heavy,3,0,calibration_000983_t3_c0,big,big_1,2,1.8,1.06,16,252227.66,252227.65625,260083.640625,283227.0625,289965.28125,305144.0,LO,4273810,5014418,calibration
calibration_calibration_000983_22,calibration_000983,17,communication_heavy,3,1,calibration_000983_t3_c1,little,little_0,2,1.2,0.93,16,555029.06,555029.0625,563465.875,611957.4375,626384.25,653163.5,LO,4273810,5014418,calibration
calibration_calibration_000983_23,calibration_000983,17,communication_heavy,3,2,calibration_000983_t3_c2,big,big_0,3,2.2,1.15,16,215235.89,215235.890625,227924.4375,249053.34375,255291.28125,269450.78125,LO,4273810,5014418,calibration
calibration_calibration_000983_24,calibration_000983,17,communication_heavy,3,3,calibration_000983_t3_c3,little,little_1,3,1.5,1.0,16,381256.06,381256.0625,390856.625,424185.375,433619.875,453891.5625,LO,4273810,5014418,calibration
calibration_calibration_000983_25,calibration_000983,17,communication_heavy,3,4,calibration_000983_t3_c4,big,big_1,0,1.0,0.9,16,479204.28,479204.28125,464296.5,503718.53125,515021.5,537961.125,LO,4273810,5014418,calibration
calibration_calibration_000983_26,calibration_000983,17,communication_heavy,3,5,calibration_000983_t3_c5,little,little_1,0,0.6,0.8,16,853092.56,853092.5625,876839.0,954791.4375,976340.75,1020385.5625,LO,4273810,5014418,calibration
calibration_calibration_000983_27,calibration_000983,17,communication_heavy,3,6,calibration_000983_t3_c6,big,big_1,1,1.4,0.98,16,447776.34,447776.34375,470893.3125,511151.375,522746.75,546124.75,LO,4273810,5014418,calibration
calibration_calibration_000983_28,calibration_000983,16,random,4,0,calibration_000983_t4_c0,little,little_0,2,1.2,0.93,15,210712.84,210712.84375,221375.703125,242079.375,248197.640625,262119.859375,LO,4273810,5014418,calibration
calibration_calibration_000983_29,calibration_000983,16,random,4,1,calibration_000983_t4_c1,big,big_0,3,2.2,1.15,15,81431.31,81431.3125,81406.5625,95542.765625,99435.875,109203.484375,LO,4273810,5014418,calibration
calibration_calibration_000983_30,calibration_000983,16,random,4,2,calibration_000983_t4_c2,little,little_1,3,1.5,1.0,15,163765.53,163765.53125,158887.4375,176047.3125,181060.359375,192912.734375,LO,4273810,5014418,calibration
calibration_calibration_000983_31,calibration_000983,16,random,4,3,calibration_000983_t4_c3,big,big_1,0,1.0,0.9,15,174077.66,174077.65625,183285.8125,201925.46875,207504.5,220390.578125,LO,4273810,5014418,calibration
calibration_calibration_000983_32,calibration_000983,16,random,4,4,calibration_000983_t4_c4,little,little_0,0,0.6,0.8,15,410227.2,410227.1875,423242.625,456825.71875,466029.625,485522.0625,LO,4273810,5014418,calibration
calibration_calibration_000983_33,calibration_000983,16,random,4,5,calibration_000983_t4_c5,big,big_0,1,1.4,0.98,15,129923.97,129923.96875,130745.734375,146536.109375,151000.46875,161916.5625,LO,4273810,5014418,calibration
calibration_calibration_000983_34,calibration_000983,16,random,4,6,calibration_000983_t4_c6,little,little_0,1,0.9,0.86,15,260712.95,260712.953125,246826.453125,269157.625,275684.03125,290468.25,LO,4273810,5014418,calibration
calibration_calibration_000983_35,calibration_000983,10,diverse_fill_1,5,0,calibration_000983_t5_c0,big,big_0,3,2.2,1.15,9,163651.81,163651.8125,173161.34375,191093.4375,196380.96875,208724.15625,LO,4273810,5014418,calibration
calibration_calibration_000983_36,calibration_000983,10,diverse_fill_1,5,1,calibration_000983_t5_c1,little,little_0,3,1.5,1.0,9,332107.22,332107.21875,320208.6875,347699.8125,355533.96875,372922.125,LO,4273810,5014418,calibration
calibration_calibration_000983_37,calibration_000983,10,diverse_fill_1,5,2,calibration_000983_t5_c2,big,big_0,0,1.0,0.9,9,344285.16,344285.15625,351543.40625,381450.46875,389899.65625,408486.71875,LO,4273810,5014418,calibration
calibration_calibration_000983_38,calibration_000983,10,diverse_fill_1,5,3,calibration_000983_t5_c3,little,little_0,0,0.6,0.8,9,692774.94,692774.9375,769906.75,833983.9375,853148.5625,886278.8125,LO,4273810,5014418,calibration
calibration_calibration_000983_39,calibration_000983,10,diverse_fill_1,5,4,calibration_000983_t5_c4,big,big_1,1,1.4,0.98,9,247339.72,247339.71875,266683.21875,290274.75,297123.875,312535.71875,LO,4273810,5014418,calibration
calibration_calibration_000983_40,calibration_000983,10,diverse_fill_1,5,5,calibration_000983_t5_c5,little,little_1,1,0.9,0.86,9,462696.1,462696.09375,474159.1875,514137.96875,525582.5,548652.75,LO,4273810,5014418,calibration
calibration_calibration_000983_41,calibration_000983,10,diverse_fill_1,5,6,calibration_000983_t5_c6,big,big_1,2,1.8,1.06,9,183284.61,183284.609375,192316.46875,211346.875,216998.734375,230015.875,LO,4273810,5014418,calibration
